date,age_wf,ami_v_wf,ami_wf,ar_sprd_wf,b_amd_m_wf,b_amd_wf,b_coskew_wf,b_cpi_vol6_wf,b_cptlt_wf,b_credit_wf,b_crf_wf,b_dcpi_wf,b_dcredit_wf,b_defb_wf,b_drf_wf,b_dunc3_wf,b_dunc6_wf,b_dunc_wf,b_duncf_wf,b_duncr_wf,b_dvix_dn_wf,b_dvix_up_wf,b_dvix_va_wf,b_dvix_vp_wf,b_dvix_wf,b_dvixd_wf,b_epu_wf,b_epum_wf,b_eput_wf,b_illiq_wf,b_lrf_wf,b_lvl_wf,b_mktb_dn_wf,b_mktb_mkt_wf,b_mktb_up_wf,b_mktb_wf,b_mktbx_dcapm_wf,b_mktrf_mkt_wf,b_psb_m_wf,b_psb_wf,b_rsj_wf,b_rvol_wf,b_term_dcapm_wf,b_termb_wf,b_unc_wf,b_vix_wf,b_ysp_wf,bbtm_wf,convx_wf,cs_mu12_1_wf,cs_sprd_wf,cs_wf,db_mkt_wf,dcs6_wf,dkurt_wf,dskew_wf,dvol_idio_wf,dvol_sys_wf,dvol_wf,es_90_wf,idimom12_1_wf,idimom3_1_wf,idimom6_1_wf,ilq_wf,iltr24_3_wf,iltr30_6_wf,iltr48_12_wf,imom12_1_wf,imom1_wf,imom3_1_wf,iskew_wf,ivol_bbw_wf,ivol_mkt_wf,ivol_vp_wf,lix_wf,ltr24_3_wf,ltr30_6_wf,ltr48_12_wf,md_dur_wf,mom12_1_wf,mom12_7_wf,mom3_1_wf,mom6_1_wf,mom9_1_wf,p_fht_wf,p_zro_wf,pi_wf,rkt_wf,roll_wf,rsj_wf,rsk_wf,rvol_wf,spd_abs_wf,spd_rel_wf,str_wf,sysmom12_1_wf,sysmom3_1_wf,sysmom6_1_wf,sze_wf,tmat_wf,val_hz_dts_wf,val_hz_wf,val_ipr_dts_wf,val_ipr_wf,var_90_wf,var_95_wf,vov_wf,ytm_wf
1973-01-31,,,,,,,,,,,,,,,,,,,,,,,,,,,,,,,,,,,,,,,,,,,,,,,,,,,,,,,,,,,,,,,,,,,,,,,,,,,,,,,,,,,,,,,,,,,,,,,,,,,,,,,,,,,,
1973-02-28,-0.0001502606189,,,,,,,,,,,,,,,,,,,,,,,,,,,,,,,,,,,,,,,,,,,,,,,0.0005811167589,0.001202963805,,,-0.001220292411,,,,,,,,,,,,,,,,,,,,,,,,,,,0.001336502138,,,,,,,,,,,,,,,,,,,,-0.0005475947254,0.0003889194387,,,,,,,,-0.001048843749
1973-03-31,-0.0002513101913,,,,,,,,,,,,,,,,,,,,,,,,,,,,,,,,,,,,,,,,,,,,,,,-0.0002349874221,0.0005334608539,,,-0.000399197171,,,,,,,,,,,,,,,,,,,,,,,,,,,0.0006940484445,,,,,,,,,,,,,,,,-0.001099834545,,,,0.0007851934714,0.0001623764616,,,,,,,,-0.0001859214536
1973-04-30,0.003086832494,,,,,,,,,,,,,,,,,,,,,,,,,,,,,,,,,,,,,,,,,,,,,,,0.0039494529,0.001764620416,,,-0.002581835159,,,,,,,,,,,,,,,,,-0.0006355096101,,,,,,,,,,0.002519879237,,,,,,,,,,,,,,,,0.001333133655,,,,0.0007502932141,-0.002839059912,,,,,,,,-0.00302057231
1973-05-31,-0.002827160899,,,,,,,,,,,,,,,,,,,,,,,,,,,,,,,,,,,,,,,,,,,,,,,-0.005041220844,0.001898240247,,,-0.002462864124,,,,,,,,,,,,,,,,,0.0008555451838,0.001077522194,,,,,,,,,0.001293399922,,,0.003574591721,,,,,,,,,,,,,-0.005078250866,,,,-0.00210269512,0.002682850089,,,,,,,,-0.002776391188
1973-06-30,0.004367189661,,,,,,,,,,,,,,,,,,,,,,,,,,,,,,,,,,,,,,,,,,,,,,,0.002205817739,-0.005366331421,,,0.003948816316,,,,,,,,,,,,,,,,,0.001396079847,0.002417511473,,,,,,,,,-0.005345938101,,,-0.003147789826,,,,,,,,,,,,,-0.001335967287,,,,0.003415839724,-0.00423235561,,,,,,,,0.00367994888
1973-07-31,-0.002838527272,,,,,,,,,,,,,,,,,,,,,,,,,,,,,,,,,,,,,,,,,,,,,,,-0.004815132052,0.001109712342,,,-0.002904930585,,-0.001817635465,,,,,,,,,,,,,,,0.005045849281,0.002359522579,,,,,,,,,0.001920797765,,,0.006353595134,,,,,,,,,,,,,-0.0006215448964,,,,-0.002821333258,0.003354157385,0.00712608679,0.00650933151,0.006668565954,0.006589292561,,,,-0.002600419827
1973-08-31,0.006076078285,,,,,,,,,,,,,,,,,,,,,,,,,,,,,,,,,,,,,,,,,,,,,,,0.008742407957,-0.0001523901396,-0.00213793359,,-0.0004477859467,,-0.007134317636,,,,,,,,,,,,,,,-0.00240223571,-0.001249053072,,,,,,,,,0.00228929616,,,-0.003732345871,-0.003690713115,,,,,,,,,,,,-0.009072106261,,,,-0.002138777362,-0.006104981369,-0.005486112362,-0.006008630775,-0.003549761468,-0.004436747557,,,,-0.00100592394
1973-09-30,-0.007456754164,,,,,,,,,,,,,,,,,,,,,,,,,,,,,,,,,,,,,,,,,,,,,,,-0.006558277168,0.003553647173,0.0005541455587,,0.002782831599,,-0.002845121389,,,,,,,,,,,,,,,-0.005228937143,-0.003057727396,,,,,,,,,3.683590308e-05,,,0.002571771986,0.004726929067,,,,,,,,,,,,-0.00925205087,,,,0.002841121392,0.007423878692,0.0001173548378,0.002682591035,-0.001797654377,0.0003048387343,,,,0.003001740609
1973-10-31,0.004065882374,,,,,,,,,,,,,,,,,,,,,,,,,,,,,,,,,,,,,,,,,,,,,,,-0.0006323834802,-0.007144653985,0.005930861163,,0.00580322696,,-0.001653908219,,,,,,,,,,,,,,,-0.00458508735,0.0007158738188,,,,,,,,,-0.007349430801,,,-0.003811721108,-0.001583006074,,,,,,,,,,,,-0.005119978667,,,,0.002691753293,-0.004733635228,0.001095074205,0.001085590441,-0.0009011827537,-0.0005338426987,,,,0.004840405384
1973-11-30,0.003612325871,,,,,,,,,,,,,,,,,,,,,,,,,,,,,,,,,,,,,,,,,,,,,,,0.004217369077,-0.0008438483439,-0.00197867763,,-0.002034919215,,-0.003354506275,,,,,,,,,,,,,,,0.0004344915413,0.0002100807189,,,,,,,,,0.0003632541716,,,0.0001069926829,-0.00257193035,-0.002815902565,,,,,,,,,,,-0.0006866311811,,,,-0.003497079918,-0.002641961744,-0.001067125191,-0.001427673321,-0.0004841058145,-0.0007632972313,,,,-0.002757843512
1973-12-31,-0.007163400914,,,,,,,,,,,,,,,,,,,,,,,,,,,,,,,,,,,,,,,,,,,,,,,-0.009086957233,0.003323547065,0.003127091215,,0.002982372469,,0.0005604440158,,,,,,,,,,,,,,,0.0008948842594,0.0008948842594,,,,,,,,,-0.001661838641,,,0.00576714761,0.00372457727,0.00385092224,,,,,,,,,,,-0.009384762462,,,,0.003884252904,0.008004024144,0.003272030494,0.004797214286,0.002564341888,0.003982676971,,,,0.003616428843
1974-01-31,0.003522124076,,,,,,,,,,,,,,,,,,,,,,,,,,,,,,,,,,,,,,,,,,,,,,,0.004797438263,-7.222863612e-05,-0.002623722463,,-0.0006992600194,,-0.003544252444,,,,,,,,,,,,,,,-0.0005999618452,-0.0007382419601,,,,,,,,,0.00197327027,,,0.002379519061,0.002147121427,-0.0004081800198,,,,,,,,,,,-0.003627269092,,,,-0.003278648163,-0.002382742842,0.0003795786779,0.0004534322384,0.001074736223,0.0008533670227,,,,-0.0008823763475
1974-02-28,0.0003462902762,,,,,,0.00168401302,3.721650822e-06,1.783731265e-05,-5.403351253e-05,,0.0001860481237,-0.0003496379674,-0.0005790484146,,-0.0003686773394,0.0002438825647,-0.0001363163653,-0.0006605949578,0.00066661963,,,,,,,,,,,,0.0005505973244,-0.000980412255,-0.00113958615,-0.0003007899453,-0.001184046756,-0.0006139520274,0.000785123738,,,,,-0.0002465444507,-0.0006846834374,-6.102376696e-06,,-0.0002724736678,-0.0007698000868,-0.001038932666,0.001388839531,,0.001201199267,,-0.0006429378659,,,,,,-0.0008382646801,0.0006197136459,0.0008199732049,0.0002271720969,,0.001663782052,0.001663782052,0.001663782052,0.002443869415,0.002786138542,0.002786138542,0.001366662847,,0.0005678724374,,,-0.0003326424087,-0.0003326424087,-0.0003326424087,-0.001052981132,0.000450188286,-0.0008076579629,0.001022762982,0.0002146735286,0.0008628847201,,,,,,,,,,,-0.0001224271892,0.0002867320105,0.00032444616,0.0007643462088,-0.0006803146436,0.000170118665,0.001258158237,0.001467025748,0.00103653761,0.001315997188,-0.0003193075227,-0.001304273293,,0.0009625777819
1974-03-31,-0.002251664937,,,,,,0.00131088231,0.003720988027,0.006085970697,0.003657676396,0.006081341508,0.005181213352,0.003864087996,-0.006238909504,,-0.00627944913,0.001879786944,-0.003930419189,-0.005635301762,0.003170836658,,,,,,,,,,,,-0.002323154259,-0.006111032798,-0.003761598269,-0.005639085884,-0.001180465466,-0.00631160511,0.006290009197,,,,,-0.005994819824,-0.005132487184,-0.00188851814,,0.0009101928314,-0.005290994356,-0.001939800229,0.003307822639,,0.004056537691,,0.00588521026,,,,,,-0.00312911385,0.00371789128,0.005435488258,0.005591327046,,-0.0002009585169,-0.0002009585169,-0.0002009585169,0.0005280938391,0.0006401114496,0.001236836819,0.001750467531,,-0.001228503133,,,0.002483763066,0.002483763066,0.002483763066,-0.004476484493,0.004492651433,0.005360454822,0.00550356582,0.006077274447,0.004701007321,,,,,,,,,,,0.003169108642,0.005468863389,0.004945477364,0.003878377398,0.004804092757,0.004753234316,0.002342697956,0.002233007404,0.001153341577,0.001279976885,-0.002957973142,-0.002935215676,,0.004651352334
1974-04-30,-0.001628927862,,,,,,-0.003059026524,-0.00017434327,-0.003250368935,0.003165006956,-0.00529606049,-0.003414387343,0.002686233453,0.006571690794,,0.003874885003,0.007419555879,0.003219703441,0.0004026697464,0.001679439578,,,,,,,,,,,,-0.001326353186,0.003489976653,0.001490023619,0.002347391387,-0.0008835396037,0.005478482312,-0.001776456091,,,,,0.003563214361,0.004125662276,0.0003674412266,,0.002012092578,0.0006391443987,0.002136562589,-0.002638941796,,0.0004663077235,,-0.0006500550687,,,,,,-0.0008461468446,0.004933201201,0.001793346278,0.002837950324,,0.002854142619,0.002854142619,0.002854142619,0.002350939852,-0.0007458064291,0.002442197859,0.001432981091,,-0.004605016368,,,-0.001509604752,-0.001509604752,-0.001509604752,0.0005270774833,-0.001918607214,-0.001035430684,0.00403206644,-0.004702216824,-0.0001531885512,,,,,,,,,,,-0.007661786916,-0.00712857689,-0.00371056829,-0.004709655042,-0.001498272252,0.0005693400891,0.002156252502,0.002224985335,0.002060883214,0.001810408039,-0.001731908797,-0.0007375478893,,0.0007538651291
1974-05-31,0.002046512056,,,,,,0.00490992484,-0.0001439360295,-0.0006543028576,-0.0003331438812,0.003428612218,0.004280680668,-0.00213393574,-0.005098293734,,-0.005962195519,-0.004195458426,-0.004932832735,-0.001638802612,-0.003880038431,,,,,,,,,,,,-7.075905163e-05,-0.003655940602,-0.003568690559,-0.0063350478,-0.001315209912,-0.006561492492,0.005094350982,,,,,-0.005077354556,-0.006383499546,-0.0006194756505,,-0.001900088812,-0.002001434517,-0.003414491779,0.002773504475,,0.002100460022,,0.00238352431,,,,,,-0.005799198159,0.00229135777,0.004098584678,0.002331697127,,0.01162997149,0.01162997149,0.01162997149,0.01015214595,-0.004398935232,-0.005839858405,0.007043031909,,0.001130782244,,,0.006288660489,0.006288660489,0.006288660489,-0.004766773254,0.004757812901,0.005372237717,0.004591046719,0.003582019613,0.003644603948,,,,,,,,,,,-0.004602508069,0.004856934452,0.005445738045,0.005838920052,-3.902039423e-05,-0.001845628954,0.002293145466,0.001593176799,-8.824774272e-05,-0.0002387762366,-0.0006205437272,-0.005499142375,,0.001167183483
1974-06-30,-0.0005762834059,,,,,,0.001442859508,0.0003709617845,-0.003580049244,-0.0007744722901,0.0009024242437,0.005484980772,0.002515194287,-0.00649958628,,-0.008129698905,-0.004677114578,-0.006683958365,-0.004382511518,-0.004733251034,,,,,,,,,,,,0.002098549471,-0.002641450339,-0.004428576951,-0.007682257905,-0.001960522925,-0.006224042074,0.006587420813,,,,,-0.002987662543,-0.005995226205,0.001976407469,,-0.0001108441098,-0.005707375643,-0.00186605596,0.00293137838,,0.002069770966,,0.004733144788,,,,,,-0.005826469909,-0.003247521825,0.004470052689,0.002446373172,,-0.005504861958,-0.005504861958,-0.002828407452,-0.005843061905,-0.01107151695,-0.01107151695,0.00342129576,,-0.0006451251749,,,0.00709411343,0.00709411343,0.006448394553,-0.004433444065,0.007453161283,0.005472308052,0.006442975044,0.007526288569,0.008109284598,,,,,,,,,,,0.003340888791,0.007846555356,0.006238517159,0.007376999253,0.001679942409,0.0009669204033,0.00292220977,0.00271099739,-0.001066704975,-0.001087867409,-0.002988711171,-0.006898628221,,0.001705350725
1974-07-31,0.0005298352385,,,,,,0.001665512716,-0.002204175097,-0.002222068086,-0.0004752939164,-0.001363696565,0.002083311291,0.001010633385,-0.002168966713,,-0.001558317827,-0.002473558101,-0.002256085769,-0.001575014208,-0.001258058786,,,,,,,,,,,,0.001653340421,-0.002279129233,-0.0005366473074,-0.002476064328,-0.0003458851353,-0.000337628847,0.001474083665,,,,,-0.0002564155863,-0.002355166294,0.001500255306,,0.001135461429,-0.001059194283,-0.001215098601,0.0008838021269,,0.001418299248,,0.001945591208,,,,,,-0.002448754099,0.0002278487357,0.002219649046,8.634096181e-05,,0.007836780916,0.007836780916,0.008320374611,0.008099748094,0.00716484077,0.01001784051,0.00185617372,,-0.001709693735,,,0.002097009701,0.002097009701,0.002242746329,-0.001059598365,0.00289369703,0.0005931956167,0.001867782254,0.00258806089,0.003285723145,,,,,,,,,,,0.001095313957,0.00246011222,0.002783343393,0.002549035916,-0.001277300798,0.0005823400519,0.002724929516,0.002813915094,0.001434587223,0.001785706586,-0.002921171176,-0.002088785695,,0.0006452601203
1974-08-31,-0.003130103907,,,,,,0.003044014386,0.001299426886,-0.0006016855631,0.003743473252,-0.001918310749,0.002178447993,0.001776023619,-0.002099811019,,-0.003094043551,-0.001576446643,-0.002110630606,-0.006209748648,-0.001455199458,,,,,,,,,,,,0.0008819657794,-0.00328063137,0.001782720073,-0.001205735584,0.002463987237,0.001520640517,0.003530115294,,,,,-0.004098609373,-0.002394995192,0.003582109713,,-0.002123686168,-0.001867300524,0.002175663588,-0.001541503151,,0.001507905084,,0.003574628984,,,,,,-0.0008211499466,0.0007598353244,0.001882995426,0.003245693471,,-0.00193693748,-0.00161150357,-0.00161150357,-0.000509035128,-0.0002342293768,-0.0001836012181,-0.001101323772,,-0.001948267912,,,0.001306978678,0.002704549024,0.002703614096,-0.002111421283,0.002000013623,0.0006725770111,0.0007585759351,0.00248819084,0.00226567097,,,,,,,,,,,0.0007224239891,0.0005773547044,-0.002850147055,0.0002805192963,-0.0003816126698,0.004954162428,-0.00065974605,-0.0005267677629,-0.00191737312,-0.001984631215,-6.452958585e-05,-0.0006372944264,,0.003289260086
1974-09-30,0.00470454372,,,,,,-0.004336585572,0.001410586407,2.629473592e-06,-0.001941728535,-0.0003211209723,-0.001718463734,-0.001121625848,0.001670143992,,0.001606946587,0.002606649858,0.001391991536,0.002672774866,-0.002604067203,,,,,,,,,,,,-0.003271129093,0.005089275811,-0.001489106741,0.001041357497,-0.001993219747,0.002122939491,-0.001026789492,,,,,0.004457449561,0.004356177057,-0.004647716833,,0.003700455304,0.006612527413,-0.001334980351,-0.002627651228,,-0.0003057339912,,-0.006080268617,,,,,,0.0007918926264,-0.001686431776,-0.003249892155,-0.00264805366,,-0.002596912461,-0.002596912461,-0.002596912461,-0.00272244889,-0.008210305835,-0.01120053311,-0.0009535948001,,0.001104794225,,,-0.001261630278,-0.001338794897,-0.001685076425,0.001998305301,-0.001773277227,-0.002540867938,-0.002492399079,-0.002238052238,-0.00166606791,,,,,,,,,,,-0.005581844587,-0.002322957535,0.001094691557,-0.0004822369122,-0.004490609946,-0.003372071676,-0.002633303809,-0.002450746573,0.001921492505,0.002032958652,0.001269423843,0.0009215247714,,-0.002085333246
1974-10-31,0.001497915433,,,,,,-0.004299860826,-0.0004915251148,0.003262128594,0.005977248069,0.000926305898,-0.001397157005,2.867332299e-05,0.003311465282,,0.002771720823,0.00288771294,0.002683039769,0.003995400196,0.0002894236984,,,,,,,,,,,,-0.002628201511,0.003031692175,0.00711974185,0.0005915940655,0.006061628427,0.009975080054,0.0002869843422,,,,,-0.001253111283,-0.001606074928,0.001504631809,,0.0004375737792,0.002913033261,0.001673222707,-0.0007866436364,,-0.0005327809311,,-0.002372288156,,,,,,0.002853711011,-0.001939327542,0.006647951675,-0.00317948796,,0.01165213707,0.008792539131,0.008792539131,0.01099975093,0.008364959306,0.009042014852,0.002819267974,,-0.002233461413,,,-0.002006493244,-0.001172538703,-0.0004180267756,0.004467208543,-0.003006797427,-0.002371666085,0.0007895934877,-0.002818274435,-0.00235625851,,,,,,,,,,,-0.0009325053449,-0.001979989793,-0.002354149246,-0.001541307118,-0.005992858834,-0.0001805226059,-0.0006035990917,-0.0004886076254,0.006358086071,0.006319995634,-0.003600810215,0.001335762795,,-0.001513478268
1974-11-30,0.01344462378,,,,,,-0.01522861251,0.00982057257,0.001770532245,-0.01128918193,0.009149912678,-0.009627745791,-0.01063478196,-0.01692561146,,0.004570590359,0.01131208748,-0.01197019088,-0.004421275448,-0.01534104042,,,,,,,,,,,,-0.01249910086,0.01253506385,-0.01456687257,-0.01613283489,-0.01537076474,-0.01736307258,-0.008930702476,,,,,0.01076348332,0.008598462868,-0.01536408598,,-0.009019810678,0.01310037879,-0.01226426107,0.006724220479,,0.009831534425,,-0.008270691714,,,,,,0.00680015479,-0.01114747589,-0.01113345709,-0.006270204196,,-0.01663649868,-0.01476181286,-0.01766376784,-0.01521754145,0.01413636374,0.01399532599,-0.005254652994,,0.01140289745,,,-0.004599265327,-0.004293757286,-0.004338878148,-0.006998837787,-0.003226916583,-0.00481904422,-0.007437334711,-0.002966949213,-0.003272838605,,,,,,,,,,,-0.01152712381,-0.005154984951,-0.007654597175,-0.004238927127,0.003423465615,-0.01012074504,-0.009745067037,-0.009929459076,-0.002324840349,-0.001819696425,0.01269494764,0.009579379458,,0.006777828232
1974-12-31,-0.004118087417,,,,,,0.007786672192,-0.008808798357,-0.004370088192,-0.006090782086,-0.006432275679,0.009423244286,-0.005139221817,0.008436702561,,-0.004476210833,-0.005786812051,-0.006329527208,0.01247703638,-0.005083058357,,,,,,,,,,,,0.00819866546,-0.00988244467,0.006801477481,0.007871725455,0.006952461482,0.008015452895,0.0102616201,,,,,-0.005150683795,-0.003945547953,-0.005563274471,,-0.002839430771,-0.002660381552,0.004008338435,-0.01013721408,,-0.007075534348,,-0.009273739419,,,,,,0.006703858001,0.006803516309,0.01008054553,0.008815187343,,-0.006581211159,-0.007359602945,-0.007234193176,-0.006348269555,-0.006222859785,-0.0007785925529,-0.008315223834,,0.007963256874,,,0.007074473314,0.007882432185,0.007693962359,0.006600855836,0.00772337906,0.005972022483,0.01124729074,0.009456429181,0.006625368331,,,,,,,,,,,-0.005577744795,-0.008077556829,-0.00778967058,-0.007445996002,-0.01150831712,0.005298600069,0.005400817122,0.005759612748,0.008024424183,0.007552609196,-0.01072049784,0.007405325138,,-0.008583801183
1975-01-31,-0.005412399032,,,,,,-0.008741593153,0.01629088721,0.01399165958,0.01237636852,0.01479248074,-0.01196206533,0.0116790062,-0.006437825294,,0.01238676223,0.0126610676,0.01343704709,-0.01359398299,0.01191323327,,,,,,,,,,,,-0.01669283765,0.01424537683,0.01862382648,-0.007506829996,-0.005233410554,-0.006086038862,-0.01244644329,,,,,0.01025487548,0.01109015499,-0.01307249356,,-0.01288964305,0.001114027426,-0.01856231811,0.01264970925,,0.02466526768,,-0.006948218279,,,,,,0.02089778551,0.01155083898,0.0147715319,0.0166090231,,0.01688776678,0.01869191635,0.01902091377,0.01869191635,-0.01354710135,-0.01924454703,0.01351569389,,0.01743157073,,,-0.0192620617,-0.0173300323,-0.01896043145,-0.02134108673,0.003585056311,-0.01713821141,0.0118096269,0.00942037772,0.001899129039,,,,,,,,,,,-0.01444408674,-0.02027052513,-0.0178015742,-0.02059084575,0.002037377081,0.005002967297,0.01587031588,0.01541121727,-0.01006026597,-0.009923931668,-0.006507618178,0.01520207506,,0.02641043282
1975-02-28,0.005394398173,,,,,,-0.0004721032748,0.001741604123,-0.0003503122791,0.0009727631686,-0.00182791634,-0.002607676356,0.001917847603,0.0003675260477,-0.000905939235,0.003209162894,0.002610071721,0.002471576865,0.001818339073,0.004209161343,,,,,,,,,,,,0.0003638765801,0.00280917755,-0.0001422688664,0.0003281430526,-0.0008716246291,0.0006476304136,-0.0004200895764,,,,,0.002322930718,0.004232358021,0.0008623050984,,-0.001704271366,0.005639827186,-0.002262538927,-0.0009362731404,,0.003200369996,,-0.003350876541,,,,,,0.001226203662,-0.005658315195,0.002032699999,0.000449507768,,-0.007291781974,-0.00656349291,-0.006590266134,0.0006281489454,0.004384856657,0.006590266134,-0.00429530701,,-0.001602511785,,,-0.002040017776,-0.001778487288,-0.001545778658,0.002304487459,-0.002273283992,-0.002000332899,0.002416289338,-0.0003060735609,-0.002344171235,,,,,,,,,,,-0.001798036989,-0.001233391435,-6.285563169e-07,-0.001367944628,-0.002630968169,-0.003349362617,-0.001510585533,-0.00161065673,0.004248815233,0.004266791177,-0.0006282211337,-0.000344858519,,0.002324097244
1975-03-31,-0.004016955314,,,,,,-0.003614302921,-0.006720459424,0.002455472335,-0.003740857082,-0.002109110036,-0.0009982300536,-0.002151482143,-0.001606761459,0.003918390363,0.003179643696,0.00175661546,0.005232109435,0.003672692181,-0.004750986833,,,,,,,,,,,,-0.0008308222646,-0.003852674148,0.003851586102,-0.003632595277,0.002028283404,0.002575918256,0.005437117404,,,,,0.000430681023,-0.001063746516,-0.0001423595706,,0.001188155789,-0.002964966829,0.003612666418,0.006373279298,,0.00757482171,,-0.007537177816,,,,,,0.002065302693,-0.006284401219,0.0001489540512,-0.002627388877,,0.002099782751,0.002099782751,0.001828469326,0.002760799592,-0.002344440472,-0.001341698938,-0.003775130181,,0.002087268661,,,-0.004211248197,-0.003002411985,-0.003460318889,-0.005596718213,-0.0004570565178,-0.001388082976,0.007543924971,-0.001798287968,-0.001701879163,,,,,,,,,,,-0.005254203167,-0.001674222793,0.003883489091,-0.0004095204464,-0.001480232137,0.0073410099,0.01032027132,0.01009348269,0.008641276876,0.008476742123,0.004583160497,-0.003426813182,,0.005614428419
1975-04-30,-0.001038554205,,,,,,-0.00575176206,0.003505679477,-0.001258052986,0.002014818413,-0.002210660986,0.004337163933,0.00661695329,-0.002947378939,-0.002070749814,0.005926079649,0.005542320009,0.004179424711,-0.002530859742,0.004901878805,,,,,,,,,,,,0.001425622237,-0.0005805329353,-0.001146137511,-0.002521688625,-0.001289104682,-0.002218916306,0.001395934742,,,,,0.002407820528,0.004623521785,0.003924848075,,-0.003479213922,-0.0003226326315,-0.003778792461,0.004630042965,,0.005311830782,,-0.00379351174,,,,,,-0.001573835653,-0.001754169979,0.002584379836,0.003003488069,,-0.02848208716,-0.0281403394,-0.0281403394,0.02641279789,-0.02810814183,0.02674195924,-0.002206656228,,-0.001941068827,,,0.002651609009,0.002599049553,0.002045155676,-0.003141179149,0.002158603728,0.003359536956,0.002285710042,0.002613505321,0.001900514183,,,,,,,,,,,-0.00329476257,-0.0002873470473,-0.0008061457189,0.003947477664,0.0006616602437,0.006086527534,0.0001757949184,0.0001412452575,0.004031045421,0.004090610092,-0.00256246054,-0.0004078515484,,0.009769482808
1975-05-31,0.001789305028,,,,,,-0.004181672594,-0.001116794835,-0.004311688928,-0.003538413458,-0.004748129319,-0.001917025243,0.000477462919,-0.003799961016,-0.004107359062,0.0006588311504,-3.029155442e-05,0.001657335513,-0.001962671062,-0.002097542097,,,,,,,,,,,,4.412353292e-05,0.003570176115,-0.004696341672,-0.004585645834,-0.005009462411,-0.003785402077,0.000317248708,,,,,0.004260178005,0.0004713282441,-2.840422197e-05,,-0.006361633477,0.001709802635,-0.003192670292,-0.002536491442,,0.003256797873,,-0.00178671794,,,,,,-0.004786899176,-0.005123546695,0.0002639058709,-0.000285894516,,-0.002756778487,-0.001973199296,-0.001973199296,-0.0005582402593,0.000382583687,0.00270671213,-0.0001487397199,,-0.003094850554,,,-0.002619376285,0.004869302976,-2.879682955e-05,-0.002205203952,-0.000220643782,0.00463204038,-7.008305601e-05,-0.00152515929,-0.004407217749,,,,,,,,,,,-0.003057849491,-0.0008379918713,-0.0004510890396,-0.004785378804,-0.0008227462173,-0.0006369322659,0.001316946061,0.002251963606,0.003720104791,0.004056700503,0.001189544061,-0.002847903063,,0.002767188467
1975-06-30,0.001588816892,,,,,,-0.003447951836,-0.0009482309975,-0.001666220682,0.0005008359723,-0.002077133347,-0.002514894951,-0.002768845326,-0.0009127450019,-0.003788446979,-0.002860077614,-0.002711444504,-0.005158672562,-0.001703570832,-0.005157722926,,,,,,,,,,,,-0.004771410477,0.005339373717,-0.002456177654,-0.003568923503,-0.002389123324,-0.001302421002,0.003157567142,,,,,0.004312146819,0.004246049252,0.002077019653,,-0.003775053381,0.002013398017,-0.003147207531,-0.001698268992,,0.0006171840993,,0.000261627029,,,,,,-0.004442733279,-0.003227740189,-0.002899498556,0.001162338281,,0.002153310382,0.002282853868,0.001228574062,-1.043325063e-06,-0.00164810215,-0.001886379913,0.002263220805,,-0.006757221815,,,0.0015387119,0.002270464229,-0.003456656135,0.003797649523,-0.004044412483,-0.00221700967,-0.001955679307,0.003057435966,-0.003302056428,,,,,,,,,,,0.003787233655,-0.004923645189,0.002144909363,-0.003803178754,0.0003357923759,-0.0003140127743,-0.001825199372,-0.001741361512,0.004544240032,0.004273187453,0.003300331446,-0.00391415442,,0.002108607418
1975-07-31,0.004343572851,,,,,,-0.004139926395,-0.001399975949,-0.005103930024,-0.001206167479,-0.003679324335,-0.001614435692,-0.001985359344,-0.007030286846,-0.00483760679,-0.001798772125,-0.001837696968,-0.001872425706,-0.003995007282,-0.001668510502,,,,,,,,,,,,0.003483270394,-0.003558746066,-0.005298635246,-0.00513993797,-0.005750611339,-0.007060863962,-0.0007185404348,,,,,-0.00250409312,-0.003669117005,-0.001428699116,,-0.005289910712,0.001045569876,-0.007610266752,0.00658098137,,0.00810572517,,-0.008596492858,,,,,,-0.002189887669,-0.004417430253,0.0005156434172,-0.00397185265,,0.008332440496,0.008332440496,0.008318480407,-0.007425908791,-0.007445089109,-0.007814346795,0.001467120916,,0.001764155359,,,0.003490293144,0.004289091491,0.005145481812,-0.002890346338,-0.00551925204,-0.004305691964,0.003825681689,-0.006754358972,-0.005068407686,,,,,,,,,,,0.0005335762757,0.003249435651,0.0002800516412,-0.001558912612,0.0003846127822,-0.003013516236,0.007132112682,0.007201758534,0.003362879343,0.003789598185,-0.001865856491,0.00291133594,,0.00799167593
1975-12-31,0.002749696391,,,,,,0.0003254109911,0.0008541743559,-0.001836300387,0.001359907718,-0.00207041365,0.002316043655,7.400001847e-05,-0.002587627531,-0.00125015722,0.003317934208,0.00388502459,0.002477602982,-0.001579215681,0.003628095405,,,,,,,,,,,,0.002487347857,-0.002236775012,-0.002031102985,-3.551158215e-05,-0.0018073571,-0.001936763762,-1.482034566e-05,,,,,-0.001100828143,0.0009369541979,0.003996304893,,-0.004315176646,0.003031214644,-0.002639007543,0.002657886374,,0.005276756654,,-0.002386883353,,,,,,8.047520148e-05,0.000700976828,-0.001150411077,0.0005762958142,,0.00295412792,0.0027946087,0.0027946087,-0.003951671336,-0.001059648416,-0.002473430386,-0.001859811174,,-0.0002133042032,,,0.002743649662,0.002362518177,0.001854810373,-0.0003343544243,0.0006181912677,0.0008393606119,0.003548000122,0.001385683712,0.001708228893,,,,,,,,,,,-0.001989041283,0.002709415486,0.00300100917,0.002176049484,0.001373942441,-0.001330968692,0.00110923778,0.001298077326,5.103673496e-05,-0.0001513090693,-0.001342081406,0.002294442182,,0.005966749861
1976-01-31,-0.002669594154,,,,,,0.001584190514,0.008284597373,0.01100424001,-0.001408419726,0.0001041150547,0.005963971997,9.886168808e-05,0.002470907899,0.00829489814,0.004897716716,0.004900826826,0.004103895902,0.008069395835,0.009806864888,,,,,,,,,,,,0.003864432504,-0.002038428715,0.0087535062,0.002484835771,0.008588983153,0.01067366594,-0.005441844038,,,,,-0.001641253643,-0.002086637553,0.001433298841,,-0.004353634424,0.003402525544,0.002548131432,-0.000625882913,,0.005241689896,,-0.01375303314,,,,,,0.006537741011,0.0004609436146,0.00223981517,0.0005851895243,,-0.009379101261,0.01464410347,0.01464410347,-0.006798995009,-0.01191374156,-0.01191374156,-0.00793058415,,-0.0005593830376,,,-0.006246759101,-0.01082581419,-0.0009074913235,-0.001188732327,-0.0002975244568,0.003977624867,-0.00195272194,-0.001463317747,-0.001434451726,,,,,,,,,,,-0.00350003969,0.002136655768,-0.006971567041,0.002296569363,-0.006310030353,0.003215383917,0.003736508805,0.004020716387,0.005615798772,0.005888165447,0.001067871233,0.005082178584,,0.008590170852
1976-02-29,0.003540191895,,,,,,-0.0008961061308,0.004317530545,0.0003988877586,0.004145014622,0.001036774584,0.004039623054,0.002315853761,0.0002132515466,-0.0006643854073,0.006078826117,0.002912425568,0.004353772371,0.002822370223,0.005667629243,,,,,,,,,,,,3.437997238e-06,-0.001189197876,-0.0002499588241,-4.878624085e-05,0.0001987206949,0.0008060714433,0.0007787588051,,,,,0.0008546270247,0.004350177459,0.001353895755,,0.002944366302,0.005026925183,0.002715559446,0.001065724504,,-0.0006300249761,,0.0007567469469,,,,,,0.002507361765,0.002233547808,0.002312674017,0.001255623202,,0.0008619552872,0.001156859046,-0.0009891410353,0.001095349644,0.001398373807,0.001223907676,-0.003102364602,,0.002223372015,,,-3.382082947e-05,1.847958678e-05,0.002062083345,0.0009804071092,0.001610989949,6.967898352e-05,0.003366170268,0.002274322104,-0.003052735087,,,,,,,,,,,0.003260037661,0.002065151264,0.001992391355,0.001737299204,-0.005105598921,-0.001596549302,0.004262214377,0.004524235831,0.001388372079,0.001731341095,0.0004715104353,0.000798248238,,0.0005319267146
1976-03-31,0.0004111702029,,,,,,0.001315050309,0.004104133,0.0008367720627,-0.002654896853,0.001811027184,0.004770395187,0.002035672457,0.001556162293,-0.0001457220217,-0.000297648537,0.003011735451,-0.001377589786,0.001043281378,-0.0003353405671,,,,,,,,,,,,0.001899942324,-0.005310089987,0.00322628141,0.001037689139,0.003361976997,0.00173366175,0.003023723323,,,,,-0.003139978759,-0.002353257733,0.002351608319,,-0.002912896413,0.001920691423,-0.001638966921,0.003685235878,,0.002085073128,,-0.00215202656,,,,,,-0.002108037717,-0.002679965081,-0.001550288362,-0.001390426949,,0.002834500266,0.0002753179734,0.00161317688,0.002444379375,7.168645388e-05,5.907780142e-05,0.0009389485145,,-0.002230661227,,,0.003040111551,0.00454582512,0.00263591795,-0.004691825749,-0.002046978003,0.0005417243099,-0.005245757524,0.001010216312,0.0009367054398,,,,,,,,,,,0.00231730305,0.003206161058,0.003346420288,0.003230051026,-0.001868405983,0.003558171727,0.0001324944474,0.0004804638101,0.0006382989746,0.0007198175392,-0.00192350033,-0.001881787555,,-4.449653044e-05
1976-04-30,0.002525312337,,,,,,-0.004555411497,-0.003262971473,-0.005815872284,-0.000850229813,-0.003645674366,0.0005261933695,-0.0003236807905,-0.005065045173,-0.005303698587,-0.0006091794846,-0.002333264738,0.003367530195,0.001160602123,0.003109837739,,,,,,,,,,,,0.004803138388,0.002983851944,-0.006528773532,-0.004631468389,-0.00613416801,-0.005608991688,4.039384738e-05,,,,,0.006650956042,0.003823596831,-0.001607109239,,0.0002228945212,0.003561522718,0.001636924845,-0.002357845904,,-0.0006020624903,,-0.0005596558802,,,,,,0.001414900706,0.004520047475,0.002631367513,0.004296885823,,-0.000961152571,-0.00199631575,-0.00199631575,-0.0002329755942,0.001671594554,0.0007568702432,-0.003316926077,,-0.001498246069,,,-0.005428751841,-0.004344071423,-0.005167222467,0.004425079595,-0.002594821972,-0.004471766019,0.000435055696,0.00157622272,0.002454601324,,,,,,,,,,,-0.006114954999,-0.00665951238,-0.006898263133,-0.006952076942,-0.001394360014,-0.002841664112,0.004742646565,0.005393966898,0.003877761911,0.003912658464,0.001649026602,0.001351269328,,-0.0005146979255
1976-05-31,-0.0004918916849,,,,,,-1.390565859e-06,0.00265848785,-0.0001771450843,-0.003260501506,-0.0007013229377,0.002639299936,-0.001974906031,-0.0003684721192,0.0002756148626,-0.003285196562,-0.0009744112026,-0.002690451232,-0.0009213863938,-0.00209990224,,,,,,,,,,,,0.003627961962,-0.004071328961,0.001119433205,0.0004651222353,0.0009432775692,-0.0006234972266,0.001140881472,,,,,-0.00287388921,-0.002365751462,0.000916406444,,-0.002628008761,-0.0002266477313,-0.002693014535,0.005498031062,,0.00352004014,,-0.003506662272,,,,,,-0.003564880429,-0.0003274098695,0.0008920992119,0.0007113369296,,-0.0002546751719,-0.002481371289,0.001582069431,-0.001744114194,-0.002104955109,9.263040876e-05,0.003520147405,,-0.003124373162,,,0.00414179697,0.003718588841,0.003532301942,-0.003706109807,0.001737551209,0.001379588845,0.001804059465,-0.001810694181,0.002440554622,,,,,,,,,,,-0.004280555672,0.001945413135,-8.249140848e-05,0.001979737244,0.001888058041,0.003610062925,0.0005345919417,0.0007227714171,0.001820764531,0.002177844535,-0.001593097805,-0.003176751884,,0.004156374777
1976-06-30,0.003381322896,,,,,,0.003414366579,0.001215717677,0.003159151679,0.0006201211574,0.003191966866,0.001283901276,0.005301497959,0.003660632223,0.004436107025,0.004061132618,0.003045573466,0.00366929161,0.0037298721,0.002652373725,,,,,,,,,,,,-0.001225924028,0.001562911042,0.002732921606,0.003400001597,0.002681455311,0.003497293904,-0.003542947523,,,,,-0.001724934962,6.892983015e-05,-0.0001625721111,,0.003801096045,0.005277661026,-0.002464218491,0.001718460577,,0.001708782977,,0.0004841704974,,,,,,0.004664392707,0.0007611575309,0.001318274885,0.0002421628672,,0.003576539464,0.002244474141,0.002262549482,0.002660766144,-0.001978551923,-0.001624181122,-0.004908903144,,0.004563257898,,,-0.001630823108,-0.003509280459,-0.002480331278,-0.001098213021,-0.0004242473706,-0.003754273307,-0.001590304956,0.0009065045842,-0.001145669889,,,,,,,,,,,-0.004727266962,-0.000387072815,-0.0002011002522,0.000297634843,-0.001570320618,-0.005100300577,0.001035907862,0.001041703,0.00153292454,0.001218133101,0.003390740726,0.004725029014,,0.001300376468
1976-07-31,0.005395129132,,,,,,-0.00366533153,0.0009712599271,-0.00369958233,0.0001469315476,-0.001543664297,-0.001152666492,-0.001988447756,-0.003998453482,-0.004640712188,-0.001582536936,0.000531070102,0.001908380858,-8.051900051e-05,0.001931178046,,,,,,,,,,,,0.002067827887,0.000128479324,-0.00298876315,-0.003581004748,-0.00271421924,-0.00382016468,0.001852343068,,,,,0.002855734143,0.00282027607,-0.0002436495142,,-0.003633865773,0.005238216175,-0.001514119754,-0.00075631404,,-0.0006876982148,,-0.0003808243131,,,,,,-0.0006705570009,0.001562210111,0.0006354869009,0.0003104428413,,0.00119512469,0.0001629982879,0.0002377251832,0.0001965004969,-0.001788454675,-0.001121352298,-0.0001375872333,,-0.003896872643,,,-0.002083132767,-0.0007422976434,0.0002820841828,0.002150569702,0.002090512326,0.004147991642,0.003977339888,0.0001709657936,0.002535506854,,,,,,,,,,,-0.003435060383,0.0002767039872,0.003164632061,0.0003701453964,-0.0003706781829,-0.0001204398572,-0.001365406614,-0.001678110948,0.003168215988,0.002672327825,-0.0004847446355,-0.0004271435154,,-8.26838392e-05
1976-08-31,0.0004784908347,,,,,,-0.0005348025543,-0.001143019386,0.001742305713,0.0005071915043,-0.0004208919582,0.0004891398249,0.0004874028852,0.001119317226,0.001484460272,0.002002476952,-0.001426285499,0.001541659929,0.000787708721,0.001456537985,,,,,,,,,,,,-0.000514303871,0.0008088305256,0.0003888214448,-0.0005234183009,-0.0004221723893,0.0004382611335,-0.001510298729,,,,,0.001717033897,0.0005720852007,-0.001137093882,,0.0002290400109,0.00260185377,0.0008225267744,-0.002361604059,,-0.001437747989,,-0.001521754777,,,,,,0.001954499253,0.003152142228,-0.0003136258151,0.001532274476,,0.001895741073,0.003201761981,0.003483293345,0.001821330154,0.002697283844,-0.0001802563064,-0.001984132874,,0.001106984598,,,-7.618496462e-05,0.000187990523,-0.002144067287,0.0005576161277,0.00253404349,0.003435239523,-0.0006490120664,0.00142788867,0.0003176132328,,,,,,,,,,,-0.001048351559,-0.001327282349,-0.001480351405,-0.002712626672,-0.002124347286,-0.001093148012,7.064633371e-05,0.000139278393,0.002989423549,0.002899774498,0.001212695312,0.001351261867,,-0.001070261365
1976-09-30,0.001821043982,,,,,,-0.0003268135179,2.274492546e-05,0.0002289294465,0.0009657704912,-0.0005375842736,-0.002506022548,-0.0005195555597,1.575107101e-05,-0.0008165721829,7.180580172e-06,0.0001413282682,0.001143596736,8.244067151e-05,0.001152209269,,,,,,,,,,,,0.001042952574,0.0007703247623,-0.0008635697156,-0.0007086608042,-0.0009361462979,0.0001880571455,7.158908061e-05,,,,,0.001646406788,0.002264249694,0.0006829096061,,0.0003701980526,0.002759554112,0.0003556979919,-0.0001482578026,,0.0009860391206,,-0.002454639745,,,,,,0.001188572877,9.797419226e-05,-0.0001212138611,0.0002157225989,,0.002948444123,0.002845092366,0.0007329595781,0.00307749659,-0.002459285547,0.001140714201,-0.0008476667351,,-0.001355166785,,,-0.0003234602837,-0.001113952663,-0.0009695132832,0.001602160471,0.001005076035,0.001081983525,0.001418628039,0.000875182739,0.002017250129,,,,,,,,,,,-0.0005435467766,-0.001092121374,0.0004342556474,0.0003410778132,9.958348611e-05,-0.0001248458701,-0.0005652298331,-0.0004958333103,0.001833036993,0.001835920266,0.0002439888876,0.0004584738237,,0.0012781846
1976-10-31,0.007930002891,,,,,,-0.002386658013,-0.003782460407,-0.0008103045135,-0.003964226669,-0.004032600693,-0.003540471791,-0.005584722304,-0.001118850172,-0.003583727493,-0.001296018467,-0.0002056004362,0.005708634777,0.002072431826,0.003244171878,,,,,,,,,,,,0.005693622562,0.001498163002,-0.002365181807,-0.003390340439,-0.002743162349,-0.002744616131,-0.002876328006,,,,,0.004818157153,0.001674329779,-0.001471977707,,-0.001194253819,0.005532494208,-0.005870588404,0.001337966437,,0.003588403243,,0.003490773456,,,,,,0.002249323662,0.002854274355,0.002515123199,0.002798142711,,-0.0003703095817,9.389745972e-05,-0.0005155245264,-0.000843127159,-0.001056026149,-0.001056026149,-0.001547969557,,-0.003171645602,,,-0.003296955642,-0.003457252141,-0.004731521892,0.001018671146,0.002549858135,0.002080246417,0.002844763454,0.002909904454,-0.003104125091,,,,,,,,,,,0.003525579009,-0.001317022477,-0.004478137888,-0.00124005877,-0.0003951201119,-0.005238838736,0.004347915104,0.003762942934,0.004912815417,0.004603058849,0.002070299367,0.0001926958472,,0.003271711398
1976-11-30,0.005482638862,,,,,,0.002435479231,0.0006584046122,0.002883542177,0.003545767128,-0.001668139234,-0.002720002722,0.005512113649,-0.00116874872,0.001375892711,0.007467487353,0.004432843044,0.006527257788,0.001382152422,0.003520228001,,,,,,,,,,,,-0.00489818617,0.003599096314,-0.001361997126,-0.0007856225591,-0.001077301976,-0.0003745278157,-0.001242231929,,,,,0.003953047802,0.004030077209,0.003679182213,,-0.001546801899,0.008512731715,0.003762559342,-0.004496799758,,-0.0005151410864,,0.0005061379041,,,,,,0.004161801,-0.0001365484485,-0.0006390363778,-0.00465035562,,-0.0004329633166,-0.001161569461,0.00041892044,-0.001313242298,-0.001001569009,-0.002049967937,-0.006377349512,,0.0003307843608,,,0.004177202517,-0.005180948482,-0.000121298828,0.001746040639,0.002091702885,0.005267971002,0.001703153824,-0.001275296015,-0.0007204699122,,,,,,,,,,,0.000170109536,-0.001776435061,0.001460586161,0.001461894577,-0.001348057467,-0.005523905257,-0.00172917153,-0.002011047115,0.0009086981989,0.0002935053429,0.001809271862,0.002090928355,,-0.00166398085
1976-12-31,0.01069586376,,,,,,0.001897589056,-0.005898984514,0.001807533953,-0.003162569894,-0.00396077417,0.003384939505,-0.001408880645,-0.000109377066,-0.002056600127,0.002805444422,0.0009964728037,0.001797584044,0.00433250653,0.007556275857,,,,,,,,,,,,-0.005519923336,0.005452593685,-0.001563605209,-0.001344846799,-0.002177769097,0.0002482526493,-0.002053674289,,,,,0.004300076623,-0.002475310698,-0.004398679271,,-0.004679267178,0.009063484539,-0.009142744397,-0.002968721843,,-0.002298476461,,0.005445245283,,,,,,0.00534491495,0.005645774865,6.392477638e-06,0.004594354476,,0.0003410995618,-0.001642386894,-0.002670212648,-0.001647643637,0.002068456796,-0.001815165599,-0.007674238449,,0.0002485575512,,,0.001950158714,-0.005797270522,-0.004836114673,-0.006885496226,0.007856952242,0.002432544057,0.00573603234,0.007607274756,0.00713876303,,,,,,,,,,,0.001590895996,0.003394949061,0.005887804471,0.003501211898,-0.007304952479,-0.007507073014,-0.001436246977,-0.002065033913,-0.001719119352,-0.002134626264,0.0008063309503,0.005446540735,,-0.004249354
1977-01-31,-0.009606114229,,,,,,-0.003714273702,0.005884010799,-0.006247504907,-0.002791697448,-0.0001348989542,-0.005379378246,-0.00735301754,-0.001929179956,-0.005800420794,-0.01157576898,-0.006950916771,-0.004278917851,-0.005681516799,-0.008548298932,,,,,,,,,,,,0.01089901742,-0.006759279594,0.001973087913,-0.003480428349,0.001752463792,-0.002959280879,0.0006318263014,,,,,-0.005885576791,-0.009815477265,0.001255621726,,-0.005425133635,-0.007470750016,0.002763317544,0.00518055634,,0.007655665623,,-0.008493231188,,,,,,-0.008700364147,-0.002582035331,-0.008116648003,0.001225797661,,0.001417955747,0.000450235653,-0.0009597958054,0.0006085581988,9.325739724e-05,-0.0005783278678,0.008390080805,,-0.005946193087,,,-0.004438860601,0.00304133724,0.004746578031,0.0006926365856,-0.006574224893,0.001986647114,-0.008795763909,-0.002966525799,-0.003075640991,,,,,,,,,,,-0.007989081694,-0.005647118211,-0.005907943405,-0.006263293952,0.008073808045,0.01070431888,-0.001674824425,0.002578055074,0.006198218172,0.008540714499,-0.002947405014,-0.007157891221,,0.00868704515
1977-02-28,0.001737696495,,,,,,-0.001268232906,-0.001839810289,0.0009123015098,0.001165546103,-0.000800356272,0.0004064136319,-0.00174395348,0.0009801393076,0.002149935897,0.0003117184902,-0.003808519046,5.64365284e-06,0.00207799699,0.004424321296,,,,,,,,,,,,-0.0007279098999,0.002273165271,0.001031117493,0.0007297531796,-0.0005926629577,0.001141557629,-0.001319900204,,,,,-0.0006058223673,0.001791027109,-0.002547539897,,0.002568593011,0.002720065216,0.0002156991667,-0.001370601093,,3.389148601e-05,,-0.003062550662,,,,,,0.002161993842,0.002542556697,0.001535215748,0.0004071118321,,0.001612981929,0.001570362693,0.001113730927,0.00110472445,-0.002052226698,-0.002602636477,-0.002786980691,,0.002778513667,,,0.0003742628721,0.0004411952098,-0.002333255128,-0.0007233086902,0.003243930412,0.004194964059,0.001730676329,0.0007956504932,2.51819429e-05,,,,,,,,,,,-0.001960545368,0.002216920714,0.002105090586,0.002112650996,-0.001575815256,-0.0004275457919,-0.00222704352,-0.002941956432,0.003505212595,0.001713850366,0.002368837817,0.003140481899,,0.0002983848343
1977-03-31,0.0009380296741,,,,,,-0.0008400981968,0.0009793591841,0.0008600807474,0.003672872687,0.001086751124,0.0001226006404,-0.0001503049286,0.001114115944,0.002301017836,-0.0002973318385,-0.0009494750807,-0.002917812403,0.0003785422203,-0.000821277668,,,,,,,,,,,,0.001494103166,0.001749966824,0.0006883463967,0.0009235220151,0.0009308573871,0.0003639075604,0.001902270749,,,,,-0.001299536789,-1.784674853e-05,0.001581629793,,0.002762494238,8.500229239e-05,7.001229992e-06,-0.001896417909,,-0.0007511507004,,-0.003017772954,,,,,,-0.0002071889324,-0.001316083944,-0.003470750862,-0.004735147191,,0.0005431651646,0.0006393275292,0.001210887361,0.0002201009031,9.131810053e-05,-0.0006866049081,-0.0002592758352,,0.003802716441,,,0.00376840487,0.004005643936,0.001128415518,-0.0007379787671,7.553056421e-05,0.001337584913,9.594358072e-05,-0.003270430496,-0.001498019903,,,,,,,,,,,0.001128672475,0.0001427391894,0.0004991889366,-6.218139869e-05,-0.002206954327,0.0003897305116,-0.001751987795,-0.001318071108,-0.000276142143,-0.0001077810611,-0.001198446033,0.0007859221236,,-6.003405508e-06
1977-04-30,0.002592517262,,,,,,0.002908885565,-0.000224966309,0.003104520914,0.002101841115,0.003745170947,0.003284290586,0.001220650317,0.003874137914,0.003464678966,0.002355578175,0.003027619431,0.00144540496,0.001640031715,0.001700757822,,,,,,,,,,,,-0.00207931491,0.001147997899,0.002736368296,0.003000003305,0.003789305356,0.003489222243,-0.0007105764439,,,,,-0.002216697516,0.001134577633,0.00336066447,,0.001458961695,0.003119579525,-0.001981713508,0.001050823298,,0.001502480977,,-0.003484364107,,,,,,0.001591676865,-0.000491333232,-0.003981041105,-0.001500787473,,-0.0002997566939,-0.0001662576655,-0.0003519675529,-0.0002997566939,3.582432176e-05,-7.038901338e-06,-0.001103647409,,0.002923119937,,,0.003778116804,0.003554710891,0.0006770814298,-0.002611458084,-0.0001573074911,8.142664149e-05,-0.002643816926,-0.002503604203,3.711083445e-05,,,,,,,,,,,0.001670370754,0.002139104054,0.002551689817,-0.00283561393,0.0009996542635,-0.0008969782847,-0.002429769663,-0.002418120002,-0.002619435074,-0.003055656047,-0.002845159899,0.0005578359738,,0.001685980572
1977-05-31,0.005054543566,,,,,,-0.002580573646,0.003055086659,-0.001720299531,-0.0002090527326,-0.001617543411,-0.002267187307,-0.001330159405,-0.001490205376,-0.001866824321,-0.002432980131,-0.0008815408258,0.001554395672,0.001882911039,0.00172842168,,,,,,,,,,,,-0.003424661668,0.00344417584,-0.003361360137,-0.001628764386,-0.002342669717,-0.001262730752,-0.001388084299,,,,,0.003846510729,0.003075054745,-0.001985829547,,0.002562303609,0.006061744321,-0.003607100379,0.0009576054831,,0.002719634928,,-0.002616266843,,,,,,0.001936213187,0.003284875135,-0.002136449376,-0.002424547515,,-0.0003145164248,0.0006022122183,-0.0001413638022,-7.731811435e-05,-0.0001662876102,-0.0003735801007,-0.002134091507,,-0.00247517266,,,0.002219581074,-0.0003377112939,-0.003453069934,0.000528383607,0.003405907843,0.001783183907,-0.002400196416,0.001679812646,0.003377420352,,,,,,,,,,,-0.0009728668228,0.001032715981,0.001185578186,0.0006776309972,-0.001699875073,-0.00429029468,0.001502742398,0.00132223871,0.002498190832,0.002509813978,0.001722466322,0.001776059802,,0.00247534346
1977-06-30,-0.0002797844707,,,,,,0.002101423898,-0.0009962939686,0.001241886236,-0.0002968703657,0.001394886351,0.0008022562697,-7.72556979e-05,0.001909283434,7.538837451e-05,0.0005727760133,0.0004325783011,-0.001378277791,-0.0003015369129,-0.0008984546806,,,,,,,,,,,,0.0004691471418,-0.0003416955678,0.000589893576,0.002212667685,0.001335658346,0.001599724207,0.0004981419826,,,,,-0.0006995909619,-0.0005271465035,0.001589489289,,-0.0008358165223,-0.0006584528368,0.0002291576275,-0.0005891043684,,-0.001157263829,,-0.0005527415635,,,,,,-0.0006056788127,-0.0007246157488,0.0003691703113,0.001444320945,,0.001003079396,0.001262153468,0.001115325069,0.001003079396,0.0002894394316,-0.0004171795009,-0.0004908933813,,0.0001343106083,,,-0.0003109229495,0.001805370367,0.002016519794,-3.257297271e-05,0.0002533107597,0.0002536157817,0.001871994502,0.0008474168638,0.00193952892,,,,,,,,,,,-0.002389493157,0.001211551549,0.001330710004,0.001208603527,0.0001005972517,0.001176697241,-0.00151637895,-0.00170829537,-0.0005400948195,-0.0004024139869,-0.001402866959,-0.0008978345994,,-0.00175922706
1977-07-31,0.0006190153197,,,,,,-0.002367807942,-0.001679484836,-0.001112113607,0.0005985027578,-0.001948477916,-0.001653077999,-0.002178076573,-0.001309405996,-0.002175054897,-0.002390471948,-0.002580756088,-0.001592757752,-0.001984197004,-0.0003240661309,,,,,,,,,,,,0.0005080970775,0.0004282033287,-0.002869131831,-0.001344949973,-0.002766907906,-0.001389149827,-0.0005612655214,,,,,0.003717305134,-0.0006422140508,0.001196034949,,-0.0008474177861,0.001871454708,0.0003271446909,-0.0007677448439,,-0.000352910381,,-0.001277903605,,,,,,-0.001371878147,0.001888284621,0.0001365769777,0.001947045541,,8.026685193e-05,0.0006127961914,-0.001705103426,8.026685193e-05,-0.0006699843554,-0.001594097834,0.0005744644105,,-0.002707204671,,,0.001331472856,-0.0005450699813,-0.0006669604045,-6.592228716e-06,0.0008098176316,0.003078214468,0.0004111452103,-0.0003078425117,0.0008509557231,,,,,,,,,,,-0.0008919924719,0.0005443330675,-0.001228036946,-0.001928334698,-0.001229423526,0.001021340956,0.0008469564564,0.0005346651234,0.001941102086,0.001963893833,0.000216510158,-0.001563931751,,-0.0001919086554
1977-08-31,-0.002483801421,,,,,,0.0037522076,0.0006714456173,0.001573276963,-0.0008816262499,-0.001084025113,0.004021226938,-7.236405874e-05,0.001919625869,0.0005659316312,0.0003223945501,0.002092223677,0.001052282483,0.0004102333741,0.002664607647,,,,,,,,,,,,0.0008267715344,-0.0006954153103,0.001016970877,0.002058356626,-0.0001161480434,0.001994447063,-0.003167024362,,,,,-0.0009360613785,0.0008798953788,0.0007446901007,,-0.0003386349519,-0.001651570309,-0.00277784952,0.0005242910979,,0.0004263558176,,0.000439298531,,,,,,0.001913436347,0.00264218263,-0.000826133193,0.004391418281,,-7.559155897e-05,-0.000356146224,0.001880413692,-7.559155897e-05,0.0003727544238,0.0003727544238,-0.002836748372,,0.001740538818,,,-0.000799870942,0.0005774804345,0.0002551829777,-0.001514032615,0.002392692723,0.001731824498,-0.001203125583,0.004475846439,0.002651619853,,,,,,,,,,,-0.00258361612,0.00120221074,0.001303977302,0.001425069871,0.004214436444,-0.002165944689,-0.001088455556,-0.0009237360143,0.0004663149792,0.0004618785949,6.150893766e-05,0.002235616717,,0.0005756961576
1977-09-30,-0.001805424804,,,,,,-0.0007391739561,-0.003795130406,-0.001039318143,0.001597540277,-0.0004564484327,-0.002924739934,-0.001061650713,-0.001250208696,-0.0007777969841,-0.0005183087785,-0.0008373070197,-0.003115670257,-0.002476534119,-0.001436434425,,,,,,,,,,,,0.002968269203,-0.003276754813,-2.533090621e-05,-0.001044369987,-0.0003197753951,-0.00132318083,-0.0002964744479,,,,,-0.0003624512778,-0.0009297371726,0.001515852666,,-0.001063702711,-0.0008741971119,0.0007973297929,-0.001663667709,,0.001495086513,,1.600408114e-05,,,,,,-0.003324456685,-0.001493785243,0.002842433478,-0.0008313273974,,-0.002352069487,-0.002087488768,-0.001691316267,-0.002352069487,-0.001005509334,-0.001805371447,0.001077191319,,-0.0006442089783,,,0.0007428941045,0.001376880708,0.002345337328,-0.0005702190462,-0.0009369065259,0.0005597225574,0.001086746974,-0.001045477242,5.008340524e-05,,,,,,,,,,,-0.001077689249,-0.0009120325807,-0.0007639495632,-0.001179223769,-0.002464704006,0.001800040343,0.001724609684,0.001956733085,0.003149554051,0.003405078123,0.0004322613916,-0.002291815573,,0.001346389636
1977-10-31,-0.005724362797,,,,,,-0.000491745203,0.0007803787596,-0.0003378317583,0.0002076723012,-0.0005600862346,-0.000943529441,-0.0003281967942,-0.002646026164,-0.001483322468,0.0007587329461,0.0003615818129,0.002480562841,-0.001695957246,0.001790620201,,,,,,,,,,,,0.001335150782,-0.002210472685,0.0008928586331,-0.002824886834,-0.0006478102766,-0.002155446813,-0.003178680214,,,,,-0.0006017586075,-0.002104891183,0.0006846340977,,0.0009569887316,-0.004520360249,0.002193340087,0.004081508281,,0.003354074769,,-0.006927743204,,,,,,0.0006029228015,-0.0007179210092,-0.0002026319237,-0.001541242483,,0.0001397012878,0.0001397012878,0.0007135602678,-0.002323865783,-0.0007797648383,-0.0006293431167,0.0005010313169,,-0.001649728548,,,-0.0039612317,-0.004248462501,-0.001107003761,0.0003999316004,-0.004964969982,-0.003429858422,4.243097677e-05,-0.004498270645,-0.001458281632,,,,,,,,,,,-0.00125036605,-0.00296814645,-0.002940956989,-0.00428533724,0.004723612224,0.003141931604,0.003467655337,0.005329509409,0.002408019629,0.003774899528,0.0006276686219,9.476944516e-05,,0.003434178049
1977-11-30,0.002094223067,,,,,,-0.0002885838028,0.00178803287,0.00104865469,0.002147507296,0.0009877370009,0.001153767896,0.0009280615186,0.001303895433,0.0002834874138,-0.001355788957,0.0009410894093,0.0007711040053,-0.0004481529522,0.0007147183495,,,,,,,,,,,,0.002181968221,-0.001917040272,0.0004700181693,0.00147650812,0.0004954578395,0.00147260476,0.0007694533679,,,,,-0.000363229693,-0.0005934401928,0.0009090857893,,-5.884867576e-05,0.002503102409,-0.002790536356,0.001137393496,,0.003262400305,,-0.001489741533,,,,,,-0.001196272554,2.919082216e-05,-0.0003687469157,-0.001519279894,,0.002222844101,0.002222844101,0.001744972899,0.0005001933863,0.002382074089,0.0008277334755,0.0007066877064,,-0.000726620243,,,0.0003309604942,-0.0005357466771,0.0009410013404,-0.002460549562,0.001378828704,0.0001109428608,-0.0003141345756,1.583136878e-05,0.00171922082,,,,,,,,,,,-0.0007615194596,-0.0003006158591,-0.001545634409,-0.00102569466,-0.001802196502,-0.001288751112,-0.0004166088416,-0.0002652688331,-0.001264316883,-0.0009127417519,-0.001406558607,-0.002172537647,,0.0027505881
1977-12-31,0.003915649367,,,,,,-0.005735751011,-0.00119619579,-0.004577649005,0.001029593761,-0.004455096435,-0.002124891997,-0.00313593769,-0.006697723007,-0.005731112288,-0.005228122288,-0.002837055246,-0.004087631565,-0.006689521396,-0.002743313678,,,,,,,,,,,,0.003568627519,-0.006010221303,-0.005050023958,-0.00701250106,-0.006704405309,-0.00718249697,0.001111012861,,,,,0.002389166832,-0.004988966777,-0.001876716091,,-0.003072574009,0.0001110963398,-0.005201888336,0.002961162511,,0.004825182713,,-0.00447694945,,,,,,-0.000281918299,0.002285795663,0.0047453612,-8.941272037e-05,,-0.001718491155,-0.002314390454,-0.002418166414,-0.001718491155,-0.002664715225,-0.00249046026,0.002228908424,,-0.005738911901,,,-0.005071538576,-0.001424561009,0.00320492603,-0.007262022872,-0.0009752206838,0.0013497197,0.0001395043015,-0.0005761799688,-0.001706913065,,,,,,,,,,,0.002032155623,-0.002335228248,-0.002008772741,-0.002665898842,-0.004061666289,-0.002798708119,0.006061822405,0.007046380756,-0.0003610088892,0.004537260374,-0.003144196369,0.0004856005278,,0.002826098233
1978-01-31,-0.002230921716,,,,,,-0.003531586046,-0.002995604409,0.0005060678285,-0.0007150788662,-0.001509058581,-0.001289816573,-0.002725273323,-0.001438974894,-0.003299265825,0.0003758457593,-0.002213544857,0.0007969195465,-0.002874785937,0.0007821184769,,,,,,,,,,,,0.003331138037,-0.0007243688563,0.002009455662,-0.001859383489,0.0005248046306,-0.0009898665384,-0.004659522226,,,,,-0.002301602709,-0.001917706584,-0.0004531821152,,-0.002975506729,-0.001084567791,0.0007051125469,0.002682657661,,0.007186432662,,-0.002155049211,,,,,,0.003896346822,0.002781789036,0.003420583416,0.001126618127,,0.001865626927,0.002242405348,0.001006633368,0.002242405348,-0.0003769243287,0.001924231366,8.916004942e-05,,0.0009603996609,,,-0.003821614798,-0.001795012663,0.0005147344042,-0.001567039871,0.002338781427,8.52038291e-05,0.005685923008,0.001346254622,-0.0008374850224,,,,,,,,,,,0.0005852786294,-0.002487876871,-0.0003223775253,-0.0003827791975,2.208199195e-05,0.002564324606,0.002774142495,0.004933001737,0.004295968657,0.006013987498,-0.0003398381337,0.003901634696,,0.007928642508
1978-02-28,0.002734851754,,,,,,6.015346591e-05,0.002014586118,-0.002989302747,0.002942106688,-0.001198338491,0.003040619096,0.001304307934,-0.001402924301,0.0001552563461,-0.002330031481,-0.002133112723,-0.0009173054869,0.001738725799,-0.0001011803516,,,,,,,,,,,,-0.004418615096,0.003069282364,-0.001566835482,-0.0009463293908,-0.002724463935,-0.00209186157,0.001165138573,,,,,0.003240285694,0.0009836166704,0.001817766591,,0.0005814375152,0.003484001068,-0.001544951461,0.0002615594182,,0.002939013534,,-0.002889564383,,,,,,-0.004359647241,-0.001850909318,-0.0003852333639,-0.002434878217,,0.0005771781951,0.0005771781951,0.001389054687,0.0003110982871,0.0003319100918,0.001056390318,-0.001189794865,,-0.0008436451101,,,1.648676743e-06,0.001617917175,-0.002348597669,0.001294612647,0.0006912938365,0.003128524615,-0.001480502817,-0.0006898375977,-0.0005802887435,,,,,,,,,,,-0.002662408514,0.001554770969,0.0002335121416,0.001637358752,-0.0007874170827,-0.001750149878,0.002207436782,0.001655870156,0.001296840024,0.0008721540738,-0.003234109783,-0.0002598095829,,0.002132933502
1978-03-31,0.001321542957,,,,,,0.001616372218,-0.0002215883745,0.001265743281,0.0003501744155,-2.339959377e-05,-0.000425829838,-0.0005538474379,0.001489723214,0.001329544542,-0.0006357828275,-0.001924622033,-0.001022504186,-0.0008113190509,-0.000953324951,,,,,,,,,,,,-0.001847486534,-0.0008660099122,-0.0004927562899,0.001993566636,-4.10097663e-06,0.001105884218,0.000277298418,,,,,0.0005896829981,0.001005205134,-0.0001967716726,,0.002153326672,0.001590269047,-0.0002038385012,-0.0008085561015,,-0.0005969203342,,-0.003075114024,,,,,,0.001296845392,-0.000942485839,-0.001765378761,-0.001090608083,,0.0003756830139,0.0003756830139,0.0004316647285,-0.0007756281508,-0.0006711498683,-0.0007899455414,-0.0002474768203,,0.001491150976,,,0.000378549934,0.002045691875,0.0004019771814,-0.0003584551581,-0.00177200695,0.001382420225,-0.002489696771,-0.002806558995,-0.001156608027,,,,,,,,,,,0.0001747831374,-3.329944075e-05,-0.001385271182,-0.001143463175,-0.002659999211,0.0004587975773,-7.965035918e-05,-0.000387392327,0.001753145375,0.001715434905,0.0005683552482,0.0006476315214,,-0.0008923963741
1978-04-30,0.001048554755,,,,,,-0.001754423992,-1.856724002e-05,-0.001438845683,0.0007202401096,-0.001615095992,-0.001496684661,-0.000436736339,-0.001485956444,-0.001763552208,-4.993901643e-05,0.001162982987,-0.00145866871,-0.004012183043,0.0001490309257,,,,,,,,,,,,0.002255616773,-0.0006854695171,-0.0003526186185,-0.001815765353,-0.0005079727396,-0.001277768699,-0.001251588438,,,,,-0.0004571038323,-0.001053383641,0.0001566699579,,0.001415331261,-0.001260273358,-0.00064828336,-0.0007317952237,,-0.0005814214738,,-0.001202962324,,,,,,-0.0006347958565,-5.003841588e-05,-0.002328477268,0.0006292154717,,0.008283664114,0.00783749217,-0.01067874956,0.007974272721,-0.01154163159,0.008393418203,-0.0001367918196,,0.002109911784,,,0.001526092858,-0.00259028337,0.001525888066,-0.0008639720794,-0.0008695504807,-0.0003255167483,-0.000553326485,0.0008951377184,0.0001161866626,,,,,,,,,,,-0.001227638896,-0.001514138435,-0.002339495142,-0.00218052836,-0.001166903273,-0.0002763389653,0.001836768677,0.002152263279,0.0007621871392,0.001033536657,0.0008173865056,-0.001272816374,,-0.001410509753
1978-05-31,0.002815315657,,,,,,-0.004917720215,-0.006322910611,-0.008228629083,-0.006596817927,-0.005761830329,-0.008854309725,-0.01417295586,-0.006029020534,-0.006610940289,-0.008448644625,-0.007935054812,0.006688046376,0.002189464367,0.007157022986,,,,,,,,,,,,-0.003919746857,0.0009548024207,-0.001275278779,-0.005059991551,-0.002012832,-0.00734902723,-0.009146940767,,,,,0.0005464035614,-0.01278622961,-0.00793174737,,-0.00701947286,0.0009783502042,-0.003379608846,0.009840048901,,0.008292588907,,-0.00239206383,,,,,,0.0059136186,0.008983794228,0.002819702944,0.008195687792,,0.005838689849,0.005838689849,-0.005416095186,0.006626269741,-0.005533792371,-0.006695074352,-0.007059466223,,-0.006679649536,,,0.01053395884,0.006095137757,-0.002905004708,-0.00601173336,0.01223060912,-0.005519542097,0.003389188033,0.009486451811,0.01145296684,,,,,,,,,,,-0.002766297365,0.00801316691,0.008518002376,0.007186223868,0.005837491757,-0.001979994162,-0.002930380036,-0.001317961603,-0.003990257761,-0.002996457554,-0.006328866707,0.00551995558,,0.008334779809
1978-06-30,-0.00440808732,,,,,,0.006784436583,0.005504456596,0.00510069922,0.007054640229,0.006166838007,-0.006523115068,0.007022553195,0.005428684115,0.006825381702,0.006535693967,0.005029211975,-0.005357706596,-0.004054114253,-0.004646938535,,,,,,,,,,,,-0.007157272226,0.006977673896,0.007798401354,0.006063962251,0.006886793201,0.007246704604,0.007048922985,,,,,-0.005036897662,0.008193589107,0.006979385392,,0.007154506238,-0.002664383949,0.005825478592,-0.006447926492,,0.004950816544,,-0.008722150118,,,,,,0.005830636032,0.004717403336,0.005467498522,0.004842538319,,-0.01404070768,-0.01439344424,0.01521375611,-0.01371783206,-0.01501720573,-0.01402671646,0.006437654613,,-0.005586589274,,,-0.006283441316,-0.005838604326,0.005537154703,-0.001263394452,-0.006928379807,0.005264506392,0.00282895625,-0.005248578333,-0.006275387682,,,,,,,,,,,-0.008139233571,-0.007119778571,-0.007546931237,-0.006632529158,-0.003225168728,0.004704342237,-0.003046235949,-0.002097069855,0.006825847462,0.007043278491,0.005292392287,-0.005845302235,,0.005074333971
1978-07-31,-0.001044825691,,,,,,0.001860664852,0.0006911175028,-0.001208335781,-0.001314278006,-0.002950004649,-0.003335865469,-0.002766255291,-0.003236949649,-0.002457199005,0.001817575043,-0.002503091989,0.0007721274854,-0.001404427996,0.002622355361,,,,,,,,,,,,-0.004289949779,0.001562482799,-0.001909474505,-0.001980109428,-0.003673750326,-0.001764746484,-0.006264350592,,,,,0.003115786678,-0.0009468538648,0.002979326817,,-0.0007254326964,6.600298565e-05,-0.002858665759,0.004601647974,,0.005568178177,,-0.004441512568,,,,,,0.001079629143,0.0007010723871,0.0007091879595,0.001863647676,,0.00356453939,0.00356453939,-0.001153844156,0.00409596614,0.003583003451,0.002553097921,-0.001488354385,,-0.002168887535,,,-0.0004356361636,-0.002420036306,-0.003957061403,-0.001976202941,0.001581212308,0.00339292408,0.001600297169,0.002714868751,-0.0005830925629,,,,,,,,,,,-0.002148644596,-0.001444845853,0.00200752771,-0.001431813098,0.003946290655,-0.001412631714,-0.002015090276,-0.001574413269,0.001472358655,0.001952964398,-0.002140473485,0.001118316521,,0.006204843784
1978-08-31,-0.001838821264,,,,,,0.000565927189,0.001326594354,0.001913086876,-0.002585267752,-0.001662555947,0.002231871681,-0.002092590192,-0.001030516983,-0.001474729281,0.001245510862,-0.001141711471,0.001831153242,0.001664723882,0.001805169756,,,,,,,,,,,,5.278972614e-05,-0.000282467291,-0.000990915434,0.0007884508339,-0.001028437194,-6.5616305e-05,-0.002818216025,,,,,0.002424082659,-0.001295723156,-7.811758586e-05,,-0.002268090592,-0.0007237132009,-0.0006594972462,0.004035959477,,0.003303193239,,-0.003571081938,,,,,,0.0005543308546,0.0004370778111,0.002712547324,0.0001239600928,,0.006409192063,0.005679778595,-0.003733664462,0.00645493873,-0.00365193455,-0.002662381986,-0.002881527504,,-0.002429411342,,,-0.002485461673,-0.001750698464,-0.002854806779,-0.002716425583,-0.0001268582917,-0.001614452755,-0.001060844767,-0.003626842338,-0.001329478979,,,,,,,,,,,0.001492413374,-0.002115740404,-0.002635411085,-0.002267129139,-0.0003838853965,0.001865994274,0.001743498205,0.001843068239,0.0006104410532,0.000777368863,0.001234929001,0.000167330899,,0.003151972606
1978-09-30,0.0005192281814,,,,,,0.0005649611244,-0.001653152034,-0.001901011697,0.002194682389,0.001807680278,-0.003051030012,-0.001146869387,0.0002024498133,-0.0001550249571,0.0006287118712,6.582064294e-05,-3.68483737e-05,-0.003017968258,0.0001263367999,,,,,,,,,,,,-0.002715930458,-0.001853850372,-0.001617542256,0.000467718002,-0.001144447664,-0.002267474424,-0.001480938834,,,,,-0.0009854628416,-0.00120179113,0.002626023553,,0.003360118468,0.002570928202,0.001225493114,-0.002245228419,,-0.0004289659455,,-0.003845251945,,,,,,0.002183302882,-0.0008788920326,-0.004659203288,-0.001164817336,,0.0006039253344,0.001398899945,-0.0002127301785,0.0006463390996,0.001164053863,-0.0004288030515,-0.0007391998326,,0.002556366668,,,0.003081192728,0.001960259248,0.0008196573034,0.001511915698,0.001246823159,0.001931316479,-0.00354132999,3.410664056e-05,0.001375862983,,,,,,,,,,,-0.002918271017,0.001310183493,0.0001585098097,0.001262364926,-0.0009357173188,0.001331467339,0.001050033659,0.001820973815,0.002185334401,0.002095231468,0.001041234507,0.001656619984,,-0.0003605606428
1978-10-31,0.001476777749,,,,,,0.004952912571,-0.007704494891,-0.001267777955,0.000172439571,0.007104684013,-0.001611606528,-0.005977466066,-0.00485626453,-0.001142415966,0.002805492456,0.003530204984,0.007130553468,0.001076713931,0.007041954675,,,,,,,,,,,,-0.0006028804392,-0.008446074531,0.002373860441,0.003032075496,0.002070976191,-0.001423773999,0.002185501954,,,,,-0.004481837328,-0.007096181668,0.005922884248,,0.003411285007,0.0005178576301,0.0001959785677,0.003527884826,,0.002979075002,,0.002434777975,,,,,,0.007241420245,-0.001726232543,0.002974794239,0.00329641363,,0.003428860024,0.002255157278,0.003010217598,-0.003637475677,0.004211685267,0.003629375508,-0.003016113102,,0.006152362558,,,0.002620911839,0.003964133586,-0.007575659901,0.0003243523021,0.003120148586,0.004294191353,0.004392087466,0.004089339789,0.0002717718327,,,,,,,,,,,0.004002333589,0.005750635205,0.005497305782,0.005519979167,-0.004093702921,0.0002708247185,-0.002152744411,-0.00158177646,-0.004325829733,-0.003512978993,0.002423992421,0.007243787555,,8.241140906e-05
1978-11-30,-0.0006372961716,,,,,,-0.004730576373,0.005901691852,-0.008019337337,0.005151220141,-0.001307720115,-0.00533122819,0.00155533069,0.0001866952329,-0.0005505780619,-0.005036945045,-3.559411452e-06,-0.0042087582,-0.009126652481,-0.003662126256,,,,,,,,,,,,-0.00740474209,0.004826848358,-0.004538921144,-0.0009780195672,-0.004473327352,0.0006600506958,0.002009163551,,,,,0.00561719058,0.006421595343,-0.001209246933,,0.005885814741,0.003786484534,-0.005733383013,0.003246560408,,0.01057601327,,-0.007583474661,,,,,,-0.001734065417,-0.001420904995,-0.003525975518,-8.717756164e-05,,-0.00704603166,-0.006077755616,-0.007066744113,-0.006818823628,-0.006405512704,-0.006632720735,0.0008461707204,,-0.004756673655,,,0.0003919932536,-0.002157419457,0.006700492788,-0.009138189258,-0.005978946043,-0.004923139203,-0.006024000356,0.003116598665,-0.0009678419976,,,,,,,,,,,-0.008150224155,-0.003358873799,0.0003741710787,-0.0001818416129,0.004845435041,-0.001386043959,-0.00262163816,-0.0005628284917,0.007677280013,0.008244168178,0.0002034143263,-0.001888279731,,0.01117810263
1978-12-31,-0.003440346762,,,,,,-0.002620684753,-0.0002020645714,-0.00201824289,0.001223038735,0.004745421064,-0.003636560264,-0.0002510325522,0.00286164018,-4.485633465e-05,0.00142096121,0.002859548254,-0.001427592851,-0.0003313482584,-0.001248431281,,,,,,,,,,,,0.0002559363606,0.00211481593,-0.001783020368,-0.002815415673,-0.002947035915,0.002353091755,-0.0005078095591,,,,,0.001733724474,0.0002085017474,0.001114047398,,0.0004382267516,0.002558465054,0.002347517724,0.003520641802,,0.003559997524,,-0.001580527975,,,,,,0.001252657583,-0.001922497958,-0.0005070519564,-0.001483053173,,-0.0002424729912,0.000754718332,-0.0008098805784,-0.001470723927,-0.002955458693,-0.002756570343,-0.003286018184,,0.00405961123,,,0.001560255398,0.002952583437,-0.0002942439112,-0.0002257246949,0.002523671161,0.001788295771,-0.0004026073115,-0.002653748602,0.0001688457261,,,,,,,,,,,0.0002729620051,0.002836358547,0.00253643397,0.0007391817059,0.003560732418,0.002278339947,0.0005365276642,0.001115647721,0.003656958391,0.003029746225,-0.001129603768,0.0007169884,,0.004016141444
1979-01-31,0.002407928907,,,,,,0.0002517355786,-0.000298716745,-0.002157963662,0.004349998617,-0.000698735074,0.001060361934,0.002696305062,0.0008784207176,0.001566848316,-0.003647966993,0.0005025450205,-0.003465478593,-0.001198512162,-0.001830604321,,,,,,,,,,,,-0.003183144976,0.0009288728526,-0.0004228120778,-0.001988897412,-0.001092441376,-0.0001299501385,-0.002075364866,,,,,-0.0009012402015,0.0001119562692,-0.001146775366,,0.001540238211,0.0034970512,-0.002550407492,0.0004199437059,,0.004040780206,,-0.006008288247,,,,,,-0.004003030523,-6.725166446e-05,0.003615878302,-0.001554161922,,-0.01069582988,-0.01069582988,-0.01236679581,-0.01045528864,0.01048213187,0.01148375043,0.0009853249723,,-0.002668717188,,,0.001725467413,0.001793773674,0.004379434945,-0.002257434356,0.0007203995006,0.0006288515778,0.001906404352,0.001428570501,0.001204447144,,,,,,,,,,,-0.00434458395,-0.0006045660233,-0.0001488540608,-0.0003206811939,-0.0006262214711,-0.0004352360798,0.0002285948069,0.0006962397424,0.005114516692,0.005596772936,-0.002197311617,-0.004188620724,,0.003957788837
1979-02-28,0.002060470171,,,,,,-0.00153426353,-0.0002271222641,0.002263574927,-5.379833528e-05,-0.001610052987,-0.001485723378,-0.003917571793,0.0009030140222,0.004378152202,-0.003005277884,-0.003712951817,-0.001743384547,0.0005889213868,-0.0002983846624,,,,,,,,,,,,-0.004951398866,0.002753428306,-0.000490878899,-0.0007459494117,0.0006324823833,0.0003455023211,-0.001371831063,,,,,0.0008940597615,0.000816026353,-0.00191494642,,0.004555220582,0.00457960891,-0.001366548819,-0.001692746639,,0.0003148411853,,-0.003337868868,,,,,,0.002931309071,-0.0005761920989,0.0007748869951,0.00212205029,,0.008591393401,0.008183428968,0.01035684425,-0.01120471003,0.00880003095,-0.008921713374,0.0004011486738,,0.003813633938,,,-0.0005845845561,0.0003481276476,0.001651647018,0.001466954068,-0.001570208347,-0.003319779672,0.0006795426014,-0.001018471901,-0.002036294628,,,,,,,,,,,-0.004007916833,-0.002140004229,-0.002316086267,-0.003446805752,-0.001458384789,-0.002513354947,-5.646258319e-05,6.298328289e-05,-0.0005366684651,-0.0009676602954,0.003024593905,0.003355463313,,1.318722555e-05
1979-03-31,-0.002004052717,,,,,,-0.001788228188,0.001300323559,-0.003272792731,0.001357457947,-0.002662935048,0.002426007486,0.001526247312,-0.00255612459,-0.004524402314,-0.0001679950828,0.002538241221,0.0005097852766,-0.002717388716,0.004638493606,,,,,,,,,,,,0.003811513984,0.001673003585,-0.004165964961,-0.002394293619,-0.00406000272,-0.004107716887,-0.004589684574,,,,,0.003668736096,0.002002458361,-0.001607331141,,-0.004305239956,-0.001298695502,0.0001492733254,0.001688765685,,0.006758489439,,-0.002871362921,,,,,,-0.004418633791,-0.0008557549064,0.001240725735,-0.001116973628,,0.005369992294,0.00564387764,-0.002873686155,-0.003950546308,-0.002915472083,-0.003526391585,-0.001947193462,,-0.004228830909,,,0.0003278324437,-0.0001492844605,0.003676661229,-0.003594865118,0.003807942792,0.001317604924,0.002595187587,0.004095002721,-0.0006799715707,,,,,,,,,,,-0.003266816869,0.0035560155,0.004595512971,0.003292684209,0.005233240589,0.0002479182315,0.004438391076,0.005873802324,0.003453903686,0.004218451643,-0.00360933746,-0.004056674044,,0.006843308916
1979-04-30,0.004264129869,,,,,,-0.0001544889915,0.002013619896,0.002854030761,0.002797330659,-0.00146707945,-0.002199497316,0.0003582520917,0.004270389968,0.005309701841,-0.003497831215,-0.003498971216,-0.004652128113,0.001667350074,-0.004469255865,,,,,,,,,,,,-0.003758266468,0.002678853283,-0.001467621616,0.002501739325,-0.0005250322461,0.003226646806,-0.0009598561813,,,,,0.001440787222,0.004409762831,-0.002722409761,,0.003055907917,0.006033508578,-0.003414253544,-0.00392179029,,-0.001229729144,,-0.002862777669,,,,,,0.001868942897,-0.002735648539,0.0065540933,0.002627901514,,-0.00444663016,-0.005071060757,0.003602628286,-0.001844911095,-0.00104529838,-0.001851313947,0.0003398684827,,0.004755633832,,,-0.002264608259,-0.004516803376,0.001051220704,-0.0009167284118,-0.001040370509,-0.003551119054,0.004266184891,0.001766829005,0.0003850585832,,,,,,,,,,,-0.003514385264,-0.002489986819,-0.003180021617,-0.001695633136,-0.00470405183,-0.00469075486,0.0003604472438,0.001002699132,0.0002582209142,0.000355177451,0.002130087098,0.001767347739,,-0.001671680719
1979-05-31,0.0004962612018,,,,,,0.001252814738,-0.003257021728,0.0002188484024,-0.002449390289,0.001782013268,-0.002171059505,-0.001184407208,-0.002036198451,-0.003518991742,-0.002012915881,-0.0006925453359,0.0002867780099,0.001639893565,-0.0009160062115,,,,,,,,,,,,-0.001121004355,-0.0008145555934,0.0001395641803,-0.001452490574,0.0008428020768,-0.001318125792,-0.0003862025701,,,,,-0.001251238955,-0.001740345939,-0.000724917358,,0.002909399127,-0.0007750593337,-0.001380080537,0.001304067367,,0.00296421527,,-0.004674206153,,,,,,-0.001717845611,-0.002784652426,-0.004662483196,-0.002067990747,,-0.0004157839744,0.001832948862,0.00143485448,-0.0007728168678,0.0001021960813,-0.002003325096,0.002687044165,,-0.001205710236,,,0.004250518025,0.001892898112,0.002087213707,-0.001319170553,-0.001764088413,-0.000212198684,-0.00380995179,-0.003027797221,-0.002416918066,,,,,,,,,,,-0.002118578268,0.0006307292831,0.0003698522325,-0.0008766991861,-0.001783887633,-0.0001245497545,-0.0009478756818,-0.0003604402533,0.00216676555,0.002561917577,-0.002520350804,-0.001703340773,,0.003293708689
1979-06-30,0.0001774539974,,,,,,-0.0006063183169,0.001068604147,-0.001401075731,0.003855322947,-0.001021710521,0.0004904448642,0.001110442812,-0.0004886174406,-0.001913635223,-0.001776541204,-0.0003415311233,0.0002290452811,0.0007896007284,0.0009223804396,,,,,,,,,,,,0.001637060775,0.0012791272,-0.004322788592,0.001279104845,-0.001996624906,0.0009553608923,-0.0002511684089,,,,,0.003682415363,0.0004457185487,-0.001393803504,,-0.0002209937943,0.004108611421,-0.001683624751,0.002042657937,,0.005457966096,,-0.001943607853,,,,,,-0.002237397111,-0.002475842542,0.003464785073,-0.0005959321497,,-0.0005506083308,-0.0008663158285,-0.001035227868,-0.001487201711,0.0005571630986,-0.001625799343,-0.0009874643506,,-0.002013740475,,,-3.661743958e-05,0.001647439733,0.001910510286,-0.00342250797,0.0003680243731,-0.0007685325063,0.003281719521,0.002302532193,0.00323771978,,,,,,,,,,,-0.0003906189412,0.002088611412,0.003018745493,0.003000722226,0.001349379825,-0.0003744254945,0.003614976931,0.003796762533,0.002378591947,0.002631863963,-0.003844410618,-0.003007297269,,0.00396416173
1979-07-31,-0.0001338097408,,,,,,0.001182823924,-0.001982260342,-0.001501922959,-0.0009914799277,-0.00336767643,-0.0005408477217,0.001397006461,-0.0009366377397,0.002198043517,-0.0002220728609,-0.001972565553,0.001375878768,-0.001308208514,0.001971826072,,,,,,,,,,,,-0.0003315370957,0.0008854961365,0.0008870083243,-0.0002804471583,0.001968926355,-0.0003634067247,-5.65465254e-05,,,,,0.0003520304954,0.0006170827697,-0.001057576452,,0.0006428147358,0.002095494661,0.001215553064,0.000188287053,,0.001623020127,,-0.0004874301991,,,,,,0.001875179624,0.003917356481,-0.00143023354,0.002846949609,,0.0008668546162,0.001258008004,0.0009183987635,-0.0009674228078,0.0002055261454,0.0002055261454,0.0009909817244,,0.00255453556,,,0.0008786448723,-0.001599383278,-0.0002652030725,0.002458461574,-0.0006778538032,0.0008270184962,-0.0024151272,0.001544824828,-0.0008719884864,,,,,,,,,,,-0.002121222318,-0.001449363712,-0.001281073597,-0.001278080439,0.0005860296182,-0.000825334572,-0.002254538827,-0.001716805594,-0.0001683260082,-0.0002483489785,0.001992423385,0.002087443821,,0.001819314323
1979-08-31,0.0003502476075,,,,,,0.001165494084,-0.001472912561,-0.001234275085,-0.0009285812175,-0.0009710032035,-0.001842421323,-0.001365838443,0.0002986800074,0.0004296526118,0.0002308541897,-0.001351509996,-0.0002094149154,0.0003914853899,0.0008585860341,,,,,,,,,,,,-0.0001586825491,-0.0009384848206,0.0001905700255,-0.0002117118003,0.0007602914395,-0.0006689531191,-0.002162737875,,,,,-0.0009738929137,-0.0006589760562,-0.001616126041,,0.0005025526914,-0.000714591918,0.0001043861821,-0.001174150122,,0.0008938196996,,-0.002644904778,,,,,,0.001428724807,-0.001294696969,-0.0007909830054,0.0003855623806,,-1.544948399e-05,0.001245058976,0.001248972563,-0.000763462475,4.382658824e-05,-8.306013941e-05,-0.0003091171719,,0.001214066441,,,0.0001281927473,0.0003185393003,-0.0001277643454,0.000145723926,-0.0005125916073,-0.0004492381281,0.001573853083,0.0008566673681,4.630910839e-05,,,,,,,,,,,-0.002993457593,0.0004355856093,-0.0004616836218,0.0004964133702,-0.001625401847,0.0005328588642,0.001686274898,0.002013673959,-4.21806581e-05,0.0001287254348,0.001187593724,0.001295886268,,0.00098063978
1979-09-30,0.007731885776,,,,,,0.001105668192,-0.002085439737,0.002582295287,-0.002159192735,0.0004532951889,-0.001824322789,-0.003286935849,-0.001464824844,-0.0002135934382,0.00150976843,0.002721966746,-0.0007088810929,0.001461809554,-0.0009417427841,,,,,,,,,,,,-0.001717994529,-0.0005771191304,-0.001996489971,0.001055074147,-0.002624653594,-0.003323963215,-0.002060586991,,,,,0.0007995798763,-0.001835420985,-0.0009651847916,,0.001309501201,-0.006822234308,-0.008710394578,-0.001000447398,,-0.007923464562,,0.0003865827789,,,,,,-0.001955181434,0.001079016848,0.0007249583521,0.0003588540136,,0.007979676822,0.007314675195,-0.005809250248,0.007268113375,0.005025407849,0.005492164936,0.001466092138,,0.000682292635,,,0.002546859987,0.0009371176693,0.0007773343812,-0.008092417297,0.001853423379,0.001889364098,0.001304303124,0.0005332007417,0.000840987875,,,,,,,,,,,-5.401604396e-05,-0.0003053477738,0.0005701267754,-0.0004509422332,0.006340660134,-0.00198216731,0.000983144788,0.0004408518852,-0.002705871084,-0.002769409009,-0.002426535954,0.0009941250389,,-0.008375457691
1979-10-31,-0.002012932151,,,,,,0.001553976251,-0.0008247818291,-0.004015554989,-0.005044591042,0.002765064293,-0.005525357389,0.001863272952,-0.0003487964679,-0.005152964516,-0.002544977867,-0.0001045787274,-0.004161942028,-0.003451835674,-0.003433784974,,,,,,,,,,,,-0.001775241038,-0.002730138174,-0.0001271689686,0.002552557198,-0.0002676449249,0.0003976004866,0.0005332774827,,,,,-0.0008223751034,-0.003287803361,-0.00524397996,,0.001667451498,-0.001552877124,-0.002755626674,0.004829426193,,0.006147323863,,-0.005811553724,,,,,,0.002114443186,-0.004326522914,-0.004692485703,-0.006926543048,,-0.002126537328,-0.003545297995,-0.003467756092,-0.001752544985,-0.002707732135,-0.004272954435,0.006256098076,,0.001185332256,,,0.005921229418,0.008065965723,0.002679109635,-0.004722720569,0.003360065136,0.004273517951,-0.005268283712,-0.002553135387,0.001318745218,,,,,,,,,,,-0.001358680316,0.004044245491,0.002555601257,0.005849432188,0.004195678823,0.001928843694,-0.002679292901,-0.002348912549,0.00546680564,0.005787241104,-0.002706647346,-0.0007481316538,,0.006605104473
1979-11-30,-0.004790062867,,,,,,-0.005610306857,0.004848638673,0.005462082327,-0.002292243959,0.004107771728,-0.002060753686,-0.002757713354,0.006976663264,0.002660669675,-0.002483386793,0.001964792934,-0.00139617342,-0.00400950154,0.003436236832,,,,,,,,,,,,0.003101746764,0.00573873327,0.00141469742,-0.002279182825,0.0007484170877,0.005900640185,0.00585306427,,,,,0.00437721384,0.007075919131,-0.002985270604,,-6.983735238e-05,0.004300736185,0.001894290454,0.002724702584,,0.009247596174,,-0.007377721105,,,,,,-0.001179781677,0.007793552641,-0.00377974935,0.0006557596323,,0.01169838521,0.01180534701,0.01200150775,0.01297954389,-0.0001965418698,0.001294582195,-0.002362899354,,-0.002047315443,,,0.001853983746,0.0008927031298,-0.00281911574,0.001331916708,0.002059958458,0.001658711909,-0.00328757767,-0.0003440273635,0.0002057160071,,,,,,,,,,,-0.004647060812,-0.0005715485308,0.0002984726932,0.0003021902013,0.002499699213,0.004668768807,0.002801063803,0.002967055528,0.006068893814,0.00688992539,0.001649725798,0.0007279444211,,0.00973154404
1979-12-31,0.001957624992,,,,,,-0.0008818682647,-0.001056702513,0.0004683437818,-0.00552848278,0.004167880357,-0.003236343355,0.000205747863,0.0002245260714,-0.002474920807,0.001597003043,-0.0002704424921,0.001359966403,-0.0001143991571,-0.00230527064,,,,,,,,,,,,0.0009918484717,-0.0001603888366,0.004020569662,-0.0006870695869,-0.0006214763379,0.003458796676,-0.0004044565685,,,,,-0.002613141009,-0.003639148747,-0.002602842424,,-0.001268521961,0.0008770151045,0.001368665792,-0.001136917717,,0.0003442035958,,-0.002148662551,,,,,,0.00166133124,0.0009831911344,0.0004847775837,0.0003489232864,,-0.008926364569,-0.008941539217,-0.00710616467,-0.006422293059,0.01308835464,0.01338501883,-0.00260172501,,-0.002844433477,,,-0.001873749683,-2.140783056e-05,0.001621032632,0.001723918997,-0.001495362558,-0.00191015239,-0.001418329429,-0.002556307355,-0.004264859935,,,,,,,,,,,-0.003332053488,-0.002964708246,-0.004738426507,-0.002468493086,-0.001027529754,0.001267234631,-0.0003363897521,-0.0001339156639,0.002111342111,0.001574419784,0.0004452261385,0.005030682717,,0.0005568728348
1980-01-31,-0.002424769098,,,,,,-0.001981328053,0.002954887379,-0.001141776732,-0.006188502866,-0.002324373673,-0.007758988978,-0.006645523203,0.006589022657,0.0005035952543,-0.001931306484,-0.002658876122,-0.002933546526,5.975317083e-05,-0.001716520175,,,,,,,,,,,,-0.006505599679,0.004260802102,0.008137515784,0.003809406505,0.006893641082,0.004664331984,0.0023889393,,,,,-0.001669574397,0.004196801461,-0.006852660723,,0.005984839431,0.004555509175,-0.001223757699,-0.00123672871,,0.002271943503,,-0.004786874852,,,,,,0.006965327227,0.003804261191,0.001580875539,0.004479075064,,-0.02099242034,-0.01427531898,-0.01544266373,-0.02044608091,-0.01365341832,-0.02167934707,-0.001204263107,,0.001587698963,,,-0.001296429692,0.0001913742829,0.004258564863,-0.003128172426,0.001116847578,-0.0002559694129,-0.002498958682,-0.0008120339892,0.001224736528,,,,,,,,,,,-0.005189582963,-0.006083157288,-0.006086756408,-0.005166877097,-0.00246260667,0.002284225234,-0.002580119987,-0.0002529145906,0.001062300287,0.001628761488,0.005455602354,0.005564750811,,0.003384193184
1980-02-29,-0.002581953219,,,,,,0.006924739911,0.0004951168128,0.002220265746,-0.005271039921,-0.01043772261,-0.008043902006,0.004137177587,-0.002626586747,-0.008997596292,-0.003676890826,-0.006184581316,-0.005915847043,0.002489226528,-0.006822492941,,,,,,,,,,,,0.00122246708,-0.006094088971,-0.008175763337,0.01027250631,-0.008017816365,-0.003495262902,-0.005139281455,,,,,0.00597323607,-0.000541680747,-0.007634901903,,-0.00417846716,-0.002825119925,-0.003626732153,0.005446197601,,0.004948630535,,0.005333361516,,,,,,-0.007452076347,-0.001194669679,-0.003334812073,0.004333609394,,-0.002083164303,-0.007643504832,-0.007316054353,-0.003135891863,0.005964707493,-0.002519414439,0.001789234299,,-0.006123279346,,,0.008403559191,0.00958622829,0.003195615827,-0.00670737764,0.00407442799,-0.001610144375,0.001492368854,0.01156689481,0.009352003707,,,,,,,,,,,-0.005263094947,0.01082806715,0.009493022127,0.0103397671,0.003175553713,0.0005794254879,0.000754093979,0.003499320718,-0.002963458162,-0.001289318678,-0.005771286069,-0.009677216889,,0.003244761076
1980-03-31,-0.004949386585,,,,,,0.0009647593194,-0.01723318168,0.01280597472,-0.005595259592,0.009519962852,-0.01205429028,0.01328414545,0.01305703392,0.01106551199,-0.01233503271,-0.02068478904,-0.01197840319,0.01291893957,-0.02157897027,,,,,,,,,,,,-0.009844275669,-0.0008890648011,-0.00302865462,0.01343973135,-0.001069006692,-0.01244567738,0.003347890243,,,,,0.0001837665037,-0.005782049607,-0.01588060499,,0.01089000358,0.01913522879,-0.005517403825,0.01569304114,,0.01575248055,,-0.007233673558,,,,,,0.01822724235,0.004639137056,0.005158153238,0.003038880651,,-0.02091357257,-0.002763068369,-0.007729427878,-0.02122026797,0.01191052655,0.01539088798,-0.001521870378,,0.009685619907,,,-0.009848177348,-0.01268667927,-0.01175741554,-0.01193182531,-0.01078922309,-0.01290165064,0.002034635549,0.004951972698,-0.004342288761,,,,,,,,,,,-0.01322901712,-0.01504236287,-0.01423496717,-0.009980714475,0.0137838761,0.005190061992,-0.009783878465,-0.00775905417,0.00918334676,0.009409031358,0.002854492725,0.01094605702,,0.01644476359
1980-04-30,0.0118103454,,,,,,-0.01549562373,-0.01407417901,-0.01990138683,-0.0256032216,0.02573634551,-0.02975370166,-0.0255097525,-0.01405827461,-0.00757747535,-0.0309036847,-0.02026496594,-0.02794670805,-0.01907224483,-0.01983319668,,,,,,,,,,,,-0.03197141094,0.01531987446,0.01845800687,0.005539305274,0.01688327991,0.02479440549,0.02617477466,,,,,-0.006655468275,0.0264691113,-0.02832069875,,0.02782895417,0.01067340569,-0.01829360246,-0.002256405063,,0.02798366942,,-0.0216799655,,,,,,0.01860856469,0.01270346801,-0.003972877426,-0.004497745774,,0.005458376109,0.005630339482,0.002066317249,0.005718133316,-0.002529547398,0.0003764241593,-0.01620440946,,0.007139471044,,,0.002241092247,0.006926646293,-0.006048148866,-0.01940661609,0.004626730272,0.01488768281,-0.002890543015,0.000486156079,0.005430387746,,,,,,,,,,,-0.02048769712,-0.01613512483,-0.01569157146,-0.01720860587,-0.01488752159,-0.005559953069,-0.01534110997,-0.01394241167,0.01119409533,0.01187397733,0.000691803966,0.001996486908,,0.02504849546
1980-05-31,0.0005853575652,,,,,,-0.006939428152,-0.004947555836,0.003049181478,-0.007901591358,0.008846083038,-0.006674891652,-0.004937520297,0.005582175361,0.001182553616,-0.00720954083,-0.005567715866,-0.008597073856,-0.001093421836,-0.002969072523,,,,,,,,,,,,-0.008362150193,0.01117583692,0.006192842751,-0.002741841404,0.003527061895,0.004623554107,0.0006402409915,,,,,0.001944583794,0.007640665943,-0.008151318408,,0.005324031625,0.007140313229,-0.00451736345,-0.004111143529,,0.0008886747377,,-0.009342709478,,,,,,0.00495857736,-0.001904267127,-0.009526205779,-0.00546189157,,0.06568954332,0.06807738952,0.06108263749,0.06796055844,-0.06551539763,-0.06472630276,0.001603243898,,0.002898506076,,,0.003408716393,0.001451275115,0.002343054996,0.0006491683371,-0.00348651147,0.001286566822,-0.009417261691,-0.005811045223,-0.007751549333,,,,,,,,,,,-0.0003230610879,-0.005545497446,-0.005490176447,-0.005092843931,-0.004563507482,-0.00307535657,-0.001940119367,-0.0006582651503,0.003055001575,0.003187272025,0.001349410682,0.001993471096,,0.0003639773782
1980-06-30,-0.007120776489,,,,,,-0.001578472517,-0.005239480519,-0.0006928236617,-0.002603385836,-0.0006132334481,-0.004780466727,0.002263841402,0.005360849994,0.003618778991,-0.003722263652,-0.003481034951,0.002519003755,0.001092412639,0.002475893057,,,,,,,,,,,,-0.004350533481,0.002815115465,-0.0002201739949,-0.005026993598,0.001318266397,-0.003578270404,-0.00238685327,,,,,-0.0009381613295,-0.005375680859,-0.004418343775,,-0.001008063212,-0.002674947181,0.006682417651,0.00163985688,,0.003795324832,,-0.002244674584,,,,,,-0.003576670981,-0.00316546177,0.0003743690401,0.0001080967779,,-0.02080771678,-0.01668029489,-0.01767096797,-0.01541457898,-0.007215689864,-0.01879178908,-0.006021735753,,0.0004383985702,,,-0.001462454871,0.0004145885142,-0.00141866614,0.0002467124185,-0.002855693591,-0.003491812751,0.002008645128,-0.00301543328,-0.002071373636,,,,,,,,,,,-0.002428161675,-0.003996692951,-0.0001123859228,-0.001564680503,0.004556491609,0.008587482374,0.0009768658395,0.002634484087,0.00902015138,0.009298333675,-0.001134443622,0.0006639152928,,0.00789808399
1980-07-31,-0.01253090177,,,,,,-0.01080144145,-0.0171006087,-0.009227459742,-0.0186424364,-0.008864581056,-0.02090831872,-0.01943720086,-0.004590657476,0.005553976814,-0.0149963505,-0.0192195678,-0.006769729251,0.01345498406,-0.007524749771,,,,,,,,,,,,-0.00447762926,-0.00512875857,0.002543895828,-0.01320720009,0.0002457996136,-0.00983788269,-0.00518188266,,,,,-0.0139178458,-0.01191798352,-0.02117631224,,-0.007881778732,0.01509029872,-0.01901539634,0.02303937138,,0.02967291397,,-0.004146159646,,,,,,0.002165430858,-0.01474803023,-0.01739342195,-0.01408275632,,0.01197270661,0.008983429446,-0.001937020766,0.00464701573,0.002209595116,0.004478680094,-0.000828604497,,0.001064659536,,,0.001859430198,0.0009685411721,0.002404132488,-0.02361969137,-0.01380905499,-0.005232180246,-0.0002455582011,-2.252305179e-05,0.005876406089,,,,,,,,,,,0.009468241273,-0.01248298038,-0.0111717955,-0.01243487749,-0.009029487784,-0.005242151439,0.02804048166,0.02970456412,-0.00515251151,-0.005095420833,0.003386752192,0.002923788715,,0.02905482004
1980-08-31,0.002177944186,,,,,,0.004517561942,-0.0005934843346,0.0006755568168,-0.005037390758,0.0005751842854,-0.003077106829,0.002459377521,-0.003504673985,-0.004662653272,-0.0007125721421,-0.002058072231,0.003076631668,0.0004347594596,0.001725506936,,,,,,,,,,,,-0.002600975399,-0.001613611482,-0.006517657104,-0.0003037068506,-0.005439282179,-0.0003198746038,-0.0002305369721,,,,,0.001969567637,-0.002918085848,-0.00603549621,,-0.004771921693,0.00270779637,-0.008247309873,0.001570157062,,0.009100875744,,-0.009813832744,,,,,,0.001908286193,0.0006381562654,-0.001626544873,0.00161630856,,-0.03285634632,-0.03140047527,-0.0250378667,-0.03441619008,0.03145758561,-0.03007862484,-0.004303915174,,0.003813522099,,,0.0005959236366,0.002533874241,0.00185973874,-0.008641692106,-0.001990286212,-0.003021612127,-0.001940684592,-0.004488275745,-0.004332008607,,,,,,,,,,,-0.006621243602,-0.007260542411,-0.004991134017,-0.007237826459,-0.0004439691142,-0.00228958922,0.00990369288,0.009842256988,0.005826889956,0.006454876777,0.0002134694745,0.002261836082,,0.007037368457
1980-09-30,0.004961715374,,,,,,-0.001224357032,-0.004676908163,0.001283436648,-0.001719761366,-8.358360925e-05,0.000693856126,0.001171431302,0.0001949421236,0.0009471706049,0.002159047202,-0.0002220018566,0.003740299474,0.002779646402,0.001707566487,,,,,,,,,,,,0.0006754411128,0.0001516519094,-0.002697038337,-4.389210271e-05,-0.002793735383,5.989023808e-05,-0.003761924521,,,,,-5.806992906e-05,-0.00112293377,-0.003430904538,,-0.00338500896,0.007814540257,-0.006388519796,0.0009299528974,,0.007404842734,,-0.005193740105,,,,,,0.005116402031,-0.002153283537,-0.002375037485,-0.001594299578,,-0.008708801612,-0.00883736253,-0.006919698476,-0.008708801612,-0.008772803915,0.004783074576,-0.0001688641678,,0.006884744051,,,-0.001040023127,-0.0008019635393,-0.003187737141,-0.005939005355,-0.003174254968,-0.001300343295,-0.003657495052,-0.003608211466,-0.003388377161,,,,,,,,,,,-0.00434377808,-0.003730811615,-0.002245618544,-0.003023377158,-0.005574816641,-0.002829288065,0.004820692557,0.005138228759,0.0001568923744,0.0004058818079,0.004721763429,0.005027715555,,0.005969630164
1980-10-31,-0.0004981766643,,,,,,0.003639302119,-0.005316201037,0.002178445703,-0.003687133707,0.001790457176,-0.002293869105,0.001760408681,-0.001396018846,-0.005017707868,0.003559887052,-0.0004878010657,0.005223746023,0.003116752153,-0.0002036193949,,,,,,,,,,,,-0.002993452686,0.0005772963776,-0.005214015134,0.003515102059,-0.004717511869,-0.0004225982273,-0.003371390741,,,,,0.001325926871,0.002540971009,-0.005961174674,,-0.001392110104,0.0007874094102,-0.00630743784,0.00383032854,,0.01045891895,,-0.003601652628,,,,,,0.0007858528943,-0.008187018332,-0.002750042353,-0.001620536869,,-0.001860826544,-0.001346642661,-0.0008104223973,0.001568329697,0.0008264490416,0.001579784945,-0.001688491253,,-0.001779481685,,,0.0009316610382,0.001053096829,0.002233416476,-0.006956598245,-0.004710570518,-0.00130167618,-0.004319666843,-0.002677748925,-0.003894836829,,,,,,,,,,,-0.0005667581811,-0.002414575826,-0.0007803443736,-0.005856516508,0.001000993461,0.001089615153,0.007859503342,0.008130500116,0.005154658442,0.005490622321,-0.001804838713,0.003013400366,,0.00961957294
1980-11-30,-0.006876398179,,,,,,-0.0005873455899,-0.005817427415,-8.329960216e-05,-0.003367650277,-0.004208421253,0.001302461379,-0.0004437501571,-0.002134970679,-0.006177911043,0.00597983396,0.001671844944,0.003517240626,0.002687211892,0.001021387953,,,,,,,,,,,,-0.00130985651,-0.000135799998,0.0007426584729,-0.0006590452036,0.001492951171,-0.004154935162,0.0008082726245,,,,,0.002864206135,0.001766450319,-0.003095872526,,-0.0005742326397,-0.00201638322,-0.00251614776,0.002307801922,,0.009119288634,,-0.006922847477,,,,,,-0.004628370522,-0.003371287041,-0.007361308125,-0.003709120648,,0.01734853868,0.01734853868,0.02228599172,0.02018960154,-0.01753947839,-0.01687022321,-0.004082753672,,-0.005628176836,,,0.004000231016,0.004061446378,0.002377246556,-0.005691590624,-0.001152105367,0.00362323075,-0.003652956768,-0.002724020449,-0.001030345303,,,,,,,,,,,-0.004428893683,0.0006073650397,0.0001387691359,0.002305328074,0.003629953141,0.004814419951,-0.001505876189,0.001673239887,-0.002606816495,-0.001965246547,-0.003344889444,-0.003369858231,,0.009614868111
1980-12-31,0.002234988829,,,,,,0.001461649372,-0.0009264353211,0.004016545219,0.005432941906,0.0003064372967,0.001039563122,0.002785705599,0.005307625852,0.001710124032,0.002610706255,0.005225197944,-0.001738531194,-0.002430676005,-0.0004580785897,,,,,,,,,,,,-0.003223663057,0.001367273163,0.00156842378,0.00495050062,0.00234477999,0.002661906737,0.001949417891,,,,,0.002850067631,0.003650980832,0.004300617536,,0.004434039072,0.003814784139,-0.00136469184,0.001732366183,,0.007723282577,,-0.004371381815,,,,,,-0.0009478961687,0.004016634306,-0.001270597454,0.001092023731,,0.01169113505,0.008538562183,0.007141436898,0.009902257155,0.005522423097,-0.01131037203,0.003992375455,,0.002840620124,,,0.003964502614,0.0006025360717,0.0003167350827,-2.047994626e-05,0.00294773844,0.001318475911,-0.002409764617,0.0004914430067,0.006333249288,,,,,,,,,,,-0.003579687086,-0.003313895991,-0.000553673276,-0.002374173825,0.0001433459924,-0.00417421736,-0.002084683788,-0.002005073661,0.005505725242,0.00522662425,0.003384155734,0.0002790747729,,0.004776644441
1981-01-31,0.002065017887,,,,,,0.0008599234864,-0.007028954235,-0.004893925567,-0.005974641312,0.00317036013,-0.002940258982,-0.0008345274463,0.002852771605,0.002299370104,0.005387847197,0.00497137228,0.006234345962,0.001368696621,0.004994536248,,,,,,,,,,,,-0.008652025423,-0.001074522464,0.001699105223,-0.001410287767,0.001064447711,0.001825899918,-0.002347967652,,,,,-0.001586015696,-0.001494217164,-0.00493096872,,0.001916568966,0.003996531745,-0.004035594025,-0.001665131841,,0.006509530596,,-0.004938070695,,,,,,0.009146484762,-0.003849272413,-0.003584180811,-0.002718593605,,-0.007377622618,-0.01242682768,-0.01348071812,-0.005689213978,-0.007900374604,-0.009995176914,-0.003679996856,,0.004997422172,,,-0.002465749044,-0.002235286822,-0.001929958818,-0.003401238918,-0.007089545069,-0.002596427903,-0.001684237497,-0.005202565862,-0.005288375897,,,,,,,,,,,-0.005427181595,-0.008597338753,-0.009345612453,-0.009186895398,-0.001356693088,-0.003229335111,0.002019863421,0.002044775061,0.002229781362,0.00199742764,0.004630936984,0.005564488711,,0.005535670508
1981-02-28,0.001743237289,,,,,,0.0002520589144,-0.0005140059497,-0.0008620348743,-0.001282652513,0.003002220479,0.002974677952,0.003656603601,0.0007809574297,0.0006701502911,0.002827552945,0.0007936679724,0.003925089218,-0.0008692677813,0.003705279154,,,,,,,,,,,,-0.001153836951,0.001365235525,-0.002332107381,-0.001179861484,-0.002513967875,-0.0005786907776,-0.001077362304,,,,,0.003436753215,0.001163947909,-0.002643634187,,-0.001071833686,0.006619186982,0.0007659070802,-0.0005471581452,,0.003555965241,,-0.004317093019,,,,,,0.00494842131,-0.00139753782,-0.00378803205,-0.002139431557,,-0.02589215514,-0.02554820247,-0.02207582544,-0.01929378599,-0.02143156324,-0.01986462224,-0.0006951430488,,0.004837868679,,,-0.0003768264025,0.0007241397841,0.002200220387,-0.000147679852,-0.002939435345,0.002672698797,-0.001969225621,-0.001332567807,-0.002067722536,,,,,,,,,,,0.001464044508,-0.002384304061,0.00265579386,0.001235201762,0.0003271342943,0.001611046611,-0.001831140456,-0.001740846782,0.002113666499,0.002939328419,0.0001344348151,0.004050607606,,0.003485893887
1981-03-31,0.0004395876897,,,,,,-0.0006878920035,0.001800560256,-0.0006825223864,-0.001721758557,-0.002200037118,-0.002221378045,0.001539304102,-0.003462672559,0.0004931927001,-0.0009631389137,0.001695704551,0.002401838938,0.003649248046,0.0009322123035,,,,,,,,,,,,-0.002514781248,-0.004040007372,-0.006611605433,-0.0007221228008,-0.006427276045,-0.004263059032,8.246224948e-05,,,,,-0.0001742475554,-0.001654340638,-0.002802795035,,-0.0002216965341,0.003503451464,-0.003664309136,0.002030095626,,0.006659957846,,-0.003747745232,,,,,,0.000958506782,-0.002953348493,-0.001713561623,-0.001753957503,,-0.01519677407,-0.01260032233,-0.01213826826,-0.0148047027,-0.01745756342,-0.0167960992,0.004040811048,,0.003960932723,,,0.002629620708,0.002430546409,0.003192789036,-0.002293235876,0.0009858182604,-0.001383247073,-0.0006935845579,-0.000727069645,0.0007063147084,,,,,,,,,,,-0.005078262205,0.0002940389102,0.0002866401638,-0.0001632348433,0.002720526376,0.001200199285,0.003140653765,0.003717886517,0.002603535357,0.002487346122,0.001264914199,-0.0002385388112,,0.00695276692
1981-04-30,-0.0004690087237,,,,,,0.004528740634,-0.001678627381,-0.01315254847,-0.007839071869,-0.001120977827,-0.005111977496,-0.002958841573,-0.008804046011,-0.0006510218951,-0.002957826326,0.0004445029147,-0.0002106087882,0.0026585699,-0.0003561520624,,,,,,,,,,,,-0.005098534589,-0.01099073964,-0.003261924243,-0.00125974718,-0.003800546625,0.0009625166141,0.004721648432,,,,,-0.001977392426,-0.006654641539,-0.00301253024,,0.001413094772,-0.00348158409,-0.01233041488,0.00094626443,,0.007400331589,,-0.008926578799,,,,,,0.0006747440174,-0.002814780512,0.0002141111168,-0.007763979049,,0.0009252587372,-0.001731950669,0.006997011515,0.001448377522,-0.001429157402,-0.001887786086,-0.004693189525,,0.00158232095,,,-0.003012360112,0.003011347501,0.0002260082855,-0.008929165521,-0.004636203434,0.0005772592234,-0.00205995614,-0.007306219849,-0.0008197867568,,,,,,,,,,,0.002306548377,-0.006265218272,-0.003539320136,-0.00746781096,-0.001120137285,-0.006564939493,0.008220222509,0.005924323051,-0.004074197843,-0.004386808603,0.001799310775,-0.001302672438,,0.006503051287
1981-05-31,-0.007180368679,,,,,,-0.001134806412,0.001758968475,0.0001534754777,-0.001463172906,-0.004145978964,0.0001172623884,0.003711719521,-0.002130436254,-0.001738961234,0.000781670914,0.0004284347177,-0.0001869745326,0.002248858478,-0.0006212150038,,,,,,,,,,,,-0.003723567357,0.001381871037,8.929271275e-05,-0.001774263279,0.0004047162886,0.0003145623869,0.0008982666772,,,,,-0.001490440815,0.002106847868,-0.004483155549,,-0.00195080775,-0.002578608246,-4.886901909e-05,0.003074247355,,0.0131805379,,-0.00246339756,,,,,,0.001107292571,0.001790937234,-1.705576727e-05,0.004629157889,,-0.02816593979,-0.02838472107,-0.03193721605,-0.02566244123,0.02466477171,0.02854634168,0.0007618992889,,-0.002819780654,,,0.001591841179,-0.0003168081512,0.001718835073,-0.006473092703,0.0003409633386,-0.001920854532,0.0005207024952,0.003390959264,0.001549739825,,,,,,,,,,,-0.00861541662,0.001113091298,0.0002555882358,-0.0002845747977,0.006890094194,0.008832051718,0.005103845418,0.006420544936,0.003775468025,0.005171387902,-0.000757718135,-0.0004196307619,,0.01234795357
1981-06-30,0.003681251197,,,,,,-0.001845816591,0.001623731797,0.0005254336221,-0.0001518721223,6.268158122e-05,0.00372844427,0.003449340203,0.006765429617,-0.000946803862,0.005364677348,0.00345903012,0.003776476379,-0.003726419333,0.002758037652,,,,,,,,,,,,-0.008400799219,0.002504048716,0.007955975374,-0.0003656974084,0.009154566968,0.00333348152,-0.0002041384073,,,,,-0.0009396657781,-0.0001077330544,0.001327829282,,-0.001404309716,0.009147286453,-0.002437076525,-0.0006110654126,,0.005932715657,,-0.009757785273,,,,,,0.007699477485,-0.002277119062,-0.005552475695,0.001269086446,,0.007478830246,0.002518893701,0.006898132841,-0.004223345151,-0.01159121694,-0.01110987618,-0.001151373134,,0.001079877553,,,0.006874259244,-0.001109667164,-0.003229044518,0.002172933332,-0.004089658504,-0.004371462691,-0.005244532726,-0.0003257351064,-0.003952606884,,,,,,,,,,,-0.01009913416,-0.003946788757,-0.007596163187,-0.006171542272,-0.004130541368,-0.002026191365,-0.003078733392,-0.001690770967,0.006935779643,0.008011159373,0.003657781516,0.00480351856,,0.004453512653
1981-07-31,0.006222825871,,,,,,0.002314554188,0.00299669497,0.001967160513,0.001453008942,0.001826203718,0.003000903863,-6.728818069e-05,0.001123339093,0.002705931646,0.0002567149172,0.002870680671,-0.0009506662159,-0.003381903946,0.0001507644221,,,,,,,,,,,,-0.003117165204,-1.479775063e-06,-0.002938834743,0.002326134035,-0.002980531131,0.00198477079,0.0009348009199,,,,,0.001270361022,0.001667249212,0.001287243017,,0.002530268218,0.006040349082,-0.001493870728,-0.002397800768,,0.0008261512883,,-0.004405608839,,,,,,-0.0002464343594,0.000922897672,-0.003352662676,-0.001081558355,,0.0009821776387,0.004288695361,0.007635353354,-0.009337209559,-0.007849128017,-0.007495941488,0.001306731953,,-0.0009901603825,,,0.0003749144532,0.001734979134,-0.001590737399,0.0013632128,0.0007513137769,0.001190438765,-0.0006614545016,-0.001035515126,-0.0002440104563,,,,,,,,,,,-0.003341188606,-0.003395442177,0.001234307892,-0.003005679389,-0.005703697538,-0.003431626198,0.0007091938239,0.001340236481,0.001018528655,0.00117280802,0.0006554363451,-0.001425780775,,-0.0002165382494
1981-08-31,-0.003709911358,,,,,,-0.001979099515,-0.002980481935,-0.004842892979,-0.004973138537,-0.001390556431,-0.004667219802,-0.0007303042468,-0.004662316698,0.002808036087,-0.0001874002885,-0.003754330646,0.0008211895675,0.004794944505,-0.004600345266,,,,,,,,,,,,-0.001247053763,-0.001615141454,0.00118535644,-0.001888551043,0.001125658368,-0.00224061276,-0.003816076873,,,,,-0.004541955694,-0.004254683382,-0.003285585012,,-0.005358713059,-0.001680324156,-0.004163943957,0.009380259689,,0.01120771974,,-0.005276270105,,,,,,0.002487703356,-3.555564512e-05,-0.002505470567,0.002625266559,,-0.005851259113,-0.008686499554,-0.00926031808,0.009157278185,0.005935442246,0.007128515079,-0.003483061898,,0.003204302447,,,0.0002713430448,-0.0001235405321,-6.867380452e-05,-0.007415964295,-0.001469527833,0.0003251134307,-0.004216672542,0.000715821489,0.0008713486979,,,,,,,,,,,-0.006797895888,-0.003076807658,-0.003362907847,-0.003506679287,0.002371124499,0.003816827895,0.004178487114,0.005583693868,0.003352189185,0.004762829112,0.001496898879,0.005981152001,,0.01047927341
1981-09-30,0.007044680413,,,,,,-0.008689029641,0.002546111201,0.004032617958,2.466654584e-05,-0.003028864337,-0.0005789308961,-0.002817003773,0.008215507696,0.007517601865,0.0007007164358,-0.001137001734,0.008542626562,0.002138824965,0.0077279266,,,,,,,,,,,,-0.001251504875,0.007561078721,0.007269818212,-0.00244683048,0.007712607789,-0.004333146197,-0.001312238778,,,,,0.004485933696,-7.733790387e-05,-0.003404159748,,-0.003449035573,0.01266836707,-0.005179681749,-0.0002133782622,,0.007259610842,,-0.0103936911,,,,,,-0.000421050279,0.003029698364,0.00672225542,0.001687752355,,-0.00513944653,0.002316262494,-0.003660132205,0.002074620526,0.000773917056,0.006972519662,0.0007394706016,,0.006112485104,,,0.00224053231,0.01174883478,0.00309452355,0.0006634298307,0.0023248707,0.004207587521,0.004720558344,0.002459912485,0.005610743632,,,,,,,,,,,-0.005601560024,0.004495893197,0.007632184467,0.003916290831,-0.001599846464,-0.008588727223,-0.0007497039617,-0.0002249405664,0.006935788875,0.007443763216,-0.001793625823,-0.001795879672,,0.005994173926
1981-10-31,-0.01438801943,,,,,,0.01435503203,-0.006717717402,0.000396141577,4.603921128e-05,-0.0004101100344,0.006021771549,0.005950301884,-0.007561643483,-0.007824284261,0.003311256626,0.005825446669,-0.009454933805,-0.003179538773,-0.01443390726,,,,,,,,,,,,-0.008941818135,-0.004732054144,-0.007955399599,0.007274084109,-0.008288083533,0.008528825205,0.008101267561,,,,,0.001136063803,0.00646245382,0.002068694108,,-0.001723703881,-8.200847794e-06,-0.006298348737,0.005167427332,,0.02574438091,,-0.01722107817,,,,,,-0.002777875101,0.007601920948,0.008042579609,0.007940517864,,0.005064545382,0.002179400256,0.001863621647,-0.008378195663,-0.008908363363,-0.004059583253,-0.009574234513,,-0.004640782549,,,-0.0008253289638,-0.005575844611,0.001590764577,-0.01674462437,-0.001445681837,-0.003708353803,0.003780952522,0.006058670953,-0.001049158809,,,,,,,,,,,-0.02140178157,-0.009286303727,-0.01006725045,-0.00624976519,0.008562800226,0.02041114194,0.0001516838697,0.002653753131,0.005212337542,0.007803580732,0.001135241706,-0.0005242786131,,0.02550318706
1981-11-30,-0.01059627742,,,,,,-0.0008061007338,-0.0007400576433,0.00352727827,-0.003403991569,-0.002686502934,-0.002512193014,0.001580370856,-0.003473098468,-0.00600196292,0.004966551883,0.005205555627,0.0005260230155,0.0004877457222,-0.001131652561,,,,,,,,,,,,-0.007649171151,0.001477709471,-0.007351959737,0.001711362977,-0.007408127461,-0.0006629939829,0.002286389655,,,,,0.002675578352,0.004286113854,0.000190107003,,-0.004484055708,-0.0009281180324,-0.002830401823,0.006330653641,,0.01658325738,,-0.009935129441,,,,,,-0.006842812963,-0.003451202474,-0.002912037659,-0.004853824213,,-0.006050588515,-0.002835609742,-0.006950283577,0.004493495336,0.003569314265,0.004088036559,-0.001899995022,,-0.003641247929,,,-0.003900016272,-0.005653070306,-0.003808153249,-0.01052948374,-0.008637226799,-0.007257579841,-0.002663329621,-0.006711595323,-0.006742154556,,,,,,,,,,,-0.004103110872,-0.006719080896,-0.01034779577,-0.01112818237,0.008368125422,0.004815141991,0.01582811302,0.01604644373,0.004888264386,0.005754770342,-0.002887046099,-0.005645183376,,0.01735462544
1981-12-31,0.004704092805,,,,,,-0.005629183872,-0.002529833592,-0.0001974367121,-0.005312510193,0.002443804971,-0.001749169605,-0.003827122694,0.002632415561,0.009283536923,-0.003605467185,-0.000772008826,0.002388281404,0.000731050771,-0.0009350036858,,,,,,,,,,,,-0.002470062866,-0.0003479734905,0.005281323809,-0.008231425644,0.005090979874,0.0001759025659,-0.006549868031,,,,,-0.007765443817,-0.006249715443,-0.004943933275,,-0.005199247833,0.001940423446,-0.01134017754,-0.002136820337,,0.009342124209,,-0.002853237829,,,,,,0.005412995494,0.002823755865,-0.006053942214,-0.005782628955,,0.006113392928,0.00683151161,0.009486398139,-0.01156503608,0.005648787975,0.006613542857,-0.001664969373,,0.005731342376,,,0.0005707779864,-0.001450105809,-0.003649020579,-0.007198582245,-0.001289801688,0.00762790411,-0.00982080721,-0.006824273146,-0.005747261013,,,,,,,,,,,-0.006660651978,-0.004303650708,-0.004984827103,-0.003083621998,-0.006525774234,-0.01047699348,0.004601027292,0.005242732372,0.005589824691,0.004048652437,0.006600192576,0.002853896877,,0.007003927987
1982-01-31,0.002103545369,,,,,,-0.003358646659,-0.002866149921,0.001177461706,-0.0002281316539,-0.000873691676,0.001737109706,-0.0008207231518,0.00416628103,0.002444697894,0.001227000165,0.00165065125,-0.0001518232107,-0.003012845012,0.000374356893,,,,,,,,,,,,-0.006305564132,0.002558296514,0.005019935187,-0.003769658521,0.005366922774,0.001799652792,-0.002007936229,,,,,-0.003197611578,-0.000981224409,-0.001680282817,,-0.002112877863,0.008124173663,0.001579796564,-0.004599536478,,0.004909178967,,-0.00631482624,,,,,,0.002226207579,-0.003879642253,-0.004550716841,-0.00201160666,,0.001877357969,0.001309924651,0.00274536729,0.002638896501,0.001439674389,0.0009462631301,0.0003355070791,,0.002764527072,,,0.002485544859,-0.001819565653,0.0005682146716,0.004914032727,-0.002488242332,0.0009562201116,-0.004072190192,-0.003008481346,-0.004056081447,,,,,,,,,,,-0.004150186434,-0.003416125381,-0.005302776779,-0.002576032548,-0.002204002185,0.001213873255,0.0001487171464,0.002476004892,0.01035739884,0.01067276646,0.003483991412,0.002295309875,,0.006635949214
1982-02-28,-0.005098832355,,,,,,-0.00106426532,-0.002886320731,0.003408579597,-0.0006172819323,-0.0002144832952,0.005366951508,0.004366573335,-0.0002142039152,-0.003406670939,0.0005656721145,0.0004353912373,-0.0006810606356,-0.001833890145,-0.003534316402,,,,,,,,,,,,0.0001891188735,0.003235009807,-0.003109972692,0.001459260814,-0.002969206418,0.000371769006,0.005802594497,,,,,0.004075682024,0.003582545401,0.0009440643061,,-0.002314557662,-0.0006467148653,0.0001047396301,0.007222374921,,0.01072525476,,-0.001450211593,,,,,,-0.002607074648,0.0001437262087,-0.003899010451,0.002892907933,,0.001660189272,0.007431034056,0.009790968018,-0.006127465506,0.0008967074505,0.008009314763,-0.00299450787,,-0.002054087673,,,0.0028145831,0.003104388202,0.002545961838,-0.003010990231,0.0004890397207,-0.0005575406185,-0.00201248524,0.002012242537,0.001701435266,,,,,,,,,,,-0.002747787598,-0.0005884135014,0.002205430371,0.0001075434529,0.005120577474,0.003841026808,0.002749731925,0.007515657558,0.005214452449,0.007535462022,-0.003259223329,-0.002516506652,,0.009554166409
1982-03-31,0.005435644334,,,,,,0.001249669146,0.002234796532,-0.004010128712,0.001683975783,0.002192027568,0.002243906938,-0.0007632638837,-0.00290850394,0.006248479496,-0.003841629499,0.001820404753,0.002521921486,-0.00297281719,0.004069437388,,,,,,,,,,,,-0.00103995552,-0.005041915246,-0.0005979572458,-5.13273404e-05,-0.0007512319273,-0.0001208166027,-0.0003977467178,,,,,-0.005728390287,-0.006268169493,-0.0001688493935,,-0.002841024162,0.001814153829,-0.0109319932,-0.003390522497,,0.004422260314,,-0.002656738813,,,,,,0.002238403983,-0.00223210885,0.002462911907,-0.004952615152,,6.042143891e-05,0.003177048225,-0.0100396509,0.008599805175,-0.002278413343,0.001613935883,-0.001538969116,,0.004144515269,,,-0.00328466272,0.003564418075,-0.002290929143,-0.006411030494,-0.004262006962,0.00525220015,0.001703012945,-0.004463706575,-0.005348003735,,,,,,,,,,,-0.009957887405,-0.0004131479526,-0.00526263035,-0.0005077113668,-0.005050748697,-0.008866470408,0.004549969149,0.002825271766,1.266450815e-05,-0.0003856649375,0.001829686914,0.002244008316,,-0.001203632811
1982-04-30,0.0006129605189,,,,,,-0.00372789649,-0.001316261115,0.007452029084,-0.001794940527,0.001516676241,0.004829792904,0.003035359982,0.006049008868,0.00123770246,0.005675152835,0.004127669048,0.008173089685,-0.005563678454,0.008808385764,,,,,,,,,,,,-0.002444443776,0.00570615865,0.003020607561,-0.0003248612515,0.003682103352,0.0003852983761,0.001615879069,,,,,0.004886791087,0.002651986297,0.001700185847,,0.001180824068,0.007906503258,0.00401237703,0.001554879867,,0.002711445751,,-0.006302498382,,,,,,0.001404363595,0.0004960846878,0.001434964723,0.0002866610307,,0.0007601237747,0.01843448073,-0.0005833161793,0.01754483278,-0.02359567736,0.0004156481258,0.001751777719,,0.0003541644717,,,-0.00210850915,-0.002557316781,-0.002307351715,0.002908396317,-0.001216025616,-0.0041174332,0.003314546044,-0.001561225266,-0.001321430046,,,,,,,,,,,-0.004298525827,-0.004052693944,-0.002649175927,-0.004771338647,0.0007882887077,0.005897357271,0.003500470441,0.004642716075,0.00642667493,0.007315524293,0.001496586829,0.003447844698,,0.00307738497
1982-05-31,-0.0009242970731,,,,,,0.001562237402,-0.001488427294,-0.0003361419279,-0.005224891319,-0.002813057567,0.0009223152186,0.00199015509,-0.001425197411,-0.004593497951,0.004246497273,0.001288360466,0.005963941738,0.001510636275,0.002532379667,,,,,,,,,,,,0.0007104514215,-0.0001145344648,-0.001716687499,0.002727520397,-0.0016876258,-0.003990168581,0.001099418347,,,,,0.004771645961,0.005162861397,0.0009031896859,,-0.004613650312,0.003029701428,0.002631188329,0.004773177456,,0.006507607557,,-0.003546465841,,,,,,0.0009438450395,0.001131176415,-0.001423677786,-0.0008649642645,,0.0002291192892,0.004685885744,0.000368723341,0.002661156543,-0.0009307160151,0.0002852791795,-0.003058215174,,0.001302413267,,,-0.001902144939,-0.00234183364,-0.002472031878,0.001768818353,-0.0004159189867,0.001438019155,-0.001405827901,-0.0005590088102,-0.002308719402,,,,,,,,,,,-0.003461147961,-0.00431356538,-0.001707002013,-0.002813495409,0.001701601321,0.003138066494,0.004731902533,0.006149167785,0.005273200157,0.006272119886,0.002698203716,0.002773833955,,0.006232359036
1982-06-30,-0.006432001643,,,,,,0.002286747096,0.0005635455485,-0.003616090196,-0.006844720877,-0.0006441642977,0.004340966147,-0.005258859652,-0.001741003174,0.0008753866468,-0.003986209797,-0.003752731741,-0.00167207021,0.002673799533,0.0008168092198,,,,,,,,,,,,0.002055211996,-0.004982188388,-0.004151703518,0.001273358392,-0.003991027942,-0.001263790214,0.00277471203,,,,,-0.003661931588,-0.003048152878,-0.003031407691,,-0.004462588954,-0.004318634554,-0.002958951845,0.00493556909,,0.006589478521,,-0.005858223858,,,,,,-0.004602373085,-0.001202046531,-0.003402721938,-0.0008392803681,,-0.008095206976,0.006687094168,0.006108885314,-0.00891869053,-0.006289355581,-0.005773720836,2.792027349e-05,,-0.003410996563,,,0.004993074387,0.004862065642,0.00344850409,-0.007191008201,-0.001199861752,0.00530204061,-0.001988588592,-0.001484263675,-0.003992919459,,,,,,,,,,,-0.002472659631,-0.0006303204528,0.002030547271,-0.001156548816,0.005607317573,0.005100702324,0.003960388853,0.005502776407,-0.0002176040913,0.002657389626,-0.004348075067,-0.00336270186,,0.00636420526
1982-07-31,-0.003015270807,,,,,,0.003621559273,-0.0008452865526,-0.0005893068509,-0.003360997402,-0.0002620136789,0.001027127328,-0.002333592798,-0.000857098226,-0.0008013366816,-0.001257749189,0.00538484094,-0.0007140642496,-0.003875901496,0.0007769537877,,,,,,,,,,,,-0.004113179321,-0.003908059329,-0.001589734512,0.004337671448,-0.00156297274,0.002171476573,0.005559938091,,,,,0.0007885858131,-0.0002977365051,0.004481889243,,-0.0003504270002,-0.0009494821554,0.001619450426,0.00406013431,,0.004306627173,,-0.001267297496,,,,,,-0.0005975754903,0.001963456998,0.001465914261,0.002465253135,,0.01679075829,-0.01676951915,-0.01822120247,-0.01343138688,0.01000417706,0.0165660772,0.0008078595672,,-0.001234476135,,,0.004763782617,0.001353245956,-0.000782160806,-0.002967931987,0.001301462191,0.002700632328,0.001846014347,0.001914464412,0.00128068259,,,,,,,,,,,-0.001441257988,-0.000813689827,-0.002395682337,-0.003468311493,0.002713749651,0.003435860217,0.007988588719,0.006279477591,0.003792627978,0.002514849306,-0.0006107343237,-0.003764975297,,0.003766758736
1982-08-31,0.007016035337,,,,,,-1.122935323e-05,-0.004649699358,0.0103226877,0.002725354975,-0.002846332072,-0.01190102956,0.004647840255,0.001585223386,0.001991033029,0.006558325581,0.007994387668,0.007516945862,-0.009913712953,0.003533196976,,,,,,,,,,,,-0.01152663588,0.006550451744,-0.001358993389,-0.002769837023,-0.001607883093,0.005694788553,0.003767315471,,,,,0.001395993174,-0.001410420321,0.0118308763,,-0.003182395283,0.01245822637,-0.004530569047,-0.00528389049,,0.01043244758,,-0.01140194417,,,,,,0.001652429115,-0.001225024617,-0.006855394887,-0.00838363472,,-0.0260890998,-0.005378124521,-0.02065209313,-0.02679520167,0.004528527054,-0.003946576165,-0.006413863027,,-0.0002818949045,,,0.004699066925,0.000850790107,-0.001610406062,-0.0003343838722,-0.004397806156,-8.86682553e-05,-0.008328322319,-0.01093442325,0.0006156616781,,,,,,,,,,,-0.005099767849,-0.009909956903,-0.01236631231,-0.01284825227,-0.00631227644,-0.006118102036,-0.0001469163556,0.003185134053,0.01075240713,0.01034112434,0.001797788236,-0.0007492342586,,0.009825501303
1982-09-30,-0.003343375065,,,,,,-0.01081297257,-0.00897697688,0.000627539235,-0.02142264546,-0.01161929621,0.01571789977,-0.00283741725,-0.006188349162,-0.0005955348659,0.01739838525,0.0081272291,0.01969231015,-0.002457252686,0.00733463311,,,,,,,,,,,,0.01544337028,0.006765772673,0.009107419088,-0.003172079019,0.0105010175,-0.005514107711,-0.006816813171,,,,,0.004444798906,-0.001696775585,0.00322161098,,-0.007216228146,-0.002122786688,-0.007317133942,0.01074506144,,0.0205628307,,-0.01870999078,,,,,,-0.00408261609,0.02054460661,0.003856099427,0.005876980173,,0.01405172112,-0.00876266478,0.01175533648,0.0221320979,-0.006933057897,0.02239570255,-0.004092143025,,-0.003299524258,,,0.009834101793,-0.0002219302299,-0.002475535335,-0.0147083168,0.01053595465,0.005722824145,-0.002772294749,0.004501900007,-0.007843543979,,,,,,,,,,,-0.005511443608,8.651802072e-05,-0.0007083362903,0.0003104669337,0.003717040575,-0.005720236177,0.000380791514,0.008493791704,0.008087488145,0.007954477495,-0.005606495405,-0.009295053654,,0.0210471695
1982-10-31,0.01110914238,,,,,,0.004861406026,0.001937205255,0.002694419795,0.005157624245,-0.001328175204,-0.001819191471,0.006664742068,-0.003037135604,-0.007426266895,0.002381205485,0.0008994646449,-0.00251271324,-0.006424897985,-0.003702543702,,,,,,,,,,,,-0.001503734879,-0.0002460587133,-0.003647657315,0.003543786936,-0.004717132319,0.001731713613,0.003798742234,,,,,0.003780656422,0.004499778436,0.006795363459,,0.000827416479,0.01319807385,-0.009854746851,-0.007873332928,,0.0006193166537,,-0.00662009497,,,,,,0.004955701265,0.00465860243,0.009406942104,0.004165564242,,0.001254605779,0.0009536583858,-0.002365439901,-0.003433173362,-0.01620180285,0.006898272001,0.0008805799867,,0.002907696334,,,-0.001234822203,0.001527534915,0.0002211771353,-0.004453992046,0.0004459050024,-0.001048270852,0.006844984056,0.0007654330472,0.00139506581,,,,,,,,,,,-0.005097657879,-0.00587047197,-0.005960208271,-0.01056343234,-0.01159521444,-0.0103544272,0.001883221342,-0.0005889446643,0.003693759471,0.001939305312,0.003881238596,0.001198714781,,-0.0001203957218
1982-11-30,-0.001216806615,,,,,,-0.006187783783,-0.002789278615,-0.01145376281,-0.01113500487,-0.0005990012385,0.01193032689,-0.005362517775,0.004073544681,0.006143041766,-0.001774596931,2.626322721e-05,-0.0004025230845,-0.0007822949437,-0.001651402001,,,,,,,,,,,,0.01269043639,0.00412114966,0.005514742729,-0.009107959961,0.007135841612,0.004470420897,-0.01162823824,,,,,-0.00828322635,-0.007003014732,0.00908920018,,-0.002492021032,0.0008663189344,-0.00313146827,0.0009316193771,,0.01242520962,,-0.009538112889,,,,,,-0.005241703605,0.002335474665,-0.009075855605,0.004802512154,,-0.01171674535,-0.01171384995,0.005783430216,-0.01330848163,-0.01114763493,-0.007280104083,0.001158797619,,-0.006967625377,,,0.006030186084,0.003492593309,-0.00284771827,-0.007937528113,0.002204575819,-0.007446714649,-0.01030077668,0.003145521546,0.004337987941,,,,,,,,,,,-0.01555191524,-0.009233331174,-0.009233715453,-0.009652169944,-0.0002144735443,0.0008394891704,-0.006279293394,-0.001988760684,-0.001584483841,0.0004596913956,0.005078533329,0.0048945833,,0.005790085335
1982-12-31,-0.003492721963,,,,,,0.001826944211,-0.0003652013727,-0.001781284561,-0.003701390431,-0.003016872687,0.004188055284,-0.0004988438972,0.0005912093486,-0.001958552018,-0.002277973489,0.0001498872281,-0.001228945508,0.001041773843,-0.001835963695,,,,,,,,,,,,0.003715772298,0.00144273521,-0.0004691143032,0.001372951438,-0.0003948947401,0.002577449813,-0.002914836129,,,,,-0.0001279232663,0.0008309892006,0.0003010904745,,-3.086243846e-05,-0.0005456282211,0.004050522506,-0.0003821679805,,0.005748854405,,-0.001337709905,,,,,,-0.0004497211344,-0.0003429489965,-0.001043946276,-0.000655686228,,0.01456052733,-0.006352683681,-0.01633649873,-0.01016498626,0.006304097403,-0.01522892861,7.160115748e-05,,-0.0005730692517,,,0.00186020664,0.002396807745,0.004788903385,0.0003657676195,-0.001291352092,-0.002519295345,-0.003254303858,-9.360087811e-05,0.001128403546,,,,,,,,,,,-0.002888067627,-0.001456243932,-0.0005521323921,-0.0004640276929,0.003608817948,0.003939625982,-0.00141910252,-0.002261914081,0.001125313043,0.001340383517,-0.0003259648471,-0.0008021798322,,0.007952254665
1983-01-31,-0.004672732064,,,,,,-0.003670370488,-0.005862982247,-0.003688391735,-0.006840019797,0.004852785679,0.004624536851,-0.002615942476,0.001547996226,0.003477024166,0.0009517206775,0.004693787892,-0.000803059595,-0.001319205397,-0.001194536005,,,,,,,,,,,,0.00322415404,-0.0009433992346,0.002606929789,-0.00328017843,0.002670961167,-0.001326188736,-0.002214146524,,,,,-0.002491339444,-0.005638751161,0.001846631677,,-0.004516707077,0.001720497415,0.003596943477,0.005233692735,,0.008369213654,,-0.005509277962,,,,,,0.004172764435,-0.004323281168,-0.004752473949,-0.005771455767,,0.005940942281,0.003911754264,2.176088437e-05,0.00627379898,-0.005868612721,-0.005076061572,-0.004087811014,,0.002434464642,,,-0.002950745245,-0.002370940002,0.001571494437,0.002064901086,-0.005659959634,-0.003544262178,-0.006563265734,-0.007785634544,-0.003505823286,,,,,,,,,,,-0.001595809493,-0.003856114863,-0.003384667899,-0.004788131072,0.00254213152,0.007864015681,0.00183863817,0.006173004588,0.00645066531,0.008942070208,0.004519933963,0.004098576704,,0.01234323557
1983-02-28,-0.000598252535,,,,,,0.002147102081,0.0007474516286,0.004137141153,0.004165102222,-0.004483512905,-0.003178565747,0.002090034616,0.002322635885,-0.006193974511,-0.001715240963,-0.001831430849,-0.00174602586,0.002075461131,-0.003687177936,,,,,,,,,,,,-0.002372756707,0.002631972143,-0.002828018838,0.003166830821,-0.002858329929,0.001244848746,0.005375463202,,,,,0.005339642132,0.004677010718,0.001651728411,,0.002263966783,0.001369258605,0.002455089025,-0.001183054822,,-0.0008254692121,,-0.0006079139706,,,,,,-0.004394434786,0.001011921114,-0.0005306823646,0.001990191348,,-7.110728129e-05,0.006031618479,0.0002744565495,0.002720439897,0.005788348036,0.00319067674,0.002357402589,,-0.003850892184,,,0.004859677298,0.001248455772,0.0001935668717,0.002692935437,0.005394897323,0.001091080747,-0.002545614083,0.006644237799,0.003025207495,,,,,,,,,,,-0.005302453496,0.002122004888,-0.0002128965493,0.001685080957,0.001330927918,0.002334379948,-0.0006468578596,-0.001634285586,0.001716931957,0.001153999593,-0.004472595294,-0.004967663464,,0.003236669947
1983-03-31,0.005669464438,,,,,,-0.004542239533,-0.003842463694,-0.004359638566,-0.00596904751,0.002727805448,0.001683458084,-0.00278372718,-0.001210032911,0.003095362272,0.004075812216,0.007318947639,0.004283640841,0.0008096594677,0.003199396369,,,,,,,,,,,,0.003075888556,-0.0007244554474,0.0008261979517,-0.001008295334,0.0008704933939,-0.001506895216,-0.001364341433,,,,,-0.001960161011,-0.005155922334,0.006500915067,,-0.00336890535,0.008170403259,-0.001472267137,0.001596379746,,0.006832050074,,-0.007538632699,,,,,,0.003563685273,-0.003597798697,0.0009469167494,-0.004143445257,,0.0005615653362,-0.001941025962,-0.0002090562672,-0.005465932194,0.006173025876,-0.00171260037,0.002461527874,,0.005058493547,,,-0.005718412072,-0.003689667739,-0.002005237203,-0.001193267682,-0.009331081492,-0.004654680934,-0.0008544618654,-0.004944980768,-0.007014559211,,,,,,,,,,,-0.008061988381,-0.01086557607,-0.003539522866,-0.006271342316,-0.00536501074,-0.001540879731,-0.0008457101314,0.003711841244,0.003380289596,0.005542614383,0.00242634104,0.002919037481,,0.00331547198
1983-04-30,0.005869745683,,,,,,0.000146586739,-0.001439207087,0.002846715946,0.0007528429537,-0.002302531855,0.001228167983,0.001645351097,0.002699250081,-0.001306685775,0.0003996800399,-0.0009018000191,0.001038707435,0.001776348004,0.0002294816903,,,,,,,,,,,,-0.0009915777801,0.004653078239,0.002711112208,0.0004652594628,0.002678231063,0.002319048269,0.001797666138,,,,,0.0001675568032,0.00385326424,0.0008348712776,,0.001549362139,0.006919077468,0.004828849665,-0.00147441354,,-0.0005774418416,,-0.001315887654,,,,,,0.001381576812,0.003503885212,-0.000548681929,-0.0009329613717,,-0.002160706939,-0.0009422553057,0.0002487932935,-0.002758624772,-0.002304231353,-0.001326161054,-0.001335312785,,-0.00102290976,,,-0.002648246178,0.0003225952194,-0.001469457519,0.007228175801,0.002372751374,0.00404059221,0.0006147935184,-0.001430642462,0.00282506102,,,,,,,,,,,-0.0001885998917,-0.003099908018,0.001347811862,-0.002534623803,-0.004056991252,0.001094580861,-0.002263210734,-0.0003871935467,0.001472483494,0.002025146314,0.0009981837445,0.0003389980433,,0.0009965872445
1983-05-31,-0.007249158402,,,,,,-0.001581388135,-0.006805036486,-0.007623866956,-0.007097172184,0.003218856964,0.009723125744,-0.003878369606,-0.007793163507,0.003143442021,0.009044121627,0.009955660433,0.008187923821,-0.004238525196,-0.003145687634,,,,,,,,,,,,0.01054549414,-0.006114556696,0.001047441056,-0.00367078407,0.001459589558,-0.006402806342,-0.008938767012,,,,,-0.003681451262,-0.004171656844,0.009412964088,,-0.01134944335,-0.0005639039445,-0.001737720277,0.01010482565,,0.01142125999,,-0.004303863581,,,,,,0.004253389125,-0.008242124623,0.004543097443,0.002153088382,,0.0005281236484,0.005044328912,0.004389466789,-0.002727341252,-0.001111122238,-0.0001637946301,-0.006487299947,,-0.00685885049,,,-0.005383216871,-0.0007465708482,0.00106642367,-0.007820828351,-0.009086202022,-0.008845005744,0.00141351399,-0.004711152609,-0.008820557176,,,,,,,,,,,-0.01023224865,-0.007987091535,-0.006589340313,-0.005629051202,0.000452645845,0.00484211686,0.005896340639,0.007004051496,0.00369040942,0.005485439187,0.003559011009,-0.005814103782,,0.009300288843
1983-06-30,-0.00192723216,,,,,,-0.0005325183514,-0.0006986395984,-0.0003141990613,-0.001026558111,0.00182046257,-0.0003020591156,1.511746423e-06,-0.0008228430287,-0.0002226041864,0.002065616185,0.002475551455,0.00120645082,-0.003293717965,0.001872357593,,,,,,,,,,,,-0.0007782850422,0.0009207455249,-0.0008684950931,0.0002958993733,-0.0008119821196,-0.0009308775829,-0.001245777633,,,,,0.001510803281,0.001871933973,0.001224874638,,-4.316105403e-05,-0.001290901644,-0.002220512798,0.002828765423,,0.006090515603,,-0.004549329151,,,,,,0.0009037572231,0.0005341006962,-0.002583527516,0.001067930148,,-0.0004906702782,-0.007686191993,-0.000884649822,0.003615486037,0.006612619576,0.004250228714,-0.00107844524,,0.0001954842321,,,-0.0009874105474,0.000114175304,5.455769677e-05,-0.003049847412,0.0004476060007,-0.002892436889,-0.0005512440092,0.001117122673,-0.0003179016588,,,,,,,,,,,-0.002198483555,0.0004145247336,0.001166329111,0.001030283009,0.002932431153,-0.0009310077486,0.004697389723,0.006444535355,0.002035964472,0.003604317237,-0.000360795484,-0.0005153371855,,0.004397638333
1983-07-31,0.009164172493,,,,,,0.003738075254,8.824096938e-06,0.0002358174933,0.003015564131,-0.0006753533115,0.00190413947,0.003802820156,-0.00314320602,0.003965612551,0.001726257004,-0.0006211817651,-5.937662021e-06,0.003052659642,-0.001366471951,,,,,,,,,,,,0.001859773982,-0.009078623733,-0.002436800828,0.0004917184402,-0.001891236814,-0.002647511844,0.001545515284,,,,,-0.005365616243,-0.005883107544,0.007488276569,,-0.006167747544,0.008870402468,-0.01443186198,0.01067484116,,0.01208804674,,-0.005785338659,,,,,,0.007351376089,-0.004905481761,0.00325723257,-0.0008735021546,,-0.0001428979871,-0.004649084535,0.008018433567,-0.003852742456,-7.892085952e-05,0.001771092665,-0.0041494764,,0.004073978812,,,-0.01004117548,-0.009867913055,-0.005874362328,-0.01373720793,-0.01136994643,-0.0006722356718,-0.003433687087,-0.006967212016,-0.005675566078,,,,,,,,,,,-7.918164797e-05,-0.01265084199,-0.009896256494,-0.005813831168,-0.008784897351,-0.01228341396,0.0115429034,0.01321469157,0.00728350251,0.01041926357,0.005572093086,0.004595536966,,0.007128989968
1983-08-31,-0.001801141174,,,,,,-0.002087939244,-0.0002760386783,0.00135729439,4.001756966e-05,-0.0002822718174,0.002351848529,-0.001204606516,0.0007284678647,-0.0005369122732,0.001205536869,0.002656648438,0.0011799065,-0.001578544822,0.001366070677,,,,,,,,,,,,0.0004926362109,0.002906764565,0.002719619905,-0.002410009922,0.002691969459,0.0009346513118,0.0008326566324,,,,,-0.0007236738642,0.001283395217,0.003532543133,,-0.001527275797,-0.0008144295557,0.002194122611,0.00152130099,,0.005870714249,,-0.002908603356,,,,,,-0.002043397752,6.582681285e-05,0.001407847766,-0.0002023340065,,-0.0004184288371,-0.0008588636178,0.002171835924,-0.0003410653637,0.0004259378501,0.001970692573,-0.001226895648,,-0.002096587099,,,0.0007184988725,0.0003566701881,0.001272758531,0.001332806674,0.001289556879,-0.0008896517439,0.002693852007,0.0008586174614,0.002817539196,,,,,,,,,,,-0.002565047673,0.0008144830519,-0.0009529583942,0.0009793083306,0.002178203319,0.003228214031,0.0001890094949,0.004579595688,0.002458360893,0.006065381225,-0.00220218758,-0.002480953728,,0.006073605534
1983-09-30,-0.001398792726,,,,,,-4.421559242e-05,9.514905438e-05,0.0009334303034,0.002104128365,-0.002709284951,-0.0002058779519,0.001437770556,-0.001130751115,-0.002251798908,0.0003090382074,0.001186089482,-0.001425789432,0.00215516659,-0.002491725145,,,,,,,,,,,,0.003404529566,-0.0006017964842,-0.001805542886,0.001853855934,-0.001740494915,-0.0004898587668,0.001031915174,,,,,0.001989943244,0.001195001817,0.004366492809,,-0.002263831724,0.001742969043,-0.002376930031,0.001523430047,,0.002850276774,,-0.003191162163,,,,,,-0.002092536189,-0.002644053733,-0.003722393546,-0.002572641753,,-0.003629633127,-0.003629633127,0.002418891792,-0.005407767367,-0.0007902929366,0.001932736738,-0.0009892949977,,-0.002397218298,,,0.0005457397176,0.001408666416,0.001513376769,-0.003265204745,-0.002961404936,-0.0002472449159,-0.004716637807,-0.002441827491,-0.002881821538,,,,,,,,,,,-0.005236132093,-0.003763649097,-0.000701317543,-0.003391322812,0.002460833726,-0.001621564153,0.005581392211,0.00460297958,0.00407261083,0.003630882642,-0.001667755934,-0.001800131545,,0.001958567941
1983-10-31,-0.001628569861,,,,,,-0.004856494408,-0.004498051529,0.0002500314654,-0.004806919412,0.006192268185,0.001672757109,-0.006165005637,0.002976017528,0.006191809262,0.001920900753,0.003145799999,0.005413992004,-0.004225143274,0.005361535008,,,,,,,,,,,,-0.0004450289133,0.003415106965,0.0005914329961,-0.007058351166,0.001062285015,-0.003411279412,-0.0005522634638,,,,,-0.001007269023,-0.0003702304851,0.004905468537,,-0.006689859793,0.004095361593,-0.001134265305,0.006336913521,,0.01115979501,,-0.004282864514,,,,,,0.004544782029,0.003395174289,-0.000857449985,0.001724384736,,-0.002287711496,-0.001983837505,0.002234646253,-0.0006320659913,-0.002526630831,0.001516803547,-0.0004627560838,,0.003112468381,,,-0.004607323668,-0.004881736475,-0.002999392043,-0.002587469287,-0.002505778233,0.001251833329,-0.002396567419,-6.252008833e-05,-0.001151511346,,,,,,,,,,,-0.00768349217,-0.002973103703,-0.00478544619,-0.005542840837,-0.002321216821,-4.647644673e-06,0.006346321922,0.009168658857,0.007688785465,0.009995187147,0.003232709169,0.004809077146,,0.01110069514
1983-11-30,0.001535302589,,,,,,-0.0002744176804,0.003355519454,0.002180694888,0.0009483607492,-0.002780317771,-0.0003659078934,0.00340264489,-0.00129852207,0.0005352774771,0.002853306654,0.001296289201,0.001418215342,-0.00270109314,0.001351858648,,,,,,,,,,,,0.0003364675953,-0.0002730762735,-0.0008615564712,-0.00150041534,-0.0006484942943,-0.002024995282,-0.001133014024,,,,,-0.0007223401444,-0.000935510596,0.0001999717461,,6.758440767e-05,8.455409598e-05,-0.00318085355,0.002637823806,,0.004389433008,,-0.001349276305,,,,,,-0.0002171025707,0.0007367096518,-0.002115514462,-0.0003345784855,,0.001569264706,-0.0005335126201,-0.003014213253,0.0004831937765,-0.002713059496,-0.002352561128,-0.002086268891,,0.002354075002,,,0.003404632709,0.001651543746,0.0005801947224,-0.004083513589,-0.0007738122527,-0.0004957544339,-0.002901306924,0.0001349846354,-0.0001736633901,,,,,,,,,,,-0.001864722743,0.0001304069499,0.00115998321,0.001366547182,0.00139731383,-0.002308105981,0.00327075867,0.00206110048,0.001763633481,0.0005068569552,-0.0002547340955,-0.002027032619,,0.003508536604
1983-12-31,-0.001552658199,,,,,,0.001527204164,0.002111110199,0.002364621481,-0.0007701240753,-0.001150787636,0.001111756507,-0.0008857138443,-0.002103598707,0.001957488787,0.0001870196037,-0.00112326726,-0.001707277672,0.0004844463689,-0.001386589239,,,,,,,,,,,,0.0009723849678,-0.002512614727,0.0006723313747,0.0001864970648,0.0002178336055,-0.001029819486,-0.002423444138,,,,,-7.790777409e-05,-0.001530583378,0.001650243566,,-0.003211515384,-0.001273280186,-0.00355765926,0.003272925932,,0.004685419351,,0.0005883803579,,,,,,-0.002999683936,-0.0005364713092,0.001624748646,0.002729104161,,-0.006124190551,-0.006387863274,-0.003609418023,0.003165223085,-0.002409514612,-0.00236727746,-0.001461145319,,-0.0001335188743,,,0.001482784477,-0.002155579858,0.001765330733,-0.002904834784,0.002111073626,0.0004257426614,0.000708471298,0.003052217545,0.002119909515,,,,,,,,,,,-0.0009446244357,-0.0006854998076,2.515412841e-05,0.001301555314,0.001351968311,-0.001619403094,0.002730809751,0.002775040352,0.002183813464,0.002492955294,-0.003641725888,-0.003507886265,,0.00460448066
1984-01-31,0.01359928254,,,,,,0.006288489663,0.01634418746,0.002668452777,0.01864592879,-0.005759401485,-0.006437562452,0.008609690255,-0.007872380325,-0.01103380939,-0.001058079343,0.004603706232,-0.004420074036,0.01481759472,-0.002250338448,,,,,,,,,,,,0.01060325861,-0.01095125012,-0.01233395705,0.01374658685,-0.01285198499,-0.006005089415,0.01064079905,,,,,0.009673660632,0.0077099638,0.01768262959,,-0.004128738657,0.01170361043,-0.01239740235,-0.01443468756,,-0.004230753408,,-0.0207038992,,,,,,0.007248585225,-0.01008991136,-0.01601751676,-0.01526997336,,-0.004479969266,0.009940719133,0.001386469919,-0.01136453162,-0.005418689503,0.01076916867,0.007248344463,,0.01294460372,,,0.001465075647,0.006938588752,0.007134704236,-0.01406851102,-0.01150527848,-0.005956409534,-0.01728287914,-0.01546065526,-0.01354029787,,,,,,,,,,,-0.01633502027,-0.01330724168,0.004847939137,0.00364605706,-0.01506913021,-0.008876273509,0.007219630405,0.007657660727,0.009720355096,0.01000149488,0.008860294159,0.007437163361,,-0.003393862937
1984-02-29,0.002589136727,,,,,,-0.002168624699,0.004288403878,-0.00188759099,-0.0006436332858,0.00150917837,-0.000567077068,-0.003590940602,-0.002379533794,0.00371726263,0.001671391019,0.000409919921,-0.0009458250721,-0.002226948152,0.0001104374473,,,,,,,,,,,,0.0005340002804,-0.002037600048,0.001784464677,-0.003882119811,0.001893144297,-0.0002522225175,-0.001492086317,,,,,-0.004575851637,-0.004275309047,0.00217366456,,-0.003602607002,0.00200060734,-0.004382386679,0.002590479557,,0.005063282456,,-0.003591728605,,,,,,0.002892586365,0.0007949851468,0.001274725365,1.685435272e-05,,-0.004927338258,0.00384681809,0.004434730718,0.005729103739,0.003984418225,0.005988207499,-0.001635896088,,0.002373435249,,,-0.00183109754,-0.001211052736,-0.0007940362177,-0.006951621331,-9.583219351e-05,-0.001226609673,0.0009297749136,0.0001334756673,0.00277037506,,,,,,,,,,,-0.00478164162,-0.001208889331,-0.002447832928,-0.003154021192,-0.002704118462,-0.002030613274,0.004108452464,0.003730878669,0.004325552955,0.004276831904,0.0005886560466,0.000413482981,,0.003388983361
1984-03-31,-0.003220258424,,,,,,0.0005327680131,0.005193033012,-0.004162899179,-0.0005733598802,8.501578204e-05,0.004723417821,-0.006505262219,-0.0008981483409,0.005050638198,-0.005599450341,-0.006237573056,-0.007059405217,-0.00799213853,-0.004766297007,,,,,,,,,,,,0.00664791286,-0.004873881931,-0.0008319832386,-0.004085073575,-0.000693872447,-0.002451422254,-0.001871410262,,,,,-0.00382398557,-0.00721715485,0.006502263372,,-0.0110549086,0.001363632881,-0.001670014443,0.00476038879,,0.007387705643,,-0.001938653944,,,,,,-0.002188445643,-0.0008373419134,-0.006827884641,-0.003999196712,,-0.003329456717,0.0007319804066,-0.005649445194,0.003567427075,0.000145038902,0.004347173597,-0.006092362799,,-0.00340013097,,,-0.0006491463415,-0.0007605577522,-0.003205798417,-0.004208260388,-0.004312520645,0.004142582096,-0.007373182194,-0.00440482937,-0.002287050029,,,,,,,,,,,-0.001759399642,-0.008062453875,-0.008021637855,-0.00539778447,0.001776097272,0.0005903146552,0.003378016414,0.002322171406,0.002585783486,0.001846106476,-0.00359955737,-0.001926517524,,0.006250264912
1984-04-30,-0.002248580073,,,,,,-0.0009895163204,0.0009541043822,-0.001628884267,-0.0009194820883,-0.004037076818,0.002288918322,-0.004438556828,-0.001053992124,0.001452160644,-0.002759458459,-0.0003328626873,-0.002477246227,-0.00168952613,-0.003040452335,,,,,,,,,,,,0.003344580401,-0.0009508107641,-0.000408617346,-0.001276090758,9.642659035e-05,-0.004981560543,0.001463470958,,,,,0.0004865964082,-0.002141518144,0.001073196844,,-0.003044316193,0.003463540467,0.002850956433,0.003467259517,,0.006630063801,,-0.002494968794,,,,,,-0.003999594352,-0.0003950234231,-0.003170902048,0.0009543137831,,0.002325184089,0.01475992904,0.01206935361,0.01015124321,0.008343590884,0.008283088673,-0.00595442568,,-0.004644818197,,,0.001619333089,0.0008876466867,-0.0004984961112,0.003028505526,0.001992020904,0.003755376787,-0.002888786903,0.002359356444,-0.0001201709774,,,,,,,,,,,0.001660740867,-0.002287855114,-0.002892605886,-0.003000463624,0.001520333402,0.003255478109,0.002332348413,0.0021930132,0.003912792412,0.004422940593,-0.004739139972,-0.003732892055,,0.005122808533
1984-05-31,-0.005352827031,,,,,,-0.001689812714,0.005358037486,0.0001404004362,0.0004361380227,0.003959468541,0.004779472362,-0.006637791976,0.00510577875,-0.001737628349,-0.004031156489,0.0008359359129,0.002683992217,-0.004909172671,0.005071614589,,,,,,,,,,,,0.005110307187,0.003853563391,0.002271442203,-0.001779539496,0.002318164892,-0.0004141401177,-0.0008215514846,,,,,0.0008882275581,-0.0002569880406,0.006382413664,,-0.007369089331,0.001517565607,0.01105085724,0.005366293206,,0.008432184463,,-0.00641037956,,,,,,-0.001686468804,-0.001426163817,-0.003739855303,-0.005277210898,,-8.026977281e-05,-0.001413105301,-0.0008271424219,0.002528207787,-0.0008871436616,-0.0007761597687,-0.0008149293676,,-0.002731723229,,,0.001135002508,-0.003664075765,-0.000428062133,0.008000220577,-0.004052137923,-0.001077605074,-0.003515896004,-0.007205978054,-0.005835720522,,,,,,,,,,,-0.003853959426,-0.005231853265,-0.004778723922,-0.004814964811,0.003963364077,0.01216866469,0.0007468938374,0.004731999752,0.000194700513,0.004419960678,0.0008021568949,0.0006943973149,,0.008328812006
1984-06-30,0.00173460311,,,,,,-0.002712547024,0.001247326254,0.004061986157,0.002247317905,-0.0009741235266,5.578503991e-05,0.00365807244,0.0005688026788,-0.00207052573,0.003984682386,-0.0009452144089,-0.0008853067955,-0.00295077942,0.001256014515,,,,,,,,,,,,-0.002696851106,0.003477375561,0.0003972893597,0.0001134378431,-0.0006629439981,0.002134706852,0.002119875166,,,,,0.001238690817,0.005422165594,0.004092812881,,-0.004403567964,0.0008321722451,-0.00573442864,0.004799093445,,0.009861710968,,-0.005713056079,,,,,,0.0003378786387,0.001226501269,-0.004775464113,-5.239502721e-05,,-0.000222203603,0.005297319132,0.00263043613,-0.004060671724,0.005981604162,0.007969498409,-0.003478134436,,0.0009840984666,,,-0.002586235642,-0.001303756143,-0.002282255124,-0.006566014838,-0.00189139381,-0.0005408679152,-0.005179173741,-0.003324436249,-0.002814330992,,,,,,,,,,,-0.007567281266,-0.006531578054,-0.005367122843,-0.00736544472,-0.001491775043,-0.004311541444,0.01064345877,0.01093926119,0.01031683173,0.01043886114,0.001011249795,-0.0009094767963,,0.009383645205
1984-07-31,-0.007033182694,,,,,,2.260237691e-05,0.002808701817,0.004145809881,0.003494249879,-0.0003159314018,0.003469242639,-0.0003265847735,0.0008954849421,-0.005105359846,-0.0008645316258,-0.002029458856,-0.001509054211,-0.003755553576,-0.004455171458,,,,,,,,,,,,-0.001656030101,-0.001180547247,0.0002794235984,0.00379335109,-0.0003300268256,0.007083987256,0.005332167883,,,,,-0.001068811657,0.004327358064,0.004819961651,,-0.004156143908,-0.001957547919,0.001776197175,0.006438058753,,0.008155256416,,-0.006671469288,,,,,,-0.007190776768,-0.003512208654,0.001471763941,-0.005574239944,,-0.01092526915,-0.009787229253,-0.00889782793,-0.01425092675,-0.009386072523,-0.01035539122,-0.002373140294,,-0.008827979499,,,0.00348841347,0.003086498958,0.005179841059,0.002666135294,-0.003698724188,-0.001394977738,0.0004098840022,-0.005243544118,-0.002396494945,,,,,,,,,,,-0.003627246002,-0.001224347904,0.0001369216804,-0.0001263907609,0.007281841524,0.004411429143,0.003684566206,0.004433665626,0.004189053384,0.004432681979,-0.005330864159,-0.009746913032,,0.007637894168
1984-08-31,0.002352687855,,,,,,0.004095948902,0.008358630879,-0.004507602183,0.003735871031,0.006985877551,-0.00249114942,0.001561381369,0.001669214114,0.0107176476,-0.009236902916,-0.009852805921,-0.01023887761,-0.007583930298,-0.006364276022,,,,,,,,,,,,-0.007592009917,0.00264443465,0.006471946233,-0.006343400604,0.007744360306,0.002412304436,0.001020088193,,,,,-0.00838652161,-0.01004030366,0.01009983556,,0.001255984476,0.004905505097,-0.009803093916,-0.003632724745,,0.01166469925,,-0.01037087622,,,,,,0.006602939482,-0.006834616034,-0.001682603817,-0.006128787456,,-0.003167691213,-0.0010892808,-0.006190753151,-0.003902160367,-0.009747896517,-0.007309456929,-0.006855417809,,0.004823884917,,,-0.004722398407,0.003161234012,0.005677916651,-0.01118126942,-0.008393144073,0.001861923833,-0.001983402905,-0.007804669749,-0.009359851615,,,,,,,,,,,-0.009002883588,-0.01012373757,-0.008875224342,-0.009900662868,-0.003363142904,-0.007007889903,0.001894626809,0.002834329849,0.0106660164,0.01008625525,0.003747240629,0.006253000433,,0.01203591777
1984-09-30,0.002233634417,,,,,,0.003613619115,0.008541574035,0.0001018338585,-0.004049276056,0.002565562138,-0.0005234864696,-0.003856378058,0.0080686771,0.0005860021892,-0.007953447486,-0.007729920423,-0.004929611557,-0.007825803747,-0.002956024368,,,,,,,,,,,,0.001328172392,-0.002110235367,0.001682727856,0.002413287873,-0.0004695172139,-0.004260655156,-0.003249095271,,,,,0.003882185346,0.002966443843,0.01025566303,,0.0005523880478,0.006738525601,-0.002894178954,-0.00183894732,,0.008161374416,,-0.009782191103,,,,,,0.002208316524,-0.002678789849,0.000634984271,-0.001837753136,,0.003940504287,-0.002042656421,0.001563234248,0.002105400513,0.001934943953,0.002790713274,-0.005443674482,,-0.002333916613,,,-0.001168242174,-0.003589371777,-0.001563324982,-0.00498946511,-0.004634713802,-0.0006289578635,-0.001623086235,-0.003239289841,-0.002704604044,,,,,,,,,,,-0.007095403264,-0.007940107843,-0.002532107201,-0.008284887071,-0.00553726919,0.002810069605,-0.0002492602775,-0.0003036714637,0.006946747421,0.007682105113,0.0002310842083,0.002491390945,,0.007766060062
1984-10-31,-0.00162972257,,,,,,0.007481530322,0.002673853553,-0.001727413917,-0.0001427982613,-0.004190284591,-0.00184978671,-0.002865717831,0.00512647576,-0.002564666272,-0.001324324049,0.0005956927984,0.00403467198,0.002084248731,0.0008686557547,,,,,,,,,,,,-0.002143290654,-0.001796422313,-0.002136466019,0.005168510054,-0.001539524412,-0.001277180913,-0.004000275571,,,,,0.005799635722,0.0008367208788,0.005392883423,,0.003908136952,0.01059074753,0.005147729489,0.0003637715996,,0.008771398329,,-0.001170136137,,,,,,-0.001468620696,-0.0006186951253,0.0007023628745,0.0007842381395,,0.01177167965,-0.008487079493,0.01374261826,0.00563549111,0.01124035042,0.01352984229,-0.005064725536,,-0.002652712909,,,-0.002923159736,-0.001232732654,-0.0004305319524,0.003220541847,-0.002910762521,-0.001574791498,-0.002954587995,0.001420442237,-0.001107603846,,,,,,,,,,,-0.003744448289,-0.004735499986,-0.0008793191936,-0.004311268489,-0.004005573806,0.006581675535,-0.0006611112104,0.0008080880827,0.0009263200264,0.002424294047,0.000326994627,-0.001457623224,,0.008088604069
1984-11-30,0.001414547385,,,,,,-0.003227621655,0.002407941114,-0.001833497665,0.003180601629,0.001384095247,-0.0003230441581,0.002402365986,-0.002648507871,0.004575158132,-0.000823044016,-0.00320540123,-0.001262982319,0.002150141322,-0.002313894084,,,,,,,,,,,,0.0006923126006,-8.049928532e-05,0.00340553406,-0.003794883976,0.00320643779,0.001355928389,0.002106034429,,,,,-0.003205323118,-0.003219171872,0.001367232813,,-0.002531964447,0.002582280287,-0.00211234303,-0.001896411996,,0.002482854929,,-0.005881947205,,,,,,0.003455097027,0.000312785682,0.00148702853,-0.001895047492,,-0.01485880462,0.006574354052,-0.0132034538,-0.01267103107,-0.01323666891,-0.01281367863,-0.0006151203813,,-0.0002235718106,,,-0.00159395825,0.0007784899552,-0.001379556595,-0.003321809178,-0.002343067871,6.098591069e-05,0.001114254145,-0.002082802972,-0.002652974379,,,,,,,,,,,-0.003604563084,-0.001081271941,-0.001190284363,-0.0008701635053,-0.001813191857,-0.002055029431,0.00233559096,0.002695825184,0.001259731779,0.001589378332,0.001942499409,0.003531812041,,0.002162520736
1985-04-30,-0.007171889072,,,,,,-0.003452739483,0.004773016093,-0.003749973574,0.006074495166,-0.001013374746,0.0009544950628,-3.721269867e-05,0.003091396364,-0.003027898833,0.0007456875763,-0.001586937476,0.001289549076,-0.00176287532,0.001676783896,,,,,,,,,,,,0.00726524997,-0.001201003764,0.005379247194,-0.0007304786643,0.00683531906,0.001929564613,-0.004256709449,,,,,-0.00344271826,0.001679906401,0.005089409233,,-0.008375962499,-0.003617592165,0.008436433464,0.005152558752,,0.008550660511,,-0.003526959939,,,,,,0.0003455632116,-0.0007516199683,-0.001586818788,0.002575902631,,0.000928354051,0.0004729868009,0.00130124878,0.001249646218,0.004019981631,0.001398231222,-0.003097102205,,-0.001312953213,,,0.002714794897,0.001797292875,0.006271138052,0.00679752853,0.004059959638,0.0008786628869,-0.001602671488,0.002685020281,0.005240675979,,,,,,,,,,,-0.005776501679,-0.0005907807554,0.001666290892,-0.002563836575,0.009159795773,0.01039407267,0.0008259188389,0.0042660064,0.004151144876,0.008099044038,0.003438929602,-0.001580772834,,0.01031040579
1985-05-31,-0.00133201412,,,,,,0.008981728341,0.001761553746,0.003931684509,0.007310502279,0.0005704185605,-0.008416644404,-0.00592500424,0.004075417717,-0.003324852573,-0.005676352207,-0.003617565921,-0.003051445423,0.002190504323,0.0007529808376,,,,,,,,,,,,-0.003301957665,-0.005287676972,-0.001025037964,0.005102614766,-0.002926966899,0.004540348378,0.006511733325,,,,,0.0009915441157,0.004925545958,0.002602966911,,-0.003938071735,0.01104645131,0.004708174904,0.002266710003,,0.006611999618,,-0.003788517387,,,,,,0.0001769922292,0.004732885403,-0.001062568407,0.005557871494,,-0.0146855275,-0.01547907196,-0.01589068032,-0.01260169263,-0.006228584494,0.00516181878,-0.002738766703,,0.003379364338,,,0.002412151041,0.004246647105,0.0001200600494,0.005068052358,0.0004206679971,-0.004599393556,-0.003997533545,0.003390551445,0.006124935981,,,,,,,,,,,-0.004591869532,-0.006105762797,-0.005288092553,-0.005714041614,-0.004896833699,0.005202333331,-0.004599012565,-0.00373147526,0.0014393599,-0.0001146495916,-0.00578336089,-0.003637286426,,0.009550904318
1985-06-30,0.006301119528,,,,,,-0.002166114623,0.001304994136,0.001034021249,0.007932512645,0.007706958082,-0.002647931541,-0.004046937854,0.002399848224,0.004474042954,-0.003691884405,-0.009029312252,0.00160834212,0.006147536016,-0.002190788563,,,,,,,,,,,,0.006727610547,-0.0003741445814,-0.002118765887,-0.0007257407117,-0.001452710749,0.004251385482,-0.001728835741,,,,,-0.003234092543,-0.002778223135,0.006507599603,,-0.01075012955,0.01045942626,-0.007145019891,-0.001922775326,,0.008938375138,,-0.01250679212,,,,,,0.009828078873,-0.001339835716,-0.005481059588,-0.005393408509,,-0.00719740499,-0.006473302541,-0.007039680609,-0.0006113027537,-0.002186816016,-0.003431340353,-0.0002288484656,,0.00592059387,,,-0.001781377977,-0.004284299404,-0.0009029559345,-0.007889251501,-0.006223639545,-0.003656002356,-0.005350732694,-0.005593221658,-0.005336870739,,,,,,,,,,,-0.01062392099,-0.01094483541,-0.008725870948,-0.01030534769,-0.004711456911,-0.006937309722,0.001440548323,0.001637478396,0.005275529199,0.005966240973,0.008206116032,0.008612712023,,0.009085068552
1985-07-31,-0.001403529007,,,,,,-0.0007764721391,0.001611323217,0.0009270714781,-0.001723431744,0.001836886497,-0.0002472295809,-0.0007142301957,0.005192181229,0.002509021526,0.002309547691,-0.0008807403029,0.001271425421,-0.001485119477,0.001743104144,,,,,,,,,,,,0.001671200174,0.0008261829926,0.002704167022,-0.003325962733,0.003859806907,-0.001251155477,-0.00428545079,,,,,-0.001224910219,-4.335335773e-05,0.00016892285,,0.0002805756837,0.001395745135,0.002260376018,0.002521249935,,0.009543845733,,-0.007699355121,,,,,,0.002377505858,0.001160547253,-0.002564537013,-0.0007999466103,,0.00644084011,0.004151035062,0.007602547198,-0.003128547824,-0.002653305149,-0.0001659137649,-0.002005865844,,0.002087865137,,,0.003779331935,0.001513325337,0.00127126353,-0.003162813408,-0.0002894519126,-0.001372884362,-0.003099122476,-0.003683857991,-0.005525059599,,,,,,,,,,,-0.002981391736,-0.00386223827,-0.0002111269402,-0.002969377929,-0.000168357043,0.005508599814,0.001853247051,0.004111575978,0.006796042761,0.008406940039,0.004071398279,-0.000347679911,,0.009196506197
1985-08-31,-0.0005904143859,,,,,,0.009242239752,-0.002869002684,0.007150458993,-0.00194707322,0.003575070343,-0.008677297335,0.007218140027,0.006552890288,-0.009471569916,0.006788373525,0.006394813005,-0.0053579692,-0.00663182663,-0.004867134466,,,,,,,,,,,,-0.004699023888,-0.005616075638,-0.007030975294,0.01066880511,-0.008591058239,-0.004772275816,-0.003747164781,,,,,0.008171602847,0.008975250789,-0.00143824062,,0.002905754267,0.0003697591043,0.001208523258,0.004719165086,,0.001641283914,,0.004601702857,,,,,,-0.008016960914,0.007408883111,0.01008985119,0.006352214417,,8.573040964e-05,-0.0006082875352,0.003181562483,0.003793623635,-0.006056277862,0.002927908987,0.004807093763,,0.00587841212,,,0.003590641086,-0.005766460562,0.004225625686,0.0007418345552,0.01057807784,0.0002951296751,0.01096554033,0.009053428848,-0.003068780731,,,,,,,,,,,-9.131009751e-05,0.007661358417,0.008738085837,0.0083619172,0.0002626453099,0.0008085707771,0.005395635618,0.006155175923,-0.002320547397,-0.002930674086,-0.01144707556,-0.00898245368,,0.0008988455615
1985-09-30,-0.001242285222,,,,,,-0.002006432953,-0.005218140531,-0.00393628375,0.004397892781,0.006265773889,0.0008537855295,-0.006542454758,-0.003403015558,0.003464582905,-0.003868125913,-0.00247273467,-0.003079858874,0.001779960556,-0.006011174963,,,,,,,,,,,,0.000325837734,-0.001720721656,0.002683143613,-0.003340296029,0.002700297117,0.003454857631,-0.002744198014,,,,,-0.005034918563,-0.006341880047,-0.001995515512,,-0.001402783144,0.003276869255,0.002381407325,0.002957248495,,0.004453989519,,-0.005452908175,,,,,,0.007974700122,0.004915416301,3.350939972e-05,-4.823799217e-06,,0.001745876716,0.001176691106,-0.004606053812,-0.0004720886429,-0.003636639711,0.002857445645,0.0006497945114,,0.0029441209,,,-0.0054964527,-0.0007079751915,-0.002106110116,0.002019234576,-0.001691637481,0.003682535893,-0.0001467300885,-0.005356022629,0.000879904609,,,,,,,,,,,-0.0109010106,-0.008482588948,-0.005862741611,-0.008740449764,0.0003153569902,-0.001334920619,0.003907537229,0.005762053627,0.002732676982,0.003371399945,0.00875383815,0.009817614062,,0.004150657703
1985-10-31,0.004089125102,,,,,,0.005392116386,0.004720659988,0.002904735399,0.002266474644,-0.005817604791,-0.003280894857,0.002267010748,0.0022915741,-0.003973995202,-0.002860876712,-0.00270286052,-0.005909474429,0.003730261503,-0.00295311373,,,,,,,,,,,,0.002389175324,-0.004009322644,0.001187729246,0.007102664876,0.001245181732,0.0006653920514,0.003863071072,,,,,0.002836638613,0.004346117133,0.00399236473,,-0.006077026784,0.006180823006,-0.004403200494,0.0005039386149,,0.004138855286,,-0.006119710973,,,,,,-0.002656112202,-0.00257312847,0.0007451644363,0.003536582638,,0.004488760648,0.003770985746,0.0008772365907,0.003143907788,-0.001601602937,0.002600887605,-0.002905525426,,-0.002451830151,,,-0.003644830548,0.0004446851521,0.004430850547,-0.004045406842,-0.004910319988,-0.003832352512,0.001082004817,-0.002598708829,-0.003101163349,,,,,,,,,,,-0.006182518787,-0.00213972467,-0.003522246212,-0.002275046352,-0.00455848301,0.0001443088279,0.004609651196,0.004251533313,0.00260378505,0.002506918285,-0.005564302808,-0.005345262539,,0.002347313644
1985-11-30,0.006169498956,,,,,,0.001662951393,0.003764354326,0.001053331897,0.001832898065,0.002114317422,0.002059153974,-0.002589853753,-0.0009364433894,0.003440067123,-0.008257167944,-0.008152671752,-0.001710807348,0.003805864925,-0.001961812409,,,,,,,,,,,,0.0008869823921,-0.000928291779,-0.003226226841,-0.0006402239538,-0.003496098268,-0.001247643563,0.001114913526,,,,,-0.0002647887544,-0.002607126257,-0.0004558170252,,-0.0002996196561,0.003534859283,-0.01376489578,-0.002110620582,,0.001923289131,,0.0007803356555,,,,,,0.002478701039,-0.001069185926,0.0002107133607,-0.0005829705081,,0.007685359864,0.002288744608,0.004933199848,0.002429908631,0.002572979868,0.001650055084,-0.0004726736116,,0.001195848287,,,-0.004869500745,-0.001230648647,-0.004301813453,-0.01287432993,-0.00285604491,0.00221082787,0.001503151511,-0.0007562569491,-0.0003494701878,,,,,,,,,,,0.00138182868,-0.001197548543,-0.0006550001312,-0.0008259951252,-0.006385912518,-0.01250207587,0.004195516578,0.0007651039297,-0.0003156186654,-0.002201495611,0.001345549534,0.001588054501,,-0.003770542445
1985-12-31,0.003453259304,,,,,,0.006085898052,0.003182049227,0.003023267345,0.001975594489,-0.002712124884,-0.002321319319,0.00207722373,0.002707573233,-0.006231265354,-0.005003376281,0.002439834136,-0.003507909328,-0.0009018041972,-0.005077524647,,,,,,,,,,,,0.001903407694,-0.0009662025101,0.003954345871,0.004908046606,0.003241302351,0.00418823662,0.003087953104,,,,,0.0007619927111,0.003631507882,0.0006092589643,,0.0009206846207,0.007303127313,0.001782771154,0.0001336648576,,0.004340841404,,-0.007558898371,,,,,,-0.001455037964,0.006276136632,-0.003769840096,-0.003529389204,,-0.001368403982,-0.007129955068,-0.009484072876,0.006089013768,-0.003628831973,-0.007391409062,-0.00100017575,,-0.002001451534,,,0.008387146798,0.005567735341,0.001459439583,0.002371066733,0.005988265486,0.004859946739,-0.0009734345993,-0.001053296592,0.006031248359,,,,,,,,,,,-0.004402630242,0.001106139739,-0.001951902327,0.001546088624,-0.001712278564,0.001940185655,-0.007763937616,-0.004100626073,-7.273295325e-05,0.001948935682,-0.002476993483,-0.003852775292,,0.005666885809
1986-01-31,0.00366158735,,,,,,-0.002445731446,0.005234334528,0.001253124999,0.003888341851,-0.0002134327483,-0.004552088922,-0.00208351882,0.005769095106,0.001265854297,-0.002610679984,-0.002016509986,-0.0004012636662,-0.002766269736,0.001012424866,,,,,,,,,,,,0.00587048353,0.003350977339,0.00118646173,-0.002914101686,0.001188747511,0.002069036918,-0.00490928169,,,,,-0.002186343757,0.0002905043809,0.001057183045,,5.442613291e-05,0.00764558838,-0.000578679046,-0.001566195155,,0.005002998219,,-0.006999456619,,,,,,0.003082715557,-0.001278189282,-0.008215150998,-0.001059441648,,0.001257430075,0.001247421182,0.002717764773,-0.001870432938,-0.001553670571,-0.006688179629,-0.004059508269,,-0.001298922432,,,0.00234194662,0.001222531742,0.002697596002,-0.000480397979,-0.002825259623,-0.002789158435,-0.004841992173,-0.0008292032882,-0.00584316022,,,,,,,,,,,-0.005020237721,0.000520867324,-0.00105566305,-0.0009626520424,-0.0007719157658,-0.001757364263,-0.003953998038,-0.002439248942,0.003176967913,0.003685087417,0.001987192376,0.0001194458417,,0.004778611034
1986-02-28,0.01730560863,,,,,,-0.0002195392677,-0.008660726724,0.003554064998,-0.0005829825951,-0.005028675385,-0.01003729094,-0.001776811742,-0.01114580504,-0.01039214048,-0.001308566223,-0.001048200062,-0.003798338886,0.001628634741,-0.001064484481,,,,,,,,,,,,-0.0107578869,0.001464472466,-0.01366781294,0.004378749684,-0.01430657307,-0.004861622106,0.006800727868,,,,,0.01175625979,0.007499830346,0.0005883483517,,-0.008110061358,0.02056344858,-0.02284329739,-0.009518425541,,-0.007205242943,,0.005658597078,,,,,,-0.004384182997,0.004188912014,0.008564005289,0.005680552124,,0.01141230578,0.01973613029,0.01988409048,-0.03455482941,0.01331291629,0.02701341965,-0.004140651566,,0.000269809073,,,0.00532864088,-0.003006542638,0.002440402051,-0.01920973527,0.008987939748,0.003466331243,0.01381707478,0.01521316273,0.01240839083,,,,,,,,,,,-0.001217266913,0.0109743541,0.009093781915,0.01198414805,-0.01696703484,-0.02708923911,-0.002025584472,-0.009293640729,-0.006360207556,-0.013554031,-0.008279668321,-0.004120105847,,-0.01210411865
1986-03-31,0.005606927923,,,,,,-0.007669222754,-0.006555268871,-0.000162270265,-0.00112455051,0.005128311054,0.007304652107,0.0006414903793,-0.01387057676,-0.007207165232,0.008162719774,0.002934618921,0.003752742993,0.006513909379,0.005112268502,,,,,,,0.01231054496,0.01140880027,0.009064912048,,,-0.007103744969,0.004748265058,-0.01232559349,0.002503676884,-0.01111455469,0.0002333260197,0.001572665928,,,,,0.003011052908,-0.002431300208,0.007086400108,,-0.01221711654,0.009950302776,-0.03078163028,-0.003948919385,,-0.001754851724,,0.002386982524,,,,,,-0.006880626402,-0.009797778457,-0.003960117476,-0.003791818174,,0.007937268032,0.01398889519,0.01157061344,0.00978907253,0.008730701914,0.002207177485,-0.003762268886,,-0.002440358694,,,-5.556515053e-05,-0.002164912229,-0.0009809910911,-0.02900443904,-0.001711821233,-0.00784109663,-0.0006590073921,0.005142042292,0.00535607523,,,,,,,,,,,0.01478454543,0.008227282404,0.007624448093,0.01044575867,-0.01278978538,-0.02935357703,0.01025233103,-0.004419934097,0.002603631011,-0.009315530746,-0.006868412048,-0.002933494133,,-0.006426239865
1986-04-30,0.004682944725,,,,,,-0.003255030067,0.0004485052507,-0.003478267127,-0.004475890165,0.003096386585,0.003197649469,-0.0008327496098,0.007849112845,0.009745011329,-0.006186278104,-0.005178118226,-0.004736814875,0.00134271621,-0.006827764022,,,,,,,-0.001069742489,-0.003304231878,0.0005054068632,,,0.008005254133,-0.003237990806,0.01257019713,-0.005201312806,0.01374579695,0.006718332918,-0.001560260453,,,,,-0.01096905245,-0.002543947915,-0.005580034357,,0.009024747118,0.01066003288,0.006053162479,0.002754651129,,0.01129817102,,-0.009353903667,,,,,,0.006059423918,0.0002459843188,-0.003175210003,-0.000523045705,,-0.01308948522,-0.0134276032,-0.01447605527,-0.008688723903,0.004625337287,0.007877132016,0.001568171632,,0.001455381205,,,-0.001257193509,-0.001203304573,-0.001277674595,0.004976863181,-0.006872073258,-0.0006755560993,-0.00673506432,-0.01121933613,-0.006262071824,,,,,,,,,,,-0.01208573631,-0.009394064332,-0.01324634589,-0.01135394409,-0.003118347541,0.007850455296,-0.0006223942795,0.005841545439,0.004104746687,0.01021531792,0.005831977044,0.007967874298,,0.01161310559
1986-05-31,-0.00556864055,,,,,,0.003849102979,-0.007393569999,0.003887590458,-0.008253727467,-0.01405177262,0.003854663032,0.001066494247,0.01605780653,0.01589827428,-0.006166525018,-0.007700135,-0.001389048423,-0.003035867797,-0.002294468413,,,,,,,-0.0122610293,-0.008629588795,-0.01395004086,,,0.02272018477,-0.01001092674,0.02031508748,-0.006468709477,0.02128560572,0.0134099042,-0.004515056182,,,,,-0.0195523697,0.001048937344,-0.01593209057,,0.02207496111,-0.0002790384955,0.01425136993,0.008752507191,,0.01295126768,,-0.01403709404,,,,,,0.01632325091,-0.003752546234,-0.01296638045,-0.01060963744,,-0.009535758041,-0.008583070245,-0.01087847384,0.002992382884,0.005568986392,-0.003125441141,0.0008170460876,,0.005277866472,,,0.0006779781444,0.006527227092,0.001187718254,0.01216462855,-0.02062283228,0.001696375878,-0.0217556002,-0.02026156165,-0.01815526088,,,,,,,,,,,0.003755223337,-0.02057714461,-0.02058423111,-0.01978141143,0.006218978266,0.01940731172,-0.006746840309,0.00500066232,-0.0004153023071,0.01283516064,0.01153726399,0.01660841194,,0.01380602198
1986-06-30,0.002925972866,,,,,,-0.001958002476,-0.006793819479,0.009458178997,0.006074016638,0.01294417596,0.006672685021,-0.0006880788482,-0.01521635214,-0.01647904847,-0.006615077802,-0.008294191664,-0.002591429926,-0.001470198643,-0.0008065727472,,,,,,,0.01019560764,-0.0003353655445,0.008479634372,,,-0.003387369659,0.003120771413,-0.02077027061,0.01053234996,-0.02083371331,-0.01314673324,-0.0002732762394,,,,,0.01853083429,-0.003467935766,0.009447467318,,-0.01281337955,0.008548045943,-0.02132781603,0.0009796228571,,0.0001209878439,,-0.001701333837,,,,,,-0.009144304317,-0.001950123665,0.0006969019907,-0.0006811854576,,0.007296259593,0.006271976895,-0.000574563932,0.005778136533,0.0006431459275,0.008647183163,-0.000103288735,,0.0007430000942,,,0.001267643072,-0.0009700424131,0.00190995395,-0.02077572655,0.01465349702,0.004337603101,0.01235173582,0.01218142261,0.01341908387,,,,,,,,,,,-0.0190878564,0.01674267385,0.02124840566,0.02126603237,-0.004206134876,-0.02133260193,0.01077894286,0.0005111227701,0.01072713563,0.001632985478,-0.008185577637,-0.008019520387,,-0.001181744681
1986-07-31,-0.002446172745,,,,,,-0.0008927974346,-0.009513848373,-0.002214521302,0.003122134569,-0.008352760791,-0.001102810932,0.006184378823,0.009462573926,0.005867639985,0.006485050801,-0.0001085118457,0.0004410589599,-0.001480864476,-0.001502521266,,,,,,,-0.002781644205,-0.01030709325,-0.001658889095,,,0.01041320895,-0.001522531641,0.006705539995,-0.00418537079,0.007724970072,0.009335749172,-0.0005798187983,,,,,-0.003752465428,0.003108178646,-0.007520808749,,0.0106496582,0.00296128459,0.007984893406,0.001494230569,,0.007801269355,,-0.001929602416,,,,,,0.007491200192,0.0001551109186,-0.001010732975,-0.00171110146,,-0.002923282606,-0.0006865851854,0.00316462976,-0.004896324948,-0.003595513398,0.001990710649,-0.003415222928,,-0.001674359203,,,-0.00290649742,0.001191810811,0.004053072711,0.007824869309,-0.007859848932,-0.006178303856,0.008395137973,-0.003436538826,-0.007690740926,,,,,,,,,,,-0.01211363592,-0.01134688219,0.006303283527,-0.01140599125,-0.0004180079439,0.009933790111,0.001631311405,0.008438029466,0.004409137253,0.009956494668,0.009942179565,0.006260491482,,0.009053911834
1986-08-31,0.01496526968,,,,,,-0.01009005531,-0.00963945966,0.006296576765,-0.003017874771,-0.004338940801,0.002578542118,-0.01075246478,0.001226768477,-0.004044264268,-0.001055864591,0.005203867224,0.01038586127,0.0005426488768,0.009953164137,,,,,,,0.006980683563,0.006629940038,0.008568417497,,,-0.01180417624,0.01351086517,0.002852098128,-0.004427665131,0.004343035677,0.004327251425,0.005892773669,,,,,-0.003755942327,0.01025834408,-0.002467145241,,-0.01339118492,0.009045259106,-0.01423641607,0.006941992801,,0.005304835653,,-0.005391681777,,,,,,-0.01736225839,0.008067947375,-0.003883539188,0.008798858534,,0.01028076209,0.003346433104,-0.01456712284,0.01180554388,-0.01321438855,-0.008944572345,-0.001956135912,,-0.01113144232,,,0.02025656583,0.007435975764,0.002887439139,-0.01250055053,0.01315462215,0.005069506818,0.004042386176,0.01327382512,0.01585180987,,,,,,,,,,,-0.003556648401,0.00448469327,-0.003068225651,0.01702371094,0.002104122184,-0.02169170678,-0.001860333146,-0.004405228603,-0.001383225518,-0.007194431285,-0.01531341739,-0.01788215805,,0.00264012973
1986-09-30,-0.01386662757,,,,,,0.02231038084,-0.01789638565,-0.006557735616,-0.0007003097187,-0.0009737228999,0.01514627363,-0.01298851753,0.02656839773,0.02702326424,0.01962369059,0.01896490924,0.004093639297,-0.01402307435,0.001470802875,,,,,,,-0.007958022534,-0.008549929074,-0.01281628479,,,0.02891852966,-0.02123826132,0.02604575211,0.01213965785,0.02961424823,0.02684758823,-0.01585843678,,,,,-0.01966402744,-0.002361038107,-0.00436202363,,0.02310801477,0.01782107531,0.007402586194,-0.0007873515997,,0.02391816849,,-0.01727715992,,,,,,0.02136390244,0.01687486945,0.01202623607,0.01225439495,,0.001945011589,0.005406551598,0.004052811784,-0.002645009128,0.001296398512,0.0007693062387,-0.0184096828,,-0.01029707302,,,-0.018576245,-0.01551241609,-0.001891434904,1.95720075e-05,-0.0176357444,-0.008443806404,-0.01887241631,-0.0180109138,-0.01795429373,,,,,,,,,,,-0.02162708925,-0.03020467393,-0.02846057278,-0.03014154538,-0.004444403811,0.02159137299,0.005553664979,0.01894864005,0.01559650256,0.02777342141,0.01988610423,0.02113400438,,0.02633786201
1986-10-31,0.00315589481,,,,,,-0.005054476439,-0.002807688298,-0.002610908166,-0.005537154571,-0.002866013017,0.0003637012504,0.0008355930664,-0.01257126276,-0.01071655421,-0.005052766308,0.003782008316,-0.007051629513,-0.002298799294,-0.00776444845,,,,,,,-0.007336294716,-0.006138745189,-0.009219890346,,,0.005126896121,0.0007584410447,-0.0130655894,0.004772469789,-0.013508856,-0.0127076228,0.00278424484,,,,,0.01126149598,-0.005880141455,-0.002551839424,,-0.004727714224,0.007432400038,-0.004948679276,-0.004997889696,,0.006414373993,,-0.01010922871,,,,,,-0.001778238345,0.00256244376,-0.005651171518,-0.0001777470166,,0.01078510767,0.009990835424,0.009100703408,-0.007200295684,0.0003568567506,-0.01255705551,-0.002509922585,,-0.0002381664455,,,0.002469997511,0.003434360047,-0.0008998621141,-0.005485885483,0.006935633379,0.000580452645,-0.002415612837,-0.001154634941,0.003503693912,,,,,,,,,,,-0.01443807456,0.004261695289,0.00238530204,-0.006763513059,-0.005075961044,-0.002000273347,0.005416677692,0.007267550875,0.006349907882,0.004125356817,-0.001925827701,0.001832700799,,0.008166561714
1986-11-30,0.008799564161,,,,,,-0.0001846647913,-0.004940484553,0.006424623854,0.00739493339,0.005879541919,-0.0004739793073,-0.0005264236841,-0.004785408795,-0.008136071213,-0.0007066734616,-0.001587648313,0.001309928428,0.002856883329,0.0003708122488,,,,,,,-0.0005141076063,0.001959505284,-0.001063636236,,,0.005011883182,-0.0008880949852,-0.004811446615,0.002807926343,-0.00523851828,-0.005141221751,0.00589243307,,,,,0.007135531884,0.0008718636117,-0.003280516331,,0.0001104752432,0.00874031577,-0.006388990275,-0.002779994361,,0.004933030912,,-0.005101558657,,,,,,-0.004145089254,0.001809950334,0.005929889069,0.0005803031928,,-0.007487928646,-0.001754591045,-0.008272077243,-0.001882480846,-1.063408215e-06,0.004815997558,-0.002552477948,,-0.0007715031271,,,0.001198054371,0.01064277016,0.008695794273,-0.006343778684,0.006364292988,0.002343394387,0.00400026117,-0.0004363151511,0.004949568242,,,,,,,,,,,-0.005949359172,0.001638325128,-0.00560867548,-0.006808634239,-0.005598493892,-0.006546870187,0.006732660269,0.004841887546,0.003822837116,0.0005251524379,-0.005992482977,-0.002926607605,,0.004157879774
1986-12-31,-0.007486063544,,,,,,0.00545659883,0.009548454645,-0.001561246729,-0.008100448687,0.001983671085,0.004272315199,-0.001533302874,0.0004981092401,0.004012825854,-0.0008037925027,0.00757322906,0.00475116173,0.01462574556,0.005485105652,,,,,,,0.01933427827,0.01648625676,0.0185599062,,,0.01377415209,-0.01032926388,0.007967672979,0.008740362548,0.003858100623,0.002274630713,-0.01089518706,,,,,-0.007939185497,0.00265452537,9.016490107e-05,,0.008179136505,0.01561536721,-0.004551127654,0.005638276727,,0.01438185306,,-0.009314466208,,,,,,0.0155168512,0.008364293,-2.686571429e-05,0.009616329118,,6.142042e-05,0.004069407602,0.004494934588,0.0002543112697,-0.00171893271,-0.00540525202,-0.01256267108,,0.0009105104154,,,-0.009144263734,-0.01602917813,-0.01534828939,-0.003000397123,-0.008635607126,-0.003219920531,4.86868083e-05,-0.00629255082,-0.007214409002,,,,,,,,,,,-0.01370670405,-0.01369066772,0.001898817873,-0.01210542,-0.004417887577,0.002238629956,-0.00556848436,-0.000362058174,0.009707831025,0.01179834029,0.01428151606,0.005102079484,,0.01351655738
1987-01-31,-0.002856085463,,,,,,0.00634248343,-0.002259657748,-0.0008210583339,-0.0007885979266,0.004676539409,0.0009537921525,-0.007822649118,0.001342261658,-0.0008562730887,0.002556787875,0.002716154411,-0.00316785178,-0.002936250642,-0.003701039339,-0.004240852641,0.01025709319,,,,,0.006603629525,0.003182384902,0.004762661538,,,0.002788421777,-0.003048601859,0.001859364549,0.008129373901,0.001513797057,0.002941590099,0.005739685015,,,,,0.00129267317,0.00416378016,-0.002726371377,,0.002858872033,0.009786477266,0.0005805847121,-0.002061124552,,0.007928905559,,-0.007808824077,,,,,,-0.0002519849003,0.005067246024,0.00146458447,-0.001354179869,,-0.001075696155,-0.002037277303,-0.002143011526,-0.01341578488,-0.001088796442,-0.002108322075,-0.0005645243152,,0.0001107921186,,,0.007208842377,0.003078428293,0.007482098488,0.0007070315582,0.003553910721,0.007318364667,0.001983587874,-0.001025625656,0.003276356173,,,,,,,,,,,-0.010209644,0.002359334144,-0.0007624372669,-0.001303498984,0.001836365483,0.003033794444,-0.005290036669,0.0008093796104,0.003435273422,0.006501324255,-0.004103150346,2.30567204e-05,,0.01005345562
1987-02-28,-0.0005257330565,,,,,,-0.002427115531,0.0001453510559,0.003433648701,-0.0001704185405,8.68957415e-05,-0.001739466682,0.001213678115,-0.0007130674928,7.132420154e-05,-0.001434956572,-0.002703062352,-0.002032745475,-0.004447180225,-0.002226817011,-3.849876165e-05,-0.001025125889,,,-0.001921765029,,3.288511938e-05,0.000695524063,-0.000975939688,,,0.0047274083,0.001107763751,-0.002271793003,-0.002083189159,-0.001375138017,-0.0005896938384,-0.002181793425,,,,,0.0006937212239,-0.001626855378,-0.003973448877,,0.002860178333,0.003410542287,-0.002020460966,-0.0005889501711,,0.004739472599,,-0.005558767151,,,,,,-0.002175124502,9.883044685e-05,-0.0005150313129,0.0002880318947,,0.00223704122,0.003928969058,-0.00260805329,0.004560937207,0.0005895691639,-7.153319379e-05,-0.001014911243,,-0.0004735524581,,,-0.00216602903,-0.001552325993,0.0004059573629,-0.001688677689,-0.001372267165,-0.001754887611,-0.003354379347,-0.002260524818,-0.003995369687,,,,,,,,,,,-0.004114433462,-0.002011349532,-0.001856532231,-0.001777214488,-0.0001947518799,-0.0006245965113,0.0006148044402,0.002526983995,0.00380647994,0.003018912743,-0.0005613977706,-0.002031269903,,0.003373004925
1987-03-31,-0.003193727722,,,,,,0.002442955149,0.004281767105,0.00100742732,0.002035738137,-0.002720242609,-0.005710190845,0.004178116089,0.004374182257,0.009322653264,-0.000909912118,-0.002076408212,-0.001205903931,0.00130712318,-0.001914413502,-0.002534648147,-0.001244843212,,,-0.003124097562,,-0.002009737486,0.001554397124,0.001035241524,,,0.0022818226,-0.003349068742,0.0099317674,-0.0008849340292,0.01042258473,0.005861002691,-0.004476161955,,,,,-0.009259260039,-0.0002237755868,-0.001255291201,,0.004793536562,0.004614379755,0.002915996669,0.005480670543,,0.01012799803,,-0.0101203423,,,,,,0.00771369053,0.002418774256,-0.0002362040029,-0.004962727829,,0.007729547846,0.007957935503,-0.01632385418,0.01653529513,-0.009903139146,-0.01026378379,-0.00280597366,,-0.0005052423608,,,-0.008955902738,-0.005081534072,-0.007223470083,0.002421603602,-0.007302232719,0.001059621019,0.0003830980683,-0.002974007315,-0.006278097058,,,,,,,,,,,-0.004202954957,-0.007476514884,0.003994889941,0.003599283002,0.0006801504184,0.004901724192,0.002227205407,0.007478906843,0.005310135494,0.009437137067,0.009269240684,0.006921380279,,0.009189080797
1987-04-30,0.001828950492,,,,,,-0.003961717256,0.005048192732,-0.002548139714,-0.006065589411,-0.004525075089,-0.0003619322359,-0.0008346123387,-0.0006063369439,0.007989438949,-0.00554464717,-0.009495564953,-0.007550334127,-0.002559569814,-0.008473541579,-0.0103724615,0.002834943862,,,-0.005275863673,,-0.004066772956,-0.003159387521,-0.006404873318,,,0.007752377811,0.0007787276038,0.003758165264,-0.009576118637,0.004677747926,-0.002300219162,-0.006836260931,,,,,-0.005015649603,-0.00356691379,-0.008017373217,,0.008032816291,-0.003128100719,-0.00271456325,0.01306173265,,0.01500323639,,-0.01408076331,,,,,,0.009116019654,0.001643782539,-0.002758665143,-0.001999291519,,0.004114913124,0.00269380543,-0.001013395653,0.006222440887,-0.003328332202,-0.0020677826,-0.004954201202,,0.002467065949,,,-0.01238259677,-0.01129782879,-0.009677333412,-0.004356219256,-0.003930647578,0.002502256565,-0.005670833996,-0.006594577936,-0.006756609737,,,,,,,,,,,0.002600594599,-0.007141915076,-0.005620178877,-0.008970724282,-0.0004154624597,-0.0004131666633,0.01058712338,0.01485551543,0.01098349408,0.01433107208,0.008114936171,0.005861653711,,0.01359899807
1987-05-31,-0.01102991442,,,,,,0.003197899722,0.00797228405,0.005334403482,0.00258193638,-0.004837457722,-0.002881879935,0.001553733568,0.004107017224,0.001868599839,-0.005042406318,-0.005621104595,0.00408175261,-0.004260038949,0.002704147711,0.0001487388319,-0.0027061815,,,-0.002755889076,,-0.002578719279,0.004786962648,-0.006042546007,,,0.009378242402,-0.005615542624,-0.003085787249,0.003622197732,-0.002016198758,-0.005430870024,-0.004705699906,,,,,-0.001710025005,0.004057594823,-0.005835285078,,0.004431630372,0.01687705802,-0.01507066155,0.02230567861,,0.03209073601,,-0.016965431,,,,,,0.009304080725,-0.004638008915,-0.001939784672,-0.009862770346,,0.01031471927,-0.0156434749,0.0171664645,-0.02650991009,-0.02080413371,0.01181029115,-0.00407956496,,0.003858619423,,,-0.00545342982,0.0005702982647,-0.002877566159,-0.01608141573,-0.01067511869,-0.003911321803,-0.004792363802,-0.0125208952,-0.01024000647,,,,,,,,,,,-0.006411862713,-0.006766117186,-0.007316752387,-0.007344228371,-0.01658606163,-0.008171338604,0.01153379257,0.01677965421,0.006894556132,0.01408981095,0.007000467581,0.002219353085,,0.03404363619
1987-06-30,-0.003566467368,,,,,,0.005954763725,0.003414192582,-0.00499585515,0.002466802749,-0.005945622918,-0.00698889013,-0.004475043608,0.004611987074,-0.004207344228,0.00895047886,0.008068702405,0.006532483601,0.002558244633,0.004287694483,0.007268718393,0.001784391163,,,-0.003398869811,,0.00592912391,0.002932103507,0.005564058702,,,0.006611491526,-0.0004326111673,0.003401204643,0.00296095496,0.0001083881803,0.001480862218,0.005303655246,,,,,0.003191916478,0.003955992203,0.003595477584,,0.002083907435,0.008622627442,-0.001492314785,0.00170674458,,0.01144565219,,-0.007975027877,,,,,,-0.001998814244,0.004704357757,-0.0004717689912,0.0002385240451,,-0.003320553249,0.01892657572,-0.00112557434,-0.01737635024,-0.0181775314,-0.01827718362,-0.005961315045,,-0.00412221489,,,0.001006160528,0.001202366176,0.0004372959789,-0.004365094458,-0.001200259939,-0.004306879873,8.863724364e-05,0.0001357493399,0.002585707263,,,,,,,,,,,-0.008743119692,-0.007793963811,-0.005848229733,-0.004256553963,0.002063389424,-0.0004675764657,0.005175798432,0.009430314734,0.008911718952,0.01045674681,-0.00255715368,0.0003335497109,,0.01212086027
1987-07-31,-0.000642410261,,,,,,-0.00190328338,0.004623930385,-0.003862956451,0.0001834311473,-0.0009343936934,-0.002673135042,0.00404173554,0.0008924126392,0.008286299602,-0.003083711974,0.0006474694751,-0.001421949816,-0.002340172349,-0.005437258259,-0.004358703553,0.005161730663,,,0.001246869528,,-0.004876078875,-0.004079248746,-0.0020465451,,,-0.00179921552,-0.005092978401,0.005324566468,-0.003306435801,0.006576498848,-0.0005127301285,-0.006143362775,,,,,-0.007390508826,-0.005354613544,0.002209013451,,0.001121547057,0.001141585082,0.003613716669,0.00351024697,,0.008281919252,,-0.002363090199,,,,,,0.008481661585,0.006993770269,0.005861044685,0.004487538717,,-0.002562917114,-0.006479434287,-0.00254530144,-5.605205251e-05,0.001378458144,0.0006482819875,-0.0004025723311,,0.0023803064,,,-0.003528040981,-0.005830498156,-0.005574735332,0.004547565428,0.008138999165,-0.0006001278097,0.004381362985,0.004690678189,0.006156097051,,,,,,,,,,,-0.006777465911,0.003577871666,0.004531271573,0.004333218071,0.002154139122,0.004223978376,0.003334919839,0.007129814906,0.002812124742,0.006764743724,0.008176302421,0.009370911707,,0.009438989637
1987-08-31,0.0004813179798,,,,,,-0.001034552892,0.003347060269,0.0005444847043,0.001584629526,0.001145395514,-0.001625521253,-0.0009643209096,-0.001522268401,4.633692079e-05,0.002756699453,0.003611845604,-0.000441887971,-0.002990402248,-0.002496029343,-0.001658926108,0.003800791537,,,0.004182466192,,0.001312404223,0.001651590891,0.001723770888,,,0.0002748493985,-0.003702610805,0.001085746058,-0.003336816538,0.0001488753443,0.0003926706933,-0.002621358861,,,,,-0.0001223367307,-0.002840988558,0.0048319481,,-0.001582817598,0.004900341355,-0.002245146699,-6.699579966e-06,,0.007937649877,,-0.002618374563,,,,,,0.001936129203,0.001418870239,-0.001905115953,-0.001508652344,,0.007318089643,-0.007628396114,0.009501108063,0.01113195597,-0.008572593115,0.008995422374,-0.001812686993,,0.001285465156,,,-0.0006825517562,0.0001039456146,-0.001961083319,-0.001996418753,0.002775067409,0.002569008939,-0.0006062239279,-0.002100117364,-0.001474065467,,,,,,,,,,,-0.0007767229685,0.001737537148,0.001675212303,0.00204962176,-0.0006970810532,-0.0007146202781,0.004823537023,0.007743518899,0.004044090215,0.006603822978,0.002442745262,0.000631357925,,0.002928704966
1987-09-30,0.00382773149,,,,,,-0.001845539795,0.005404757652,0.0007664590653,0.0002900612741,0.006719035987,0.001629018674,0.008664559379,0.0003442077013,0.0119118902,-0.01160831786,-0.006475507396,-0.01033938739,-0.009171909815,-0.004165184403,-0.006392257314,0.00487385548,,,0.002293074327,,-0.003426234411,-3.975626884e-07,-0.00441535716,,,0.0003818147377,-0.005117463207,0.001320707764,-0.004601359335,0.007884199246,-0.0008170128544,-0.006029383236,,,,,-0.01001077247,-0.005172521419,-0.0009676665968,,0.006503776527,-0.0003152213226,0.001812732478,0.003179219788,,0.009392173164,,-0.004172474947,,,,,,0.0110880419,0.009170091594,-0.002848287798,0.009214207144,,0.005810783621,-0.002534981691,-0.003150093574,-0.002105992207,-0.00203457187,-0.00235926214,0.001527564903,,0.009907558418,,,-0.01025150322,-0.008715249602,-0.008517124628,0.0008653184782,-0.003828788269,-0.007377070628,-0.003885534543,0.006658610412,-0.0002876127443,,,,,,,,,,,-0.003699218416,-0.0004498722361,4.337712128e-05,0.0001290332392,-0.004548996104,0.003642824432,0.005935431105,0.008208556122,0.008759269241,0.01148503039,0.01037856008,0.01017926709,,0.008807794503
1987-10-31,0.0040096495,,,,,,-0.007136085909,-0.001322036206,0.004748493549,0.003783763133,0.00127571959,-0.003767132624,-0.009034223659,-0.002996716491,-0.0147674947,0.0004696700192,0.008363033309,0.00645307298,-0.006735621282,0.008281432073,0.008997557921,-0.004903550278,,,-0.002189195414,,0.008971866777,0.008136070287,0.006686588876,,,-0.001939670775,0.008427224489,-0.008495016469,0.008556147054,-0.01352380047,-0.003197997041,0.007349081386,,,,,0.0159392267,0.00745779625,0.007824671119,,-0.01097184287,0.0009777476191,-0.01710034783,-0.0007736837216,,0.003092449025,,-0.005905528367,,,,,,-0.009563743598,0.000938265987,-0.007364575157,0.001585998868,,0.006669848713,0.008922542833,0.01242010313,0.003601114559,0.0008187411951,0.003036888067,-0.003614722366,,-0.008019554061,,,0.01272561293,0.01004302222,0.0109152647,-0.01527557129,-0.01130013606,0.003556090563,-0.01107649753,-0.009211288325,-0.008075991089,,,,,,,,,,,-0.007831102177,-0.01266597416,-0.01486107805,-0.01436828697,-0.006911525854,-0.01574339203,0.007489947721,-0.0009943375718,0.01005306328,0.000204140681,-0.01337916738,-0.01060360415,,-0.002205434565
1987-11-30,-0.002125396133,,,,,,0.0008853224733,0.002969475476,-0.0006043625947,0.004185124985,0.00315204779,0.0002748231922,0.004887025984,0.008734698056,0.006328686268,-0.001612328888,-0.0009327009161,-0.003890475274,-0.00375780571,-0.003869445678,-0.003740124741,-0.005642582126,,,-7.046857417e-05,,-0.002015786076,-0.002396038168,-0.0001348428304,,,-0.002169976457,0.001758899184,0.008860037414,-0.001556754621,0.009632384794,0.009491419078,0.00241233891,,,,,-0.005983200315,0.003388379865,0.0003244702573,,-0.0003608575298,0.00799121488,0.008751386464,0.004483549396,,0.01066321151,,-0.005533868766,,,,,,0.004352624683,-0.004130641299,-0.005274960143,-0.004301868512,,-0.01032484123,-0.01043138628,-0.0006569780156,-0.009581649347,0.002732921696,-0.009039163304,-0.001630845592,,-0.002042072454,,,-0.003411528996,-0.002674593828,-0.001496354967,0.008892913282,0.0006725933842,0.003340086297,-0.003779909946,-0.001617553935,-0.0001747881302,,,,,,,,,,,-0.01144859421,0.003897002998,0.004693539404,0.005380040165,0.002929358563,0.01465875788,-0.006117232964,0.007252129697,0.003581038608,0.01212729366,0.003674331531,0.006671934402,,0.01240280073
1987-12-31,-0.001097313949,,,,,,-0.0001339598576,0.005264551283,-0.00711179627,0.006934008513,-0.0004092355763,0.00965143244,0.002795536579,-0.01219079872,-0.01919419823,-0.007728861144,-0.0003515598693,-0.004801304611,0.008365859067,-0.003312166821,0.01039585508,-0.002417557517,,,-0.007716607226,,-0.003553449411,-0.006045042465,0.007599213294,,,-0.004638588317,0.004346070317,-0.01804989214,0.01493717401,-0.01804963314,-0.01115370785,0.007352637799,,,,,0.01825491456,0.0003337914438,0.009082762239,,-0.00270057188,0.01075755539,-0.01990921946,-0.009557013795,,0.009322532588,,-0.01410947614,,,,,,-0.007893903974,-0.001924843551,-0.005330864208,-0.01113094837,,0.0005777121376,-0.01457282424,0.01114201547,0.001380186275,0.01584987492,-0.002505512246,0.0005467672454,,-0.005741501273,,,0.005482404858,0.007950581259,0.01415631672,-0.02067869858,-0.0003274687299,0.00195291922,-0.001601745961,-0.008808648069,-0.0009859554193,,,,,,,,,,,-0.0135524303,-0.0105237958,0.01034465941,0.00436548324,-0.01167142513,-0.01227408349,0.002720207247,-0.001539503351,0.007384814806,0.0008465825963,-0.008147095085,-0.006351628018,,0.008268583455
1988-01-31,0.001673324666,,,,,,0.008096940486,0.000696293397,0.002907389356,0.00878377524,-0.009005567343,-0.003362146331,-0.006123281828,0.004260107934,-0.007872881119,0.01066869317,0.005829276739,0.01170672857,0.002697247875,0.0111858336,-0.002476516217,0.006399735339,,,0.009001613223,,0.008590713254,0.00702310924,0.01129051137,,,-0.0002101016063,0.005723398396,-0.008692875879,0.01055816647,-0.008617721041,0.003177952365,0.0005775825113,,,,,0.01105311085,0.01182271336,0.009087121679,,-0.005426206341,0.010138207,-0.00104759794,-0.0055201485,,-0.0003963422273,,-0.009659693536,,,,,,-0.001940359421,-0.008054597464,0.006078328898,-0.001791036951,,0.008750784558,0.006537965521,-0.01360357279,0.009235562026,-0.01118699771,-0.01210502329,-0.004531531183,,-0.005221438202,,,-0.008801759352,-0.0002734076269,0.00816000346,-0.003291922976,-0.005985024204,-0.007320947148,0.003856972907,-0.005671738987,-0.006681221868,,,,,,,,,,,0.002484958382,-0.003070166137,0.003474191322,0.001214075864,-0.003902028404,-0.003279622451,-0.001205364852,-0.003805543744,0.002518147208,0.0001374431585,-0.002946672004,-0.002853852579,,0.001475506916
1988-02-29,-0.001032644916,,,,,,-0.004236903126,0.005263889761,-0.00428856001,0.006269512168,0.004722295273,0.001677689441,0.003115006878,-0.004016264184,0.003256412818,-0.001066971822,-0.001002288906,-0.001275641996,0.001583541062,-0.002476981574,0.002371841031,-0.002638823949,,,-0.0006483694671,,-0.005086446079,-0.004201651858,-0.00338937725,,,0.0008281802306,0.002719854126,0.001837985319,-0.003382869005,0.001778716778,-0.001889469267,0.001817022179,,,,,-0.002034681345,-0.003311399608,0.003148989217,,-0.00220478293,0.006682608916,-1.358116856e-06,0.0005935241616,,0.00716926881,,-0.00621324152,,,,,,0.002117228456,-0.002031099576,0.0015951942,-0.0008052910862,,-0.01413373794,-0.0121585731,-0.01335936085,-0.01525060896,-0.01540904855,-0.01409287592,0.0001016485799,,0.002687521658,,,0.000399836501,-0.0002679770567,0.0002894300594,-0.0009385173239,-0.004258835252,-0.005174111723,0.0006692672604,-0.003014650887,-0.004813805465,,,,,,,,,,,-0.007919314496,-0.003338933436,-0.001715049702,-0.00426794045,-0.0006174364412,0.002550421684,-0.002247677858,0.001252681371,0.005278544036,0.006727511019,0.003462124361,0.004712009397,,0.006588123502
1988-03-31,0.0002969193312,,,,,,0.002667989079,0.00523160216,-0.002089586669,0.001896970377,0.00465497658,-0.002499357426,0.0009127019455,-0.0005044972894,0.007688788988,-0.004835736001,-0.006420315493,-0.003154301596,0.008283026432,-0.004439247158,0.006535392084,-0.008101319472,,,-0.001231478778,,-0.005674836099,-0.006401852833,-0.004288708763,,,0.002103445349,-0.007957800542,0.007012316594,-0.005935083594,0.006774816546,0.0006284353053,-0.007200239102,,,,,-0.007526217915,-0.006371343747,-0.001837678541,,0.002227108358,0.001515774711,0.004814056754,0.003500951816,,0.008049209112,,-0.004695760555,,,,,,0.008183094623,0.0007615420896,-0.00668567048,-0.005404264428,,0.002972243897,0.004728096623,0.002079492033,-0.00134247817,0.008170855037,0.008812623533,0.0001550818652,,0.006299209515,,,0.001661677643,-0.00247925049,-0.002346731706,0.00329472838,-0.0006140715178,0.007555000998,-0.007427841068,-0.008275516837,-0.004676217575,,,,,,,,,,,-0.005317358549,-0.0008305119712,-0.006804321667,-0.007066431626,-0.000345865818,0.00735795676,-0.001094880188,0.005239089497,0.0005386668484,0.006043646471,0.008267457147,0.007148929071,,0.008620065853
1988-04-30,-0.005899706721,,,,,,-0.0009981292281,0.002281312186,-0.00288239257,-0.001154160129,0.000401260792,0.00319790452,0.003611109646,0.0008693104536,0.005838617332,-0.00319763922,-0.004643573979,-0.003253829631,0.002384852963,-0.003312146714,-0.004274632905,-0.003679903749,,,0.005489158523,,-0.002153524746,-0.001692211577,-0.003084541483,,,0.002692824979,0.000804002066,0.005710282177,-0.00510041397,0.004833031151,-0.001892124934,-0.003086739449,,,,,-0.006096389583,-0.001790953942,-0.00149960236,,0.005756393477,-0.001559342595,0.004394169924,0.004437443283,,0.006765360178,,-0.004777671055,,,,,,0.004901983463,0.006802895211,-0.004077041792,-0.003563897764,,0.001090087236,0.001011438205,-0.002492774631,-0.0003515908854,0.002950392459,-0.000125789467,0.001035006057,,0.001314139474,,,0.006653747552,-0.000971762847,-0.007421983725,0.003082071859,0.001476691876,0.008547284819,-0.001746003303,-0.00332906046,-0.002161364659,,,,,,,,,,,0.0009544800114,0.001078355622,-0.0004594419015,-0.004104066765,8.295733645e-06,0.008303407493,0.0001965588619,0.004888619118,0.006144707578,0.009786987375,0.006920699933,0.005732501508,,0.009984961869
1988-05-31,0.001020710166,,,,,,-0.0001714533906,-0.001339226887,-0.004621624312,-0.0001167271264,0.002760294843,-0.003207987774,-0.002362567682,-0.00500884342,0.001086220904,-0.0008118775535,-0.0002176294128,-0.005900638727,0.001559523249,-0.00617388728,0.0002590067709,-0.001590805024,,,-0.003699140013,,-0.009060741753,-0.009352475714,-0.007795468782,,,0.004660402779,-0.0005211812607,0.001187514423,-0.002681678359,-0.0006942497368,-0.00500824781,-0.001425053421,,,,,-0.001849281074,-0.003841134924,0.001464215667,,0.005618465229,0.0003431490718,0.002339088503,0.004326948267,,0.01020536328,,-0.007079348623,,,,,,0.00325523898,0.001281631714,0.006766520069,-0.001825761281,,0.004230380448,0.003558686967,0.001913758729,-0.007553870894,-0.005485474673,-0.004648123734,-0.004350978036,,0.004617572787,,,-0.006387684868,-0.00404634239,-0.005416312177,-0.003474164919,-0.004428851743,-0.0008835545482,0.002488892439,-0.007106668935,-0.006805249679,,,,,,,,,,,-0.003247901811,-0.00543505414,-0.001820927688,-0.00421939678,0.00139624449,0.003216020913,0.005845090837,0.009646491718,0.006185721754,0.00847627039,0.003895999257,0.002547755795,,0.008714172513
1988-06-30,0.000990701722,,,,,,0.002281091208,0.000855201114,0.001270756883,0.001932098446,-0.0006873163908,-0.001294574935,0.0005531348913,-0.001530808665,-0.0001181148685,0.002998769952,0.005369425272,0.0003941013211,0.0004548428046,0.0002262755096,0.001807999493,-0.0007927930655,,,0.0004658097375,,0.0001559304961,0.004130389069,-0.0005762886292,,,0.0008775971601,0.002245896328,-0.001420333703,0.001400504393,-0.001321704835,-0.003150229708,0.0009695946373,,,,,0.001126222803,8.488908311e-05,0.004598221749,,-0.001907246553,0.003146040594,-0.00437328363,-0.0004335398221,,0.002803650204,,-0.003043050826,,,,,,-0.001906840055,-0.0004067718677,-0.00572840371,-0.001483322627,,-0.01655130327,-0.01586834411,-0.01750631065,-0.01070636768,-0.01563275991,-0.01646554956,0.000361291829,,-0.001281875276,,,0.002845775131,0.002241789771,0.003767837054,-0.005137621341,-0.002466411182,-0.0007357668173,-0.006458008786,-0.001306482537,-0.0003937687114,,,,,,,,,,,-0.004932162276,-0.0006706804187,-0.0001379424461,-0.001587520088,-0.003008834477,-0.004813617237,0.001162794527,-0.001645665782,0.001306854602,-0.001512265635,0.0001580813138,-0.001348647256,,0.0009043383702
1988-07-31,-0.005719030524,,,,,,0.003835243722,4.703334446e-05,-0.007905894032,0.00523801489,-0.00248907556,-0.003934204588,0.002507859505,0.009564109158,0.003729915127,0.004225870383,0.00260665715,0.001584886933,0.003517903878,0.004183206486,-0.001077232719,-0.0009616186849,,,-0.0001285047098,,0.006947628658,0.00906369663,0.007303360403,,,-0.004561042782,0.001480103936,0.008500550776,-0.004150983548,0.008712436548,0.007729364545,-0.001735520094,,,,,-0.004283377155,0.003553219508,0.007179365439,,0.005848333989,0.007606010133,0.00564090988,0.006090528473,,0.008602418358,,-0.003101810087,,,,,,0.006320998954,0.001358249124,3.51745934e-05,0.001493890436,,-1.090659544e-05,0.0006669907281,-0.0009139139637,-0.002144049239,-0.002407380713,0.0004550205433,-0.004638420237,,0.003138778585,,,0.007138434723,-0.002315430414,-0.0003771617701,0.004252999331,0.001101467397,0.001160955673,0.0006455360074,0.004913510827,0.0001380513286,,,,,,,,,,,-0.009129971187,-0.0001024284967,0.002026355232,0.001953151885,0.001778954754,0.007405153488,-0.001470258794,0.00693653003,-0.0004161800873,0.00765809206,0.003256611881,0.006968947473,,0.01228373705
1988-08-31,0.0008712875065,,,,,,-0.001677660726,0.001372994398,0.0009666945374,0.0009310402528,-7.078480354e-05,-0.0015212792,-0.002481530681,-0.004347610587,-0.001678632513,-0.0001954120619,-0.002316344463,0.00193421239,0.004424769821,-0.0001050652361,0.003879323317,0.00269955797,,,0.001597700421,,-0.002007268566,-0.002040369732,-0.002045591019,,,-0.001869803754,-0.00231769672,-0.002711192022,-9.016955448e-06,-0.002229425368,-0.004064287137,-0.002754283983,,,,,0.002318201561,-0.002810564419,0.001330815298,,-0.0004026717313,0.0003681640148,-0.004149127948,0.002276307966,,0.007644405895,,-0.002428967461,,,,,,-0.001287577392,0.0001425657194,0.002445943713,0.003254040745,,0.003141354774,-0.002215983043,0.003678857472,0.006896188769,0.0007333971685,-0.0009815720586,2.258746657e-05,,-0.0002623720948,,,-0.00274265273,-0.0008483413136,-0.0006454334517,-0.004673239221,-0.002514101103,0.000990275569,0.002267725959,0.0006977231662,-0.00476221857,,,,,,,,,,,-0.005651382,-0.003475902343,-0.002459482299,-0.003236851804,-0.002068354936,-0.003704995869,0.004783969742,0.005861440346,0.005431752374,0.005300995182,-0.001016316996,-0.002585552851,,0.004849823527
1988-09-30,-0.001627513148,,,,,,0.001130139208,-0.001445874709,0.002824033556,0.0009340362462,0.0001790866487,0.001463502807,-0.00194437924,-0.004048797277,-0.007520786441,-5.649491431e-06,0.0009526324491,0.0008177788577,-0.0001802701276,0.0002695641766,0.00258672594,0.006298941607,,,0.000521517876,,-0.000689357942,-0.001093010616,0.0003864886533,,,-0.0002718924084,0.000577595198,-0.005936406191,0.006064254487,-0.005649806593,-0.002616454419,0.002747847081,,,,,0.006211834593,0.0005008935989,0.0020127661,,-0.002180861444,0.001777019246,-0.008681923826,-0.002288269657,,0.001845327612,,-0.005444728318,,,,,,-0.006621769781,-0.0006003276586,-0.002861937665,-0.00138579594,,-0.002726295591,-0.001107716097,-0.001459795511,-0.008330510932,-0.008563629638,-0.007738418514,-6.929018984e-05,,-0.00479766092,,,-0.005316013876,-0.002191983896,0.002713101226,-0.009116023652,-0.003084287963,0.001794417314,-0.004772791736,-0.005792852721,-0.004203231762,,,,,,,,,,,-0.00184951375,-0.005309860485,-0.007607133711,-0.008022205084,0.0007000440801,-0.008283947312,0.006933149524,0.0004684926594,0.004978918827,-0.001843069744,-0.005109623794,-0.007164679532,,-0.0006290236948
1988-10-31,0.001551102739,,,,,,0.002881233701,-0.002573370248,0.0001818972991,0.002467120053,-0.003340743619,-0.0005458178481,-0.0004058439928,0.0004699793198,-0.003940668914,0.001957165066,0.003542481485,0.002202279902,-0.001530346933,0.003164479406,-0.001964120353,0.004002534434,,,0.001444766419,,0.003240605792,0.002728776007,0.002882985266,,,0.0005693249572,0.0003076716407,-0.004855560728,0.004959376262,-0.004793302826,6.609969513e-05,0.00201270715,,,,,0.005144804132,0.002674020499,0.003161424022,,0.001569113183,0.000486360644,-0.005053861557,-0.002357201272,,0.0001873993146,,-0.004690337539,,,,,,-0.00380505329,0.001101675934,-0.003175856137,-0.001937746762,,-0.00215962625,-0.004799496937,0.001088354604,-0.001417279999,0.005230265067,0.000503364468,-0.0008326423267,,-0.004911158742,,,0.0001809625902,0.000330573003,0.0008188366167,-0.005193691479,0.001138228684,0.004005955163,-0.003862671097,-0.002939321471,-0.001989105378,,,,,,,,,,,0.0007981558489,-0.0006591541248,-0.002900703613,-0.002801658753,-0.0009234181821,-0.005214359052,0.001260187101,-0.0009363162139,0.003654426087,0.0002471483448,-0.005013242273,-0.003337065569,,-0.001140282261
1988-11-30,0.003657318071,,,,,,-0.00212875541,0.00587461059,-0.002395051373,0.003777374531,0.002376352099,-9.376577964e-05,0.00332827545,0.003162106961,0.005439633941,-0.000649855727,-0.00185757795,-0.0007127326603,0.001667416856,-0.003793630865,-0.002747449015,-0.003914308932,,,0.0001028829844,,0.001929895075,0.001071571375,0.0005148217365,,,-0.001379324832,0.0002639565843,0.005892663201,-0.005020131733,0.00628374409,0.002929567443,-0.002450973615,,,,,-0.005071317232,-0.00121709812,0.00197841017,,0.005932866962,0.007175768443,0.002911141391,0.002309916778,,0.01157673535,,-0.003496739003,,,,,,0.005990446997,-0.004196618316,-0.0020186945,-0.002483973956,,0.001900251638,-0.0005142698713,-0.004733103457,0.001803677778,0.001714753719,-0.001360260991,-0.003528604523,,0.003089062161,,,0.001442046105,0.002254845035,-0.001771929309,0.003031972228,-0.00416253961,-0.001177504735,-0.005127356613,-0.002908753329,0.0005585671378,,,,,,,,,,,-0.007671434883,-0.0001550468286,-0.007322015087,-0.003812586138,-0.004348255156,0.008687814582,-0.0003556033771,0.007792466828,0.002997457858,0.007923080613,0.006691637366,0.004597046218,,0.0112506162
1988-12-31,0.001201845221,,,,,,-0.0008689098754,-0.0008440548819,-0.004879048657,0.002817277965,-0.0007387077285,-0.00155160281,-0.00185438165,-0.006340059109,-0.003963733976,-0.002575716588,-0.00221897562,-0.005421066937,-0.001423443317,-0.002478938358,0.004460913614,0.003032362729,,,-0.001002219175,,-0.005792431804,-0.004681316822,-0.004609851006,,,-0.004111714244,7.926957511e-06,-0.004849341107,0.002118050171,-0.005231599942,-0.006788439365,0.002297152467,,,,,0.002498199954,-0.004144382073,0.0009321345736,,0.002088215157,-0.0003945268401,-0.009480156204,0.0001136926133,,0.002652512248,,-0.00275829692,,,,,,0.001231112322,0.002884868819,0.00103890276,0.003034462038,,0.005634251262,-0.001661375566,0.005011375076,0.004938922807,0.002293701169,-0.005003141588,0.0005389888032,,-0.001818571829,,,0.002217603341,-0.0003085919583,0.00183411806,-0.007145533227,0.0006829436481,0.0007320793724,0.003641895008,0.003659461513,-0.0004839175498,,,,,,,,,,,-0.003822362978,-0.001954065002,0.00450851925,0.001029455761,-0.0009083736677,-0.008676701564,0.004905356167,0.0006900493661,0.003662428307,-0.0004093606129,-0.002240757126,9.959436466e-05,,0.001984397306
1989-01-31,0.002329845424,,,,,,0.000217626648,0.00203512448,0.001946032645,0.001066632226,-0.002779597456,-0.002300576663,-0.00563168892,-0.001724165407,-0.005513675927,0.00176471476,0.0006629984348,0.0009109041635,-0.0001984032803,0.003501631344,-0.0002572203083,0.005354819593,,,-9.529957717e-06,,0.0007163453574,0.0002412202673,0.001586585011,,,-0.005032392539,0.001047618271,-0.00627778973,0.006891287284,-0.005957867219,-0.002366660923,0.001838901056,,,,,0.004933658907,0.002952805673,0.004050329393,,0.001732496908,0.0007730276061,-0.006251371131,-0.002569341448,,0.0006654102377,,-0.002984751601,,,,,,-0.007468122657,-0.001046200317,-0.002297848888,-0.00170608488,,-0.003403862556,-0.003334574405,0.001922203418,-0.004517024062,-9.956407075e-05,-0.002482670647,-0.0006498321948,,-0.004354472454,,,-0.0004714796868,-0.001180952849,0.000972990677,-0.007029172031,-0.003942262837,-0.005178582845,-0.003472027757,-0.003633189475,-0.004165286337,,,,,,,,,,,-0.001086861277,-0.004409316406,-0.004399025964,-0.004591564633,-0.001212185869,-0.006246133187,-1.095467503e-05,-0.003315449932,0.0064543134,0.002830491994,-0.006092904106,-0.00662311103,,0.001887478759
1989-02-28,-0.003502036307,,,,,,0.002320569485,0.003908391843,-0.004541676371,0.0004247772761,0.001207732826,0.002199081644,-0.0008036807719,0.006789265353,0.00340921613,-0.006092842941,-0.001837209197,-0.005411431129,0.000325430109,-0.001682273152,-0.002335292055,-0.002089456523,,,-0.001632420671,,0.000655243692,0.0002919486271,0.0002593145929,,,0.0002310243669,-0.005287464694,0.003890608231,-0.002607282417,0.003969340792,0.005711947491,-0.004153285601,,,,,-0.003777574879,0.0008040919746,-0.001234850938,,0.01095430054,0.0004233616352,0.009561371434,0.005528709082,,0.006321766251,,-0.007835559371,,,,,,0.006542199222,0.001758197041,-0.005357208022,-0.003153202593,,-0.001808602661,-0.0002306183749,-0.002718816672,4.503807115e-05,-0.002370189109,-0.00260234776,-0.00242565766,,0.006861542718,,,0.002886996068,0.001627887521,-0.001972413262,0.009292065352,0.001633737823,0.002571556791,-0.004115666076,-0.005141006641,-0.001643520677,,,,,,,,,,,-0.009193590701,0.001722236708,0.004913229439,-0.005136711092,0.00349631329,0.009403937102,-0.004911179093,0.003166098918,0.0003542288317,0.006905086193,0.007099937226,0.006084440832,,0.005781733982
1989-03-31,0.003327765697,,,,,,0.001520984369,0.00152481181,0.00265261253,-0.001224427066,-0.0003615621279,0.003676226024,-0.00189618578,-0.005418031914,-0.00169501296,-0.002960241059,-0.002707591941,-0.001089978734,0.002281889418,-0.0007852904525,0.0006219780514,0.001429337965,,,-0.001341845829,,-0.003528683226,-0.003456691069,-0.002585354642,,,-0.0005115226996,-0.002666738494,-0.00311434573,0.003246464136,-0.002920171071,-0.006239601385,0.001647618974,,,,,-0.0001698987395,-0.003123137216,-0.003697089492,,-0.00248433508,0.002854598794,-0.007481579985,-0.0002407436614,,0.003689770489,,-0.00183176022,,,,,,-0.001872646711,0.003870542561,0.000639391462,0.004648666762,,-0.00694756496,-0.007643731041,-0.00712698353,-0.005828521237,0.004505005293,-0.00732026997,0.0009279964916,,-0.0008653041311,,,-0.002013997823,-0.00575831544,-0.0005882209015,-0.007350256572,0.0006872566841,-0.0001703567701,0.001921054664,0.004023512519,0.003522464044,,,,,,,,,,,-0.006982006027,-0.001499052787,0.003645426786,0.003028451081,-0.004219826306,-0.003701213659,0.004671212407,0.001617150153,0.003225063671,0.000669454461,-0.002190671392,-0.001063677569,,0.004673646214
1989-04-30,0.0009838838522,,,,,,-0.0006508611844,0.001172259961,-0.002960993627,0.002744417959,-0.001304103533,0.0004822124052,0.004293171356,0.002719164959,-0.001473837753,0.0007282353392,0.0008009244141,0.001321037442,-0.002846507589,0.0008471892462,-0.003691337878,0.00295902249,,,0.00142729757,,0.005591793701,0.005834988291,0.006308337478,,,-0.003391039512,0.0002033025372,-0.0004257915219,0.002609116513,-0.000257552679,0.003432125422,7.437326933e-06,,,,,0.001529056682,0.002512864999,0.001723309058,,0.002243957804,0.005551068503,-0.001404731267,0.000285958008,,0.0032048468,,-0.00477527959,,,,,,-0.002475243746,0.0001259076188,0.0001881992291,-0.0002499972573,,0.004785907901,0.004972326372,0.004796828577,0.003395629717,-0.005749075104,-0.005212676708,-0.002618322801,,-0.002735208202,,,0.002458702902,0.004080790335,0.001929929289,-0.002893089795,-0.0001410419554,-0.0008244101289,-0.00284584197,-0.001271227124,-0.0001226928929,,,,,,,,,,,-0.002564377998,-0.0006647178702,-0.0003835102538,-0.0005804344007,-0.001349888303,-0.0002173353116,0.003272732262,0.002742042322,0.004177211242,0.004308208034,-0.00056289339,-0.001945755508,,0.00365894077
1989-05-31,-0.0006786610824,,,,,,0.000817364179,-0.00210543309,0.002728574632,0.004985776223,-0.0003861805182,-0.003787169707,-0.003252396483,0.0006059779383,-0.004912719193,0.002817227848,0.0005966720896,0.001228450659,0.0006309842639,0.001267702269,0.001311531438,0.006513292082,,,0.001851597596,,0.001621277439,0.001558476148,0.000641075632,,,-0.004922816414,0.000937303475,-0.004448320086,0.007895790541,-0.004405210057,0.003002623305,0.004950601087,,,,,0.004679156366,0.004924414993,5.876250054e-05,,-0.001092967628,0.004387865129,-0.003066428788,-0.005058862838,,-0.000642546931,,-0.003720792493,,,,,,-0.002258798984,0.003275219319,0.0006406259803,0.002246362828,,-0.0001131537669,-0.001512947718,-0.0009706344463,-0.00295152652,6.203426681e-05,-0.0009780198708,-0.003940903442,,-0.004813283884,,,-0.004245235121,-0.004714841148,0.001364640601,-0.002209799636,0.0009213416456,0.0009295662712,-0.003731635751,-0.002752187543,0.0005208209897,,,,,,,,,,,-0.002902167983,-0.006029633363,-0.007783778727,-0.006973244637,-0.002374724193,-0.00342564411,0.0006262668829,-0.001546988723,0.002848691445,0.00118979215,-0.002438058781,-0.001799857319,,0.0005456348165
1989-06-30,0.005336606212,,,,,,-0.002802142655,-0.004403101728,0.001635458151,0.002313413144,-0.008670741186,-0.001906381036,0.001126707103,-0.00720515506,-0.007232901922,0.007274549934,0.005260063231,0.008086110341,-0.004899952543,0.001284116671,-0.001840455973,0.006469016186,,,-0.003085650009,,0.0003537128585,0.004167720016,0.0004890069742,,,-0.001928861632,-0.0007607049305,-0.007455703869,0.005915481419,-0.008102719106,-0.001479058192,0.004032896585,,,,,0.006533433533,-0.001531734831,0.002749551944,,-0.007559270947,0.006953740559,-0.009687371804,-0.007271774983,,-0.002850071886,,-0.001296135847,,,,,,-0.002708073692,0.002211654936,-0.001268853089,0.002225150907,,0.0008641989664,0.002980789857,0.002768653469,0.001357351304,0.001940876372,0.0001039772696,0.004927570557,,0.001659058487,,,0.003746757902,-0.003601966229,0.007026797028,-0.008716635957,0.006543357725,0.0007071656781,0.007799688451,0.004690434708,0.007995975315,,,,,,,,,,,0.006373934089,0.005514805183,0.01194657893,0.009230962188,-0.01062085812,-0.006619939408,0.002784210558,-0.0045755789,-0.0009646117312,-0.006171591926,-0.01043455417,-0.008190505744,,-0.001492302293
1989-07-31,-0.004055234026,,,,,,-0.003622240465,0.001656644955,0.004408149711,0.003014819985,-0.002141271929,-0.0007697041603,0.002682512425,-0.0006290498494,0.0006179128854,-0.000982933158,-0.006569317281,0.001240323186,0.000701696982,-0.001196312679,0.002578190374,2.221434232e-05,,,0.002829253667,,-0.002424643181,-0.000824305917,-0.0001564578068,,,0.002212134741,0.004985988033,0.0003285473737,-0.001056087144,0.001458052318,-0.0002149981611,0.002121484751,,,,,-0.001101986162,0.0006368212153,-0.00506178304,,0.001379060692,0.005954114426,-0.008178528331,-0.002527283631,,0.003250888751,,-0.00613519713,,,,,,-0.001535551404,0.006418765261,0.003565352592,0.004218939332,,-0.001870309736,-0.0008862126889,0.001488446917,-0.0007288110357,0.005849339038,0.004860909524,-0.004221490779,,9.42667728e-05,,,-0.00690348431,-0.007352040315,-0.003989442313,-0.008054064195,-0.002958940642,-0.00266323929,0.0009730245119,0.0004158915649,-0.003242131678,,,,,,,,,,,-0.004277637487,-0.00752630052,-0.003610504891,-0.004110542341,0.003648950194,-0.007929189737,0.00111440377,-0.0003798931475,0.008888180068,0.006946713747,-0.001108169151,-0.005132456667,,0.003954569031
1989-08-31,-0.001457471271,,,,,,0.003117942836,0.0001088404158,-0.004944058977,0.004018007394,0.005994698228,-0.004038103255,-0.004602839814,0.00719137217,0.01060675845,-0.002019296708,-0.005298897757,-0.004140645924,0.006150502642,-0.001249481678,0.001158192241,0.000285595521,,,-0.0007199644611,,0.001414475787,0.002112522499,0.0004303818841,,,-0.00230709214,-0.003498459531,0.01036555566,-0.005548659253,0.01004440579,0.008018164357,-0.007432547282,,,,,-0.006249300322,0.003752467406,0.000692581814,,0.007352297844,0.004690213788,0.002970640041,0.007743249517,,0.0114781476,,-0.005198811708,,,,,,0.00285185035,-0.004237179991,-0.007911417809,-0.005033105649,,-0.001213537876,-0.0003127618544,-0.001716546143,-0.001600017158,-0.001716313733,-0.001812622768,-6.610244734e-05,,-0.002954056101,,,0.001895443065,0.008282352641,0.005264260087,0.002677180582,-0.006996159064,-0.002270211727,-0.008928283195,-0.008222488621,-0.005181279494,,,,,,,,,,,-0.006971865511,-0.006664114399,-0.006423136393,-0.006434740911,-0.0008558611909,0.005210788541,0.0001991191988,0.00253459158,0.00169482042,0.003749428173,0.006085245029,0.002372956385,,0.01144043673
1989-09-30,0.003084289232,,,,,,-0.003115964611,-0.003450823717,-0.0006203384784,0.004402536375,0.00205871294,0.002284149258,-0.0009034689506,-0.001607520925,-0.0008800452352,-0.002005084984,-0.005353622507,-0.003116347563,-0.002421415477,-0.003923906783,-0.003031785451,-5.340251394e-05,,,-0.0004891053137,,-0.0003360035709,-0.001129334691,0.001887546523,,,0.001004643051,0.002929464626,-0.0006581063616,-0.001068242152,-0.0004276876761,-0.001543705007,-0.0006647362588,,,,,0.001015689101,0.002170501225,-0.003722973641,,0.006359351739,0.002694553632,-0.0002181503709,-0.0002687990737,,0.005986613588,,-0.004904504803,,,,,,0.002727026154,0.0005399823741,-0.003651731649,-0.004236039574,,-0.0006460980344,-0.001695090168,0.0002079131653,0.001062828935,0.0004231080867,-0.0004916174841,-0.000939850079,,0.002305273274,,,-0.001692811523,-0.002883492386,-0.003517123093,-0.0002505678724,-0.003636385482,0.001103008734,-0.003412615438,-0.00484237864,-0.003920847998,,,,,,,,,,,-0.003358421703,-0.005228814089,-0.003359357645,-0.00335270868,0.000113033612,0.002146359635,0.0003530071328,0.001712229719,0.0004133036946,0.001843597232,0.002032645785,0.002854615108,,0.005867247017
1989-10-31,0.004372714174,,,,,,0.001953541362,-0.0005605359784,0.003167467077,0.001335587087,-0.005505271391,0.002636623251,0.0002162761794,-0.005412596943,-0.01018766078,0.002845459877,0.004439742224,0.004262117049,-0.001504605669,0.003546754468,0.00135051114,0.008280730132,,,0.001085005282,,0.001019018143,0.0002482401481,0.001544232651,,,-0.002578048411,0.001729295963,-0.01145375671,0.008342720937,-0.01101153035,-0.004703803739,0.005191038133,,,,,0.00945940347,0.001535373139,0.003188642979,,-0.004487257045,0.005651700431,-0.008319497636,-0.009038518132,,-0.007663738477,,0.003049924885,,,,,,-0.005693035218,0.004011057377,-0.0004611992129,0.002386818467,,0.001390848825,0.0003870062334,0.001209597568,0.00550153192,-0.00569017402,0.007529481741,-0.0002471880901,,-0.003722843982,,,0.005222956608,-0.00195365235,0.00248297826,-0.007545843271,0.005843859533,0.0001326256794,-0.0006009924741,0.00803786134,0.006039829133,,,,,,,,,,,-0.004287010006,0.005381313362,-0.006047808203,0.007548927775,-0.005097101163,-0.00841689151,0.0003817554461,-0.005186284863,0.001410662259,-0.00300221289,-0.008320164761,-0.006415456425,,-0.007206448373
1989-11-30,0.0009199068528,,,,,,-0.0003237235915,-0.001429046061,0.0003504040013,-0.0003969515928,0.001257851539,0.0005803575258,-0.001830484766,-0.002297916844,-0.0004354191564,0.001111967901,-0.001404044279,0.002970513296,0.002235454526,0.001947126964,0.001988022966,-0.0004051641143,,,0.001893749626,,-0.001371867916,-0.0004716696787,-0.001489336324,,,0.00253477599,-8.953732355e-05,0.0002968602663,-0.0006317327415,0.0002773166938,-0.0007888896144,0.0004441112144,,,,,0.0009455074298,-0.001214330583,-0.0009624001585,,-0.002091510429,0.00226149094,-0.001929388724,0.001383818431,,0.002881529321,,-0.001639060415,,,,,,0.0004991232443,0.001775513024,0.004516724127,0.002986502062,,-0.004643141697,-0.003751808773,0.0004930908653,0.000198155645,-0.00102577061,-0.002834208297,-0.00115872872,,-0.002098675541,,,-0.00272230195,-0.00264403403,-0.003325441077,-0.002737364259,0.0001730732916,-0.001089483505,0.002702188466,0.001174961145,-0.001964898826,,,,,,,,,,,-0.001129828906,-0.002470482801,-0.002691170758,-0.002260505234,-0.001220975797,-0.002001733884,0.003180812853,0.002108400059,0.003547434089,0.002633737475,-0.0004102983709,0.003062557435,,0.002723294443
1989-12-31,0.0003902910725,,,,,,0.002055575309,-0.002175119624,0.002591871598,0.002039080844,0.004088481888,-0.001193337824,-0.00046947268,0.000173295707,0.001649644518,-0.003503487065,-0.003586778622,0.0001033875552,0.001781379377,-0.0006226760506,-0.0007471637564,-0.003317580501,,,-0.001938566434,,-0.002443513244,-0.001534625749,-0.0008773651792,,,0.003297896673,-0.001580955083,0.003545593246,-0.002917588656,0.002389051122,0.001874554477,-0.00202747961,,,,,-0.003074479632,-0.002239507604,-0.002631779476,,0.003971310798,-0.0005384747912,0.000265050545,0.0001273558156,,0.001622922398,,-0.002827140681,,,,,,0.003107622295,-0.003646538546,-0.003615270772,-0.002235274953,,0.004870387881,0.001579684179,0.003756323614,0.01020580113,0.01033818838,0.009621260737,0.002494932226,,0.002667552916,,,-0.001698092186,0.0002080406861,-0.000309210856,0.000135606629,-0.00123210842,-0.0001952281047,-0.002319910454,-0.00334968531,-0.002937299707,,,,,,,,,,,0.00387551152,0.0004526867964,-0.0004474776476,-0.0006204677734,-0.002195543467,0.001597873313,0.001282788759,-0.0005031716021,0.002193431937,0.00225506329,0.005138261472,0.004178701733,,0.001944322869
1990-01-31,-0.00189952504,,,,,,-0.003259031346,0.00487774623,-0.000813834494,-0.00178653533,0.008481866123,-0.001597619077,0.003359178399,0.002225794515,0.01170377021,-0.003003118407,-0.00605956822,-0.003439802553,0.005767963949,-0.002524795253,-0.002247542914,-0.01056798243,,,0.0008179379042,,-0.005364070384,-0.006217281867,-0.0049297275,,,0.000399726377,-0.001626643938,0.01227045644,-0.01150258102,0.01155816086,-0.0001184025772,-0.004938035723,,,,,-0.01336305745,-0.007209137641,-0.00123351105,,0.009337680673,-0.004763921801,0.01130331724,0.007666687391,,0.007702167965,,-0.0008879712102,,,,,,0.00752421424,-0.003918565972,0.001703618529,0.002747702873,,0.006982818856,0.00602653223,0.007265445191,0.006633007097,0.01344518272,0.007724222713,0.002572054149,,0.004225970326,,,-0.004491103767,-0.00643139463,-0.003552428417,0.01145783909,-0.009443769287,-0.007696256402,-0.007766745564,-0.003399021236,-0.007538300178,,,,,,,,,,,0.004511100948,-0.008759454216,-0.01038533899,-0.008541316823,0.00460063846,0.01072451322,-0.002930397025,0.004611134801,-0.003423188477,0.003915201928,0.01251640811,0.006261884598,,0.007555174481
1990-02-28,0.0001542567056,,,,,,0.0005162014178,-0.0007800812753,0.001155755849,0.001739528859,0.0001405340007,7.606155876e-05,-0.001016711882,5.632247928e-05,-0.003314870725,-0.002344013772,-0.002483441229,-0.001253871301,-0.0002244237411,-0.001977874075,0.002797115733,-0.001780865891,,,0.0005935777609,,-0.001753802118,-0.0009699326685,-0.0003234886947,,,0.001419383326,0.002040817577,-0.001191251053,0.00125902515,-0.004557860773,-7.878265352e-05,1.292235504e-06,,,,,0.003951985755,0.0004555754118,-0.001368753915,,0.0001015560522,0.001720579621,-0.006422011988,0.0009447863653,,0.00328583628,,-0.002922570325,,,,,,0.001727005685,0.002683230541,-0.0003289768135,0.002145984081,,-0.007959917642,-0.007812562699,-0.006836861952,-0.004710165808,-0.01244843294,-0.01144931361,-0.003436253592,,0.001571458908,,,0.001289165851,-0.00192127318,-0.003003309815,-0.006197098666,-0.0008265779451,0.002803727342,-0.001765576954,-0.0003128504136,-6.328158241e-05,,,,,,,,,,,-0.00357793745,-0.001157047026,-0.003137495583,-0.002964630756,-0.004790143296,-0.00235942872,0.0002574680943,0.0005878134106,0.00532097376,0.004710897141,-0.0007659576518,0.00219942219,,0.003196462304
1990-03-31,-0.002415126756,,,,,,-0.0008366708478,-0.005354060248,-0.002060247999,0.003924457411,0.004653740096,-0.004460845262,0.002421585029,0.0007609941992,0.003290492746,-0.005076439049,-0.005960739746,-0.0007462214384,-0.001643353886,0.0009261596463,-0.001704133832,-0.003542355942,,,-0.003059350882,,-0.001867696754,-3.973276121e-07,0.0004587931246,,,0.002994017395,-0.0006878200946,0.001682074481,-0.002710067583,0.004694445703,0.001127211423,0.0007101026172,,,,,-0.002445678266,8.941831365e-05,-0.006302073046,,0.004579275444,0.006361801624,-0.001675991435,0.002717459478,,0.00607690064,,-0.004464202535,,,,,,0.004540015598,0.001131816498,-0.002574417609,-0.0008923674159,,-0.01116604359,-0.003065065704,-0.0005497210748,-0.01136618324,-0.0006293746399,-0.0006842105858,-0.005001554236,,0.002569447043,,,0.002183363935,-0.0002056829615,0.003600471432,-0.0009970894607,-0.001768131971,-0.001640859357,0.0002246687598,0.0006863014685,0.0002812941957,,,,,,,,,,,-0.005108531899,-0.003651568506,0.00132512755,-0.003092340323,0.0005175665804,0.002410355901,0.001592289662,0.002660477236,0.003467208927,0.004879316624,0.002785695655,0.004849598187,,0.005475737608
1990-04-30,-0.01753710493,,,,,,0.001870699166,-0.01116703165,0.0004138927115,0.01783140271,-0.003204556869,-0.01103018823,-0.01275402177,-0.003808841402,-0.002670756801,0.0009392037443,-0.0121838231,0.00402786489,-0.001582934609,0.006622742658,0.001923456234,0.0009608673946,,,-0.001498727981,,0.006361484868,0.00400763598,0.008291569767,,,0.001401986239,-0.003685577134,-0.002994383304,0.006587299307,-0.002530535791,-0.0016020912,0.002664363752,,,,,0.00533675824,-0.005388828717,-0.008625107982,,0.0163286737,0.01204203672,-0.01733528097,0.02520805702,,0.03368724737,,-0.02321280732,,,,,,-0.0008841028521,-0.0133491717,0.003584470136,-0.005966866423,,-0.01850862384,-0.02513647143,-0.0179765197,-0.02557694106,0.02734463862,-0.02245784054,-0.01355873458,,0.004150126255,,,8.844676611e-05,0.002890953873,0.01093207507,-0.01595936476,-0.01319583263,-0.01107398231,-0.001524160509,-0.01663497966,-0.01824430707,,,,,,,,,,,-0.006924052175,-0.00312013497,-0.003912509966,0.000337516131,-0.006388842626,-0.003923112611,0.008917639914,0.0177591844,0.02014745223,0.02468553295,-0.0002494944596,-0.002152369805,,0.03403047009
1990-05-31,0.0006716195664,,,,,,-0.005370622239,-0.02160390732,-0.01236176836,0.02946303438,-0.003332625539,-0.02396834383,0.008538266091,0.01787484476,0.002845667212,0.004627388354,-0.0217128362,0.01087414206,-0.02077098904,0.004256166831,-0.02141268034,0.0163827624,,,0.0003790305712,,-0.006692068248,0.01792604294,0.009712331621,,,-0.01463582335,0.01050901767,0.007096511134,-0.004883085261,0.008663057262,0.007962560803,0.0207829291,,,,,-0.01185945375,0.02027569714,-0.01193060371,,0.006844350335,0.05578220702,-0.005220752253,0.01680949434,,0.03656550294,,-0.03953611952,,,,,,0.02274769573,0.01071061769,0.01145763978,0.01067267585,,-0.00863657483,-0.02694277994,-0.02185261578,-0.005432777766,-0.0001013002529,0.01018937847,-0.0162676355,,-0.0124468427,,,-0.0238296124,-0.003799746551,-0.01487606987,-0.007440809637,0.001831509741,0.002407547919,-0.0005632162494,-0.001669997298,0.0005375134187,,,,,,,,,,,-0.02363270174,-0.02951580936,-0.02148659345,-0.0206415609,-0.01194083236,0.01836950205,0.02540497848,0.03072188729,0.03470644585,0.03827289134,0.00550720303,0.02510776304,,0.03712863601
1990-06-30,0.00181497607,,,,,,0.001277139515,-0.000105478647,-0.000553705764,0.001540417478,-0.002944194264,0.0001759761785,0.0009316373975,0.0001153208211,-0.002092441824,0.000198613137,0.0008968503034,0.001435184203,-0.001276805753,0.0001454569386,-0.001996255887,0.002928738386,,,8.587609802e-05,,0.0005349278183,0.001122114933,0.0005603810809,,,-0.002699246842,0.003319806804,-0.00265605875,0.002227493821,-0.001937989715,0.0003447848358,0.001706311283,,,,,0.002733548511,0.001463028588,-0.000173541602,,-0.0008051340275,0.001322051802,-0.002264536728,-0.002306828646,,-0.001338219058,,-0.0009877147907,,,,,,-0.002306698804,-0.001096845508,-0.002315416103,-0.001645314445,,-0.0006748485875,0.001516672217,0.002186699204,0.001373657332,0.00160341364,0.0007027009262,-0.0006616087993,,-0.002726207034,,,0.001679970986,0.003418707398,0.001601240645,-0.002184304878,-7.128840967e-05,0.001715613554,-0.003322352133,-0.002437438344,-0.001631521359,,,,,,,,,,,0.0008283668503,0.0003949232468,-0.001501520615,-0.001359955293,-0.0003987488344,-0.002324401543,0.001883507296,-0.001185061219,0.002718831655,-0.0006956674762,-0.003135036103,-0.002360047423,,-0.001029417018
1990-07-31,-0.0002418967306,,,,,,0.0004055303299,-0.0007286966743,0.0008710723838,7.002099435e-06,-0.002084620373,0.0004361674735,0.0005033143024,0.0007849995435,-0.002239676716,0.001080224876,0.002390849869,-0.001117643891,-0.001868073524,0.001264041393,0.000841238976,0.001595315442,,,0.001598509778,,0.002666958814,0.001987387506,0.002638210256,,,-0.001012441871,0.0004721580873,-0.0009425661537,0.001488801973,-0.001913342948,-0.0004591446622,-1.969057332e-05,,,,,0.001718832873,0.001265078046,0.000973045187,,1.488915089e-05,0.00120387315,-0.001553453017,-0.001633567037,,-0.0006703168434,,-0.001672237117,,,,,,-0.003298769181,0.0002418402232,0.0005434113314,0.0001534229958,,0.002094270915,-0.001431372394,-0.002068227966,-0.0004293962209,0.001290284905,0.001620711681,-0.0007508987118,,-0.002083688618,,,0.001149708196,0.0007751066656,-2.542236198e-05,-0.001129901075,0.0003577156946,0.0005653593294,1.88663506e-05,-0.0008712777443,0.001205014869,,,,,,,,,,,-0.001375301025,-0.001153305887,-0.000701791785,-0.0003306934413,0.001069785573,-0.001922923268,0.0005876149745,-0.0002117830219,0.001053554079,0.0003621682121,-0.001382349174,-0.00339384527,,-0.0006131925137
1990-08-31,-0.001812816407,,,,,,-0.0005819678124,-0.002778580005,-2.094230758e-05,0.0009038109232,0.004232172018,-0.002165232123,-0.002182048929,0.001061235718,0.006602153239,0.003665159197,-0.001075970716,0.003142877959,0.001967506184,0.002622066624,4.385581098e-05,-0.004227893427,,,0.003201953324,,-0.0005604072348,0.001170160853,3.317450941e-05,,,0.0035085871,-0.005473964032,0.005916660545,-0.002247054902,0.006367074773,-0.001231143141,-0.004822609048,,,,,-0.006466165487,-0.003459771534,0.0010978911,,0.004830932202,7.796730157e-05,0.007175833318,0.006580796861,,0.009086509961,,-0.005211298879,,,,,,0.005482392571,0.001587953593,-0.004072811251,-0.003741955074,,0.003739571228,0.004961583835,0.003585001998,-0.006874621814,0.00306972926,-0.009461499795,-0.002665952575,,0.005699966694,,,-0.002828907003,-0.0009349162887,-0.001019285271,0.007411805468,0.001940543932,0.0008496733226,-0.004550473972,-0.0005961847029,0.004110109784,,,,,,,,,,,-0.004054144753,0.001192985242,-0.003617745278,0.003418740346,0.001293856567,0.008183435952,0.0001002037607,0.008192947868,0.0002126569193,0.00819498663,0.006140302322,0.005092159322,,0.009999424405
1990-09-30,0.004683626055,,,,,,-0.0002042118455,0.0002667111579,-0.00390189383,-0.0003322177128,0.0005968852096,-0.002593654445,-0.0009530571608,-0.002094272834,-0.001192756441,-0.0004415417476,-0.0004133864186,-0.0005114918555,0.0005346724243,-0.0006920072578,0.001194778961,0.002007497357,,,-0.00182479684,,-0.001812381967,-0.002209015337,-0.002643960648,,,-0.0007133255054,0.001939553697,-0.002148453723,0.000448231539,-0.002010544119,-0.0005350374605,-0.0003432966071,,,,,0.001774872556,-0.001210807041,-0.001071194193,,-0.001598769833,-0.002888867163,-0.005827735774,-0.003043663581,,-0.001038342862,,-0.002628300144,,,,,,-0.003030973456,0.002838228424,-0.0001725327373,0.002438281664,,0.006059698496,0.003708480494,-0.0002325458351,0.002479283165,0.00545952381,0.006759056278,-0.001111075994,,-0.004058654584,,,0.003824483175,0.003233178092,0.003998692136,-0.00606879521,0.002439533564,0.003171446709,1.61852932e-05,0.002325009997,0.001718457469,,,,,,,,,,,-0.003169023453,0.002450977787,0.003158661363,8.295692863e-05,-0.005205103303,-0.006242467857,0.002075505255,-0.000947365758,0.002618673831,0.0004565886785,-0.003321608516,-0.003695867477,,-0.00228348937
1990-10-31,0.0006809985438,,,,,,-0.002127986145,-0.0004786965056,0.003691849976,-0.00211623675,-0.002138536496,-0.001304018031,-0.002162660393,-0.0058700076,-0.004624018272,-0.0007927417929,-0.0003503336948,0.002146004924,0.004337524173,-0.0008732727888,0.002477014694,0.0050314451,,,0.002503599962,,-0.005446901237,-0.005628232492,-0.005659668385,,,-0.00271014227,0.001879532173,-0.005237283744,-0.0007717010649,-0.004794096212,-0.002933838927,0.003593396757,,,,,0.003420600465,-0.003238406287,-0.0006754988752,,-0.006878152335,-0.005959860572,-0.006711429636,-0.004713911905,,0.001679069969,,-0.004596767901,,,,,,-0.004887940555,0.00285311418,-0.0005694181136,-0.001432883046,,0.008612265623,0.007230666528,-0.007507376697,0.007651144694,0.008561590714,0.01108747394,-0.0003183635108,,-0.003236463536,,,0.004130852726,0.005934815291,-0.001098232246,-0.007265713734,0.00255221833,0.005527443108,-0.0005471787794,-0.001122805245,0.0003684400415,,,,,,,,,,,-0.0008558246641,0.001218269459,-0.001527384922,-0.002214529483,0.001246700511,-0.006330704371,0.005218742092,-0.0006742553999,0.006132150564,0.0008509945004,-0.005303106026,-0.005037241191,,-0.002517766124
1990-11-30,0.005216394844,,,,,,0.005228547216,-0.007940950392,-0.001414225,0.0008391456563,-0.005131387677,-0.007107240506,-0.002974816844,-0.004245140717,-0.01239437555,-0.003673016496,0.001365512814,-0.004509428916,-0.005096586384,-0.004504077438,0.001832993537,0.00386086301,,,-0.002034408524,,-0.004661434475,-0.0006425993022,-0.003194599348,,,-0.004404821519,0.007407805843,-0.01029226558,0.005044259328,-0.01052929595,-0.001204464808,0.007174476813,,,,,0.01132730973,0.002726454462,-0.007118753667,,-0.007778453357,0.0007501750978,-0.01133399806,-0.008098418098,,-0.003615416394,,-0.003757147227,,,,,,-0.00987393892,-0.008177281533,-0.006417232705,-0.002401310942,,0.0001816017053,0.001004457745,-0.00366265689,0.002204969833,0.002251123899,-0.0001232607588,-0.001903259918,,-0.008975720695,,,0.001031106164,0.001535777124,0.004260721641,-0.0112792007,-0.008423345102,-0.008075830189,-0.003643761113,-5.640834208e-05,-0.003938798769,,,,,,,,,,,0.004240875708,-0.00715790888,0.009509788084,0.005960621221,-0.003271597569,-0.01138738479,0.006744236395,-0.003134803244,0.005719829114,-0.003094908278,-0.00944923491,-0.008513260892,,-0.00607008375
1990-12-31,-4.816241818e-05,,,,,,0.0007447078529,0.0020161065,0.00137913889,-0.003564721706,-0.0005333391124,0.001233726526,-0.002170967756,-0.002100755578,-0.001253275109,0.0005957372539,-0.002750580653,-0.0006800660289,0.001096728627,-0.0004750417677,-0.0003642355022,0.001652544942,,,0.002166699744,,-0.002140181192,-0.001286414249,-0.002387449466,,,0.001627843436,-0.0005067394024,-0.0008129562943,4.771953057e-05,-0.002817431208,-0.001952742844,0.0009773143586,,,,,-0.0008012717065,-0.002018616309,-0.0003022223288,,0.0002845629961,-0.0006378370988,-0.004451561561,0.0007915066797,,0.002987678911,,-0.004858453635,,,,,,0.000302465581,0.001331450296,-0.0009608895867,0.002756669418,,-0.001664624752,-0.0007344429727,0.007160263968,-0.002152756272,-0.003211722304,-0.0006462274505,-0.0003198172973,,-0.0007934036073,,,0.00088795846,-0.001569770939,-0.0006013044201,-0.004371395722,-0.001314822179,-0.00132606552,0.001987727093,0.002958113299,-0.003268772045,,,,,,,,,,,-0.0008157366027,0.0002490811915,0.002860170648,0.0007704812503,0.0002403835052,-0.003162928373,0.0007182048729,0.001342788941,0.001079112533,0.001973961584,-0.0006624918587,-0.002587068776,,0.002559813589
1991-01-31,-0.002864811517,,,,,,-0.000498790291,-0.001476532681,0.0005298707171,-0.002936445876,-0.001958869251,-0.0004448650457,-0.002198371337,0.0008234577924,0.0003803340997,0.0009580503886,-0.001991732822,-0.0004891554694,0.002466547766,0.0005930088184,0.0004576914417,0.0003786798787,,,0.0003698477731,,-0.003155238792,-0.00236317777,-0.002881431702,,,0.00104898264,0.001474319256,-4.908818801e-05,-0.0007646565451,0.0001740399834,-0.000729972801,-0.001879115506,,,,,-0.000648080858,-0.0003905164261,-0.001485832685,,-0.003372165098,0.002059753572,-0.0005877995551,0.0001986336243,,0.002737599333,,-0.003233989433,,,,,,0.0005766419771,-0.000911164245,0.0006307675442,-0.0008432020689,,0.003647588711,0.001340813372,0.002927170538,0.003647644883,0.0101062734,0.01022279037,-0.003019575317,,0.0001816967172,,,9.047146683e-06,-0.0007690199971,-0.0006194301137,-0.00123319551,-0.001159723305,-0.001122848811,0.001783524229,0.0007206213651,-0.001448838422,,,,,,,,,,,-0.002479654554,-0.002537391537,-0.0005109797605,-0.0002317992202,0.00229353539,0.0003484456469,0.001576350473,0.0008842714002,0.004723060682,0.002340743154,-0.001622694734,-0.00107804164,,0.001951046021
1991-02-28,-0.001819940138,,,,,,0.006333542569,-0.00686871745,0.003743760647,-0.007735801432,0.01095168671,-0.004612212627,0.001291384702,0.01056390822,0.002840820792,-0.005335914444,-1.933629718e-05,-0.0009221502341,0.004452232361,-0.002741953996,0.0002494571759,0.002702901425,,,0.005131589251,,-0.008318724995,-0.006127088727,-0.009820094389,,,0.007350818794,-0.006563834552,0.007066443046,0.00535160678,0.006448041287,0.01286414876,0.006349780319,,,,,0.002937392886,0.00969111664,-0.008558629944,,-0.003515516889,0.01114255916,0.01208482568,0.00445100798,,0.003094095345,,-0.003587695993,,,,,,0.006894526408,-0.002621157759,-0.002064688291,-0.006629780728,,-0.005572516769,-0.004136688409,-0.003019163935,-0.002855616436,0.0028393257,-0.00578737787,-0.001488247633,,0.006538639498,,,-0.008433049749,-0.004811604411,-0.00591084571,0.01174215161,-0.006252933566,0.002735409199,-0.007067644317,-0.01141289517,-0.004478433261,,,,,,,,,,,-0.00703731735,-0.00971793181,-0.008326581579,-0.007317258615,0.002866637231,0.01088457835,-0.006389316364,0.00192045871,-0.002601568975,0.005995800283,0.00721484089,0.009331028869,,0.006625499718
1991-03-31,-0.002520972644,,,,,,-0.005053023506,-0.008464098424,-0.00681848151,-0.01117727307,-0.0003987293856,-0.008502848435,-0.003131282604,0.004749680961,0.005762956874,-0.0001963391742,-0.005925774947,0.003208147173,0.008459024798,0.00311082253,-4.250924982e-05,-0.005029111446,,,-0.002116761529,,-0.007808403861,-0.008237015721,-0.0110574275,,,0.01038200409,-0.003532539364,0.00577577137,-0.006489745577,0.005410950477,0.002526316769,-0.01103794902,,,,,-0.01459031991,-0.00583442441,-0.008262391007,,-0.01217502981,0.01643404551,0.006947469345,0.006810298914,,0.01253968859,,-0.009178217181,,,,,,0.0132556537,-0.004622560234,-0.0007728788271,-0.006757537221,,-0.009631515556,-0.009087855217,-0.008397209667,-0.008630583733,-0.009383733137,0.001106593676,-0.009216750666,,0.007177743567,,,-0.01027052011,-0.005080562802,-0.003817098757,0.005582632038,-0.01189884161,-0.002360301285,-0.001852657349,-0.008489125493,-0.007575756969,,,,,,,,,,,-0.003813066484,-0.01656429071,-0.01632505641,-0.009951730869,-0.008688811564,0.009989114245,0.005489888204,0.01022180544,0.009032717619,0.01454580546,0.01222389689,0.010606364,,0.01382323271
1991-04-30,-0.003470223543,,,,,,-0.0008498229464,-0.0002865250413,0.001681574981,-0.00130306227,0.0006142737337,-0.001771261637,-0.0003625679636,0.002786225107,0.001251266366,0.0006700144251,-0.0008592180222,0.002368200877,0.0029984631,0.002637121753,0.0005456568658,0.001719004248,,,-0.0004363550399,,-0.00291375138,-0.002470273469,-0.00179982222,,,0.0004760680614,-0.001487219296,0.001246938274,0.001643996064,0.001068816753,0.002062893677,0.001738988075,,,,,0.001691401013,0.002389663953,-0.001831260983,,-0.0009006345702,0.004149331884,0.0001829705065,0.001029535248,,0.001922431276,,-0.003088268195,,,,,,6.070000716e-05,-5.521330135e-05,0.001619853052,0.00136799322,,-0.006238955226,-0.003233208163,-0.004045794289,-0.005998539018,0.004096253567,-2.075808806e-05,-0.002207348184,,-0.000592923718,,,-0.001741676631,-0.00128449243,-0.001571782487,0.0001619729136,0.0004165518361,0.002065274636,0.0004254895064,0.000602563384,-0.001657337204,,,,,,,,,,,-0.002112089411,-0.002588726599,0.001391173958,-0.003114996422,0.002117836582,0.0001334315319,-0.002007169237,0.0009191791561,0.000743732136,0.002252908883,-0.0003352600982,-0.0006450621828,,0.003871675066
1991-05-31,0.001566348792,,,,,,-0.002666310335,-0.003659079573,-0.0009903516242,-0.004119747926,-0.0002903090494,0.003413864579,0.0004492698862,-0.003146853379,0.001660420094,0.002330997113,0.002991798501,-0.0007737415647,0.002271646858,-0.002958796954,-0.002357517315,-0.002143723113,,,-0.001433048598,,0.0004610896009,-0.0007057573985,-0.001164165804,,,0.001409007849,-0.0003454453815,0.002005577247,-0.003414543881,0.001827983209,-0.003062837881,-0.004159988783,,,,,-0.002784071588,-0.004646775405,-0.004825332825,,-0.0029116643,8.468750728e-05,0.001597144113,0.001084061252,,0.002533524032,,-0.005642406558,,,,,,0.004635188029,-0.002429219373,-0.0002817756956,-0.0003301758648,,-0.02246436393,0.02314026646,0.02505124676,-0.02202754126,0.02208373812,0.02183966725,1.83111998e-05,,0.003748203986,,,0.0006928336892,0.002099442587,-0.004044881591,0.002546535198,-0.000430203731,-0.0003631797406,0.003521878365,-0.003147574529,0.001124276462,,,,,,,,,,,-0.004335323048,-0.001894949386,0.001699811743,-0.0001588603101,-0.003781242784,0.001355419913,-0.0001902603377,0.002378561377,-0.0004814792558,0.001208906945,0.004024937783,0.001884194829,,0.002620013642
1991-06-30,0.0007469340573,,,,,,3.853899579e-05,0.002647163149,0.00267137335,-0.0005648276475,0.004574289986,0.001305147919,0.0007990963803,0.005687975749,0.004915173653,0.005087305619,-4.107570351e-06,0.001525963393,0.004806254699,0.0003518678437,-0.002974957644,-0.002928396753,,,0.004139554755,,0.004055828093,0.002940045866,0.005411436933,,,-0.003233759895,-0.005760125393,0.006230112836,0.003559049811,0.006235680911,0.005500630428,-0.002276532269,,,,,-0.004525018993,0.002348320576,0.005028446063,,0.007911705228,0.003650818113,0.0003161679182,0.005704674517,,0.006153408364,,-0.001539137657,,,,,,0.007494747555,0.001840157016,-0.00342722595,0.0004942658459,,-0.008828467848,-0.008230109475,-0.01105298833,0.00352341178,0.004789648856,0.004863949017,0.0003832355731,,0.006972461523,,,0.0003461798951,-0.005803903541,-0.00284162561,0.000342167874,0.0001726057422,0.001172779584,0.002922469136,0.004876004965,-0.001008128169,,,,,,,,,,,0.003851857002,5.095099713e-05,0.007301256577,0.007197576794,-0.0003977049067,0.0001699270476,0.003998902065,0.005866949596,0.001261676133,0.003777941787,0.00682070968,0.005796530951,,0.006810224489
1991-07-31,-0.004312402048,,,,,,-0.0008729502564,-0.0002734920111,-0.001163348843,-0.0002713158151,0.002207842257,-0.002234020267,-0.002663257448,0.002928075492,-0.001385596693,-0.0007257402914,-0.0004305525016,-0.0001088450477,-0.001139636186,0.0002444412282,-0.003740720402,-0.002084864386,,,-0.002250640129,,-0.00308393803,0.001289639894,-0.002807698803,,,-0.002141187641,0.001015981691,-0.001123015323,0.0007591185774,0.0004973224809,0.003833548662,0.005190150074,,,,,0.001839380779,0.003799017485,-0.002555077121,,-0.001470546146,0.00460353676,0.002808556145,0.001024401065,,0.005361995889,,-0.0002320926115,,,,,,0.001485907743,-0.003314802817,-0.002063144172,0.00151923611,,-0.002902174782,-0.002214269659,-0.001376491262,-0.002045854535,-0.001479298174,-0.002664612642,7.081550074e-05,,-6.242114932e-05,,,-0.004291578525,-0.003004437012,-0.002604154146,0.002901729935,-0.00185293029,-0.001097984993,-0.002451943821,7.242988506e-06,0.0004321794411,,,,,,,,,,,0.0007188294056,-0.0003038773268,-0.0006260593301,-0.0005725688937,0.0002738347666,0.004196535461,-0.001129778945,0.002261079273,-0.0003779872134,-2.221385126e-05,0.002505313505,0.001532232169,,0.003144313087
1991-08-31,-0.003580593136,,,,,,0.002600816535,0.005301428939,0.001919906886,0.00234272355,0.006285736407,-0.006146038002,-0.003267476127,0.005931554172,-0.003363423132,-0.008312030085,-0.002863955961,-0.007693655612,-0.0008161260172,-0.008614938956,0.0008446475537,-0.003337721107,,,-0.004676331759,,0.000131929692,-8.951173785e-05,-0.005989193059,,,-0.007793345325,0.002781597371,0.002492915083,0.004139572035,0.002525433879,0.007840317482,0.01031372093,,,,,0.006360849815,0.01034583386,-0.005328256959,,0.002089076932,0.002653255556,-0.006426547499,-0.007108723207,,0.0001382430225,,0.002960990811,,,,,,-0.006024979357,0.0002820507301,0.001634797123,0.006634707251,,0.001854790591,-0.0009050139302,-0.001826224281,0.000205906926,-0.0006739276316,-0.0001363619045,0.004115568055,,-0.005591739816,,,0.0002748486747,0.003811267517,-0.001212495134,-0.006215734805,0.002073671094,-0.0002935873411,0.0006077439347,0.002780251585,0.005995315552,,,,,,,,,,,0.005466030863,-0.000109313002,-0.0004047025396,-0.000413152055,0.00184113536,-0.006742428308,-0.0002429941447,-0.003823340371,-0.0006304723031,-0.003118227859,-0.001377900427,-0.005813011899,,-0.002788866025
1991-09-30,0.004181769191,,,,,,0.0001952118422,-9.563057029e-05,0.000497104208,0.004623217091,-0.00317496614,-0.00189925651,-0.001434109081,-0.003143910913,-0.008266640237,-0.001618562222,0.002737523951,-0.003257921301,-0.004467372692,-0.003216517883,-0.000916926522,-0.0002229496171,,,-0.0003127430438,,-0.0004207378009,0.001519665171,-0.002262993854,,,-0.001726848094,0.007057931646,-0.007658859418,0.0005950047985,-0.006035821606,-0.001446599736,0.006043737369,,,,,0.005952425702,0.002491947786,-0.0006777804347,,-0.003791275169,0.00312811766,-0.00956717022,0.001128581735,,0.002568858893,,0.00138840352,,,,,,-0.004961460144,0.002209047416,4.029893382e-05,0.002928830597,,0.005922104378,0.00745526406,0.006911873364,0.003058451962,-0.005074948222,-0.006028456058,0.00199056644,,-0.003613119004,,,-0.003347763466,0.001546636455,-0.00216114805,-0.009755931372,0.001326920006,0.005112556261,-0.00351908578,-0.003591468784,-0.002799300627,,,,,,,,,,,0.002874705277,-0.003567216009,-0.007323671937,-0.006163771642,-0.002285126737,-0.008052568489,0.004143480232,0.0002780581676,0.005293579814,0.001741061801,-0.005441481761,-0.003326112663,,-0.002277171
1991-10-31,-0.004244226696,,,,,,-0.0001414767854,0.001865675752,0.002349208021,-0.001555813669,0.0007684197923,0.004354226463,-0.0009649398258,0.003484741323,0.002896929664,0.003165996591,0.0002264655017,0.002046291022,0.002393894887,-0.0002132314105,0.0007922442894,-0.000106973227,,,0.00394287232,,0.0006221840462,0.0005410488592,0.0006668393656,,,-3.660464043e-06,-0.003489543175,0.003339851274,-0.001597448881,0.002942403311,0.001619634145,-0.0001800695004,,,,,-0.001310324652,0.0004846375992,0.002651197956,,0.00268352846,0.003556860253,0.005769500018,0.0003107666331,,0.001038286113,,0.0009427026371,,,,,,0.003157090553,-0.001551593522,0.002069658675,0.003431104979,,-0.004599580462,0.003074724099,0.002126650207,-0.006143861835,-0.005912764901,-0.007058751953,-0.0008598694753,,0.002199951034,,,-0.001543409203,-0.003628881691,-0.000376468975,0.004918715524,0.0002474177254,-0.000335789261,0.002105212206,0.003808545271,0.003999039049,,,,,,,,,,,-0.004952417409,-0.0006812700151,-0.004184449192,0.001828520783,-0.0001096745558,0.007874942455,-0.001277784191,0.000742570521,0.001327797572,0.003125098484,0.004710666219,0.002012377861,,0.003745026788
1991-11-30,-0.003364696426,,,,,,0.0008337492785,-0.0001356053266,0.0006417971798,0.0004081049777,-0.0003522351898,0.0005383942815,0.001841819179,0.0009911300284,0.002112706535,0.0007838957909,0.0002947671283,0.0009924441852,0.0009270418714,0.000578753836,-0.001109657398,0.0009516882588,,,0.0002290189381,,0.00122669262,0.001199128251,0.0010239282,,,0.0006815791537,-0.00182277694,0.001026034817,0.0002999588371,0.001227460276,-3.624084197e-05,-0.002217337245,,,,,-0.00282051579,-0.0001571849922,0.0002705775531,,0.0009757271601,0.0002900581845,0.003176161354,0.0007074818765,,0.0004616841615,,0.001143557781,,,,,,0.002052934546,-0.0007216705262,-0.0002618465432,7.429337623e-05,,-0.005950081815,0.002207015882,-0.008055879091,-0.0006489637424,-0.006498893919,-0.001338816492,-0.0009265417814,,0.001603201444,,,0.001581120601,0.001183696027,-0.0008924456713,0.002767113177,-0.000704337212,0.001147187002,-0.0005089988442,-0.0002527586083,-0.0002215130493,,,,,,,,,,,0.001079355484,0.001286894725,-0.001177978586,0.001384822064,0.002475366994,0.003649873939,-0.000820900107,0.001078064858,2.71823302e-07,0.001118003104,0.00159880648,0.002618167524,,0.00133187712
1991-12-31,0.002749822229,,,,,,0.003097148455,0.002829878319,0.004415986757,0.006608497547,-0.00606786187,-0.01028964969,-0.0003752367122,-0.005084487732,-0.01378310147,-0.004664507058,0.0004494645337,-0.003879730419,-0.009135190976,-0.003335201051,0.0007785407032,0.003127432649,,,-0.005703925142,,-0.003697179052,-0.003515212704,-0.007262512387,,,-0.00133513551,0.01055075617,-0.01421173174,0.00528729936,-0.0142097559,-0.002529369199,0.005172624799,,,,,0.0088014782,0.004201701192,-0.003274187364,,-0.008599722501,0.00967006067,-0.009950259635,-0.006654867499,,-0.004216389913,,-0.002804199565,,,,,,-0.005301314265,0.004343776886,0.002930599436,0.002069965253,,0.00219276333,0.001254121762,0.000908294618,-0.004231765467,0.002257506754,-0.0007311944975,0.00301733402,,-0.002997267506,,,-0.004229414047,0.002513507406,0.003417702252,-0.00956378978,-0.0008993972411,-0.002047072897,0.00382357206,0.002264870595,-0.0005440049642,,,,,,,,,,,-0.006331572043,-0.01165634934,0.004079579321,-0.001604000209,-0.004166113941,-0.00994040295,0.003659502083,-0.000742106976,0.003138419694,-0.001890447964,-0.006391265655,-0.005237886787,,-0.006910761145
1992-01-31,-0.002844987303,,,,,,-0.009973121529,0.002872980618,0.001800972004,0.001088531342,0.006459132713,0.0007107620869,0.002691408775,0.004281441099,0.0135449962,0.002659912919,0.004027553761,0.001466094819,-0.00171810546,-0.001286003109,-0.00322458369,0.001186330427,,,-0.007500838347,,-0.008331828954,-0.007089826694,-0.005606968002,,,0.00998134359,0.0007001194972,0.01207281105,-0.01022850059,0.01237724513,0.005537785349,-0.007201104648,,,,,-0.01189865431,-0.003567140104,0.006479147384,,-0.004347507067,0.003843106237,0.002481498272,0.007490653025,,0.01300386927,,-0.006827367512,,,,,,0.01044087442,-0.003017443009,0.0003518483702,-0.002066093195,,-0.03288822527,-0.03080462729,-0.03451591603,0.02778085781,0.03274454647,-0.03398295408,-0.002589760604,,0.006868364976,,,-0.003527197376,-0.001266910808,-0.002936957194,0.002338190591,-0.0040203462,0.0004045585418,0.002111455997,-0.004771790277,-0.0005172217751,,,,,,,,,,,-0.0170778664,0.001971874335,-0.0002279243613,-0.0120519222,0.0009228383022,0.003922486735,0.001560432917,0.007037984257,0.005931431454,0.01247602383,0.01121276154,0.009188994091,,0.01477907268
1992-02-29,-0.001746490391,,,,,,0.0006067581155,4.113161713e-05,-0.0006842636408,0.001452536016,0.000147251463,0.0003251516753,-0.001047916132,0.002568273908,0.001182475213,-0.0003980153214,-0.0006593150312,-0.001705838826,0.0007539357626,-0.002873949349,-0.0009523120228,0.002764474946,,,0.002034699102,,-0.0008453663421,-0.0001604350768,-0.0009178349476,,,0.0002504923148,-0.0001407695355,0.0009918079471,0.0008872284017,0.0008802218949,0.002401575448,0.001160393333,,,,,-0.0005356653809,0.001553906698,-0.0005957401465,,0.0002874325015,0.003442243043,0.003110851107,0.0001078348536,,0.002384805992,,-0.0009492178742,,,,,,0.001611134539,0.001502216518,0.0006742480021,0.002182832585,,-0.00783325924,-0.007362136498,-0.003666383178,0.005557496816,-0.005303702044,-0.004975648201,-0.001763765548,,0.002182963684,,,0.0001818064202,-0.0009198359726,-0.001538184434,0.003014444919,0.002456954216,0.002400980847,8.223665636e-05,0.001401510565,0.002838179728,,,,,,,,,,,-0.001362975091,0.0004233834999,-0.00224160706,-0.002202838735,0.0002849665364,0.004077763005,-0.001119663361,0.0009629994452,0.0008012282638,0.002535938239,0.003508302433,0.001590361273,,0.004082815529
1992-03-31,8.957019396e-05,,,,,,-0.004277104614,0.002709270159,0.001942057627,0.0005308506536,0.002945540651,0.001823292659,0.0004761188773,0.0008101929305,0.003153583197,0.002844832325,0.003632329049,0.002096103017,-0.0004950192281,0.001885561617,-0.0038621668,-0.003532257339,,,-0.002545905895,,-0.001953871725,-0.001048561244,9.92495238e-05,,,0.005815078545,-0.001112894152,0.002967632582,-0.004352641515,0.002849222338,0.0006657779159,-0.002760174737,,,,,-0.003082362142,-0.002767074321,0.005086134879,,1.337752434e-06,0.001496931532,0.0002097173169,0.006193093459,,0.007818508644,,-0.00593891075,,,,,,0.003643250082,-0.002560466562,-0.001929761075,-0.00443226448,,0.01102720491,0.01115982612,-0.01123457896,0.008250277024,0.0100592539,0.01210256633,-0.000985572264,,0.001447660732,,,-0.003680885774,7.726657967e-05,-0.001681414937,-4.006789042e-05,-0.004670570926,0.002066706629,-0.002558393162,-0.004167080301,-0.005276951217,,,,,,,,,,,-0.003607765358,-0.0007026111714,-0.002694532223,-0.005144714942,0.0009960064686,0.0009395089258,0.00306515639,0.005775904418,0.003007912223,0.005431756668,0.003979636747,0.00375883679,,0.006708148354
1992-04-30,0.0001313581552,,,,,,-0.0007903338474,0.002437051692,0.001246283824,6.261969782e-05,0.0022828706,0.000335349412,-0.0007995262588,0.002187583075,0.002257583961,-0.0003968378497,-0.001352796001,-0.001109023695,0.000213390268,-0.001335543305,0.0006697961131,-1.474731614e-05,,,0.0001863902919,,-0.002537158421,-0.00102771284,-0.001922956194,,,0.0008463798851,-0.0004684875209,0.002136576023,-0.001319981591,0.001965893134,0.002053545144,-4.830200116e-05,,,,,-0.0009454625399,0.0002834064644,0.002036678426,,0.001129914818,0.002822323443,0.00421209103,-0.000293897893,,0.0008591163238,,-0.0004145127027,,,,,,0.003983613179,-0.0008332226812,-0.0007787101364,-0.001091558748,,-0.008919509572,-0.002097484587,-0.005655304841,0.008893022207,0.005981275852,0.009409896915,-0.0004900119763,,0.004660263956,,,5.179120976e-05,-0.000235744744,-0.00129204584,0.004336205624,0.0003900703778,0.003398477692,0.001931448199,0.0004535087278,-0.002069340518,,,,,,,,,,,-0.002312683004,0.001308455903,0.00289567469,0.002875252173,-0.001422087602,0.004120085955,-0.002646162058,0.0005661186522,-0.002514596685,0.0006107659496,0.004170157693,0.003945726317,,0.002356118703
1992-05-31,-0.001946365614,,,,,,0.004188113091,-0.0008178578282,-0.001170058394,0.003237268763,-0.002235362821,-0.00243229468,-0.002410471337,0.001871710462,-0.003812541047,-0.003095655596,-0.003526874063,-0.002539183654,0.0008454851991,-0.001438993358,0.001833558524,0.003368054609,,,0.002381140433,,0.001250281131,0.002462852782,-0.001175238933,,,-0.002196471164,0.001968584128,-0.003298408019,0.004092912303,-0.00346847576,0.0003405572678,0.002606238354,,,,,0.003479668329,0.003876352257,-0.001350957651,,-0.001832814858,0.003291658763,0.0004776064109,-0.003498357459,,-0.00281227708,,0.0009460162236,,,,,,-0.002439386792,0.00277929143,-0.001314996642,0.0001523748435,,0.0046234507,-0.000793208676,0.00499614981,-0.0001576871569,-0.004604639024,-0.002807880245,-0.0005841901112,,-0.0007645975398,,,0.004578786311,0.002240646329,0.001245216165,0.0008392810631,0.003319490785,0.003812689298,-0.002282851139,0.0005667981014,0.004059868653,,,,,,,,,,,0.0001068436977,-0.0002700706528,-0.002868674872,-0.001368736327,0.0006493067791,2.300180343e-05,-0.001736415557,-0.00230092889,-0.002851032652,-0.002513112004,-0.002686709443,-0.002725115114,,-0.0007542310509
1992-06-30,-0.002761188956,,,,,,0.002520843812,-0.001655836544,-0.0009803667138,-0.001860286613,-0.001884917996,-0.001457582683,-0.00224326477,0.0008598402263,-0.000796151708,-0.003770645401,-0.006151064559,-0.001277829866,0.002813445663,-0.002561929779,0.001375406012,0.00319014517,,,0.00303416028,,-0.002881439623,-0.001934345465,-0.002917334424,,,-0.002111720456,-0.0008302364436,-0.0005274595515,0.002536041158,-0.001188881686,0.0003409469135,0.001257528097,,,,,0.001439965601,0.001666147221,-0.002101267524,,0.0003797297551,0.002630725189,0.002608765023,-0.003796689371,,-0.00318909912,,0.0003240084622,,,,,,0.002389526064,-0.001179902269,-0.004701745239,-0.003304912326,,0.009086640968,-0.01125284192,0.009751874587,-0.01109778545,-0.009720315404,-0.0108646439,-0.001323643442,,0.003472967371,,,0.003751535966,0.003397179216,0.001153714043,0.002554961086,-0.0006911680514,0.003076645391,-0.004331202686,-0.004265541751,-0.003480960065,,,,,,,,,,,0.005554997894,0.0005083307838,-0.0006492898329,-0.0002716556072,0.0004288126766,0.002511009703,-0.00274900244,-0.00276646737,-0.002219376975,-0.001272314444,-0.001597330006,0.000183388871,,0.001212954658
1992-07-31,-0.003756817119,,,,,,0.006102127397,-0.002711030568,-0.0007156195779,0.001628125758,-0.002680923922,-0.004946621577,-0.005629770099,-0.001692569235,-0.00703754778,-0.00622917158,-0.005287465888,-0.003397303112,0.001251727172,-0.001049607753,0.001845721125,0.003564771313,,,0.003207058264,,0.002069724642,0.001524284237,-0.00075872293,,,-0.006379866071,0.003992809054,-0.006527526395,0.00521846444,-0.007140499735,-0.00312794509,0.008117732001,,,,,0.008514934751,0.005022569306,-0.003301312798,,-0.00112269491,0.0008498652296,-0.002702330365,-0.004851699771,,-0.002733460957,,-0.004329193738,,,,,,-0.007517925533,0.007417411589,-0.0006456152187,-0.002552081185,,0.007637477838,0.007078540353,0.01038396262,0.00668402302,-0.01042668843,-0.008359021387,0.001530887551,,-0.006304043467,,,0.002871118287,0.003848583349,-0.002639702947,-0.002817888757,0.006752755856,0.006212782289,-0.00116559696,-0.00575849379,0.0002499035921,,,,,,,,,,,-0.0007625683765,-0.003048924224,-0.00242440377,-0.006903981736,0.0005919563601,-0.003155599969,0.002228971587,-0.001332489597,0.00484800756,-2.996904332e-05,-0.006342200087,-0.006135066381,,-0.005822806043
1992-08-31,-0.007644381033,,,,,,-0.009125006676,0.004706804443,0.003603086105,0.003106752665,0.001458176038,0.01033586472,0.005010626904,-0.0005897743172,0.009578447371,0.002377982209,0.006081397341,0.00590061068,0.003128613264,0.002890970789,-0.001254819605,-0.00201160681,,,-0.006495218688,,0.001356009381,0.0007546268361,1.822647345e-06,,,0.007986912496,-0.003687214315,0.00803270487,-0.01123508045,0.008483903281,-0.0005932392261,-0.01060366567,,,,,-0.01070212485,-0.004994024121,0.007604317606,,-0.003095644944,0.00927087804,0.007729587653,0.00454586638,,0.005651007919,,-0.003765206105,,,,,,0.008734375733,-0.004832002132,0.002778202401,-0.001258427405,,0.01272519631,-0.03419335923,-0.03557212076,-0.009654562733,-0.01143125032,-0.01194728026,-0.003108216115,,0.006699638378,,,-0.002255358083,-0.001146359405,-0.005008506136,0.003458481698,-0.002357689906,-0.007114805999,0.004668175816,9.902882973e-05,-0.0002821258542,,,,,,,,,,,-0.006376752251,-0.002306978989,-0.003492373887,0.001330553531,0.006881717824,0.008818174194,-0.003683056802,0.0007304062101,0.003145679735,0.005057492934,-0.0001346243742,0.0049584329,,0.01474245628
1992-09-30,-0.005391599627,,,,,,0.003809270475,-0.004267819865,-0.00481889814,0.0007638692842,-0.001116473262,-0.002347792218,-0.0005488912054,-0.0002108844592,-0.003176759874,-0.002862490584,-0.004547801762,-0.002116957351,-0.000200103488,-0.003270530846,0.00395725432,0.003059435282,,,0.002782450419,,-0.0008989806012,0.002430791864,-0.003265883141,,,0.0006547191878,0.001929124703,-0.00424713835,0.003977646594,-0.003085440535,-0.002229680621,0.003046449531,,,,,0.002846869053,0.001611866839,-0.0001364924953,,-0.0005860502209,0.0009365843991,0.002443891053,-0.00255655538,,-0.00324833845,,0.001042302816,,,,,,-0.0001609128195,0.002147346497,0.002774707302,0.001591350901,,-0.00554124175,-0.006247317292,-0.004474451411,-0.003925645456,-0.002790965375,-0.003026960542,-0.003809661641,,-0.0006397294066,,,0.004377525235,0.001934885265,0.002910527258,0.002599523784,0.00270307566,0.0009173771755,0.002778117714,0.005235047139,0.001776349487,,,,,,,,,,,0.000422907399,0.001269269477,0.003424174862,0.003360074428,0.002968741316,0.002064944904,0.0003539705056,0.0006454493584,0.0003393392566,-0.001672847613,-0.003669747326,-0.002938104287,,-0.002095251511
1992-10-31,0.009252991319,,,,,,-0.001741344467,0.01214746343,-0.0003882012277,0.01313601503,0.002362753992,0.008231845919,0.006016266609,-0.004984764925,-0.00196934792,-0.0001646849558,0.002559812694,-0.0003634358394,0.001637483815,-0.004932626416,-0.005490241248,0.002123554484,,,-0.002682051539,,-0.002364796978,-0.003409512801,-0.003489496766,,,0.01315103998,-0.005582902123,0.0007655730131,-0.001920682374,-0.0001328348309,0.0004637386394,0.001457153963,,,,,-0.00106390461,-0.005413560507,0.01282217718,,-0.01459121832,0.00889339485,-0.00530444842,0.007633998944,,0.01168821557,,-0.01522826941,,,,,,0.003603470036,-0.01228234131,-0.01083623484,-0.01327407353,,-0.01164340357,-0.012531428,0.01037949484,-0.01160970575,-0.008032300803,-0.008120834937,-0.003685696394,,0.001916731681,,,-0.007806356364,-0.003635573478,-0.0002715643295,-0.005370769855,-0.01517769245,-0.008327768929,-0.01378546135,-0.01486353133,-0.01561133201,,,,,,,,,,,-0.01210127545,-0.01375341432,-0.007934533878,-0.01553605798,-0.009301238884,-0.004748355523,0.004986382967,0.008860364775,0.002543066577,0.005173718511,0.001607792937,0.0001728525199,,0.003284278293
1992-11-30,0.003643955351,,,,,,-0.005272846877,0.003372895185,0.003859959594,0.003147736609,5.978972377e-05,0.002400943134,-0.006036600762,-0.001403236147,0.0007997440251,0.001412647147,-0.007235556705,-0.002791577393,0.0004231043577,0.004287492697,-0.007428127641,-0.003569063835,,,-0.004346032769,,-0.001137336336,-0.001876359788,-0.000476993471,,,0.00394671927,0.006277740952,0.003546575833,-0.005595269733,0.003711891772,0.001908418643,-0.004221009798,,,,,0.001876647223,0.001088331201,0.005943659996,,-0.003372529458,0.00064680004,0.004810153635,0.003361607901,,0.001609288678,,-0.006141815775,,,,,,0.0005522553761,0.004387775404,-0.003152548617,-0.005634377101,,0.01472453689,0.01451100125,0.0154662724,-0.0190511404,-0.02024579395,-0.0178333416,0.0001620434756,,0.001387100957,,,0.00225086941,0.001919162147,0.000406670533,0.004911657093,-0.00190663536,0.008001131836,-0.004993689515,-0.005966241241,-0.003995314166,,,,,,,,,,,0.001975997904,-0.002324451093,-0.00529552116,-0.007166357292,-0.001159138923,0.003611974051,0.002837334451,0.005706817091,0.002336743108,0.004925671123,0.003623360355,4.811440183e-06,,0.001792802531
1992-12-31,-0.001874857215,,,,,,0.003491880652,0.002721664306,-0.0007156302358,0.002386223081,-0.003760421053,-0.00187235213,-0.004341043087,-3.798466905e-05,-0.004325121609,-0.002725514695,-0.003325258721,-0.002362621175,-0.0009786132138,0.0002956977484,0.002246210127,-0.001051186328,,,-0.001137588852,,-0.002234906306,-0.0005965694006,-0.003551130772,,,-0.002357259402,0.001941793331,-0.003563783035,0.00472377683,-0.003603186289,-0.00127852539,0.001965868701,,,,,0.004801360283,0.004451139259,-0.001217712359,,0.0005257152262,0.002446885029,-0.001392678516,-0.001913489292,,-0.0004917169825,,-0.002345109196,,,,,,-0.003135054052,0.002607840062,-0.003673240655,0.0005545504249,,-0.001003022141,0.003586191128,0.001183510651,-0.002851848457,-0.003496735921,-0.002259018611,-0.002519910667,,-0.00228107833,,,0.0003978054855,0.001359030771,0.003201056269,-0.001210522258,0.002424648338,-0.0006437668628,-0.003028073732,0.002862519856,0.001003876251,,,,,,,,,,,-0.002620680466,-0.0009841012384,0.001829121334,0.00169277856,0.001673259388,-0.001595586586,0.001920245042,0.00145665342,0.001824446403,-6.080404672e-05,-0.003320089371,-0.003621732323,,-0.0007597529184
1993-01-31,-0.007229907896,,,,,,0.009644355324,0.002355988793,-0.006344052371,-0.005920542997,0.001931718329,-0.00713406168,-0.001694122861,0.006145577995,-0.009601476481,-0.008023101053,0.001606944716,-0.004500206616,0.006069076969,-0.00399060625,0.004798244387,0.00221376529,,,0.005560814969,,-0.007338468883,-0.005811847238,-0.007074418402,,,-0.0004919381809,-0.001309282062,-0.009293546961,0.01104031425,-0.009856096889,0.005199375292,0.0104211041,,,,,0.01111284336,0.0109171004,0.0008428777011,,-0.001281415188,0.007282540615,0.001556248892,-0.001443162544,,-0.0007060669047,,0.00155413294,,,,,,0.001806990911,-0.004891369816,-0.009848396583,-0.00511133008,,-0.002193651526,-0.000572529378,-0.006272322476,-0.001759990215,-0.008137804437,-0.002706202646,0.00250011704,,0.004660065902,,,0.006236515824,0.00514539537,0.006955511347,0.001571456505,-0.004724926905,-0.008443254673,-0.008032411078,-0.002417172328,-0.0004098978739,,,,,,,,,,,0.00225210698,0.002698995454,0.003573963766,0.007788734418,0.00355829374,0.001755265289,0.0005598375744,-0.0002110428113,0.004578525967,0.002977217943,0.002979889487,0.002920261426,,0.002397384074
1993-02-28,-0.004461471117,,,,,,0.004218298323,6.428384422e-05,-0.002659589671,0.0005966143234,-0.002137574956,-0.003547598293,-0.004801582023,-0.001218585408,-0.008228041149,-0.002074735046,0.000345662964,-0.000769033017,-0.001884481323,0.001578241243,0.001847236979,-0.0005883650276,,,-0.001495247509,,-0.001425773824,-0.001781491967,-0.003517855945,,,-0.002623608323,0.002924166062,-0.007112026626,0.005323925761,-0.007358829561,-0.0008626273346,0.005853003555,,,,,0.008626630106,0.005104789975,-0.001331239082,,0.002053884979,0.002392534314,-0.00114900384,-0.004575429067,,-0.003707461328,,9.988128768e-05,,,,,,-0.005481165454,0.0005540650088,0.002004870995,-0.003872307686,,0.003049889686,0.003395856855,0.001169735963,0.004015696976,0.005294771579,0.001049135834,-0.001669610589,,-0.003906830606,,,-0.0004942728465,0.003152628269,0.001005070175,-0.0008088920464,0.00334450258,-0.000312728936,0.003551571451,-0.0008311385567,0.004868971725,,,,,,,,,,,0.005479141264,0.002617589793,0.002465503741,0.005460202687,0.0022295236,-0.001228505543,0.002065639487,-0.001401873448,0.001280423423,-0.003359572736,-0.006029357118,-0.005293520628,,-0.004328465452
1993-03-31,0.001102167697,,,,,,-0.003892992676,0.003504464474,0.002275042163,0.001179218192,1.377407748e-05,-0.002494039548,-0.00108050487,0.001700146421,0.005491170449,-0.001029478211,-0.003655087049,0.002453185773,0.001614354235,0.001774527056,0.0002316482418,0.003574730464,,,-0.0009816426726,,-0.0006721358189,0.0004675640258,-0.001299158486,,,0.00242391477,0.001640032357,0.003179378644,-0.00105468901,0.003172271794,0.0001169181319,-8.951089935e-05,,,,,-0.001221986035,0.001128769549,0.003340639738,,-0.00326490596,0.002980673638,-0.0006056516491,0.000997091667,,0.003343756418,,-0.004235776766,,,,,,-0.001009667666,-0.003446875235,-0.003327331029,-0.00126201256,,0.003697790752,0.002578459987,0.001913950466,0.006256379828,0.00505380597,0.005103614892,0.001841567904,,-0.001403349791,,,0.0007694791633,-0.00188920998,-0.005269741427,-0.0008791992159,-0.003812997669,0.0006866698179,-0.002990332749,-0.004604707483,-0.003921073839,,,,,,,,,,,-0.001039646225,-0.00477602796,-0.004963123118,-0.004987717938,-0.0003293465812,0.0002564835042,0.001000945093,0.002643834277,0.002728010797,0.003671875204,0.001973842925,-0.001635841518,,0.003301085213
1993-04-30,-1.476494713e-05,,,,,,0.001094692436,-0.0005042380878,-0.002996784207,0.001854093109,-0.002740851394,9.651004767e-05,0.001599003035,-0.0001248879963,-0.001072630846,0.000833395069,-0.0002649117477,0.002641096413,-0.001227720111,0.00136651924,-0.001746396497,0.0007553358311,,,-0.0009930618081,,0.0008227017878,0.0007909217326,-0.0005820586497,,,0.0002558064846,-0.001016935471,-0.002796484058,0.001637565937,-0.002758448999,-0.001684975898,-0.0001525989144,,,,,0.002911792708,0.0002651833395,0.001341229666,,0.0004539707415,0.0004458619309,-0.003549313537,0.001003604205,,0.001924599104,,-0.000703721533,,,,,,-0.002595750456,0.0003372706508,-0.0003058880732,0.0006421452971,,-0.0001857168971,-0.0001640102804,0.0009187830695,0.0008976208491,0.001117193233,0.001399987602,-0.000436242625,,-0.002952594636,,,-3.504604556e-05,0.001137049917,0.0009640094428,-0.003620316282,0.0007424789045,0.0003711027571,-0.001319586644,0.0003093683312,0.0009751883591,,,,,,,,,,,-0.001689745352,-0.0007105470208,-0.0009220842753,-0.001526241498,-1.542414988e-05,-0.003644635585,0.003882055424,0.003396468888,0.003584198219,0.002139349382,-0.002490538388,-0.00180204441,,-0.00218504452
1993-05-31,0.001969343225,,,,,,-0.0003085094656,-0.0009389717151,-0.0003648117102,0.0006757907776,0.002501639349,0.001366896008,0.002052934438,-0.001166201808,0.001864607197,0.002541901052,0.001130386818,0.001044374859,-0.0009693269588,0.0003783558679,-0.0005178753311,0.001520693512,,,0.002032852751,,0.00269382013,0.002528259959,0.002943036187,,,0.0013851193,-0.001377055651,0.001393708549,-0.0008215247323,0.002021737886,0.001208623047,0.0005924573795,,,,,-0.001645585003,-0.001950903306,0.001853156805,,0.001394809406,0.00164073714,8.30672747e-05,0.001629400128,,0.004043604787,,-0.002597859378,,,,,,0.0009338519787,-0.0009577239264,-0.001577620614,-0.0009160932128,,0.004823594506,0.002948567607,0.003802979428,-0.0006281584034,0.004012982587,-3.70559679e-05,0.0004432837736,,0.0006851285456,,,-0.0008691309076,-0.001049165805,-0.001740603759,4.798992245e-05,-0.002986547298,-0.002565131505,-0.003021853327,-0.001764719878,-0.002196207822,,,,,,,,,,,-0.00147211119,-0.003448843245,-0.003023411144,-0.002725480191,-0.0008635504204,0.0002703462263,0.001979935181,0.002953747595,0.00169986094,0.003050780058,0.001437316336,0.001115100962,,0.00222449817
1993-06-30,-0.004435753389,,,,,,0.006143427803,-0.001071936524,-0.001686898613,-0.002554246267,-0.0009652878096,-0.004871432679,-0.005136600455,-0.003349923173,-0.009469415543,-0.002006744814,0.002272003787,-0.002272960214,-0.001896843453,-0.0001157333765,0.002614488781,-0.0024530158,,,-0.002109587327,,-0.002392735903,-0.002286361725,-0.002603316765,,,-0.005432706835,0.001750701364,-0.008803979176,0.009016061269,-0.008446505205,-0.0008902864633,0.005795349073,,,,,0.009579366427,0.005251800092,-0.00227024565,,0.001100577666,0.000628719326,-0.005684453763,-0.003724787245,,-0.003692801375,,0.003375612217,,,,,,-0.008075741233,0.006344624638,-0.003052712273,0.008476164908,,0.0009464715178,-0.0003320140613,-0.0009418611385,-0.0001927899213,0.004552192038,0.0008097744008,-0.0004388563243,,-0.006465668536,,,0.006058314274,-0.001223675036,-0.002263069905,-0.005482087752,0.008435883141,0.00490348834,-0.0003022742132,0.00834285212,0.008217203281,,,,,,,,,,,-0.003217852187,0.006880736115,0.00740326737,0.007519285705,0.001635921266,-0.005900059664,0.005370528671,0.0003408041632,0.004375866608,-0.001020292316,-0.008147812628,-0.008038773483,,-0.0087534881
1993-07-31,0.001224579182,,,,,,0.002566723767,0.0008391314068,0.000719375953,0.0002812234924,-0.0001842653806,9.064824096e-05,-0.001002032803,-0.001465574432,-0.001996901893,-0.001592657181,-0.0004415605993,-0.001460035221,-0.001687222555,-0.00056583518,0.0001488756027,-0.0007967914239,,,-0.0001866994448,,-0.0003377720634,-0.0003792423345,-0.001162393804,,,-0.001248910004,-0.000429432198,-0.002051969047,0.00209434114,-0.001864226249,1.268417726e-05,0.002855532345,,,,,0.001585106535,-5.551445074e-05,-0.0003287579805,,-0.001286539887,0.002305207733,-0.00312480942,-5.218061596e-05,,0.002056028331,,-0.001915762371,,,,,,-0.002676602418,0.0002011536485,0.001717586155,0.0003404887238,,0.002057668762,0.002280428163,0.002361078214,0.002219301293,-0.002236416134,0.001218965064,0.0009481258974,,-0.002293649266,,,-0.0001083422069,-0.0007392422941,-0.00021969836,-0.002951555973,0.0007850193161,-0.0002641245467,0.001382053634,0.0006541153787,0.000890449797,,,,,,,,,,,0.0006710167929,0.0002213856869,0.001033133296,8.995557044e-05,-0.00108350113,-0.0032636836,0.003116879138,0.002123661159,0.00275031715,0.001349578897,-0.002948695862,-0.002025745221,,-0.001278710527
1993-08-31,-0.005109669058,,,,,,0.006096306915,-0.002400017886,0.0002102444346,-0.002205241421,0.0009345810618,-0.001908718974,-0.004665690169,-0.003999053826,-0.008403079786,-0.002315776634,-0.0002028424058,-0.003983071156,-0.0007005450532,-0.003750165694,0.0001918700464,-0.001923170068,,,-0.001524006661,,-0.002748216588,-0.0009938983896,0.0003752173011,,,-0.00531890987,0.0003998250846,-0.007084197475,0.007754911591,-0.006682540383,-0.0005308104719,0.005838320543,,,,,0.008906800781,0.004477961963,-0.003947329037,,-0.0001687526629,-0.0002782103961,-0.003105076411,-0.004390099755,,-0.004288443294,,0.004136453432,,,,,,-0.008940559676,0.005162268467,0.008233338329,0.007834412372,,-0.002899126848,-0.003757886441,-0.004896289625,-0.003735403504,-0.001851590194,0.001293335737,0.0004865869687,,-0.006534937685,,,0.006457787377,0.000121239766,-0.002651460728,-0.003073268175,0.008654209819,-7.14339405e-05,0.007190574181,0.00861722722,0.008918463268,,,,,,,,,,,-0.0002505877411,0.006876097134,0.006276771725,0.006754356185,0.002457447231,-0.003105632495,0.004763038212,-0.001368806181,0.003235686907,-0.002120930187,-0.007618007597,-0.007665325285,,-0.00596087825
1993-09-30,0.0006419972643,,,,,,0.0002987581722,-0.001498783871,-9.801718367e-05,-0.0009856528904,1.513451917e-05,-0.0006507440584,-0.0006341421078,-0.001238511055,-0.0006182403353,-0.0009355576162,-0.00131642173,0.001076608156,-0.0002162750339,0.0005198739638,0.0002629387047,4.625169132e-05,,,-0.0003130574599,,-0.001577691172,-0.001435718971,-0.001643238662,,,-0.0008427363718,-0.00169334673,-0.001245392173,0.00153199042,-0.001520896284,-0.00151746496,-0.0007622509315,,,,,0.0005351503493,-0.0004576173845,-0.000392175142,,0.0003167217243,0.0006263914412,-0.001953605836,0.0003314721714,,0.0004730238454,,0.0001936182415,,,,,,-0.001487187131,0.001685246873,0.001980267784,0.002410131062,,-0.002373559942,-0.002463117115,-0.0008786787227,-0.002559293964,-0.001624466298,-0.001889217675,0.0003376809597,,-0.002189444266,,,0.001013932185,0.0003377485108,-0.0007179773371,-0.002012982701,0.001689075232,0.001397370972,0.001410236373,0.002170274677,0.001171282226,,,,,,,,,,,-0.001504371206,0.00126522147,0.001438125688,0.0008409353938,-0.0001394558109,-0.001888911515,0.002626403434,0.001373722732,0.001962592895,0.001124869942,-0.002110950023,-0.001079103864,,-0.0006410107755
1993-10-31,0.0007421547105,,,,,,-0.0006450930729,0.0001163335489,0.0003311717418,-0.0008320120105,-0.0005680919436,0.0008522966248,-0.0005103228923,0.0004585626969,-0.0008591612174,-0.0006850243175,-0.0009499303119,-0.0009364283626,0.001420835806,-0.000532118045,0.0002999283799,-0.0008503593109,,,-0.001057889478,,-0.00090691501,-0.0003663217781,-0.0006972457897,,,0.0001381343557,0.0005092230363,-0.0009741547611,0.0001870385418,-0.000875506381,0.000203128974,0.0003757953454,,,,,0.001547296977,0.001356677043,0.0001700465777,,-0.0003497837422,0.002220015857,-0.003328985054,0.002986490072,,0.003198181435,,-0.0004561992603,,,,,,-0.001156699994,-0.0003799781828,0.0004892927663,-9.311321796e-05,,0.001691395215,0.002056435071,-0.0003769147474,0.001428408111,-0.0007153702117,-0.0007578618957,-0.0003512386081,,-0.0003376023531,,,-0.0002948882865,0.0002009021672,0.0001403492815,-0.004110645412,0.000645390161,0.0007124093842,-0.0005585823548,0.0003678802207,0.001384183473,,,,,,,,,,,-0.002036229474,0.0007225526174,0.0009341417968,0.0006383344499,-0.0005595344902,-0.003261887865,0.001385157898,0.001334945347,0.002121615113,0.002030455848,-0.0008179823248,-0.000867756824,,0.001890182298
1993-11-30,0.0005022210152,,,,,,-0.003783838913,0.001291661767,-0.002664500747,0.00190204319,0.008328587874,0.0003076472221,0.003690610134,0.001390344451,0.007782272997,-0.00160817119,-0.0005538271054,0.0009097198165,-0.0001386512233,-0.001116624036,-0.001794666844,0.0006179388614,,,-0.002537233728,,-0.001695557171,-0.001650628686,-0.003105862047,,,0.009183731965,0.0007108405389,0.007398228495,-0.007759715566,0.008125362874,0.002649786934,-0.002987324057,,,,,-0.007062103335,-0.003892749222,0.004195765753,,0.0002044038163,0.01053106663,0.00574275865,0.006922110845,,0.01341234138,,-0.003683278751,,,,,,0.008648037295,-0.009796178755,-0.010214928,-0.01198498703,,-0.0007189560922,-0.0009505530702,-0.00342683943,-0.003648870515,-0.009529934271,-0.005653537758,0.000404311348,,0.005268491813,,,-0.005164915587,-0.002157750756,0.002743441086,0.00367774633,-0.01080612683,-0.004952990863,-0.01241271755,-0.01070028552,-0.0115831093,,,,,,,,,,,-0.002777978056,-0.007705211942,-0.007428859211,-0.00716678116,-0.001018385693,0.00636164348,-0.001423739466,0.00278239654,-0.0006547786141,0.003917476788,0.01061297428,0.01025329559,,0.01492814045
1993-12-31,-0.0002417050717,,,,,,0.0003766720696,0.001019754361,0.0005954771879,0.001123134069,-0.001842546873,0.0004970037289,-0.001123122688,0.002520973382,-0.0005153424252,3.271617813e-05,0.0006310648763,-0.00165903921,0.000710502469,-0.001453512321,0.001078095265,0.0005048770257,,,0.0006283047964,,6.639693329e-05,-8.523479167e-06,-0.0004818738125,,,0.001704403911,0.0004822568679,-0.0007167191864,0.00194941447,-0.001255187342,0.0006474018642,0.0009255694687,,,,,0.001566833195,0.003150903243,0.001835257252,,0.0007750849174,0.00183300411,0.001343501769,4.897766761e-05,,0.002383902154,,-0.002148150048,,,,,,0.002312002562,-0.0005821325382,0.000444471526,-0.0004670202462,,-0.000239384011,-0.001102033627,-0.001460534271,-0.001098975638,-0.001128899773,-0.0005675207201,-0.001331612687,,0.000736922604,,,-0.0004891583275,-0.0003056546494,-0.001020965039,0.001359677059,-0.0009214534588,0.0007247300149,-0.0007299540434,-0.001831278996,-0.00153074987,,,,,,,,,,,-0.001671835239,-0.001882093061,-0.002212021868,-0.001478074694,0.0004018481812,0.00107683182,0.0004571076739,0.001262256044,0.0006221557633,0.001164726635,0.001674019911,0.001727170989,,0.002506762945
1994-01-31,-0.003007501158,,,,,,0.00380475075,0.002553358999,-0.0002164977671,0.0007628870269,-0.001351340103,-0.000632224959,-0.002383065012,-0.0003992466431,-0.003949013489,-0.002083167699,-0.0006821135306,-0.004148434102,-0.001936755242,-0.003394681161,0.002371555716,-0.001610961377,,,-0.00273670245,,-0.0007126119828,0.001705829416,0.001495739539,,,-0.002154594163,0.001493727227,-0.003285969489,0.003708869077,-0.003395974001,0.001497717167,0.002585586538,,,,,0.003469979956,0.00338817939,0.0005187795805,,-0.0003298040522,0.0005798095397,0.0001008479886,-0.002861479918,,-0.0009195011497,,-0.001114805437,,,,,,-0.004459633238,0.003677917245,-0.004086933943,-0.001452759,,0.0007794069358,0.0007562290336,0.001714606243,0.002052308412,0.0017351748,0.001975556634,-0.0005563178734,,-0.003110349697,,,0.002343475774,0.002521898826,-0.002242711136,4.765660062e-05,0.004055588826,0.003591421902,-0.003041279497,0.0007992049996,0.002802959711,,,,,,,,,,,-0.002166890168,0.00198876452,-0.002119416544,0.002323427398,0.001748960132,-0.0001895929747,0.002012932256,0.001416615283,0.002125769454,0.00159708637,-0.003877170203,-0.004196925027,,-0.00131903841
1994-02-28,0.004162708804,,,,,,-0.005967431318,-0.003194440898,-0.002664625104,-0.001606399927,0.001478513257,0.003992996063,0.004382512228,0.001714975532,0.008566616238,0.0003978465416,-0.002661051383,0.003504790265,0.002601004419,0.00200001414,-0.00434766955,0.004136816544,,,0.004425060964,,0.0005461055029,-0.002157772018,-0.002507232895,,,0.008044576817,-0.003184668107,0.007327091649,-0.007664260073,0.007692324072,-0.002232871652,-0.00598527284,,,,,-0.008448080145,-0.005894101151,-0.0007034416474,,0.003836775137,-9.110489032e-05,0.005720322791,0.003346914846,,0.006929065372,,-0.004880689865,,,,,,0.009395105683,-0.003344342951,0.007086824188,0.002824429613,,0.003993814226,0.0009657208496,0.0003813023041,0.001784026131,0.001997564958,0.003847057502,0.0003877334595,,0.007366184158,,,-0.008388313971,-0.007527889203,0.0004454701389,0.005573591672,-0.008959982622,-0.008518437592,0.006639399905,-0.001631454431,-0.006536091093,,,,,,,,,,,-0.006581855823,-0.007939829661,0.003059599456,-0.006374429611,-0.0008469892022,0.006307617482,-0.002179131255,0.002932402373,-0.001474404755,0.00385907362,0.008823162447,0.008879000995,,0.009729783868
1994-03-31,0.01006216076,,,,,,-0.004509534198,-0.004116503462,-0.004802837372,-0.0008781765783,0.003421343555,0.003556832078,0.008010808444,-0.00328147257,0.00881975396,0.002774592558,-0.001679854996,0.00347421349,0.002914404562,-0.0001422135819,-0.003789694818,0.003954832222,,,0.005925746185,,0.004738385539,-0.0004828449994,0.0002631848057,,,0.006256792952,-0.007846596621,0.006444286597,-0.008398965937,0.00680608505,-0.004060507376,-0.006381780293,,,,,-0.008808110903,-0.008612743656,-0.001233493281,,0.003723606301,-0.001750342453,-0.004281430733,0.00992951298,,0.0107067658,,0.0002217178846,,,,,,0.006701614256,-0.003077694374,-0.00929821802,-0.0008706265091,,9.752628705e-05,0.0002520656602,0.00072107872,0.001170381184,0.0004195475596,0.002946953822,0.002417885018,,0.00376818391,,,-0.007527466459,-0.006413509544,-0.001796214979,-0.004005028729,-0.006358831808,-0.003323060202,-0.008722294983,-0.0009952252294,-0.008921598781,,,,,,,,,,,0.005794033203,-0.007479962733,0.0004917248734,-0.0002851984737,-0.002975554225,-0.002431838307,0.004890388864,0.00659235693,0.00440622153,0.006092556745,0.00652594224,0.005580082716,,0.0069894572
1994-04-30,0.002940849543,,,,,,0.001702737256,-4.895824238e-05,-0.001625666819,-0.001042553821,-0.0001264107076,0.0007337567867,0.001618172894,-0.0014968439,0.00162315309,-0.0001949313829,0.0001800113421,-0.0001067878214,0.0006403956878,-0.0004473306386,-0.001146253948,0.0008190024054,,,0.001486024214,,0.0004629546525,0.0007255914674,-0.0006166985476,,,0.001386719899,-0.001316057915,0.001463789258,-0.002778757066,0.001612904726,-0.001043540609,-0.002214334531,,,,,-0.001879173991,-0.0022018291,-0.0005991901515,,0.0003958138558,-0.001618897323,-0.001623268871,0.00339101926,,0.004085470611,,-0.0001096216704,,,,,,0.002260467946,-0.001179079976,-0.0008224026033,-0.001095774198,,0.0005478727857,1.757461863e-05,0.0001765133305,-0.0004660487964,0.001067684247,0.0003351087579,-7.020564442e-05,,0.001927358319,,,-0.001844428925,-0.001579572582,-0.0004121298969,-0.001632268457,-0.0014472285,-0.001457591396,-0.0001576649775,-4.45753478e-05,-0.0001306898375,,,,,,,,,,,0.002882886402,-0.0002742165893,0.001349872832,0.0009051278412,0.00025731067,-0.001299566013,0.002533214607,0.003554550644,0.002510945711,0.003324544574,0.002489403961,0.002408366639,,0.002145008908
1994-05-31,0.002474676421,,,,,,-0.0005557091037,0.000472947034,-0.0006660635643,-0.001981312573,-0.0008410457958,4.543924804e-06,0.001409189021,0.0001514361326,0.000314813582,0.0001458890237,0.0003109500475,-0.0004881540269,0.0008889985715,-0.0004280089822,-0.001230734501,-0.0003745418161,,,0.001247681123,,-0.001513508868,-0.0005626049156,-0.001136929359,,,3.063295383e-05,6.780163992e-05,0.0004374736764,-0.001787949432,0.0007601938344,-0.001074263436,-0.001417113708,,,,,-0.001324930926,-0.0006861275159,-0.002393883242,,0.0004457805863,-0.001908632365,-0.001272535397,0.0009784059724,,0.002737742585,,-0.0001634969068,,,,,,0.001509632999,0.0004562689211,0.0007705383432,0.001312875137,,-0.0001060809162,8.646499431e-05,-2.54697236e-05,0.000499341936,0.0001640984367,0.0001391464438,0.0007725080997,,0.001429518873,,,-0.0001608395695,-0.000633961474,-0.0006561685476,-0.00130390682,0.0008946200276,-0.0006780606669,0.0008453678811,0.001146395753,0.001348260623,,,,,,,,,,,0.0009034363269,0.0005531456394,0.001052381855,0.0006551493206,-0.0003156133366,-0.001054598505,0.001198844543,0.0018121909,0.002067847835,0.002475587246,0.001176775704,0.001443236224,,0.001815851043
1994-06-30,-0.0009261335315,,,,,,-0.0001821796384,8.510224436e-05,-0.0005390075083,-0.001013176534,-0.0003116429309,0.0001638550824,-0.0008872755568,0.000607663379,0.001100206494,3.270557555e-06,0.0005218468003,4.467990945e-05,0.0004760602063,-6.789249471e-05,-0.001257414819,0.0008527929833,,,0.0007032422657,,-0.0007088976231,-0.0008015380123,-0.001482390876,,,0.001054428998,0.0001674713494,0.001022613137,-0.001346133923,0.00157852046,-0.0003587425248,-0.000421827665,,,,,-0.0005123327966,0.000128124252,0.0008758905576,,-0.0001209382486,0.0009011791699,0.001950543607,0.001088553168,,0.00223438378,,-0.0005992662566,,,,,,0.002368919508,0.000330528782,0.0005783472407,0.0006512828245,,-9.405070475e-05,0.0009584787596,0.000540063984,0.001220086408,0.00292809922,0.001698144864,-0.0003393079209,,0.001306403799,,,-0.001746214083,-0.002109066399,-0.001034351909,0.001893639813,-0.0001529479897,-0.002439688859,-0.0004550283967,0.0002082558118,0.0008018776482,,,,,,,,,,,-0.0006749137206,-0.0007045608182,-0.002424228068,0.0008464044242,-0.0002086168402,0.00226561615,1.79567584e-05,0.001534879784,0.0001239902162,0.001698808417,0.002049293901,0.002266401926,,0.003064550329
1994-07-31,-0.001346281874,,,,,,-0.001966222828,-0.001308822696,0.002231056116,0.003747767335,0.001049642992,0.0003133828385,-0.0003306798056,0.0005115971205,-0.004268042436,-0.0008968632488,-0.002412842764,0.0003198942409,-0.00179120103,0.001216779318,0.002554854363,-0.001788468429,,,-0.002137005007,,0.001750570141,0.000129795492,0.002712450111,,,-0.002359468886,0.003019306647,-0.00270039687,0.00434416039,-0.003356340178,0.002994647748,0.003988464024,,,,,0.004274459564,0.003569083403,0.0006842807699,,0.001194782995,0.0006113163857,-0.00212527507,-0.001528106122,,0.0002407428088,,-0.002830897889,,,,,,-0.002900959198,-0.003321215625,-0.00363628656,-0.003752020716,,6.815126375e-06,-0.001177360189,-0.0006513808168,-0.003034105241,-0.000745829856,0.0006451025712,-0.0005054294469,,-0.003111803365,,,0.0008763692858,0.002157521791,0.001576994761,-0.002019589156,-0.003834579919,0.001160948296,-0.003163015134,-0.003486952204,-0.004838278696,,,,,,,,,,,-0.002561864844,-0.002448437749,0.0005886403803,-0.00341430494,6.261061696e-05,-0.00228396413,0.002264988382,0.001338900806,0.002675648878,0.00217478624,-0.003430563986,-0.002718243347,,-0.002516283509
1994-08-31,-0.0004464120851,,,,,,0.001431053177,-0.0004687045016,-0.00132069664,0.001475564128,0.001122442194,0.0007625129525,0.001380763424,0.00102276368,0.0007810999895,0.0004278826913,0.0009908968289,0.0005315387501,0.000427256315,-0.000362914188,-0.00032172968,0.001851049015,,,0.001353414312,,0.0002099944626,0.0003725088328,0.0008355360198,,,0.0001744975342,-0.001569640889,0.001681257673,-0.0003389006978,0.001628260379,0.001119791831,0.0002772012237,,,,,-0.00113444354,0.0006791578793,0.0006565255517,,5.623283859e-05,0.0006822682917,0.001651285569,0.001489102098,,0.002284305359,,-0.000663601446,,,,,,0.00143639289,8.939598366e-05,0.0005494283336,-0.0005462235823,,-0.0007641417409,-0.001143970694,-0.001841738716,-0.001060019525,0.0006780788528,-0.0008819406917,0.0003424706849,,0.001396675769,,,-0.0004331744769,-0.001378588466,-0.001323330023,0.001469986946,-0.0004456518027,-0.0002958877033,0.0008860777447,-0.0001499633914,-0.0001074344948,,,,,,,,,,,-0.0005848730319,0.000978769804,0.001084607299,0.0008933176134,-0.0002277518972,0.001705485751,4.58635407e-05,0.002041130706,-0.0004768006484,0.001219687587,0.00166514692,0.001876437383,,0.001990951947
1994-09-30,0.003090337934,,,,,,0.001911731858,0.002022801654,-0.002399256742,-0.003393087797,-0.00102951184,-0.001190988543,0.001035702446,-0.0008648204373,0.004820929539,0.001329913225,0.003102143674,-0.001005950746,0.002598790469,-0.002269478075,-0.002055227013,0.001788496678,,,0.002074793884,,-0.0007321840206,0.001275930837,-0.002394978896,,,0.001704880045,-0.002805530197,0.003033793796,-0.0048672596,0.003539977101,-0.003091849598,-0.004636036175,,,,,-0.004404855256,-0.003798098352,0.0006838414846,,0.0007363344872,-0.001391255728,0.00193379824,0.001518891241,,0.001993990314,,0.001706844226,,,,,,0.003955595009,0.003672023526,-0.005239516872,0.003195183843,,0.00132842193,0.00152340019,0.0005175930025,0.001831505329,-0.002147012851,-0.002694357089,0.001191503661,,0.003419413223,,,0.0001037251212,-0.001748676669,-0.002698179148,0.001535621683,0.003226205541,0.001035799364,-0.005060802786,0.002481429502,0.002940623981,,,,,,,,,,,0.0006306269442,0.002353708693,0.002656606273,-0.001502693928,-0.0007115802708,0.001271870701,-0.0008593106957,0.002193819741,-0.0008315836102,0.00089188389,0.004156586333,0.003390169685,,0.003059861961
1994-10-31,0.001324146145,,,,,,0.001981466245,0.000718270094,-0.0002791514246,0.001139653357,0.0003793772253,0.001470593213,0.001457225235,-0.0008911746617,0.0002505436761,0.0005764612173,0.0008423504635,4.013070561e-05,0.0007758099479,-0.0003434482636,-0.0008082759634,0.002198212827,,,0.001322586568,,0.0001855903969,0.0004365752066,-0.0005413036575,,,0.00106086981,-0.001387908976,0.0005884335101,-0.0001816236117,0.0004398474216,0.0005050590326,0.0004775741803,,,,,-0.0008311161946,-0.0008651475773,0.0001397703034,,3.294899001e-05,-0.0005046081276,0.000580785681,0.002609125124,,0.002661246757,,0.0003661627004,,,,,,0.0006865072256,0.0005179145563,0.001737524296,0.0008910374271,,0.0001707535392,0.0004584613317,0.0008108137888,6.253901341e-05,-0.0002507263034,-0.0001982490905,-5.905311629e-05,,0.0001282240571,,,7.265410746e-05,-0.001330284209,-0.0006360951666,0.0006533946149,0.0005787401879,-0.0001149762313,0.001336550073,0.001193054237,0.00108184655,,,,,,,,,,,-0.001049848647,0.0006247244678,0.0004654062012,0.00103293915,0.0004028458448,-2.883908072e-05,0.0007986337102,0.002759808793,0.001086203646,0.002607701173,0.0001907138076,0.0006497442297,,0.0007524262259
1994-11-30,0.001440327164,,,,,,7.46785701e-07,0.0003990213838,-0.000345594175,-0.0001201358966,-0.0005645375067,0.0005304175694,0.0006666903644,-0.0008960850025,-0.001867845508,-0.001050925566,-0.0007753905482,0.000151629773,-0.001060391393,-0.0001681795617,-0.001122131805,0.00121628,,,-0.0003109149032,,0.001207006057,0.0004609908272,0.0006189203931,,,0.001475175858,0.0008823899479,-0.001227990652,0.001338928116,-0.001241660538,-0.0006361642553,0.001706708734,,,,,0.001893055558,0.001163160584,-0.0005850044088,,-0.0003009948674,-0.002453197043,-0.004178324733,-3.857590435e-05,,-0.0004563652551,,0.001841196556,,,,,,-0.003429804354,0.001044845312,0.0008635615399,-0.0009991217933,,-0.0016880456,-0.001152471557,-0.0007005773261,-0.001597687924,-0.00114855452,-0.001333714465,0.001735916691,,-0.003511694033,,,0.002782822932,0.002801508414,0.002761103016,-0.004437438759,0.001385940105,-0.001383001221,0.0002564031008,0.0005943512664,0.002014318887,,,,,,,,,,,0.00158570708,0.001815501924,0.001121287583,0.00203589119,-0.001142615729,-0.003895610535,0.003571881177,0.002399870813,0.002243437673,0.001407416785,-0.002863647283,-0.003125281067,,-0.002138114898
1994-12-31,-0.001269507516,,,,,,-0.0005023850554,0.0002502416036,0.0004948083579,0.001168728115,-0.0008911176941,0.0004420795861,-0.001195476483,-0.0002801437796,-0.003715867252,-0.0006083684031,-0.002580070955,-0.001981606641,-0.002795951161,-0.001686176091,-0.001442120976,-0.001617741497,,,-0.0002316747746,,0.001131091166,-0.0002346668164,0.0008943400709,,,-0.00160510847,0.002273855359,-0.003570055012,0.002238675931,-0.003534368257,7.801098842e-05,0.0009280317052,,,,,0.003294051225,0.001789889693,0.000146510188,,0.001454869872,0.001034474971,-0.003384665378,-0.0001307583138,,0.0003866669796,,-0.0001141497912,,,,,,-0.0001024613361,-0.001879107184,-0.001749522142,-0.0003537119452,,0.0005946479724,0.0001021350503,0.000464184081,0.0007361080108,0.0009061800415,0.0002155999812,-0.0006138544821,,-0.001352469718,,,0.0004074680285,-0.0008062636118,0.0001800876481,-0.003160631017,-0.003134334521,-0.00271791966,-0.002218083243,-0.003105590732,-0.002672282999,,,,,,,,,,,0.0009389663503,-0.003241417732,-0.003306019614,-0.002969843179,0.0002986193609,-0.001613503064,0.0002801896389,-0.001382861848,0.002715384521,0.00117665809,-1.768842014e-05,-0.0004483021541,,0.0001638021292
1995-01-31,-0.001320981243,,,,,,-0.00167370314,-0.0007733566733,9.99972275e-05,0.001770722048,-5.792563083e-05,-0.001609837818,0.0002958742813,-0.0005334449768,-0.002571340027,0.001019887155,-0.002127454888,0.0005498413659,-0.0005623808569,0.0006912765418,0.001011593114,-0.001789386375,,,-0.001193436991,,0.0009340011816,-0.0003089252873,0.001164225852,,,-0.0008782821965,0.002639982511,-0.001925418184,6.452793168e-05,-0.002114399358,0.001497971271,0.001489188105,,,,,0.001572015956,0.001299804652,0.0001319564296,,0.001393044587,0.0004872239834,-0.00102067724,-0.0009572237815,,0.0002446612458,,0.0002072769529,,,,,,-0.001357186996,-0.001049088951,-0.0002242148115,-0.0003475577621,,0.00324175613,0.002928220719,0.003021838275,0.002614957213,0.001509496322,-0.004114807811,0.0007649209428,,-0.001795779976,,,0.0003049467555,0.001545941048,0.001207279757,-0.0001948376041,-0.0007454720072,-0.001797172446,-6.968624875e-05,-7.335615573e-05,-0.0005344636733,,,,,,,,,,,-4.97170294e-05,-0.000217827812,0.00122750616,-9.272989208e-05,-0.0004410281858,-0.0007799482041,0.0008151296735,0.0007247776716,0.001158917709,0.001362123386,-0.00177721755,-0.00141095905,,-0.0001786172092
1995-02-28,-0.003666280271,,,,,,-0.003169678643,-0.002096345535,0.0008406291831,0.001117321882,0.000558357119,-0.001409410159,-0.002494713866,0.002268128476,-0.002605001108,0.0009099286536,-0.001463482819,0.00200783005,-0.002075499425,0.003137277642,0.003232508235,-0.003541356362,,,-0.003188809949,,0.0007035947993,-0.00144735317,0.001319979462,,,-0.002702915145,0.003958733714,-0.001264157354,0.001900540635,-0.001101832487,0.001330090555,0.002066432565,,,,,0.002273558059,0.004109079962,-1.182652043e-06,,0.0002471645453,0.002757143351,0.002139192244,-0.002749900707,,-0.0005042163822,,-0.003526906014,,,,,,-0.000266596297,-0.002801141873,-0.0006794372719,-0.001917971791,,-0.0001009031395,-0.0009517987428,-0.001729890598,-0.001569978605,-0.0001711736256,-0.001251804743,-0.001153170019,,0.0002142067156,,,-0.002786486658,-0.0006724745882,0.0009722890782,0.002433209776,-0.003943785923,-0.004156631365,-0.001172700164,-0.002984713265,-0.002506573369,,,,,,,,,,,0.001686434156,-0.002892363417,-6.915398604e-05,-0.002923668054,0.0005060127453,0.001944118176,2.84346979e-05,0.0001917455601,-0.0007076436173,0.000262197089,-0.0002900974673,-0.000418492751,,2.607815653e-05
1995-03-31,-0.000370628598,,,,,,-0.0009851292978,-0.0007615482765,1.13838839e-05,0.0007860158808,0.0001123825529,0.0002004592228,-0.0002765041576,-1.023276786e-05,0.0005013946123,-0.000873346869,-0.001132120338,-0.001157150871,-0.0004280011562,-0.00125450594,-0.0007158661265,-0.0001870803798,,,0.0001202463773,,0.0003589649241,-0.0002156534087,0.0004789044858,,,-0.0009032707895,0.0007356461972,0.000594876544,-0.0006318529368,0.0005891466031,0.0003139193769,7.738044623e-06,,,,,-0.0007085156325,-0.0001845106771,-0.0003936423823,,0.0009632934919,0.0009246144142,-1.962005737e-05,0.000573434683,,0.001480006517,,-0.0009901889287,,,,,,0.0005417078385,-0.0004796398489,-0.0004863746524,-3.907956993e-06,,-0.0003850067476,-0.0008886708357,-0.001082313382,0.00063694935,-0.001596602763,-0.001578025166,-0.0001646983715,,0.000700543401,,,-0.0004019328506,-0.0004950520647,0.0002609129962,-0.0004056903694,-0.00102303567,-0.0001281560795,-1.690262184e-05,-0.0005133008268,-0.0002931597581,,,,,,,,,,,-0.00109284152,-0.0007012106519,-0.0008142588093,-0.0006732891696,0.0003700532677,0.0003737031718,0.0008199634241,0.00159648306,0.0006807405654,0.001445768794,0.0008721277162,0.0007066915726,,0.00123502701
1995-04-30,-0.0002719662558,,,,,,0.0003301506918,0.0005673247597,0.001265465494,-5.78065681e-06,-0.0004685032852,-0.0002980972832,-0.0003696864398,-8.257794409e-05,-0.001931441546,0.000706935053,-0.001377619288,0.001061593317,-0.0005793208963,0.0005401003176,0.000697553329,-0.001983424987,,,-0.001779755825,,0.0008377392758,0.00044122474,0.001125597551,,,-0.001914091285,0.0005737575739,-0.001907466478,0.001910461909,-0.001825169174,0.0001486604572,0.001542502726,,,,,0.001797462405,0.001906349303,4.928901875e-05,,-0.0001203508744,0.0004219157495,-0.0005919410157,-0.00108994902,,-0.0003942230247,,0.0001348182001,,,,,,-0.001492557062,-0.0005527398328,0.0009218183027,0.0004528889312,,-0.0006037736306,-0.0007071947101,-0.0008904878143,-0.0002805231016,0.000357605011,0.0008016241882,0.0001167643685,,-0.001655333894,,,-0.0005135141221,5.391876624e-05,0.0009595382233,-0.0005280635661,-0.001109167519,-0.001019681542,0.0002713696868,0.0005510603645,0.0002395353778,,,,,,,,,,,-0.0003391565848,7.314429698e-05,-7.802474407e-05,0.001274816551,-8.172940579e-06,-0.0009729164253,4.244911343e-05,-0.0006918814247,0.0007247890095,0.0003410360393,-0.0005681575147,-0.001261860689,,-0.0006396788183
1995-05-31,-0.003505243445,,,,,,-0.00588908571,-0.003288163462,0.007175900043,0.00164166058,0.002119751828,-0.001346726261,-0.003156529932,-0.001481899661,-0.01143007284,0.0003304647244,-0.005612774619,0.004194761528,-0.007815145382,0.004645293536,0.004093470118,-0.009993579632,,,-0.01020360911,,-0.001333152906,-0.003843831686,0.001665874516,,,-0.005251503996,0.008263338876,-0.009178321437,0.008332059131,-0.01002270123,0.003038355779,0.006111649607,,,,,0.01061201562,0.00916135861,-0.003828168894,,-0.00488243818,0.003196833515,-0.009461770644,-0.01075660767,,-0.01045356413,,0.005243084802,,,,,,-0.009600737783,0.002291711204,0.006461543773,0.006770934626,,-0.001621692698,0.0001514574119,-0.0008088868377,-0.00102275758,0.001063821154,-0.0008037861128,0.0002112641383,,-0.009413564858,,,-0.003394725682,-0.002550495862,0.0008235445507,-0.009094584105,-0.0002987199715,-0.00595733457,0.005232922823,0.007512440799,-0.002858357397,,,,,,,,,,,0.006919296012,-0.003115166915,-0.008525336353,0.003183846345,-6.41766395e-05,-0.01056401307,0.004271804798,-0.005704339996,0.003315408191,-0.003015668297,-0.01056530197,-0.009264953703,,-0.01205723445
1995-06-30,0.0001428941385,,,,,,-0.0003651222861,-1.325150686e-05,0.0003679407916,0.0001827496684,0.0005671262873,-0.000238898717,-0.0005989124026,-0.0002547336767,-0.0004984144147,0.000127563517,-0.0002630391464,0.0005093939821,-3.039443966e-07,0.0003474723738,0.001078680879,-0.0009258845399,,,3.981317019e-05,,0.0006072391191,-7.359406972e-05,0.001052794159,,,-0.0009597108802,0.00126088434,-0.000923558757,0.0003172972553,-0.0009411291596,0.0008973099488,-0.0001171200836,,,,,0.0006820555031,0.001150119112,-0.0007627463047,,-0.0006996772485,0.0003565531087,-0.001327814741,-0.0009101933319,,-0.0003335160534,,-7.825414608e-05,,,,,,-0.0009454930424,0.0006438149666,0.001340978375,0.001283415663,,0.0009970022159,0.001294652561,0.001269652507,0.0001856660478,0.001661129837,0.0004842552612,-0.0001173003357,,-0.0006328590322,,,-0.0003856360177,-0.0004773213625,-5.827077693e-05,-0.001432093144,-0.0001047358806,-0.001046208315,0.0007920686502,-0.0001828184732,-1.510755649e-05,,,,,,,,,,,0.00100339261,-0.0008171585807,-0.001018821998,-0.0009218547701,-0.000345835841,-0.001436044174,0.001529036054,0.0007846755625,0.001696491355,0.00122668805,-0.0009949321312,-0.00053163704,,-0.001159482118
1995-07-31,-0.0008464324444,,,,,,-0.001695042693,0.001156270234,-0.003367095815,0.001881096288,0.001133738267,-0.001539373901,0.0007514422169,0.002863477289,0.003959225753,-0.001317695768,-0.0006246958257,-0.0004413428518,0.0008394139,0.0002939495117,-0.0001362196316,0.002762135621,,,0.002457546832,,0.001776283639,0.001685279014,0.0001010203561,,,0.0009778408437,-0.001184369021,0.004841906673,-0.003703184213,0.005036485923,0.001105548232,-0.000622694198,,,,,-0.004496979546,-0.00103448103,-8.493121383e-05,,0.003805229639,0.001239559929,0.004619429598,0.004573833141,,0.005219573589,,-0.002723636725,,,,,,0.004672519572,-0.001476587856,-0.002239152694,-0.00219524769,,0.001890976902,0.001726908429,0.001994460997,-0.0002461556063,-0.001361915207,-0.0003017891806,0.0002128037464,,0.004450160997,,,-0.0002117977006,-0.00130458725,-0.001967299499,0.004347616831,-0.003770778953,0.001241392186,-0.004439083536,-0.003079806273,-0.003943682123,,,,,,,,,,,-0.003736456215,-0.004411310347,-0.004909729568,-0.005161787217,0.0003850191982,0.004909309294,-0.000979385751,0.002806098785,0.0002500911783,0.001692945762,0.004948785014,0.005032271548,,0.005136137084
1995-08-31,-0.0002164127676,,,,,,0.001061608918,-0.0002184509903,0.002811696957,2.495610434e-05,-0.001378295888,0.0007070222952,-0.001094461441,-0.001769077998,-0.003424140265,0.00178042624,-0.0004403555544,0.001031316548,-0.001926337062,0.0001813124114,0.00114225578,-0.00343389544,,,-0.002452034801,,-0.0009697992289,-0.001385514868,0.001075942675,,,-0.001490064935,0.001797790392,-0.003736938409,0.002738650152,-0.003871593588,0.0001557383782,0.0008231696858,,,,,0.003606533259,0.002311251905,-0.0009904219212,,-0.002156462357,0.001031241598,-0.002172223257,-0.002636243215,,-0.001680942377,,-0.0003326348649,,,,,,-0.002597137479,0.001564512359,0.002214998682,0.001826240953,,-0.001415797938,-0.00113770032,-0.0008019476981,0.0006732055679,-0.0009455233747,-0.002293773218,-0.000831889364,,-0.00221583257,,,-0.000400606655,0.000807334201,0.002058377162,-0.002442973344,0.002132389983,-0.001757849325,0.003460758516,0.00265920415,0.002660573057,,,,,,,,,,,-0.003798238542,0.00214106998,0.003408789996,0.002713190663,-1.270709677e-05,-0.002225470967,0.001875407191,0.0004847689622,0.001862925754,0.0009995814156,-0.003125944483,-0.003113063198,,-0.002502452887
1995-09-30,-0.001687329554,,,,,,0.001081302475,-0.0003227397489,0.0008105576145,-0.0001134074822,0.0005762938741,0.00133544455,0.0006569024417,0.0003671289085,-0.0009886354632,0.001355785846,0.0003848039569,0.001986392394,0.0001550391702,0.002176807713,0.0005366309723,-0.0007550226611,,,-0.001779698199,,-0.001313195802,-0.002570798298,-0.001272032575,,,-0.002420608642,0.0007633474618,-0.0006825009484,0.002280146993,-0.0007769237114,0.001645204965,0.00256867649,,,,,0.0009753784912,0.00100896263,-0.001114926853,,-0.001121568642,0.0017414305,-0.000463041873,-0.001252644863,,-0.000607387654,,0.0008498836913,,,,,,-0.0009272370432,0.002280829321,-0.0005819789208,0.003009646151,,-0.0003859988199,-0.0001735274748,-0.0002119694506,7.463024774e-05,0.0006773728269,0.002440131712,0.0002343878976,,-0.001150309339,,,-0.0005760653342,-0.001229676014,-0.001621425759,-0.0003591357043,0.0009818731943,-0.001251921942,-0.001256602815,0.001891839986,0.001763841198,,,,,,,,,,,0.000645650538,-0.0001670419122,-0.002510801961,0.000374236586,-0.0005797871553,-0.0005805403956,-0.0003467373234,-0.001500565846,-0.0003962762132,-0.0009317067816,-0.0008995063292,-0.001023301146,,-0.001142863161
1995-10-31,7.801841593e-05,,,,,,0.002093250696,0.0004113182799,0.004328930869,-0.00218523281,-0.00257801646,0.0009597994524,-0.0009031468376,-0.004266655814,-0.004771449169,0.0002164243727,0.0009456303964,0.002251381454,-0.00203423318,0.002121545868,3.512832462e-05,-0.00384175912,,,-0.003732746544,,-0.002648624135,-0.001884481916,-0.001433969663,,,-0.000583377748,0.001719719271,-0.005684711478,0.005511218722,-0.005914640459,-0.001691500237,-0.0003507851333,,,,,0.005953314629,0.002783495891,0.0007085557181,,-0.003439113613,0.0005158753297,-0.006947326521,-0.006758645743,,-0.006378735164,,0.00139296614,,,,,,-0.006790038878,0.003916379105,0.0005090466514,0.004423910812,,-0.0003459125416,0.0004167890112,0.0003184064812,0.001001941943,-0.0008189027104,-0.002079321978,-0.000602030111,,-0.006630704856,,,0.003987083437,0.002994518169,0.0003124402395,-0.00685109115,0.006106795185,0.003308660238,-0.002343619019,0.005207736583,0.005129686118,,,,,,,,,,,0.001703188655,0.005222042366,-0.002399006981,0.005482495186,-0.0006577586934,-0.007096332546,0.00337372834,-0.003424582343,0.003662568947,0.0004295132175,-0.00677972795,-0.005759409897,,-0.007794683728
1995-11-30,-0.001368959038,,,,,,0.001155733145,-0.001741188964,0.003525652942,-0.0003583109638,-0.0007852439899,0.0004353792491,-0.001468670826,0.001127976371,-0.003835161066,0.002625584838,-0.001149007076,0.003240343715,-0.00177022287,0.001706789308,0.001510149194,-0.002862158796,,,-0.002805075045,,-0.001250226291,-0.001708968601,0.001457719251,,,-0.001982624789,0.002116096778,-0.003237728077,0.003648203821,-0.003267848535,0.002048487953,0.002542295886,,,,,0.004116046676,0.004287653849,0.001592346595,,-0.003527809612,0.0001244549844,-0.0001361211418,-0.001762654609,,-0.001530177873,,0.002554919542,,,,,,-0.001660829992,0.001899649946,0.002581938065,0.001764072208,,-0.0003738307664,-4.228053136e-05,-0.0003358906761,0.001662603611,-0.0002489274844,0.002748059216,-0.0005845013884,,-0.0007585883798,,,-0.001602540056,0.0001545535737,0.0007537347988,-6.145108867e-05,0.002024532989,0.001956563174,0.002579314785,0.002272745454,0.00261992544,,,,,,,,,,,0.001156716142,0.002722815215,0.002832746994,0.003008863704,0.001544480039,-0.0001331548423,0.001683510729,-0.0005397294953,-0.001032173519,-0.001308917179,-0.003365177799,-0.001602021477,,-0.001334532312
1995-12-31,-0.001192144487,,,,,,0.0009067798288,-0.001358208241,0.003537866411,-0.00246596323,-0.000990716132,0.002189422771,-0.001823830993,-0.001182412395,-0.002811997093,0.002512426513,0.001538034596,0.001377705142,-0.001662760967,0.0006174594323,0.002924257617,-0.003159966584,,,-0.002031251807,,-0.002376319474,-0.001598334415,0.0008084933272,,,-0.001638559391,0.003012885689,-0.002703986368,0.002801567222,-0.002741266768,0.0003200137363,0.002623054039,,,,,0.002535209937,0.003187042271,-2.080498856e-05,,-0.002901092422,0.002401808943,-0.001746280526,-0.002110756476,,-0.001637275811,,0.0008633661953,,,,,,-0.002218643081,0.002776811196,3.963587261e-05,0.0006035758241,,0.001756340843,0.002303337296,0.002542472473,0.00147808151,0.0001480495128,0.001832329091,0.0001417103956,,-0.003131700558,,,-7.905274149e-05,0.001148863733,-0.001252811009,-0.00173392419,0.002898393446,0.001712169569,0.002558876857,0.002204652502,0.002478068465,,,,,,,,,,,0.001145233063,0.002478487737,0.002734975862,0.002374441501,-0.0004519534822,-0.001955219871,0.001584110263,-0.001272006254,0.002106886901,0.0006323191453,-0.002177636662,-0.003416779799,,-0.002303198466
1996-01-31,-0.0006363229989,,,,,,0.001497004163,0.0006376144721,-0.0003147323903,-0.0006125909035,0.001343218009,0.001281339155,-0.0009978405732,0.0001499794215,0.0008344764295,-0.0001475274843,-0.0001233355493,-0.000769723512,-0.0008432202111,-1.464112324e-05,-0.0003881215932,0.0002631964162,,,-0.000160866405,,-0.0003168377716,-0.000404449257,-0.001042167482,,,3.711768717e-07,-0.0004104200716,0.001454294018,-5.491351658e-05,0.001390875446,0.0007517812403,-0.000216808198,,,,,-0.001194611481,-0.000479332509,-0.0007881044456,,0.002159209104,0.0008356740418,0.001604863651,0.000888936436,,0.001053886809,,-0.00190027,,,,,,0.001078869074,-0.001540817816,-0.001348577098,-0.001217940782,,-0.0001267136845,0.0004635856511,-0.0001360231635,-0.004125242101,0.001472270151,-0.001611994958,0.0001613315625,,0.001335824212,,,-0.001028190981,-0.0005484334639,0.0003062256288,0.001384253436,-0.001193400169,-0.0004580867009,-0.00149104791,-0.001644600336,-0.001448956649,,,,,,,,,,,-0.0007566449932,-0.001128455919,-0.001139436925,-0.001165971384,-0.000801447079,0.001606955346,0.000281998191,0.0006028347665,4.231977542e-05,0.0003538903398,0.001289735519,0.0007208999899,,0.001262424348
1996-02-29,0.00385956778,,,,,,-0.0008706185997,0.004978478599,-0.00401932199,0.001272704083,0.003605050463,-0.002675236664,0.001499363598,0.004033032421,0.009000798347,-0.004748609871,-0.001097977057,-0.004554471911,0.004103701796,-0.004882146566,-0.005718945158,0.007238294484,,,0.004175953481,,0.001796545219,0.001593805756,-0.001134463788,,,0.004486034942,-0.007280315425,0.008930770112,-0.007162430402,0.008884538625,0.0007891458652,-0.004179735461,,,,,-0.008777893164,-0.005860054014,-0.001833462747,,0.00707497671,-0.001195060358,0.006600440575,0.008269967342,,0.008218819801,,-0.006394357546,,,,,,0.009003616501,-0.005843229689,-0.005851347858,-0.004752428619,,-0.0002924934109,0.001961228845,0.003697287893,-0.005408933744,-0.003365454691,-0.0005647145322,0.0007972700809,,0.007784875435,,,-0.005049985038,-0.001808228778,-0.0004397594045,0.006400240487,-0.008366599919,-0.00737617793,-0.006805404907,-0.008743299105,-0.008805139483,,,,,,,,,,,0.003410247703,-0.00853439489,-0.008420243082,-0.008757579751,-0.0006487251147,0.006871257813,-0.00113453746,0.004719459923,-0.001412469972,0.003011686566,0.008738569098,0.008706790185,,0.009269551828
1996-03-31,0.0008739972278,,,,,,-0.0003274637845,0.001996839115,-0.002823615528,0.0009307735577,0.004148814356,0.0006793007414,0.0005901399769,0.00309059549,0.005808965257,-0.002415998408,-0.0002915027673,-0.003145064967,0.00206722197,-0.002115032217,-0.002262762204,0.004820513853,,,0.002297360112,,0.002313756765,0.001243953754,-0.0001398505783,,,0.001250059962,-0.003855838869,0.005579027543,-0.004850335913,0.005568255906,0.003424511491,-0.001229001768,,,,,-0.005537342931,-0.003441442422,-0.0007535297797,,0.005617896095,0.000712636868,0.004324737264,0.005907550899,,0.00623899084,,-0.003070605794,,,,,,0.006199648281,-0.002569470925,-0.002316146557,-0.002545234783,,0.000195707397,0.001073059004,0.001319221172,-0.002264409438,0.0004346713232,-0.002066244539,0.0009430624494,,0.005118709975,,,-0.005746013872,-0.001524278942,-0.001265199198,0.004036206584,-0.006394822371,-0.003638019705,-0.003051763703,-0.006697483424,-0.00626545242,,,,,,,,,,,0.003289887636,-0.005870817984,-0.0045958921,-0.005851518003,-0.0002844045299,0.004407788676,-0.0007238831148,0.003203602707,-0.0009549448289,0.002524232769,0.005822375112,0.006209987224,,0.006751425296
1996-04-30,0.0004474901481,,,,,,-0.0007112594863,0.004062637004,-0.002868622776,0.002346024775,0.00213028926,-0.0004531049491,0.00136255644,0.001929054782,0.00470105272,-0.002086949404,0.001059082869,-0.002900395573,0.00320645268,-0.002340021122,-0.001178741487,0.002008399984,,,0.001284649537,,0.001712732441,0.001333798096,-0.0009120103483,,,0.003092934867,-0.001542914661,0.004181789415,-0.004495155592,0.004221024759,0.001259829877,-0.003360447032,,,,,-0.004545066818,-0.004232466711,-0.0003626460709,,0.004317886719,1.424820852e-05,0.001621456278,0.005130806419,,0.005467743984,,-0.0006332840682,,,,,,0.004033880061,-0.003649113021,0.0004372869521,9.053106993e-05,,0.001173728268,0.002566263341,0.002350830798,0.0009412334816,-0.0010196324,-0.001531943343,0.0008590875418,,0.003591457736,,,-0.004028533137,0.0004023342147,-0.001704766424,0.00151164446,-0.004760606057,-0.002848829451,0.001521466069,-0.001344669598,-0.002477579209,,,,,,,,,,,0.003219808994,-0.004332184583,0.002180702709,-0.004093052961,-0.0002490256835,0.001770401848,0.0003507389078,0.003420340799,-0.001157419361,0.0009093078301,0.004357479252,0.003746694658,,0.005080731555
1996-05-31,0.001271366223,,,,,,-0.0001260010234,0.001970576805,-0.002073023505,0.0007227770015,0.001102042037,-0.0007298387039,0.0006902958865,-3.773645278e-05,0.002845418785,-0.001315926577,0.0008766507464,-0.001776166159,0.002298330226,-0.001361999226,-0.0005441171091,0.002404960563,,,0.001377570003,,-0.0005855476193,-0.0005218861623,-0.001172104112,,,0.001144519623,-0.001427112481,0.002289728427,-0.002424333773,0.002376290787,0.000520070743,-0.001764268375,,,,,-0.002635547421,-0.0022101114,0.0005193112173,,0.001744115205,0.0002675300348,0.0008237580288,0.003595224813,,0.003502438786,,-0.0007487854753,,,,,,0.002309096439,-0.001156078228,0.001045483788,-0.0005164824416,,-0.001731278011,0.0008148756941,0.001853870947,-0.002504559156,-0.002066375226,-0.001013496133,-0.0004216237988,,0.002322919322,,,-0.002094474396,-0.0007302724049,-0.001372895875,0.0008075871857,-0.002049105477,-0.001365820066,0.001438974766,0.0003805265025,-0.001139095249,,,,,,,,,,,0.001629100144,-0.00187124597,0.002253352965,0.001717462313,-0.0007054994142,0.0008826841595,0.0006800109852,0.002289550184,0.0002500736718,0.001396519339,0.002660382146,0.002211530422,,0.002987817629
1996-06-30,0.0006855684307,,,,,,-0.001188434472,-0.0007699035126,0.001073554928,-1.558485183e-05,-0.002030638865,-0.0007817954771,-0.0001390503654,-0.0009947766142,-0.0027490363,1.479057511e-05,-0.001900988178,0.0006496792526,-0.001232982523,0.0007151888453,0.0005676526072,-0.002202399307,,,-0.001151726619,,-6.190281115e-05,-0.0001409611372,0.0007647984447,,,-0.001021587389,0.001758927016,-0.002399723344,0.001730759328,-0.002513225424,-0.001184166693,0.0002965560034,,,,,0.002598684243,0.001295916648,-0.001663834256,,-0.0008423091536,-0.0003215865267,-0.001726298346,-0.000286209194,,-0.0002762138303,,-0.002332497586,,,,,,-0.002634182319,-0.001716978949,-0.001273856454,-0.00171115948,,-0.0008418385772,0.001129369404,0.001109949506,-0.0007495036633,-0.001184360202,-0.0007936927392,0.0002474934138,,-0.001886085799,,,0.001724584296,0.00223386763,0.001912352946,-0.001874299545,-0.001356126339,0.001072933032,-0.001752879167,-0.002086313214,-0.001739644584,,,,,,,,,,,-0.00127866108,-0.0005360883374,-0.002609004009,-0.002470694408,0.0006297994179,-0.001591991486,0.000564232137,5.663653883e-05,0.001552659327,0.001234385585,-0.002340445449,-0.002479318582,,-0.0009353794483
1996-07-31,0.000140359461,,,,,,0.0002311094444,0.0005131953874,0.0003328587878,0.0005610706587,0.0002108458814,0.0002770006472,0.0003481135398,-0.0005146428332,0.0004360889594,-0.001003754364,-0.0001727175445,-0.0005739359079,0.0003915866142,-0.0006774954628,-0.0004598091473,0.0005682841079,,,0.0003521060287,,0.0001686694615,0.000132599968,9.523851456e-06,,,0.0007989747793,-0.0008990759819,0.0001650698878,-0.0004018215214,0.0002752207978,-0.0002426375809,-0.0002371797931,,,,,-0.0004399042993,-0.0009207655785,-0.0004242510516,,0.0007876314857,-0.0002093966684,0.0002104811725,0.0002422087585,,0.001260190934,,-0.0005098746577,,,,,,-8.922690397e-05,0.0002613484082,0.0003423953328,0.0001858349789,,0.0003518990742,0.002634831033,0.00208483681,0.001059978934,-0.0007554018981,-0.0004685963362,9.640680148e-05,,-0.0002650245783,,,-0.001191404465,4.641077104e-05,-0.0002828140433,0.0001331481698,0.0001023684709,-0.0001849218603,0.0004689397472,0.0001278691563,0.0002856383595,,,,,,,,,,,-2.178579328e-05,0.0002436855602,5.027452141e-06,0.0001352836538,-6.391380117e-05,0.0003007727777,0.0007130007101,0.0005217294867,0.0003943253009,0.0003695690349,-0.0001735187101,-8.669472876e-06,,0.001154308276
1996-08-31,-0.0008706648733,,,,,,0.0005179396741,0.001404929369,-0.0009471461489,0.001339781163,0.002654445584,0.0005822526015,0.00031747963,0.002671046831,0.003497922611,-0.0005513600151,0.0006440512136,-0.001093216387,0.00123294369,-0.0009509776194,-0.0007190689667,0.003193066686,,,0.001157489402,,0.001134109661,0.0009474566073,0.0011118639,,,-0.0006711341631,-0.002295625543,0.003623207158,-0.002719823737,0.003655287083,0.0013858944,-2.675078244e-05,,,,,-0.003149558894,-0.001095527938,0.001292895745,,0.001433227968,0.000684873689,0.004096743879,0.003089456203,,0.003991847413,,-0.0005224839095,,,,,,0.003836021205,0.001161478179,-0.000717132318,0.001127785001,,0.0004623727205,-0.001619822262,-0.0004157937455,0.0005761647728,0.0002783233322,-0.0003563169772,-0.0003232162928,,0.003900263027,,,-0.00184434376,-0.002087281962,-0.002233754673,0.00378714322,0.0003694149677,-0.002841210746,-0.0008628812725,0.002511553777,0.002344393203,,,,,,,,,,,0.0003711952532,-0.0003601522496,-0.0001128947355,0.003024391647,0.0002197291374,0.004277787417,-0.0003933034414,0.002395595007,-0.0002101525497,0.001891839831,0.004071918899,0.003952903556,,0.004460035047
1996-09-30,-0.001881914007,,,,,,-0.002031343386,-0.001573871051,0.001929647014,-0.001278261871,-0.0002978123126,-0.0007037099147,0.0004070590396,0.0001296772754,-0.003641336225,0.0003823458065,-0.000848735445,0.0009617965682,-0.0009933322205,0.001075729161,0.002746781463,-0.0028946131,,,-0.002660926504,,-0.001307133053,-0.001141165055,-0.0006773567031,,,0.0006628320275,0.003605813068,-0.002672141898,0.001880728621,-0.002612135433,0.0008801419379,0.002418054404,,,,,0.002636662672,0.003046318626,-0.001777946532,,-0.003008336156,0.002237000387,-0.0008852659085,-0.002774952163,,-0.001037256268,,-0.002233997494,,,,,,-0.001756178605,-0.0006242832547,0.0008864018017,-0.0007299022815,,0.001455041937,0.0007109685385,0.0004406364949,0.000574536753,-0.001712928442,0.0001066257654,0.0007195631971,,-0.0007194387306,,,0.002036381907,0.001161502008,0.001306096841,-0.0005763301871,-0.0008998135067,0.002965734347,0.002093464006,-0.001185860389,-0.00165909202,,,,,,,,,,,-0.002429081072,-0.0003233753923,0.00206249117,-0.001830759485,0.0007214992734,-0.0008778925796,3.226302511e-05,-0.001150972203,0.0005549878473,3.846357323e-05,-0.000981245472,-0.001797827502,,-0.001041666324
1996-10-31,0.0008589689583,,,,,,-0.001890273167,-0.001973261857,0.002335988572,-0.0004311740176,-0.003634196867,-0.002311374226,-0.002882881274,-0.00349029216,-0.00490047482,0.001031648918,-0.001692305092,0.001660976303,-0.002382861737,0.001519528196,0.00330883326,-0.004526004505,,,-0.001603688679,,-0.002529790297,-0.002723938015,-0.001699324736,,,0.001073352057,0.003467959106,-0.005566006014,0.004349298431,-0.005616957235,-0.002054445634,0.003559569562,,,,,0.005497695928,0.003564300574,-0.002380594148,,-0.004075113124,-0.0006859698496,-0.003937214937,-0.00366876407,,-0.00333411698,,-0.0001054253943,,,,,,-0.004867991739,-0.003528864945,-0.002214134958,-0.001475327372,,0.003015877119,0.001881991222,0.001340458105,0.0003142318508,0.0003147666259,-0.001005907795,0.001008629965,,-0.004313929418,,,0.004271148203,0.004670116598,0.003243316748,-0.003549890041,-0.001801173523,-0.00053550811,-0.003298898696,-0.002372751689,-0.003334423546,,,,,,,,,,,0.003044821119,4.348581519e-05,-0.002597648752,-0.001921913144,-0.0001883927159,-0.004427035472,0.001329939528,-0.001390065789,0.00139947864,-0.0002681595384,-0.004763599639,-0.004620926757,,-0.003721040009
1996-11-30,-0.0005506297207,,,,,,-0.0001181038976,-0.004031517355,0.003843713668,-0.0007486179285,-0.003506376498,-0.0008048749483,-0.001306086,-0.002548227407,-0.005194026166,0.003007862396,-0.001068706472,0.003512636854,-0.0034570758,0.003403172459,0.003173747991,-0.00445025395,,,-0.001378017252,,-0.001296705752,-0.00141966381,-0.0001178818836,,,-0.0003990506941,0.003388855543,-0.005444756374,0.004835217418,-0.005447398067,-0.001738801885,0.002377334626,,,,,0.005384353109,0.003273388832,-0.001115563173,,-0.003564272234,0.001280191409,-0.003683418668,-0.004456706556,,-0.00310039277,,0.001519760364,,,,,,-0.005069142782,-0.001472358584,0.002009025826,0.0006957639542,,-0.001070978258,-0.002164314178,-0.001112178733,3.192133694e-05,0.000894492944,0.0008111897769,0.0001207971032,,-0.004607120604,,,0.003259894076,0.00314024312,0.003441488441,-0.003245453482,-0.003870875971,-0.002126528596,0.0002176566988,-0.001527580813,-0.004563033704,,,,,,,,,,,0.003478128814,-0.003755742599,-0.004937171121,-0.003037739755,0.0006674939213,-0.003556219805,0.001384645375,-0.001733962187,0.001471523334,-0.0007169665893,-0.004735582902,-0.004938371319,,-0.00391194299
1996-12-31,0.0009445791446,,,,,,0.0004357822697,0.003201029733,-0.003229868893,-0.0009289103442,0.00215999511,0.001625768798,-0.001189494666,0.001091579377,0.004053250914,-0.00164187876,0.001247598943,-0.002041965392,0.002859736076,-0.002074883817,-0.002872811076,0.003403847398,,,0.001539519919,,0.0005093142423,0.0006943734889,-0.001372312824,,,0.001621206345,-0.00265190251,0.004004706715,-0.00386896762,0.004104194718,0.0009424749949,-0.002874697932,,,,,-0.004328787264,-0.002791395209,0.001019648828,,0.002771535362,-0.0001384138208,0.001783694392,0.003291547814,,0.004316150354,,-0.003635479009,,,,,,0.002952223605,0.001490485075,-0.002915814006,-0.002902917898,,0.002207547171,0.0008511198675,0.0003391813366,0.0008554785944,-0.002125804704,-0.001474621352,0.0007028133078,,0.003288251806,,,-0.001244875437,-0.001040994921,-0.002767173079,0.001834129719,0.002962142594,0.003230402357,-0.003724893451,-0.003596553088,0.001543014043,,,,,,,,,,,-0.003624318005,0.002677211249,-0.004090803014,-0.003654501699,0.0008071929928,0.001833859726,0.0002503507001,0.002187759227,0.0003937574211,0.002014887045,0.004010013034,0.002686116083,,0.004352171636
1997-01-31,-0.001678081972,,,,,,0.0007619881661,0.001057562836,-0.001053904598,0.001956181023,0.001986341417,-6.989420685e-06,0.0003904479717,0.001745668519,0.002134373104,-0.001316624376,-0.0005961159739,-0.0006446977045,0.0006561584471,-0.0006272792607,-0.001048747575,0.001462750092,,,0.000154709342,,-9.079754583e-05,-0.0004390069967,-0.0002697159994,,,0.001120689721,-0.001145943345,0.002596393848,-0.001355249883,0.002681897248,0.00130591218,-0.001052751699,,,,,-0.002137914681,-0.0006165370217,-0.0001226939468,,0.00149372246,-0.000157469746,0.00447753444,0.001570474046,,0.001904004935,,-0.0001438538747,,,,,,0.002443825751,0.001383636393,-0.0001987620936,0.0003443806451,,-0.0001763060522,-0.0001227554891,-0.0005016646068,0.0003653047724,-0.0009359420434,-0.0003163076439,0.001121104043,,0.002407694894,,,0.0001632736027,-0.0005534177121,-0.001026386298,0.004419574832,0.002206103319,0.001818190376,-0.001592746664,-0.0002063332929,0.0002727624117,,,,,,,,,,,0.001965329409,0.001967750033,-0.002471249565,-0.001854321996,-0.000304374076,0.003487248682,-0.0003962883816,0.002483954852,-0.001257333732,0.0009386753169,0.002366670459,0.00234044565,,0.002755338322
1997-02-28,-0.001911635024,,,,,,0.0009461201114,0.0001064110884,-0.0001005902921,-0.0002523908815,0.001783846159,0.001596042276,0.00112622407,2.823679223e-05,0.001361732581,0.0007438246888,0.0002854730133,0.001445064962,-0.001575211266,6.484374931e-05,-0.001318082556,0.001220432285,,,-0.0002852446422,,0.0005785198256,0.0004390517456,-0.0003949515991,,,0.0007725469027,-0.0005349312168,0.001359786564,0.0009623595898,0.001246119779,0.001160921764,0.0003721714874,,,,,-0.001056944507,-0.0001715847094,0.001059665317,,0.0002287409986,0.001473684712,0.001729176818,0.001667600933,,0.002984441116,,-0.001507311109,,,,,,0.001036144033,3.256064202e-06,0.001539417128,0.0002697990066,,0.001839491348,-0.0005652755847,0.0004671516782,-0.0002994589128,-1.764360633e-05,0.0004625975067,-0.0009918812758,,0.001565306071,,,-0.0006999981195,-0.001168965206,-0.0005656555185,0.00152735201,0.0001736357722,-0.0005580713833,0.001999350297,0.0004721853307,-0.0004464672501,,,,,,,,,,,-0.0008713011003,-0.001074492823,-0.001795118099,-0.00160972277,0.001334869915,0.002212871975,0.001441306615,0.00251480045,0.0003783336195,0.0015907047,0.002521893093,0.001362872358,,0.002838211197
1997-03-31,0.002443811769,,,,,,0.0003450614151,0.004827260079,-0.003051700208,0.002440606987,0.003056682138,0.001226949479,-0.001254392474,0.003400071683,0.004110060374,-0.001307124787,0.0006752578941,-0.003880785243,0.00382255613,-0.003644893899,-0.003069458157,0.002372290041,,,0.0002320819755,,0.001089776814,0.001695259182,-0.001977866371,,,0.001559607944,-0.002400030823,0.003588936076,-0.003391550922,0.003652616532,0.002341722844,-0.002748884931,,,,,-0.004239534671,-0.002122601433,0.001417050626,,0.004216315957,-0.0005339148626,0.0007503381905,0.003488300968,,0.004595801528,,-0.005848387144,,,,,,0.002863968695,0.001183415145,0.002145775803,-0.002278077975,,-0.002944838746,-0.001051865841,-0.002599227752,-0.00270606258,0.000234439933,0.002274527691,0.0006479146371,,0.001722327494,,,-0.002708294485,-0.001040776651,-0.003608493904,0.0006649395203,0.002351872543,0.005015688567,0.002424774697,-0.003229047129,-0.001969601114,,,,,,,,,,,-0.001335372764,0.001107100476,0.00398022392,-0.002718268984,0.0002448563345,0.001940110344,0.001245635511,0.002966301896,0.0006749958299,0.002121383257,0.004657132748,0.001992159258,,0.004235348352
1997-04-30,0.000910735963,,,,,,-1.405757776e-05,-0.001728788058,0.001770628243,-0.0008673899276,-0.001850352454,-0.0004023222723,-0.001304071342,-0.001276677617,-0.003078915115,0.0005404819981,-0.001449547721,0.001001735736,-0.002551116568,0.001256187517,0.0002719153011,-0.001491320986,,,-0.0006304373222,,-0.0003816792657,-0.00070265102,0.0007580022025,,,-0.001406819468,0.002446681523,-0.00332599959,0.002891368875,-0.003402985024,-0.001012396165,0.002634831204,,,,,0.003522763435,0.002570183594,-0.00113300315,,-0.002525740524,0.0001588154234,-0.003387114092,-0.002587304424,,-3.632286964e-05,,-0.002575376904,,,,,,-0.003101211759,0.0005188429537,0.001604205227,0.00207330365,,-0.0007936007456,-0.002174875707,-0.001093095574,0.001007906184,-0.0003916106357,0.001574080959,0.001387835105,,-0.002500037475,,,0.002352392039,0.002326782358,0.00203943936,-0.003114516864,-0.0007684546467,-0.003202242676,-0.001804847857,0.001065681234,0.0006129678199,,,,,,,,,,,-0.003477674616,-0.001987677459,-0.002495730601,-0.0004041351118,0.0003703465654,-0.003547113636,0.001818479411,-0.0001771037156,0.002745540404,0.001509572385,-0.003373594999,-0.002910108212,,-0.001098153216
1997-05-31,-0.001786123289,,,,,,0.0008552069113,-0.000224093269,0.0007104339332,0.0005999352293,0.0006847333552,0.001869994676,0.0005410360532,0.0002745111273,-0.0007038439751,0.0007640385119,-0.0002294545548,0.002198582438,-0.002417185742,0.001914479602,0.0004549818504,-0.0005203082883,,,0.001253612296,,0.001375649484,0.0006192426052,0.001066248714,,,-0.002122161856,0.001116519461,-0.0004322691457,0.000660488018,-0.0005134634566,0.0004687986125,0.0001900078962,,,,,0.0007264045533,0.0008378638417,0.0005420044032,,-0.001532885539,0.001753660863,0.0006728458961,-0.0005366385393,,0.001965090483,,-0.001932279005,,,,,,-0.000189774702,0.0002507539458,-0.0008469950533,-0.00112995964,,0.002871895476,0.001232633102,0.001848685037,0.001454847024,-0.002267212535,-0.00279200982,-0.001031508143,,5.427120252e-05,,,0.0007349593149,-3.663942056e-05,-0.0003155552967,0.0006899194414,-0.0007614722019,-0.0006024217531,-0.0004201219399,-0.0005222934224,-0.0002073044503,,,,,,,,,,,-0.0004869083179,-0.001098370502,-0.0004861002255,-0.001294697542,0.0005526742357,0.0009227039516,0.0008602855874,0.0003281687784,0.0005890273699,7.477436319e-05,-0.0001213994343,-0.0001473325361,,0.001633512147
1997-06-30,2.233574801e-05,,,,,,0.0003570709186,-0.001728578997,0.002603776994,-0.000813237988,-0.000630592536,-0.0001284700311,-0.0003402504889,-0.0005895647575,-0.002269718391,-0.0005939414353,-0.001287814981,0.001810876391,-0.002062727409,0.001946273455,0.0002709634152,-0.002318306413,,,-0.001265915742,,0.000586889471,-0.000156259522,0.000626596193,,,-0.0006430952077,0.002166932193,-0.002006671845,0.001502927628,-0.002004291075,0.0001737519987,0.002108566315,,,,,0.001814543474,0.001993535502,-0.0005115615622,,-0.002778146948,0.002035502014,-0.001256553169,0.0001457956505,,0.001743648143,,-0.002087042337,,,,,,-0.001491388838,-0.000271832779,-0.002299185845,-0.00175218276,,0.005929012168,0.005909080647,-0.002996829011,0.00672994321,-0.001899752389,0.002348550812,-0.0004796025585,,-0.0003436782653,,,0.0004422039707,0.0009451249794,-0.0005941043118,-0.001068467259,-0.0005231497604,0.0006697336231,-0.001506892498,-0.001740059302,0.0004016106994,,,,,,,,,,,0.0005325742359,-2.028373881e-05,0.001682749297,-0.002660212914,0.0005982198832,-0.001362840931,0.002132230483,0.001931407206,0.001175979939,0.0008325715779,-0.001576166586,-0.001485717795,,0.001579295374
1997-07-31,-0.001844002727,,,,,,0.0007155766017,-0.003266347495,0.004797891524,-0.002295046885,-0.004776223567,-0.001172661912,-0.002801247513,-0.003335013039,-0.007868070219,-0.001479840174,-0.002162153626,0.001393713128,-0.005061770949,0.001944930807,0.001804113836,-0.006043706768,,,-0.003485045465,,-0.0007193223481,-0.0005000704516,-0.001254106098,,,-0.004117908716,0.006741408217,-0.007167844595,0.00626141379,-0.007760045208,-0.0007390511369,0.005016001468,,,,,0.007206733512,0.005883060558,-0.002400364078,,-0.005617259042,0.001749877583,-0.004267525983,-0.00393553338,,-0.002418507126,,-0.001256480339,,,,,,-0.006743575008,0.002994057756,0.002176013779,-0.001822395328,,0.002012338232,0.001514063647,0.001487840654,0.003443007541,0.00478586846,0.006689580107,-0.000784802865,,-0.00458710816,,,-0.00158902042,0.005830165168,0.00193946864,-0.004041129017,0.003732112182,0.00617940848,0.00557768566,-0.002931303809,0.003522243809,,,,,,,,,,,0.004787365825,0.0006760360688,0.006705963838,-0.004776036167,0.001602768409,-0.004462781404,0.00242209404,-0.001348306397,0.002450471429,0.0001933673373,-0.006459565483,-0.005867378058,,-0.003936738296
1997-08-31,0.0002574009629,,,,,,-0.002446489724,0.002189547183,-0.004114438135,0.002249922105,0.00513619238,0.0007070287042,0.001736416208,0.000800395123,0.006376182416,0.0001876560945,0.001289312275,-0.001315319199,0.002706886142,-0.001828883847,-0.002993938458,0.003606845891,,,0.0006953531445,,0.002145841153,0.002309128362,0.002512704363,,,0.003788222568,-0.004138146438,0.006290158904,-0.005727933561,0.006082543786,9.726172397e-05,-0.003721553037,,,,,-0.005643663474,-0.004790706634,0.001863524476,,0.004194159362,-5.069312358e-05,0.003099363668,0.003283038557,,0.004078964226,,-0.004651155295,,,,,,0.004965689774,-0.0008004464613,-0.002965553857,-0.0003980268688,,-0.001507344992,-0.0009000307464,-0.0007631659385,0.000593088321,-0.002073637276,-0.001770149759,-0.000161643604,,0.003640431273,,,-0.001185018957,-0.003085394783,-0.0004466043609,0.002992678094,-0.001893958306,-0.001904811823,-0.002988797709,-0.001535000917,0.0004067749213,,,,,,,,,,,-0.006076734192,-0.0009978435515,-0.001875401009,-0.000579022249,-0.000382491096,0.003449014344,-0.001214524079,0.002958770198,0.0006437233098,0.002046561941,0.005107516955,0.00466095467,,0.004721375012
1997-09-30,-0.001675025704,,,,,,0.0005040720763,-0.001626306293,0.001733605481,-0.0003844309852,-0.001915298836,-0.001196755448,-0.001198721667,-5.56852775e-06,-0.002925818678,-0.001525310036,-0.001962253697,-1.535447195e-05,-0.001595414107,-7.756574728e-05,0.001687955367,-0.002545276334,,,-0.001874309693,,-0.0001802254119,-0.0007910372754,-0.001753648774,,,-0.001184531327,0.003432108711,-0.002384118803,0.001596938392,-0.002506806232,0.0008734703601,0.003136762208,,,,,0.00239229921,0.0032393607,-0.002435553447,,-0.001807896883,0.001680221036,-0.0007762306828,-0.0007948651061,,-0.0002742443414,,0.0008564230423,,,,,,-0.002016841449,0.003113528007,0.003363498242,0.002520433807,,0.0003109486187,8.855110231e-05,0.00044531845,0.0003818214478,0.001199890022,0.0007623416902,0.0003821495721,,-0.001136820561,,,-0.0009434283982,0.001194010223,-0.001055971929,-0.0006474204697,0.002134949328,0.001682398392,0.002985969202,0.002661978222,0.001957926202,,,,,,,,,,,-0.003364530163,0.001377488293,0.002392772139,0.001940838127,0.0005121846777,-0.0004325993881,0.001576029347,-0.0002758378283,0.0003785547996,-0.0003053058434,-0.002064533497,-0.001885865628,,-0.001001013154
1997-10-31,0.003912904322,,,,,,0.002539004005,-0.001950772955,0.004309331095,-0.002392258424,-0.005538211217,0.0002853822097,-0.002441193939,-0.003991577062,-0.006118174809,0.0002633176188,0.0002806996062,0.001642763107,-0.002480378656,0.002400928744,0.003578313613,-0.004643944158,,,-0.002101626365,,-0.0006833173148,-0.001515060802,-0.001214748122,,,-0.003797331664,0.004079207087,-0.007148056386,0.005861764702,-0.006930743927,-0.00260468539,0.001953650899,,,,,0.006352311663,0.002953380605,-0.0002323147839,,-0.005780842125,0.0004174647034,-0.009235964777,-0.004730909445,,-0.0037923555,,0.00197979441,,,,,,-0.006892988768,0.002832232226,0.00117270525,0.002203446441,,0.002607954119,0.002348189477,0.001232390904,0.001870227237,0.001740306078,0.002889785151,0.001148952547,,-0.006685915939,,,0.0006086979179,0.002995487936,0.002000632492,-0.009219893271,0.004230178593,0.003670954864,0.004130730202,0.005159860505,0.002209821114,,,,,,,,,,,0.0009847693744,0.003736475639,0.005259009397,0.005206010692,-0.001904119786,-0.009470306153,0.003660777461,-0.002304471053,0.004026405071,-0.000847688349,-0.006937817936,-0.006498509587,,-0.00581248218
1997-11-30,0.0007746914775,,,,,,0.002472712246,-0.0008971335295,0.0001800533954,0.0006633201952,-0.001314505525,-0.0005505893054,-0.001172776334,-0.001388388937,-0.00168965911,-0.001516310955,-0.001338157023,0.0008310312024,0.0007501466432,0.0005900060051,0.0005613257584,-0.001333323088,,,-0.003357827671,,-0.0008949672535,-0.001105100113,0.0005824980321,,,-0.0003641966233,0.001201638341,-0.001410327324,0.002224750247,-0.001442470584,0.0001430371169,0.001758399617,,,,,0.001444380285,0.001774918066,-0.001735704144,,-0.001392087616,0.002213108044,-0.003612025076,-0.0007843353809,,0.001392070529,,-0.002080336225,,,,,,-0.0022621309,0.001434716615,-0.0009939533617,0.000505590973,,-0.001791549775,-0.002492507804,-0.001573947022,-0.001893587978,-0.0007321093609,-0.0006165327456,-0.0001529261746,,-0.003179628287,,,0.0006679470598,0.001881597467,0.001798224135,-0.003644467718,0.001555880831,-0.0002125878914,-0.001797987337,0.001311372822,0.0006636982407,,,,,,,,,,,-0.001580674966,0.0001919555658,-0.001705870445,0.0009208162734,-0.0003337690979,-0.00340895411,0.003958414075,0.001641467278,0.004710828308,0.003537882903,-0.002069761482,-0.002536242491,,-0.0007005526077
1997-12-31,-0.0001178036931,,,,,,0.0007066844968,-0.0005514594626,0.00171503916,0.0007335708674,-0.0009225926353,-0.0003454144768,-0.0007290194748,-0.0008940366432,-0.002480989029,-0.0003038316578,-0.00021619139,0.001060745977,-0.001806942648,0.0009719977121,0.001181915881,-0.0004081710487,,,-0.0004346898175,,0.001064590735,0.0001832605473,0.0008019463649,,,-0.001241242753,0.002135308535,-0.002128762118,0.002047669254,-0.002138247005,-0.0001163034899,0.002030198821,,,,,0.002154231663,0.002309510646,0.0003272926522,,-0.001985719059,0.001405102538,-0.001697077203,-0.002711608089,,-0.0009250500987,,-0.001503853943,,,,,,-0.001758779762,-0.0004696407187,-0.0008726926604,0.0006018924198,,0.0007982769447,0.001050175078,-0.00030844735,0.0005603159173,-0.0007158119982,0.0004232080662,-0.0008772852201,,-0.001301480736,,,-8.909908218e-05,0.0005152210389,0.0006547627811,-0.001662911185,0.001523728829,-0.0009060203836,0.001070274361,0.001047835134,0.001572050673,,,,,,,,,,,-0.0006116559719,0.001300907972,0.002223000307,0.002205111537,-0.0001361143886,-0.001616303425,0.001362369871,-0.0007589624902,0.001957701449,0.00103867953,-0.001820715785,-0.001772258896,,-0.001339142715
1998-01-31,-1.575345733e-05,,,,,,-0.0006980640841,0.001047776902,0.001198958744,6.063059786e-05,-0.001101173401,-0.0004015985548,-0.0008843777464,-0.001513451603,-0.003042112388,0.0004440225753,0.0008510408863,0.001418440187,0.0009301469515,0.001137968312,-3.176483158e-05,0.001121005586,,,-0.0002918767842,,0.000383924677,0.0008121629776,0.0001939190753,,,-0.000983517996,0.002069045835,-0.002903893217,0.002433322672,-0.00283772437,-0.001218033259,0.0008866069532,,,,,0.00312532557,0.0009281149641,6.633300479e-05,,-0.001352100725,0.002380831089,-0.002864982777,-0.004031400406,,-0.003416944286,,-0.001133210601,,,,,,-0.002008426174,0.0006092937483,-0.001175041484,-0.0009068381586,,0.001053600371,0.00104867895,0.0002854563022,0.001284729834,-0.000586816054,0.0009968425308,0.0009514175811,,-0.001963319736,,,-0.001953774063,-0.001561732853,0.0001481538271,-0.002736031565,0.001442265757,0.000608461718,0.001688738322,0.0009001388024,0.002221317792,,,,,,,,,,,0.0009213638519,0.000744011897,0.002513527433,0.002409305178,-0.00107437631,-0.002850624897,0.0001946694622,-0.002316512242,0.001017372317,-0.0009824728221,-0.001681947089,-0.002373943631,,-0.003699867334
1998-02-28,0.000186927436,,,,,,-0.0005991005922,-6.417017937e-05,-4.980197257e-05,0.001044403362,0.001317849749,0.0007414357786,0.001005685448,0.002914363661,0.001088593208,0.0005775878708,2.578670599e-05,0.001473643268,-0.0009789269766,0.002315177701,0.002327110392,-0.0001166486249,,,0.001950087318,,0.00102321749,0.00105272449,8.514317208e-05,,,0.0007492722821,-0.0007661672507,0.001053889112,7.580894483e-05,0.001084978384,0.001586698706,0.0007726888995,,,,,-0.001119786043,0.0005380711304,-0.001153007004,,0.0007964231476,-9.086215913e-05,0.001123742314,0.0008184430918,,0.003595584108,,-0.002736934356,,,,,,0.0008370259864,4.776581737e-06,-0.001188871453,-0.0004459241463,,-0.001282906118,0.0004775036464,0.0001184523549,-0.0002168097475,-0.001825508239,6.93931442e-06,-0.0001546652618,,0.0006573551931,,,-0.0003907187811,0.0002411286514,0.0002938424522,0.001461115613,-0.001644608043,9.639094943e-05,-0.001832699771,-0.002336165073,-0.001821202325,,,,,,,,,,,-0.002447556831,-0.001166124436,-0.001137757718,-0.001507436262,-0.000133474413,0.0008301146261,0.001377346428,0.002708733396,0.002493188137,0.003729417016,0.0007553885644,0.00102444457,,0.002417941805
1998-03-31,-0.001102618158,,,,,,0.00105201483,0.0002187745208,0.001339868025,0.001142317211,0.001029414669,0.001251975672,-0.0004537827856,0.0007395444724,0.0009179246916,-0.0006250753637,-0.0005308740187,-0.0006922608512,-0.00162551091,-9.476591864e-05,0.001646012525,-0.0005918080223,,,0.001088157622,,-0.001011586444,-0.001254785483,0.0006979941298,,,0.001101714719,-0.001331478034,0.001273372914,-0.0002753463937,0.001227652583,0.001229030577,-0.0006330536928,,,,,-0.001313954389,0.0001913984344,0.0001077429246,,0.001660018781,0.001872368791,0.001589527515,0.002338052903,,0.002895658642,,-0.002041061077,,,,,,0.001736360593,0.0006888796547,8.877465295e-05,0.0006531676197,,0.001274891083,0.0008655306369,-0.0008574057884,0.001192351678,-0.001301737518,-0.00109433535,-0.0007231611464,,0.001954587283,,,0.0003333839945,-7.218373308e-05,-0.0006034242725,0.001431127652,-0.001235110561,-0.001070290564,-0.0006313957565,-0.0009106778326,-0.0006812536906,,,,,,,,,,,-0.001075155748,-0.002250811569,-0.002164263277,-0.002302449482,-0.001278632614,0.001993115393,0.0009202477322,0.002233454217,-0.0003145542184,0.0001667048112,0.002329427544,0.001719085875,,0.002921388247
1998-04-30,-0.001003443678,,,,,,0.0009965641609,0.0003716800161,0.0008080680878,0.0005500747747,9.893962078e-05,0.0009699448552,4.605554328e-05,0.0008433862757,0.0003985347683,-0.0005868438332,-0.000421395807,-0.0007046706756,0.0001424592566,-0.0003981136931,0.001402909603,-0.0005826743002,,,0.001096212985,,-0.001048495305,-0.001031662544,-0.0007015323387,,,0.001156223709,-0.0007489079619,0.0005692799656,-5.435036105e-05,0.0005879999378,-0.0001561856491,-0.000226791307,,,,,-0.0002499332528,0.0007659625932,-0.0004722003119,,0.001028373906,0.001046521496,0.00187880296,0.000343249888,,0.00179668879,,-0.0006078597439,,,,,,0.001166747068,-0.0006569537596,-0.0001484095201,-0.0009218819882,,-0.001173566828,0.002434637249,0.002159274158,-0.001532542318,-0.001576686234,-0.002186163092,-0.001255418201,,0.001031421396,,,-0.0008987081869,-0.0007724992965,-0.0004492675364,0.001857950668,-0.001907610738,-0.0009122262017,-0.000948222727,-0.00166340511,-0.001550915916,,,,,,,,,,,-0.000681005021,-0.0008102411273,-0.001736391861,-0.0009632324892,-6.701361639e-06,0.002081919303,0.0002090604363,0.001094842038,0.0003459682405,0.0009552198122,0.0007620800475,0.0013983528,,0.002141109814
1998-05-31,0.0002386574809,,,,,,0.001279451582,-0.000607149298,0.0005908959879,0.0003010986016,-0.001124144018,0.0002686666618,-0.00148829967,0.0006527303595,-0.0003590724213,-0.0008045271657,-0.001465879211,-0.002388776822,-0.0003103692603,-0.001619423357,-7.906629375e-06,-0.0003340104201,,,-0.0003969220499,,-0.001900382183,-0.001675561841,-0.001643145648,,,-3.020933562e-05,0.0002478349593,-0.0005541693042,0.001095941137,-0.0006670592353,0.001140761976,0.001145421033,,,,,0.0005309936261,0.001321744572,-0.00249241711,,0.0006951044455,0.0003270508232,-0.0005244502302,0.0008817291498,,0.001641820242,,-0.0005568017292,,,,,,-0.0002765154176,0.0007125364232,0.0003511230171,-0.0007576679914,,-0.002937465614,-0.001998232964,-0.001613398388,-0.0004662944062,-0.001131546329,-0.0009891414048,0.0004327498908,,-0.0001556939037,,,0.0009696186738,0.000488681576,0.0006801490681,-0.000566138824,0.000906205956,0.001472079494,-0.000633373206,5.10651118e-05,0.0009344390052,,,,,,,,,,,-0.0009543510815,0.0003789251455,-0.0009202263492,-0.0003709633721,-3.875572232e-05,-0.0004718193998,0.001921328531,0.001614327788,0.0007208958012,0.001401915171,-0.000311144236,-0.0002667499107,,0.001306914806
1998-06-30,0.002593227803,,,,,,0.0003323363776,0.001753513497,0.0005878341278,-0.0004474841173,-0.003032360741,-2.775419356e-05,-0.001677394858,-0.005939092838,-0.008154441991,-0.0003584409314,-0.001432749047,-0.0004212337912,-0.00175618722,0.0001838606127,-0.004149146179,0.004668955647,,,0.0005258659162,,-0.0002709130234,-0.0001700363216,0.0001666464178,,,-0.003570604144,0.004047082625,-0.007620706539,0.006887471254,-0.007743014831,-0.00347219052,0.001774260695,,,,,0.007064371563,0.0007988269071,-0.00158850497,,-0.00267605621,0.003428061014,-0.01008413002,-0.00482688715,,-0.003779932471,,-0.001435280151,,,,,,-0.007906078043,-0.001723699418,-0.001613074509,-0.002266894107,,0.0008080670421,0.003288435626,0.0002637402968,-0.001860435823,-0.001271586667,-0.003216110516,-0.0004782291065,,-0.007556700859,,,0.006032068395,0.004075544987,0.00464290919,-0.01008477405,0.005202624953,0.004512289649,-0.005481547758,-0.0003967470946,0.004498383039,,,,,,,,,,,-0.002264324244,0.006361478293,-0.006325507633,0.0003303984432,-0.003466609165,-0.01041781239,0.003323351599,-0.002924658288,0.005746650291,0.002777541944,-0.007871052006,-0.007430413996,,-0.005391217444
1998-07-31,0.001128016919,,,,,,-0.001079409313,-0.000283892655,-0.002256344935,-0.0008792109604,0.001648933245,-0.0007655267262,0.0006595142686,-0.0007970105028,0.0006837542914,-0.0005744127812,-0.0002921081626,8.265674292e-05,-0.003155193388,-0.0007460216965,-0.0009819100514,-0.0001361911829,,,-0.0007617637266,,0.003036353557,0.002233346153,0.001696880168,,,0.0006852227372,-0.001579997085,0.0009128686383,-0.001756040835,0.0008901394509,-0.0005277934411,-0.001806917467,,,,,-0.0008358876735,-0.002450764301,-0.0009119417936,,0.0008406786755,0.0008037325295,-0.0009233410454,-0.0003345798144,,0.0004225106628,,-0.002321328624,,,,,,0.00065837007,-0.0002098840061,-0.002733428185,2.718380176e-05,,0.0009554585026,0.0007929760205,0.00284783151,-0.001870718405,-0.00213433811,-0.001415628889,0.0009543310524,,-0.0002460932485,,,-0.0007428677298,-0.000195910758,0.0002623236924,-0.0009024824223,-0.0005747267288,-0.0002687917019,-0.003552563048,-0.001101014987,0.0003663993959,,,,,,,,,,,-0.0006404138626,-0.001070074619,-0.001583304355,-0.001502651027,-0.0006082103179,-0.000729932142,0.00161061465,1.912056545e-05,0.002280808006,0.002331412409,0.000821605654,-0.0006090395888,,0.0002902995899
1998-08-31,0.01361015213,,,,,,-0.00585990613,0.002017921893,-0.0009463184405,-0.0007760165065,-0.002935135423,-0.0001312280627,-0.002149745222,-0.018696315,-0.02205686871,0.00342611993,0.002262276447,0.005096592418,0.001195563867,0.005347126447,-0.008401407065,0.01000842692,,,-0.005007148909,,0.003647643319,0.004904040457,0.002373016998,,,-0.01717088701,0.01483475548,-0.02251355667,0.01178171885,-0.02257190684,-0.0149159364,-0.0002883977656,,,,,0.02207675088,-0.001108179876,0.001228602808,,-0.01720563495,0.00250170618,-0.03050581433,-0.01734938144,,-0.01675385821,,0.001910473144,,,,,,-0.02487372628,0.0009478521805,0.001660297563,0.0003477528074,,-0.0001655898805,0.007094353766,0.003692609719,0.002561730194,0.0064960585,0.01768507886,0.001178888171,,-0.02477558937,,,0.01283208388,0.01192770942,0.01110662256,-0.03015497442,0.01944878406,0.0170019646,0.01633587623,0.004754414337,0.01501279985,,,,,,,,,,,0.004621401744,0.01977459216,0.0222686587,0.01052754518,-0.007447213883,-0.0314173249,0.004292702706,-0.01181183458,0.01361626891,0.004431161831,-0.0247876231,-0.02327267574,,-0.01948491226
1998-09-30,-0.0005488959353,,,,,,0.003049503789,-0.004242431795,0.001012429966,-0.005600649806,0.001813222272,-0.00211366396,-0.003138386935,0.004398616666,0.001188246173,-0.001762392981,-0.005932082438,-0.0003447490584,-0.005020040315,-0.0003691629965,0.0009191244264,-0.002943837509,,,-0.00492988846,,-0.001971954469,-0.001473332287,-0.0004391806886,,,-0.0007767654031,0.004139417301,0.0009142853573,0.004205613646,0.0007382435031,0.004250085456,0.004581003493,,,,,0.001364865326,0.005385818616,-0.006177883369,,-0.002378702241,0.0060465533,-0.003382400192,-0.001289075321,,0.00585718188,,-0.008150037039,,,,,,-0.001709931715,0.004980654273,0.001166081419,0.0009983617901,,0.0004167400849,-0.0001513015053,-0.003345802567,0.001372789959,-0.001062166752,-0.003330060397,-0.0002801626515,,-0.001632664227,,,0.003131708236,0.00319003529,0.00287744777,-0.003582362502,0.002719788059,0.001990468457,5.126064019e-05,0.0007366494085,0.002536912885,,,,,,,,,,,-0.004232367721,0.0004081950867,0.0009795894409,-0.0002297014641,0.001523410462,-0.00324042616,0.005082674139,0.003092731214,0.003770245133,0.004943821467,-0.003322405083,-0.0010329452,,0.003786853522
1998-10-31,0.005045014378,,,,,,-0.007940171228,0.001951141118,0.003587534105,-0.003750865264,0.002636507865,0.002210777069,-0.003054445191,-0.005569279813,-9.684361287e-05,0.000523669828,-0.001355534324,0.002800502564,0.004650946072,0.002260645268,-3.890092592e-05,0.0008181764957,,,-0.001470909298,,-0.002719391551,-0.002986442434,-0.0008143721254,,,0.003436020997,-0.005325769419,0.0008437978615,-0.008520307428,6.892534202e-05,-0.003536888528,-0.007722713254,,,,,-0.006102247409,-0.007697760302,-0.0007553013456,,0.003158550882,0.0005128755205,-0.003555489431,-0.002351796149,,-7.144578269e-05,,-0.003570826623,,,,,,-0.0001839051418,0.003685072849,0.006110823442,0.002540723497,,-0.002672836965,0.002259356775,0.00177027385,-0.003716277403,-0.00276301979,-0.002695812963,0.0008563021148,,0.0002666032969,,,-0.003539234425,-0.003369252166,-0.002999943192,-0.003496639507,-0.0004282782595,-0.0002921654355,0.003496153815,0.000483804582,-0.0001463756221,,,,,,,,,,,-0.00649630053,-0.003598430033,0.0001590885351,-0.0003107089674,-0.002272857578,-0.003258552493,0.001542014097,-8.439097512e-05,0.004105853355,0.003488978354,2.662269786e-05,0.001446381715,,5.893347977e-05
1998-11-30,-0.009091150969,,,,,,-0.002519989817,0.001033442461,0.002469631849,-0.01334190966,0.01455119332,0.003637601813,-0.01204000457,0.01113116508,0.006117710597,-0.0001767233799,-0.007701544867,0.009398727872,0.007772464941,0.009789825866,0.01755804607,-0.009797471052,,,0.006192713268,,-0.008427851172,-0.00894372136,-0.008222382257,,,0.01471973443,0.01483675978,0.01181370801,0.001028286375,0.01160408317,0.0158136345,-0.003816064259,,,,,0.001216249353,0.01031005842,-0.01263151845,,0.01189355283,0.01521103159,0.008132903003,0.00438089457,,0.01434690835,,-0.01257157123,,,,,,0.01237791618,0.007362271861,-0.002962992128,0.0008640580548,,-0.01404819474,-0.00421941642,-0.005561997219,-0.01594079738,-0.003097432015,-0.01468407822,-0.00741031973,,0.008810809436,,,-0.004510549079,-0.002838479895,-0.002917304399,0.008221686079,-0.01116138677,0.001159128634,-0.01417213288,-0.01217289384,-0.01125533417,,,,,,,,,,,-0.01602213538,-0.01278603608,-0.01210711884,-0.01254824475,-0.002254122984,0.009409939982,0.008066850092,0.0115641197,0.00294800971,0.005879675536,0.01114012739,0.01156500651,,0.01362531034
1998-12-31,-0.001137575778,,,,,,0.001137233538,-0.001377425907,-0.0004324395272,-0.005727194966,0.0006715743022,0.0002129514609,-0.002420754259,0.0005910411447,0.001131893738,0.001390997184,-0.003209906164,0.000667354595,0.0006813744969,-3.011909652e-05,0.00126204709,-0.004968765788,,,0.001058383986,,-0.000337404432,-0.0007654110805,0.0008537962329,,,0.005479806816,0.000167372972,0.0004467478549,0.001165235792,0.001851938608,-0.0003561912608,0.003413780133,,,,,-0.001708619215,0.0009353393732,-0.003663307235,,0.004870448072,0.001413777323,0.004026334887,0.004426373117,,0.009111996623,,-0.00612605608,,,,,,0.003358161337,0.001356145478,0.0007583830964,-0.002697773644,,0.001338783996,0.0002825290371,0.00122562431,-0.0006813123221,-0.0004521934578,-0.002798826792,-0.00507472638,,0.003450173703,,,-0.001188430983,-6.724949532e-06,0.000444887664,0.00385766024,-0.003477500504,0.002136593183,-0.0003550786525,-0.003354019281,-0.004032508445,,,,,,,,,,,-0.003352302254,-0.002984412796,-0.002722485681,-0.001702029899,6.464331216e-05,0.003171581268,0.002622811612,0.007412391361,0.004338899524,0.006638641006,0.00282486186,0.002988091709,,0.008493909207
1999-01-31,0.0003278578932,,,,,,0.002294350645,0.001217614611,0.006210812446,-0.003940800905,0.003594737561,0.00056941494,-0.001911668095,0.0009769086462,0.001362655732,-0.0001499531771,-0.001766510799,0.0001098517225,9.343986504e-05,0.00115071397,0.002311148358,0.001261295394,,,-0.002027051779,,-0.0005400862593,-0.001893193101,0.001802554008,,,0.003329036957,-0.002479073138,0.001714734174,0.001104757022,0.0008268888028,0.001984837932,8.241043071e-05,,,,,-0.002764469857,0.0001775062377,-0.0040671775,,0.003980023687,0.002105637462,0.001375229067,-0.000978152811,,0.00114935763,,-0.0009983466366,,,,,,0.0006705828075,0.0009456888009,0.003103424885,-0.0003193373039,,0.003692727791,-0.001908913682,-0.002938131311,0.002614244525,0.004179321722,0.00313919122,-0.00467340007,,-0.001239652621,,,-0.002025316619,0.0008372896463,0.0005716717295,0.001394693797,-0.0007470727745,0.0003413134719,0.001708041813,-0.001750557743,-0.001280672298,,,,,,,,,,,-0.004755563333,-0.001203206013,8.063383744e-05,-0.001080537769,-0.0006642752026,0.00139084327,0.001056313494,0.003080388004,0.001770472696,0.003146019437,-7.497547448e-06,0.00088983266,,0.001473021131
1999-02-28,0.0001084326327,,,,,,-0.004057804765,0.002827480046,0.006745478538,-0.0008672124612,0.006712180583,0.000141623457,0.0009465141839,0.003048537866,0.009210445724,0.002283219113,-0.001393632921,-0.00132410738,0.001146799098,-0.0006957381853,0.0007560757243,-0.008604932265,,,-0.004344624485,,-0.0008485048293,-0.001182687441,0.004039326036,,,0.006093256711,-0.004536086394,0.009247926265,-0.003851348703,0.008878302818,0.002616580968,-0.004365692429,,,,,-0.01156260077,-0.007297707815,3.445906527e-05,,0.007836756532,0.001167714158,0.009144599854,0.005260312916,,0.006530094928,,0.002556594251,,,,,,0.006798751666,-0.0008733673443,-0.004286418511,-0.0005565258181,,0.000199413341,-0.0004644325896,0.0002145241224,0.0009828327324,0.002955813531,-0.003275301923,-0.001274537983,,0.006153294821,,,-0.007552398879,-0.006902585157,-0.004971489949,0.009053349383,-0.006832669058,-0.004196117602,0.0002259909097,-0.007600183236,-0.007922271955,,,,,,,,,,,-0.003518739375,-0.007038701222,0.006817341399,-0.00709337712,-0.0008315168651,0.008383535136,-0.002779304794,0.004679358923,-0.004301065488,-0.0009320945698,0.007470989516,0.00627419371,,0.008201555635
1999-03-31,-0.0006856840007,,,,,,-0.001201996246,-0.0001406215533,0.002393897714,-0.001467787647,0.003310678914,0.0002677219003,0.005088713921,0.00534364183,0.005966858888,-0.003203634267,0.001127660448,-0.005707350929,-0.003911834151,-0.003151174605,0.004717459075,-0.004528804587,,,-0.002390905981,,0.002519178179,0.002788281178,0.003183975354,,,0.002020941429,0.0001207852009,0.005504919812,0.003388056013,0.004644159803,0.00502722228,0.0003049960501,,,,,-0.002958960798,-0.0009190494277,-0.001428151245,,0.002704307281,0.002653148559,0.005694303614,0.00346643275,,0.004821474377,,-0.003981510084,,,,,,0.003882982613,0.003393719275,0.001117712914,0.003105528848,,-0.002503389984,-0.005352776132,-0.005342054072,0.001091227249,-0.001839406908,-0.0008216645198,-0.002862449461,,0.002854448463,,,-0.001617345574,-0.003490289447,-0.00250728822,0.005209155558,-0.002050042078,-0.005530004769,0.001633479878,0.0007508830209,-0.003241543091,,,,,,,,,,,-0.002764762286,-0.00460550108,0.0009127914468,0.0006613746837,0.002666156129,0.003355655218,0.003088079925,0.007581690712,-0.0004266011505,0.001996891798,0.004209677965,0.002901915265,,0.005187226425
1999-04-30,-0.0008807772837,,,,,,-0.001071806334,0.0007597131907,0.002164667694,-0.001909437359,0.001270223528,0.001105099564,-0.001353883642,-0.0006049804267,0.0002585529901,0.001477721439,-0.0001152866326,0.002677435774,0.002511072965,0.00315037854,0.0005826485448,-0.0007435199665,,,-0.001777746031,,-0.001688608204,-0.001846266783,-0.0008269937958,,,0.002471209193,-0.0002085590517,0.0006789907139,-0.001211837504,0.0004905314754,-0.0002462575225,-0.001936452715,,,,,-0.0003107185019,0.0003051624073,-0.001655187945,,0.0008679842412,0.004095526275,0.001193469428,0.0003129662593,,0.003871097505,,-0.003236565245,,,,,,0.001078529884,-0.0005625660955,0.0003326250155,-0.001015931218,,0.0008804779291,-0.003525274294,0.002679259242,0.001014252108,0.002657477039,0.003199670855,-0.001603738531,,0.0003583511111,,,-0.001781156669,-0.001765637127,-0.002027208373,0.001091752638,-0.002242936483,0.0004124212327,0.000607011414,-0.001607781824,-0.002008275786,,,,,,,,,,,-0.001779943553,-0.002667303683,-0.002141022646,-0.001874217317,-0.003311757941,0.001313948637,0.0008106577617,0.002704005293,0.0008393711948,0.001390455547,-7.201915034e-05,0.0008769578004,,0.003097251151
1999-05-31,0.002634472123,,,,,,-0.0007112774782,-0.001605058275,-0.0007214296742,-0.0008048390953,-0.0007786027797,0.0001977063442,-0.002524270098,-0.001765501662,-0.001576847913,0.0009909802878,-0.0009902780217,0.002921655581,0.003383310399,0.001437557833,-0.0004014324348,-0.002353452111,,,-0.001468107133,,-0.002414777108,-0.002823027604,-0.001713891264,,,0.005072282433,-0.002930246873,0.0005884015881,-0.004493853888,-0.001390562434,-0.002304049487,-0.003541936002,,,,,-0.003210021819,-0.002845229628,-0.003002104923,,0.002350370062,0.001575452871,-0.0004699781289,0.002099231254,,0.003622903975,,-0.00438383541,,,,,,0.0001717634145,-0.00119081631,0.002914100713,0.0004586074818,,-0.006584269653,-0.002329181479,0.0006933720024,-0.004838878073,-0.002040298185,-0.001930868399,0.0003992129421,,0.001204455559,,,-0.002575662516,-0.003087385847,-0.001474024932,2.607850038e-05,-0.001355681125,0.0006043927687,0.001738524173,-0.002872570601,-0.002726244976,,,,,,,,,,,-0.0009832344889,-0.003544472072,-0.001595132305,-0.001567627696,-0.00253224059,-0.0003540022486,0.002844324792,0.003834211568,0.003622678449,0.00395840486,0.00144950192,0.001006451138,,0.003554121165
1999-06-30,3.611727785e-05,,,,,,0.002078521203,-0.0001106052529,0.00186427739,-0.0009999068491,0.002334017921,-3.530562189e-05,-0.001648842285,-0.0007899553632,0.0001552928664,0.002447132962,0.0004953787299,0.002770664792,0.002537679889,0.002037007259,-0.000353484125,-0.001362251724,,,9.1382245e-05,,7.583908353e-05,-0.0003949623938,-0.000188456855,,,0.001419721343,-0.001264911385,0.001608502755,-6.891050794e-07,0.001456220524,-0.0003680060375,-0.00314450615,,,,,-0.0005138696875,-0.001094967709,-0.0003016488819,,0.00100143654,-0.0006404922854,-0.0007654171839,-0.0007045226257,,0.001279100793,,-0.001959841354,,,,,,0.0002761853628,0.0009827833213,0.0004839295719,0.0002205445083,,-0.004384970334,-0.0004215898093,-0.003600917589,-0.002258554083,-0.002379427937,-0.0007246196411,-0.001165239365,,-0.001020937216,,,-0.00208183657,-0.001846273475,-0.001196828693,-0.0008997854646,-0.0004819956465,-0.001070096197,0.0003791492114,-0.0005889639825,-0.001693591356,,,,,,,,,,,-0.001150412729,-0.002408019651,-0.001345634522,-0.0008395737137,-0.0006478990281,-0.0005301595553,0.0009554577949,0.0006010791748,0.0009648257145,0.00085844456,0.00085842874,0.000919896995,,0.0008850918057
1999-07-31,0.0006220049937,,,,,,-0.0005887472845,-0.002108177981,0.0003311812888,-0.000243233132,-0.00223202295,-0.001381938844,0.001615432345,-0.002317141326,-0.0008154318343,-0.00120140501,-7.001922185e-05,-0.0006614312538,-3.300273114e-05,-0.002036675029,-0.003902125191,0.002411016626,,,-0.002217910249,,7.488903643e-05,0.0007461803787,0.001757888527,,,-0.000725676564,-0.001421883576,-0.002074579808,-0.000491097746,-0.001952733477,-0.002808119637,-0.0008477043998,,,,,-0.0002434480371,-0.001269998644,0.001361800331,,-0.001494926432,0.0004964459791,-0.001265612206,-0.0009493249609,,0.001031489003,,-0.001111589953,,,,,,-0.00194441185,-0.0001420414985,2.679378519e-05,-0.0009767849982,,0.003611872211,0.0005073510103,0.006172698928,0.002154420676,-0.003639699799,0.0009539332594,0.000547047042,,-0.0004810647101,,,0.001281728447,0.001496331346,0.0007316371899,-0.001450671855,0.0009371542966,0.002702970155,0.0003945695106,-0.001197404501,-0.001174757245,,,,,,,,,,,6.214289187e-05,0.001553961048,-0.001114887393,-0.002894595756,-0.001018564713,-0.0001379722162,0.002357412755,0.001440487656,0.0009288021879,0.000480525663,-0.001316743176,-0.001924150845,,0.0006040968376
1999-08-31,0.0004764517281,,,,,,0.001659797127,-0.0009293469697,0.0004576120974,0.0001982279836,0.0002048702077,-0.0009450674528,-0.003077185464,0.0002317248868,0.0005000753276,0.004043534011,0.0001114789366,0.000660238457,0.001361736258,0.0003552512918,0.001250536473,0.0005661132243,,,0.0003999074548,,-0.0005691806384,-0.0003630202403,0.0002607429331,,,0.001985696748,-0.002065694385,0.0003357164121,-0.0007397506649,0.0002987941694,0.0007905599324,-0.001547008753,,,,,-0.0009496404348,-0.001285055618,0.0004512799636,,0.001049694832,-7.51938674e-05,3.133416525e-05,0.0002723416674,,0.004471138815,,-0.0009359410226,,,,,,-2.46110601e-05,0.001820163563,0.001449501526,0.003608609427,,-0.002369689158,0.001655313599,-0.0003808973901,-0.001661066819,-0.0012401014,-0.002493196914,-0.0005317998008,,-0.0002721156187,,,3.094403435e-05,-0.0001770872331,-0.0004245393961,-6.128754248e-05,-0.0004257831831,-0.003413900582,0.0004703002543,0.001051795308,0.0004514890436,,,,,,,,,,,-0.002446724284,-0.002373169139,-0.001929561691,-0.0009454330618,-0.0009472605435,7.214084675e-05,0.003142109699,0.003817244639,0.003643945378,0.004292186373,0.001305566847,-0.0002487367018,,0.002465540539
1999-09-30,0.0006931937352,,,,,,0.000674542128,-0.002240406644,-0.0003899133123,0.0004366317407,0.001184753212,-0.0002801724503,0.002399046524,-0.0002114544685,-0.0007542812107,0.0001177452935,0.001939343976,0.0006483117564,-0.001571215319,-0.0005446437154,0.0003676421623,0.0004219076873,,,0.0007393188271,,0.001542671007,0.0002716182085,0.00177014478,,,-0.001813698884,0.002283008542,0.0005868154327,0.0006887942193,-0.0005482268636,0.0002546625337,0.001705573898,,,,,0.0009001153184,0.001710881116,0.001513104089,,-0.001357450701,0.001051022233,-0.0008686771157,0.0005257815004,,0.001770090106,,-0.003106264304,,,,,,-0.000203748739,0.0008704202296,0.0004759534551,0.0005675972975,,0.001906784488,0.001876702833,0.001166612228,0.001529011101,0.003306797667,0.004350300816,0.001204108839,,0.0005976030295,,,-0.002286351817,-0.001446100319,-0.002124120582,-0.002022667072,-0.0005919317365,0.0001918520801,-0.001070802137,-0.0001606997411,-0.0004627948812,,,,,,,,,,,-0.002665312228,8.789567814e-05,-0.001905336715,-0.0009863413881,-0.000310941933,-0.0009063549113,0.001306597286,0.0008813113122,0.001368787949,0.001736555574,0.0001622537017,0.0009448696894,,0.001754489593
1999-10-31,-0.0003515497642,,,,,,0.0002061255004,0.0006168254353,0.0003377583573,0.001499680082,-0.0015727672,-0.0008266708636,0.001000576142,-0.002203233693,-0.001563457644,-0.001842154614,-0.001872257989,-0.001091742552,-0.001970444926,-0.001509289713,-0.002386374533,-0.001559046497,,,-0.002483321922,,-0.001365827491,-0.0014071275,0.0005600403226,,,6.952239138e-05,-0.0009882040596,-0.00114564809,-0.003442363492,-0.002036414225,-0.002344752554,0.0008696779362,,,,,-0.003351916059,-0.00229779588,0.001634347071,,0.001088940319,-0.0005400768523,0.001206941458,0.0003273945171,,0.002286616649,,-0.0009716831164,,,,,,-0.0004027887877,0.00167949964,-0.0002203174468,-0.001963976546,,-0.01333716603,-0.01375761378,-0.01319804776,-0.01284122895,0.01309288101,-0.01027236094,-0.001147443081,,-0.001045100648,,,0.001637026651,0.0001755664834,0.001298625864,0.0009918397898,0.002549942378,0.002517378629,0.0002764692599,0.001781968162,0.0003752017452,,,,,,,,,,,-0.0018412156,0.002806069331,3.811029986e-05,-4.586672059e-05,-0.001366035771,0.00111689318,0.001792316536,0.003167723722,0.00240217199,0.003574761134,-0.001128222821,0.000227831794,,0.001180272263
1999-11-30,-0.0008580140273,,,,,,0.001178357977,-0.004759215415,0.0004979914746,-0.000936169759,0.005073850357,-0.003924774788,-3.28691418e-05,0.0031065883,0.004851648088,3.291601997e-05,0.002593641196,-0.003056116647,-0.00243768193,-0.002180218333,0.001884119839,-0.002389018685,,,0.0005149755562,,0.002135072519,0.0008304085032,0.003081569801,,,-0.002707441752,1.696399461e-05,0.004657604976,0.00316826562,0.005318511221,0.001891508506,-0.000501552166,,,,,-0.00290995582,-0.001668410091,0.0009407979056,,-0.002208129773,0.004062589384,0.003419604854,0.00180061286,,0.004685540507,,-0.004342457792,,,,,,0.005673532455,0.0006348712201,-0.0004865432719,-0.001128679066,,0.004581413239,0.004273954457,0.00229546136,0.006673918109,-0.002720596026,-0.002157524977,0.0006133330715,,0.004308557211,,,-0.003136915435,-0.003092237138,-0.002473953876,0.003620250588,-0.0013584706,0.002337046911,-0.003359464995,-0.004790663385,-0.002746435019,,,,,,,,,,,-0.00152261499,-0.001336714423,-0.005877168816,-0.006089003807,0.0003729368285,0.003589477707,-0.0007665632788,0.002404165689,-4.719741936e-05,0.001686684252,0.00487348497,0.003114823348,,0.004837543165
1999-12-31,-0.003455178208,,,,,,0.001775551971,0.0005444695214,0.00338670223,0.001557913665,0.003254466048,-0.001220011669,0.0002395443539,0.003953837314,0.005418644439,-0.001739596886,-0.001904387585,-0.003713732185,-0.00334774386,-0.002354003508,0.001503955427,-0.00586461611,,,-0.000896434794,,9.497559516e-06,0.0004098604838,0.002859174979,,,-0.002398358084,-0.002200996741,0.004168522623,-6.187600205e-05,0.004856414414,0.002928689455,0.0003732366536,,,,,-0.002990477073,-0.001427312101,-0.0008098039617,,0.003012083907,0.005653560133,0.007409607905,0.004178592023,,0.006632886355,,-0.0004944553308,,,,,,0.00768771713,0.002459663268,-0.002032332371,0.001943858357,,-0.005614923119,-0.004525310373,-0.002865127372,0.003779297161,0.003405783134,0.005191937469,0.0007594260486,,0.005893275842,,,-0.002989934286,-0.003451979588,-0.004519555513,0.007176197855,0.002136380908,0.006315479513,-0.002024396921,-0.001103184676,-0.0006613150944,,,,,,,,,,,-0.00210689759,-0.000962002675,-0.004372722109,-0.007419085381,-0.002193881217,0.00789868546,0.000131036095,0.005424175011,-0.001127520408,0.00216112583,0.005727740208,0.006020635826,,0.006963102906
2000-01-31,0.003247082522,,,,,,-0.001756594512,-0.004191535585,-0.001670463452,-0.003306902877,-0.001849740653,-3.100334551e-05,0.0002801150389,-0.006402662626,-0.009075328216,-0.0004998213437,0.001264491407,0.001393534163,0.003126687739,0.00217960179,-0.003517069775,0.007553286277,,,-0.0009850214725,,-0.000432287131,-0.002849624762,-0.0015786156,,,-0.002542064546,0.001637508995,-0.00670283028,0.0004356321342,-0.008110682206,-0.004274879055,-0.003258301983,,,,,0.005317879083,0.001952014579,-0.004623525675,,-0.005066367665,-0.004032405553,-0.01032957587,-0.003317369824,,-0.001829222824,,-0.00476097738,,,,,,-0.007613855867,-0.002858060479,-0.002686180084,-0.003622819121,,0.0007618848335,0.0003467085101,0.0002927759352,0.008416287767,-0.0004853799583,0.007046350801,-0.0009414414293,,-0.007481279372,,,0.003481761245,0.004042898582,0.004197764315,-0.01024890827,-0.004541986866,-0.002991908679,-0.004053399802,-0.003183009322,-0.0002179412373,,,,,,,,,,,-0.009135012759,-0.00623260144,-0.008266775185,0.001687879285,0.002733541864,-0.009952413001,0.003290420408,-0.002784234367,0.005317053781,0.001941627322,-0.006189275473,-0.008155996926,,-0.003453155361
2000-02-29,0.003548611845,,,,,,-0.003238476369,-0.001998237086,-0.004544103212,-0.001223918516,-0.007425234556,0.0009264599723,0.002508003239,-0.007590086362,-0.009518905236,-0.0003898215538,-0.0006935972849,0.001229612106,0.001931842287,0.003152558385,-0.006309938887,0.01021689789,,,-0.000332764762,,-0.0008787531785,-0.00193442833,-0.0007461811292,,,0.0006567863973,0.002665291672,-0.008452627245,-0.0008074877639,-0.008879063218,-0.006369667259,0.0006617832569,,,,,0.008070402608,0.003353104643,-0.004384390515,,-0.002497071646,-0.003992953276,-0.01186490831,-0.00557664785,,-0.00564663877,,-0.003076802556,,,,,,-0.009319182064,-0.001459578647,-0.003517386339,-0.007378240384,,0.006855968908,0.006273987134,0.00841439268,0.002900982023,0.006184778683,0.004472717762,-0.001786462545,,-0.01078786418,,,0.004578440168,0.008486959633,0.00808465476,-0.01183937129,-0.008151734997,-0.002153544011,-0.00990352382,-0.00947912396,-0.006267859005,,,,,,,,,,,0.006913842042,-0.00829624181,-0.01100229565,-0.009108338758,-0.0003019422626,-0.0117657978,0.004146259838,-0.006063569226,0.006901089556,0.0008593522361,-0.008576313395,-0.008165918671,,-0.003598595919
2000-03-31,0.005362016252,,,,,,-0.001868699003,-0.003772199528,-0.004229754798,-0.00155533905,-0.005929675758,-9.262378787e-05,0.002433748787,-0.007690793541,-0.0132153755,0.002368793934,0.003803798188,0.00109667255,0.00237646723,0.003153261175,-0.004626900627,0.01017366819,,,-0.0008216260808,,-0.0023886466,-0.001095016249,0.001260923182,,,0.001493611191,0.001427323666,-0.01224834878,-0.0003718206293,-0.01201424147,-0.00721502013,0.0001966440957,,,,,0.007157463195,0.002570832974,0.001857971125,,-0.006359892313,-0.007623302141,-0.01583548902,-0.007032804619,,-0.008025154634,,0.0002580124215,,,,,,-0.01277390172,-0.00178224673,0.001846331235,-0.0002476660712,,0.02068983331,0.0219204901,0.01839189884,0.0228335482,0.02034005891,0.01858195148,-0.0005877168678,,-0.01215108537,,,0.006257474159,0.007920873334,0.009778198534,-0.01490895589,-0.0005522305517,0.0003307250231,0.002562733076,-0.002088991741,-0.0001768512454,,,,,,,,,,,0.008573931084,0.002797760426,0.0001553607155,-0.002675313357,0.0008064116861,-0.01580652343,0.006109919401,-0.007922767505,0.006598143439,-0.000344117123,-0.01385001291,-0.01026184816,,-0.004383700773
2000-04-30,0.0009432715673,,,,,,0.001853626886,-0.0009020576138,-0.0016280076,-0.003192168702,0.0006153997022,-0.002353286879,-0.002768903123,-0.005110523222,-0.00220927482,0.001363962962,-7.404463324e-05,0.0002861298057,0.004764305267,0.002041397057,-0.003043869423,0.001197930587,,,-0.002956041325,,-0.0008279121642,0.0003374588543,0.0006489396792,,,0.0007942003013,-0.001414686142,-0.0009971989371,-0.001911784947,-0.002672028856,-0.003752353458,-0.004093138192,,,,,0.0009749218999,-0.002756770399,-0.0004926732153,,0.001544879101,-0.001758413446,-0.005661147201,-0.005658386849,,-0.00115091421,,-0.001860457507,,,,,,-0.002430707687,0.003576079459,0.002712682823,0.002824105539,,-0.005361249877,-0.006665040271,-0.003803504474,-0.001097212752,0.008134400397,-0.002001043604,-0.003574604711,,-0.003525663386,,,0.001414507997,0.004248981014,0.001090301587,-0.005901074028,0.002699497138,0.003542572978,0.004178720952,0.003136164637,0.002905088732,,,,,,,,,,,-0.002427887056,0.002281306266,0.002379678644,0.0008106353104,0.002660956734,-0.005349096824,0.001833928831,-0.002075661138,0.003241805124,-0.0005116189689,-0.003708829146,-0.003984565845,,-2.748941348e-05
2000-05-31,0.0002148335407,,,,,,-0.0003148482852,0.0007917141631,6.859092893e-05,0.001877414291,0.0007496492262,-0.001526550751,-0.002269736205,-0.0004265795159,0.0001073751828,-0.002403592929,-0.001995884208,-0.001561403973,0.0002241706876,-0.000448235315,-0.002700729294,0.0001088117214,,,-0.001567825251,,-0.000468830026,-0.0006909010902,-0.0002710625692,,,-0.001362386369,-0.0007156929893,0.001096457579,-0.0005736220183,2.136617802e-05,-0.0007902962338,-0.001740865977,,,,,-0.0005794982145,-0.0005665916729,-0.0006996350975,,-0.0008420438407,0.0005700296723,-0.001330635136,-0.002186977491,,0.001550530325,,-0.002764243286,,,,,,-0.001699986495,0.0007646813448,-0.003742606713,-0.002270030867,,0.008677231014,-0.01126356104,0.00835367791,0.009939214984,0.009659074458,0.007624660291,0.001772188737,,-0.002257058778,,,0.00254555122,0.0008722089702,0.0002177530796,-0.001510053859,-0.0006316159588,0.003657714893,-0.0009889249112,-0.002713943172,-0.002159557834,,,,,,,,,,,-0.002082904186,-0.0001385689529,0.0001895060527,0.0001979208162,0.0003372750387,-0.001375788316,0.002280038565,0.0006559896023,0.002520114223,0.001678958269,-0.001703329092,-0.0007864952923,,0.00297411354
2000-06-30,-0.0009062895204,,,,,,0.00243623582,-0.003804346794,-0.003871415676,-0.002357544757,0.0004933445459,-0.0003494523586,-0.002235435672,0.006171172491,0.00269586106,-0.004417040876,-0.004015953462,-0.004873084778,-0.0002485006827,-0.003988908325,0.0007024893849,0.001952182573,,,0.002056875746,,0.004655863331,0.003076958152,0.003543148312,,,-0.00937134584,0.001366829044,0.003352637399,0.00318413106,0.00308530543,0.005609740625,0.001963229489,,,,,-0.001351795805,0.002681376924,-0.006093172337,,0.001835804305,0.005813216415,0.001709765883,0.005591811159,,0.00797202164,,-0.007997646426,,,,,,0.005021612364,-0.003193401507,-0.004745304996,-0.003972335629,,-0.01408652091,-0.006056750054,-0.0123908475,-0.01574632487,-0.008767030513,-0.009520729581,-0.002788940378,,0.005210238143,,,-0.004199017457,-0.003229441518,0.001808842862,0.001535301662,-0.007195520634,-0.0009196126887,-0.006031834123,-0.005674373686,-0.007152317429,,,,,,,,,,,-0.006720970362,-0.004934521512,-0.003926659382,-0.004728516516,-0.002597642618,0.002136228873,0.004953018256,0.008018478134,0.003025542461,0.006057762117,0.004786839584,0.005125906902,,0.01008268336
2000-07-31,-0.001009842979,,,,,,8.913956458e-05,-0.001028103462,0.0002580499771,0.0002524043232,0.0004966635057,-0.0007621536767,0.001215409824,0.0003506538567,0.001102879191,-0.004831219026,-0.002002968874,-0.001415946007,-0.0007318993723,-0.001167046703,0.0007046079826,0.001949607684,,,0.001091903916,,0.001459325098,0.0009566947964,0.003555793402,,,-0.002354915601,-0.0003762738768,-0.0005975768427,0.0001817766554,8.555008099e-05,0.0002593733052,0.000569578525,,,,,-0.001205098176,-0.000548456478,-0.003579661391,,0.0001760089965,0.003004421897,-0.001236696276,0.001701156021,,0.00452540895,,-0.003965564143,,,,,,-6.576138215e-05,-0.0008498653291,-0.001431991901,-0.0007326802679,,0.000307345316,-0.001618983613,0.0003147960961,-0.002992889279,-0.003596556033,-0.002102176209,0.0005509070127,,3.346712688e-05,,,-0.000193868955,-0.0003294324502,-0.0007400400738,-0.001265203803,-0.000974706385,0.0001235648465,-0.00104144173,-0.001290389253,-0.001588183062,,,,,,,,,,,-0.002843239584,-0.001400039023,-0.002237369641,-0.001654378288,0.0001160550921,-0.0005922866773,0.003341657616,0.003723668681,0.00207511589,0.00283538568,0.0001797986941,0.001362951986,,0.005206088414
2000-08-31,9.907972919e-05,,,,,,-0.003808036867,-0.006174454787,-0.004019882857,-0.003925632714,0.0007694934391,-0.001626415,-0.0007416552677,-0.005094105255,-0.005194901155,-0.0004386414275,-0.001990952648,0.001678709196,0.005526913258,0.00162111371,0.0005354451663,0.006051784139,,,0.001693656064,,-0.0002895038757,-0.003590582333,0.002481031856,,,0.001394179439,0.002817615931,-0.004228211029,-0.003429037122,-0.003107605035,-0.003302783098,-0.0001587340755,,,,,0.0006048839836,6.075043137e-05,-0.002516566831,,0.0008669953304,0.001573927307,-0.003212578112,-0.004338820831,,-0.001708359202,,-0.00456358691,,,,,,-0.002277383167,0.001299777132,-0.00377966333,-0.001319742438,,0.0005166579201,-0.005987734378,0.001114745409,0.001210185849,-0.001059087917,-0.003377558908,-0.002023948108,,-0.003331356327,,,0.001822211961,0.004417034392,0.001857335662,-0.00314160924,0.001283948985,-0.001436463916,-0.002772619103,0.002414835896,0.002014943727,,,,,,,,,,,-0.002031228495,0.001044768332,-0.001198454612,0.001014473473,0.001662937336,-0.003298293131,0.001937059233,-0.00170796093,0.002306044243,0.0006011635041,-0.002423097458,-0.002900061468,,-0.001126418009
2000-09-30,0.0003365728343,,,,,,0.0001017491183,0.000537309149,0.00373281837,0.004143859549,0.001683294474,-0.002640171167,0.0008678512588,0.002475504132,0.00650853884,-0.003123792159,-0.00361060598,-0.001696757015,-0.002414364969,-0.0009949612383,3.632199582e-05,-0.004261440836,,,4.43413379e-05,,0.001609534191,-0.0002032172234,0.001503605232,,,-0.004934196296,-0.002500932596,0.005669530631,-0.000302256154,0.004712920745,0.0005432394969,-0.001806215955,,,,,-0.004425248037,-0.003775560063,-0.005168238206,,0.005277351353,0.002982411869,0.004522193086,0.002549032129,,0.004469493128,,-0.001356874211,,,,,,0.004501996423,-0.003061162174,-0.001710179968,-0.0001810067854,,-0.001585919004,-0.002464231091,-0.004525922906,-0.005577334092,0.001441633224,-0.001291030802,0.0004480391796,,0.00600215823,,,-0.0004563731635,-0.003834065818,-0.004115747269,0.004553349898,-0.00660808339,0.0007247358727,-0.0003723966662,-0.004954773386,-0.006935490057,,,,,,,,,,,-0.006442230212,-0.007171079554,0.0005663948255,-0.006345341936,-0.0006334568267,0.004653544734,0.001644832274,0.004307140782,0.001276798661,0.004098993625,0.004761657401,0.004569528426,,0.00433035648
2000-10-31,0.001373042096,,,,,,0.00159013678,6.077314543e-05,-0.002073199717,0.002893576454,-0.005452686195,0.002309559998,-0.0002368111707,-0.005075237736,-0.006183518912,1.201906813e-05,0.0002006077688,0.001183597052,0.0002121230015,0.0008816910985,-0.001939517752,0.004029655499,,,-0.0002128361079,,-0.0001167239343,-0.000883537459,-0.004324551305,,,0.004431225269,0.000153476175,-0.005833465493,-0.001793016844,-0.005943938165,-0.00621109877,-0.0009742157445,,,,,0.003524640241,0.001072736136,-0.0002899764118,,0.0006527105444,-0.005628787387,-0.008568990283,-0.007077982297,,-0.005908102505,,-0.002195577199,,,,,,-0.009551661807,0.004061740707,0.002771713254,0.003380121364,,-0.002449903464,-0.00350927186,-0.001414873779,-0.006161888265,-0.006080368594,-0.01043491045,-0.003811331914,,-0.009778256291,,,0.005476504975,0.007430051687,0.007976153832,-0.007858851265,0.006035179267,0.0004163549232,0.00252370297,0.004017087836,0.007501016484,,,,,,,,,,,-0.003762115155,0.006129274372,0.006042228544,0.006443145864,0.0001827685809,-0.009107563296,0.003409406981,-0.003435807003,0.006612490123,0.00340515241,-0.009559583185,-0.009355994923,,-0.005597544855
2000-11-30,0.00178915557,,,,,,-0.003090355566,-0.009364085038,-0.001497745483,-0.005597923267,0.001165527179,-0.002342489656,-0.0002649495054,-0.003683561125,-0.002786517347,0.005084719498,0.008839670898,0.004010381012,0.005526440817,0.002226338225,0.002541453091,-0.0002405055971,,,-0.002360973638,,-0.0001758481713,0.000951377479,0.001948182726,,,0.0005990512892,0.00312817598,-0.005735766108,-0.003176351116,-0.003585745751,-0.000771259938,0.002237873926,,,,,0.006911856709,0.005430461991,-0.0054696158,,0.003103243622,-0.0003371571988,-0.008572885675,-0.003502917455,,-0.002022555777,,-0.01010357444,,,,,,-0.003951510022,0.004622759163,-0.003200931955,-0.00352906403,,0.009348009136,0.01584111044,0.01492056012,0.01449931855,-0.004207706254,0.004871527393,0.0003553441656,,-0.005062396929,,,5.115445123e-05,0.002849788778,0.004895988423,-0.008222989034,0.004114970219,0.008820072987,-0.002455076932,-0.004455550617,0.003750958553,,,,,,,,,,,-0.0008382418819,-0.0007792923483,-0.004678451048,-0.003400816126,-0.001007452017,-0.009019424158,0.004437396428,-0.00162428623,0.005961058314,0.002678151254,-0.002943667053,-0.004702838616,,-0.001640429395
2000-12-31,0.001035878367,,,,,,0.003115307582,0.001099967565,-0.0007523907198,0.001800746562,-0.001117367921,0.001518341928,4.936142952e-06,0.001674049268,0.001468178565,0.001485480001,0.003065784463,0.001741830774,-0.004079529975,0.0001516789568,-0.0004298616835,-0.0001936334181,,,0.001315122485,,8.797281657e-05,0.0005229699768,-0.0008267714388,,,-0.003289108517,-0.002679398443,-5.737116591e-05,0.003897349369,0.0008631655004,0.002477488477,0.003286441587,,,,,0.00296734886,0.002052665349,0.001857867211,,-0.001323868693,0.0009944652824,-0.002721564295,-0.003655840852,,0.003300166284,,-0.006216171509,,,,,,-0.0003252529313,0.004091408305,0.0004107714454,0.002175150822,,-0.002557159478,-0.009273716864,-0.005683694096,-0.002607704475,-0.008295830096,-0.005502892331,-0.001408812641,,-0.001876892759,,,0.0003798241474,0.001594119258,-2.053136999e-05,-0.002915958351,0.0007225290272,-0.0004358641054,-0.001795537665,0.001315470523,0.003162187886,,,,,,,,,,,-0.001361261218,0.0002468608263,-0.0006093512441,-0.0005151372677,-0.0008947110817,-0.002427184755,0.003335471686,0.0008082118976,0.004325250771,0.003946935165,-0.002755800857,-0.001285069413,,0.003356824804
2001-01-31,-0.004590518486,,,,,,0.004861219561,0.002189426145,-0.002314491393,0.003314897426,0.007956174364,-0.002964085138,0.006070304578,0.01223234323,0.01489631452,-0.0008479506782,0.003588057694,-0.004133341475,-0.004173296798,-0.0002886243282,0.00538300566,-0.007473837193,,,0.0001789718741,,0.002266482009,0.002015264458,-0.0001671396165,,,-0.003664496107,0.0004943987959,0.0150385199,0.005639080871,0.01471173917,0.01082734105,0.001388024812,,,,,-0.01001021711,-0.003175179594,-0.002306485456,,0.009854344794,0.0158353104,0.01895118236,0.01346459469,,0.0156749337,,-0.004694629684,,,,,,0.01539452305,-0.00169262848,0.000654254137,0.001843943588,,-0.01181927225,-0.005771056618,-0.008874639322,-0.008966349056,-0.004965732162,-0.00870543658,0.0005906471539,,0.01485721373,,,-0.0113825944,-0.01355084626,-0.01279640506,0.01840316847,-0.01593142446,-0.01620568461,-0.01590880645,-0.01451983693,-0.01097222011,,,,,,,,,,,-0.006067071177,-0.01745002151,-0.01627574024,-0.01799416214,-0.003010515214,0.01966327583,-0.0001662738393,0.01447988221,-0.005188159422,0.002116336777,0.01710652379,0.01455355183,,0.0158246928
2001-02-28,-0.00363830727,,,,,,-0.006623819012,-0.006481982692,-0.004614341641,-0.00127930565,-0.002700464196,4.626522676e-05,0.0003388442016,-0.003937449283,-0.004910861782,0.00078520978,0.0005040206437,-0.002284006094,0.0009077962234,-0.0020042756,0.005791055486,0.000817201435,,,-0.002721887252,,-0.008644066166,-0.008777956542,-0.007909631606,,,0.007438194689,0.003249805038,-0.005203243405,-0.004670265712,-0.005035670044,-0.003730107985,0.001498241993,,,,,-0.003236265848,-0.004399788983,-0.007947302631,,0.002092145656,0.007022952355,-0.004394856301,0.003579080679,,0.006718935354,,-0.007224924598,,,,,,0.0003457897343,-0.003218595709,-0.004378206547,-0.004714847217,,0.003730375044,-0.01027768629,-0.005770657424,0.004264904945,0.008592847975,0.007990304926,0.0001872408122,,0.001026346297,,,-0.002613128013,0.001391813719,0.002504431504,-0.004104903576,-0.001214301047,0.002808947447,-0.00535141274,-0.002062690543,-0.003429936592,,,,,,,,,,,-0.007988112148,-0.0006545651619,0.0002061680292,-0.0003592934209,-0.003791641665,-0.002557005021,0.006475942993,0.004939194987,0.006805162097,0.00634547952,0.0002136337772,0.002105092649,,0.006904471907
2001-03-31,0.0009010747648,,,,,,-0.001145655239,0.003364036182,0.002340342529,0.00197203166,0.001218484078,-0.004166687583,-0.0005016048372,0.002107301519,0.004351275994,-0.005581387835,-0.002179667204,-0.001120760361,-0.001339378972,-0.0006262433381,0.00139116933,-0.002466392793,,,0.002940668899,,-0.001412939625,0.0001737227875,-0.003774724576,,,-0.00027576902,-0.002235369737,0.003869313692,-0.0004236492127,0.004179116051,0.002101885645,0.0003339520118,,,,,-0.002918370491,-0.00277718316,-0.004429107237,,0.000759975453,0.001209017685,0.0068256217,-0.001567161715,,-0.000259580566,,0.001950732107,,,,,,0.003055985596,-0.001621116757,-0.002808788825,0.0006209758037,,0.01155235893,0.01148166751,0.010697992,-0.01845870582,-0.01316846958,-0.01327220033,-0.001025919485,,0.00245659667,,,-0.002598399783,-0.0007734316044,-0.003899891591,0.007085411249,-0.002584402652,-0.00253406316,0.001143973805,0.002178934776,0.0003335215034,,,,,,,,,,,-0.005183613909,-0.004698852232,0.003043242403,-0.006073193716,-0.00173982664,0.003254763334,-0.004627736508,1.439767114e-05,0.00271283162,0.004302980574,0.003058056655,0.001316831253,,0.0001470689257
2001-04-30,-0.003969412092,,,,,,0.001036006336,0.003888544067,0.002889827693,0.005842018138,0.003012368524,-0.003715838527,-0.0002405710859,0.001588409852,0.004525207656,-0.004628972745,-0.00595217652,-0.002127014347,-0.005543617845,-0.004414019855,-0.001102452861,-0.006396217914,,,0.002782571657,,0.00134318483,-2.449908398e-05,0.0004559303447,,,-0.004515168487,-0.003950597789,0.003172465151,0.001839212262,0.004537842934,0.000847568853,-0.003738982419,,,,,-0.007743970363,-0.006865392721,-0.001236742461,,0.004180826872,0.006910143295,0.01049533408,0.005759382019,,0.005355924133,,0.002560738445,,,,,,0.00702262568,0.0004928791557,-0.005178669477,-0.001132615256,,0.01241055817,0.01321263595,-4.643746991e-05,-0.01280034077,0.01323628696,-0.01353312873,0.004437869647,,0.006645335479,,,-0.00645143576,-0.002761814676,-0.008914858067,0.01030583664,-0.0003738256521,0.0002437987314,-0.0008662251021,-0.003322307078,-0.002425639467,,,,,,,,,,,0.002720628072,-0.007500655237,0.004231676943,-0.008555700063,3.832242189e-05,0.0137050334,-0.006936947323,-0.001224304325,-0.001577424201,0.0007587812167,0.006455257759,0.006446880008,,0.007767411978
2001-05-31,-0.0005771516325,,,,,,0.0005472660853,-0.0003654980302,0.001043143544,0.001503161313,0.004588406346,-0.0008425532621,0.002793561236,0.006578380207,0.006576864323,-0.0006526462109,-0.0008211027328,-0.003520060567,-0.001383554286,-0.004169449627,0.0004272426195,-0.003181177861,,,-0.001724986193,,0.001265881156,0.000209458474,0.0006583680867,,,-0.005134943982,-0.001042418529,0.006456722569,0.003722728312,0.005880901502,0.006347667663,-0.003111213354,,,,,-0.0008717151495,0.0003683088659,-0.00288421018,,0.002197985855,0.0080009653,0.005219231983,0.005532904594,,0.007360140743,,0.001080095079,,,,,,0.006571075312,0.002213579872,-0.0002269761162,0.001184723904,,0.007535813493,0.003520546581,-0.004009261723,0.004434269239,-0.001217226523,9.086263565e-05,0.000240268754,,0.005923924485,,,-0.004762943884,-0.002389411918,-0.004206004526,0.005315416999,-0.002826576462,-0.001997187531,-7.232315502e-05,-0.0006320191721,-0.001545201064,,,,,,,,,,,-0.001511978986,-0.005070920124,-0.005777068032,0.002339160236,-0.002384719738,0.004901931889,0.001007939471,0.006589247555,0.001135244101,0.004299868551,0.006709517844,0.004886025333,,0.009465708769
2001-06-30,0.0005066879354,,,,,,-0.0005002569396,-0.0001771121332,0.001049414863,-0.001441757066,6.81018044e-05,0.0002725996991,-0.000924002597,-0.0008909966355,-0.0004347434421,0.001759938717,0.002225727431,0.002644514081,0.002694242172,0.003733543352,-0.001111575466,0.001817222297,,,-0.001013619705,,-0.002416401453,-0.0004233056952,-0.002904740511,,,0.002558117503,-0.0006347923098,-0.0008875485183,-0.0001107535426,0.0004811153365,3.406836533e-05,0.001584508648,,,,,0.0005008016412,-0.0008275060071,-0.0032854933,,-0.002399985107,0.003221358005,0.001234913561,-0.001869121381,,0.0001511207562,,-0.00465956267,,,,,,0.0005925106934,1.208702551e-06,-0.002264133822,0.0002518006855,,0.002787871979,0.002029105722,0.002623576822,0.0006508450223,-0.001355997185,0.0001758969106,0.0003654049074,,0.0006392080752,,,-4.760334717e-05,-0.0004353596946,-0.0007877385905,0.001119905772,-0.002788982127,-0.0002180568799,-0.001811504319,-0.00293166203,-0.003680250636,,,,,,,,,,,-0.003330196891,-0.004313102606,-0.001939154851,-0.002399964554,-0.000867902144,0.0004412635126,0.001578844438,0.002158509694,0.001704048439,0.001730125366,6.261818396e-05,0.001316588124,,-0.000659629565
2001-07-31,0.000128417516,,,,,,-0.0006534183413,-0.003361987514,-0.0006916677362,-0.00147869025,-0.0006912077926,0.001299309465,-0.0003182872309,-0.0003760601854,-0.002486844821,0.002507929451,0.003044308951,-0.002298402456,-0.0004394285039,-0.002162672885,0.002493099167,0.002124220729,,,0.0006134380302,,0.001680156217,0.000551484078,0.001953586852,,,0.002834068189,0.004078544167,-0.002898657051,0.0003764777363,-0.003812695869,-0.0009726526254,0.002374902266,,,,,0.006211590754,0.007287530016,-0.002288924676,,-0.007592276014,-0.0006798465515,-0.009062969562,0.001417922198,,0.004948125806,,-0.007791734177,,,,,,-0.004097757881,0.001257440583,-0.001775203266,-0.001886578368,,-0.006611315741,-0.004082670674,0.008756338279,-0.007142296413,-0.007165458806,-0.008790376258,-0.002892234034,,-0.005452147806,,,0.003749457626,0.0002866826767,0.004347917374,-0.009245105199,-0.001467683834,0.00463944374,-0.003645040088,-0.004015847251,-0.001710476488,,,,,,,,,,,-0.003766439636,-0.003033499686,-0.001852023579,-0.001334217843,0.001315285439,-0.007957910462,0.006326132349,0.004069797778,0.00747184224,0.006607380647,-0.004109667378,-0.003458319642,,0.001483086351
2001-08-31,0.002760437438,,,,,,-0.002788878686,-0.004227445834,-0.001994133999,-0.001187682722,-0.003616294739,0.002714529479,-0.0009744304975,-0.004713467277,-0.004935331938,0.003492698697,-0.0001791964799,-0.003317577036,-0.0007978911329,-0.002548318099,-0.0006328190064,-7.348190526e-05,,,-0.001872654317,,0.0008455152365,-0.002046988653,0.0008476499171,,,0.005105709281,0.002196136939,-0.005559149356,-0.003487656574,-0.004367683493,-0.004123642101,-0.0005173217807,,,,,-0.001785547822,-0.002014227061,-0.0028913982,,-0.002714928504,-0.0004658651666,-0.001711585545,-0.002395479942,,0.001025952137,,-0.001713062273,,,,,,-0.003488751942,-0.003231797003,0.0007845632331,-0.0007710492576,,0.006469875493,0.008014018353,0.0003832213004,0.003430474905,-0.008231677179,0.004089948064,-0.001106253133,,-0.003040580031,,,0.001400349127,0.001246578223,0.00210511459,-0.001438041269,-0.0005183824342,0.003874765866,-0.0004516166392,-0.0007189830941,-0.002153067262,,,,,,,,,,,0.0009637834011,-0.001270420377,-0.002174195305,-0.002139370266,0.0001546192758,-0.004398376387,0.004969537327,0.003938724001,0.002719353561,0.002273744496,-0.005241676404,-0.004110472603,,-0.0005107492859
2001-09-30,0.004409258031,,,,,,-0.0008620081616,-0.001191544976,-0.003080507151,-0.00134661046,-0.006648817992,8.460260344e-05,0.0006655033753,-0.008864505521,-0.009581167475,0.0002497019263,-0.0007958846484,0.001388250495,0.002309315887,-0.0003909534985,0.001752975351,0.0001502240069,,,-0.002593381635,,-0.003957433154,-0.003495209966,-0.001495736253,,,0.008301875023,0.002293595816,-0.008197945219,-0.009306570095,-0.009164338026,-0.009707202704,-0.001054260558,,,,,0.0005051391426,-0.002991966751,-0.003430974214,,-0.004864543791,-0.0002101040903,-0.007645518524,-0.007758157079,,-0.004180085001,,-0.00432939247,,,,,,-0.006464824469,-0.002904554286,-0.001168176535,-0.001934738933,,-0.0009178879258,-0.001538201197,0.00683165851,-0.001703710025,0.001687192504,0.001848005615,-0.00380445805,,-0.005656343976,,,0.002609013296,0.00603633967,0.006094437059,-0.007664811824,-0.004716396618,-0.0003013710877,-0.0008494877611,-0.006339757876,-0.007802219161,,,,,,,,,,,-0.002382441085,-0.002893451275,0.005301480376,-0.007118455582,-0.002973814217,-0.008185128752,0.0005267419203,-0.003596251485,0.003456384356,0.00205274862,-0.008224476134,-0.008126202082,,-0.007210080993
2001-10-31,-0.001688591983,,,,,,-0.0002345489244,-0.003689627638,0.004411714443,-0.006759369411,0.001600888529,0.004968013586,0.004354804993,-0.001003806059,-0.005158798628,-0.00215518232,0.0004182080804,-0.00642219771,0.001202883265,-0.004490905133,0.003979078844,-0.002065353112,,,-0.002260113222,,-0.0109401917,-0.01092785727,-0.007149955148,,,0.007965677316,0.004905280315,-0.003213918492,0.0003150504707,-0.004338541839,0.002439958204,0.005423172728,,,,,0.005944795972,0.008253521474,-0.003743633747,,-0.006318204222,0.004447843737,-0.00755376259,-0.00352567334,,0.004962837159,,-0.008682322556,,,,,,-0.004956477949,0.006098577139,0.01055080655,0.005166184446,,-0.005232138596,-0.005001057617,-0.003397781164,-0.004847970595,-0.004561577823,-0.00052322499,-0.002763379841,,-0.004797820522,,,0.0007652364723,0.003340893921,0.003515263978,-0.007134868411,0.003865650246,0.001081723732,0.009364699187,0.005936973562,-0.001047415105,,,,,,,,,,,-0.01123029669,-0.002747427654,-0.002372947367,-0.003837579068,0.001580127523,-0.004753868461,0.005223223639,0.003495479565,0.001628869691,3.395309346e-05,-0.006630703137,-0.005322418148,,-0.001338687137
2001-11-30,-0.001480219768,,,,,,-0.00566029252,0.002813833407,0.004268536238,0.005957684462,0.01164861973,-0.00594219293,0.002257576981,0.01670427683,0.02041110921,-0.01073464697,-0.01154358543,0.002287312456,0.001636120325,0.003089140684,-0.01155150987,-0.006963461424,,,-0.002621862042,,-0.003499643111,-0.001492981512,-0.007624386927,,,-0.001235097819,-0.005679654138,0.01977214348,0.003643205067,0.02010032775,0.01517911997,-0.0043476124,,,,,-0.01400086601,-0.008017750586,-0.005079467537,,-0.007558629653,0.01145821581,0.02010930133,0.008743190879,,0.01016071639,,-0.01038535296,,,,,,0.02137408704,0.008220850099,0.00497428005,0.001167796088,,0.005093344407,0.005910346129,0.001521543303,0.006360696497,-0.003703555266,-0.006106778126,0.0009127719794,,0.02076293215,,,-0.009838931895,-0.01058464079,-0.01264752192,0.02081161221,0.001047187038,0.00282892349,-0.01221674312,-0.01173582549,-0.003926331615,,,,,,,,,,,-0.01393930876,-0.01033794689,-0.02120844648,-0.01969835129,-0.001113680208,0.01915095247,-0.003187653768,0.007862881847,-0.003360202964,0.002153097079,0.02079231294,0.02051632484,,0.01984669707
2001-12-31,0.0009910760147,,,,,,-0.001224417855,0.001188029309,-0.002768930491,0.0006524071556,-0.0001367801955,-0.003177846819,-0.0005530947736,0.006117655433,0.005308046233,-0.003326112517,-0.007369712821,-0.0001990687213,-7.394844281e-05,0.001944389228,-0.001546416314,-0.001392784353,,,-0.001377861663,,-0.002332414786,-1.190647761e-06,-0.005513152391,,,-2.432151424e-05,0.0002733156383,0.00607545088,0.0008107965828,0.00566734733,0.004839228152,-0.004204414124,,,,,-0.002638363332,-0.001651549698,-0.004729017753,,-0.001830260202,0.008049051827,0.003297985212,0.008474971892,,0.0100270014,,-0.006572804139,,,,,,0.006347433307,-0.0008757445891,-0.002351029033,-0.004198938005,,0.002826914211,0.002659219947,0.0006083787394,-0.001039990503,-0.00744390156,-0.003921627696,-0.0007417053478,,0.007022287829,,,-0.007275737107,-0.00535692634,-0.007139858306,0.003410317196,-0.0003881949214,0.00496950356,-0.006736853654,-0.008155435391,-0.005149693684,,,,,,,,,,,0.002220084186,-0.00385467605,-0.007198247719,-0.007572330573,-0.006824384708,0.005303510389,0.001604748332,0.005532009975,0.004812084793,0.007675987146,0.007788649397,0.005270005621,,0.01257831248
2002-01-31,0.00119620875,,,,,,-0.001367811571,0.001294103257,-0.001552450271,-0.002027875197,-0.001522208965,0.0003197754281,-0.005392228152,-0.003564346498,-0.002226689572,0.006289326337,0.004962538104,0.002468028311,-0.0002098055349,-0.0002901429013,-0.001667661219,0.00228164585,,,0.004976165455,,-0.004853001218,-0.0007736476673,0.0008686066947,,,0.001506760448,0.0001505441203,-0.001849142427,-0.0008543784401,-0.00211827762,-0.002872712867,0.0005681550313,,,,,-0.001628106308,-0.0005040765402,0.001660118139,,-0.003702089744,-0.0002202783903,-0.001111490805,0.001577087332,,0.002087073807,,-0.003359103535,,,,,,-0.0002099826448,0.001142638548,0.0007095363303,0.002871413761,,-0.002501995654,-0.002471449677,-0.0004435772737,-0.0005091178412,-0.0009961386483,0.003133661024,-0.005371664864,,-0.001498983821,,,0.0019125627,0.001400949059,0.001647666116,-0.00187204928,0.002119735377,0.001393673257,8.348059453e-05,0.003167399471,0.00257943147,,,,,,,,,,,-0.008349632067,0.001032845368,-0.0007718195355,0.001484605404,-0.002226437098,-0.0005244843208,0.002069315806,0.003918692561,0.002124324505,0.002590571287,-0.003619896579,9.805862316e-05,,0.00330913859
2002-02-28,-0.001895131122,,,,,,0.001720621723,-0.002004251246,0.001017957447,-0.005519935531,-0.003320444484,0.001992144697,-0.002833268447,-0.001019268902,-0.003491179016,0.003842750745,-0.0006691810306,0.002715963057,0.001921322495,0.001494560395,-0.0001587610518,0.002713386306,,,0.003558619511,,-0.0006604017863,0.0007081928026,-0.001222613805,,,0.001699913171,-0.0008606897476,-0.003000430466,0.001184026601,-0.003264189312,-0.00258416901,-0.00106104126,,,,,0.001988348843,0.0008130035501,-0.001045225312,,-0.004986144564,0.002813694066,-0.001683676603,-0.0004007711705,,0.002511077162,,-0.004636303802,,,,,,-0.001842585798,-0.0004385799934,0.000433804708,-0.001119380865,,0.006274037221,0.009852092011,0.008763409873,0.004134339943,0.007059334527,0.01022840822,-0.002282428835,,-0.001227201193,,,0.003346414509,-0.0006211163269,0.00026690035,-0.001827900473,-0.0004100287873,-0.0003379137032,-0.0002381181905,-0.0005400022153,-0.001356252837,,,,,,,,,,,-0.004418374959,-0.002673365507,-0.00353787882,-0.002764724932,-0.001133772174,-0.001152911141,0.002597145924,0.00218760121,0.003903257825,0.003578305158,-0.001188630594,-0.0006101507255,,0.002205241859
2002-03-31,0.0003098201837,,,,,,-0.003243902331,0.004592493872,-0.0002954011076,-0.0009806422854,0.008452562503,-0.0008723350944,0.001646958989,0.007845607739,0.01194908318,0.002010854261,0.0002320884373,0.0009238975281,-0.002014334097,-0.00112174083,-0.009070055951,0.000788316737,,,-0.001333088209,,0.001889104906,0.003030840624,-0.0009629871959,,,-0.001868392505,-0.002371159447,0.01225567194,5.68867621e-05,0.01121968475,0.006988460384,-0.0042543057,,,,,-0.007893085046,-0.003752449649,-0.0007038666794,,0.004490203748,0.009138555931,0.0109046185,0.002073258321,,0.003202566389,,0.001269076697,,,,,,0.01194468865,0.001742091849,6.344851957e-05,0.005210600525,,-0.0006819922555,-0.0004158089467,-0.0009050911869,0.005017623111,0.001703863455,-0.01029438051,9.60432908e-05,,0.01120334683,,,-0.004528847414,-0.008865059564,-0.007910461712,0.01081884998,0.002592918577,0.002330987474,0.002193667834,0.0009362058811,-0.003839897633,,,,,,,,,,,-0.005185886403,0.0016491839,0.003231128373,-0.002839670728,-0.003713227427,0.01192413779,-0.00596286838,-0.0006040359715,-0.003991477609,-1.50195641e-06,0.009882122051,0.008568519928,,0.009903781736
2002-04-30,0.0004416143944,,,,,,0.001079209855,-0.007411199565,-0.002059449403,-0.006139703634,-0.005569577208,0.001854322177,-0.0007010795194,-0.002941375015,-0.006614616298,0.004442557973,0.005211679395,0.00201757907,-0.0003508081466,0.004157211052,0.005502292687,-0.001767187226,,,-0.0003407681172,,-0.003104641524,-0.004283784048,-0.0002239613058,,,0.005411542547,0.005502091106,-0.007220412896,-0.0005327187613,-0.006699732727,-0.002740602532,0.003002822314,,,,,0.008033222179,0.005308702146,-0.0004863866496,,-0.007935804787,0.0002466334134,-0.008293557549,0.002579916901,,0.005715350778,,-0.003702886769,,,,,,-0.00422992534,-0.0009850842852,0.00197969249,-0.0002982137223,,0.007794712244,0.009271801068,0.007122477423,0.006886521223,0.0004192767991,0.00384005838,-0.001856731146,,-0.005744910597,,,-0.003506149054,0.003743931632,0.004087888649,-0.008172281872,-0.00380955264,-0.0008526938524,0.001410468589,-0.002310117389,-0.0005877872994,,,,,,,,,,,-0.006334490927,-0.006173511925,0.004518375414,-0.006313811676,0.0008869910759,-0.007451514026,0.00699344707,0.006002776268,0.006325567932,0.004826322959,-0.005154111784,-0.003794954592,,0.0001146622073
2002-05-31,0.001997831434,,,,,,-0.002412289957,0.004572591881,0.0009735674985,-0.0004413959456,0.001681295171,-0.001545354341,0.001364229705,0.002252063426,0.002147638865,0.000628428075,0.001384951161,0.001278891693,-6.299514833e-06,0.0002647710693,-0.002590920621,-0.001102547552,,,0.0006576334458,,0.003039584354,0.003427057796,0.00022173755,,,-0.001408472412,-0.000949094727,0.003351524853,0.0002557393214,0.002907704951,0.001706579097,-0.001935841301,,,,,-0.003263706922,-0.001478877061,0.002757122668,,0.000550741529,0.003060366342,0.00192948778,0.00162280351,,0.00369107182,,-0.0005710708161,,,,,,0.003338538411,0.0009226667448,0.0002917859756,0.000580989958,,0.008793723989,0.007477586241,0.006475195128,0.00122221589,0.006961288638,-0.01280358183,0.0005634972268,,0.002289937667,,,0.00260648392,-0.00219674704,-0.001439508898,0.001679197337,0.002546330386,0.0004122648554,0.002296872412,0.002404024352,0.002324931278,,,,,,,,,,,-0.003590946706,0.003082663864,0.003819237844,0.002593004776,-0.003493519188,0.002590552058,0.001520458007,0.004110644234,0.0001539910777,0.002434743854,0.002426714498,0.001914582595,,0.00531019536
2002-06-30,0.003540003691,,,,,,0.0003375868413,-0.004011081534,-0.002580410554,-0.001149375319,-0.00352395459,0.0003311670282,-0.001394440493,-0.004805704354,-0.007267207025,-0.0006040033904,-0.0003833170997,-0.002735688823,-0.001398564481,-0.0003542990143,0.005412832047,0.0004769595714,,,-0.000232529283,,-0.00136800021,-0.002010547942,-6.209647844e-05,,,0.001013536192,0.0003546251168,-0.005407138674,-0.001072631891,-0.007005049536,-0.004701766256,0.0002556467678,,,,,0.002284716003,-0.0007244815781,-0.001365615283,,-0.002980731199,-0.0003525670235,-0.004835924424,0.000567679792,,0.002522133373,,-0.001086290647,,,,,,-0.003281674245,0.002060190682,0.001612658773,0.001924378288,,0.003358566959,0.002682949317,0.008791645115,0.0109349047,0.002726183502,0.005454429633,-0.000771229922,,-0.003217989881,,,-0.002692062103,0.0007656935625,-0.0002612961609,-0.004888913008,-0.0004308173937,0.003367084583,0.0008836775012,0.001202270645,-0.0007554220476,,,,,,,,,,,-0.0008972256656,-0.0006119091026,-0.00473155487,-0.003823401053,-0.004320104896,-0.004826451823,0.00642587972,0.004840196857,0.002796275106,0.001706403578,-0.003982000578,-0.005456366786,,-0.003278791512
2002-07-31,0.004293973102,,,,,,0.003293439922,-0.00749558758,0.0007003984245,-0.006509804152,-0.009881575018,0.004392425777,-0.002253373414,-0.009535602885,-0.01148326734,0.003923895488,0.004911180459,0.0003863238071,0.0014492654,0.001503792451,0.008615469945,0.002623991494,,,0.0018714684,,-0.003314856448,-0.004268551944,-0.003888216492,,,0.00274443013,-0.001098590794,-0.01035296519,0.00135065316,-0.01140487293,-0.009074356598,0.004075829369,,,,,0.007368823826,0.001540220468,-0.001027077551,,-0.004347467159,-0.004518466784,-0.01153206892,-0.003757836269,,-0.0002084120654,,-0.003304062609,,,,,,-0.01147691745,-0.001011574834,0.001354473695,-0.002475891158,,0.008633194688,0.008132158221,0.003783404858,0.00693033908,0.006809221566,0.01423182134,-0.001430047015,,-0.01107081292,,,0.000361682672,0.003319570428,0.006505234488,-0.01238490231,-0.0003008499445,-3.731469801e-05,0.003538270056,-0.000955629881,-0.005335486735,,,,,,,,,,,0.0058877408,-0.002941377863,0.009166503461,-0.002168168904,-0.0001920227183,-0.01075344761,0.008557800915,0.004388728229,0.008173255546,0.002482208298,-0.01218027673,-0.01097104672,,-0.01006606382
2002-08-31,-0.008531432583,,,,,,0.007340309368,-0.00259300916,0.000944111904,-0.01650797511,-0.001356497175,0.008733783588,0.007966185221,0.002194824267,-0.0004433091142,0.01751083452,0.01515951903,0.01585091125,-0.0001840947025,0.01826277332,0.01529320795,0.0002784452318,,,0.01182898952,,-0.001438509101,0.01010005838,0.0008327421999,,,0.02145338243,0.01020729076,0.006609251078,-0.004847600001,7.149577531e-05,0.0054741573,0.004861903927,,,,,0.01460950024,0.01893965765,0.01524002441,,-0.01404288862,-0.003126604875,-0.01405992193,0.002885006535,,0.005949564252,,-0.009593993768,,,,,,-0.0003936278677,-0.0008012793137,-0.002244407934,-0.002461011846,,-5.4236824e-05,0.001250810058,-0.004778878178,0.006118785422,-0.002756013682,-0.01353342924,0.0006788322773,,-0.003483385341,,,-0.005474000334,-0.00182663827,0.01166283111,-0.01537059265,-0.01234065112,-0.002777455428,-0.006086544452,-0.008604512746,-0.007915003789,,,,,,,,,,,-0.004765836748,-0.001786552335,-0.005528970357,0.002449668289,0.0118655315,-0.0119590864,0.006031330333,0.005310898791,0.003388354356,0.001998736842,-0.002404366799,-0.0002475011083,,-0.001704294554
2002-09-30,0.006173124571,-0.001002654277,-0.001180881999,-0.002349310661,,,-0.0148280519,0.00820729266,-0.006958746346,-0.01525835628,-0.01021038214,-0.001027020709,0.01181822173,-0.01431300365,-0.01244627626,0.005601580595,0.01419234223,0.004494983631,0.01401917248,-0.002770821877,-0.0006491236137,0.007138976866,,,-0.01118748137,-0.002302656143,-0.00637357693,-0.007405028841,-0.0003841746656,,,0.01431097215,0.005228573393,-0.01025735632,-0.01840039094,-0.01102790595,-0.01629429161,0.002256530537,,,,,-0.006830111941,-0.0135401817,0.01513386859,0.003514368936,-0.007969360778,-0.004072555869,-0.009602223356,0.001191131655,-0.003802157941,0.001711149414,-0.005837506495,-0.002908506003,-0.000467836975,-0.005402294595,-0.004909723312,-0.004122216562,-0.004687105802,-0.006707778298,0.002999438628,-0.005370990474,-0.003445259269,-0.0007433090086,-0.003571981697,-0.004707631794,-0.006192336207,0.005600507083,-0.003884611802,-0.007436632488,-0.008301874849,,-0.01044290613,,-0.005070783541,-0.003173132744,-0.001843442713,0.002512771456,-0.009990045662,-0.0003574513068,0.002675491286,0.002586357975,0.003463636639,0.001816529525,0.0008616980044,0.00424167925,0.001799417577,0.002208321188,-0.0001758436412,-0.002204722972,-0.005123189082,-0.003427359865,-0.004732899202,-0.005421020039,0.001971594582,0.001862806483,0.006027729018,0.007083009457,-0.005183386518,-0.01091343486,0.01479153436,0.01214784737,0.00677252989,0.004400019181,-0.01047848861,-0.009576407284,-0.003078370596,-0.007136456791
2002-10-31,-0.003748259848,-0.000436258316,-0.002813167062,0.0007936993042,,,-0.005255161395,0.01133646659,0.009052428039,-0.01502872452,0.008548977594,0.001153717041,0.001748545179,0.00192592735,0.004627498072,0.004357113422,0.009782821559,0.008865341083,0.01309492738,-0.006813953716,-0.002112056927,-0.008763524507,,,-0.009285274803,-0.0004626301297,-0.01269073539,-0.01070344887,-0.001434006213,,,0.02084944624,-0.005120912681,0.004389633705,-0.0001395818924,0.00415480564,0.0002350437565,0.01121997258,,,,,-0.01409517942,-0.008640509673,0.01393433949,-0.0008129762266,-0.003803935202,-0.0001927405077,0.004542442724,0.0007836211573,0.003049481995,0.0005832412106,-0.004637498576,-0.0008474683133,-0.001943633384,0.009420659231,0.006806448213,-0.001422640384,0.001256310636,0.009650199982,0.002006034536,-0.004727224069,0.0002103820177,-0.001767019379,0.005001845978,0.02217630092,0.004246645585,-0.005808503731,0.003959142486,0.000987762255,-0.008631761333,,0.003689185415,,-0.003326662186,0.004060526618,0.00102634635,0.0003909671478,0.00443678477,-0.006566285907,0.001954309932,-0.008959899962,-0.008648882759,-0.007875767659,-0.002561535551,-0.004135630852,-0.004388749104,0.00588700237,-0.002643951048,0.008368676334,0.007684789293,0.004220003577,-0.004712175623,-0.003823649033,-0.001887140033,-0.01305852825,-0.01430357801,-0.01415240346,0.0004050140424,0.008055403313,-0.002077967108,0.0008498582349,-0.002562001048,-0.002210631807,0.0121913646,0.01225707339,-0.001333548355,0.008276943589
2002-11-30,-0.000829818266,0.004530844336,0.003787075799,0.006724717898,,,0.00896516635,0.007931843042,0.002652895638,-0.0165802429,0.01065535225,-0.006060180714,-0.010872929,0.0132981571,0.006100538061,-0.000126443493,0.007719810138,-0.006351761011,0.016654157,-0.005061153789,0.01027062769,-0.0104133771,,,0.005358117064,-0.0004481945251,0.005176419397,0.01039587544,0.002808334923,,,0.004660920745,0.00623583222,0.0179485129,0.01095952564,0.01546835507,0.01494333798,-0.01504021011,,,,,0.003960583111,0.01248049288,0.01165174168,-0.01076880862,0.0001105281791,0.01574512089,0.01094129351,-0.007838698349,0.00568498643,0.00172193087,0.006361237399,-0.001566668733,-0.002012137782,-0.006390887863,0.0037369068,0.01127840172,0.007077156092,0.01772486313,0.01423772685,0.006221191926,0.006198666875,0.003266029082,-0.01130352781,-0.005866469515,-0.008328568331,-0.004706130507,0.024915922,0.03050349547,-0.006877384445,,0.01291539007,,0.005540679659,-0.003512417142,-0.005894382285,-0.01107699544,0.009730399731,0.002698489211,0.005228311444,-0.001617452411,-0.005476023927,-0.002970176544,0.007593005929,0.006230585896,0.008415470056,0.0002065528357,0.003427363775,-0.001691236948,-0.008728628587,0.004868542819,0.004648124484,0.006175695619,-0.01035084024,-0.01923312445,-0.01791636379,-0.01957771837,-0.000755286303,0.01598826529,-0.01069692669,-0.005688134078,-0.005750012316,0.002685537974,0.01926446165,0.01055255194,0.009014706907,0.0143201206
2002-12-31,-0.0006653361871,0.003443392165,0.0009319164885,0.006304748898,,,-0.006871224914,0.01790616628,-0.004024331987,-0.02192015991,-0.01969460676,-0.00283947588,0.002568539447,-0.02353346611,-0.01916351173,-0.005630340743,0.0006355039421,-0.01467448138,-0.01000073026,-0.01141826357,0.0005492878072,-0.009096088655,,,-0.003623752944,-0.009326462531,-0.008280607009,-0.0111529707,-0.01567197985,,,0.02383218785,-0.0005620733807,-0.01859286406,-0.01367458816,-0.01842699162,-0.02025786534,0.002121615061,,,,,0.006681606072,-0.00680409019,0.01335856569,-0.01269734286,-0.02211429608,0.002208356401,-0.005920206497,0.00500156048,-0.005796165076,0.001287022481,0.0006677590646,-0.002386469642,-0.004016477071,0.0005524925394,5.971724441e-05,0.004009655992,-0.003100020794,0.006688411569,0.01161641069,0.00375490298,-0.006408485514,0.002644132623,0.01573394203,0.01109226831,0.03578275606,0.006788589091,-0.002860339262,0.01783291859,-0.007708828493,,0.009765382675,,-0.001646285465,-0.008839601228,0.002145515083,0.003702399929,-0.007630771685,-0.005676624045,-0.006284793582,-0.0001913160967,-0.005721778461,-0.002238844772,0.004746240566,0.0001271257871,0.001897926593,-0.009269988546,0.001275278728,-0.006567692913,0.00250204742,-0.001023447546,0.003937978184,0.002521722103,-0.002130389177,-0.0004970012163,0.009144900691,0.008443395445,0.003712085193,-0.002290826042,0.01132745329,0.009197450444,0.001814461672,-0.002623703257,3.699381335e-05,0.008401842304,0.0006743633974,-0.002475933609
2003-01-31,0.0004902630861,-0.0007950137691,-0.001604626129,0.003502009451,,,-0.01098988032,0.02398131885,0.01149301509,-0.01161960239,0.01420874431,0.001842829126,0.009390499195,0.003472155004,0.007246345504,-0.009893599845,-0.007881107544,-0.01444880621,0.01770624278,-0.01921405811,-0.0002664080859,0.01107642155,,,0.01433150065,-0.0006085741953,-0.00911355993,-0.003621911802,-0.01694100517,,,0.01422045893,0.0004303568391,0.002380687544,-0.003716827957,0.01027225207,0.006441734209,0.002929901214,,,,,-0.01390613423,-0.009238378219,0.01329541461,-0.001393699597,-0.0006153120777,0.006847280913,0.005271182978,0.005217184571,0.005833241587,0.01020963097,0.007544215481,-0.008741383191,-0.000749868076,0.0005320830074,0.00462800347,0.005495111447,0.005212728406,0.01452203378,0.00501605045,-0.002452567149,0.0003488431702,0.005810009145,-0.003802411273,-0.003705162048,0.003949566774,-0.01942581458,-0.01492487523,-0.022996424,-0.01180261625,,0.01063655274,,0.006651012877,-0.001443590829,-0.002423740777,0.002484185992,0.005828067073,-0.006070370353,-0.0008340579719,0.004273355487,-0.003891921233,-0.003859265327,0.002926938322,0.003568816994,0.009682988957,-0.003928935714,0.005150617381,-0.001777263384,-0.003289287362,0.005051908098,-0.002706014408,-0.0003680889239,-0.004752068281,-0.01374291079,0.008275550752,-0.01516226272,-0.004269853993,0.005420773683,-0.002808919833,0.003551928926,-0.002659573067,-4.105911475e-05,0.01102292446,0.01402159697,0.002255131442,0.01358456782
2003-02-28,0.002842061615,0.000571697561,0.0006161310422,-0.00418855453,,,0.00985836684,0.0004828665782,0.001330401036,-0.003318294584,-0.00255301746,0.004800599241,-0.002204765186,-0.004481262637,-0.0043849542,-0.006169049596,-0.006108336999,-0.002099733942,-0.002049675617,0.005754978896,0.00345113925,0.003251757387,,,-0.0003278561696,-0.003628540233,-0.009829820302,0.002462135387,-0.0106109503,,,0.004047087705,-0.009141741974,-0.008022771832,0.003180039022,-0.005274186545,-0.004427060435,0.003350814187,,,,,0.008116666553,0.006313445515,-0.003679947281,0.003864695171,-0.00497017275,-0.004248275681,-0.01005133615,0.0002175165067,-0.005080752278,0.005070104618,-0.003187154051,0.004854729291,-0.004643508388,5.832665288e-05,0.0001217341161,-0.0005958656235,8.92885658e-05,-0.001958919747,0.008775679365,0.007660620132,0.01056479993,-0.001680588095,-0.007235648866,0.006585037622,0.008939773325,-0.01017222157,0.005109142637,-0.004475466431,-0.004250137723,,-0.005008833731,,-0.004283328771,0.001541269057,-0.006406371668,-0.003255149229,-0.01006287985,0.004997724477,-0.00224878424,0.0004007097934,0.009266706757,0.005986486023,0.001334569743,7.486304744e-05,0.003023909762,-0.002012879968,-0.001134722507,0.0001272582377,0.002019942012,-0.002537278753,-0.005709077355,-0.004491446447,-0.001436779726,0.0004973294429,-0.004787564484,-0.004368551758,0.001148596037,-0.01112341559,0.009953405534,0.0074085736,0.008133101779,0.004459760586,-0.006228787854,-1.867502218e-05,-0.0001952228724,-0.005630410231
2003-03-31,-0.002851062316,-0.002866418722,-0.002316842422,7.862285949e-05,,,-0.007143478043,0.007921490872,-0.004311945237,-0.003737434292,0.005025907199,-0.01565381622,0.008905347381,0.00468136893,0.006147425827,-0.01368519329,-0.004164879053,-0.0006106414265,0.005553342519,-0.003827191396,-0.003721008916,0.008585751053,,,-0.001953560426,0.003876121318,-0.01328174189,-0.0117803842,-0.01523308541,,,0.01078954655,0.002749967124,0.002404044555,-0.003045340007,0.006576836445,0.001818352568,0.003791853925,,,,,-0.01261878794,-0.008365768636,0.002196395824,-0.0004166586409,-0.003475625621,0.008700805646,0.005796234427,0.004361153187,0.005159812083,-0.002893272479,0.004252347436,0.0002873385119,0.004592324373,-0.005284554083,0.007019534719,0.004953868188,0.00660075093,0.006609377206,0.01056072223,-0.0004607083179,0.006781858651,0.005039948856,-0.008332664092,-0.007793861836,-0.007244852392,-0.001011073874,0.003704486703,0.006755571018,-0.00704820124,,0.007327066847,,-0.001242706711,-0.005173588752,-0.003130489209,-0.003689673944,0.006382971037,0.0008114618,0.003445260322,0.00398247729,0.003545661296,0.0006771444038,0.005080727677,-0.003361496125,0.002532029775,0.002578858291,0.004813960741,-0.005446226821,-0.004486737298,0.005937790543,0.003555302045,0.005107546549,-0.006517711917,-0.01303850688,-0.0004338099322,-0.002224796577,-0.002326593206,0.006370492957,-0.00724739685,-0.004206473894,0.001060852453,0.002690243249,0.01491189603,0.00693910276,0.000151253319,0.005723602276
2003-04-30,-0.008038603504,-0.001851358049,-0.002769586956,0.002437809019,,,0.01274853804,0.01046707046,0.01871093015,-0.01193245156,0.01166609421,-0.017101311,0.008978176303,0.01365380881,0.01249650458,-0.01370445888,-0.01528911919,-0.01024136052,0.008939345823,0.01414030548,-0.006482245806,0.005692070009,,,-0.005719758591,-0.001845004414,-0.01846423481,-0.0189697017,-0.02055619296,,,0.01400160575,-0.01391320197,0.01332777943,0.01599579129,0.01222063367,0.01414367347,0.005517063636,,,,,0.0102702586,0.01357042696,0.0121438383,-0.005643214772,-0.003930704749,0.005689373676,0.008649267198,0.000895235096,0.0001912551072,0.0008363424715,0.0008837476382,-0.001563611468,0.0006442352385,0.0004959693688,0.005684020962,0.002957026058,0.007305499167,0.0177739755,-0.006280414994,-0.008447776152,-0.0104299955,0.005045067589,-0.003797364165,-0.001701144905,0.003786772418,-0.007018060198,0.002181323808,0.0032362732,-0.009888839306,,0.01694675618,,-0.00231704845,-0.009951813377,-0.008738965497,-0.006442201483,0.00875037466,-0.01005264202,-0.009718569699,-0.001994162399,-0.007643660159,-0.002663852419,0.003979096571,0.0003734441265,-0.005621702018,0.0002335224177,0.00569427592,-0.00573717464,-0.003244608641,0.00479325317,0.0004120243262,0.0007528031249,0.003322448832,-0.01588601788,-0.004623296139,-0.004034935783,0.004780254829,0.00854375584,-0.007154195864,-0.00226168639,-0.009391694275,-0.006184009001,0.01240937754,0.01635153722,-0.001456620749,0.01229076926
2003-05-31,0.005796148821,-0.002666992835,-0.001080026699,-0.004310866042,,,0.002485146722,-0.005654236003,-0.002129089681,-0.0006330214775,-0.009744834023,0.006434494229,-0.009283450412,-0.00691501293,-0.006224601956,0.003496178434,-0.003722249907,0.003673395286,-0.01236346953,0.005279388993,0.01059913546,-0.0007593677033,,,0.005291638793,-0.002928942717,0.000558828337,-0.0001583268832,-4.097938188e-05,,,0.003804036113,0.002577255132,-0.003477274808,-0.003969845493,-0.007326949604,-0.006255686744,-0.007778017421,,,,,0.005300557662,0.001890780106,-0.003872718949,0.002863569699,-0.007824761091,-2.485301374e-05,-0.01116503329,0.004085280685,-0.004525545116,0.002293270485,-0.002740954793,0.0009846342039,-0.00317621329,-0.0008371690453,-0.001202339582,0.0002609573769,-0.002217334189,-0.0019042511,0.002803509348,0.002824316154,0.00644341694,0.0008363769923,-0.0114023829,-0.006899944842,-0.008247623371,-0.00690817157,0.00728536025,-4.421897025e-05,-0.005330503662,,-0.001847389618,,0.000178817431,-0.0006117071732,-0.0009460500221,0.004508104643,-0.01124892036,0.0009749044415,0.001010787135,0.002304275932,0.000363955311,0.006106340423,3.594113695e-05,0.0008439913424,-0.001317585333,-0.004925738858,0.0002126900074,-0.002133147001,-0.004023342737,-0.005209859328,-0.002553586902,-0.0008925023291,-0.003649182428,-0.003495510408,-0.006517292666,-0.008832684402,-0.001047032683,-0.01178309149,0.006661436596,0.004127859079,0.007406939685,0.00520535835,-0.007165835441,-0.002212774195,-0.0006483423249,-0.008473558637
2003-06-30,-0.003425625032,-0.0008944426734,-0.001382845655,0.002715735256,,,-0.007625492631,-0.00598741688,-0.0001107754544,-0.006079094039,0.004272974006,0.008581444401,-0.000769244452,0.00285144956,0.00521145646,0.0007299705618,-0.001106820855,0.006196495973,0.002854919783,0.004732382438,-0.004849476268,-0.00290557841,,,0.002644230453,-0.002047626602,0.002810323012,0.005125314932,-0.002587966623,,,0.007647222127,0.005761673727,0.007869925425,-0.002884582234,0.005340894882,0.002211532664,-0.006252440544,,,,,-0.009139687056,-0.005187645437,0.006207451997,0.000541635823,-4.08334726e-05,0.001669815333,0.005728656733,-0.002037151915,0.0001535308579,0.00103149919,-0.002633845082,-0.003159367836,0.0004782087955,0.001945347876,0.004441259422,0.0005626835408,0.005337605924,0.006032255382,0.001368660962,0.003132825999,0.001594809887,0.003615094283,-0.006064437209,-0.01035483669,-0.00553289118,0.005828698635,0.004208844006,0.005209601024,0.0001594203366,,0.006135340028,,0.002401216963,-0.003001973068,-0.001882235886,-0.002754354081,0.005058340409,-0.003910966687,-0.003414130664,0.002996549697,0.005994211357,-0.001126576096,0.004378667249,-0.003702129353,0.001307891918,-0.000477531531,0.004478287865,-0.00311561004,0.001330109147,0.003809294538,0.00127743619,0.001304081814,-0.001659210194,-0.003477578071,0.003543910123,0.004492521454,0.000541329649,0.007458061851,-0.001936903549,-0.000632305847,-0.0007417768023,-7.285845968e-05,0.007418576742,0.003741376902,0.005027754365,0.007880671694
2003-07-31,0.003432927543,0.005873886171,0.008398246759,0.005867280486,,,-0.00829921465,-0.007058858936,-0.006966664738,-0.004492856007,0.007068334073,0.00357251571,0.006543558988,0.005752678938,0.01281513486,-0.0004153602652,-0.001642620306,0.001307415899,0.007238860724,-0.002515420163,-0.01351517429,-0.003704149007,,,-0.0119074979,0.0001674472254,0.002764922674,0.004351891424,0.0009821321215,,,0.006528332807,-0.003669145225,0.008398321563,-0.003914533303,0.01180115203,0.001474843045,0.001073351573,,,,,-0.009263093788,-0.007753915463,0.001883387805,0.001241737583,0.00538392303,0.008061537732,0.01902219764,-0.005535063791,0.003975676736,0.004437684144,0.001344937867,-0.01280648889,-0.001381048646,0.0002724622135,0.01053993765,0.007450771072,0.01092220948,0.0187773653,-0.003364163564,-0.001117209883,-2.1702997e-05,0.005767424356,-0.007087893951,-0.003304918468,-0.00387166054,-0.01251713982,0.006306445283,0.008682968396,-0.002883910163,,0.0172842956,,0.01091621468,-0.005027146087,-0.003645460949,-0.00816093377,0.0188338092,-0.007268413233,-0.006037474391,-0.001466087311,-0.004332371141,-0.002901190204,0.009999645725,0.004638952404,0.002211362308,-0.001028223585,0.006561113253,-0.004804243851,-0.001272836294,0.009894713807,0.006856294102,0.007860148064,0.001607632817,-0.001638480808,0.002397340351,0.001991144488,-0.009391952585,0.01995573102,-0.002064065992,0.004803709392,-0.006945042108,0.000448492298,0.01790090095,0.01284248434,0.01130697975,0.01841992808
2003-08-31,-0.002190345545,-0.001397753201,-0.0008432051506,-0.001202093471,-0.0001623083797,0.003568314571,-0.002749907166,-0.007168862952,0.002876115914,-0.001991616194,0.002502810118,0.002458363986,-0.0002544550436,0.004954651764,-0.001050972945,0.002735889032,0.001691565302,0.002252034991,0.0005116054946,0.0005313853333,0.001752201124,0.001433303671,0.001679802431,0.0008285515606,1.436655995e-06,0.001827125761,0.00294645473,0.005978363431,0.0006238714215,-0.0006688714162,-0.002479356935,0.003767834716,0.00757641823,-0.00172747625,0.002948111961,5.125861922e-05,0.00613283709,0.0001888358235,0.0008446826038,0.002333504139,0.01258544462,0.001127422658,0.00967390225,0.01100733975,0.0001678474379,0.001032945269,-0.003108709733,0.0006738414962,-0.001709901219,0.002270082719,0.001499808934,0.00272673384,0.001325194901,-0.002621044747,0.001467127461,0.002522898928,-0.0008493097322,-0.0009426583747,-0.001403451522,-0.0004609912305,0.004673547509,-0.001148940394,0.0002295964094,-0.002365638766,-0.0012272431,0.0005984438383,0.002378333865,-0.00108488861,-0.006747803263,-0.0006536796928,-0.003487059185,-0.005550556211,-0.001534092005,-0.003623773754,0.0001253790814,-0.001429704691,-0.00136676998,0.003083275092,-0.001759292492,0.0002354517399,0.00202425632,-0.002731329082,-0.001588170002,-0.001030572443,-0.0006772815256,-0.001161793006,-9.657992711e-05,0.0005888857082,-0.002143866974,0.0001115845382,0.0005997357387,-0.0008314365273,-0.0009975956707,-0.001187640355,-0.002089892043,-0.004632840228,-0.0059302893,-0.003820298104,0.0007966220488,-0.001601998579,0.002550814687,0.00341919917,0.004102396743,0.002746054324,-0.001250429855,-0.0006810086987,-0.004009205261,-8.262733103e-05
2003-09-30,0.002007436806,2.434218187e-05,-0.0003451298584,-0.0002017847857,-0.009037482468,-0.007620411478,-0.0003036008333,-0.01265374072,0.005671492648,-0.0005650848576,-0.004432295609,-0.003167384663,-0.0003693653243,-0.002010422039,-0.005951574279,0.01083486051,0.007828174419,0.001042435605,0.0001044202792,0.0004427112302,-0.003574389847,-0.00135196106,-0.001669643147,-0.003030502713,-0.003613668269,0.0001165620242,0.007454006514,0.006138554675,0.00702910288,-0.005327742975,0.002629060846,-0.001267889001,0.002023093174,-0.002899094778,0.00161155287,-0.004733589191,-0.001780950744,-0.0005427874069,-0.00596199251,0.0004475246283,0.008651712233,-0.005130859332,0.004226340246,0.0006523157026,0.001805653022,0.0009484539496,-0.01052627979,-0.0007892045205,-0.005561503061,0.002678661987,-0.002596974644,0.004149238976,0.001752912285,-0.002643318072,0.001356972925,-0.0004916180613,0.0006044320109,0.001845267259,0.0004260293471,-0.002754497725,0.00571728825,-0.002088748747,0.002281724234,-0.001350109338,0.001686692497,-0.006196767496,-0.01463467002,0.003158576987,0.006368531899,-0.001203093072,-0.001496104228,-0.00050109547,-0.002099428885,-0.0006873181256,-0.004089076704,0.001646760924,0.003307581945,0.002597695328,-0.005228213554,0.002225879381,0.003242535695,-0.005509901548,-0.003879123981,0.000361015855,0.000417585131,0.0003146918704,0.003100008204,0.002046026461,-0.002118867931,-0.002122808517,0.0007363325211,0.0008445671784,-0.001041227337,-0.001002491239,0.0004945997677,-0.005181390372,-0.005450940868,-0.006331730556,0.001471396284,-0.006575472582,0.004017589372,0.001383638857,0.004566675694,0.001422471886,-0.001606383181,-0.0008554878216,-0.002685907018,-0.00117510005
2003-10-31,-0.0001503300236,0.002005098934,0.002630688292,0.004245373636,0.004538952046,0.005358751719,-0.004715914278,0.0006320258833,-0.003462878953,0.0001706652415,0.003857419983,-0.003151945073,0.005359606532,-5.355198379e-05,0.006132328973,-0.004697241316,0.001616469734,-0.003443996378,0.0008376682869,-0.000351018308,-0.004033105158,-0.007969017666,-0.00479599147,-0.003759030427,-0.006784705308,0.0002281506398,-0.0005400922032,0.001328326903,-0.001850767952,0.00139642355,0.003094250534,0.005418678015,-0.004163551642,0.005075923732,-0.004496997888,0.004765639738,1.108770735e-05,-0.0002148856711,0.0003695273343,-0.001494244885,-0.008093687225,0.003440857591,-0.006649993166,-0.006279657892,0.004851047211,-0.003568185538,0.002826224049,0.003292522163,0.0105760767,-0.004023031175,0.003292802763,0.0001620343991,0.0002485391199,-0.003772937755,0.0003622637104,0.001144075261,0.004365109153,0.001104122682,0.004279970697,0.009080664581,0.002832952628,0.005414554855,0.002507268277,0.002722623831,0.002884030872,0.001794427334,-0.002541663388,-0.000855875046,-0.0005308433243,0.002010550342,-0.003386777439,0.004144151108,0.006856816086,0.005561139942,0.004569837486,-9.156169801e-05,-0.00253422215,-0.004797842417,0.01063999699,0.007605436178,0.002590681095,0.005492353346,0.004338788615,0.006205607587,0.004203503736,0.0002828010815,-0.001073543627,-6.920601283e-05,0.003016635037,-0.002018597132,-0.0008856183836,0.005079827287,-0.0007698330515,-0.0002855363052,-0.003451216658,0.003946556651,0.002911980116,0.00257837964,-0.001084971593,0.01066941004,-0.004608887277,-0.0001320973954,-0.004230725347,-0.0007256664377,0.009218355185,0.008377318987,0.005313212222,0.008435165617
2003-11-30,-0.00118825649,0.001177023037,-0.0008785947404,0.003351848613,-0.002386235677,-0.001261331629,0.00152078823,-0.005603308645,0.001350328792,-5.843010212e-05,-0.0005094856776,-0.005467070198,0.002570930895,0.002032322555,0.0006021307131,-0.0005966486273,0.00230340133,-0.0003864369942,0.001176753869,-0.002456864709,-0.0005400068125,0.002151901437,0.001162889092,-0.0002183063757,-0.002695905779,-0.0008918140822,0.001185912968,0.001544664268,-0.0008927377153,-0.001697900566,-0.0001786385797,0.003847846384,-0.0008617178015,0.0005920014848,0.002151715346,-0.001415122444,0.001151101136,-0.001245266241,-0.007773215204,-0.002954215225,0.003148552983,0.001039372579,0.004247638051,0.002375242365,0.00229653094,-8.888480564e-05,-0.003640365864,0.0003101047416,-0.0001701980077,0.002841109693,0.002224751577,0.005077483125,-0.0001151866765,-0.004039258451,-0.0004898193572,-0.002858098763,0.0009172490562,0.002646120565,0.001411899717,0.001918425131,-0.0008018334818,-0.005164420837,-0.001255503617,0.0003890497324,-0.004693240638,-0.00478127536,-0.003872386961,-0.006516844358,0.001801498155,-0.001675514557,-0.002736212081,0.003954575441,0.003181148113,0.00287540459,-0.0005764947402,0.0007981744217,0.00353751957,0.002069593037,-0.0007758791509,-0.002188722822,-0.003612935705,-0.005829484064,-0.000562028779,-0.004429331596,-0.002390042531,-0.0009208454226,0.001126019343,0.001373166574,0.0002528840099,-0.002167228994,-0.003827744814,0.001568298908,0.003382089304,0.003194658979,0.001142301979,-0.002723302024,-0.003178266913,-0.004284519422,5.42543615e-05,-0.001167853876,0.003345476607,0.003399966386,0.0016462478,0.002568877137,0.001785871716,0.001208516461,-0.0006938828583,0.002680541224
2003-12-31,-0.0002677410818,-0.003765848494,-0.003787634778,-0.001536649725,-0.007759432434,-0.006779444652,-0.001415162058,-0.009113092216,0.005143552028,0.008448994981,0.007797180052,0.00404013266,0.003965540539,0.005884906064,0.006932106788,0.004465436528,0.006299802307,0.00923726375,0.009350612926,-0.001024174392,-0.006374695162,0.005961085813,-0.003477530715,-0.002901150556,-0.003078184177,0.0002899336658,0.008235281134,0.008905796008,0.005936106305,-0.002693967054,-7.996617166e-06,-0.004633824043,0.00115887524,-0.001275529322,0.006023170512,0.006915347956,0.006494532955,0.0004424152895,-0.006189608843,-0.007314409631,0.002559557968,0.002063920119,0.001496533243,0.004455752521,0.00829949797,-0.003019552676,-0.002585715607,0.002174316923,-5.194073459e-05,0.000354354852,0.004924689267,0.002629943351,-0.0012937648,-0.003565355041,0.002005227873,-0.0003327329262,0.0003020747258,0.00186129812,0.000564684237,-0.0005517600078,0.006617028541,0.004229800556,0.004745234344,-0.003714823818,-0.001455556147,0.001501451843,-0.0006611252675,0.003517732176,-0.0001471583637,0.002169095944,-0.004647942262,-0.002346823753,-0.002775299861,-0.001087277683,-0.002490757334,0.005769779123,0.005312354582,0.0001776236883,2.138407823e-05,0.008125394076,-0.001470078339,0.00371442528,0.005048908877,0.007383355587,-0.001522500247,0.000888133873,-0.0008730059743,0.002800592529,-0.002961226301,0.002308716509,0.003568917273,0.0003399492985,0.002546289084,0.002656171479,0.0009061399401,0.0002723206552,-0.00202054639,-0.001458358678,0.003528223512,0.003957681928,4.449103638e-05,0.001906284258,-0.0008163125252,0.001281321196,-0.00115968195,-0.002182549886,-0.003394421454,0.004854570892
2004-01-31,0.002251454058,0.0008807989706,0.002274755421,-0.001838447832,0.002818968629,0.002425963073,0.001013616693,0.0005898612612,0.0004252578649,0.003983332972,-0.002654718886,-0.0002796325849,-0.00400687659,0.0002849756224,0.0009669897978,0.004992364972,0.003888625835,0.003335915702,-0.001193819863,0.002201479641,0.0002903759007,-0.007103582392,-0.003354349952,-0.003154298165,-0.004683094402,-0.002757914356,0.003267465382,0.00299826937,0.003765441682,-0.0005906306873,-0.001123964716,0.0001751705565,-0.001052867027,-0.0006258546373,0.0004906306949,-0.0004883117904,0.001121813114,-1.691313204e-05,-0.002733086131,0.001307303847,-0.0003214580887,-0.004779587423,0.002350922292,0.001848988467,0.004744286168,-0.003679686412,-0.003349754757,0.001333738469,-0.000902967245,-0.001231459513,-0.002743043654,0.0003328290076,-0.001900675166,-0.001947114913,-0.0008801534928,-0.0001863079937,0.001907797924,0.002494199413,0.002127676587,-0.0010576033,0.004068998097,0.002167339868,-0.0002662109021,0.00126629838,0.004905861362,-0.001112838041,-0.0001739942584,-0.006656833708,0.003359021361,-0.001679337751,-0.001138535155,0.001549509866,0.0004713736076,0.001985462465,0.0005206048219,0.0007685698078,0.001789849753,-0.0002813142912,-0.0006905042881,0.0004015185955,0.001161234876,-0.0002607062091,-0.001796499191,0.001361924049,0.005397686362,0.003400587034,-0.001350559898,-0.0008002544042,0.001454526728,0.001335718585,0.0007709488305,0.001994301179,-0.0006748496192,-0.001137756748,0.001523329202,-0.0008838013726,0.0005796958627,-0.0004775355049,-0.002031026574,0.0001962564579,0.0007275220162,0.0002712790891,-0.0005787779969,-0.00195256603,-0.001213248789,-0.002099582261,0.0023197824,0.0001465650388
2004-02-29,0.004044711231,0.001902437602,0.00233890134,0.0001877129734,-0.003883310443,-0.003572181995,0.004073515669,-0.003618778994,0.003500917639,0.005198896217,0.0001483584309,0.00196057616,-0.0003626874243,-0.002830644898,-0.0002806996257,0.006651664874,0.003935945687,0.004455830203,0.001861825527,0.002794274007,-0.00218609601,0.002265580016,-0.0009559627639,-0.002767641033,0.001691298509,-0.001432741986,0.007417775142,0.002793519436,0.004494762577,-0.004926552122,-0.004525187634,-0.004688673339,-0.001275487371,-0.0002801166167,0.006520838295,-0.001423492768,-0.002165895651,-0.003542559243,0.001484481723,0.003112911741,-0.0004563790901,-0.00262983415,-0.0001862953615,-0.002715595009,0.006402158449,-0.002466454021,-0.006135236054,0.0002028827447,-0.00220615147,0.005059712585,0.001484458758,0.003675571372,-0.003413740331,-0.003098871322,0.0008464311179,-0.002475598179,0.0007933244929,0.00162661487,0.0007945010332,0.003401540638,-0.0003937393952,-0.003730774926,-0.003521792106,0.001994756544,-0.001216412969,0.0004456540008,0.00293745747,-0.0008362377753,0.004965751956,0.002276250074,-0.002402885938,0.002079092875,0.001727048908,0.001804529414,0.0040273252,0.003970888144,-0.002841396049,-0.0008061513685,-0.002302676071,-0.004224995276,-0.0006117052808,-0.003924931304,-0.002976142943,-0.003625670885,0.001990875886,-8.245799851e-05,0.002484158648,-0.002824807013,0.001886427346,-0.0024523603,-0.001748240021,0.0007369101867,0.003548830648,0.002942280722,0.004093663676,-0.004009663871,-0.00552959293,-0.005435093573,0.001581701153,-0.002402380428,0.005974539473,0.003809195481,0.005903998241,0.004371848563,0.001943164928,0.002074151435,0.002768409432,0.0006544828866
2004-03-31,-7.116804786e-05,-0.0001356194547,-0.0007370284932,-0.001965024421,0.001723687104,0.003156317932,0.002267583619,-0.0006182743664,-0.001084606696,0.001511511272,-0.003328846654,-0.001561966975,0.001375779865,-0.001840178574,-0.004063589019,0.002042345716,0.002147109214,0.0009075871145,-0.0002924579994,-0.0004921767798,0.001733545165,0.003114440477,0.003482159934,0.001093750216,0.002281175567,-0.001270290436,0.003401859215,0.00327483165,0.001413734663,-0.002637550927,-0.0002760498258,0.001977874638,-0.0008408359247,-0.001577430636,0.0009578299638,-0.003324008955,-0.003000108766,-0.002712030728,-0.003698686558,-0.002040414018,-0.001291342758,-0.0002748375436,0.004379630382,-0.0002508010851,0.004288314637,0.001049837418,-0.002732574024,-0.002193425268,-0.005676187709,0.0001967686557,-0.001016571994,-0.0002275193382,-0.001418296954,-0.0003394383765,0.0005562605696,8.25100884e-05,-0.0003369020455,-9.613456965e-05,-0.0006414123772,-0.001861161105,0.00278756419,0.002682697978,0.001789237896,-0.001736125035,-0.0006711180972,-0.001132266041,-0.001198142163,-0.002080965022,0.002917043711,-0.0003811897164,-0.002365272402,-0.0008091287784,-0.00119996588,-0.00255269224,-0.001011888166,-0.001223542228,-0.002632361073,0.00161824528,-0.005062116127,-0.00500726241,-0.003297359559,-0.0002855977924,-0.001386867592,-0.002577656272,0.001700021446,0.001410340263,0.0002383126288,0.002168464671,-0.002034897111,-0.0007054185542,-0.001533787704,-0.001013461595,-0.0002435608464,-0.0005797177538,0.0008307891596,-0.005914397552,-0.004685887902,-0.004770352803,0.00170648435,-0.004954369732,0.0007449308225,-0.0002036092563,0.0003874383871,0.0003188581292,-0.001454225326,-0.002641955324,-0.0009373717585,-0.004479376906
2004-04-30,0.002121922986,0.0007983738662,0.0006393753744,0.002960977124,-0.0002926787984,0.001524372327,-0.00319672344,0.005558937416,-0.0006516610037,0.005793330722,0.006515518054,-0.003427109106,0.004926561898,0.002062554121,0.007880544665,-0.006432086306,-0.002089644535,-0.005662499003,0.000161953434,-0.006661822661,-0.004546068614,-0.002904102792,-0.0002572774095,0.0008919257773,-0.00178050241,0.00180969657,-0.0009756503449,-0.001347582611,-0.001791195127,0.001490666509,0.007175676076,0.007776138712,-0.006689353963,0.006302408696,-0.005201929906,0.008051244241,0.0009686829573,0.0009131642592,-0.0005781217615,-0.002320593576,-0.007611208285,0.003072877533,-0.01246684302,-0.008677607865,0.003035514958,9.319407623e-05,0.006933376982,0.001670680297,0.01213786459,0.0004546845793,0.003303797823,0.00711177604,-0.0007887775808,-0.005948927031,-0.001376732228,0.0004429977596,0.004374245518,0.0017000599,0.004178405101,0.00799150597,0.003627256068,-0.0003134140763,0.0008124692972,0.003354583485,-0.001892111909,-0.005211740774,-0.00236037612,-0.003192295253,0.001300184572,-0.002270612398,0.002668195551,0.008130721011,0.008763034386,0.00713179067,0.002409512156,-0.000335013087,-0.000623714845,-0.0008519043409,0.01215806257,0.001347536707,0.003322863202,-0.002611792343,-0.0003174284552,0.005775323041,0.003357009653,0.001015033871,-0.001337893243,-0.0008014314725,0.003553514488,-0.0005262129519,0.0009120385177,0.003559258369,0.002238787443,0.002088959913,-0.006458381094,0.0005454230426,-0.005392386531,-0.0009037530969,-0.002190647732,0.01212482208,-0.0007206782952,0.007119927621,-0.001196751167,0.003991120498,0.009485386338,0.008655759332,0.00372518816,0.01249917953
2004-05-31,0.002999461883,0.0007086516156,0.000170026372,-0.001253693215,-0.0002163658484,-2.29818744e-05,0.0006780832502,-0.0004562335941,0.001548523584,0.004848587699,-0.00305149642,-0.0002319648806,0.0009325730525,0.001052724465,-0.002851120999,0.0001785373826,0.002216355414,-0.002383999452,-0.004440534004,-0.003801332707,0.001065153676,0.003669893412,0.0001085474868,-0.0006412733004,-0.001752615563,-0.0009018225514,0.004507899966,0.003559545461,0.003697069469,-0.0004774694046,-0.002903596364,-0.001037600761,0.006215020561,-0.004534191142,0.001507437642,-0.004029756428,0.001173455705,0.002867567531,0.002879759603,0.002605030486,0.005551770624,-0.0003569346898,0.005791263123,0.00596267833,0.0008243051276,0.000827656252,-0.004134171335,-0.0005228596954,-0.007040205073,0.003820866977,-0.0009680261744,0.003130191179,-0.001782301232,0.001035069311,-0.0003844618433,0.001259322515,-0.0008449665292,-0.002045848557,-0.001101450389,-0.001972647629,0.001544188382,0.001085302659,0.001364422767,-0.001010737319,0.0001581692822,-0.0008527938254,0.002137450055,-0.0006275067823,-0.005580470847,-0.004633013092,0.0009740305304,-0.001646578427,-0.002564379827,-0.003488371415,0.0002274261378,-0.0002164329777,0.0006209219235,0.000113842937,-0.006935881683,-0.001408394024,-0.0006279566662,0.002161885563,-0.001271973234,0.0008121055777,-0.001120863781,-0.001942999987,-0.0009533830498,-0.0001538456055,-0.001039867137,-0.000147325105,0.00169237603,-0.0003023755895,-0.001047246236,-0.001195813286,-0.00125894262,-0.005551391483,-0.0003098219309,-0.0030745138,0.000654753775,-0.007082947348,0.004623386543,0.003068166238,0.005352825213,0.00334803485,-0.002059976753,-0.002694068539,-0.0007717323388,-0.001726479858
2004-06-30,0.0009140387826,0.003127008825,0.003005960419,0.0003409756344,-0.001315767283,-0.001839339948,0.001272887888,0.003806205917,0.002412372324,0.005768208472,0.001786212744,-0.001439087119,-0.0009072975688,0.003686397916,0.0001839098807,-0.004301329258,-0.002030335618,-0.00241435394,-0.0005955793865,-0.005256009342,0.0005151535484,0.00440844683,0.002485660495,0.001499780159,0.003461559356,-0.001533284815,0.005169857744,0.001483655837,0.005471275,-0.008003713173,0.001155351453,-0.00375686616,0.0007330616097,0.001402928284,0.002656626926,0.0009572410614,0.00225324065,-0.002756682296,-0.001907299561,0.0006649512424,0.006880556277,-0.00261215099,0.003138424558,0.001922904718,0.004221109708,-0.0002775179566,-0.004965807059,-0.001247168177,-0.003243655569,0.002350819748,-0.003042464572,0.002392448922,0.003410933411,-0.002496536708,-0.001282925082,0.00134681737,4.689989596e-05,0.002758626875,-0.0002409208878,0.002501693945,0.002170663961,0.003624806907,0.003145888722,-0.00034572672,0.001431847477,0.0002084333,0.003128716639,-0.001324005206,-0.00771285591,0.005290133737,-0.004923699609,0.001974241908,0.001625659743,0.003302704109,0.001951811056,-0.0009728423559,-0.001020452388,-0.0011477619,-0.003258484431,-0.001410626869,-0.0003256013985,-0.0007638297279,-0.0008952679205,-0.001642017293,0.001861822745,0.001270599695,0.0002347985302,-0.001287529801,-0.0006359443399,-0.001231604966,0.000838525872,-0.000308567686,0.0007975586632,0.001058607688,-0.000624741943,-0.002937090642,-0.003045714942,-0.00425825769,-0.001857663876,-0.003114695477,0.002656267983,0.001488394623,0.0007854162243,0.00185838708,0.001862567436,0.002125002226,0.0021507874,-0.001701815292
2004-07-31,7.420130075e-05,0.0006082007135,0.0006339286043,0.0001016911561,0.001819552716,0.002328773254,-3.257505279e-05,0.002031461001,0.001090408373,0.0008997754436,0.001363238161,-0.001312318142,-0.002154725314,0.002136283705,0.0007213918533,0.0004991085369,-0.0002426118986,-0.0007189147045,-0.00354595083,-0.001986682062,-0.001202239203,-0.001312510228,0.00169730031,0.002017902018,-0.001047798692,0.0005848340307,0.000458303343,-0.001390016164,0.002455980507,0.001638078935,-0.0002466786027,-0.001863903614,-0.0004640122245,0.0005782155737,0.001672559313,0.001387065571,0.002508735429,0.002620565017,0.0008990086233,0.0007195022129,0.0006225803602,0.001860274422,0.0003568482828,0.001596213125,0.002583587869,0.0006429483746,0.0005426853823,0.0002848587931,0.001895479121,-0.0005289452895,-0.0004190060937,-0.0003540488387,-0.001873762898,0.0002305593833,0.001770031818,-0.000157049047,0.0005622156186,7.88499317e-05,0.0006606166135,0.001455811853,0.002967067935,-0.002043531156,0.001538789877,0.0004637325255,-0.003760890238,-0.003921798237,-0.004321004853,0.002662599524,-0.003410859852,0.001972039501,-0.0008615860472,0.0006659651004,0.0003745726985,-0.0001900162068,0.0009897562526,-0.0001215733322,0.0004157225509,0.00137743046,0.001619714558,0.0006793486794,0.001284078187,-0.0022169964,-0.001376080893,3.482209513e-05,0.0002085315852,0.0004053563015,-0.001009322306,0.001140906402,0.0004534503473,0.00157123914,0.001764800207,0.001541438144,0.0006395129099,0.0006917692356,0.001400892062,0.000804112532,1.056766179e-05,-0.001453044325,-0.001586567296,0.001929127414,-0.0009069553273,0.0002999122506,-0.001611462574,-0.000905155943,0.002967588276,0.001347551303,0.001442128289,0.001304644268
2004-08-31,-0.002042954933,-0.002985646877,-0.004075686909,-0.00295945817,-0.0008000764122,-0.003701470566,0.001098412229,-0.001743337941,0.000743438875,0.002564418197,-0.004403214922,-0.0005535879396,-0.002003051017,-0.001998978461,-0.004969185107,0.002718575148,0.002367079445,0.0008358830176,-0.001878365741,0.003120013757,0.001435271435,0.005670407912,0.0003386978849,-0.0004603267661,0.000319425133,0.0009154219792,0.003742270805,0.003316110845,0.004021918337,-0.001178469864,-0.0005733154586,-0.003324213233,0.003376955795,-0.003868537754,0.001772614086,-0.005590819884,-0.0006283370128,0.0001978341411,-0.0001734894056,0.001898394298,0.002746537704,-0.001042553885,0.004806901366,0.003110942798,0.002650709795,0.002099305668,-0.004777171475,-0.001939226218,-0.004013765423,-0.001823180242,-0.002154520882,-0.001027290957,-0.002109269126,0.0007478077635,0.0003955579657,0.001686125847,-0.00526665849,-0.001228990083,-0.005053891665,-0.006486372321,-0.0009516897668,0.0002880769822,-0.0001550976766,-0.003608323142,0.003983289578,-0.0008965865317,-0.006900388801,0.004025361653,0.0001086887632,0.003687599525,-0.001494805491,-0.003842517422,-0.005419872498,-0.003770414308,-0.004568619025,-0.001952674272,-0.001373060976,-0.0009146502118,-0.00389421361,-0.002941792357,-0.001847183039,-0.0007886329793,-0.001727365671,-0.001942077815,-0.003465141035,-0.0009002818146,-0.0008040910546,0.001341482395,-0.004171134084,0.003551604348,0.001372939099,-0.004477774357,-0.001658994762,-0.001943938566,-0.0001165843544,-0.004447405652,-0.0007479081891,-0.003449700232,0.0006804713693,-0.004006525478,0.001385923827,-0.002022558921,0.001734915088,-0.0003509321911,-0.006030741974,-0.005336656151,-0.00625068765,-0.005634607867
2004-09-30,-0.001083511066,-0.0004717758361,-0.002099783934,-0.0002415114483,-0.0006136231572,0.0007188485041,0.0007093027626,0.001768407024,-0.003594035267,0.002611805134,-0.001063607148,0.001986944263,-4.611467344e-06,-0.0006903764912,-0.000709234971,0.0005774662513,0.0001565916985,-0.0001661136,-0.002462919683,0.001399820904,0.0009897025525,7.276218887e-05,-0.002181946543,-0.002585081556,-0.001800312033,-0.0005435907464,0.002980553566,0.0003575892481,0.002896288803,-0.002306117497,-0.0005576791125,-0.001556648214,0.003227814028,-0.0009096740312,-0.0005841871077,-0.001173517102,-0.0009447387716,0.001890222741,-0.0004398984364,0.001001362852,-0.004169497548,-0.00166995141,-3.674463666e-05,0.0001416528448,0.001207514213,9.477172465e-05,0.001582822929,-0.001549382735,-0.001474416408,-0.0003810311286,-0.0001416868178,-0.001865206969,0.0002671281843,0.0006067965845,-0.0008664885446,0.0002045814069,-0.001474455969,0.001713235891,-0.001545227893,-0.001499719229,0.002726227684,0.002432474115,0.001148362471,-0.001822608658,-0.00144940121,-9.505876696e-05,-0.00209111626,0.001680892059,0.001151997319,0.003294113327,-0.001351099328,-0.001585950932,-0.0009157918864,-0.002130518664,-0.002276840247,0.002695231954,0.001550017322,6.594575984e-05,-0.001406634161,0.0009668435212,0.001171355802,0.0009666921833,-0.0009580589691,-4.690475233e-05,-0.0005718038139,-0.0005977089891,0.0004264366342,0.0002055370155,-0.001863433593,-0.000336190239,-0.00053225901,-0.001102783807,-0.00111703001,-0.001482500443,0.0008986577062,-0.00243735443,-0.003115999298,-0.00234547801,0.001711372975,-0.002148328959,0.001206360162,-0.001356928827,0.0008810598991,-0.0003610561213,-0.002779681693,-0.0005386703576,-0.002240603156,-0.003148714753
2004-10-31,-0.0004533963479,0.00148611057,9.31124071e-05,0.001210699263,0.001140663028,0.002781005954,-0.002741937444,0.002354171739,-0.001808061623,-2.972090496e-05,-0.0002697036378,0.0005513308955,0.0005333074991,-2.808849672e-05,0.001970333085,0.0007278812951,-0.0009630939076,-0.001302726921,-0.0005003919334,-0.001066738034,-0.0001680173312,-0.002448700721,0.001636482824,0.0009867683858,-0.0002730927254,0.0007171823529,-0.0002644908857,0.000125845414,-0.0003211207859,-0.000387911974,0.002179647927,0.001469960002,0.0006752532826,0.0004611415146,-0.00397282381,0.001345490879,-0.0004211351285,-0.001458376215,0.001910855635,-0.0005382943584,-0.003589144316,0.003426645062,-0.003963615849,-0.003847652989,-0.0006139563101,0.001178079202,0.001121571103,-0.0001049354912,0.00239314971,-0.0004780547652,0.0008861533783,0.002212454398,0.001334661525,-0.002451138078,0.002626722191,-0.001369371986,0.0009010484211,0.0005015314612,0.001069906839,0.002984566095,0.001804052067,0.001764798441,0.00414265177,0.0007939881779,0.0001741138399,-0.0005520925331,0.000728770083,0.002732351013,0.0007219425699,-0.0003156984694,-0.001675483598,0.002871942141,0.000793926561,0.001941817126,-0.0003751452674,-0.0001051516038,0.001704432903,-0.001719143415,0.001953412962,0.001553497586,0.003191456486,-7.874391131e-05,0.0006083400029,-0.0008338278128,8.177212699e-05,-0.0004501838105,0.001458680416,0.001284939826,0.0008362446732,0.0005640617985,0.0006499936292,0.00157557002,0.00221599368,0.002383050096,-0.001444843682,-0.002009850059,-0.002755503577,-0.00297380855,-0.001274794297,0.003712342329,-0.0008625351217,0.002463782527,-0.0007816216582,0.00106900849,0.004487465819,0.0003020153089,0.0005246920291,0.003141199096
2004-11-30,-0.001122545048,0.0002210336699,-3.667061674e-05,0.00145067274,-0.0001796478137,0.001771134469,-0.00265261157,0.002472911172,-0.0002420440921,0.005614035092,0.003041948281,-0.002394192868,0.001649148715,0.0009459028495,0.003035951388,-0.003280656825,-0.00341579584,-0.002079477659,0.001018932813,-0.002233371334,-0.00181109056,-0.003401615888,-0.000356532337,0.0001433932751,-0.001728502353,0.001644525509,0.0001829096837,-0.0001612904608,-0.001216773619,-0.0004051911956,0.004283996386,0.002105861088,-0.001293099862,0.003744128405,-0.0021676314,0.003106790536,0.0004399219525,-0.0006545222797,-0.000422150335,-0.001122091471,-0.004451413451,0.001331863554,-0.003913588272,-0.002861327263,0.004090821907,0.00104560562,0.00503106789,-0.0001811155142,0.008111488035,0.00145106224,0.001167818194,0.005290476423,0.001827162468,-0.004229042395,0.000281305305,-0.0006271511061,0.001427495751,0.001706792067,0.001428407001,0.004629290486,-0.001303525757,-0.002450906355,-0.0008766883011,0.0004203137372,-0.008345933082,-0.006268642341,0.007375166939,-0.009474762987,-0.009514835685,-0.008995345993,0.0002393459018,0.004129841631,0.003952961967,0.004688216756,0.0003886692058,-0.0006542615932,-0.0005039739826,0.0008279643947,0.0081216838,-0.002427628886,-3.565630441e-05,-0.001964635121,-0.003854925861,-0.003236786469,0.0001886219653,-0.001054885368,0.001930177907,0.0001403614544,0.0006640781137,0.000855877371,0.001198789963,0.00240690731,0.002499516433,0.002510629173,-6.171253337e-05,-0.00162049771,-0.002480176895,-0.002327457694,0.001528002082,0.008094561103,-0.0002597004948,0.004645021995,-0.001509332562,0.002231997728,0.005306596473,0.005688589233,0.0007769310213,0.007803978075
2004-12-31,-0.001080032513,-9.539305714e-05,0.0002103442259,0.002428377199,0.001783044562,-0.0009487122705,0.001786513982,0.001193584035,0.002021112048,0.00188238524,0.001222500124,4.013929552e-05,-0.002061984845,-0.0008756316606,-0.001280736567,-0.002336213447,-0.002421872331,-0.0002421906848,-0.002847132372,-0.001285483835,0.001422892684,0.0008181797206,-0.002397710478,-0.001529511861,0.0006739876803,-0.001843308403,0.001324939297,-0.000153848638,0.003519669597,0.0001150789144,-0.0005133297658,-0.0005414072769,-1.079741782e-05,0.0008726955428,0.001236350322,-0.001880478348,0.0001470699889,-0.002432087524,0.002583414764,0.002101681687,0.004335358022,-0.002505862243,0.0008027298366,0.0004500857637,-0.0005481049154,-0.0018525408,0.001470833634,0.0002983328822,-0.0001561613357,-0.0004148484921,0.003749913581,0.002268247687,0.001699719823,-0.001242076999,0.001475624306,0.0003568243263,0.001308606202,0.001677051808,0.001223810899,0.001529226929,0.003878461645,0.00130116676,0.0007586906186,0.0002553319641,0.001465452851,-0.0004239746234,-0.003359527039,0.00192578077,0.001155724039,0.001758993448,-0.0008705193757,0.0003195686417,0.0009369188648,0.001132226726,-0.0008228382455,-0.001565026211,-0.002996594042,-0.000619973726,0.0002494448653,0.001699854943,0.0007468490124,-0.001534054845,-0.0002383878499,-0.00140941183,3.60206372e-06,-0.0006341540814,-0.0001441413709,0.001025458052,0.000193909205,1.328183385e-05,0.000627518953,0.001675174925,-0.001124892529,-0.001673088844,0.0007027131535,-0.0004527832048,-0.001894074141,-1.277934117e-05,0.00132731117,-0.000475265948,-0.0001272381142,0.001899843249,-0.001188106358,-1.307684175e-05,-6.105002809e-05,-0.0004476341887,-0.0001049554701,0.0007544980523
2005-01-31,0.000710321964,-0.00162739071,-0.001143197735,-0.004075039365,0.001226345963,0.0008829639386,0.002625843993,-0.002085649176,-0.0003741200541,0.001411901605,-0.004273031465,-0.00295986123,-0.0006772814932,-0.001211125152,-0.002977395796,-0.000442352369,0.0007125174407,-0.002313157413,-0.001049863669,-0.003346687772,6.151770671e-06,-0.001532517699,-0.003372019872,-0.00054040741,-0.002833544527,-0.0015898571,0.003035332701,0.00403889572,0.001292894057,5.829772169e-05,-0.002463233507,-0.002763082556,0.001562219888,-0.003071962572,0.002674312969,-0.003896657655,-0.001773338646,-0.001727630924,0.0004755580938,-0.0003695191179,-0.0008875842088,-0.0006523576702,0.003442180942,0.002581466797,-0.003618261128,-0.001488387627,0.002499494375,-0.002209786402,-0.007081984206,0.0002127776917,-0.002889312263,-0.002358262183,-0.002317843587,0.002095103575,-0.0005782359403,-0.001936541508,-0.004360747391,-0.002730464805,-0.00500643602,-0.004697043134,0.005107173266,-0.003034905232,0.0007633685115,-0.002643258574,-0.0001082517461,0.002361827654,0.003160058852,-0.002327703407,-0.001789680628,-0.002432067393,0.001492647459,-0.00159320543,-0.00407089754,-0.003993845895,0.0009191091998,-0.00019789,0.0006894662733,-0.00102479013,-0.007223747742,0.003088213737,0.002352444377,-0.004279161074,0.0003582684605,0.0006251340527,-0.001703029489,0.0008619429032,0.0007911846139,-0.001004786771,-0.002599150063,-0.0007659451227,-0.002450504927,-0.005833204653,-0.001535570401,-0.001357374657,-0.002103106023,-0.002616516966,-0.003587900235,-0.002960801998,0.0009858365641,-0.006492597856,0.002713049457,-0.002559255314,0.005543773191,0.001177598122,-0.004497074627,-0.003427380463,-0.002283250974,-0.005845415443
2005-02-28,-0.002468711091,0.001116441349,0.0006296039304,0.003595020551,0.0002860813558,0.001718357854,0.0007063197359,-0.003152788484,-0.001447685845,0.002934597008,0.004476923517,0.002165386013,0.0004443338305,0.002942975013,0.004234146401,-0.003935473865,-0.002612332927,-0.001192705921,-0.001207439084,-0.0006402124753,0.0005676492004,-0.0003446707958,0.001165760945,0.00126328439,0.002591126513,0.0016110731,0.0006234365217,0.000808054153,-0.0007832994976,-0.000658779396,0.002731991098,-0.001539108618,-0.002072747675,0.0030161311,0.0005808390123,0.003720421049,0.002746623547,0.0003333147501,-0.001373022319,-0.0006658576104,-0.001431915186,0.000867298572,-0.00191219831,-0.001342954327,-0.005520979482,0.0006351742075,0.002730598824,0.0002925454628,0.005775840872,0.001656715973,0.004208462414,0.003751887632,0.0003735982498,-0.001487598963,0.001273401805,0.001457960969,0.002363942927,0.003223302978,0.002797914034,0.002773831058,0.001022650677,-0.0001469480792,0.001562128594,0.001800864969,-0.003786544261,-0.005148562953,0.00259848163,0.003566378992,-0.002007364047,0.005775289029,-0.0001413955018,0.001989567684,0.003326760569,0.00174389265,-0.002141447724,0.001126604559,0.0004334431855,0.0005839131167,0.005766242741,-0.001231718125,-0.003643061592,0.002246031206,0.002255841088,0.001723965642,-0.001530533017,-0.002211723091,0.0008686861089,0.001677205852,0.001809486969,0.0008850899253,0.001104214515,0.003811681636,-0.0004293978678,0.0002591645687,-0.003113003597,-0.0003150637698,0.002362030353,-6.502697402e-06,0.001637439186,0.005659141146,-0.002866714935,0.002381944636,-0.004375481844,-0.0006843367383,0.003619138518,0.003021879444,-0.0008713562199,0.004397703777
2005-03-31,0.00383861714,0.001758864921,0.00241269305,-0.00554658946,0.002339033947,0.001576675135,0.001609731316,-0.0008133436871,-0.002330002535,0.00145036638,-0.005134119508,0.0005991020559,0.002293885113,-0.006457142334,-0.004560256503,0.00118951837,0.001219701204,0.002111136502,-0.002992102113,0.0005543986963,-0.0008086876775,-0.001166195261,-0.001427447537,-0.002948691133,-0.002811476653,0.0005613419137,0.00248193272,0.003519082466,0.002581576737,0.0004643133393,-0.004440391114,-0.003507324102,0.0002998016744,-0.005682755505,0.0001511437166,-0.005688156786,-0.005826652072,-0.0001155283764,0.001613007851,0.001541351325,-0.000807268332,0.000708306406,0.002917961914,-0.002615524002,0.0001712071268,-0.0008569536951,0.002228043477,0.00159507074,-0.008197702492,-0.00265391599,-0.004595498445,-0.004078943253,-0.005293692908,0.002429218944,-0.001072658148,-0.003150058988,-0.002704536658,-0.003234020291,-0.003245277184,-0.005564496677,0.002240416549,0.002945601438,0.0008554671733,0.0002689279286,0.003997827377,0.006257833318,-0.001016858011,0.001089407776,0.0009934515745,0.002357829613,0.001220196862,-0.004151524414,-0.004958395331,-0.004409427305,0.0009107536681,-0.003828021632,-0.0005608092701,-0.0009397260369,-0.008233188652,-0.0002036093234,0.002319684633,0.003212364301,-0.003410589695,-0.0008398105065,0.0005547862847,0.005775757427,0.0004252876379,-0.0004640382985,-2.69751599e-05,-0.003477447351,-0.003172951021,-0.004264075989,-0.0002124586524,-0.0003948216683,-0.005114475793,-0.003387472321,0.001581607821,-0.005222199366,-0.00340681487,-0.008608453173,0.005166519063,-0.002194088406,0.007446752622,0.002883431127,-0.005871563576,-0.004314091531,0.0003293697185,-0.006403853602
2005-04-30,0.00097384642,-0.0005808976619,-0.0007918843588,-0.003974930135,0.0007973497715,-0.001223693037,-0.001100141828,-0.004561606634,0.00243139762,5.310077683e-06,-0.00483974543,-0.002946612543,0.0006249120286,-0.00143792098,-0.005129840133,0.0032585583,0.002660659168,0.002955588468,-0.004213169561,0.002783109715,0.0005481309269,-0.0003137838825,-0.00371583102,-0.003000385066,-0.00290724656,0.001440775942,0.0007694328276,0.00107852581,0.0005849956855,-0.001075248716,-0.004057495062,-0.002736869379,0.004627809565,-0.003039845294,0.00100627186,-0.005812081338,-0.001766059766,-0.001108654005,0.001086136086,0.00188831635,0.005355724665,-0.003555718521,0.007049025068,0.00517857327,-0.0004572174754,0.001905433088,-0.003603447434,-0.001145476763,-0.01036543497,-0.005419541878,-0.003073218981,-0.005227343141,-0.004662772497,0.002684449435,-0.0006092250965,0.0003973197322,-0.005567395722,-0.006831862726,-0.006163513596,-0.006082175453,0.003205709073,0.005116766086,0.0001635704449,-0.00215016891,-0.002114608741,-0.001349425126,-0.002567265617,-0.001335252418,-0.002497946255,-0.0001576214802,-0.0009379326034,-0.007460201312,-0.007611814368,-0.007797307331,-0.001505115165,-0.0004589263743,1.054923627e-05,-0.0002658301171,-0.01058008543,-0.000455666168,0.0006553395235,0.002173209841,-0.002283274489,-0.001966838262,-0.003044044816,0.0001331730438,-0.001548239928,0.0005421746677,-0.002428844151,-0.001250296915,0.0002072872879,-0.007384592377,-0.003807894506,-0.003770607074,0.003948156198,-0.004152726693,-0.002735200589,-0.004929402717,0.001284031324,-0.009991730362,0.002107100729,-0.005393527611,0.007169034651,0.001101032383,-0.006559820419,-0.00545244648,-0.004533240678,-0.008137884963
2005-05-31,-0.0009993957954,-0.0011626616,-0.00144217297,5.876592923e-06,-0.0001506144499,0.0001713870926,0.0008774313075,-0.00259006479,-0.002398542399,0.0008723867388,-0.001766499361,-0.00319464817,0.0009844899799,-0.001133142703,-0.00163546183,0.002131548313,0.0008654382428,0.001695339216,0.001492031894,0.00201253525,0.001839252313,0.005365562963,0.001139839001,0.0001309915483,-0.002097795237,0.001588508339,0.002883975272,0.003845049466,0.002436962454,0.001894434072,-0.002008205297,-0.0005366389663,0.001290044571,-0.003558399525,-0.0003091006935,-0.002926321395,-0.001623673843,0.002229782909,1.210101737e-05,0.0006330646167,-0.0002085880101,-0.001050571407,0.002782118633,0.002935434358,-0.001758216657,-0.0005036216391,0.001694303232,0.001966728039,-0.005172449923,-0.0003286481041,-0.001052113085,0.0004349436772,-0.000618185833,-0.0002998245952,0.0009570909624,-0.002265366263,-0.001336534186,-0.001135537353,-0.001516841894,-0.002196087412,0.005018797847,0.001454412367,0.003924390976,-0.002616708814,-0.01524215712,-0.01300952329,-0.01374496695,0.006587472545,0.003550859271,0.009820054662,0.001070856416,-0.003762014395,-0.004165553518,-0.004150264376,-0.001998657027,-0.00148615145,-0.002123168262,-0.00183615584,-0.005217233468,0.002519902379,0.002718559349,9.306156759e-05,0.00106715879,0.002360510794,-0.003405461421,-0.002130655042,0.002324758476,0.001248910547,-0.002568644553,-0.002086869297,-0.002639720779,-0.002454512011,-0.002436806058,-0.0023101401,3.91247823e-05,-0.000444133914,0.0004020142089,-0.0007754740076,0.002288889421,-0.006053031348,-0.00142376169,-0.003277220636,0.001890184391,0.0008902182007,-0.003632192694,-0.003105389973,-0.002677841499,-0.002246438205
2005-06-30,-0.0007920424515,-0.002994722007,-0.001842448263,0.0004473990023,0.001738218346,0.001107617441,-0.0004013764474,0.0002590920202,0.001804383456,-0.003748719495,-0.001831611201,-0.002870382775,-0.003357769973,-0.0007895247809,-0.00240364445,0.0004287464508,0.001522868071,-0.002952556521,-0.0006098146565,-0.001625349986,0.002510677347,-0.002440945339,0.001123716335,0.0004750110464,-0.000843411536,0.0004247321177,-0.001040046843,0.000284476555,0.001334677656,-0.0003517632975,-0.0007030345005,-0.002639198337,0.001303095117,-0.0001461175722,-0.0006475327198,8.824863343e-05,-0.0006989520071,0.00191105568,-0.001062763571,-0.0001880791575,0.001524053798,0.001043853535,0.001137883823,0.0015468034,0.001425900771,-0.000613434606,0.002279650959,0.002877183565,-0.002038875862,-0.0006033696973,0.001795250751,-0.0002668086221,0.0007413895081,0.001214270786,0.0004286425234,-0.0003926928237,-0.001312020118,-0.001276035615,-0.001269893996,-0.001202330883,0.001827344826,0.002360363813,0.001613649903,-0.0001122495038,-0.004904098184,-0.001418857004,-0.00242766674,0.014886336,0.007393557924,0.008501307321,0.001486930188,-0.001511663765,-0.001633561937,-0.0005364446752,-0.001249880926,-0.0001720094351,0.001172152416,-0.001791170738,-0.002169892104,0.00227204067,0.002007239701,0.001277476776,0.001958700657,0.00297207492,-0.001702238667,0.0004256447785,-0.001659258199,-5.100020829e-05,-5.478261141e-05,0.0007892603998,0.000280146088,-0.001073206056,-0.001636373234,-0.001805510688,2.847714775e-05,0.0007942086442,-0.0001776459928,-0.0005255742324,0.001378199365,-0.003813367632,-0.001396796601,-0.001676090115,0.001239587325,-0.0004737798732,-0.001357572245,-0.0003443259087,-0.001840831136,-0.0009142346515
2005-07-31,-0.002608774101,0.002390755295,0.002912039106,0.004263266394,-0.001027747223,0.0004019590034,-0.0007660482619,-0.001554638635,-0.0008660584184,0.0003494385413,0.007442394516,0.004860034456,0.0007112275363,0.005851477866,0.009429721023,-0.003456867986,-0.002594712398,-0.004772111776,0.0003894464943,-0.001414007359,-0.002245047542,-0.001908547859,-0.001849135879,0.0002054775345,0.001968223694,0.0006212625592,0.002926039313,0.002162780871,0.002644152924,0.002349527227,0.007689695681,-0.002410329572,-0.001497153722,0.006347344083,-0.002485186522,0.007244344919,0.005223166671,0.0003268571901,-0.0006724540875,-0.001970560651,-0.005719551194,0.003036177141,-0.009077368295,-0.005493239082,-0.003764311006,-0.002904870523,0.008324251278,0.0001290619159,0.01295332941,0.00571710444,0.004278426853,0.008630552249,0.002848427622,-0.007850189776,-0.001874366547,0.0005516969536,0.006030153335,0.004636401094,0.006589773424,0.008201333882,0.001483385958,-0.003307578969,0.0001686392809,0.003607873864,0.007935728562,0.001466053922,0.004906792183,1.843849886e-05,-0.009012236746,-0.005846361646,0.0002054845634,0.005414955908,0.006011569723,0.007075463366,0.001449256489,-0.00106916966,-0.001575131295,-0.0004505910385,0.0128539992,-0.00517852255,0.002580364329,-0.008013583752,-0.008071488122,-0.005965361324,0.002026359629,-0.00259811113,0.001394887083,-0.002175016753,0.003050246616,-0.0002675592871,0.001073646808,0.007204879437,0.0008049870983,0.0009136122316,0.0001927874498,-0.004824498715,-0.006808004676,-0.006038807591,-0.001441140253,0.01351999903,0.002746683537,0.007983920461,-0.00641168106,0.001511071474,0.00958648578,0.007334780353,0.004901195448,0.009764593683
2005-08-31,-0.0004581690101,-0.002214807687,-0.001984123392,-0.005833207019,-0.000357274363,-0.001040405134,0.001225734903,-0.002495168728,0.003017332091,0.002765031368,-0.006718456355,-0.001037140532,-0.00145189645,-0.006063155682,-0.004303503992,-0.0005594913934,0.0008280047004,-0.003800563019,-0.002142015234,-0.003151043806,-0.005810746154,0.001330322059,-0.0003779546652,-0.001053658472,-0.003648604186,-0.001035488975,0.002522939227,0.003732589103,0.004832453688,-0.001084951615,-0.00512276383,-0.006873571861,0.001008905588,-0.006032229183,0.002100812704,-0.008026216628,-0.00620858685,0.0002798033493,-0.001743098793,-0.001043122762,0.001738402406,0.001544569882,0.006083701018,0.001093174001,-0.002654977107,0.001890335776,0.000511325596,0.000413955604,-0.006336538818,-0.005486922735,-0.004200613175,-0.005308785115,0.001592911125,0.002356749438,-0.002088465499,0.0003544522737,-0.004220983331,-0.004061473406,-0.004304313234,-0.006323526939,0.001177630445,-0.0001960853283,0.0005030211681,-0.0009955387897,-0.00306702437,0.004079329444,0.0007504987764,0.004164739268,0.006687408785,0.007167921659,0.001792836964,-0.0033129292,-0.00396309388,-0.005522035253,-0.001656417988,0.003268809914,-0.0003981445728,0.003518477014,-0.006625742228,0.002824394766,-0.0003716683314,0.00177988825,0.003572070206,0.003334827934,-0.002663096943,0.00143321989,0.002654246437,-0.001976349759,-0.002100230646,-0.0004376021112,-0.0006244772666,-0.005446394137,-0.002116021419,-0.001918435014,-0.003383813001,0.004672519419,0.002317452384,0.005474590314,0.001074263268,-0.006482978078,-0.000540230767,-0.004482544729,0.002651980344,-0.0002900160697,-0.006044185285,-0.005216528925,-0.00212876932,-0.005620326852
2005-09-30,-0.001608013738,0.0003844323789,0.0005224407789,0.001166435231,-0.002251508138,-0.002609713921,-0.0008998144269,0.002735585053,-0.003599938264,-0.003109146728,0.000733125121,-0.0004997545146,6.303231002e-05,-4.502475225e-05,0.004468921403,-0.005003492523,-0.002634555099,-0.005758435038,-0.001787647799,-0.006150498653,3.039005259e-05,-0.003176112017,0.001382437527,-0.0008162648678,0.001106945003,-0.0005205551916,0.0003918346614,0.002074856796,-0.00141344101,0.001185863295,-0.00020257581,0.002616801416,0.0004185075327,0.001441548018,-0.002565722128,0.00109410008,-0.0006242696144,-0.0003146339806,0.0001023141374,0.0007300094922,-0.004659747817,0.0009944068334,-0.005263042526,-0.003972162906,-0.005076569418,0.000428630353,0.004319329568,0.0003450683327,0.004877582608,0.0007618546715,0.001721819782,0.001190918142,0.001446804851,-0.002298992699,-8.948779461e-05,0.001139931182,0.0001131778137,-0.0008968720616,-0.000388546089,0.0006968038496,0.004599013044,0.001734083755,0.003383274559,0.000335684732,-0.003051271609,0.0001899264696,-0.00125715921,-0.003289671634,0.00376010186,-0.00192317838,0.0002301435313,0.0003617056423,0.00101076159,0.0009159195079,0.0006102702114,-0.001411193672,-0.002348775232,0.000137670474,0.004791498276,-6.987160363e-07,-0.002606483882,0.003470780611,-0.0009121612506,0.0004127553736,0.0006377852257,-0.002300601162,0.002741705947,0.001081975385,0.0001142855688,-0.0007939653992,0.0002356078585,0.0005471590969,0.001178329857,0.00127171773,-0.001828869812,-0.003976199947,0.001289071601,-0.00247547805,-0.0005997676475,0.004847392876,-0.0007261935458,0.001010598446,-0.0009891069049,0.0002232766713,0.002268499583,0.0008971206709,0.0008127905506,0.000666924436
2005-10-31,0.002253370077,0.0002655441183,-0.0003341362137,-0.001071397852,0.002479067732,0.00344627608,0.0008482852512,-0.002880036305,-0.002870700708,0.002023230926,-0.0001345352534,-0.003040154792,0.0008601616272,-0.001806578062,-0.0003934053151,-0.004465399439,-0.005212569224,-0.004737137274,-0.0004649159108,-0.004641947322,-0.002049778616,0.001169571893,0.0007815136336,-0.0002935202895,0.0008840703044,-0.001704781345,0.0002116732412,-0.002357166714,0.00212065322,-0.000910236119,0.0004166111722,-0.001694904642,0.0006124763886,-0.002735677667,-0.0001826749754,-0.0009768725668,-0.001919387867,0.001072607463,-0.002882638799,-0.002066785224,0.001051446485,0.0005774855146,0.0003672310294,-0.0008672236135,-0.005963095687,0.0001036260458,0.002483213941,-0.0005228503846,-0.002365263214,-0.0004358514648,-0.00160497,-0.0009798951958,-0.002565439723,-0.001148697066,-0.001232505813,0.0002611169868,-0.000879309418,-0.001890869173,-0.00147815686,-0.0006487490122,0.0007248955046,0.001219074382,0.0007491620679,0.0008591700726,-0.003514191974,-0.003175909507,-0.001869845433,-0.005585566117,0.005452772457,0.005080626293,0.001375647103,-0.000910190362,-0.0005761021851,-0.00117801094,0.002127017663,0.0007172927825,-0.001867896134,0.0007427570167,-0.002547853711,0.0008166863263,-0.001906108061,0.0005645823588,0.0007009329561,0.000386549471,0.0001783701716,0.002894878145,-0.0001055674132,9.197381394e-05,0.0005055852391,0.0001303566229,0.0003244453194,-0.001222827115,2.408948119e-05,0.0003761971654,-0.001588217565,-0.0002333339811,-0.001919028446,0.0005947363237,-0.001151411894,-0.001751879939,0.0005225120619,-0.0001475715011,0.0002188037499,-0.001083833273,0.0004192052669,-5.7306509e-05,-0.0002398359851,-0.001084601701
2005-11-30,-0.0008335191139,-0.001728067715,-0.001488120051,0.0006956271525,-0.001173072311,-0.002152272078,-0.0004500985496,-0.003930947279,-0.001699533507,-0.0009786231113,0.0002549896999,-0.003784202966,-0.001503664955,0.001488744472,-0.001298840568,-0.004028677491,-0.004651348626,0.0007129217903,0.0001440697508,0.001322664736,0.0009900605078,-5.435203294e-05,-0.001720439985,0.0007161528884,0.0002155102046,-0.0004062558749,0.0002857368005,-0.0007763394908,0.0005914944458,0.002076839526,-0.001327824486,-0.003281630543,0.0003592045675,-0.0004811573094,0.0001866501871,-0.0004817528414,0.0004846822156,-0.0007744761228,0.002279514688,0.003202291541,0.001583616038,-0.002766296801,0.000840896308,0.0006894967551,-0.005291458898,-0.0006786975187,0.003370946058,-0.001061629522,-0.0006309463037,-0.0004369427556,-0.001478888505,-0.0005234621074,0.0007287510342,-0.001244997861,0.001203802112,0.0002371344153,-0.00136405782,-0.0003672306277,-0.001068319372,-0.000302432579,0.002139990338,0.0009824758308,-0.0001040091119,-0.0009582544862,-0.004014792669,0.0003580897709,0.0009535191311,-0.007267257099,0.002030832543,0.003136595269,8.65795094e-05,-0.0002357230991,-0.0002210548842,0.0001791732313,-0.001226849698,-0.0009847241258,-0.0003521797642,-0.001543926977,-0.0003648594134,0.0003681094513,0.0001363187312,-0.002062201216,-0.0006750182869,-0.001956073407,-0.0007891194717,-0.002123573198,-0.001562568433,-0.00072900387,-0.001114257349,-0.0007794910832,-0.0004880589947,-0.0009425155154,-0.0003265125838,-0.0004237572897,-0.0003882091089,-0.003486957627,-0.001181142167,-0.002609823694,0.001184342246,-0.0004923729783,0.0001183816878,1.335136882e-05,0.001499319881,0.001049864115,-0.0005005249483,-0.0002492127953,-0.001405289878,-0.0008407851075
2005-12-31,-0.000739248507,-0.004701521063,-0.005149841986,-0.003974418899,-0.0002522587153,-0.0004349784178,0.000840210455,-0.007575902966,0.003450922697,-0.0009872829443,-0.004090131424,-0.002350695556,-0.002280446434,-0.0007892121605,-0.005353289163,-0.003148679021,-0.006872729975,-0.0007242355892,0.0002553585508,0.0009169949818,-7.773428458e-05,-0.0006886418013,-0.004062452767,-0.001114494873,-0.002184735244,0.0001009415571,0.003313841912,0.0003715193578,0.001669954831,-0.002768564925,-0.003285247648,-0.003401298115,0.001139070981,-0.003801687955,0.005551347176,-0.00468301978,-0.001468292127,-0.002725414751,0.002431573985,0.003359290686,0.003939103379,-0.003914231878,0.005722249356,0.004017199189,-0.007550379443,0.000565807413,0.002617510642,-0.002069059428,-0.00638614297,-0.002926294356,-0.003700234392,-0.002515343143,-0.0009682538457,-6.315815323e-05,0.003087004453,-0.0004077086563,-0.003405037708,-0.004423209198,-0.003074718207,-0.005792246033,0.001315908407,-0.003267059064,-0.002988653689,-0.002279806277,-0.001024333595,-0.003586100789,-0.003377106718,0.003504233669,0.005638711012,0.0005632974757,-6.341020198e-05,-0.003782058211,-0.00426825056,-0.004395574786,-0.004616825975,0.004077762653,0.003356307996,0.002248504498,-0.006359438026,0.001918943848,0.005205190324,-0.004622153783,-0.003463747363,0.0006960523491,-0.002643257384,-0.0008315945553,-0.0009859772335,0.003262822518,-0.00274758784,0.001933497218,0.001619299434,-0.004157170512,-0.003004414542,-0.002855303224,0.001534741005,0.001570862747,-0.0001923104469,-0.002848082158,0.00353015141,-0.006137501343,-0.0007132563003,-0.003886275567,0.003171968104,0.0007237080646,-0.006705988892,-0.006685633042,-0.004285604848,-0.003249379589
2006-01-31,-0.0005267640554,0.001388393665,0.002007090251,0.001786748847,0.001522054138,0.001010395012,0.001885430044,-0.007375261416,-0.001202177542,-0.002934517734,0.002635641356,0.006037085139,-0.0002078276726,0.002850421349,0.005149334361,0.006103828982,0.001805023672,0.007240675505,0.0009454288053,0.00680730661,0.001974988036,0.0004354765974,0.004308682986,0.003174459378,0.001554779822,-0.0008926878998,0.0007900058196,0.0004438542384,0.001576723337,0.0005711799122,0.002492144194,-0.004004444359,-0.002370538452,0.004744829043,-0.00111349011,0.004175683234,0.003295650232,-0.0006952996856,0.0006607070548,-0.000950364,-0.004187651792,0.005615999522,-0.004811571917,-0.003550968524,-0.0003028802369,-0.000976497885,0.006605936618,0.00261155514,0.007339312169,0.004319180666,0.001466949342,0.004237792396,0.001623300795,5.752036584e-05,0.0005597192395,0.0003604369615,0.003988970568,0.001829726126,0.003988278367,0.004872739078,0.004695398292,0.002995694633,0.004723882353,0.002576471886,0.0004554715849,0.0006780403979,0.003243403257,-0.001496994197,-2.134010017e-05,-0.0007688088861,-0.00172124196,0.002275991157,0.003252015497,0.003476422024,0.001520872219,-0.003076250665,-0.00372115836,-0.003315668897,0.007313262969,-0.004476734226,-0.003968247982,0.0002630996423,0.0001539192375,-0.003284709028,0.001989590038,0.00095504388,-0.0008300116139,-0.000649803378,0.00270548675,-0.0003569208935,0.0006519549911,0.004834739449,-0.001316883673,-0.0006191227257,-0.0006803986531,-0.006398192035,-0.00775973654,-0.007301781737,0.0006042349047,0.00728155175,0.001438311742,0.004470679739,-0.003307933641,-0.0006497683993,0.00567921378,0.004621191863,0.003055166955,0.005017545813
2006-02-28,-0.0005187141892,0.0009640375569,0.001133413245,0.001140256907,8.922235298e-06,-0.0005235960867,-0.0007301151341,-0.004337086345,0.0005131329933,0.0001976242605,-0.0007030647046,-0.0005921782423,-0.0002896626522,-0.0002953457011,-0.0004121473064,0.001296693715,-0.002464910775,2.736528668e-05,-0.001901683296,-0.001227137005,-0.0009085559154,-0.001028776668,-0.000464434344,-0.0006517208481,-0.0002495313728,0.0001794657482,0.001047513016,0.000131228977,0.0005199079066,0.0006905010475,-0.001739058024,-0.002491371285,0.0008988296527,-0.0006669866306,0.001285085969,-0.0003184952863,-0.0002759801851,8.88335045e-05,-0.001220957444,-0.0014297772,0.0003339780492,-0.0009143207609,0.001527999414,0.0007437416748,-0.00367899351,-0.0003494350727,0.00326742572,0.0007894180646,0.0002875065957,0.001644254598,0.0005335836705,0.001360049213,0.0005649811177,-0.00145616626,-0.0003120412016,-0.0001312421117,0.0009460853603,0.0007070395201,0.001352661147,0.0006103949319,-2.752101365e-05,-9.130975127e-05,0.0007810849736,-0.0001226637458,-0.004396310013,-0.004046865018,-0.003457420315,-0.006500245587,-0.0009747351181,-0.004299662224,-0.0001051446981,0.0008084305899,0.00116834323,-5.117924068e-05,0.0009828893688,-8.109215593e-05,0.001825420728,0.001587144575,0.000216534129,7.356892204e-05,-0.0003389761032,0.0001215103467,0.0008573924799,-0.0005495079988,0.001004728288,0.0005709341191,-0.0001775828925,0.0006928889678,9.755734076e-05,0.001035539482,0.0001365787782,0.0003857367467,-0.0005755134504,-0.0003034941244,-4.770000975e-05,-0.0003188781317,-9.973479298e-05,-0.0006368687774,0.0005029177752,4.019041317e-05,0.0005663988425,0.000883627997,0.001077885282,0.001822330972,2.9254708e-06,-0.0002035524683,0.001319522964,0.001008014635
2006-03-31,-0.0003853745441,0.0003475285895,0.0004126521916,0.001858750176,-0.001867989752,-0.0006759138021,0.001651694889,-0.002970915725,-0.002711225508,-0.001455318214,0.002105906089,-0.001326576271,-0.001180381948,0.001515437064,0.003859525311,0.002587790706,0.001114913325,0.001347051855,0.002321108985,0.001899042136,-0.0008974645994,0.0007196902284,0.002969325303,0.003073096355,0.003020043036,0.0003986220569,-0.000511021082,-0.002511156437,0.0005304671712,7.345630498e-07,0.005059362234,-0.003488888584,-0.00266328737,0.002753643688,-0.001189593342,0.002930568928,0.0004532694768,3.650034266e-05,0.0009850427669,0.001366024416,-0.003931841822,0.002649746681,-0.004053836124,-0.00337493722,-0.00106249139,-6.727738387e-05,0.004305023437,0.0009392131581,0.005545458763,0.004027236843,0.001487969098,0.00508653157,-0.0004707875639,-0.001644800845,-0.001004880389,-0.0005250744885,0.001137625969,0.0009449310031,0.001258229005,0.004702773959,0.002557573883,-0.0002326035733,0.00190514862,0.001484530146,-0.001105311143,0.0008158767089,0.002194750931,0.001721292365,-0.0004264802845,0.0006052108219,-5.432002272e-05,0.004171002325,0.004245140032,0.004708652911,0.000665575056,-0.002258256005,-0.003063642134,-0.0009031642711,0.005542997313,-0.002038235868,-0.002824408484,-0.001550993493,-0.0008499563475,0.0006507053177,0.001860834365,0.001366110419,0.001244467688,-0.00014977167,0.001467193638,-0.0002066072878,0.0002773165549,0.001158273039,0.001950298167,0.0018762475,-0.0003089007685,-0.003504001731,-0.002023522481,-0.003619704134,0.0002829663905,0.005973860921,0.002535338438,0.005025430608,0.0005632057584,0.002346492439,0.005833896462,0.004754044067,0.0008694992749,0.005507658792
2006-04-30,0.0008837594927,0.0005555233735,0.0004944453073,0.002113503749,-0.0008301421719,0.0004717004682,0.001300826791,-0.001724292987,0.0008538548781,0.0004027637437,0.003497123876,0.001076999394,-0.001984101431,0.003437579993,0.002789821161,0.0007450387825,0.002057845774,0.002228201615,0.001378961722,0.003433152404,0.0006078577224,0.0006198371768,-0.0001114617885,0.0009137248665,0.0008487843561,0.0005964147079,0.0008268096211,-0.0002953597365,0.0008674450885,-0.001959475005,0.002549305622,-0.001218799027,-0.0005989011693,0.004294155028,0.0003372223455,0.00359269495,0.003175926144,-0.0001445878199,-0.001666096922,-0.001144603102,-0.0005759178445,-0.0006611464139,-0.00200972848,0.001365683701,0.00147233559,-0.0006865994997,0.003480492094,0.001248529662,0.004458309031,0.005490352877,0.001341631103,0.005671009342,0.001346106352,-0.003141696738,-0.0002744166125,0.0004395376942,0.003252172545,0.002841264189,0.00340372616,0.005751399696,0.0005474815424,0.001846188045,0.0008473593663,0.0005870832577,-0.001025690435,-0.001345123683,-0.002625514376,-0.003996407231,0.00242235302,0.0005124846783,-0.001216022112,0.003996395574,0.005114161117,0.003695344621,0.0001004497087,-0.004382868956,-0.002344857782,-0.0008239066542,0.00429103484,-0.003639652472,-0.003464283419,0.00202725285,-0.0014895684,-0.0005484704815,0.002292535591,0.001627268676,0.0002610531113,-0.0004369603563,0.0009671356995,-0.00277391133,-0.002414301638,0.003092681115,0.00087598743,0.001575686725,0.001937768928,-0.005108669565,-0.0005088916641,-0.00493658805,-0.001692559836,0.004674887071,0.004178875822,0.005922104584,0.002831291391,0.00347096463,0.004493390439,0.005562586354,0.00253544727,0.005501240208
2006-05-31,0.002689992165,0.002318954325,0.002058893027,-0.0001235948778,0.0007146576434,0.0005550335746,0.0005053050609,-0.003215960383,-0.001895469455,0.001094565379,-0.00155800601,0.0007933910149,0.001455866179,-0.001822176063,-0.0009524971025,0.001048041646,0.002941029421,0.0003007461965,0.0008582507649,-0.0004178657676,-0.003029367544,-0.0003651403758,-0.002002164833,-0.0009903546412,-0.002624604022,0.0005061447498,0.002793833521,0.00221311006,0.002497844148,2.67589978e-05,-0.0005040695861,-0.005056890856,-0.001430498583,-0.002014062164,0.002754653159,-0.001794984689,-0.001595932163,-0.000420795837,-0.0007056930028,-0.001022812958,-0.0006822957177,0.000552012263,0.002287738092,0.0002349886889,-0.001224442628,0.0009492032528,0.004669615396,-0.001502680113,-0.002718108718,0.000837804954,0.0006408458859,0.001140234797,-0.001101301681,0.0002075671991,-6.342770125e-05,-0.0003465411246,0.0005849845918,0.0002303276064,0.0003225043404,-0.0008325918052,0.000697382566,-0.0001789042109,0.001423804128,0.001756753131,-0.005054774126,-0.001371642934,0.0001325161496,-0.001110949874,0.004802927386,0.001791121947,0.0001650369749,0.001434810855,0.001287588418,0.001021263467,0.001481686392,0.001196681463,0.002104975157,0.001280680891,-0.00290401897,-0.0001731732463,0.0006563205361,-0.0009944946319,-0.0004263463305,0.001144740431,0.001038080173,0.0005323634235,0.0006126631118,-0.0001470888109,0.001868305171,0.0003111993829,0.0008306299354,-0.000176032963,0.0002214408157,0.0003345249424,-0.00108148471,-0.002105494942,-0.002894213097,-0.001886934749,-0.001081264764,-0.003498537396,0.002244493323,0.001535008462,0.0004205903955,-0.0007939920912,-0.00119426201,0.0004017971006,0.0007957084102,0.0004283061736
2006-06-30,0.001637627831,-0.001012650437,-0.001113618216,-0.0009338086959,3.979547826e-06,-0.0003007054339,-6.064083332e-06,-0.002364736071,0.001197817103,-0.0002129308005,-0.001306028316,0.0009675092326,0.001542757842,-0.001022584877,-0.002008919938,0.001769319172,0.00319305462,-0.0005250593366,-0.001054906968,-0.001255548801,-0.0005908645649,-0.001521756479,-0.001121806172,-0.00118730886,0.0003668813721,0.0001264134205,-0.0004385623025,-0.0003335666431,-0.0003130381031,-0.001746455985,-0.001714767337,-0.003085341024,-0.0009055295189,-0.001551072004,0.001581269635,-0.00162160795,-0.0009080421593,0.000733389791,-0.0007056522742,-0.001015120834,0.001494882703,-0.0001626788254,0.002536277366,0.001488293707,-0.001179273398,-0.001445328986,0.002123286862,0.0001674976787,-0.004532870503,-0.002824156844,-0.001282380427,-0.001764972737,-0.001060698481,-0.0004914568903,0.0007423840753,0.000827220405,-0.002349212639,-0.002640066286,-0.002609686724,-0.001942393128,-0.0003130848371,-0.001841707554,-0.001892808681,-0.002354555733,-0.0002313229148,0.0001388577914,-0.0005350880894,-0.004400969173,0.001038797271,-0.002270682017,0.001633414416,-0.001270601589,-0.001239491443,-0.001743744499,0.0007629936007,0.001413884593,0.002286574536,0.0015050107,-0.004540957995,-0.0003626519775,0.0005915440129,-0.003424893906,-0.003005517639,-0.0008679614992,-0.00205796624,-0.0004349761586,0.0010339819,0.0005251696839,-0.00246035354,0.001122931678,0.0008103278055,-0.003004664027,-0.0009156603267,-0.00110601003,0.0002813256475,-0.002287288909,-0.002262025999,-0.002251684104,-1.477983445e-05,-0.005133001041,0.0009492338003,-0.002395975098,0.003115999281,0.001239213338,-0.002712489947,-0.00255128625,-0.001352085839,-0.003043827365
2006-07-31,-0.001411809529,0.0003898812289,0.0008758051192,-0.0005555683196,-0.001630975453,-0.0002434503853,0.001962074593,-0.0003919258075,0.002927109322,-0.0003210927825,-0.001889163914,-0.0007023183886,-0.0005837056575,0.0004456312872,-0.00271673156,-0.000399744519,0.004280808592,0.001392057323,0.0007016801612,0.001903622047,0.002410274964,-0.0001999113682,-0.001821827039,0.0004306848017,-0.002079558906,-0.0008729834807,0.002778563816,0.001079892439,0.002056046621,-0.001099448875,0.0003838973286,-0.005138965604,0.0001419624503,-0.002849482936,0.003095463152,-0.002233967003,-8.097970014e-06,0.002556197516,0.0006787303397,0.0008644531412,0.001072814315,0.001214021748,0.00105581579,0.00159260201,0.0008459802569,-0.0013881514,0.002489372037,-0.001469959187,-0.001059427572,-0.002725606654,-0.001510932033,-0.001611359359,-0.0005597851489,9.737137644e-05,0.0008390469061,0.001135610747,-0.001119916948,-0.001365143279,-0.001483588036,-0.002401215944,-9.130586895e-05,-0.0006403598671,-0.001588944844,-0.001134294439,0.003492845389,0.0003671393897,0.002762801109,0.002336896938,-0.003251804911,-0.005279846557,0.001711399225,-0.003445936451,-0.003726549579,-0.003151370108,-0.001991235891,0.002129471237,0.00250637401,0.00171163407,-0.0008961770943,-0.0005738383505,0.0008406065465,-0.00184493815,-0.002685313384,0.0002975981555,0.0003414100682,0.00144128716,0.0004341103917,0.001297118538,-0.00125766527,0.001347006065,0.0002206524814,-0.00187127511,-0.000940438807,-0.001119782226,0.0006504379631,0.0002115064879,-0.001020127472,-0.0006292592664,0.001704723534,-0.0001265212755,0.0001538302726,-0.001597353674,0.001340263928,0.0007447614789,-0.002649958513,-0.002486637501,-0.0009161114675,-0.001615604597
2006-08-31,-0.00120624085,-0.001479659463,-0.001607724378,-0.001560403704,-0.001463052336,-0.001415469145,-0.0004156030855,-0.0001123306837,-0.001076246924,-0.0001867033302,0.001134190292,-0.001150118285,0.001289356135,-0.0008952440634,-0.0001994053111,-0.001296598667,0.002491762015,-0.0004025327654,0.0004366284191,-0.001238117573,-0.0003215121226,-0.001732735916,-0.000470342268,0.0001820878044,-0.0001258346063,-0.001992670334,-0.0002407083182,-0.001062622051,0.0005980107348,0.0002762564434,-0.001006515652,-0.002738329834,-2.73951894e-05,-5.949862854e-05,-0.0002201679604,0.001316843517,-0.0003595392754,-0.0002463287448,0.001679694863,0.0006263396647,-0.0004040799012,0.001507299107,-0.001483858482,-0.002249083941,0.0006215434167,-0.002257238003,0.001353420618,4.346168698e-05,0.002056709734,0.0009320313226,-0.002418955408,0.00144090713,0.002966161472,-0.003082320311,-0.002169629791,0.0004622423256,-0.0004817038496,-0.0007757732525,-0.0001552249789,-0.000841855619,0.00150166801,-0.001298035327,-0.001031115405,0.001822670581,-0.004620425579,-0.004220285987,-0.003692561028,-0.001672039104,0.003473217823,0.0002767049241,9.979995483e-05,-0.001583037632,-0.001791112504,-0.001003712149,-0.002030649383,-2.034965078e-05,-0.002225667342,-0.001765482611,0.002145375041,-0.003456733785,-0.0002736804308,-0.0009529124308,-0.0008154426766,-0.0006346988925,5.45634263e-05,0.0009240709772,0.0002606385512,-0.002081227163,0.0009266482408,-0.0008856884931,0.001446956255,-0.0002850043639,0.00010123681,0.0002397632018,0.001521499995,-0.003262402455,-0.003689193155,-0.004583358692,0.0009890619877,0.001702084473,-7.081030503e-05,0.000703107925,0.000500590884,0.0006960470545,0.0005352996569,-0.001191781445,-0.001822240737,0.001114621687
2006-09-30,-0.001681261266,-0.002215698697,-0.002139432744,-0.001334180689,0.001768155786,0.003107378527,-0.0002733511996,0.001859603571,0.001473408274,-0.000289862969,-0.001414231323,-0.001558178068,0.001120289622,-0.001074146319,-0.002088227133,-0.0008769941966,0.00236850618,-0.002302688352,0.00100820878,-0.002460467944,0.001154591042,-0.001129863182,-0.001312511197,-0.002150325137,-0.003052042019,-0.0009552042653,-4.112499142e-05,-0.00227099073,0.001322155717,-0.0006859128548,-0.001615926783,-0.001708578631,5.291889461e-05,-0.001736111311,-0.0009973633298,-0.001655808317,-0.001326861764,0.0007096644254,-0.000520440321,2.277395062e-05,-0.000744254122,-0.001285422344,0.000130818265,1.442524293e-05,0.0007412136815,-0.001524941629,0.002891058623,-0.00102059083,0.0002759600436,-0.001132921383,-0.0002881565183,0.0001845411681,0.001930178967,-0.002418215252,0.001433618355,0.0001412883624,-0.0006446014343,0.0001196750148,-0.0009366514337,9.617632441e-05,0.002649345522,0.001510205704,-2.290213742e-05,-0.000813871095,0.003306089136,0.003170185311,0.005102277587,-0.0001699130634,-0.001184077994,-0.00461828847,-0.0002722756492,-0.0005198156286,-0.0003109933784,-0.0007817992846,-0.001273322392,0.001705565277,0.001412325922,-0.001179145981,0.000297283544,-0.0001076680143,-0.0001915517256,0.002013537037,7.617304885e-05,0.0001154406052,0.0006585862377,0.0008994354366,0.0002808515365,0.0008994351817,-0.0007787804723,0.0003314494266,0.0002665056056,-0.0005969627936,-0.00116837096,-0.00125187123,-0.000355103961,-0.001473703245,-1.062770996e-05,-0.00165589113,0.001043364792,0.0004345680416,-0.0007370714468,-5.993696267e-05,0.001536608352,0.001573064738,-0.0007558740551,0.0007305565716,-0.0009654212581,-0.0001255586252
2006-10-31,0.000653791524,0.002338266747,0.001993276835,0.002312784846,0.002552008097,0.003038331432,-0.002350606442,0.004100415795,-0.001717031053,-0.00399502773,0.004196489219,-0.003534732385,-0.003885579162,0.002422441351,0.003938629979,-0.003689442535,-0.004168926979,-0.004215496124,0.002869780616,-0.003418300902,0.001085493409,0.002738205734,0.002104073703,0.001916433178,0.002215691645,0.000502758725,0.004862842783,-0.001348666831,0.004672496455,0.000629910576,0.0009610556916,-0.002887271513,0.00276020753,0.004141024975,-0.002819320004,0.004060535534,0.002850554592,-0.002805057667,0.002204830097,0.002865215323,-0.003274603278,-0.002317038964,-0.003594366347,-0.001359256429,-0.003302166089,1.13035773e-05,0.003802410292,0.00270923499,-0.000270188102,0.003475248772,0.002421123466,0.004042669687,-0.000323772266,0.00200039634,-0.003206945494,-0.002709830855,0.003859214752,0.005060529148,0.004262166501,0.00440501736,0.0005162381238,-0.0005421626048,-0.000395831595,0.003412145178,-0.00541601036,-0.004908271632,-0.005851498603,-0.0006884305674,0.001256681371,0.0007030728133,0.003690128573,0.003753946458,0.002987942045,0.003644079639,0.002241060551,-0.001885958091,-0.003130975266,-0.001483493136,-0.0001928410931,-0.001892586752,-0.003271086105,-0.001828293508,-0.002434148355,-0.0002501205899,0.003734312607,0.002780254691,-0.003389196909,0.0002954800199,0.003570572148,0.001126505403,-0.00249522247,0.004487804146,0.001579093559,0.001391079239,-0.001005350537,-0.003313150765,-0.003562252403,-0.003586525383,-0.002577360245,-0.0003309762913,0.002887904581,0.003252902339,-0.0003498217566,-7.244697884e-05,0.004338011424,0.003872070394,0.003278522346,0.004052339382
2006-11-30,-0.001061637839,0.0003958320315,0.000149613862,0.0007205110185,-0.0009016511046,3.023024706e-05,-0.0001777121786,-0.002544834204,0.001599581197,0.0001392689986,-0.0002155789136,-0.0009847257068,-0.000184475713,0.001817384968,-0.001252917377,-0.001360340413,0.0003942437005,0.000739554375,-0.002334725568,0.0009516267746,0.001693823561,-0.001674500716,-0.00175682477,-0.001489200209,-0.001872259187,-0.0001460582302,0.001933335378,0.001807193676,-0.000307574871,0.001512595552,-0.001956940907,-0.0006309491169,0.0009672033753,-8.591037736e-05,0.0006838194059,-0.0006720100327,0.001379306694,-0.0006933105439,0.0003646088909,-0.0003065219693,0.001412331164,-0.002002848076,0.0005317430343,0.002894972147,0.000122097331,0.0005247204824,0.001300309881,0.0005536222454,0.0001574338912,-0.0006823067631,-0.000795334667,0.0007345835507,-0.001023920483,-0.0003669882279,0.001648992579,-0.0006868724748,-0.0004674518294,-0.0005408210113,-0.000953576292,8.985229557e-06,0.002437602162,0.001871816003,0.001774615601,-0.0001798132471,-0.004353073094,0.007132373833,0.006873466585,0.007408523118,0.006277134396,-0.001328363793,-0.0004324978124,-0.0005107017981,-0.0002662032941,-0.000511450267,-0.0005218061749,-0.0004601204406,-0.001000001495,6.850458532e-05,3.114784081e-05,0.001340548074,0.001501859307,0.0004349254771,-0.0004362774326,-0.0002838095767,-0.001541230195,-0.002122067131,0.0002421298322,0.001442686522,-0.0001785907803,-0.001595921781,-0.001278998731,-0.0006413534241,-0.001362092304,-0.001361043035,-0.001089472017,-0.002846682879,-0.002130304601,-0.002322867789,0.00158702033,6.956032648e-05,-0.001378270258,-0.0002163256899,3.164058634e-05,2.798778447e-05,0.0004566037149,-0.0001308779262,-0.0008147282083,-1.342251818e-05
2006-12-31,0.0002300283476,-0.0009194094589,-0.001313977893,0.001603824619,-0.000403624324,-0.0007208293878,0.00104919657,-0.002611707237,0.001827211493,0.002285132667,0.0006806020298,0.005511962015,0.003940829744,-0.0008037926443,0.002534660787,0.0004808895011,-0.001405596078,0.00496790137,0.0006660592695,0.005074458028,-0.001611083246,0.0004502084966,-0.0008020359957,-0.0007619823691,-0.0004437037346,-0.001085520204,0.001195513022,0.001409505592,-0.001223140948,-0.003050379585,0.002388848218,0.00179367503,-0.001967828401,0.00110870195,-0.003490746827,0.001578848334,-0.0002104694094,-0.001731075401,-0.0007871454715,-0.0008120946483,-0.003513976463,-0.0005902064446,-0.00410225543,-0.002458095372,0.001665530206,-0.002456261078,0.002266228359,0.0001350895512,0.005736166476,0.002114500372,9.314583514e-05,0.006166992948,0.003522213236,-0.005775263978,0.0004001811434,-0.001535982771,3.089105283e-05,0.0001756488136,-0.0006449980632,0.005819950107,0.004324054961,-0.001386954976,0.0009373930082,-0.0008211511673,0.002353608269,0.001097809476,0.002314690821,-0.000839832433,-0.004803050597,-0.003567784625,-0.003793915094,0.00317086399,0.004354081866,0.004470003956,-0.0001918108068,-0.0005380666619,-0.001692650073,-0.0001936706287,0.005652784949,-0.0001969666213,0.003508485474,0.001153623852,-0.001269510053,0.0007267252683,-0.0008331347746,-0.0005849156671,0.001770097521,-2.656012415e-05,-0.000831793672,-0.002679654664,-0.001857667416,-0.0001100429275,0.003468629211,0.001276261818,-0.0002328425805,-0.003631514687,-0.002006606151,-0.004325329048,-0.000830257283,0.005781894984,0.002379835476,0.004962713796,0.002208855218,0.001917905481,0.004922782701,0.004222464232,-0.0006222118243,0.006696312706
2007-01-31,-0.002429088498,0.0008802228966,0.0007724612173,0.0005993838712,0.0004885323335,0.0002284863603,0.001011429256,-0.001591936727,0.001115127579,7.375319825e-05,0.0007208226148,0.001506376189,-0.002882949212,-6.628453099e-05,0.0006432567817,0.003896599727,0.0007979409695,0.001727223949,-0.0005883467748,-0.0006647054685,-0.0002693504119,0.00141929645,-0.001893108989,-0.000964060547,-0.0007193237834,-0.0009811605397,0.002350793437,0.00253623852,0.002433189002,0.0006970347795,0.0008274685056,0.001009257238,-0.0001717243735,-0.001245976903,0.0008901167595,0.0006520001435,-2.921370044e-05,0.0005406927869,-0.002331149327,-0.003360792044,0.0003889060463,0.0003106057499,0.0006589479987,0.001587852417,0.002950643457,0.001547511981,0.002648722063,0.001385707199,0.00496605309,0.003830266219,-0.0003191396019,0.005595250951,0.0005623356784,-0.003360378241,-0.000138447813,-0.001444157011,0.0006971353862,0.0006945471742,0.0008673810389,0.0025658829,0.004340045985,0.0009720403739,0.001335363921,0.001054522895,-0.001069154748,-0.001606700751,0.001562258923,-0.002512397269,-0.001286177316,-0.002164526651,0.0006392456066,0.002216282104,0.001582025278,0.001771461742,0.0001563088901,-0.0008106242716,-0.0006437184017,-0.0002915061844,0.005068431915,0.0007631357343,0.001038150778,0.000211264398,-0.0001917154904,0.0009957712441,-0.0002270158512,0.001045115196,-0.0002489651573,-0.001408437751,0.00131622391,-0.002366295747,-0.00260375697,0.001238209226,0.001090937354,0.00140842111,0.0004717028438,-0.002601014753,-0.002796854927,-0.002418324014,0.0005927238421,0.004053680711,0.002874591019,0.004473005235,0.001463959314,0.001974232243,0.003671521749,0.003370765654,0.0007498982894,0.004837900691
2007-02-28,-0.001061741912,-0.002330708212,-0.001432456808,-0.0007995781698,8.824885109e-05,0.0008186412278,-0.0001579440814,-0.00285331066,0.0005049517637,-0.001111639787,-0.003552659793,-0.003556563523,-0.001820153111,-0.000141556526,-0.003065595577,0.0005926201362,0.0003759959755,-0.002116590127,-0.002429617956,-0.00142002575,-0.0006664897516,-0.001249482181,-0.002218463613,-0.002319412506,-0.0008331289192,-0.0003839973941,0.0009305949528,0.0009997024096,0.0003558624535,0.0008311059936,-0.002665983532,-0.003009637759,0.0005272410668,-0.002953973103,0.002060762497,-0.002696391694,0.0001227158315,0.0006803794479,-0.0006345506927,0.0008670202509,0.00158196021,-0.00323414479,0.003155322063,0.00289567431,-0.001825601186,-0.0006959283283,0.001967847001,-0.000188672634,-0.00290822499,-0.002331562739,-0.0006876496425,-0.001616400015,0.001255742594,0.001246035369,0.0005370210062,0.001851385602,-0.001972878237,-0.0009472407102,-0.002003047498,-0.003497360852,0.001700918828,0.0007810782509,0.002875322665,-0.001357934917,-0.000793483999,-0.002215565089,0.0008801198236,0.0003994529626,-0.00316271586,-0.002184159704,-0.001354439045,-0.003870437356,-0.004042355163,-0.0040449869,-0.0004755049704,-1.745172337e-05,0.0008078439201,-3.774888618e-05,-0.003047849793,-0.0008398511917,-0.002272178638,-0.0007255801425,-0.0004864371338,-2.837032425e-05,-0.001068247059,-0.001366452386,0.000501223029,0.0005002431317,-0.001339843923,0.0001950630251,0.0002375284238,-0.001952497725,-0.001668867918,-0.001617947188,-0.001652673151,-0.002401724932,-0.004013174977,-0.002494924594,0.001780587187,-0.002854999956,-0.0008269751197,-0.002168466587,-0.0002630518816,-0.001046368071,-0.00317276172,-0.003962737707,-0.00195653174,-0.002264880092
2007-03-31,0.002211649385,0.001508184608,0.001673398265,0.0004041982173,0.0012630054,0.001818427725,-0.002366443127,-8.407333857e-05,0.0004151368205,-0.001994691194,0.000461399239,0.0005445962824,0.001987838812,-0.001052704851,0.0005654575598,-0.0009290295674,-0.0008959676758,-0.0006575499907,-0.0002231647532,0.001805557239,0.0005568512119,-0.001377680036,-0.001552322811,-0.001645378724,-0.0004680339521,-0.0005909101899,0.000737672523,0.0008665197839,-0.0001190709566,-0.0005722427561,0.001031528641,5.197705652e-05,0.0008804605877,-0.000418108941,-0.001532433021,6.009215324e-05,-0.001140055052,0.0009285652273,0.0006206361137,0.002826350467,-0.002682317155,0.001463062241,-0.0005735624224,-0.002922562296,0.001180301439,-0.00029349065,0.002395775846,5.678223864e-05,-0.0003886898997,-0.0001910311176,0.001315770029,0.000653411773,-0.0005656822618,-0.001222327902,-0.001065591411,0.0003259089853,0.0009487571995,0.0003676809629,0.0004757196669,0.001391753342,0.001897761189,0.0005873178469,0.001958915678,0.0007184426424,-5.348700918e-05,0.0007280338225,-0.001891309845,0.002612401989,-0.001821324981,0.001248632389,-0.002115388763,0.001975242187,0.001156106261,0.001841634873,0.002133774735,-0.002087255054,-0.0003682875524,8.041742e-05,-0.0004518625191,-9.605683518e-05,-0.0002612762528,0.001473535882,0.001074500572,0.001699017286,0.001245345685,0.000847451681,-0.000520603079,-0.0001419982631,0.0007425586986,-0.00073648673,0.0004571271158,0.0005424300713,0.0006047642736,0.000658232549,-0.002141188651,-0.00283439738,-0.001785552786,-0.002127058147,-0.001043332164,-0.0002366201772,0.002190654366,0.001328228159,0.002386284531,0.002412098619,0.001289121366,0.001482389328,0.0006295660611,0.001124487709
2007-04-30,-0.0003592841495,0.001323630763,0.001262992062,-0.001655776086,-0.00239599226,-0.001381136321,0.001423586149,-0.003402773767,0.001189803871,-0.00379107418,0.001463589858,0.0004565664916,-0.002662225861,0.0007828022649,0.000535562279,0.0005353180643,0.001931205516,0.002635321321,-0.002141309574,0.001823521502,0.0004597079179,0.001785425828,-0.001954617528,-0.001538511001,-0.003039355763,-0.001120968953,0.001269633517,0.00126317585,0.001910094696,8.740890811e-05,0.0003035949781,-0.0004581743864,0.0003553107496,0.002466240775,0.001014890194,0.00207121285,0.001786994219,0.001320239496,-0.001274840943,-0.001078332522,-0.0005761793777,-0.00070241937,1.7117258e-06,0.001836578635,0.0007737924608,-0.0004702154565,0.002687253972,0.0007098195077,0.0005080945723,0.0004072787221,-0.001319446019,0.001102791853,0.0005363953694,-0.0004197163661,-0.0006610277634,-0.001405095863,0.0007500032081,0.0006858856154,0.0009647542086,0.001574426007,0.002831611458,0.0002232390047,0.0005308671315,0.0008224140954,-0.001030153328,-0.001384906943,-0.001664036638,-0.0005873710103,-0.00165508987,-0.001920134607,-0.000400029043,0.001335407276,0.001895519538,0.001833787053,-0.0006519100981,0.001543383632,0.001692807715,0.0005360710535,0.0007680702277,-6.335030108e-05,0.0008413592462,-0.0008844528594,9.584052465e-06,-0.0003491595723,0.0004283360166,0.0004815773249,-0.0007680796427,0.001076424171,0.0007912873338,-0.001913562515,-0.002432457383,0.0006658831724,0.001276536103,0.00130545756,-0.0004274648054,-0.002815941386,-0.003272044162,-0.0008845523484,-0.0007915082275,0.0003418195481,-0.0007687232616,0.0004034780623,-4.675481267e-05,0.0006324492996,0.002003771971,0.0018976237,0.0006987138652,0.001399083786
2007-05-31,0.001071425305,0.0003175426498,0.0006113853986,0.001543561836,0.0004455041591,0.000227233416,0.002575729737,0.002518874257,-0.0008180583221,-0.001388894126,0.001347686164,0.0001992245393,0.002285122331,0.0001164297472,0.001680940437,0.0005288446611,0.001778612486,-4.104535029e-05,-0.002409009086,0.0003347430734,0.0002557028522,-0.0007664835749,0.001842526225,0.001863857689,-1.593960335e-05,0.0001966416562,0.0009653198097,0.0006633565529,-5.038453736e-05,-0.0005219494371,0.002485248658,0.000533552027,-0.002929369535,0.003028936895,-0.001129009603,0.002372728446,8.777176361e-05,-0.002762357221,0.001195227211,0.001414251454,-0.002787763252,0.002314458165,-0.002833341421,-0.003182735528,0.003818935114,-4.570121459e-05,0.001831473663,0.0001700323883,0.00357637328,0.001577782621,0.001933840853,0.001486584228,-0.001005560367,-0.0002835900305,-0.0003746600793,-0.0007900651566,0.001360801563,-0.0001559785033,0.001357119612,0.002378784385,0.001366109402,0.0002224423944,0.001368069741,0.001401031146,0.0001387294296,-0.001469149405,0.00212812692,-0.001692729611,0.0008127519129,0.002411275398,0.0003285583495,0.002292098055,0.002226639033,0.001760842948,0.001248681791,0.0017595762,-0.001022416391,-0.0006382847948,0.003023164016,-0.0009344002033,-0.001464986593,-0.001382157271,0.001173598877,-0.0004308058079,0.0003662332334,0.0006230600204,-0.0001518409413,0.0001500561268,0.001436774281,0.0001206356992,-0.0004277052798,0.001287677701,0.001783649952,0.001871707412,0.0002143699102,-0.00345666003,-0.004231308891,-0.001760195574,-0.001516667745,0.003742978875,0.000860739655,0.002546879698,-0.000307487686,-0.0002042003072,0.00231636702,0.002869845621,0.001527891164,0.001410444834
2007-06-30,0.002461233654,-0.001205757831,-0.0003981476869,-0.00083935201,0.0001265167827,-0.0001945081011,3.532462482e-05,0.0009759991734,-0.001442096052,-0.001024315148,-0.001618390792,0.0004044656608,0.000705454373,-0.002285814943,-0.000322141732,0.001204226755,0.0005935332587,0.0006086115108,-0.002748080203,0.001606284657,-0.0007535188213,0.0001529609735,0.0006504926355,0.001112993486,0.001184150876,-0.0003039420666,0.001521432233,0.0001607767637,-0.0002204636088,-0.001287896573,0.0002288692955,-0.002223335032,-0.0008620523004,-0.0007555205047,0.0009846859606,-0.00262162391,-0.002894437546,-0.002595712284,-0.001877886635,-0.001181559338,-7.065921182e-05,0.0003359872507,0.001577907794,0.0004431006213,0.001114601152,0.0003248901679,0.00199905498,-0.002137615077,-0.003291629649,-0.001337443344,-0.001676004931,-0.001019864534,-0.0003661821016,-0.0009578224094,-0.0004570427743,-9.799808525e-05,-0.001763733186,-9.812051337e-06,-0.002090850506,-0.001047916984,-0.0007924580373,-0.002639875451,-6.66147843e-05,-0.001376930194,-0.00158193495,-0.001599173331,-0.001340000172,-0.00427567663,-0.006185361821,-0.002383078842,-0.0003692472973,-0.001221706187,-0.001829846939,-0.001273105066,-0.001430491368,-0.0001897045969,0.001316775068,0.001308855437,-0.003265821561,-0.001469281818,-0.0008205073468,-0.00312324617,-0.0009361061205,-0.002500548431,-0.0001564536512,0.001578556137,0.0002544516875,-0.0002399220737,-0.001425401252,0.000470526754,0.000496499127,-0.002544086607,-0.0006483999036,-0.0006630928367,9.215740785e-05,-0.001494058835,-0.001089566981,-0.002174622492,-0.0006641220804,-0.003059673197,0.0002458096447,-0.001488743129,0.001923094521,0.0007275861725,-0.0007424688119,-0.001375199997,-0.001025289086,-0.001424959497
2007-07-31,0.003069820836,-0.002017549259,-0.001700764884,-0.006696083304,-0.002135528047,-0.001875775503,-0.002767554275,0.0002700123624,0.0007503041091,-7.698999089e-05,-0.009476387965,-0.001908097683,0.001618014691,-0.007507080479,-0.01186842724,0.001615387384,0.001493915675,0.0003503473339,-0.006927022548,0.0003611792216,-0.001885583988,-0.003354281695,-0.004634520062,-0.004643216734,-0.002881444795,0.003877376145,0.0003888219614,0.002438836742,-0.001195609304,-0.002120023704,-0.009074901361,-0.004627177347,-0.001844980473,-0.01026786768,0.004471047783,-0.008609945905,-0.006446672409,0.001564682536,0.0006391054146,0.002347123252,0.004274815029,-0.003310353446,0.007327679818,0.002754525608,6.69221899e-05,0.003323279937,0.002430878455,-0.00430244254,-0.01556765293,-0.01324672781,-0.004732790746,-0.009836847608,-0.008512629491,-0.002326691893,-0.0004300026835,0.0004382004498,-0.006503243165,-0.009526787944,-0.008742062999,-0.01147388883,0.0003613876537,0.0004578615088,0.0001213592689,-0.004831728955,-0.003538176116,-0.002868568148,-0.00151797882,0.003085798941,4.053757595e-05,-0.001553490658,-0.001112555384,-0.01194400127,-0.01164680085,-0.01214055446,-0.001640889029,-0.0009949277644,0.003478921337,0.005744358753,-0.01549423383,-0.00345238041,-0.001207913957,-0.004700453383,-0.004433478611,-0.004844259661,-0.004041952361,0.0007982883605,-0.0008032077785,-0.0008604484792,-0.005141043474,0.002756865086,0.002818307458,-0.009704689858,-0.005080998814,-0.005214323709,0.003673287249,-0.004343011684,-0.007830541712,-0.003627323398,0.001254252252,-0.01615133122,-0.001253818659,-0.01077802291,0.005516506849,-0.0003656460664,-0.01305786953,-0.01131368302,-0.004833714993,-0.01101312976
2007-08-31,-0.0008320449205,-0.003441228944,-0.003321230856,-0.001007217113,-0.001858301055,0.0006142213336,0.003412721477,0.0007309012468,0.003561215327,-0.00481305326,0.005719047906,0.001726954129,0.0007252777957,0.005842238377,0.004858677356,-0.001632815998,0.002701683832,-0.003645392592,-0.007003629328,-0.003674609609,0.001789742228,-0.01185327741,-0.004866020953,-0.004600336573,-0.00570593459,-0.001034051055,0.004051118971,0.00411503829,0.001432514682,0.001813270027,0.005079364258,-0.004160376279,0.003885728991,0.007195956444,0.001117195987,0.006127916252,0.00774353219,-0.003906887226,-0.0008536686406,0.001019602525,0.003457374363,-0.001027726051,0.0006426182183,0.005573264772,-0.001166082126,-0.0008479001307,0.003809175373,-0.002289453208,-0.002211077004,-0.001517973737,-0.0011069041,-0.0007741849272,0.0003250864141,-0.0007198962988,-0.001756775274,-0.003295997831,-0.001681498139,-0.0004000829831,-0.0009033787395,0.002895107417,0.002968160243,0.001283969784,0.002804764614,-0.00355592059,0.004774548713,-0.003558236385,0.009614736769,-0.00330328273,-0.005643964343,-0.007628939198,0.0008365195961,-0.001090315589,-0.0003582531084,0.001064200658,-0.001878898413,-0.001643035781,-0.0008147464772,-0.002693475429,-0.002460726703,-0.0009035241558,-0.003761718567,-0.002005499689,-0.002116414973,-0.002319097031,-0.001898441151,-0.001179891177,0.002695761192,-0.001144791858,-0.003579381622,-0.002399281262,-0.001708131699,-0.001751931525,-0.001545286784,-0.00128892355,-0.0004955317118,-0.002499771374,-0.007719576967,-0.006956196463,0.0001329961895,-0.002050880584,-0.001036675678,-0.001819611245,0.0003933478239,-0.0003690442915,0.001259400907,0.002628557744,-0.00142036163,-0.0003989028216
2007-09-30,-0.0005985746596,0.001213617296,0.001070391211,0.001430815467,0.0005678461373,0.001216905171,0.001702919213,0.004567788919,0.0063300181,0.000144671088,0.007230940306,0.0005229278312,0.001037159395,0.003762637297,0.002896254217,-0.0009002656953,-2.635175055e-05,-0.003678874684,-0.002223140976,-0.001664117863,-0.001575774685,-0.001175630727,0.001269051955,0.001249052908,-0.004277853639,0.002619546193,-0.004233559612,-0.00460733773,-0.0007825482172,-0.0008579136237,0.007555121737,0.002310987298,0.003411206556,0.009232263682,-0.003238873736,0.008672170817,0.005671326611,-0.002143899052,-0.003464036758,-0.002841101753,0.0006813499298,-0.003805410285,-0.005302595262,-0.000324937345,0.002482226715,-0.002477345061,-0.00204648205,0.00270037343,0.005302242844,0.00326923914,0.001991347506,0.003275803266,0.001670029043,0.001201569784,0.001535499623,-0.001033781004,0.002755906634,0.001374986402,0.002376648513,0.007452568868,0.002586999688,0.0008567681971,0.0003691431812,0.002646536141,-0.002061914425,-0.005622623354,-0.003266998841,0.0006100379197,-0.0005200193635,0.003269461061,-0.001325256378,0.005122978583,0.004281433255,0.004713408077,0.000178730397,0.001935184689,-0.001088477205,0.0002307700971,0.005454287273,-0.004786316305,0.002817329026,-0.00544766517,-0.005680433949,-0.004170841294,0.00124353575,-0.001478584234,-0.001439338714,0.001978852302,0.00277291128,0.0002629479866,-0.0002765311896,0.001972237911,0.001378266328,0.001216773451,-0.0006342243736,-0.008676296224,-0.009811752326,-0.009620899983,0.0002219863958,0.005014606648,0.002031780553,0.00565982918,-0.0003324903695,0.001807480457,0.003996278639,0.006947613174,0.002053539855,0.004752312753
2007-10-31,-0.003344633625,-0.000155264095,-0.0004602985717,0.0006073448244,-0.001922286132,-5.797127752e-05,-0.002403547924,0.003329038226,-0.0005281883272,0.000941188228,-0.00124098887,0.0009181178581,4.122992687e-06,-0.002286581862,-0.003158189363,-0.005822428633,-0.001975930956,-0.002839588447,-0.003656063972,-0.0003764695116,0.006148219345,5.168721764e-05,0.004597972871,0.004971460164,0.006038378407,0.003155115829,-0.002535171597,-0.004731940332,0.003322360456,0.0005532700992,0.0003007402495,0.0004741148602,0.001488409845,-0.001271811771,-0.002174408928,-0.002193748075,-0.002124945825,3.647933354e-05,-0.0004748123117,0.000668261074,0.0009044072062,0.003273896447,0.001938982403,0.0003285420948,-0.001187062697,0.001115890008,-0.001148785968,-0.002364060309,0.001393799911,0.003039187802,-0.001782199297,0.003786322856,0.001551211774,-0.0006072811264,0.0005457215118,0.0004569706582,0.001509673951,-0.0009333036416,0.001068594766,0.0002309871977,0.00220489507,0.0003487892158,-0.0005825405804,0.003097251833,-0.0004271469206,0.003328077896,-0.0003629103591,0.001131520696,0.003911758004,0.002178993789,-0.001045734397,0.0002005335203,0.0004120374333,-0.0001980454024,-0.001881692234,0.0005378852234,-0.001171049787,-0.0004620525753,0.001469420722,-0.0006693429067,0.0001578669319,0.0001932591684,8.79253578e-05,0.0001617742828,0.0006546078138,-4.126107786e-05,0.0002592354896,0.0005117669856,0.003012772293,-0.002917372747,-0.001058800495,0.0008448080474,-0.0003972917909,-0.000152650573,-0.0007734950302,-0.002815863023,0.0008195474492,-0.000253897652,0.001907331193,0.001932504631,0.003775305544,0.003347534582,0.002845844747,0.004219180298,0.001631537624,-0.0003966662985,-0.001038002463,0.004599287389
2007-11-30,0.002744260201,-0.003592886727,-0.004511825495,-0.01070592814,-0.002119636771,-0.001721068445,-0.001780696305,0.001236034749,-0.005862653758,0.002801564651,-0.01602986948,-0.004010507224,0.004044024044,-0.0153767002,-0.0129398806,-0.005809440892,-0.001489220637,-0.004658173769,-0.004938013353,-0.007041542924,-0.002170773239,0.001782016514,0.002599527758,0.003075609989,-0.001014611653,-0.002447560832,-0.003677754839,-0.001638963005,0.0007718823327,-0.003490995895,-0.01645952761,-4.787713362e-05,-0.008233531186,-0.01486527962,0.003666387757,-0.0170191099,-0.01414264052,-0.002996591426,-0.0004304788591,-0.001059494646,0.0012544284,-0.003318945601,0.00765984952,0.002055842293,-0.005354858775,-0.001785031447,-4.07975491e-06,-0.007557684397,-0.02096855307,-0.01916212087,-0.006734463641,-0.01036264014,-0.006033066012,-0.01392018876,0.001391002085,-0.0006175818455,-0.01333500253,-0.007426787328,-0.01355547664,-0.01637569506,-0.001565722565,-0.003464038916,-0.001462072047,-0.006331183467,0.00286640167,-0.006830934609,0.006233736068,-0.008060272207,0.004635055088,-0.00110347144,-0.002258169937,-0.01388742353,-0.01527785142,-0.01413590469,-0.004723883545,0.003779900368,0.001211753143,0.005833508514,-0.01984106126,0.006027155192,-0.002764828318,-0.002957581177,0.01039908114,0.009105071559,-0.00725646658,0.001785590344,-0.00111553806,0.0005199094673,-0.006689807107,0.002219473439,0.0004660560166,-0.0135962485,-0.003763718632,-0.004573100983,-0.001646731031,0.007423994141,-0.0001608520782,0.01136809612,0.0001522652968,-0.02220250744,0.0004875301276,-0.01333439151,0.006220955585,-0.005433281922,-0.01609321013,-0.01609291124,-0.008495060033,-0.01454111558
2007-12-31,0.0007641483161,-0.002236607565,-0.00176671515,-0.004033494755,0.004787321066,0.004354154228,0.007729948104,-6.147672421e-05,0.002708734958,-0.001832065618,0.00483264851,0.003320944899,-0.005021447987,0.002961958654,0.004397236939,-0.001119373884,-0.004280774376,-0.004234647435,-0.002725106432,-0.003613893007,0.003779234713,-0.0007850590675,0.004358994488,0.001352986774,0.00521557419,0.0001486577759,-0.003990647464,-0.004816864341,-0.002545616231,-0.001698995532,0.00722138194,0.006762868481,-0.004038860528,0.00665145484,0.007769943012,0.005219897732,0.004210243619,-0.002744109557,-0.008143669262,-0.01005328794,0.0003076218082,0.00350465303,-0.002425389149,0.0001417161547,-0.005180096187,-0.002833256425,-0.003427627698,0.001784760981,0.0006024938898,-0.001578620955,-0.004133913523,0.006522415619,-0.001063994932,-0.004395536296,-0.001313356571,-0.004278625991,0.0001721159381,0.002017265314,0.0007441200974,0.004767921281,0.003714674804,-0.002466265885,0.003662145927,0.002099951719,-0.003350362057,-0.002284669694,-0.004720411491,-0.002027091377,0.005623611976,0.0001874832637,-0.002685212996,0.0005029135467,0.001608282003,0.003082011788,-0.003999529639,0.002176485216,-0.002803193568,-1.73556256e-05,0.0001301896687,4.981060705e-05,-0.003744259004,-0.003952181058,0.001327207866,0.002088982755,0.00295402085,0.003513672189,-0.0005129911203,0.001706995026,0.001481796986,-0.003659882478,-0.005304777123,-0.0002430879926,0.001422728582,0.002416890324,-0.004063772305,-0.004482067781,0.002145511695,-0.005187316769,-0.002333204739,0.001199913526,0.0002343281393,0.001073256585,0.001561223665,0.001865343074,0.003371118971,0.005091188147,0.001820676642,0.006310713413
2008-01-31,0.005775985762,0.001389895173,0.0003091395055,-0.002860746064,-0.002817953182,-0.00126787883,0.001482598654,0.002897513936,0.009593568761,-0.0154710913,-0.006473004734,-0.01148641058,-0.01067511294,-0.005691444109,-0.01081013836,-0.01166131305,-0.01469614332,-0.007757208635,-0.008144639716,-0.01020529987,-0.003657106942,0.004930598206,-0.001731824772,-0.002097101793,-0.00650817616,0.0002642129482,-0.01334784961,-0.01052328261,-0.01158390946,-0.008593040622,-0.0111206514,0.002603486275,-0.003023116672,-0.009105029134,0.002423454689,-0.009087552565,-0.00642057875,0.00118507795,-0.007968566169,-0.004646158286,0.005214593994,-0.005692199741,0.009953861371,0.00269655004,-0.01477915354,-0.006289955325,0.0003543587791,-0.0001922735255,-0.01731239847,-0.014235121,-0.0005695295308,-0.0002699759625,-0.007374784619,-0.01019856634,0.001168606536,0.001343801958,-0.005113545514,-0.006225643674,-0.00485455619,-0.006551414031,0.00725578246,0.0003827531658,0.001931254219,-0.002647226054,0.003440432852,0.0075077233,0.008249192253,0.008302818135,0.004959848423,0.004249009246,-0.009238230071,-0.009823295785,-0.01155424899,-0.01133366845,0.000535691804,-0.003379906077,-0.004768029132,0.001505728137,-0.01748120389,0.00970807326,0.000552797541,0.01082131125,0.008826805754,0.006247340318,-0.003581419854,-0.003425936215,0.001965842241,0.002812938052,-0.003097355243,-0.001557429732,0.001683978835,-0.004117765085,-0.0008278148583,-0.0003289950158,-0.004994410864,0.0005999780942,0.008463773626,0.005910114039,0.002465072717,-0.01611836774,0.007453181963,-0.002609602039,0.003725562745,-0.002313870332,-0.01059191316,-0.008139319132,-0.0006079943873,-0.01062475844
2008-02-29,0.003464020442,-0.0007978421424,0.0001948255113,-0.001018167013,0.00283688511,0.001358301165,0.004452703227,-0.000108147466,-0.004713557627,-0.01023519808,0.004076534607,0.003011382419,0.001154204195,0.001470647892,0.003495666019,-0.0004106615612,-0.003963793225,0.002263594445,-0.004774341093,0.004484327344,0.001636723,0.003159006169,0.005839763958,0.006088447301,0.007110400653,-0.002060932595,-0.01181471861,-0.009864896412,-0.01194051691,-0.005647179443,-0.002216132204,0.006391337691,-0.003845751362,-0.0009944671805,-0.006172466929,0.004238303173,0.001096459683,0.005237519015,-0.0002535007935,0.0002938970813,-0.002708992344,-0.001995177168,-0.00902575691,-0.002684153118,-0.005252994568,-0.001662148942,-0.00310389622,0.004130315219,-9.53839931e-05,-0.0004162826903,-0.0005232611061,0.004726822606,0.004273217606,-0.004823241925,-0.0008533163202,0.0001045250358,-0.001344480023,0.002287874164,0.0006785545027,0.003925961681,0.006195567324,0.005820177837,0.004084003679,-0.0002037248823,-0.004684200975,-0.0004775078738,-0.0004221401653,0.003373537847,0.005811749941,0.002829103859,-0.001423385778,0.002752098795,0.003379164335,0.002634228422,0.0001471714759,0.001831030838,0.00325518991,0.003998299183,-0.000609059721,0.005341378213,0.003312691538,0.0006711341982,0.0004687906284,0.00320615397,0.001330532858,0.004843943159,0.00292969465,0.0002107260195,-0.0004894107088,-0.0003236754276,0.0001188262865,-2.526777381e-05,-0.002617002864,-0.001118698365,-0.002752889149,-0.003392673982,-0.003251784905,-0.00455427548,-0.003937800047,-0.0001217032962,0.002600106101,0.002020483992,0.001058749251,0.001977597321,0.0004421175612,0.002192187338,0.002131114277,0.001966121269
2008-03-31,0.002978255965,-0.004959907216,-0.005971346164,-0.002736454021,0.0007431535709,0.002318107987,0.001873814252,-0.0009129729697,0.002269665365,-0.01258724288,-0.003905452957,-0.001999471212,-8.416293224e-05,-0.001789245336,-0.005309404271,-0.004483180987,-0.006130618558,-0.002761721469,0.001636498804,-0.006025214169,-0.003082363663,0.01025221714,0.003409766047,0.002825816427,0.002299182754,0.0002671333377,-0.005960061192,-0.002478415452,-0.006148548699,0.009749463456,-0.01011606059,0.006378596858,0.0005087655441,-0.003828325697,0.003888117336,-0.004646281669,0.001190800276,0.001027614924,-0.006606090474,-0.009261489651,0.005461028321,0.0101674315,0.008134351728,0.006774991099,-0.01092745288,0.001121176476,-0.005916759477,-0.01080621877,-0.01336820099,-0.006516167409,-0.002789117099,0.005625241665,-0.003246792672,-0.00759401213,0.0009231532534,-0.002833584798,-0.007951798175,-0.004717360146,-0.008086037905,-0.008380029417,0.00547446647,0.001245069689,0.00349574406,-0.006020903665,-0.002758719579,-0.002493904036,-0.008140040288,-0.0003029377788,-0.007879421558,-0.007160700271,-0.003900325223,-0.01210023577,-0.0115597827,-0.01237892397,-0.005984224024,0.001654173114,0.001862125118,0.005367594911,-0.0128217865,0.003792479787,-0.001140746122,0.001600675283,0.005042692509,0.006074893636,-0.005138808243,-0.006630582641,0.000371354586,0.000330596838,-0.006473123307,-0.0002127987671,-0.0008143750939,-0.008136506376,-0.002407492225,-0.002393418812,-0.005020097672,0.0005871948659,0.003843938142,0.002555799622,0.005842009637,-0.0133613626,0.007109633918,0.004733363374,0.007132001999,0.002309634481,-0.007796358292,-0.006790519033,-0.006895501682,-0.005878302332
2008-04-30,-0.006136653406,0.005598904797,0.003637169529,0.01007041355,-0.0008102634391,-0.003739856217,0.003018290089,-0.003952301105,0.007771509011,-0.01423486236,0.01546348552,0.005979686148,-0.009170546148,0.01783525098,0.01986230808,0.003480779643,-0.004825119867,0.002384009915,0.0006190528085,-0.001909442089,0.003850776917,0.004148145016,0.008094827929,0.005901851722,0.009861885609,-0.0005563867339,-0.00606721009,-0.00685733773,-0.007139841802,-0.006873893585,0.02208650202,0.02320788622,0.0100944106,0.01900861219,-0.005733146031,0.02027641036,0.01797562159,-0.004677738913,0.001725007059,0.0005192035714,0.004144660438,-0.007864306266,-0.007449742949,0.002928855606,-0.008232805705,0.001079070222,-0.01864060444,0.01426236308,0.01782506336,0.01551941806,0.01078874634,-0.001286927988,0.005914283923,0.006073603767,0.0003278246334,0.0001995734813,0.01142713227,0.006627906114,0.0122999578,0.01833279652,0.00846352491,0.0006398259225,0.006009320081,0.007110450378,-0.001871345352,0.002508143837,-0.006390036037,-0.005310057076,-0.009129267586,-0.005449086244,-0.005972957163,0.01450809412,0.01493428987,0.01643475193,0.004728487673,-0.007276162146,-0.001501894719,-0.006601344197,0.01758090631,-0.01328984636,-0.004259054517,-0.009506680427,-0.01391272629,-0.01477056991,0.006672342763,-0.000591933503,-0.002804368662,-0.0007686524426,0.007649855547,-0.0006712932902,0.0002659224264,0.01318133212,0.003537507296,0.004217703621,-0.01271260983,-0.01778189379,-0.02098677094,-0.01849357654,0.001297741625,0.01873675222,-0.004652406649,0.001922370038,-0.004029126037,0.005566131365,0.0161014538,0.01690510908,0.006574148447,0.01777081032
2008-05-31,0.0003055730499,0.002081549148,0.001677484099,0.003318661348,-0.00154279542,0.0005808320991,-0.008277910421,0.006545619759,-0.00375728479,-0.009281764996,-0.002395450523,-0.002479227288,-0.005493153053,-0.004005400155,-0.003135220321,-0.008352857861,-0.007445939793,-0.008192770115,-0.008900193439,-0.005895534194,0.007113262785,-0.00384565693,0.002011970982,0.001974628208,0.003214494509,0.0005564178061,-0.005078988813,-0.00343579069,-0.004972573392,-0.004399838459,-0.001748661099,0.009067054993,0.003600835099,-0.00253579088,-0.006228008602,-0.002615606485,-0.004471138137,0.003902174061,-0.003394846375,-0.003043431031,0.002544058401,-0.005911813786,-0.002651756195,-0.00393628752,-0.008061026027,0.0001284511254,-0.008015398968,0.003101883743,0.002111426885,0.003393726407,0.001601146657,0.004420602359,-0.0001358804797,0.00154584622,-0.00122705725,-0.001767887784,0.002150872721,0.001958124053,0.002515236885,0.005012643993,-0.00355370576,0.001317701087,-0.006040922405,0.003888009962,-0.003322564865,-0.000204442279,-0.001470242016,0.0002478526182,0.0002225198992,0.008090108913,-0.001746641641,0.003502676046,0.004833181392,0.00273149917,0.003794470453,-0.002839204829,0.0003649058575,-0.000670549352,0.0007826600882,-0.002039053308,-0.0003268170272,7.56328573e-05,-0.003318702036,-0.004650771113,0.0004477885417,-7.915212123e-06,0.001746435163,-0.001426444015,0.003819786199,-0.001527032989,-0.001777015441,0.004790834081,0.004958125704,0.004855872525,5.16869523e-05,-0.001190886896,0.0005115277692,0.0006861890175,-0.002696692224,0.002721072637,0.001331856897,0.003676270001,0.001604102773,0.003215230049,0.003953194789,0.005367451785,0.003059842881,0.003834858368
2008-06-30,0.006580516875,-0.004703973255,-0.005392638652,-0.007052421048,-2.322162876e-05,0.001555054268,0.004692881827,0.001135658701,0.003740312213,-0.006387061215,-0.01555920445,-0.001166824259,0.006526650602,-0.01162310168,-0.01334556694,-0.006499655765,-0.001588742376,-0.008229503971,-0.001247876913,-0.007994468122,0.006408121666,0.0004777360004,0.002827684054,0.003764454585,0.001509817316,-0.002524997103,0.0004348826962,0.0008371281749,-0.001744327154,0.004551433048,-0.01253812246,-0.00475615526,-0.002913302454,-0.009961105253,-0.001158725037,-0.01501794315,-0.009713907235,-0.004401002721,-0.006329683568,-0.003570660638,0.001037431146,0.002939477654,0.009090447474,0.004723347792,-0.007117326218,0.002058927856,-0.008311805214,-0.01089327823,-0.01905762787,-0.004824981679,-0.004544012948,0.002326963258,-0.002912948577,-0.003674525349,-0.0001496312132,-0.003020092047,-0.00706863061,-0.00641470229,-0.007856793327,-0.01513663994,0.0002154206154,0.001622986646,0.002067480878,-0.00342783774,-0.003150367982,-0.01090228682,-0.01717172098,-0.0038806173,0.003602313013,0.006276366427,0.001587647875,-0.01333492264,-0.01321881438,-0.01306481967,-0.003449549927,0.01215884294,0.01202522354,0.01221456257,-0.01733254125,0.01197479781,0.008252030286,-0.00626411014,0.005874991481,0.01074838248,-0.002985791432,0.0008849411622,-0.0003033541779,-0.0003737527362,-0.003684838354,-0.0007066446579,-0.0002461228658,-0.009390824293,-0.00103386342,-0.002895288572,-0.003102553632,0.01251757218,-0.0117258041,0.009951229013,-0.002997034098,-0.01874812639,0.01048528607,0.004706112457,0.01106354135,0.005068155298,-0.01516299283,-0.0148896917,-0.004654886589,-0.01297634451
2008-07-31,0.003675406333,-0.003538258045,-0.003140162007,-0.0003553118214,0.001816786442,0.002789383501,-0.006532982361,0.007194577216,0.007452375788,-0.009562390915,-0.005721537734,-0.005095369935,0.001041642202,-0.004749433281,-0.003311394217,-0.01149932682,-0.00998204017,-0.009788947423,-0.009610336131,-0.007896403744,0.007298217591,-0.00300754319,0.001271565656,0.002805420373,0.001793388629,-0.002262701635,-0.001331387168,0.004312469657,0.0002117836188,0.000288669364,-0.002899018543,0.002107494996,0.002731641549,-0.008109183817,-0.006226300148,-0.006869799646,-0.003775448689,0.004696568118,-0.001734058851,-0.0005746599086,0.002809093761,0.003109889317,0.003217378986,-0.002293658464,-0.01259390418,0.001338816626,-0.007172384982,-0.006086306834,-0.008479480057,-0.002178905163,-0.002239585136,8.40678479e-05,-0.002347467024,-0.001966224483,0.002298593783,0.0008195328964,-0.002539817792,-0.002733539071,-0.003130988588,-0.006542007908,0.00379913103,-0.003800406799,0.003953388141,0.0003647177055,-0.001071984642,0.0006812195726,0.0002299143741,-0.0001143842969,0.005997833117,-0.0057632864,0.002690087512,-0.005543281509,-0.006439741057,-0.006889138172,-0.0001734731078,0.005359455879,0.002088405009,0.00180779094,-0.00856977255,0.002266698908,0.001080738442,-0.004936764288,0.002535633756,0.004093303905,-0.003833843202,-0.004223393693,-0.0002479713958,0.003963478322,6.246778363e-06,0.002403955453,0.004002802618,-0.001963893178,-0.0007360423785,-0.001374024206,0.00173270939,0.000196592648,-0.006704326027,-0.005175271839,-0.0001725914434,-0.00995576319,0.005786539319,0.002664229726,0.001936011145,-0.003514565598,-0.005553085402,-0.006584244306,-0.001505988961,-0.006471262282
2008-08-31,0.001230383117,-0.003816253648,-0.004452222653,-1.240748406e-05,0.000716600507,-0.003722172366,-0.0006607035891,-0.005577152647,-0.006724528902,-0.007407992543,-0.004117928434,-0.004522425595,0.00039255501,-0.003684836711,-0.004918382929,-0.007588137791,-0.007802679753,-0.006813841884,-0.004111043861,-0.006498730486,0.0009658201905,0.003516130604,-0.0001071491348,0.001017564174,0.001085007549,0.0003882318126,-0.003784987032,-0.003477936213,-0.002964675319,-0.008919964008,-0.003903452948,0.001210422881,-0.0001698205258,-0.00189543564,-0.002561669411,-0.003577042424,-0.001680603683,-0.001647498482,-0.003984602411,-0.009016243232,0.002755778064,-0.006052481817,0.004060528478,0.004104128928,-0.01083982455,0.00145848905,-0.005821122838,-0.006635898758,-0.009958945487,0.001006538573,0.0001571336522,0.004981150382,-0.001974389635,-0.0007482669526,0.001342092085,-3.433039588e-05,-0.00741425803,-0.003945589657,-0.006696400195,-0.00655885941,0.005749769968,0.0005224628798,0.004082030475,-0.004922969441,-0.001900680095,-0.003765635867,-0.000707802348,-0.0005162116203,-0.003357673388,-0.00537207638,-0.006454226261,-0.00696783152,-0.008509121594,-0.00797312011,-0.003605450886,0.005112706524,0.00259751761,0.004999428228,-0.009807256887,0.006100800727,0.003460756216,0.001646615,0.004840486211,0.00524686298,-0.006842200076,-0.004160523357,9.338218417e-06,4.545508419e-05,-0.005299557279,-0.0007911242108,0.0009530845814,-0.00659176593,-0.001589776332,-0.001188071544,9.403961506e-05,0.00236930361,0.003602596303,0.0016559724,0.003502686092,-0.01092136541,0.00593669897,0.003646783226,0.007593325661,0.004573474143,-0.005613861994,-0.007103281913,-0.00680742152,-0.006408065563
2008-09-30,0.006095345082,-0.01177566676,-0.01382872212,-0.01345213194,-0.00522636641,-0.002983821201,0.002571511559,0.002253424023,-0.002763180941,-0.001589749852,-0.02053500395,0.001179513523,0.0006835143129,-0.01836805019,-0.02208633664,-0.003194844288,-0.0002673695376,-0.0049677114,0.001005450765,-0.005773199704,0.003785143753,-0.0009344388979,0.007281914396,0.01254415881,-0.001861630178,0.006188527156,-0.0002521226152,-0.001060778102,-0.002735442143,0.0001582048469,-0.01849782027,-0.01461844363,-0.007027692239,-0.01430867785,-0.007714962464,-0.01934434475,-0.01666512284,-0.00541905029,-0.0003522039281,-0.0005702077744,-0.003556685978,-0.0004182231493,0.00475354359,0.0002789717765,-0.0008498629388,0.007067838702,0.002291971316,-0.01582835301,-0.02561542241,-0.009152858093,-0.01467382206,-0.006510525528,-0.00629521653,0.01295875087,0.001709690587,0.001766582043,-0.01710205714,-0.01441281352,-0.01646210508,-0.02578690832,-5.503432011e-05,0.00202651534,0.0001627511908,-0.01570749718,0.01499631487,0.01419283475,0.005938102168,0.005646557132,-0.00347791022,0.01844058402,-0.0007461460981,-0.02396594438,-0.02168636631,-0.02009669547,-0.01987337284,0.01364975561,0.01245690566,0.0132306297,-0.02801693348,0.01665921953,0.01200677197,0.0172737545,0.004242906638,0.01454744075,-0.006738119746,-0.001763697032,0.00539153082,-0.001932930304,-0.01701271796,0.008485477694,0.004355386638,-0.01985253736,-0.012135711,-0.01220846325,0.01153549307,0.01681258453,0.02049726466,0.00688285767,0.001875860243,-0.02767431392,0.01243505252,-0.001299190384,0.01067410933,-0.004616781415,-0.02371616086,-0.02210933583,-0.01542459878,-0.02582264226
2008-10-31,0.01680019312,-0.01039114633,-0.01008568766,0.002592765247,-0.02098027896,-0.0309426756,-0.04590157062,-0.0284114085,-0.01776533798,-0.01150681192,-0.02886535447,0.03213732304,0.01591564313,0.006867904833,0.001318546009,-0.01544854479,-0.01293495641,-0.01864820432,-0.01490537302,-0.02128812227,0.00353638141,-0.03107386412,-0.01560628441,0.002914280726,-0.01985423253,0.0007708859451,-0.01416367236,-0.00971277247,0.006661807926,-0.04005148014,0.006296671498,-0.003428008307,0.01818862768,0.01169817857,-0.02986341329,0.004128722205,0.011360369,-0.03278744555,0.03096934881,0.03986114437,-0.001156251094,-0.03351232676,0.03496779433,0.03099043146,-0.01771633443,0.003546295187,-0.01072368101,-0.02021938538,-0.03477621233,-0.008094671521,0.002306900829,-0.002615917855,0.001840792864,-0.0009773847457,0.005310222649,0.004814318529,-0.02123451171,-0.01802640473,-0.02111064081,-0.01304250399,0.03386715054,0.01764659514,0.00878947329,-0.0116291466,-0.05498269125,-0.03502098348,-0.02688544511,-0.005406325406,0.02400714281,0.01499158469,0.004887200733,-0.01969733542,-0.02395829182,-0.01752536616,-0.003295054089,0.01260290072,0.01093566027,0.01335640699,-0.03392299763,0.02864041246,0.01718797302,0.0248119924,0.01423135306,0.02006627482,-0.01994333147,-0.01466778094,-0.004580452604,0.008032435081,-0.01437686431,7.862397388e-05,0.005833325346,-0.01876962564,-0.002969702891,-0.005853835218,0.008843150996,0.00369375253,0.007680718946,0.01497129672,0.005394104211,-0.03757260249,0.01369262792,0.005968685179,-0.007752280624,-0.0241111189,-0.02397787781,-0.01812399425,-0.01081158253,-0.02473668635
2008-11-30,0.006940957945,-0.01299783717,-0.01369222022,-0.007770995548,-0.02009218376,-0.02516314452,-0.01787388898,-0.01398221154,0.02051904902,-0.02140991395,0.0003421594167,0.01472723085,-0.01869745095,-0.01617432949,-0.03216768025,-0.01807164347,-0.01840445084,-0.01846800069,-0.01577715729,0.009248979665,0.01981403405,0.001025670701,-0.000992416719,0.001600384287,-0.03129518504,0.006199788961,-0.01810782792,-0.008786599121,-0.01600312512,-0.03016329165,-0.02882404311,-0.009861818728,-0.00609721418,-0.02364930226,-0.003701806119,-0.01787799533,-0.01166582651,0.00781016609,-0.01821982979,-0.01989814551,0.00315405257,-0.02702001351,0.02772752457,0.02107736528,-0.01793874175,0.006477694485,0.01154421856,-0.03755896389,-0.04500524185,0.01114381798,-0.008557403743,0.02187476349,-0.01107623955,-0.01916929609,0.003743716251,0.003724281136,-0.01494648727,-0.01111251036,-0.01702689447,-0.02364432744,0.02841515203,0.00931613014,0.0252312102,-0.01107261661,-0.0006826191571,-0.001196012149,0.0005110964942,0.001757502092,0.0139256637,0.01433173995,-0.0252308903,-0.03345472947,-0.02758443558,-0.03514959382,-0.01461994817,0.02953842908,0.02636049532,0.01757639696,-0.04504348743,0.03084841336,0.02804005202,0.01949262365,0.02515781119,0.02100714178,-0.01223803863,-0.01534616689,0.003181033305,0.003313414456,-0.01144896388,0.002196491116,0.005965032336,-0.01641138077,-0.009185311181,-0.01046760651,0.01330033817,0.01467930619,0.01817811781,0.01511043922,0.006765260129,-0.04483530107,0.03778763649,0.0278610826,0.01813342569,-0.004362800633,-0.03712142365,-0.02429126477,-0.01341214259,-0.01380951898
2008-12-31,6.507236821e-05,-0.00452214764,-0.01386973669,0.002985572321,-0.04510313713,-0.02403676035,0.01990467747,-0.05924979035,0.03154652307,-0.04646298115,0.04090571064,0.05246297038,-0.03068797712,0.01884696231,0.01769820254,-0.02890051273,-0.03310229757,0.04081001803,0.04307227663,-0.002718255781,0.05128124493,0.02744993297,0.02228344755,-0.007634385103,0.0007109357052,0.006096457291,-0.04138365106,0.003895485285,-0.03469762457,0.02787155918,0.008918667703,0.04236573003,0.0006904711629,0.0004881629239,-0.03374560206,0.01884831884,0.01325967064,-0.003889074142,0.01906208998,0.01850735625,0.001935594245,0.03378259034,-0.02115245634,-0.02923438435,-0.04181251024,0.005925903261,-0.02771200581,-0.008733860464,-0.02963098826,0.01310079301,0.004777982765,0.04019142503,0.005701307366,-0.03668601792,0.01428650463,-0.005266170154,0.005179428151,0.001578942852,0.004733353556,0.01622447392,0.04066393806,0.02265617023,0.03262318469,0.004625167201,-0.1016028641,0.04384709665,-0.02779655478,0.03423903985,0.09793231371,-0.002952811865,-0.03818924286,-0.007975376849,0.001794711069,-0.008440606815,-0.01183396738,0.01080309812,0.01643958308,0.01529820677,-0.02752385931,-0.004879367734,0.01365069179,-0.001469863168,0.002825793636,0.005318949148,-0.01447338376,-0.006380644067,0.003582812783,0.005624330811,0.007166175393,-0.006245056631,-0.00802955657,0.01192739836,-0.02060132235,-0.01422900068,-0.01026390812,-0.01772164876,-0.01254704384,-0.01014079308,0.02061500022,-0.03224304527,0.01054428801,0.008953845345,0.01788088596,0.02130193213,-0.01113986026,0.01399821846,0.007486909994,0.03668942403
2009-01-31,-0.01696796442,0.02147341588,0.02754062587,0.0018546261,-0.04468584088,-0.05780885043,-0.06360918946,-0.07921734781,0.06035771282,-0.07710657882,0.00326964332,0.07283932704,-0.05457795585,-0.02918313697,0.006912415427,-0.06182168312,-0.07100034309,0.02911602231,0.02685201228,-0.03430819576,0.06827439859,0.01516656974,0.05494524907,0.02465603102,0.05912222341,-0.005464178888,-0.06027106141,-0.03942401601,-0.05148828522,-0.007273388307,0.008390394037,0.07581267087,0.02715567795,-0.02703475623,-0.06368222141,-0.01829896713,-0.03237985309,0.04109524876,0.04678260522,0.05761061979,0.03180451652,-0.03346702225,-0.06459568743,-0.06574176466,-0.07141806292,-0.008484626963,-0.05664130502,0.04665311546,0.05675407504,-0.02569572766,0.001680190091,0.007936221736,0.006114407284,-0.01664549854,-0.02414617644,-0.005631860058,0.03495186286,0.02273070834,0.03407630758,0.04165861741,-0.02329012524,-0.03666344694,-0.05255859682,0.02283044726,-0.02356805484,-0.01189316077,0.002380958532,-0.02829468718,-0.03008291116,-0.02888326761,0.003261808524,0.05132634891,0.03468292891,0.02246740195,0.01951635891,-0.03217984431,-0.03495786575,-0.02697052793,0.05386564383,-0.0319873477,-0.01330652209,-0.02754821423,-0.02428567526,-0.03847121253,0.03043504327,0.03536331686,-0.006278207782,-0.01736682432,0.02426844381,-0.01869146622,-0.007588156482,0.02751683733,-0.008203899238,0.001076994442,-0.03045462629,-0.03170454701,0.001526712097,-0.004821156614,-0.03293287121,0.05756313452,-0.006651855805,0.01148201822,0.007674033795,0.04598515884,0.04122822802,0.04080417527,0.03598184436,0.03418123158
2009-02-28,-0.001417573897,-0.009581966852,-0.01110492614,-0.00531282343,0.001370170897,0.001103248657,-0.005911520347,-0.01877483115,0.01574813379,-0.01889327879,-0.01407837941,0.01344024137,-0.007239412652,-0.01408479655,-0.01824789393,0.001286507805,-0.01191467757,0.002834909784,0.003192584559,-0.01014754159,0.01331787444,0.003728981161,0.006581711029,0.01425022749,-0.005544012241,0.008975225688,-0.01402183102,-0.006650215309,-0.01143100563,0.003382741657,-0.01319680068,0.01410473114,-0.009646366143,-0.01710973337,-0.010867734,-0.01985184649,-0.01277330334,0.01580767594,-0.002430046157,0.0008222774325,0.01388024746,0.0006375117586,0.006852330998,0.001607063621,-0.01299457879,0.001406214324,-0.01018558679,-0.0007076896183,-0.003890748683,0.005668824619,-0.001235090606,0.01442525108,-0.002230831396,-0.01087263409,-0.009545380896,-0.005656858319,-0.01041466103,0.001153069675,-0.007594557206,-0.006377245958,-0.004646097858,-0.004356352927,-0.006731492955,-0.005140913376,0.01134295661,-1.218552475e-05,0.01512323281,-0.02072283793,-0.02099351705,-0.02752558605,-0.01389270812,-0.007999951007,-0.009040537516,-0.008121466484,-0.01227502502,0.01196837456,0.01272097305,0.01001919371,-0.006212930014,0.0008677723924,0.002960918762,-0.00391357557,-0.001123488775,0.004921068766,-0.001731451844,0.009435174357,0.004205270304,-0.01055045591,-0.005818892128,0.01072427349,-0.0001546647525,-0.009475432886,-0.00396827856,-0.009436027032,0.0009844194142,0.007170950901,-0.009915750641,0.007295846404,0.004594017621,-0.01154998856,0.01197824558,0.01974312601,0.02492068334,0.01616446224,-0.00626278197,-0.001399984926,-0.009539590257,0.005270243316
2009-03-31,0.02050200018,-0.007980591361,-0.008927734359,-0.0008625990613,0.0001289069862,0.009325744077,-0.000639665806,-0.02553276073,0.006919513952,-0.02645188504,-0.008761976518,-0.0009952641196,0.01341958653,-0.01509527324,-0.009226048516,0.02173590373,-0.001081039261,0.02311776091,0.01196924079,0.02681145751,0.00495460161,0.02235822904,0.0142071923,0.02742107586,0.007894307411,-0.001459579781,-0.03334713815,-0.02063637431,-0.03382825036,0.006840718722,-0.01416294918,0.02312393886,-0.005402201539,-0.0286330096,-0.003407123499,-0.01408597293,-0.01313359611,0.02803470215,0.005976686851,-0.0006760677547,0.03308311335,0.01325346839,0.01783380442,0.006673568893,-0.02655945839,-0.001499131546,-0.02055965119,-0.007146983262,-0.02684612206,0.0160121275,0.002548520085,0.01426102528,-0.004139313311,-0.006361007287,0.003669745818,-0.004709322749,-0.009852869631,-0.001630134477,-0.01149608808,-0.006078664201,0.006910930052,-0.01073460919,0.001522050586,-0.01225498162,0.006291139236,0.01772423426,0.01972312454,-0.02370632024,-0.02918439361,-0.03215029016,-0.02489186492,-0.01131784223,-0.018859151,-0.01642824957,-0.004099249005,0.01015415954,0.01011206061,0.01616863592,-0.02836741332,0.002114295793,0.006000858169,-0.01053955564,0.0004409689845,0.006403465551,-0.003904605045,-0.0067529576,0.002020660929,0.0006271557819,-0.01252452163,0.001244154339,-0.001130129073,-0.009208537053,-0.006144675424,-0.005284953713,0.004144985233,-0.006958295188,-0.01481107804,-0.0009667583321,-0.003528942215,-0.02703834334,0.02526238024,0.01706764444,0.0179353608,0.001293676863,-0.01687354989,-0.003633755047,-0.009079426467,-0.005124905129
2009-04-30,-0.01323335571,0.02123745036,0.02029980724,0.02015041033,-0.005805948429,-0.009537122097,-0.001418604843,-0.04422640686,-0.01898874762,-0.041520247,0.01850499288,0.01059012553,-0.01397609636,0.03461802418,0.02992842219,0.009211826601,-0.001246202316,0.02710512258,0.02494116875,0.02391675974,0.005624799599,-0.02299701861,-0.01080045572,-0.02398290133,0.006777716107,7.454071947e-06,-0.02550882188,-0.005820558609,-0.02141586971,-0.007704272134,0.02349455906,0.03913535693,0.02101932559,0.03656410134,0.0004951938036,0.03515481863,0.03028183572,-0.01853165496,-0.004106294885,0.008606350074,0.005854888851,-0.005538050275,-0.02638515589,-0.01016629298,-0.02915843524,-0.008323105114,-0.03607050474,0.05314287203,0.03747869939,-0.003261098834,0.007888085379,0.0162778398,0.009328816035,-0.01929028748,0.001462074194,0.004177334468,0.0281181089,0.01866281943,0.0302333831,0.05409860287,-0.006770571212,0.005841306394,-0.008788215721,0.01359155213,-0.05141371689,-0.02092512973,-0.01942147767,-0.04519548749,-0.0183198106,-0.01636715289,-0.004391685779,0.04654973474,0.04856765613,0.04564673865,0.01136887038,-0.03683801828,-0.02828398914,-0.02812443558,0.03839438291,-0.03805738928,-0.01118967087,0.01019919395,-0.02479759024,-0.0366258505,0.0193611355,0.009493689499,-0.002883456258,0.002667387795,0.01410556644,-0.0161386501,-0.002666807244,0.03126531291,0.01319904764,0.01756911336,-0.02670092991,-0.04836473018,0.009586481603,-0.0383938436,-0.01246067792,0.04901421531,-0.02847870481,0.008146586727,-0.01128062859,0.03666692284,0.05304476385,0.04357128785,0.02004100342,0.04076565497
2009-05-31,-0.01583969037,0.016226499,0.01824293673,0.008837921715,-0.00473196726,-0.009825849333,-0.008644421215,-0.02527628451,-0.01149611577,-0.02747681761,0.01921348999,0.0124318415,-0.0154859917,0.02018745865,0.01948923292,0.002107437049,0.001302481881,0.01780177035,0.01662376074,0.01422180515,0.003327138377,-0.00559714206,-0.001289101829,-0.01187096606,0.001928511953,-0.001427341462,-0.008096113151,-0.006921832219,-0.005036285926,-0.004005116096,0.01991983022,0.01935312318,0.02412774396,0.02345486246,-0.002638986003,0.02039803452,0.01730805928,-0.01312711578,-0.001233796477,0.0162145913,0.006314299198,-0.001430491323,-0.01726823955,-0.008589359692,-0.01561549431,-0.01027485027,-0.009252117875,0.03940179089,0.03997351701,-0.006380189944,-0.003599456108,0.01564985019,0.007500458916,-0.02102077038,-0.01177456568,0.002387748017,0.02494155351,0.0195178384,0.02667206186,0.0336533061,-0.01553996501,-0.01694896973,-0.01616929321,0.01931025998,0.01921529641,-0.02813717212,-0.01081024241,-0.02833174349,-0.0322120155,-0.02413799154,-0.007072108329,0.03023740731,0.0362211434,0.03116848684,0.01723836271,-0.02830966341,-0.01997702647,-0.01783786149,0.04000796959,-0.03079840483,-0.01667612011,-0.02399612806,-0.02119566119,-0.02939809341,0.02412847197,0.02339821619,0.002129603381,-0.002763779976,0.01997110362,-0.01401898885,-0.004627184132,0.02112331119,0.01391894171,0.02008624108,0.01477851994,-0.03103947744,-0.0322496869,-0.01672195939,-0.01104435772,0.04210256493,-0.02261662327,0.01342324391,-0.004274398526,0.03353505146,0.03722691109,0.03566004384,0.02191342827,0.03894140562
2009-06-30,-0.0008398749818,0.006277292567,0.006120972215,0.007978746263,-0.01192765686,-0.008984527567,-0.007310694248,-0.01422092068,-0.009126197309,-0.01649937716,0.001980687385,-0.002701658827,0.003512111158,0.0001625672187,0.002281719123,0.003456055201,0.007181906102,0.005175787968,0.009830487887,0.004803637679,0.004836889038,-0.008223919426,-0.000393148671,0.00146936348,0.004045948733,0.0009135685288,-0.006740717362,-0.005939089941,-0.00161690533,-0.0003548822098,-0.000982141106,0.008918171807,0.01113622709,0.001515231284,-0.004878577102,0.004326780551,0.001643353022,-0.006953909509,-0.00906307225,-0.006348040499,-0.001157673575,-0.00732684824,-0.009364520212,-0.005797464445,-0.01283973017,0.005660639905,-0.01015890997,0.02029689926,0.01601628085,0.001621137157,0.007926105003,0.01798423734,0.0029694606,-0.01119938021,-0.003364922583,-0.0008088731153,0.01096351548,0.006292295684,0.01090998695,0.009101012481,0.002057806619,-0.004918672001,0.004124400062,0.00750701214,-0.0017572918,0.004164841535,0.008971363602,-0.003508624785,-0.0004166012619,-0.007656499401,-0.004469544551,0.01198059063,0.008982264354,0.009945590814,0.0111105714,-0.008420674284,-0.005064765667,-0.002860495282,0.01513199446,-0.008473431771,-0.008299083216,-0.001838844964,0.002488226055,-0.008103515146,0.008867505917,0.009677257403,0.003607526921,-0.001923477213,0.007227215657,-0.007292112087,-0.004570996388,0.01184532467,0.008239753793,0.007091112876,-0.006314332546,-0.007411065554,0.0008155469456,-0.00542310934,-0.009280598944,0.01789312331,0.003857963794,0.01235053036,0.009188183118,0.02057420012,0.008752887906,0.006032489362,0.01263327442,0.02286523623
2009-07-31,-0.00806334196,0.001001132464,0.0003769252854,0.006951113576,-8.838590785e-05,0.001898321944,0.003735887951,-0.006202512661,0.004935652928,-0.005828049126,0.01375785191,-0.0002169951654,-0.0003140797078,0.01233639627,0.01586033594,4.331631506e-05,0.0005009123349,0.005346834148,0.008005429983,0.005230065854,-0.005119145268,0.002199816217,-0.007272725358,-0.005659974962,0.003705899299,0.002652037346,-0.003299140022,0.004566150594,-0.005546114578,0.0009271475249,0.01699550288,-0.001889933561,0.008536910303,0.01444719769,0.007598100513,0.01504006717,0.01180527451,-0.005857207675,-0.005427028195,-0.0001254389555,-0.0007395938608,0.001754296423,-0.01083983749,-0.00297261715,-0.005269569626,-0.0004001288557,0.007071489616,0.01324709803,0.02242986376,-0.003843226731,0.006776882139,0.005864233486,0.003962811722,-0.009731546667,-0.0006716648075,0.00185958259,0.01045316721,0.01095681775,0.01042144637,0.01939868246,0.002931489911,0.008326243288,0.002064863462,0.002109325292,-0.01248191233,-0.01757938174,-0.005476437405,-0.02555392716,0.002241201875,0.006979204381,0.001782305461,0.01700701391,0.01998267521,0.02245373295,-0.001030056751,-0.0160034182,-0.01193038995,-0.01620862702,0.02109911521,-0.009529868898,-0.01310900299,0.01898419595,0.01119208854,-0.0003197651877,0.004714914145,0.002981625316,0.004261908116,-0.000228999233,0.003600558909,0.000297812074,0.005610870655,0.01174608817,0.001896152754,0.003398454841,0.003747292905,-0.007624372606,0.01436054563,0.01516539,0.002763193696,0.02249293285,-0.005918091377,0.007088649908,-0.002477209737,0.0166425033,0.02138838288,0.01839258423,0.006548913187,0.02304801714
2009-08-31,0.001394656001,0.0007037019654,0.001961913333,0.004546114039,0.00101654667,-0.006199685312,-0.01034456577,-0.00339341956,-0.0002934507088,-0.009058161636,-0.0001663335729,-0.0009695762028,-0.002294198904,-0.0002187131948,0.005043503662,-0.002187976772,-0.0003888030781,0.002482303611,-0.0004813779,-0.006917381408,0.00339373628,0.001240862635,-0.0007504708589,-0.0009598565895,-0.001135390622,-0.00340147378,-0.006709847889,-0.002190074144,-0.004317597221,-0.005466428038,0.005558665022,0.00832669905,0.002452555364,-0.005388792406,-0.01123790664,0.0003720413511,-0.0008727386017,0.001465587839,0.01186707325,0.009084679988,0.005300473256,-0.002365046359,-0.00377864229,-0.005687536394,-0.01226303799,4.241859537e-05,-0.008085903836,0.01074949017,-0.0008983977825,0.003629298332,0.003688705471,0.01102211845,0.001181306462,-0.01073366311,0.0003636397665,-0.002782450803,0.003267885312,0.005521541322,0.004280834528,0.007162361155,-0.003340776232,0.005238403134,-0.001630332818,0.005722922888,0.01142271289,0.005326006513,0.002761767399,0.01056753924,-0.0140220014,0.003596198804,9.072776239e-06,0.005748568735,0.003703267363,0.005348075925,0.004442320382,-0.00669906227,-0.006766079631,0.0005144928825,0.002158572774,-0.009037721124,-0.004438823882,0.001885513283,-0.004824994793,-0.007954672719,0.004080295305,0.002870884359,-0.00186201594,0.0004310311734,0.00690621966,-0.003860243401,-0.002156478979,0.004355805021,0.006355268145,0.007013496417,-0.004233665865,-0.01041624684,-0.00463624973,-0.007370016308,-0.003540071088,0.0006388939385,0.005454429878,0.01248899798,0.008687225165,0.01194105686,0.0052780753,0.00471908923,0.006666519758,0.009902397275
2009-09-30,-0.005233663523,0.004978034287,0.005030446639,0.00816724414,0.003932958941,0.001887593769,0.0007611975087,-0.00338118411,0.00424593595,-0.005830678948,0.004925731079,0.007946586015,0.003581823233,0.002239100429,0.002324687893,0.001743009474,-0.0001434378706,0.007716091113,0.0005646713865,-2.659835857e-05,-0.003453983077,0.001830109225,-0.004058949909,0.000335369142,-0.002575360748,-0.0008918398571,-0.003963646262,0.004694118497,-0.004724942482,0.003224356763,0.004810637999,0.00250799564,0.000993101168,0.006797768737,0.001233437644,0.005123009193,0.002629796623,0.0009575626875,-0.004669457885,0.002615483143,0.001095776767,0.001721291847,-0.004825607499,-0.002389913178,-0.008219790452,-0.004047466019,-0.0002841680753,0.01703227325,0.01604421421,-0.0037141508,0.001167152742,0.005084847796,0.002993784948,-0.01167666915,0.002673281012,0.001212615362,0.009290103312,0.007627351141,0.009411557201,0.01083315153,-0.001109163171,-0.0001685197252,-0.003427426698,0.005798562991,-0.001042765171,-0.006291408351,-0.002037781594,0.0009609923373,-0.001266469678,0.002356661364,-0.00161644287,0.006091890834,0.003761661641,0.002846157844,0.0030564316,-0.007576167426,-0.005957764914,-0.006359182399,0.01636207501,-0.005632426392,-0.007004778596,0.005683184952,0.006644364433,-3.824010289e-05,0.006821148068,0.004543766847,-0.0005615577088,0.003390826485,0.006230419112,-0.00324008239,-0.000497342352,0.01048699051,0.00375288383,0.005074162262,0.00126668184,-0.004330254556,0.005076482913,0.01068473933,-0.0004264241882,0.01901190291,-0.002283367613,0.006429600288,0.0004909370031,0.004727766265,0.007130748356,0.009957721181,0.006869722337,0.008733556439
2009-10-31,0.001082363587,0.006899459726,0.0059109474,0.003518666956,-0.001219689168,-0.001978937253,-0.001352028248,0.003666103543,0.004583873157,0.001628380763,0.004384715637,0.001818252915,-0.003791938666,0.00244487081,0.005476774786,-0.0008824292273,-0.001957395917,0.002208854873,0.003952393462,-0.001824196823,-0.002368303081,0.000680425402,-0.003430639801,-0.00402808565,-0.0001873742969,0.0009431751412,0.001293897208,-0.001035439992,0.002439957471,-0.002598583314,0.007987698464,-0.001100437588,0.003154356559,0.003776270991,-0.0004341408596,0.006283833719,0.002467727527,-0.002095210815,-0.003464048134,0.001499218339,-0.002060847941,-0.0009483002008,-0.004178638764,-0.002018204858,-0.0008238241234,-0.001011605045,0.002571845487,0.004811399952,0.009091970852,-0.0001071182689,0.0009816709933,0.006910329213,0.00219259745,-0.004908522654,-0.0009478676755,-1.600038483e-05,0.007508085474,0.004178967372,0.007449506661,0.006290588135,0.003431978658,0.0008443035656,0.002418143893,0.006009115512,0.009219460154,0.009178824589,0.009138653607,0.002372316647,0.002541453866,-0.000205135246,-0.0009538974245,0.008301837823,0.009880865857,0.006612126897,0.006386066725,-0.000816134235,-0.004329034353,-0.001399797856,0.009137228208,-0.0007353264771,-0.004264176425,0.006011708867,0.006334992276,0.004207066595,0.006911458381,0.003083727858,0.0005556077142,-0.001726558962,0.006410451448,-0.003031556655,0.0005091803378,0.005366047996,0.005270341156,0.00572060306,-0.0001559518937,0.0009797887006,0.004449826617,0.002952322273,-0.003145016461,0.008204965997,-0.002034303348,0.004028869367,0.0009347309917,0.00674452224,0.00646662855,0.006812633673,0.008365014336,0.01001447995
2009-11-30,0.002098694015,0.0006313607746,-0.000258573722,-0.0002848654615,0.001109651785,0.001401508569,0.0008527990453,0.001090846545,0.00113481739,0.001850360143,-0.002236817633,-0.001630824593,7.181261263e-06,-0.00233774787,-0.003680860599,0.00303911433,0.002652302359,0.0001079626234,9.974491831e-05,0.0006134499881,-0.0009865348865,-0.001380026222,-0.001315618401,-0.002213033951,-0.001512078714,0.001992785813,-6.750420149e-05,0.002180803452,0.0003922096913,-0.0002893605887,-0.00435955326,0.002030669804,-0.003959410145,-0.003937423203,0.0004359660675,-0.002556456564,-0.002394913592,0.002594893756,-0.0004966837947,-0.00135636156,-7.699316674e-05,-3.443705887e-05,0.0009873505419,0.0002742456453,-0.0001694924762,0.00300889344,-0.004269193738,-0.002043478357,-0.006157954207,0.004005271059,-0.002277445512,0.002986401115,-0.001506695478,0.002339235157,0.0006866348985,-0.001297269709,-0.002084510328,-0.002697213624,-0.001572677441,-0.006142457094,0.002442709918,0.001949554691,0.0006968236652,-0.0005411121361,-0.01430620779,-0.01203078519,-0.01217188354,0.01086371634,0.01327858895,0.009333493023,0.00080249489,-0.002365669375,-0.002033074565,-0.003223681822,-0.001987193652,0.001352136934,0.002249522476,0.003705101274,-0.006531365095,-0.0009553106615,0.001664976286,0.003047482778,-0.004547534764,-0.003984800733,-0.001917333246,0.0001273421403,-0.0002674903782,-0.001194213108,-0.0006174066858,3.430830482e-05,-0.001074840134,-0.00124801158,-0.002392271379,-0.001725595875,-0.0002856671594,-0.004946560345,-0.002903716157,-0.004617923311,-0.0009220491564,-0.005922723289,0.00267527468,0.0003696999744,0.005260457511,0.003217403448,-0.005515254703,-0.005280754102,-0.001743939152,-0.002612186358
2009-12-31,-0.005713231655,0.003162562,0.004225649007,0.009144210361,-0.0005842728435,-0.002702218579,0.0006469891043,-0.003001445317,0.009195476382,-0.003799677228,0.01597664598,0.006193654535,-0.004861108541,0.01146463657,0.01757130335,-0.004398054177,-0.002917966388,0.003890920026,0.003903629656,-0.0002647863481,0.0004902370245,0.001849997885,-0.004295212006,-0.00622888709,0.004347799839,-0.001595797882,0.0006868774134,-0.0002781586661,0.001307452358,-0.0002608544417,0.01739275222,-0.005073056668,0.009415089046,0.01643696554,0.006868956894,0.0157442352,0.01103880421,-0.005135636563,0.0004501641088,0.003618153098,-0.007397819342,0.0007592600526,-0.01161018304,-0.007676700826,-0.003643729955,-0.005791553707,0.01163112127,0.01356811499,0.02402563928,-0.007303459418,0.004988682121,0.006468286957,0.0004194786917,-0.009336357825,-0.001271486756,0.001383799088,0.009821520139,0.008576175046,0.01083707227,0.01701651703,0.002026569569,0.003399811533,0.0003383112478,0.006889393355,-0.005473315566,0.0009634787202,0.005004958668,-0.002867636749,0.007123192356,-0.004253301574,0.0008807340619,0.01744065816,0.0159145005,0.01561230753,0.001568460032,-0.009838808439,-0.006373129214,-0.007234308903,0.0244657981,0.007913294878,-0.0003095412701,0.0112796627,0.01462050662,0.01309110404,0.004634060817,0.0009148028392,0.0010648488,-0.001027874525,0.007100073098,-0.00811983018,-0.002768327483,0.01126969253,0.006351727231,0.007577583309,-0.006693865928,0.006619246459,0.01319807161,0.01428397417,-0.003193148541,0.02456111844,-0.008822190023,0.00609670211,-0.007231646302,0.005887488558,0.02054715363,0.01524571351,0.00588377102,0.02244430313
2010-01-31,0.004473352559,0.00640805126,0.006913283451,-0.0001960615396,2.159447897e-05,0.0008878177859,0.001086839396,0.00450440952,0.0009114031723,0.002526700709,-0.002341036298,-0.0009651363474,0.002713469283,-0.00294084815,-0.004777175974,-0.00128676605,0.00236170202,-0.002768545183,-0.002824840652,-0.002336940836,0.00020876015,0.003160173855,0.0005496236957,-0.0002592075352,0.0004449227187,0.0003043738678,0.0005357830457,-0.002744896869,0.0005250038835,-0.0007780014518,-0.001925949177,0.0004781079276,-0.00304541038,-0.00407670154,-0.002411459795,-0.006917151154,-0.002642362139,0.00188178859,0.000725608737,0.0001800147871,0.002604060528,0.0005243041215,0.003128745506,0.0002874342626,0.001996818919,0.000618815453,-0.005854201291,0.004918787516,0.000146015185,-0.002695004552,-0.002486432676,0.00360919718,-0.001761546685,-0.004720832273,0.000784630783,-0.003329278827,0.005176478445,0.00174988296,0.004802985518,-0.003669943098,0.00146801545,0.003096064037,0.001623355046,0.00510783923,-0.001210148472,0.0004036249314,0.0005193870113,-0.004483746966,-0.0008587849726,-0.002632072423,0.000779860372,-0.001680126916,0.002674384802,-0.00109033029,0.005786831763,0.002491902777,0.002768510601,0.00164774941,0.0003235916719,-0.003224581765,0.0003203710358,0.001944617173,-0.00181890507,-0.003856386034,0.005093253402,0.004299764733,0.002488618165,-0.000969207613,0.004622167841,-0.005132216035,-0.0009579670446,0.004209470657,0.001525009973,0.002055427123,-0.003078448464,-0.004259450307,-0.003673073298,-0.005186870212,-0.006128996771,0.0007867258307,0.0003511286452,0.002270384869,0.002254985773,0.003477241523,-0.003594960136,-0.004411531112,0.004785481039,-0.002200535833
2010-02-28,0.001675170624,-0.0009728363552,-0.0008827939584,-0.001414999332,-0.001540072786,-0.002570759786,-0.001754361074,-9.488393107e-05,0.001412725904,-0.0004300814141,-0.002238307065,0.001832179304,-0.001004335696,-0.002578145564,-0.000308955259,-0.001224184862,0.001053413804,-0.001583473362,-0.001860913378,-0.003307221557,0.00114080176,-0.003113255254,0.001680168011,0.0001807709975,0.0005770406009,0.001802440396,-0.0009300755248,0.0005414791854,-0.0006153192319,-0.0009035288618,-0.0008583327277,0.001316412828,0.0008078194275,3.422136952e-05,-0.001383547348,0.0005084086813,-0.001697971111,-0.0005677532977,0.0001707879367,-0.001262563104,-0.002452060855,-0.001691688813,-0.0008738490775,-0.001198036838,-0.0009880522477,-0.0007776057651,-0.001968141409,-0.000937374648,-0.002288357696,0.001175070623,-6.555873996e-05,0.002065383435,-0.001934905971,-0.002320238821,-0.0007554798725,-0.0007346597376,-0.0009022055516,-0.0004437400763,-0.001110626995,-0.00146373772,0.000578389714,0.0003524389307,-6.801076683e-05,-0.000521504999,-0.003351068083,-0.002775197218,-0.00513996716,0.001586908646,-0.007573617808,-0.00283974791,-0.0005855186365,-0.001426472049,-0.001010209899,-0.0005503396019,-0.0003198287391,-0.001374112299,-0.000282968241,-0.001607410863,-0.002037922974,0.0008562831327,0.001975347729,-0.0001804600122,-0.0006626863069,-0.0001492031403,-0.0003892304776,-0.00073019692,-0.0004153583494,-0.001054812424,-0.0007404873939,-0.002430320847,-0.002752539526,-0.000581667247,0.002000632544,0.001719394556,-0.001251325158,-0.0001587810287,-0.003232084056,-0.003097956539,0.0009589536907,-0.002008066273,0.005315877347,0.004259717738,0.002170404736,0.002129861026,0.0006545721044,-0.0009010049794,-0.001309437129,-0.0002538699603
2010-03-31,-0.001497718606,0.001442659334,0.002898653677,0.004102318816,0.002636500502,0.001992211463,0.0009785643229,0.0001234672003,-0.0001779722739,-0.001730408125,0.005390373124,0.001770131122,-0.002544160907,0.00440682776,0.006260203368,-0.000747342898,-0.0008527954973,0.002585167546,0.001083117887,0.002170108411,-0.0008150054387,0.000206162261,-0.005041787349,-0.003220079531,0.001913615308,-0.001514704111,-0.001034254153,0.0004744489661,-0.001733652281,0.001836438681,0.006653920552,-0.0003220834131,0.004163054422,0.00556988144,0.002798416421,0.006515410278,0.004224502367,-0.001168606168,-0.002519179365,0.0006187442087,-0.001664287856,0.001361677252,-0.002369030897,-0.001116478192,-0.0001999492435,-0.005079720836,0.004965460058,0.005955795724,0.01115313135,-0.003006283252,0.001949670046,0.004179497225,0.004107379383,-0.003215935783,0.0007386573686,0.0003123652482,0.005643367962,0.004809671604,0.006267797586,0.004137883682,0.003344151292,0.001920296098,0.003000462785,0.00371082132,0.009441250042,0.01072229496,0.009454932803,0.01031701831,-0.009014561089,0.01024249133,0.001560575647,0.008353299969,0.007024473525,0.007303669768,0.002414035279,0.0008155791225,-0.0006526644517,0.0009116712614,0.01101734001,0.004969476937,0.002842897693,0.003351469114,0.004294687051,0.004528590732,0.004413813009,0.004427046321,-0.0003793707187,0.0006538114553,0.004464360897,-0.001182028717,-0.0009665226027,0.006038114849,0.004504358928,0.004829511926,-6.846848472e-05,0.003223063308,0.002553362537,0.00233059765,-0.00194899014,0.01148759444,-0.002044673164,0.002682513077,-0.002793424091,0.0008927625469,0.007576993124,0.005680325192,0.005374800744,0.009656546321
2010-04-30,-0.0008980569597,0.0007082914859,0.0003460618825,0.002264278822,0.0005384724551,-0.0006906094648,0.000648897502,0.002709197726,-0.001456770791,0.00225464379,0.0001772495378,0.001023017574,-0.0008780951367,0.0005279906228,-0.0008981594612,-0.001846668074,-0.0003463213462,-0.0009898043218,-0.001265796087,-0.001567235507,-0.00111985594,-0.0009903034396,-0.0007793356334,-0.000576900415,0.0001144323511,-0.0005095680269,-0.0002390545386,-0.000911784167,-0.0003401426552,-0.001962085706,-0.0007996803968,-0.0003635504489,0.0002428507458,5.513996598e-05,0.001037957402,0.0002476490136,0.001092041502,0.000753848282,-0.00124443734,-0.0002944851155,0.001782773551,-0.0006677665061,0.0003916733092,0.0004839591418,0.001136373397,-0.001327860441,-0.001120516638,0.001640236547,3.874534934e-05,-0.001741907813,0.002214210522,0.0002076808193,0.0003759463143,-0.001465080392,0.0008533787435,-9.205186214e-05,0.0006440449152,0.001474072308,0.0006504357183,0.002678537014,0.001023398411,-0.0004308865381,3.807643812e-05,-9.185169691e-05,-0.0007545979365,-0.001722672722,0.00019291885,-0.004247947353,-0.001483050749,-0.002613518324,-0.001820464837,0.001400989015,0.0003947594054,0.0007312785342,0.0008067744783,-0.00103346436,-0.0004388915075,-0.001209497729,0.0001644838162,0.0004241099589,0.0009855663042,-7.237989626e-05,-1.672804614e-05,0.002005053073,-0.0001060546507,-0.001681696103,0.0003687470853,0.001460903962,7.860578702e-05,-1.359560306e-05,2.637205681e-05,0.001993985688,0.0006409405677,0.0009715439041,0.001068263212,0.0006910656426,-0.001418586662,-0.00087809417,0.001114404289,5.05011907e-05,0.0008619809232,0.0009179738482,-0.0006517114144,5.452589959e-05,0.0007042906812,0.001631580309,-0.000533745261,0.001052406653
2010-05-31,0.006260140008,-0.003363815066,-0.002787645318,-0.007102746213,0.00273180117,0.005019993595,0.0009950537672,0.001611912421,-0.004769844676,0.0009921175595,-0.01729355943,-0.00634092843,0.006181897585,-0.01320304545,-0.0211645999,0.00664187415,0.004223950176,-0.0006000812198,-0.004627863591,0.002608995732,-0.001571269246,0.0002537764337,0.004021490247,0.007805493661,-0.006898918949,-0.004148188695,-0.002805751985,0.004484986047,-0.002407802807,0.001937056055,-0.02049941396,0.008642451026,-0.01087155847,-0.01963387361,-0.006666671062,-0.01983073859,-0.01316748814,0.00654505059,0.0004635800527,-0.005476408582,0.007482471227,0.001045192332,0.01182598785,0.005148792552,0.0001063678863,0.001161958856,-0.01564173483,-0.006656426914,-0.02649563301,0.003049612308,-0.003954558011,-0.001780527696,-0.008988354409,0.002895775189,-5.961767591e-05,-0.002726537832,-0.01134172335,-0.0093608841,-0.0125825873,-0.01530046719,-0.003075222738,0.0001638765869,0.002480444374,-0.006685398883,0.006908704282,0.004354500075,0.008729598196,-0.006703222714,-0.002292032121,-0.00247247553,-0.005046636329,-0.01719750008,-0.01721732425,-0.01863433454,0.002022933873,0.0002838096295,0.004125864827,0.005302503113,-0.02652999219,-0.0195424764,-0.01757336615,-0.01003789045,-0.01054270746,-0.01236039065,-0.007574942303,-0.002891185196,0.003009058723,0.0002970791576,-0.006945221443,-0.001162708107,-0.005533916741,-0.01278532268,-0.003963353591,-0.00440279196,-0.001536867544,-0.01892615784,-0.01926821162,-0.01772932073,-0.003068346279,-0.02770365952,0.01385971482,-0.002263908301,0.01623154262,0.005575284229,-0.01899937826,-0.01366208338,-0.004845933896,-0.0221259063
2010-06-30,-0.0007018496044,-0.003299029239,-0.004015990127,-0.004004734348,0.002730810892,0.002002315843,0.001498403938,0.003935201374,-0.001946497791,0.004495842176,-0.006505290168,-0.005454232771,0.003139629587,-0.004368324171,-0.005869071161,0.004166578358,0.004987213917,-0.001154070321,-0.001104347303,0.0003883877492,-0.001746133064,-0.002287516144,-0.0006502547538,0.0007574957054,-0.002632111436,0.000581622009,0.002372788154,0.001060165696,0.001230752775,0.001134607725,-0.005481901835,0.00158605971,-0.001699119444,-0.002874001809,-0.001192049261,-0.005715109258,-0.00371690951,-0.0004448032012,0.001450814659,-0.0003507240148,0.0008103269447,0.0005490034808,0.004620421203,0.003988849214,0.004037616165,-0.0002906224134,-0.00662167217,-0.004270902511,-0.01114232455,-0.00117586081,-0.003192169685,-0.001456253888,0.0007619985006,-4.846744112e-05,0.001099791159,0.0004909148431,-0.006237774855,-0.001729175356,-0.006460671592,-0.005305202039,-0.004151892827,0.0003034574751,-0.00165290969,-0.004433798315,-0.001562505053,0.001007256004,0.002324787234,-0.004808758894,-0.001052264873,-0.006641730819,0.0006142647663,-0.007575935884,-0.007864225579,-0.008154135974,-0.003831019343,-8.808081067e-05,0.001728489913,0.002635652234,-0.01102978405,-0.006690419563,-0.004433590019,-0.001981178652,-0.005484480045,-0.006970741512,-0.001633409299,-0.001503571459,0.0002038118613,0.0002234804259,-0.004472745866,-0.0003409857467,-7.413925357e-05,-0.006773198841,-0.003031764366,-0.003020501915,0.004563310101,-0.005291355885,-0.00464127538,-0.005237200708,0.001576416625,-0.01057616603,0.006681937568,-0.001341783792,0.007259522202,0.003307515954,-0.004968062473,-0.004078780104,-0.00427568845,-0.009098050252
2010-07-31,-0.003373969415,0.001306350737,0.0005759360631,0.002968852732,-0.002189160847,-0.003618749251,-0.002404594102,0.0006989500746,-0.003029265607,-0.001419463786,0.005634705781,0.006661377348,-0.003669031639,0.005673562155,0.008614999352,-0.0002195963779,-0.001440421794,0.003057524175,0.0008009786036,0.002892876694,0.003284762181,-0.002853461638,-0.001492814639,-0.004030460045,0.001268813717,0.001637418486,-0.0001442628803,-0.000766606418,-0.0001377319195,-0.0005364772667,0.007764343896,0.001464222353,0.007175246371,0.006979549164,0.00249447126,0.009795167855,0.007212076902,0.0005750290455,0.0003729721725,0.00279817714,-0.001471228878,-0.0006198463707,-0.004716376695,-0.001939399019,0.001778050708,-0.00408151357,0.006249659905,0.003750052392,0.0104181001,-0.001123323986,0.002787165849,0.003523235218,0.005206737227,-0.004882807286,-0.0003777744886,-0.0001224837574,0.00555007528,0.005656705377,0.006859506592,0.007481813875,0.0005476291959,-0.00742771122,-0.004193519837,0.003258759367,0.002867100475,0.0005146531629,-0.00387255285,-0.0001796133897,-0.003783708888,-0.002589788787,0.003029779463,0.006572471098,0.007291628914,0.006714748263,-0.001467108866,0.00115498544,-0.002029652982,-0.00113502903,0.01006494293,0.0003138945484,0.005471416312,-0.01101202287,-0.009009200848,-0.004262512253,0.002603376837,-9.021192957e-05,0.000209022815,-0.0003722891867,0.003498309904,-0.002346245165,-0.0003247135347,0.00707472439,0.001692880773,0.001491669585,-0.00555474143,0.000212512462,-0.008961861332,-0.006788889953,0.002057691748,0.01162161537,-0.005829508988,-0.0002730977907,-0.007195201491,-0.001614122988,0.007694417017,0.007050224262,0.001899666586,0.009727726238
2010-08-31,0.00171836986,-0.006880972586,-0.006136565204,-0.007912058059,0.0002969247246,0.000622126247,0.0009293395101,0.00353860044,-0.004365404522,0.003792420019,-0.01184285096,-0.005047833619,0.00484248832,-0.01211341011,-0.01532888799,0.002721264987,0.002723493369,-0.004428375557,-0.004402578903,-0.001258076582,0.001855000301,0.003034368025,0.004713304674,0.006760948638,0.0006288184708,-0.002003083248,-0.002172743209,-0.005434127621,-0.002346325231,0.0009440214091,-0.01430578072,-0.0004525391287,-0.005458772555,-0.0114634961,-0.004176444634,-0.0155741401,-0.01129668068,0.001449371181,-0.003291385291,-0.007302820999,0.0009391929829,0.0002702714477,0.01006549881,0.005480418877,0.002717602274,-0.001167909057,-0.009115455889,-0.005203565262,-0.02044442039,-0.002303764382,-0.006635005339,-0.00333432931,-0.0054222174,0.005157693573,-0.0003611214764,-0.001629481739,-0.01199830207,-0.00627015909,-0.01214756552,-0.01240092042,0.005443457978,0.0106220836,0.01135370248,-0.00692088968,-0.004244501205,-0.00295204818,-0.0009260973942,0.001236244311,0.006399671558,0.006358886659,-0.0010834642,-0.01291805123,-0.01376214836,-0.01120923879,-0.003392863617,-0.00195631446,-0.0002184415687,0.001729271381,-0.0203686858,0.002927107493,-0.005944241909,0.01469647273,0.01326710461,0.006874697726,-0.007829406572,-0.003337932309,-0.000316525132,-0.001906509759,-0.007242742263,0.00607586473,0.0003251877752,-0.0121505109,-0.004833643928,-0.005160764776,-0.009871993237,-0.007613999044,0.01156629472,0.005112691288,0.001463260689,-0.02030197338,0.008840116092,-0.003213661963,0.01460975214,0.007095071565,-0.01386273512,-0.009590009856,-0.007901849534,-0.01867405567
2010-09-30,-0.0003582293384,0.001572184773,0.001584796596,0.003710528606,0.001075732294,0.0004157885209,0.0009555704203,0.0003382471224,0.002616426806,7.674733976e-06,0.00387875807,0.001838508055,0.000706167822,0.004584745784,0.005435719999,0.001518925886,0.0008228751741,0.002401357818,0.003513251607,0.002593025882,-0.0001401200049,0.001673477725,0.0009186621009,0.0003098982376,0.003394291684,0.0002263828311,-0.002005504568,-0.0004103522741,-0.002993943634,0.001489489753,0.005924463931,0.004075808258,0.0002347335999,0.002654305487,0.0009961286026,0.006075315751,0.003686203449,0.001037076959,0.000465589319,0.002792094742,-0.003340296483,0.001521175511,-0.005944128968,-0.004477723707,0.002275748647,0.001224613163,0.00259674881,0.002860014275,0.007050297777,-9.440807204e-05,0.003523324562,0.002806398679,0.002256284016,-0.004126039446,0.001107286723,0.0018063992,0.003199243245,0.002019498793,0.003552333028,0.004908917386,0.002296826397,0.0002626766199,-0.0007873834471,0.0008624177294,0.003261843422,0.002329706865,-0.0003510796989,-0.0009520740307,0.001663239776,3.069403485e-05,0.001052133339,0.004908355861,0.005133249037,0.00460330436,0.002008003022,-0.000540388653,0.0001310638699,-0.001319579966,0.006937022911,0.00289840231,0.004180133962,-0.0007215087733,-0.004094366403,-0.001575471754,-0.0002854387737,-0.0001260204494,0.0004723294875,0.0003250576129,0.0004343237571,-0.0003310592859,0.0002582033396,0.004494267842,0.001932370431,0.002263150764,-0.007166730036,0.000545096963,-0.0006496720373,-0.002816044245,0.001333364623,0.007288152264,-0.003874145091,0.0007283720838,-0.003624318575,-0.0009969152512,0.007833196965,0.005001563193,0.003209906297,0.007804793358
2010-10-31,0.0001363068181,0.003561153383,0.004070723661,0.004197414278,-0.0003993516606,-7.426171905e-05,-0.001315604079,0.001970319196,0.0006198249646,0.001374220454,0.008020029847,0.001426077242,-0.0007457687872,0.003579705222,0.006215133063,0.001536144921,0.002351743552,0.002359246504,0.0002582656198,0.001697189186,-0.0004811437305,-0.001752657991,-0.002731927229,-0.003279938406,0.000526958644,0.003882258907,-0.0006266800309,0.0001078248784,-0.001824365742,0.000437419469,0.006296236553,0.00346560752,0.0009285211041,0.004191924976,0.002391755735,0.00529104044,0.003243898452,0.001358722347,-0.0004385009606,0.0006760323654,-0.004403317926,0.001269001752,-0.003628043176,-0.001949086313,0.003544269758,-0.0008869484643,0.005595317888,0.003618870108,0.01067074016,0.00288602588,0.004237744141,0.005568577231,0.001497760664,-0.003889252813,-0.0004498746029,-0.0005226845825,0.007946203247,0.004602693472,0.00856338146,0.007807931883,-0.00376909278,-0.006960253718,-0.0068714947,0.004230835443,-0.001693784481,-0.001972696663,0.004341450534,0.001927267504,-0.003529618763,0.002449368806,-0.0002717288651,0.008098845402,0.007979856217,0.00854405539,0.00408825013,0.0003642446466,0.001226725717,-0.0004976072864,0.01065034937,-0.006181721351,0.002798148957,-0.006517631261,-0.01043947415,-0.01051856066,0.005027713191,0.001345415124,0.00133835858,0.000174109425,0.005109090848,-0.002889746869,-0.001912254283,0.009196168004,0.003136600419,0.003208479556,0.004326503545,-0.001324678485,-0.001532271609,-0.006371075325,-0.002279024753,0.0108959041,-0.005253205573,0.004532125678,-0.004383786389,-0.001583078315,0.008485694517,0.00583191009,0.005491136309,0.01149142725
2010-11-30,0.001545395662,0.002088493378,0.002229900291,0.001493350198,-0.001133462602,-0.00129245662,-0.0003789034789,0.002023171642,0.0002719018562,0.000599030906,0.00193143823,0.00092994373,-0.0008419260717,0.0020567663,0.002653363219,-3.659278792e-05,-0.0001675771474,2.663508831e-05,-0.0004184306037,9.343819956e-05,-0.0005976870087,-0.0003871864568,-0.000921409301,-0.003294799146,3.104944575e-05,-0.001140244382,-0.0008012092112,-0.0009019712336,-0.00111631444,0.0003700385441,0.004577834718,0.0002698153751,0.001511244384,0.002647413994,-7.652414409e-05,0.002803419905,0.002235849339,-0.003398862954,0.0007651329835,0.00149889511,-0.002439404635,-0.000859824345,-0.002409368484,-0.00107684624,0.001867939662,-0.003995769413,0.002506617536,0.002068800993,0.005986385696,0.003631204818,-5.055345175e-05,0.003876999457,-0.0003938328145,-0.001326224325,-0.0003900063235,-0.0005701073962,0.003696850797,0.00277490951,0.004038439204,0.001328532324,-0.0009093567103,-0.004560195695,-0.003836122293,0.002417545316,-0.01895110561,-0.01907740295,0.01418071881,0.01523564757,-0.01491987646,0.01738616838,7.068207756e-05,0.00220013612,0.003616844032,0.003697868805,0.002223536804,0.002036684937,0.00285075618,0.00189791086,0.005322210114,-0.0006423608695,0.002030303094,-0.001352868024,-0.002837191365,-0.001367491032,0.0028351689,0.001458582173,-0.0003118399569,0.0003531703314,0.002461364561,-0.003113055227,-0.002286759453,0.003763632877,0.00464541944,0.002952075087,0.0009780311873,0.001798599561,-0.0003241449372,-0.0005626842845,-0.003576780719,0.004038771785,-0.0008888897855,0.002182238863,0.0005265355527,0.001970616256,0.002006282586,0.001663042795,0.003566401095,0.005418010451
2010-12-31,-0.003409825518,0.002360512178,0.00246468723,0.006842511091,0.001655207452,0.002874817643,-0.001004449955,-0.002093558809,0.004084825873,-0.004124910888,0.007666384921,0.005339997319,-0.000757683739,0.008803668635,0.01102065186,-0.000352065752,-0.001337091481,0.00190366121,0.0003003272328,-0.001408012025,-0.0002069429534,-0.001579856706,-0.003156815854,-0.004350024711,0.002374768917,-0.003305805211,0.0008534530312,0.001686345057,0.001180268979,0.001361045925,0.00893919238,0.002299613758,0.003343530023,0.007663565062,0.002699540961,0.01108745174,0.0081091082,0.0004532975356,0.001472907113,0.00358396598,-0.000911651953,0.001552733686,-0.006219503654,-0.002639509886,-0.0009339925811,-0.001067833103,0.006045395922,0.00285215475,0.01577854167,0.003321812981,0.004777487537,0.005111608428,0.007480544604,-0.003157954572,-0.0004460794949,0.0003271681988,0.00764528435,0.007102247042,0.008660496716,0.01000025304,-0.0002037464226,0.00644485063,-0.003413669491,0.00322107851,0.003905286796,0.004466749968,-0.0006967019347,0.005785415245,0.009471087561,0.007214097893,0.001006334064,0.006487967984,0.006478113706,0.00738383227,0.0008668878901,-0.0003261020692,-0.004733187651,-0.003728651678,0.01577104366,-0.003039513057,0.008641340031,0.01058213258,-0.004446102676,-0.00811461021,0.003813005925,0.001971682591,-0.0003290354204,0.0003225316573,0.004053181646,-0.0004291451077,-0.002179993263,0.008458275134,0.004760984599,0.004981456209,-0.0004574093243,-0.001119770861,0.005758420703,-0.001476195704,0.001834238831,0.01547319609,-0.006005338991,0.006226489727,-0.008335523751,-0.0008527265791,0.01005853127,0.008085034136,0.0049464654,0.01577577192
2011-01-31,0.001613508731,0.003890692569,0.00395091474,0.003384415219,-0.002759799113,-0.003650796764,-0.001888028058,0.0023036433,0.001016328087,-0.0005060275713,0.003520032511,0.002683272743,-0.004083907484,0.00372167155,0.005522043245,-0.001254396848,-0.001597935748,0.001363380361,0.002020759141,0.0009120778262,0.0006496754586,-0.002067762737,-0.002095074405,-0.004314195848,0.001593417836,0.0006636142859,0.0007253847301,-0.0002466081056,-0.0006465489643,-0.002641525042,0.006642749826,0.000894328187,0.004380339112,0.005980476225,0.0009017857291,0.00619330273,0.003578199886,-0.00365050366,-0.000526111817,0.001338488468,-0.001646944219,-0.0033593924,-0.00552175054,-0.003567732206,0.002290128556,-0.00228982775,0.005236328422,0.003878129307,0.008235711529,0.00296995789,0.004237447558,0.003107361782,0.001669849957,-0.003888481469,-0.0008668049282,-0.0003582618961,0.005878467489,0.001634166166,0.005443940662,0.005014490816,-0.00309953425,0.002287767729,-0.0009342023108,0.003843747047,-0.005000514884,0.0007718033575,-0.001283885712,2.13417815e-06,0.001957406171,-0.002111023367,0.001028540505,0.006102549945,0.006317729405,0.006744194489,0.002805387085,0.00294108722,-0.0005543729392,-0.0002644829592,0.007948574723,-0.003271709907,-0.004074944887,0.004443007419,0.002620887702,-0.007405615675,0.001754779873,7.82605353e-05,-0.001315717073,-0.001901039295,0.00391439538,9.490355725e-05,-8.958360832e-05,0.006721180649,0.001207612173,0.001571689264,0.001400569911,-6.387740539e-05,0.003229808794,0.003417210994,-0.001659852782,0.008390480907,-0.00205499617,0.004055967941,-0.004186069344,-0.0003910136867,0.005649771929,0.005427805877,0.00288036363,0.00805546286
2011-02-28,-0.0005855181459,-0.001004104761,-0.0007274099164,-0.0002982483463,0.0001494672216,0.000757635473,0.0007618335914,0.0008614704259,0.0009943825884,0.001623586963,-0.0002116780386,-0.000986012926,0.001273603742,-1.005849849e-06,-0.0003583813852,-3.868278202e-05,0.0003564074415,0.0002591624238,0.0003481266223,-0.000402613302,-0.001074756163,-0.0003257838128,-3.776566726e-05,0.0006370468679,-0.0001725030766,-0.001958291266,-0.000797116861,0.001242578495,-0.000654506138,0.0004341616671,-0.001657343221,-0.0001176267658,-8.090092341e-05,-0.001065566924,-4.126082174e-05,0.0004026736683,0.0001979830259,0.001597994468,0.0006479600694,-0.0005569997267,0.0003668275473,0.0001870462362,0.001470190293,0.0008558492276,0.001236508486,-0.001923649339,-0.001100449066,-0.001470516037,-0.000498249633,-0.0004489238441,-5.644376502e-05,0.002600409628,-0.0002402428131,-0.001922442426,-0.001015093144,-0.0002688023599,-0.0006135782648,-0.001155651565,-0.0007426037201,0.0003655046142,0.000833364795,-0.00117683483,0.001016440644,-0.0008221950123,0.003242660901,0.00191809649,0.0002225215212,-4.820929821e-05,0.0003052562401,0.0004507306198,0.001288458608,-0.001685117399,-0.002340037956,-0.001574255976,-2.534856769e-05,-0.0005734663099,-0.0008146963981,0.0007671795727,-0.0005872561662,-0.0003036779421,7.263373611e-05,-0.001847885449,-0.001454626596,-0.001314985668,-0.0006185091636,0.0004130526006,-0.001873420259,4.191577733e-05,-0.0007654544204,0.0001484578264,0.0003022396323,-0.000904277396,-0.001017958484,-0.0008600417656,-0.0005450048475,-0.003273581393,-0.00188925712,-0.001838483524,0.001356407394,-0.0002776816141,0.0006776057351,0.001629542107,0.0006826375422,0.002129202255,-0.0008081668609,8.853334496e-06,-0.0006281478871,-6.460021428e-05
2011-03-31,0.001550987954,0.0008571276024,0.001423799012,0.000855792172,-0.001039713791,-0.001107926523,-0.0005980037896,0.0003918978238,-0.0002731090828,-0.0001131052048,0.000382266183,-0.0006810515277,-0.0007832146243,-0.000656122571,-0.0005629727619,0.0003236757722,-8.862675804e-05,0.0003259407828,0.0008638521174,1.384409191e-05,0.0003999405486,-0.000207731668,-0.0003083723669,-0.000648441439,-0.001124806874,-0.0003207590058,-0.000506717068,-0.0003954515592,-0.0009842103859,-0.0003125639704,-0.0005069027948,0.0009246190798,-0.0008628491174,0.0005076749583,0.0006207525496,-0.001154546339,-0.001017539957,-0.000355593819,4.66275853e-05,-0.000579919269,-0.0004456082964,-0.0004675219404,-0.0001086200719,0.0008790880734,0.0009302898982,-0.0002104219451,-0.0003876363201,0.0006075486365,-0.001573208633,0.002515516662,0.0006858337907,0.002700879102,-0.00146831724,-0.00271247512,0.0009045627386,-0.00116492738,0.0004278200666,-0.0006367300969,0.0008507845261,-0.001260331981,0.0004131373621,9.320653545e-05,0.0002295099773,-0.0001123596962,0.0002064622008,0.002870890546,0.002838111378,-0.002402420914,-0.001042675455,-0.0007968279364,-0.0003404558475,0.0008925388157,0.001903523074,0.001016703522,0.001705229532,-0.001009543111,-0.0001478075493,0.0001178383681,-0.001635293349,-0.001991935342,-0.0007592816299,-0.001425692669,-0.001627864674,-0.0007881204689,0.0002445293245,-0.0001861537826,-0.001020733708,0.0007414237494,2.663971499e-05,-0.001337660533,-0.001234354882,6.167237665e-05,0.0001642716999,0.0001142961826,0.000108159184,-0.00126180079,-0.001644619086,-0.001496760281,-0.001389362644,-0.001558226517,0.002019823181,0.002521463339,0.001734097678,0.001766302732,-0.0007973396721,6.407232702e-06,0.0005507601939,6.327297349e-05
2011-04-30,-0.0003306062511,0.0005092850683,0.0004906851784,0.0009885456207,0.001418728476,0.001513392066,0.0009747220898,0.001710163181,0.0004407442718,0.0004193212957,0.001414496907,-0.0002488455209,-0.0005264182814,0.002553714815,0.001368102479,-0.001141855299,-0.001781522482,-0.0006145870672,-0.0009965072662,-0.0005204575104,-0.00146701208,2.990134234e-05,-0.0007361475346,-0.0003030136226,-0.0006755451668,2.468791916e-05,-0.0007553794409,-0.0002282258951,0.0006617706657,-0.0002430839939,0.001417691412,0.0005830304044,-0.0003748113744,0.000223325456,0.001186242739,0.001621432978,0.002565900095,0.0008116570087,-0.0007070703323,-0.0001468366346,1.472379886e-05,0.0002807668823,0.0005504591844,0.001024023035,0.0003957139925,0.0007429935415,-0.0006877889127,-0.0001449237883,0.0009329376871,0.0004689755061,0.0003274236489,0.0005782692168,0.00140821844,-0.0006660579391,0.001005071671,-0.0006233421376,0.001991781907,8.640015117e-05,0.001694081483,0.001038207361,0.0009213381976,0.0003917317909,-0.0006902903443,0.001665521318,0.001219385307,0.002314767398,-0.0004359307914,-5.56131343e-05,-0.001156516325,-0.003027032722,-0.0006382428367,0.0001456533808,0.0001327938988,0.00100313118,7.652581275e-05,-0.0001921677797,-0.0001658798952,-0.000118799038,0.000621976385,0.0009423144917,-0.0006781555017,0.0003530878734,0.0007839106095,0.0007299792558,-0.0001655820282,-0.0003625745814,0.000314594287,0.0009670822503,0.001357987191,-0.001157124109,-0.001572559843,0.002507430756,0.001414667133,0.0008706651505,-0.002994824978,-0.0004216935029,0.0007027501626,0.001051374624,0.0019364238,0.00108182597,0.0006919829886,0.000451442277,9.19463925e-05,0.0006789931117,0.002503085806,0.00113991298,0.001130070671,0.001703552793
2011-05-31,0.001316015004,-0.003438224992,-0.002515138714,-0.004536419388,0.0003993446261,0.0001289536547,-3.874076453e-05,2.524519047e-05,-0.001244712882,-0.0002182922219,-0.006231838785,-0.001873605756,-0.0001680887731,-0.004073442245,-0.004810772331,-0.0023075982,-0.0008041515942,-0.004015688185,-0.0007438000654,-0.002675702692,-0.0003426112391,5.290257608e-05,0.003091197666,0.002194140799,-0.0003311169064,0.001360330381,-0.001898998303,-0.001256885725,-0.002714449021,-0.001363746326,-0.004595413677,0.0004148814496,-0.0001079766929,-0.003222214176,-0.001993033646,-0.005294328489,-0.003918369749,0.0001664580627,-0.0001973282777,-0.00148854747,0.002122175495,-0.001090634876,0.004161789178,0.002166880226,0.0007065118116,0.001156958204,-0.002701556169,-0.003132908118,-0.008029051582,-0.0009167940032,-0.003808186311,-0.001708862023,-0.0009951653537,0.001506710405,0.0002546816013,-0.0002044119828,-0.005672462968,-0.002958525769,-0.005760361102,-0.003806125286,0.002248621196,-0.0004345228171,-0.003698832666,-0.003640146961,0.0001696029264,0.001748833769,-0.001990412067,-0.003770494086,-0.0008062405969,-0.0009464330122,-0.0002752807999,-0.004561681412,-0.003060243732,-0.003714568485,-0.001415134937,-0.002079691431,-0.0003069483779,-0.0005572482761,-0.00789814127,-0.0002889319845,0.005324455395,-0.001230152863,-0.006467981696,-0.005504328741,-0.001227683522,0.0004938593886,0.0006842612657,0.0005904771549,-0.00369301422,0.00167083551,0.001080140387,-0.006087788375,-0.00486447015,-0.004911957247,0.003164617888,-0.002755103281,-0.003843071069,-0.004270892121,0.0002758915735,-0.00815010028,0.003547040094,-0.00295535671,0.005261733177,0.001983945206,-0.00604490798,-0.004281190013,-0.003880186278,-0.008729135331
2011-06-30,0.0001377124792,-0.001075653946,-0.00115215542,-0.001523966574,0.001876283241,0.001243526828,-0.0003991036351,0.00128350763,0.0009665157388,1.244253425e-05,-0.001379066427,0.0004078124821,-0.001578984571,0.0006432225132,0.002640272641,0.0001206391478,0.0001588402352,0.001068355987,-0.0001581930122,0.001252364462,-0.001466876605,-0.0006793922622,-0.0003160053829,0.0002200494188,-0.001116760696,0.0002909579047,0.0006402068721,0.0001295182621,0.0006528573214,0.0001488078504,0.002516086275,0.0007420314383,-0.0002370905896,0.002899208506,-0.000653313521,0.002060720805,0.001071346704,-0.00293200775,-0.001393084107,4.147952337e-05,-0.003380640141,-6.758104164e-05,-0.0002760238558,-0.0004223106661,0.0006269252839,-0.0004527249443,0.0004780215825,0.001372875564,0.0007151495787,-0.001301060332,-0.001074248768,-0.0004964520873,0.000459821648,-0.002381777257,-0.0007370748777,0.001790568044,-0.001349701441,-0.00175524681,-0.001817742421,0.0008166717628,-0.001152144257,-1.161876064e-05,0.0005978033583,0.0009032297061,0.002710015548,-0.001531448802,-0.00292759337,0.004225725939,-1.591780708e-05,0.002067351736,0.0006726062282,0.001353667508,0.001523931408,0.001177298904,-0.001551792201,0.002185018327,0.002125282232,0.000776172733,0.0006844270818,0.0006298367324,-0.001963909237,8.546664067e-05,0.001197848458,-0.001571520979,-0.00192644222,0.0001347961394,-0.00207626771,-0.0007483678203,0.0004116906476,0.0002679551763,0.001250586852,-0.001460693094,-0.001147303196,-0.0009602121366,0.001313356907,0.001031136456,0.0003492243101,0.00128873387,-0.0006262553177,0.0007556287598,-0.0002524298426,-0.0002861476863,0.001339935586,0.001457533374,8.143845901e-05,0.0002046428918,-0.001221459502,-0.0004632508295
2011-07-31,-0.001141077726,-0.002193834312,-0.003033001191,-0.00303917939,0.0005896068962,0.0002549899384,0.003175527424,0.001383562936,-0.0001084336417,0.004179592532,-0.00169059878,-0.002950572403,0.0002514011086,-0.001427871906,-0.004485677958,-0.001099757287,0.001482243845,-0.001647343179,-0.001664230002,0.0003754104404,-0.0009506895942,0.0003859694133,-0.001595207665,0.001680043853,-0.002003108953,-0.0004397717261,-8.075885425e-05,0.001369797121,-0.0001392365279,0.0008562659977,-0.004481384195,-0.0006680878356,-0.002206791972,-0.003661620199,0.002319416241,-0.003912292502,-0.001999203037,0.0006689615705,0.001065954818,-6.679640881e-05,0.001045225031,-0.0004036165789,0.002440531572,0.001962870171,0.001292012859,9.053788417e-05,-0.003031106192,-0.0004378377908,-0.004891074117,-0.001734334229,-0.002576502646,-0.000321559384,-0.0006533542756,0.001530530643,0.0006741661389,7.850892879e-05,-0.00209548699,-0.0005820427074,-0.002292458961,-0.002306359384,0.001301303449,0.001217542886,0.0006187110974,-0.001363288427,-0.0004778570959,-0.001181025739,-0.001750855417,-0.000484093827,0.000547549348,0.00189640914,-0.0006862104016,-0.003255652144,-0.00260371567,-0.00370613495,-0.003697606576,-0.0006106601688,-0.001355007465,0.0009337810894,-0.005021677389,-0.002154025169,0.0007957630343,0.001890671824,0.0004204943257,-0.004300046429,0.0005012928774,0.001772713215,0.0001662136891,0.001545212096,-0.001261196487,0.0003869162769,-0.0006263872861,-0.003269865343,-0.001676702183,-0.001551273517,-0.001792586981,-0.00245140814,-0.001357823383,-0.001843268705,-0.0002482148115,-0.005435515638,0.001452771401,-0.002487458544,0.001106108581,-0.001381165626,-0.002849638821,-0.002607229541,-0.003393493765,-0.004015698637
2011-08-31,0.005849804612,-0.007318491557,-0.008563457731,-0.01368298542,-0.0008991724829,-0.0001914385249,-0.0004916072678,-0.004352747526,-0.004178353045,0.001977038082,-0.02343287438,-0.004437060049,0.002457384409,-0.01885256208,-0.02344360292,-0.0001651363997,0.002384258257,-0.006350949543,0.001389639812,-0.001642094974,0.00364985542,-0.002239451682,0.005286245511,0.004442878303,-0.008705256435,-0.0009914830859,-0.009732662031,-0.006254426824,-0.01340345007,-0.001217050041,-0.02500106489,-0.0004781275961,-0.009240185493,-0.02123902156,-0.00136163319,-0.02556447403,-0.01710294761,0.001041722951,0.0007188887141,-0.006637446348,0.006918950596,-0.001526214098,0.01806721348,0.004347975941,0.0005001211996,0.007706030593,-0.00870456879,-0.00617487555,-0.03873174784,-0.005912678542,-0.01082928076,-0.001019339793,-0.0119058615,0.003830945414,0.003976241922,0.0007226004555,-0.02291313896,-0.01678882863,-0.02392241281,-0.01961140828,0.0008467998556,0.006379672139,0.01135845461,-0.01194650038,0.006133027269,0.004042391498,-0.002056476563,0.002817799926,0.004491394864,0.002880070216,-0.001026054619,-0.01930846629,-0.01758640081,-0.01993725061,-0.005099267997,-0.01162524642,-0.007102526955,0.002189990342,-0.0386925311,-0.008611976422,-0.01479796956,0.01778755984,0.01401993279,-0.01461844671,-0.01429362271,-0.002872247403,-0.0006708035575,0.003764775159,-0.01231523462,0.00434764696,-0.004128403941,-0.02459557259,-0.009687100569,-0.00964778534,0.007510950657,-0.01193223101,0.01630595253,0.00277151719,0.001248065164,-0.03960375794,0.02334000677,-0.001652576077,0.02722043072,0.01308403676,-0.02430893139,-0.01804373889,-0.01470683185,-0.03359324961
2011-09-30,0.006294393832,-0.009027600586,-0.00667441077,-0.01912155627,-0.00196711401,0.0002516921658,0.004106816416,-0.001099300819,-0.003003511241,0.00213122213,-0.02227522829,-0.006198095922,-0.002626456286,-0.01633699719,-0.02577136213,-0.002984202806,-0.001688079875,-0.007797410298,-0.001365208802,-0.003231434513,-0.003080178779,0.001948353181,0.003866055448,0.004620170677,-0.007002751003,-0.001204571226,-0.004707550386,1.377723423e-05,-0.009272324067,-0.0004498209115,-0.02396219424,-0.0102952996,-0.003249296999,-0.01936212345,-0.004290476661,-0.0261358622,-0.01458783783,-0.001959092369,-0.0004584062511,-0.006161384855,0.006562801388,-0.001424983797,0.01878251629,0.007260331302,0.00400822853,0.01566906569,-0.01636499632,-0.0118720629,-0.03340595469,-0.005245114274,-0.014865682,-0.002504620696,-0.0170717528,-0.001971929123,-0.005977339095,0.004944279795,-0.02147163034,-0.01835794785,-0.02349714341,-0.02178366711,-0.0107797809,0.0003259297693,0.002931377281,-0.006533421439,-0.002676370608,-0.0005762229541,-0.001460951243,-0.001765087761,-0.0008905693133,0.002448278399,0.001912600058,-0.01701112636,-0.01741269362,-0.01993609168,-0.006254148036,-0.006081907639,-0.00839275499,0.006263454637,-0.03331612247,-0.01618003597,-0.02212381055,0.006637648677,0.0132471875,-0.01084030677,-0.007741497768,0.002392210866,0.002059249219,-0.003678007753,-0.008923006105,-0.003880943324,0.0007035783597,-0.02579426164,-0.006146563754,-0.007083271468,0.0295645967,-0.0100635915,0.0180746862,0.01650860982,-0.0007730355818,-0.03394303378,0.0113573466,-0.001984777398,0.02464717325,0.01423418608,-0.02505744791,-0.02184406029,-0.01440435189,-0.02920613818
2011-10-31,-0.008829029789,0.0001886727808,-0.0004516934954,0.01454422672,0.009029108653,0.007203412462,-0.0001641662026,-0.002057294667,0.009383724959,-0.008425811901,0.01802875594,0.005741761534,-0.001366557316,0.01994839621,0.02597027171,0.001560213638,0.000986103002,0.006401299874,-0.002349560537,-0.004523582687,-0.001443253016,-0.01253502037,-0.009886800614,-0.008279309697,-0.004146384816,0.007002549605,-0.004971959433,0.0004137484756,-0.002117611714,0.002202243866,0.02468485983,0.01921209084,0.0094863109,0.01778009252,0.007441188361,0.0233677865,0.01948398749,0.0008008354378,0.004521732539,0.008748979042,0.001558437635,0.002985859717,-0.01147127474,-0.0006204276927,-0.004563141241,-0.001631976845,0.02496428097,0.00528939409,0.02925353432,0.0001437371537,0.01027968924,0.01388971584,0.01485395705,-0.01531939363,0.000592653773,0.002586456858,0.01672477886,0.01419724841,0.01768827804,0.02065578051,0.01154925731,-0.007547605709,0.0008334931849,0.005055258321,-0.001341951563,-0.002610928544,-0.005432821318,-0.00594642611,-0.007058524952,-0.01109775536,-0.003478590437,0.01020890128,0.01115146526,0.01398245506,-0.0003854540858,0.0064137048,0.006443607712,-0.005449585255,0.02870815425,-0.01182481561,0.01920766088,-0.02694303237,-0.02651217993,-0.02058623488,0.005812201532,-0.003542545765,0.003271582665,0.00269512556,0.005680702835,0.002922926686,3.408855132e-05,0.0197901166,0.005659622731,0.005877483894,-0.02820334532,-0.01709529421,-0.02413851136,-0.02461796669,0.007499731378,0.02883269456,-0.01265784661,0.001182433593,-0.01562169389,-0.006693210545,0.02417953001,0.01899684142,0.00907223763,0.02667995296
2011-11-30,0.003396796297,-0.004815427702,-0.003860677869,-0.01205891903,-0.004462495209,-0.003691097488,-0.002248930213,-0.002996741654,-0.00459717222,-0.001718954231,-0.01725427728,-0.003299655815,-0.004367103173,-0.01766627123,-0.02229281253,-0.0001188736345,-0.00220492947,-0.001951990549,-0.0002730001026,5.650514427e-05,0.007376369262,0.004725553341,0.007884330455,0.01068395448,-0.002052111926,-0.00880619888,-0.0007995775912,-0.0001315726444,-0.001513066336,-0.002077952333,-0.0213824503,-0.007701356768,8.476275567e-05,-0.01612247632,-0.01382523433,-0.02089849182,-0.0174369317,-0.001275461937,0.0007006693332,-0.005276199791,-0.002672559914,-0.004992298376,0.01039100223,-0.0007656752248,0.0023975416,-0.002186919822,-0.01348099923,0.001819657052,-0.024590307,-0.004399766828,-0.00671992378,-0.004864988564,-0.007353980129,0.002081242376,-0.0002959748289,-0.0001673378543,-0.0178691415,-0.01136955161,-0.01838879311,-0.01648100231,0.005131572384,0.01028971939,0.006616120454,-0.005031990081,0.009537214939,0.006958621178,-0.004418191055,-0.001059417368,-0.0007984845377,-0.0007984682384,-5.628241806e-05,-0.01223036587,-0.01286064094,-0.01542171352,-0.0005445851687,-0.0001962567151,-0.007470644115,0.002063037571,-0.02447197112,0.0208967269,-0.01336488929,0.02190479377,0.02080708339,0.02054124236,-0.01143691469,-0.002471028323,-0.0009601406753,-0.0009002798779,-0.008362133027,0.002017557523,-0.0008937330201,-0.01921315463,-0.005834298707,-0.006038199021,-0.01802009119,0.01324421063,0.01892129404,0.01743155099,-0.003288696001,-0.02497687931,0.0120262444,-0.001356453997,0.01691420671,0.01114412454,-0.01940955875,-0.01727107627,-0.0112896648,-0.01994925271
2011-12-31,-0.005254900227,-0.000902784321,-0.002001604791,0.0002229541811,-0.0008528669742,0.0006407008107,-0.001755992141,-0.0007621097779,0.005113531961,-0.0009507352346,0.001876299676,-0.002758290259,0.001738554264,0.004962368026,0.0008918678405,0.001791027341,-0.0001671432456,0.002778799765,0.005618440686,0.002518451756,-0.004275501616,0.0002787937987,0.001805109032,-0.0005189404287,0.0003559427276,0.001529062278,0.002704555459,0.005344890604,0.002815200342,0.003822158877,0.0004742066759,0.002223637184,0.003105376195,0.003411018484,0.001715936672,0.002465881204,0.005087860362,-0.001622029963,-0.00332579668,-0.003072520561,0.001745267555,0.0005351421458,-0.0003036341156,0.001448136462,-0.001396331631,-0.001571577006,0.003195719117,-0.003450352419,0.003566810825,-0.001786196277,-0.0005680442836,0.0009178043949,0.001678908194,-0.0004897897519,-0.001570219964,-0.001973497014,-5.303461215e-05,-0.0001673701535,-3.842098679e-05,0.001997532457,0.004455430574,0.006128864936,0.004570759456,-0.002257770896,0.0002654085614,-0.001428591884,0.003415985817,0.003295279068,0.002500109374,0.004423735147,-0.002915779899,-0.003241493731,-0.00352307981,-0.001809381677,-0.003082979578,-0.003993708659,0.0002073488832,0.0005827268815,0.00337294106,0.0003942313228,-0.0004499864956,0.00190263554,0.001754258724,0.0008273763324,-0.002734213514,0.0003972916582,-0.003364627314,0.00190107453,-0.00194310339,-0.001601200165,-0.003477691697,0.0005651885101,-0.0008215052797,-0.001605399237,-0.00727413735,-0.004020946121,-0.001892456646,-0.003380701976,0.005967053887,-6.275394607e-05,0.002000847163,0.00314018483,0.001109861964,0.003250126506,0.001168726758,0.002069406764,-0.001687385138,0.0004355627758
2012-01-31,-0.001150710012,0.002059371163,0.001330104857,0.005842218387,-0.002679683349,-0.004225074785,-0.00318092511,0.0008125642618,0.003288138088,-0.004399322126,0.005290548277,0.003168091526,-0.0001319121938,0.003791049325,0.006823696817,-0.0002325836256,0.0001662547617,0.0007329072525,0.001970328108,-0.004087907297,0.002078303078,0.002262223052,0.003876771007,0.00343965357,0.004728383493,0.000857933046,-0.005028527363,-0.004654011951,-0.003671745823,-0.004307890855,0.007932549515,0.009349580605,0.001569821487,0.001066488134,0.0007355800402,0.006031553233,0.001840871565,0.005228793859,0.002048929976,0.004250535657,0.001788434641,0.0007808279688,-0.007679669842,-0.006943092919,0.000636206323,0.002574976919,0.008118146733,0.004465534289,0.006647265458,0.000898874288,0.004908622242,0.004604345288,0.005664677821,-0.006023594965,0.0001464137044,0.001276143155,0.005603362384,0.005748407305,0.005981872258,0.00767749465,0.003498591022,0.0008180660697,-0.001705786544,0.001442930574,0.002394897653,-0.003604507314,0.005079049229,-0.004197274207,-0.002389427777,-0.003429927961,0.001560767879,0.004448365434,0.005391609978,0.005658068686,0.001630105896,-0.01077108233,-0.002635189794,-0.003489439388,0.006697796085,-0.01111619589,0.003676523531,-0.0005449273895,-0.01116257033,-0.01062222817,0.00307400575,0.001327241315,0.0001529412213,0.00148651774,0.001598981482,-0.0008958805374,-0.000754005142,0.006506325802,0.0007509741951,0.001985619863,-0.001771031771,-0.008936325001,-0.003063294591,-0.008064866004,-0.001168278427,0.009695208765,-0.004780145039,0.001530047724,-0.004972785545,-0.001961481291,0.008381136333,0.008483855145,0.002941592391,0.007065973023
2012-02-29,-0.0002602845024,0.005474776331,0.005428553705,0.008002856892,0.001105382039,0.0011537865,-0.002068345958,0.001320524841,0.004670834534,0.000177632187,0.0108235715,0.002647058788,-0.002629603491,0.008891208665,0.01233262371,7.131441577e-05,0.001179505242,0.001127337006,-0.0009849542018,0.0001557054796,-0.002645176677,-0.002793849032,-0.002352472828,-0.002424822625,0.001641764083,0.004170803533,0.001430568458,-0.0004160822972,0.0006741158971,0.001807702769,0.009735027198,0.009481459675,0.003928371813,0.008788598077,0.008360428307,0.01173618052,0.009479941688,0.00169768577,0.001433844254,0.003753814676,-0.002493415888,0.00230541044,-0.008695214788,-0.00301091371,0.001242412514,-0.0005565348968,0.0111551445,0.001411178566,0.01393853095,0.006023394143,0.005447661328,0.008758207537,0.006014009447,-0.01100430996,-5.0626631e-05,-0.0007333112044,0.01030745325,0.007871603663,0.01027503473,0.01491171106,-0.002107718012,-0.003401431382,-0.003738307339,0.005263573171,0.001766684447,0.0008726675426,-0.00140969165,0.002193353404,0.005259708955,0.00181724164,0.001283057396,0.009913190994,0.009265162356,0.01077249315,0.002857225643,-0.008306053913,0.002291542915,0.001897194207,0.01377118112,-0.01294896975,-0.004745792988,-0.009794719982,-0.01465138368,-0.01361546294,0.003575102715,-0.0006486812894,0.001350152553,-0.001124713281,0.006038107133,-0.005578617523,-0.002134930096,0.01145861935,0.003949002497,0.00534378754,0.003229189522,-0.008505386611,-0.008693171468,-0.009916878259,0.001350106593,0.01452780448,-0.006550085788,0.005154684809,-0.009232635274,-0.003586016857,0.01465557177,0.0143925394,0.006690725336,0.01316378188
2012-03-31,0.0008624723943,0.004329312261,0.004243244842,0.002897824814,0.0006497833309,0.001114160992,-0.002092816211,-0.0008559443021,0.001520802528,-0.002274275224,0.00183306278,0.002187363119,-0.000323098605,0.0002450134211,0.003682083252,0.0009335864444,-9.349341483e-05,0.0006806833197,-0.0006963544051,0.0008320417419,0.0004126227546,-0.000711296293,-0.0002464917956,-0.0005235401007,0.0004228927235,0.000372200014,0.0003450910251,-0.001470129348,0.001221905064,0.0003348500099,0.003359397147,0.003454438878,0.002628036686,9.899404808e-05,0.0008782157981,0.003503372459,0.0008094283776,0.002050887501,0.002888505691,0.00322049554,0.0004563472434,0.001416218268,-0.00399977624,-0.004760634055,0.0006255848609,0.0006145774569,0.002561379545,0.001399171226,0.006715999076,0.001985525025,0.00253663006,0.004427174095,0.000286331352,-0.004612901775,-0.001544823429,0.0003586093027,0.005557149673,0.003155304918,0.005797738051,0.004467694598,-0.001379534207,0.0001176603434,-0.001332861487,0.003613810042,0.002932269884,0.002399529703,-0.002864638911,0.001057353436,-0.005750411654,0.003307309602,0.001361584995,0.004517231786,0.004936405749,0.004158373607,0.003543738693,-0.005106072827,-0.001567992552,-0.0002390773292,0.006824169779,-0.005341820178,-0.003139284858,-0.001189124336,-0.003388703393,-0.00465360832,0.005586264887,0.005077054086,-0.0006520850951,0.0008847410505,0.003658180569,-0.001187080242,-0.0003407375787,0.005140076926,0.001694091459,0.002383353432,0.001965417746,-0.003959607759,0.001231147754,-0.004214048329,-0.001731795903,0.006868517661,-0.003215072974,0.00338061185,-0.001866115212,-0.001118285297,0.006493715283,0.004867788208,0.005254416759,0.005994967767
2012-04-30,0.002719885946,-0.001819674269,-0.001721046952,-0.003707336214,-0.0009075291622,-0.001004808011,0.002557578768,0.003269114611,-0.004641925841,0.004505437581,-0.006799456389,-0.001588242268,-0.001832244006,-0.00755557036,-0.01023638761,-0.002754545182,-0.002631335301,-0.001733096831,-0.0006204423427,-0.0001318480018,-0.00188804122,-4.044687826e-05,-0.001773471281,-0.000605471376,-0.00129916598,-0.0005475756431,0.003537430515,0.003396632684,0.001723010238,-2.321545838e-07,-0.009348856237,-0.002594246491,-0.004937711497,-0.005332661322,-0.005970164758,-0.01039355917,-0.006721747332,-0.004006926613,0.001092381753,-0.001597677211,-0.001425991202,-0.004256531069,0.00821543211,0.004927938202,0.005512096045,0.001687597852,-0.002587143705,-0.001961261315,-0.01092651122,-0.001770535091,-0.00154778232,-0.004517487092,-0.004212257246,0.00253532387,0.001669749593,0.0007619622289,-0.006234079788,-0.0050150013,-0.006651408481,-0.01069278983,0.001219243907,-0.0006435460955,0.0009930617645,-0.003157311817,0.005269336273,0.006937315109,0.005296041304,0.0057251151,-0.002149186326,0.001620255154,0.0002689606912,-0.008592874128,-0.009374511094,-0.00915107181,-0.002506130103,0.009920716445,0.007803898515,0.004143696777,-0.0109694719,0.007791903424,0.006707641034,-0.00623307335,-0.003792757735,0.00826671686,-0.003052573656,-0.0009438558771,0.0008627599077,0.001301903566,-0.003371032776,0.001338039074,0.001913132146,-0.007718730139,-0.005574501133,-0.005507856359,-0.006017399392,0.006663782161,-0.009556518512,-0.004968973202,0.001103600092,-0.01252137939,0.006225640534,-0.00296492414,0.00905050904,0.00575341465,-0.0115400515,-0.01102032758,-0.004226097729,-0.01027895922
2012-05-31,0.007021677619,-0.00365591938,-0.003633696921,-0.0114326631,-0.00163392491,-0.001201518317,0.006351720648,0.001986901382,-0.0084712778,0.008273835407,-0.02013964691,-0.001397266253,-0.0007254709347,-0.01731458717,-0.02173809274,-0.002465209543,-0.005212045637,-0.006509069253,-0.001235819915,-0.001869211435,0.001333677261,0.0001536403596,-0.001451343251,-0.001164326911,-0.001212743075,-0.005929143392,0.0005830397688,0.0009598100542,-0.002486130238,-0.0001536483732,-0.02200777086,-0.01129154291,-0.009829427193,-0.01729588443,-0.01345446845,-0.02266673892,-0.01754813718,-0.005114290535,-0.002213329234,-0.005576549123,-0.002758324342,-0.003241343328,0.01701873845,0.004965404601,0.004146482944,-0.007713727085,-0.01044069885,-0.0005214812707,-0.02969086353,-0.003600122525,-0.007285664276,-0.008067654573,-0.01143584433,0.01417020028,-0.001382950194,-0.001049078385,-0.01388695265,-0.01131774139,-0.01468404522,-0.02254612067,0.001119373076,-0.00267940083,0.001711428461,-0.006955159767,-0.006212665353,-0.004205444895,0.001192124585,0.0002979611171,-0.00114572834,0.002805134146,0.000669060373,-0.0150272794,-0.01724986173,-0.01761497334,-0.001795036349,0.01854350442,0.01573963268,0.00659204185,-0.02971150792,0.02045060579,0.01895542212,-0.01530190801,-0.003687605346,0.01879680198,-0.006916600376,-0.001629341351,0.0004742618735,-0.002194811134,-0.007195567609,0.001537808836,-0.002631219791,-0.01541392253,-0.00671628491,-0.007494287045,0.0180279267,0.01786876187,-0.01810676645,-0.008594662584,-0.001251953779,-0.02993469258,0.009529947815,-0.009364824023,0.01802822338,0.009229089185,-0.02380956691,-0.02240803363,-0.009630611588,-0.02131626902
2012-06-30,-0.001610494816,0.0002518791483,0.0001313748601,0.005964431963,0.001891480166,0.0005894915865,-0.0009858794555,0.0002234748175,0.003706364067,-0.00440225427,0.007104930164,-0.0008474055718,0.001792427513,0.00709844025,0.007828988251,3.703419304e-05,0.00279684126,0.0009214665984,0.001222365731,0.0001793559077,0.0002642848196,-0.001586387302,0.0006014501484,0.0004473824429,0.001176969177,0.001238933603,0.002013779979,0.001889718927,0.001493587189,0.0009988488734,0.007638649843,0.007355421996,0.001360474186,0.0066285498,0.006135218504,0.008058202746,0.006847542948,0.002771379103,-0.0001975183902,0.0007079324757,0.001205700256,0.002245371588,-0.00411542413,0.0007362171917,-0.0004540937857,-0.001142523939,0.007667567985,0.002672826231,0.009093399885,0.003704508029,0.004360144496,0.00580910182,0.00424968242,-0.005107559027,0.001046201754,0.001517667421,0.004928049844,0.004278118629,0.00476057139,0.007207779234,0.002990703859,-0.001234817598,-0.001284370093,0.001441430663,-0.002048089451,-0.0009845806267,0.003244168702,-0.004122450552,0.001783206147,0.0006499235118,-0.0002512451485,0.005229616152,0.005186151725,0.004835735831,-6.609840173e-05,-0.004498510932,-0.005912483326,-0.003392701854,0.008937213936,-0.006938223666,-0.006516289803,-0.004850213735,0.004075535137,-0.002530150333,-8.568090077e-05,-0.002134183075,0.0006073853467,0.001226035679,0.001716685475,-0.0006481228195,-0.0009134462637,0.005724801074,0.002559907437,0.002290768798,-0.008604893207,-0.00837468744,-0.009008435628,0.004247485308,0.0008583649982,0.009145969852,-0.00134708371,0.00496406782,-0.0049203444,-0.001889944351,0.008130980531,0.006939652639,0.002485857902,0.007849965442
2012-07-31,-0.002256067698,-0.0008053913162,-0.001817606302,0.003450962811,0.0006999979682,0.001624170759,0.002096815427,0.0009949746448,0.003228134118,-0.001722708424,0.005671728989,0.001299721269,0.002632010579,0.007854352378,0.005558684687,0.0001815973537,0.002803572496,-0.0001432389168,0.002170932028,-0.001984976807,-0.002532627309,-0.001744338634,0.0006045718028,-0.001042457586,0.0001915626892,0.003850303114,0.002213016914,0.001816733678,0.002212106136,0.0001531066291,0.005064751735,0.005534713375,0.00146039809,0.007465051523,0.006379360829,0.005350049957,0.008150522171,-0.00348860106,0.0006608530752,0.001157879707,0.0007911709517,0.001847746565,0.0001542146825,0.005266164406,0.002217954762,0.0008237943657,0.00505576769,-0.003417023332,0.005965210618,0.003093619654,0.002691273098,0.004514215464,0.005288576573,-0.002980658326,-0.002035274712,0.000107346482,0.003848012711,0.005736624218,0.004386438948,0.004777431608,0.001917859717,-0.001730108634,-0.001678244992,0.0008990090913,-0.0002081239962,0.002577578759,0.001587948227,0.007251596038,0.006219403817,0.007636022805,-0.0006088433063,0.003959899283,0.003613347974,0.004138488956,-0.002164610175,-0.001299403407,-0.002579328012,-0.001522883914,0.005717942141,-0.003521210315,-0.004643406855,-0.005744469007,-0.002098159134,-0.0009949514385,0.002021013363,0.001310629948,-0.0002705271122,-0.0009404858644,0.00100311131,0.0006566962864,0.002483974868,0.004643887973,0.003611059836,0.003399604989,0.004446034163,-0.003880092653,-0.005569204146,-0.002895476715,0.003793171477,0.006157844328,-0.001985995623,0.0031950191,-0.004062525284,-7.241776726e-05,0.00432359728,0.004715885807,0.001342451026,0.005607133128
2012-08-31,-0.0007349832512,0.001507251614,0.0007371523273,0.001118866632,-0.002788438786,-0.003008139056,-0.003829592389,-0.001313855524,0.000131661075,-0.002242742944,0.00444086207,0.003263891,-0.005648956166,-0.0005554355803,0.003711279827,-0.00310956009,-0.001671636459,-0.001961791864,-0.001736867661,-0.0002237944565,0.0008555299504,-4.846834657e-05,0.0008859065005,0.0001305179109,0.001429121415,-0.0002134085163,-0.001495944448,-0.002694914635,-0.00079863719,-0.001502295259,0.0038214565,0.0032386057,4.88295644e-05,8.213722908e-05,0.00051400987,0.003718634611,0.0003033489501,0.00257668244,-0.0009707797993,6.236524737e-05,-0.004052777188,-0.0008317724456,-0.006294992591,-0.005305839834,0.00430214855,0.0002788573438,0.004335404691,0.003288814196,0.005387222831,0.001746148527,0.001535471899,0.00354128592,-0.0003338682713,-0.003328767542,0.0001371032777,-0.0003971722924,0.001536149388,0.0004505174178,0.001688536231,0.005671921793,-0.001280857993,-0.003712939585,0.0003451929945,-0.0001591236645,-0.005411162198,-0.001364645876,-0.005303945526,-0.002441046481,0.003871065864,0.002812043359,-0.0005699945116,0.004221151231,0.004985952061,0.004774571876,-0.0003079836939,-0.002107280088,-0.001041869513,0.0004600100367,0.00505407326,-0.003242601881,-0.003627173396,-0.003823398759,-0.001318690583,-0.002074568339,-8.095654631e-05,0.0009983020721,0.0001382788512,-0.0008077407526,3.857018276e-05,-0.001377445743,-0.0008026877257,0.001385684527,0.0007835114122,0.001346204937,-0.003488752553,-0.002843112928,-0.002851850247,-0.001998963139,-0.002884878591,0.005345256607,-0.0003455797388,0.001864533009,-0.001711339183,-0.0008554525403,0.005215778905,0.004926819681,0.0004136582907,0.004974328592
2012-09-30,0.0002931642006,0.001966174325,0.002464334599,0.006314777325,-0.0007314420749,0.000551220376,-5.805049393e-05,-0.001606381184,0.003941373802,-0.005850871992,0.008971973357,0.002189654376,0.0004423935772,0.009519262442,0.01158452721,-0.001085741325,-0.0005328015095,-0.0002526467871,0.002545685387,-0.0004580848018,1.235160888e-05,-0.001027528451,5.212889922e-05,-0.001190238893,0.0003040525516,0.0008295398497,-0.001554320706,-4.980395422e-05,-0.002137324553,-0.0008893559132,0.0104970791,0.007511190729,0.002028545668,0.009624486779,0.006363222527,0.01139238196,0.009394914814,0.0002344643788,-0.0008739245561,-3.972214581e-05,-0.00106976336,0.0006789392596,-0.006094799438,0.000830975907,0.001673534842,0.0009522218825,0.00669222603,-0.001726655602,0.01057113114,0.006460670632,0.005760064684,0.007998108103,0.005306406816,-0.005552827374,-0.0001882187047,-0.0003360561725,0.007262749472,0.006174950891,0.007761087732,0.009498607915,-0.003350149319,-0.00136913755,-0.002849289403,0.003606520432,-0.003011820012,-0.002523847331,0.0003032184528,-0.0001387588057,-0.005659023325,-0.0001255984116,0.0004736649113,0.009432183064,0.007839673014,0.009079676351,0.002572655053,-0.008161734009,-0.006768067454,-0.003128006547,0.01079691993,-0.00664478965,-0.006055002522,0.003628773733,-0.006648230493,-0.0008316605661,0.003976770319,-0.0007359274279,-0.0001714959683,-0.0005571140682,0.003903546012,-0.004441478051,-0.002509059939,0.008653111294,0.004793262145,0.005116104448,-0.0001244895637,-0.003473677381,0.008793421211,-0.007280122776,0.0003567785351,0.01078685145,2.782430271e-05,0.006975982713,-0.005140927954,-0.0009191873881,0.01098251996,0.01085773368,0.00495632515,0.01026669304
2012-10-31,-0.00126639604,0.001638192971,0.001474907836,0.004501125252,0.001689203323,0.001426131,-0.0004959549975,-0.001590527918,0.003236339462,-0.002427298527,0.008758761888,-0.002829781729,0.001724358802,0.005859442774,0.008231194998,-0.0005080967621,-0.001134474166,0.002046611616,-0.0006956528162,0.0006307828488,0.001214439353,4.044892773e-05,0.001728491419,0.00244981154,0.001669753506,0.002903599202,0.001458883212,-0.0002025935085,0.00143923731,0.00114588947,0.007109232185,0.003133084456,0.004377930584,0.006569943547,0.003434723135,0.00816554262,0.006322448117,0.001432849831,-0.0003508775549,-0.0007838449649,-0.0008382723628,0.001276451499,-0.004555134991,0.000433122538,0.0005503773158,-0.001223275269,0.00293450636,-0.003459932874,0.00951221952,0.006694557586,0.004230603841,0.007652667308,0.0008644971864,-0.006131503016,-0.001377566103,0.0004142673713,0.006534201554,0.004057816008,0.007023832297,0.00980445718,-0.002217665082,0.0003897324658,-0.0001855555038,0.003203367455,-0.001303118189,-0.002782844299,-0.001461933394,-0.002778398649,0.000149628172,0.001061682334,-0.001253700613,0.00807412256,0.008023397971,0.008438953718,0.001306926478,-0.004934683702,-0.006232444026,-0.003219727142,0.00933172581,-0.0003579393061,0.00116907494,0.003384041107,-0.003633194159,-5.344314906e-06,0.002551607377,0.00168385174,-0.0003207675883,-0.0009837698676,0.003369329424,-0.003100636692,-0.0009090094887,0.00711950136,0.004577729393,0.004487367693,0.00323410271,0.001992344073,0.005667464278,-0.006712108756,0.002514996254,0.009592298937,-0.0009395477888,0.007229641161,-0.003999589491,0.0006176752512,0.008080488578,0.008765466218,0.004663704308,0.009640137703
2012-11-30,0.003846398762,-0.001914105485,-0.002106930033,-0.003716585462,-6.466182337e-06,-0.001766702366,0.00113089035,-0.004380453734,-0.008065254296,0.005554046175,-0.007121140983,-0.003542229268,0.002237921472,-0.005648596713,-0.008156461285,-0.003825499329,-0.00446719412,-0.002129898744,-0.002446161094,-0.001503508476,-0.003961763654,-0.001396099796,-0.003753833106,-0.003601006903,-0.001030562172,-1.854331253e-05,-0.004297580611,-0.001101927088,-0.004785349396,-0.001466011954,-0.007928593382,-0.0002094747308,-0.005608744749,-0.009114340666,-0.003779418067,-0.008296136423,-0.006620983551,0.002108749222,0.001000743573,0.001860448387,-0.001732680373,0.0004149260897,0.004023284785,-0.001508858677,0.001263405347,-7.756830099e-06,0.001313405717,0.003795368695,-0.008282192011,-0.006488742452,-0.002243932738,-0.005715907016,-0.004557642507,0.002481243907,-0.0001469017631,-0.002479111046,-0.005338875406,-0.005827066486,-0.006386475903,-0.007473918698,0.005768418961,0.001394537595,0.002021833045,-0.002612114871,0.008232491501,0.005950930874,-8.518982812e-05,-6.291323788e-05,-0.001530734041,0.001047469101,0.001101738762,-0.005687822175,-0.006424477993,-0.007378247863,0.0001842010706,0.005997717784,0.006592653489,0.002095299787,-0.008226150345,0.003273611168,0.001954697701,-0.002461940404,-0.0005127007405,-7.255802749e-05,-0.004713826705,-0.0006904881444,0.000889030382,-0.0006339083002,-0.002774583013,-0.001683947931,-0.003268909138,-0.004999912214,-0.003784591795,-0.003629759137,-0.005627253839,-0.004604708463,-0.00639114723,-0.004617161235,-0.002031509812,-0.007985966997,0.001400884677,-0.006681053042,0.005355776859,0.001577903896,-0.007360021359,-0.006860691217,-0.004642256844,-0.00948886369
2012-12-31,-0.004238141327,0.001501048803,0.001074184043,0.005641210812,-0.002027223509,-0.0002920816741,0.001225901744,-0.005289765557,0.003381411591,-0.002038882456,0.007672828774,0.0006797807455,0.0003880937114,0.008752827341,0.008249627923,-0.00440685,-0.003890641831,-0.004090096284,0.001207469803,-0.005631309169,0.004264111657,0.001554328313,0.003391143096,0.001692733967,0.0006123716213,0.001996210149,-0.005348323816,-0.002407148583,-0.006166910829,-0.002160291515,0.00871294249,0.006156790688,0.001357311991,0.009589835829,0.007405520974,0.008437551257,0.008622982462,0.0004861977116,-0.002002566562,-0.002073341349,0.002158661932,-0.0009572853177,-0.002157805865,0.003219667479,0.002989766197,0.0001012421125,0.005095737839,0.0006911422501,0.007286713055,0.005197446872,0.004705688257,0.004497603843,0.00312749115,-0.0006835441613,0.0001004532568,0.001471546572,0.006376790576,0.004801206993,0.006761753858,0.01038259762,-0.002052475947,0.0003532812417,0.001608932462,0.004808636838,0.001468224363,0.003988442711,0.007446843885,0.007901103784,0.005552819623,0.006746938301,-0.002096003019,0.007141529529,0.007057173827,0.007437762676,0.0004600340086,-0.007572873049,-0.0072041594,-0.003855377901,0.007256369382,0.002413794812,0.0006165986555,0.00385639021,0.004817527207,-0.0009270016627,0.001999485958,-0.0006237694905,-0.001473222314,0.0004989006934,0.004870702274,-0.0003939479937,3.788405804e-05,0.007851057243,0.002552202669,0.002715804049,-0.005532605573,0.003204065594,0.005539341758,0.005162333878,0.001525044653,0.007832744587,-0.0009688007751,0.00437465731,-0.006907276192,-0.003607631465,0.01035554513,0.009703743248,0.003618390116,0.007628840714
2013-01-31,0.001495979085,0.004968423095,0.005855237465,0.001011243007,-0.001574355489,-0.003209078143,-0.004178938557,-0.00251223723,0.004624420348,-0.003475099349,0.008138191008,0.001004911944,-0.003988629343,0.00429911362,0.009627653214,-0.005861647278,-0.004728199411,-0.0008416868196,-0.00434823713,-0.001879650764,0.002656400089,-0.001883928353,0.0005104354849,0.0009282378212,-0.001552226015,0.0007251871393,-0.005140006726,-0.005612891611,-0.004331675455,-0.003142927669,0.008026601956,0.004858322415,0.002484211176,0.006140622166,0.002989841994,0.009346800047,0.004908300065,0.001989624613,-0.0008990748693,-0.0008977137167,-0.002728921456,-0.001594905183,-0.006608243563,-0.004712615967,0.001287034618,-0.0002942242841,0.002896241436,0.0005024664865,0.008695187924,0.004793485029,0.001653751859,0.004745700734,0.001024057219,-0.002662755671,-0.004468551163,5.302747557e-05,0.005715223428,0.004490684515,0.005639005317,0.008978284975,-0.0001604107934,0.00175751795,-0.0001105411164,0.003641626158,0.005809442714,0.000790237024,7.832050481e-05,0.005558062441,0.004806906125,0.006519210169,-0.0007433359931,0.007919336204,0.007896179428,0.008501868238,0.004456278992,-0.006549396969,-0.006563546075,-0.002592766086,0.008860390739,0.001015774303,0.0001026164855,0.0002600839266,0.001511519372,-0.003993356064,0.004437297143,0.003729052476,-0.002295840513,-0.002703991523,0.003809504815,-0.002184295971,0.00028891826,0.005417149581,0.004172863548,0.004108198179,0.002593473914,0.002000542674,-0.003910804447,0.004155602637,-0.00316140155,0.009516296526,-0.001127400306,0.003267295857,-0.005660956674,-0.003428029458,0.008289046845,0.00856389876,0.006194089382,0.006800758047
2013-02-28,0.001601673457,-9.506816187e-05,-0.0002340226872,-0.0006994804046,-0.001540506032,0.0006471610632,3.545189573e-05,-0.003094646087,-0.001138960096,0.001155972442,-0.002126471929,0.0009848694946,-0.0002692349223,-9.520969957e-05,-0.001803310492,0.0002111009677,-0.001205438984,0.001564919872,0.0002064946811,0.001428192604,0.001063792058,0.0007641620658,-0.001140602829,-0.0006024262276,-0.0003939729013,-0.0001247538845,-0.0007918126619,-0.0006765447596,-0.001491551536,0.000890898625,-0.001621573988,-0.0004410350502,0.001086837438,-0.0003850493766,-0.002806268213,-0.001807663529,-0.0004766666998,-0.000983867506,-7.897721367e-05,5.553659939e-05,0.001567678885,-5.579349881e-05,0.002836672303,0.00105196914,-0.0004693285107,-0.0009982032088,0.0006256846016,0.0004201760229,-0.003770820915,-0.0001237668908,-0.001024877798,0.0005784928597,-0.00137502268,-0.000727728172,-0.001259988358,-0.0007684514075,-0.001412902356,-0.001271384521,-0.001101871978,-0.001045289666,0.001805914651,0.000510813278,0.0003712355858,-0.001148177142,0.004531425035,0.004940130298,0.001342900211,0.00249019498,0.001203733235,-0.002659262348,0.0007784629664,-0.0005542810084,-0.000123051013,-0.0002899993181,0.0004568147601,0.00169587078,0.001423958705,0.002832979087,-0.003825663463,0.0008888859243,0.002633027883,-0.0003278716093,-0.0001077410305,-0.0001221157849,-1.170405073e-05,0.0006446400594,-0.0002297032745,-0.001810019295,-0.001210918329,-0.0003881588274,-0.0004504859342,-0.001318762018,-0.001159309522,-0.001514381327,-0.00204134328,0.0004561582567,0.000350848756,-0.0001580785345,-0.0002234148188,-0.003123685721,0.002313643264,0.0003964432879,0.002156783342,0.001599588674,-0.001465194975,-0.001403515345,-0.0003018990857,-0.0007967244372
2013-03-31,0.0002701296304,-0.001192412493,-0.0006838319089,-0.0001934969741,-0.001223180887,-0.001273145895,0.0001390996064,-0.002831444463,-0.0007856583122,0.0008270990866,-0.001210760684,0.001287913229,-0.001010215874,-0.0004845366414,0.0002175157998,-0.0002809690458,-0.001257475226,0.0008779395416,-0.001237539185,0.0008627756586,-0.0006760843119,0.0001090729896,-0.0006024121878,-0.0008711107863,-0.0002744815527,-0.0006078072666,-0.002424325689,-0.001192390871,-0.002352025384,-0.001430930799,-0.0001075233776,0.003014239622,-8.433099776e-05,-0.0002070762458,0.0005689549411,0.0003010382254,-7.917633212e-05,-0.0004917126859,0.0008702949109,0.001620336572,-0.0004701915534,-0.0001640051683,0.001235576962,2.115639556e-05,0.001993014216,-0.001786958066,0.002722034639,0.001385012901,-0.000259933535,0.002034741802,0.0008939176613,0.001337143284,-7.097663215e-05,-0.002192453861,0.001325608857,-0.001487214489,-0.0007117974906,7.297191202e-05,-0.0008994828086,0.0004895774624,-0.0001378150032,0.0002664644551,-8.103782448e-07,-0.001208161003,-0.007559729903,-0.006345167999,-0.006773442765,-0.004119770982,-0.00463024916,0.007164983998,0.0009277464323,0.0002366880125,0.0007843500963,0.0007177499514,0.0007129888811,-0.0009728943312,4.802218875e-05,-0.0009043546476,-0.0002821949289,-0.0003375467571,9.541105102e-05,-0.00108279989,-0.0005478180806,-0.001834659618,-0.0009860048653,-0.000627468185,-0.0001840421405,0.0008486743539,-0.001335225899,-0.002419813749,-0.002903584133,-0.0006103941898,-0.0001238638777,-8.073643975e-05,-0.0004498003303,-0.002384642434,-0.0009333448603,-0.001546995535,-0.002066680048,0.0001073646625,0.001941045217,0.001964083811,0.002752698194,0.002225219944,0.001263878088,-1.667608489e-05,0.001043063361,0.0004135767595
2013-04-30,-0.0004351515909,-0.0009196322852,-0.0008325005669,0.0005022066822,-0.001441334376,-0.001049513846,0.002006110165,-0.00122693721,0.001057483793,0.001741224983,0.0002702873119,-0.002381434142,0.0008301427215,0.001683942456,6.591262545e-05,0.001146325006,-0.0005281175387,0.000124943215,0.0007901422557,0.001214178967,-0.0005255971722,0.002134156429,0.000874772044,-0.0004179905292,0.0008103187234,0.0002455934027,0.001385099569,0.001828247778,-3.613129358e-06,0.0002085898779,0.000516131727,0.0002791705878,-0.0005306143268,0.001665798809,0.001766872873,0.0003759265475,0.001627647251,-0.001382744594,4.177075881e-05,0.0001017306781,0.001308591429,0.0005312388501,0.001585302644,0.00260406245,0.001080048712,0.0001344416112,-0.0004831243143,-0.001577373296,-7.416777415e-05,0.0006422387311,0.001190237283,3.606089051e-05,0.0006394494445,-0.0007912122955,4.290964176e-06,8.515344044e-05,0.0003809198449,0.0001885016366,0.0003693411688,-0.0001609861935,0.0005496439651,-0.001023022226,-0.001235705248,-0.00110305005,-0.001187062676,0.0006681416236,0.001964233159,-0.0009440368372,0.002086966504,-6.256276224e-05,-0.0002392274305,0.0007854414955,0.0008765794874,0.0004469766994,-0.0006921225567,0.0004000106364,0.0006929814971,5.722191519e-05,-9.607487708e-05,0.0005875492012,0.0006001539081,-0.001683974336,-0.001484087553,-0.0007834469328,-0.0006331233221,-0.001530493695,0.0001286388935,-0.0004211865453,-0.00069156678,-0.0001661726555,0.0001320646001,0.0007633276535,0.0003394073103,7.950741532e-05,-0.0007834640311,0.0005970012026,-6.481776004e-05,0.0001161808543,0.00200564372,-0.0003100386934,0.0007522227121,0.000660519097,0.001401901221,0.0017584559,-0.0002803479694,0.0003038880212,-0.0004190865791,-0.0006413097953
2013-05-31,0.0008479706935,0.002534807376,0.002796375729,0.004276551209,0.0005770393219,0.0006331159374,-0.005446180022,0.0008242725345,0.004815644052,-0.002571910034,0.006616260947,0.005361584111,-0.002724141627,0.003740563519,0.008470462081,0.002984696071,0.001992753319,0.002403414618,-0.001360406347,-4.265449488e-05,0.002470781313,-2.990364144e-05,-0.001302052418,-0.0002624427539,0.0009949259765,0.0003957059117,0.0002110286168,-0.001212479307,0.002343206176,-2.019541627e-05,0.008379920274,0.004106591175,4.349265324e-05,0.004700458458,0.001817438112,0.008352140724,0.003715534388,0.001673776366,-0.0007556815305,-0.001242193878,-0.004631387089,-0.0006422699436,-0.00807948916,-0.005694003638,0.002673124501,0.001538429762,0.00357879051,0.002709587477,0.009084904576,0.006214260081,0.003647646932,0.007492011625,0.0005802611552,-0.002321372173,-0.002142316736,0.0001672563566,0.00541891131,0.002816819024,0.005190892485,0.008422529169,0.001897555378,0.001539954026,0.00430795916,0.003558828258,-0.002428069657,-0.002355983855,-0.002461703021,-0.0005481191227,-0.001283806302,0.002486716376,-0.001147927803,0.007732850552,0.007966694494,0.008276428655,0.003546068723,-0.004846981088,-0.004874622279,-0.002266167086,0.008993382343,5.41887609e-05,-0.003407342834,-0.001267677621,0.003043392135,0.005899579245,0.003687881423,0.001927163919,-0.0006984307988,-0.001645972633,0.003616987137,-0.001215774072,0.0002343812817,0.005689958006,0.005510472722,0.005669030791,-0.002743932019,-0.001804189871,-0.006166411593,-0.003981076714,-0.0030569522,0.009349470317,-0.0006235827165,0.006172638555,-0.003779670732,-0.0004017163765,0.007611673347,0.006828490958,0.004691483944,0.008788934351
2013-06-30,0.00252029413,0.0002381851797,0.0007513532301,-0.004449898811,-0.00102292141,-0.0007459043802,-0.001673629756,-0.0038042503,-0.005865803811,0.002207938314,-0.003305941668,0.001552263539,0.001002352028,-0.00470955685,-0.005361224146,0.001231566745,0.0005172367704,0.0005028834066,-0.003248653595,0.0001540728373,-0.002609134237,-0.001026478549,-0.0009889142156,-0.001502930362,-0.002072563914,-0.001272047092,0.002193735402,0.0008466371626,0.001917511472,-4.637015139e-05,-0.005183549391,-2.353320411e-05,0.002361004346,-0.006061406597,-0.004430402688,-0.005864731383,-0.005364259532,0.0009145644609,0.0007179279445,0.0001969601431,0.0007293854136,-0.001228146917,0.002884372187,-0.001422091004,0.001438562388,0.0001934704671,0.0009609526313,0.001357691881,-0.005962334616,-0.00105125558,-0.00443391337,0.0004646928815,-0.00381948734,-0.002819596668,0.0003658340085,-0.000261176743,-0.003657170173,-0.003378960672,-0.004110678533,-0.00569220068,-0.001172614471,-0.002293057024,-0.001903881168,-0.002095480897,0.003506876912,0.002578234607,0.00202386364,-0.001079149957,-0.002302868362,-0.0002103809344,0.0002160653503,-0.005759334296,-0.006322040931,-0.005391322527,0.0003827118529,-0.0002248908736,0.001847897935,0.0002898128036,-0.006032209247,-0.005282224379,-0.004308243778,-0.002258711646,-0.003556637888,-0.004417271388,0.0002870898468,0.002401130228,0.000795691412,0.0006736681196,-0.002468642094,-4.578997175e-05,0.002196074446,-0.00464195596,-0.002616087519,-0.003094932104,-0.003006687645,-0.005711266975,-0.003452812284,-0.004209754722,-0.002848772971,-0.005662313482,0.003309996314,0.0003664236459,0.006459942899,0.00431436442,-0.005084184956,-0.005334653631,-0.001358008468,-0.002000362018
2013-07-31,-0.002556217811,0.0002361705327,8.989141429e-05,0.003109237983,0.002020941779,0.001430219144,-0.002457263217,0.001096362364,0.008894942794,-0.002448029189,0.00703947671,-0.0007626071246,0.0003832452208,0.009972432013,0.009517226451,0.000881811142,0.0004837255527,0.0009447637767,0.00143312407,-0.002109807411,0.003543168697,0.003090447403,0.0009368168032,0.001585282643,0.001601247056,-0.004882976298,0.001613845073,0.002173139963,0.002166558125,0.0009390341006,0.009452474208,-0.001302817121,0.003948030465,0.008822377898,0.00476196048,0.009725957451,0.01046050589,-0.001154104349,0.0007368600166,0.0009695501911,0.002126858947,-0.0004459657002,-0.003558583619,0.00414954679,0.002455304886,-0.005294522661,-0.002481219957,0.0004147895057,0.01043532519,0.003985094971,0.002598609273,0.005883529638,0.00667051628,-0.002576062206,0.0004250113791,-0.001494774223,0.005213051003,0.007016169252,0.00603001696,0.007632226271,0.001250795841,0.002069969519,0.003139175109,0.001736269419,-0.0006962019515,0.003568961566,0.004243109588,0.005517641924,0.005124241871,0.005663267506,-0.001033002542,0.005991172873,0.00630348972,0.006896196891,0.000612473348,-0.002840273839,-0.00346429337,-0.001868953709,0.01046066745,0.005884548249,0.003837294958,0.003007923313,0.002853060395,0.004379232623,0.00301780516,0.0005916937663,0.0005825496388,0.001078769854,0.002559154392,0.001160531864,-0.003641326597,0.007240466157,0.001599195845,0.0008496784645,-0.006072085931,0.00530546349,0.004144514626,0.0007719501214,0.0008858327433,0.01022113216,-0.000959083627,0.00586457421,-0.004936580753,-0.0009840941117,0.008516722302,0.007255693849,0.002302947782,0.008460835151
2013-08-31,0.001176195578,0.000602816109,0.0004266526633,-0.000194325255,0.0006512345131,0.0005953934583,0.001732497862,-0.001535611653,0.00140376479,-2.865718324e-06,0.001512538957,-0.0009354905798,0.0005785316487,0.001059452152,0.001205581651,-0.00167518656,0.001170027463,-0.00158013804,-0.0007549512752,-0.003070863461,-0.0006417209021,0.0004106671118,5.727981321e-05,1.316204125e-05,-0.0004866315174,0.00147373274,0.0003833549395,-0.0005935461524,0.0004944104164,-0.002097404444,0.0007095015481,-0.001591253407,-0.002027397451,0.0009769948416,-0.0006078041688,0.0008522621124,0.001346641455,0.0006630743085,0.001271138881,0.001420107622,-0.002539838051,0.002247079399,-0.001237165061,-0.001043380452,0.001203560249,-0.0004993285517,-0.001733698167,-0.002066773838,-0.0008731734932,0.002827307053,0.0004390366264,0.003695593886,0.0002633611362,0.0001663317252,0.001570141131,0.0010511446,-2.502513716e-05,-0.0006436731233,-0.0003755111026,-0.000375668498,0.002781314219,0.001885002469,0.0025382264,0.0005676911198,-0.001179267508,-0.003262977678,-0.005816933508,-0.002107853617,8.678987204e-05,0.0004526051478,-0.0007249277489,-0.0002327394203,-0.0005706107761,-0.0006654890114,0.00147039225,7.601011322e-05,0.0004431439113,4.289571383e-05,-0.0008577794487,0.001555307476,-0.0006823675802,0.001725438374,0.001925270259,0.001274415579,-0.0004908192341,-0.000808361688,0.001250888193,0.001262105143,0.0004088310846,-0.001800589619,0.0005830681013,-0.000153423424,0.0004665849203,0.0005490809811,-0.001513045281,-0.0012927752,-0.001664984517,-0.002440223665,3.862993121e-05,-0.001183014251,0.003248455321,0.002793700828,0.004580705264,0.005704364044,-0.0002281770532,-0.0008255725845,0.000551408505,0.002083500468
2013-09-30,0.001322670218,-0.001346528567,-0.0009907920732,-0.002233796052,-0.002192956138,-0.001581397079,0.00106301853,-0.00216769315,-0.003454426956,0.0041441,-0.002256913155,0.001249128832,0.00141049992,-0.002092354266,-0.004124761574,0.001090325178,0.001637435339,-0.0006352879106,0.0001839121539,-0.0008977493954,0.0002087999255,-1.557090819e-05,0.0008495681506,0.0008313497961,-0.0004218392061,-0.00138307765,0.00114865007,-1.120815495e-05,0.001371282084,1.738213674e-06,-0.003750596084,-0.002894952422,0.0008048686462,-0.004030554777,-0.003375686229,-0.003969574902,-0.003035558128,0.002476919334,-0.001563418084,-0.0003967840255,0.003683742468,0.0004483075449,0.003909300491,0.0009385754019,0.002856797114,-0.00081670157,-0.002014023385,-0.002980946864,-0.004778537897,-0.003008810284,-0.002703057981,-0.002556634138,-0.001468635468,-3.814055835e-05,0.0001428136166,-0.0002114789003,-0.00230505294,-0.003892687574,-0.002641924894,-0.003643538942,0.000544415925,-0.001968575066,-0.001161263238,0.0007332775529,0.0004018779272,0.0002606449837,0.003069376301,-0.0002541374086,0.0009354398117,0.00127832198,0.0006412037109,-0.00301638745,-0.002829695509,-0.004523306278,-0.0005588276512,0.001942911739,0.002116254076,0.002793728276,-0.004774687374,-0.002570355422,-0.001515174707,-0.0008054240671,-0.002237231731,-0.001215071421,-0.00126201097,0.001662986147,-0.001216889849,4.239588229e-05,0.0006236928338,0.0004489123517,0.0007731705092,-0.002327188247,-0.0005882574835,-0.0008552554071,0.0002996664978,-0.00336996285,0.001656758921,-0.001192933718,-0.0007618197737,-0.00455184446,0.0005891080126,-0.001772278574,0.003096402751,0.001631755829,-0.003990890497,-0.003545695057,-0.001165592237,-0.003718074845
2013-10-31,-0.003826232768,-0.000919772417,-0.0008807794813,0.004647552441,-0.0001448913177,0.001477909408,-0.0002032668312,0.001352496628,0.004837813879,-0.001003313911,0.003075935114,-0.0007952461419,0.0007258395319,0.004754731727,0.006424265527,4.233469944e-06,0.003358062676,0.001712806071,0.001829076693,0.00123948659,-0.0002075524497,0.002002798996,-0.001552151325,-0.0009334309566,0.0005605482556,-0.0002317338228,0.000834075118,-0.0001188739618,0.00112527874,-0.0002885388577,0.00479632281,-0.001783861223,0.0001956528628,0.005106471428,0.003414190666,0.00611897624,0.005505282491,0.0008027928211,-0.0003556601088,-0.0006317764801,-0.0002450199146,0.001347334741,-0.00307092783,0.0006964199878,0.002058876511,-0.003613657924,-0.003515481965,0.00370640556,0.007858225538,0.0004844016803,0.004820718338,0.001878660833,0.004379083804,-0.00411921334,2.037234861e-05,-0.0002709467399,0.003129270516,0.00451684905,0.00409200079,0.003906825625,0.00204386098,-0.001128252873,0.0005972653869,0.0009711627194,-0.0004230112797,9.860222891e-05,0.001851026271,0.0006539636947,-0.003796403881,-0.0023936354,-0.0009503048342,0.003195067419,0.003061414685,0.003913723049,-0.0002789965871,-3.841435258e-05,-0.0009352594541,-0.001791682049,0.007795475997,0.0009481931438,0.001714049417,0.000647297383,-0.0003338352578,0.0006702244915,-0.000529794327,-0.002517446547,0.0004154027302,-0.0003047662373,0.0008240928489,-0.001940309647,-0.0007467740535,0.004899844727,0.002024373697,0.002220144842,-0.002403689332,-0.0006515300539,0.003519201897,-0.001626774483,0.001319760141,0.007761104353,-0.002423479868,0.0016158988,-0.003640496834,-0.001477187767,0.004999185357,0.005075089436,0.001383542496,0.004264596918
2013-11-30,0.00064340996,0.003174821373,0.002816427356,0.004617654074,0.001061098082,-0.001327570433,-0.003625833967,0.001382920456,0.004043329568,-0.001792765525,0.002587685474,0.0002118893841,-0.003372385865,0.001379863406,0.004455653964,-0.0007235363102,-0.0009774308885,-0.0002641058552,0.0002875181043,-0.001139675632,0.003135792517,-0.0003883307973,-0.001228249282,-0.001226038421,-0.0003000193811,-0.0002290944865,-0.001985103493,-0.002011535628,0.0005924985009,0.0006085721419,0.004105222183,0.001337875375,0.0009095132203,0.002177249011,0.0009607747239,0.003706341239,0.002133446408,-0.001106395282,0.0002512987868,-0.001449110306,-0.001460035284,-0.0002814222147,-0.00346221946,-0.0005091992,0.0006219252371,-0.0007322321952,0.001781414332,0.002348071289,0.003476280489,0.00277313766,0.003521890368,0.00371944658,0.003163937177,4.860513137e-05,-0.0004300184285,-0.0009833137151,0.005123749505,0.001549817414,0.005227051109,0.006425907722,0.001534202893,0.000492290162,0.002046044223,0.003691806432,-0.007683164643,-0.007637427824,-0.009361791489,-0.006285860774,0.002062057046,0.009293483944,0.002086741245,0.007309114437,0.007259311296,0.006956582121,0.002135248358,0.0008081622938,-0.003176041116,-0.001839248053,0.003620681567,0.001790115793,0.0003610725669,-0.001081036608,0.001552538112,0.0006493922775,0.004188937665,0.002782762355,-0.0008718894526,0.0001149096295,0.003919864544,-0.002514164544,-0.0002949704923,0.005629357601,0.002287149894,0.003316182591,-3.186251535e-06,-0.001114670979,-0.003585073914,-0.002463380904,-0.002174047747,0.003362704624,0.001809256463,0.002925991764,-0.001525976337,-0.0004677238522,0.006255708608,0.005361156819,0.003692897513,0.005675614496
2013-12-31,-0.00584648782,0.002962291889,0.00322276463,0.006754097035,0.003913484104,0.003861458072,0.002379425722,0.005598362858,0.01010522839,-0.00340483913,0.007450604192,0.0001581370732,0.002827916056,0.009960637426,0.01063050237,-0.001592190407,-0.001664510433,0.0003672466617,0.003727962538,0.001461471817,-0.0007287970011,0.00284118408,-0.001277319758,-0.0004616001798,0.0006274301558,0.005359770749,-5.276070377e-05,0.0005810980394,0.0004578988209,0.002167580192,0.009394399429,0.002406614559,-0.0008412616233,0.01142761631,0.00930027497,0.01096446431,0.009816737082,-0.0008957867046,0.004494548509,0.005315100504,-0.002272321109,0.00245019766,-0.007224254183,0.001234909207,-0.0001337341785,-0.005261994936,0.001421481733,0.003061172021,0.01275186752,0.008290989696,0.004250689897,0.007581193341,0.008930954526,-0.002086586867,-0.001428076094,-0.0006157889724,0.00750212916,0.009583142354,0.008641634674,0.008744734495,0.004705085272,-0.0004386954806,0.004985470505,0.003387301716,-0.002581081631,-0.002850888609,-0.002751771286,-0.001042066444,0.001733852903,-0.00102046984,-0.002649202059,0.007387591524,0.006732948953,0.008544451401,0.0001694957171,0.001309878645,-0.004833608304,-0.006017844886,0.01277302335,0.003325872814,0.002214228868,-3.429874316e-05,0.002737193252,0.002925333537,0.0047534096,-0.0007447174594,-0.0001058015346,-0.001423666809,0.003894932353,-0.005541288308,-0.004790091709,0.008974882324,0.004172690593,0.004694027543,0.001715983794,0.0003724737499,0.0009234632889,-0.004201036137,0.001563136303,0.01336238537,0.001874548735,0.008342410021,-0.001873226458,0.002054231892,0.009114599662,0.008530048472,0.004956086065,0.01086572296
2014-01-31,0.003604975115,-0.0007304048498,-0.0005180621216,-0.003900116064,-0.003309764861,-0.003851230328,0.002193903462,-0.0001740561848,-0.006631847933,0.007070226734,-0.004827117591,0.001932435151,0.001103630596,-0.007503441787,-0.009344339132,-0.001396241059,-0.002255636109,-0.005645368153,-0.003561835682,-0.005500864096,-0.00468129509,-0.0008612407442,0.0005539577724,-0.0002915560296,-0.001354275392,0.0008433009832,0.0003041065047,-0.002557273592,0.0005614567756,-0.00429438358,-0.007638607156,-0.005427280837,-0.002185239598,-0.008178815833,-0.001108718467,-0.009252125864,-0.00705797534,0.001235677435,-0.0008000071878,-0.001633423769,0.003920873917,-0.001913724769,0.006917785352,-0.0001913255155,0.003131383528,0.0008110386016,-0.00560573577,-0.004472816894,-0.01227691317,-0.00151519051,-0.00223944222,-0.002878734718,-0.005058753907,0.0009478790271,0.001049028058,-0.0008207797354,-0.004744811748,-0.003624685611,-0.005638856458,-0.005662597204,-0.001036722199,-0.001996886028,-0.002351081541,-0.001862012997,0.003428229973,0.002516032048,0.0002114904331,0.002649519363,-0.000542630208,0.0009337219033,-0.002100862431,-0.006648971692,-0.006842144039,-0.007761619345,0.0004847265306,-0.001967238235,0.003357966191,0.004082586819,-0.01238496205,-0.00328054498,0.0007717069831,-0.007781873928,-0.005709047438,-0.006639609343,-0.001747559391,-0.0007472357723,0.0008773575523,0.0001831265574,-0.001848590883,-0.003979419146,-0.003851216827,-0.005566641003,-0.003623128323,-0.003306355713,-0.008177138238,-0.003689582909,-0.009523238289,-0.008758853049,-0.001295274735,-0.01128691605,0.001269632239,-0.005263565984,0.005129182515,0.003249201893,-0.006528194115,-0.005171426585,-0.002444163357,-0.008568800242
2014-02-28,-0.003698026301,0.000960648955,0.0009175545815,0.004596081161,0.001440131698,0.003067094893,-0.0003302070512,0.003111816561,0.003916602462,-0.002667786708,0.00437012721,-0.002724263336,0.0001583270579,0.004559453443,0.007213704255,-0.002620466389,0.0005531244953,-0.0007521430416,0.002089876273,-0.002191024807,0.001448861466,7.711978566e-05,-0.001047987853,0.0005739116252,0.0009213879252,-0.0009435525565,0.001765300089,0.002577481463,0.001526811632,0.001868311937,0.004886464418,-0.0007997870069,0.0007634746599,0.004769709263,0.001454699352,0.00691617771,0.004971169454,0.002141204386,0.0003616019621,0.001218377193,-0.001717124785,0.00271088065,-0.004376757396,-0.0002034575232,0.0007233688032,-0.003143346789,-0.001217877548,0.005087196229,0.00921970892,0.002558322217,0.0049568251,0.003585505637,0.00252306283,-0.003598572839,0.0001200697277,-0.001000064217,0.005096790536,0.002222294663,0.005357022383,0.003568554135,0.001733093575,0.001072657178,0.0005185190319,0.00359862887,-0.0008485006519,-0.001800996324,-0.000957906794,-0.003132178635,2.212895344e-06,0.0002718234495,-0.0004573467915,0.00452038739,0.004472362469,0.004615958832,0.001217894957,-0.0005689455473,-0.002409188059,-0.002951255542,0.009253155204,0.0006960527057,-0.00154496252,0.004357641724,0.003192468214,0.003268640061,-0.0003911046601,-0.001838819365,-0.001607745572,0.0001358727419,0.003617616375,-0.0007340884979,-0.0003243996729,0.006176427473,0.00318917374,0.003534662117,-0.005419175777,2.756153609e-05,0.005245141967,0.003882192964,0.001776400194,0.00925068642,-0.001556354085,0.002651258789,-0.004084363754,-0.002265634795,0.005476241911,0.002999359524,0.002481369119,0.00579489682
2014-03-31,-0.0008991480726,0.0006268272901,0.0007513173422,-0.0006452596292,-0.000989265297,0.001128557141,-0.0004055987169,0.002520262389,0.003100852191,-0.001089876992,0.002340498465,0.0009224224419,2.213326068e-05,0.002656576889,0.003429430366,-0.0003937782294,-0.00132876965,-0.0005713853002,0.001512071098,-0.0006820782855,0.000735531724,0.001928506375,-0.0002504241702,0.0005579528382,0.001058172097,-0.0003112266459,-0.0006502158562,-0.0009594873918,-0.0002366288755,-0.0006142556105,0.002553504749,0.0009288891636,-0.0009443460572,0.00279924596,-0.001001395754,0.003381984195,0.002442799223,-0.002419678701,-0.0001452050833,0.0004472527911,-0.002258275867,0.0006324832466,-0.002774144614,-0.001183372487,-0.001004970482,0.002691660239,0.001670112684,-0.0009919771789,0.001726752752,0.003544179232,-0.0002776598204,0.002035304171,0.0003859802361,-0.0004103063871,-0.0005731570331,-0.0008524082969,0.001048913436,-0.0003611512245,0.001331298615,0.001377869234,0.002398488584,0.002024337438,0.0003668339287,0.001140397114,-0.001633897887,-3.154547244e-05,0.0004189971113,0.001400847189,0.0001339445926,0.001053116091,-0.001195849943,0.0008786117603,0.001011911153,0.001062423909,0.0009089684495,0.001646724147,-2.931658256e-05,0.0001963088942,0.001750894352,0.002336924272,0.001364319673,0.002126296039,0.00206958336,0.001950482057,0.0002783298375,0.001884069742,-0.0009205987348,-0.001394445475,0.001387529816,-0.001400169172,-0.001047948363,0.001517581716,0.0005989042716,0.0007578188845,-0.0009354084212,0.001337619624,0.001293469453,0.001004368528,-7.022752817e-05,0.00193172591,0.000713109521,0.003608491687,0.00121436953,0.002279707863,0.001406128133,0.001419697021,0.0008097178809,0.001843708887
2014-04-30,0.001831919924,0.002032444793,0.002021814232,0.002528659011,0.002268804708,-0.001539354039,-0.00222470447,-9.239479819e-05,-0.0007193075081,0.000714852366,-0.0002807627209,-0.001563817775,-0.001956302477,0.0005478043245,0.0004606860415,0.001154654028,0.001902510139,0.002373637991,-0.0009688073279,0.003143073713,-0.0005836456104,-0.001265425592,-0.0008338226873,-0.001422140009,-0.001012756133,0.0001660792468,0.001301489951,0.001770605771,0.00297319196,0.001633063649,0.0005037577626,-0.002329157516,-0.001963409435,-0.0002313987163,0.002352382878,7.184454163e-05,7.723703169e-06,0.001355654599,-0.0004154168395,-0.0006520389847,0.001275677721,-0.00197299494,-0.0004539428127,0.00159925815,0.002325365454,-0.0002433746649,-0.003170396149,0.002218291604,0.001308236696,0.003421654315,0.00276584309,0.001019154203,1.430172578e-05,-0.0001932190065,-0.002204278515,0.0009694449448,0.00296822235,0.002888233784,0.003372443397,0.003213588865,-0.0004224847696,-0.001616904483,0.002424960752,0.002300474792,-0.002323094113,-0.001608576259,-0.002085052135,-0.001461776921,0.0005924334955,0.001588951349,0.003978786471,0.004009205479,0.004361442786,0.004127090592,0.001929530986,-0.001067640247,-0.002170994464,-0.002711748586,0.001363946914,-0.001224428291,-0.001771720238,-0.002068193374,0.002184728177,-0.001083788762,0.002156620829,0.00217590072,0.001757333966,0.0007011685641,0.002254902038,0.001334908437,0.0009027554459,0.0005541380147,-0.000527441662,0.002179890319,0.001184713645,-0.002857348282,-0.004145441093,-0.001557414883,-0.001594893696,0.001385797233,0.001699475589,0.003469606776,-0.002458913032,-0.001033081112,0.003977160227,0.003499994864,0.002343156265,0.001054194954
2014-05-31,0.0003766296909,-0.0008379736594,-0.001224396864,-5.42568737e-05,-0.0004701142736,-0.0005767409402,-0.0003228687967,-0.0001394362607,-0.001311537975,0.001151235339,-0.002451068268,0.0001667552666,6.933372208e-05,-0.002853031464,-0.002580998243,0.0003481929555,0.0003796988266,0.001617505369,0.0001083418512,0.001519410461,-0.001002489947,0.0003326646199,-2.851104637e-05,0.0006896043076,0.0002262505567,-0.001392355424,0.00180486834,0.001490832979,0.00181503181,-0.001318054267,-0.002092990043,-0.002222851768,0.0007829545801,-0.001954868308,-0.001041674767,-0.002549611733,-0.002385285017,0.0004709109932,-0.001863736265,-0.002083012198,0.001736740228,-0.0005709889564,0.002403945139,-1.698190298e-05,0.00107279755,-0.001106047007,-0.002683696202,0.0005310750609,-0.002677015947,-0.000996664001,0.000599683956,-0.001762207484,-0.00105084135,0.0009197557071,0.001223318384,0.0001837100226,-0.001132125789,-0.001222984922,-0.001441694195,-0.002496103583,-0.0006061077089,0.0007639927262,-0.0003127809806,-0.0008981793787,-0.0005779205376,0.0001105799737,-0.0005750457516,0.0003007243051,5.361229015e-05,-0.0007881477922,0.0003539816744,-0.002011622463,-0.00179645601,-0.002182669959,0.0006139465177,-0.000373300911,-0.0009813208959,0.0002208911592,-0.002646625854,-0.00173270213,-0.002007419121,-0.001342502746,-0.0003033895807,-0.0007540619379,-0.002003403974,-0.001885711308,0.0001334117798,0.001371054825,-0.0008737737935,-4.635152992e-05,-8.604995762e-06,-0.00155763322,0.0004606250322,0.0005106407727,-0.0001830248007,-0.002763926742,-0.003090559305,-0.003150501063,0.0003915369532,-0.003034500084,0.0009413529565,-0.002278888073,0.001751317055,0.0008098398375,-0.002951967054,-0.002219101129,-0.0008893303433,-0.0022909906
2014-06-30,-0.001079110628,0.00112862594,0.000918908399,0.002505417565,0.0002726837484,0.0006069509711,-0.001252155315,0.001953871546,0.002366016475,-0.000561421329,0.002840860121,-0.001119956205,-0.001257082477,0.001891901559,0.003129939687,0.001026503344,0.001062009151,-0.0001763604267,0.001010707384,-0.001422584855,0.001594411884,0.000471332595,0.0003121458783,0.0007801733594,0.0008813224441,-0.0001185374205,0.0006502925589,0.0001533619686,0.001022058778,0.001776904153,0.002667035032,0.0001600927862,0.001233305508,0.002448733936,-0.000575810945,0.003308404727,0.002298263289,0.0006019553183,0.00020142581,0.001099692701,-0.002073925316,0.0007287286619,-0.002172705913,-0.0006221985574,0.001069950462,-4.19427606e-05,-1.125633062e-05,0.0004784384176,0.005069976977,0.001482239923,0.002322902117,0.002323316088,0.001053772078,-0.0008928600205,0.0002300239489,-7.77444264e-05,0.003070957809,0.002354968234,0.002923952034,0.00290750087,0.002399592207,0.001589290148,0.001166582025,0.001508302086,0.002206664887,-0.000637399279,0.0006977491995,0.0006328123232,-0.0005756467268,0.001101303043,0.0004589679411,0.003266020281,0.002765258573,0.003114501058,0.000608784916,0.00127679648,0.0003625160515,-0.001818960676,0.005106339012,0.001249003957,2.848126178e-05,0.001544600557,0.0013169007,0.002303582397,0.0003809817047,-0.000610162475,0.000353442529,-5.977489329e-05,0.001684941727,-0.0006873648098,0.0002428608264,0.003058651106,0.00166965328,0.001757927878,-0.0006764664686,0.0005651755861,0.000121313411,0.001160856642,0.000313019436,0.004925209595,-0.0003783548448,0.002563828005,-0.001791822351,-0.000771516981,0.003204203813,0.002671087468,0.001764788291,0.003070468231
2014-07-31,0.002376538054,0.0009216371883,0.0009068144646,-0.001400546815,-0.002090713858,-0.002026949677,0.000188552453,-8.540075063e-05,-0.001058161106,0.00136663233,-0.0022882949,-0.001282332333,0.0003622696688,-0.00246520357,-0.003697606649,-0.001072265854,-0.001528331495,-0.002746845342,-0.001783233103,-0.001162668031,-0.0009559248958,-0.0011068796,0.0003894207399,0.0005494889556,-0.0005573059805,0.0006718953441,-0.0003195688649,-0.0003435395238,-0.0009311892598,-0.001854110183,-0.002358823126,-0.001482374427,-0.002405013422,-0.001539307659,9.836863172e-05,-0.002754105567,-0.002578250875,-0.001137450427,-0.0005517465192,-0.000454220792,0.001406172083,0.0006271811389,0.001202064685,-0.0008077047961,0.001298486592,0.0007058051119,-0.0005617966013,0.0007569336432,-0.004188468932,0.002032611373,-0.0002432104646,0.001035150713,-0.0008577611139,-0.0002059615923,-0.0008552393672,0.0001605697856,-0.001339407717,-0.0008238588607,-0.001708076044,-0.0006829751945,0.0003470658316,0.0008513980355,0.00182383087,-0.0002747389351,0.002406226672,2.594601057e-05,-0.001714854964,0.002545252663,0.0009205946772,-3.825274106e-05,-3.806961308e-05,-0.001212939561,-0.0009909864702,-0.0008855022263,0.001128598642,0.0002444521348,-0.0001023067399,0.001104269674,-0.004168677775,-0.001843747956,-0.003068391265,0.0008250641308,0.0007260445899,-0.0005203569235,-0.0002829915519,0.0006990597172,-0.0002353424993,-0.0001662486069,-0.0002928694718,0.0003790617557,-0.0001809489581,-0.002023822283,0.0004855738265,-1.850168743e-05,-0.001631064721,-0.00244262449,0.0002586185161,-0.0002818460818,-0.001961785872,-0.004199026511,0.003538182142,0.0004361111145,0.003229188326,0.002921200084,-0.0009406780195,-0.0005733668868,-0.0006927887778,-0.0002966001455
2014-08-31,-0.0009339409112,-0.001849222135,-0.002353929855,-0.0001543271571,0.0008640300983,0.000781292558,0.0005759367782,-0.001135604654,-0.004228471767,0.001681493471,-0.002839860527,0.001128297516,-0.0005150210821,-0.002045221917,-0.0033776529,0.0007302125554,0.0006083637022,-0.0001839852718,-0.003715763202,0.000151673601,-0.001129129608,-0.001945165218,-0.002193086708,-0.001845027473,-0.001916293239,-0.0009926870162,0.002762906486,0.002331652147,0.003341075415,-9.395386991e-05,-0.004831910409,-0.0009177456963,0.0007937992911,-0.003084630973,-0.001296058364,-0.003261247711,-0.002518342919,-0.001513620147,-0.0003146827482,-0.0003089412633,0.002986335085,-0.0010636902,0.002312132207,-0.000195131768,0.0009005143575,-0.001859319767,-0.001269066526,-0.0005693240747,-0.003701105824,-0.002982973232,0.0004896425533,-0.003344152899,-0.001810551409,0.001803507125,0.001089535421,0.0006995439882,-0.00267789256,-0.002276160501,-0.002762811697,-0.003393675252,0.002152316296,0.0004385743192,0.001972930521,-0.002129851419,-0.001434152577,-0.001953792116,0.0003653935223,-0.0001133432564,1.091341042e-05,0.000415921024,-0.0008995672489,-0.002981298931,-0.003706360564,-0.00408758539,-0.0008066888832,-0.002477201967,-0.0005543568878,0.0007510755442,-0.003702883237,-0.0002290491836,-0.001017046004,-9.093856319e-05,0.00087172041,0.0007441114466,-0.00414822154,-0.003340443426,-0.0003390376221,0.0007367549554,-0.00214129456,-0.001528944763,-0.0009975878253,-0.002382003614,-0.001898104587,-0.002064303935,-0.001773065949,-0.002914124185,-5.191195962e-05,-0.003409749179,0.001432840104,-0.003524828121,0.001575418364,-0.003481978487,0.002816046414,0.001013117235,-0.002503088473,-0.003088363898,-0.003756037395,-0.004333821905
2014-09-30,0.005329928355,8.689162818e-05,-8.395409926e-05,-0.00493852963,-0.003529136238,-0.004252868467,-0.001840438081,0.002470080429,0.0003658859211,0.001434396053,-0.002237695442,-0.0008274445558,-0.001500996323,-0.003865410905,-0.004129638635,-0.00221099557,-0.00123336206,-0.002661466844,-0.0008246435291,-0.001020376717,-0.0009834570506,-0.0004755202733,0.001590069154,0.00130602912,-0.0007085234195,0.0002503116247,0.001291487625,-2.069724583e-05,0.002026408574,-0.003506484186,-0.0009002106068,-0.0008942309608,-0.002794939603,-0.004089302999,-0.0008410309818,-0.003915816416,-0.005029381848,-0.001502369433,-0.001515051831,-0.001235458993,-0.002338632676,-0.001605180969,-0.0008363165422,-0.003538702651,-5.652839179e-05,0.00378876524,-0.0007732658451,-0.00261975177,-0.005130993519,-0.001991254614,-0.003210147762,-0.002330650872,-0.003301061551,-0.0001686986497,0.0004636204479,-0.0003350330039,-0.004473001672,-0.002753897403,-0.004644769128,-0.002328111383,-0.0002540218628,0.001619805892,0.0008521509631,-0.001752565837,-0.000560908891,-0.002109940122,-0.0002354591563,-0.001526839765,0.0004601318342,0.0001570517543,0.0009672492518,-0.002432249735,-0.002094540464,-0.002272624829,-0.000690667382,-0.0006006624365,-0.0004829223469,-0.0001001745351,-0.004329326819,-0.001842168373,-0.002784078347,0.002700163142,0.0004419298707,-0.0007861131769,-0.0004206502509,0.002161664288,-0.0009748437722,0.0008133700276,-0.002324428155,-7.085488842e-05,-0.001164606481,-0.005322416883,-0.003092169549,-0.003116405516,-0.0001374882662,-0.002750865005,0.002218830359,0.0006059436788,-0.0009544837565,-0.005835811855,0.003660170171,0.0003906680376,0.004582922253,0.003498331017,-0.003062933787,-0.002643241259,-0.002303294468,-0.003377367293
2014-10-31,-0.001317545299,-0.001906981091,-0.001868593789,-0.00212259167,0.0006819604887,0.001696169854,0.0004060471066,-0.001948175135,-0.004011936521,0.0004879336104,-0.00300760211,0.0007727647203,-0.0009645668859,-0.003805094617,-0.00541358693,-0.0001816315944,-0.0006045175303,0.000949637169,-0.0007619191021,0.001174740194,-0.002162836208,-0.002464130956,-0.001520142109,-0.0006760866471,-0.002112969152,0.0006511384459,0.001721400296,0.001564538865,0.001189374307,0.001763586112,-0.007085622455,-0.002437889476,0.001628719249,-0.004365725638,-0.001977166548,-0.004884616701,-0.003835723138,0.0003566602153,-0.00187015352,-0.001824933585,0.004691064295,-0.0005638470652,0.005377368532,0.001568640192,0.0009431180053,-0.0009514676008,-0.0006178956253,7.499978907e-05,-0.002677153963,-0.005363814991,-0.001903933365,-0.004042561759,0.0006609636492,-0.002110487687,0.000683912899,0.001271631755,-0.003766640988,-0.002273368626,-0.003952458238,-0.005547326568,0.002344586945,0.003665953857,0.002736477566,-0.002433865029,-0.0004839816599,0.001546127456,-0.0008388120407,0.001182494956,0.003520342646,0.003930014364,0.0002650461876,-0.007509691823,-0.007021395927,-0.006755170777,-0.00211361387,-0.002501080623,-0.0003768264857,8.384251697e-05,-0.002590575323,0.002282950635,-0.0003329885631,0.003251081857,0.003082893114,0.002822113038,-0.00319380255,-0.0034666635,-0.0004601400482,0.0003756324363,-0.002464249179,-0.001649152097,0.0006203382776,-0.002959590361,-0.00219348546,-0.002897532206,0.0004064760053,0.0008523570226,0.003615290798,0.002881031131,0.000869676589,-0.003463373592,-0.002002898875,-0.004731412527,0.003544016816,0.001452194617,-0.005775166168,-0.005597997206,-0.003059752869,-0.004554920027
2014-11-30,0.00209724842,-0.001790283953,-0.002041345527,-0.005249175513,-0.001448824888,-0.002368728598,-0.002149148205,-0.001492091107,-0.002290735603,0.002636334131,-0.005707403503,0.0006464642449,-0.0001119313157,-0.006282852897,-0.007524652378,-0.001545955601,-0.003089552371,-0.0006035027866,0.0002942265207,0.0008821592462,-0.00335168203,-0.0003620402665,-0.0004660236381,-0.0008575488309,-0.00111905357,-0.0003288653152,0.0002812885824,0.001000130756,-5.568303844e-05,-0.0003642712136,-0.004472136746,-0.002524214153,-0.001626465344,-0.005882766482,-0.002294943885,-0.007089694095,-0.005961636683,-0.0008415659443,-0.003265086813,-0.003414119617,0.001851512466,-0.001674681362,0.003782209646,-0.001327605663,-0.0003087956276,-0.001299343113,0.001284183442,-0.001267058717,-0.009286717247,-0.003448035468,-0.00431482524,-0.003690564355,-0.003249278814,-0.0006896587417,-0.000309447948,0.0003557537798,-0.006030919272,-0.004534031039,-0.006306733168,-0.005673884943,-0.0001220122181,-0.0008348767262,-0.0007936982662,-0.001847198321,0.00237203586,0.001620197807,-0.00139953429,0.002282865697,0.002424491771,0.002004672456,0.0006258742011,-0.006339430083,-0.00609487254,-0.00631205659,-0.001035049893,-0.0007127434609,-0.00075429416,0.00130668872,-0.009124263485,0.001263088959,-0.002514521883,0.004642696087,0.004110863898,0.001360431207,-0.002980472596,8.612006428e-05,-4.866781993e-05,0.0003378311224,-0.002267591321,0.003193690563,0.0002676755508,-0.007226702035,-0.003562414979,-0.003770132113,0.002192355025,0.001498882302,0.006603448105,0.005845500046,-0.0005383514806,-0.009382122753,0.003283195752,-0.003127104217,0.007242597406,0.004373464625,-0.00649227599,-0.006501384771,-0.004301917696,-0.005779077141
2014-12-31,-0.0002086425842,-0.002477770776,-0.002898432562,-0.005258573433,0.001143314682,0.0007973369091,0.0003120263547,-0.00110123507,-0.003849692625,0.001994332801,-0.006362112009,0.001182405538,0.001538978235,-0.005010896585,-0.007734064711,-0.001229710712,-0.001673019446,-0.001542974914,-0.003289373262,0.001780121996,-0.006465608744,-0.0008434865094,0.0009313505996,0.0003950786687,-0.002216175698,0.003120476969,-0.0001820480803,0.0002425878422,-0.001181955007,-1.700260067e-05,-0.00901229725,0.0006199069147,-0.001715259697,-0.00653898917,-0.000882001039,-0.00670090076,-0.005403038243,-0.002315762441,0.0005681615563,0.0003320978678,0.002721358487,0.0008571728862,0.005833277981,-0.0004317171305,0.0009368638195,0.002975754571,0.003494366559,-0.002632185122,-0.009643807609,-0.005863460262,-0.002546352572,-0.003908405567,-0.005025826938,-0.002381804984,0.001576926283,0.001829052807,-0.006728109018,-0.00549868335,-0.007636309649,-0.008122246141,0.002126926438,0.001167301881,0.003182956326,-0.004092784614,0.001716724046,0.001701899108,-0.00128834064,0.00473614806,0.009000888435,0.005232881489,0.001397687612,-0.008626997684,-0.008731957162,-0.008469388628,-0.001662196629,-0.002583349467,-0.002031168432,0.001248671783,-0.009502045481,0.004570356341,-0.001363624012,0.007078718206,0.007331000963,0.005868376536,-0.005933975854,-0.001838479259,-0.002129764608,0.0008573023346,-0.004230371527,-0.001237622391,0.00197445534,-0.007435012722,-0.005661783013,-0.005879326204,0.005361553606,0.003079145923,0.006871034509,0.006169992608,0.001357946322,-0.009531361103,-0.0003690976209,-0.00596944432,0.007039752293,0.004671451125,-0.008661460095,-0.008169697516,-0.006856619239,-0.0059825288
2015-01-31,0.005771240854,-0.003388697611,-0.003217122547,-0.003563362698,-0.005118719117,-0.007337200369,-4.304685751e-05,-0.0003105288727,-0.003367228437,0.005511899055,-0.005226363033,0.003879943175,-0.003691281798,-0.004395623704,-0.008275642752,-0.00485439919,-0.004508464014,-0.005069716985,-0.003230403345,-0.004147444391,-0.003539598446,-0.003368285829,-0.002938605149,-0.002184487614,-0.006926223814,0.001696458655,0.005005794826,0.005875677179,0.005448429549,-0.005747032189,-0.006804960414,-0.007524992835,0.0005535473879,-0.007182282669,0.002699902882,-0.008901220453,-0.005177003378,-0.003687824404,-0.003323465616,-0.004172469837,0.00776483251,-0.007223004491,0.008356699901,0.0006410950835,-0.005071760853,0.0002916285502,-0.001778689875,0.001170120757,-0.01540988086,-0.008240839018,-0.0002045792455,-0.008547232859,-0.00809540469,-0.001411458582,0.0008812856676,-0.001088134922,-0.008828519564,-0.009127885388,-0.009044019474,-0.00762504894,-0.001012522106,-0.0003098833027,-0.003019262533,-0.001987228545,0.003652764554,0.003399236876,-0.001624959838,0.006631365745,0.004539519723,0.003034004603,-0.002774937456,-0.007618852779,-0.007619791196,-0.007658903719,0.002134927857,-0.002617243918,-0.0006032597781,0.005556682015,-0.01569680351,0.00443581656,0.003959868269,0.005407523877,0.007281039286,0.005772445441,-0.008941475233,-0.005585095625,-0.0009281983871,0.002398126103,-0.002705909438,-0.004311065222,-0.00341258541,-0.009068961607,-0.005327332683,-0.003199423421,0.005750355107,0.004852945898,0.007106585212,0.006350064829,0.0002202515016,-0.01562051455,0.001645425005,-0.009622228562,0.006615674856,0.003181388156,-0.009237349331,-0.007311548806,-0.006075769857,-0.01089230126
2015-02-28,-0.005124498037,0.002524303232,0.002142889224,0.008294250407,0.002436521931,0.004994054035,-0.001373591741,-0.001717090944,0.01099533339,-0.01079646962,0.01561679914,0.006311019208,0.0002931139544,0.009012193932,0.01767983266,-0.008512882442,-0.008446077417,-0.003943627721,0.00376474141,-0.004222396799,0.006664013476,-0.000396712935,0.0006940812521,-0.0006416782895,0.002245472179,0.001410807804,-0.004313926424,-0.005288619349,-0.004882679404,0.002453995435,0.01160854937,0.01198786472,0.002476332848,0.01233674283,-0.004246405482,0.01663058069,0.01246263558,0.003081506894,0.006522861252,0.007515616201,-0.007612514377,0.002723558695,-0.01316687858,-0.004408199403,-0.01193566107,-0.0002927414206,0.002699194336,0.002639413603,0.01660827065,0.008927299919,0.007850311182,0.009448877979,0.00330939769,-0.005517634335,0.002688259063,0.0006958522402,0.01045352998,0.00629184237,0.01075598923,0.01465963141,0.006200225226,-0.001518833573,0.001000035383,0.005822960761,-0.002559284881,-9.393613041e-05,-0.003767703433,-0.007144632166,-0.006419747582,-0.006790178073,-0.002365730618,0.01194387909,0.01220846244,0.01278908234,0.0008378653424,-0.0009022526648,0.005380434956,-0.007067607565,0.01658244558,-0.006913597699,0.007415969239,-0.01136041625,-0.01275541686,-0.01040638035,0.006039352659,-0.0004756384553,-0.002681593481,0.001754643108,0.006445467971,-0.004291948341,-0.001164791094,0.01223929231,0.002421050306,0.002853691098,-0.0118599601,-0.0151549478,-0.01760883453,-0.01720101111,0.002777369768,0.01605741109,-0.004558780238,0.01098279892,-0.01073997292,-0.006482083064,0.01433899944,0.01249503764,0.004438471343,0.01218022465
2015-03-31,0.00303554239,-0.002557098095,-0.00212808224,-0.004216430332,-0.001222016325,0.002427020584,-0.003087838882,-0.004076802628,-0.001783281531,-5.007422877e-06,-0.00462582739,0.001447960958,0.003927159686,-0.003295756503,-0.003362038053,-0.0002844382297,-0.0005349191644,0.0001826731412,0.0003157529253,-0.003280370553,0.000363298951,0.002921502596,-0.0001089338702,0.0004354741787,-0.001175936469,-0.0008210931695,7.176484717e-05,-0.000227477278,-0.0002081835524,-0.001368345118,-0.003056737328,0.001731368789,-0.001273143816,-0.001500361614,-0.001337876005,-0.003175008845,-0.003649507462,-0.0002084785952,0.001734909689,0.00230791911,-0.002109897132,0.003775522433,0.001730102626,-0.002445619801,-0.000997051078,0.001556779995,0.003370037002,-0.003678121189,-0.003733883976,-0.003223810355,-0.003630923142,-0.001708390689,-0.0002921631342,-0.002875898435,0.001565145033,-0.0007451402594,-0.003089839583,-0.003660104367,-0.0037878003,-0.00722538473,0.001930073287,-0.00167566471,0.001971762067,-0.00259744293,0.003235771638,0.002824814212,0.005978634606,0.003887607506,0.0004988490796,0.001618827699,-0.0003186066334,-0.005611078688,-0.005652138152,-0.006029880344,-0.000857988589,0.004613426289,0.002112236167,-0.0003480405591,-0.003740869181,0.002535332059,-0.001923506549,0.00346250939,0.005512497609,0.00669817319,-0.001068865271,-0.0001253220682,0.001172199811,0.003009924341,-0.003108041845,0.0004681455941,-0.0001657582678,-0.003955551978,0.001312628734,-0.001400236512,-0.003280836622,0.002696734351,0.003836779091,0.003889613609,-4.96549687e-06,-0.005173554405,0.001050252981,-0.002030518317,0.004104277875,0.004177116583,-0.006877852672,-0.005919163692,-0.003643260577,-0.003363762322
2015-04-30,-0.0003587783046,-0.0002626087402,-0.0002220819212,0.00119922224,-0.0002856479728,1.850414951e-05,0.002075060518,-0.001071767432,0.003501767648,-0.003984745586,0.005553665765,-0.0002884718506,-0.0024326262,0.004090293943,0.005174651583,-0.004607427191,-0.005832689775,-0.001560362922,0.004669637875,-0.003690994959,-0.0002595172813,-0.0007832397079,0.0009355608036,0.001149878852,0.00188091973,-0.0003540185322,-0.0004354749133,-0.001249319194,-0.0001887723737,0.002117881469,0.004898175696,0.002324322197,-0.001429412067,0.005046112348,-0.000836098737,0.005196902359,0.004735638975,0.001600355067,0.001673116791,0.001734638566,-0.001409552251,-0.00106456042,-0.003904139968,-0.001670852715,-0.005263938787,-0.001151140689,-0.0001009366008,0.002471935012,0.005010132487,0.002540066304,0.001183030274,0.003405024052,0.000133875371,-0.002952995392,-0.001134908582,0.001529027732,0.001895325183,0.001374172988,0.001701203984,0.006896954828,0.002867945898,-0.0002126226334,-0.0002667244153,0.0005773314261,0.001220491532,0.002627264887,0.0003796796248,0.005049026879,-0.0002712987107,0.0001821562515,-0.001711641258,0.005379111384,0.005888211468,0.005938280586,0.0004663892827,-0.0006480235243,0.001289471476,0.0007193612478,0.005119995399,-0.001803319124,0.0003203231944,-0.0002650015317,-0.001951759276,-0.003017296388,0.001509496551,0.001505616415,5.525682084e-05,-0.001385633675,0.0008149273227,-0.00102835046,-0.0007596525899,0.00115333701,0.002694948395,0.002553568212,-0.00346617262,-0.004452021627,0.0008210948889,-0.004706678978,-0.001622998851,0.004933194512,-0.001949503898,0.0008839043797,-0.001991926897,-0.001248792753,0.007292259669,0.006432786731,0.00174254916,0.004052273944
2015-05-31,0.001210600276,-0.0003559773319,0.0001366394415,0.0007798045029,-0.003278350075,-0.002372553017,-0.0008319992323,-0.001153773319,0.0006297490551,-0.0003243167917,-0.001068681657,-0.001374450325,-0.002154244925,-0.0009506583286,0.0002889761554,-0.0002276919971,-0.001421648068,0.0005745874657,0.0006836204822,-9.379974886e-05,0.0009600115491,0.002137978573,-0.0003537476429,-0.0005858642904,-0.001506145172,-0.0006144385763,0.001851950732,0.0004048096051,0.001839077564,-0.001913070986,0.001216473279,0.0007764583432,-0.001678843588,-0.0005486043623,-0.001758455111,-5.080070273e-05,-0.001507693918,0.0003027142634,0.000646525873,0.001099871115,-0.003109423892,-0.0005555044943,-0.001216806218,-0.001763897753,-0.001716309722,-0.0004565878279,0.0001644540655,0.001734328729,5.339960328e-05,0.0004939654051,0.0006253126054,0.0006808734028,-0.0007827020513,-0.0009684393686,-0.0007570303238,-0.0006843204711,-7.468353798e-05,-0.0009217860804,-0.0003861450176,0.000234841262,0.001042518565,0.001913153285,0.0003592236089,0.0003349771721,0.002651037467,0.002713439355,0.002211161639,0.004174404178,0.007878301484,-0.00114001436,0.0006508085582,0.0003658086301,0.0007316445328,0.0008323884926,0.0009521493636,-0.002083393322,-0.00086193813,-0.001558821017,1.424811981e-06,0.0002890656786,0.0003299868863,0.0008707923178,0.0006132752133,-0.000421081973,-0.0006377757969,0.00064683425,4.618359798e-05,-0.0007155034217,0.0001426940701,-1.201922809e-05,2.646788646e-05,2.549767528e-05,9.740505343e-05,0.000529410477,-0.001074595641,-0.001612645525,-0.001911242851,-0.001721883044,-0.001994257285,0.000738467695,0.0003977732269,0.0003858638821,4.211992458e-05,-0.0002618329222,0.0001388884027,0.000520864318,9.376046989e-05,0.0007421364962
2015-06-30,0.001167823851,-0.001992651518,-0.001112159851,-0.001973448663,-0.0006579661179,-0.0004064271856,0.0001463166479,0.001298078035,0.0008958366903,0.0004865503414,-0.0007240694483,-4.511824555e-05,-0.0006764483727,-0.0001475366377,-7.646461014e-05,-0.0008554236699,-0.002878304301,-0.0009473697706,0.0002283493678,0.0002310103531,0.002543941755,0.0004694639785,-0.0005730386407,-0.0007430579263,9.127711113e-05,0.0001840298063,0.002217763195,0.002312607326,0.002046113003,-0.002082737817,0.0006604316914,-0.001225601545,-0.002087577812,8.588578223e-05,0.000242128659,-0.0004016870243,-0.0004493987366,-0.001618206931,-0.001064783389,-0.0009506839527,-0.00268349478,-0.0003003229181,-0.001336229223,-0.001892550185,-0.003318845301,-9.828011623e-05,-0.002482463121,-0.002099631307,0.002097399728,-0.001487035775,-0.002533147698,0.000412081072,-6.257388083e-05,-0.003044897715,-0.0001063868657,-0.00162743729,-0.0002190715641,-0.0008854651222,-0.000842933147,-0.001349200861,-0.001802554918,0.001349714873,-0.0005275593241,-0.0005288316507,-0.0003572104317,0.0004738434032,0.002059004777,0.003800485745,-0.0007275576653,0.002859736265,0.0004142415927,-0.001654107316,-0.001480128909,-0.001356999025,-0.001823319619,-0.002137300834,-0.0005434581558,0.001030588151,0.001763924166,-0.002276076023,-0.002927185476,0.0009640709782,-0.001817522263,-0.0009361629316,0.00122283047,0.001515262061,-0.0007023275079,0.000945917751,-0.0005848444951,-0.001487644611,-0.001323304574,-0.0004222344145,-0.001087606418,-0.001090882937,0.002602841826,-0.001254782329,-0.001182157856,-0.001874245303,0.001087143941,-0.000332510199,0.0009158826285,0.0001642532586,0.003713858035,0.003753106009,-0.001433200338,-0.001606458896,-0.000412352099,-0.00112859876
2015-07-31,0.003457052874,-0.003532913412,-0.004035487217,-0.004517607684,-0.004267413219,-0.007267736915,-0.0002640416904,-0.007813913459,-0.006588920455,-0.0005507904824,-0.008606772043,-0.001549462344,-0.0008619747595,-0.007080910728,-0.009607488798,0.005779868554,0.002003457706,0.006714670718,-0.005175632125,0.001560537699,-0.001513947183,-0.002418595868,0.004286545797,0.002441359325,-0.002211047152,-0.005722526653,0.003637535491,0.003512586284,0.002146175541,-0.00311955597,-0.01028395086,-0.004835560255,0.000632709406,-0.009059915807,0.004155900026,-0.009677628232,-0.006629606758,0.001837157635,-0.00218011987,-0.004335099064,0.006632502481,-0.002120289827,0.009716370055,0.004234013039,-0.003812786125,-0.003482819705,-0.001152978811,-0.005586274084,-0.01169986787,-0.00806222109,-0.003296483512,-0.007887199139,-0.007757258103,-0.001282783251,0.001927652834,-0.0002890062932,-0.008896564993,-0.00818274997,-0.009910620418,-0.008245231508,0.0009561869747,-0.004856918824,0.0002632104266,-0.006646569522,0.0007050455322,0.001207618797,0.001833073125,0.0002471768232,0.0003940713073,-0.0007307748436,0.001120211854,-0.008049549486,-0.008413960947,-0.01008480367,-0.003489980247,0.006219920245,0.006845150752,0.005125813278,-0.01175984117,0.008203923573,0.008778534698,-0.00388738407,0.001605626992,0.007684336137,-0.006341477896,-0.001509509576,-0.0006157504235,0.001590924226,-0.00709415533,0.0008250067581,0.002512207907,-0.00987984427,-0.00353684849,-0.004573200841,4.48005479e-05,0.008693498326,-0.005205665101,0.003226190146,0.001225478645,-0.01315669416,0.0020554681,-0.007230401774,0.005577646706,0.002013432596,-0.009113695167,-0.009812666682,-0.007230477765,-0.0108306065
2015-08-31,0.001749856841,-0.002758655399,-0.003880233412,-0.003534105652,0.001832431257,0.002725962653,0.002322908174,-0.004611721786,-0.00536779934,-0.004520362645,-0.005512911119,0.002889488717,-2.55180659e-05,-0.007594280947,-0.006165042531,0.004049509344,0.004280957532,0.002456901406,-0.002791348517,-0.002424801349,0.002884642814,0.00200063953,0.00318468023,0.004322984106,0.004342030215,-0.0005356314253,-0.001995447312,-0.001868987764,-0.001622959217,0.0006040368762,-0.002198105914,0.0004899132938,-0.00659323573,-0.003774942322,0.001785455901,-0.007550313554,-0.007790860428,-0.003271209742,-0.002671421173,-0.003514976334,-0.001114569998,0.002910733589,0.0003231920862,-0.002394576838,-0.003363461078,0.0009965803032,0.0023324199,-0.005950684822,-0.005038581837,-0.006235368445,-0.002932623207,-0.00379808284,-0.002738858967,-0.002982544872,0.002748213262,-0.0008534517819,-0.006301367202,-0.006150251274,-0.006460094662,-0.003956796851,0.002328663845,0.002637982397,0.0004386939944,-0.002395034918,-0.002686397723,-7.772541512e-05,0.002611078978,0.000604525121,0.001493513166,0.003185769257,0.000358327714,-0.005657887333,-0.005407977519,-0.004723223921,-0.002929231118,0.002074578783,0.00507968466,-0.0002820620925,-0.005089867128,0.007467996026,0.007427635236,0.00330386088,-0.001582278892,0.005818434554,-0.004586881191,-0.001386088789,-0.000509093447,0.001984385407,-0.002821702948,-0.001172564071,-0.0005778171735,-0.006445137512,-0.003067559858,-0.003911161474,0.003792055241,0.002358000337,0.001955429492,-0.005606118753,0.002642384046,-0.006848924716,0.003464271863,-0.001817155999,0.002855601861,0.002213465248,-0.004946622422,-0.003119024749,-0.005057484859,-0.006028497496
2015-09-30,0.003414435982,-0.0001804727081,0.0002762293354,-0.00591650474,0.0007672985654,-0.001447214728,-0.001199327127,0.001523180623,-0.001568000844,-0.001334982147,-0.007196771159,0.001215149416,-0.002726301817,-0.006749434325,-0.006708960328,0.004166256799,0.002709614957,0.001592458848,-0.0035550312,0.001663769167,-0.004012758312,-0.006958718893,0.002235239769,0.001391575546,-0.004654900632,0.001354546174,0.002061153165,0.0002173143486,0.001623213539,-0.0008846570144,-0.005664103903,-0.00358644791,-0.001267119013,-0.009548931125,0.004701205988,-0.008400306135,-0.006721616764,0.001530888041,0.001414106011,0.003229666471,0.003333611184,-0.002274661167,0.006215239874,0.001686838395,-0.002270135086,0.00133264284,0.000511059425,-0.004288268266,-0.01018199033,-0.006074259849,-0.004842431633,-0.005547036418,-0.003847203193,-0.0009454496524,-0.001144649842,0.001079212388,-0.00782795275,-0.004847160442,-0.007522160651,-0.008944137753,0.001361040987,0.001973882068,-0.001607999376,-0.003219576254,0.002302695964,0.0007965714871,-0.001931427672,0.00676544025,0.006963461181,0.006879488751,-0.00136534553,-0.008818839133,-0.00885786646,-0.008311541884,-0.001024407109,0.005259489334,0.004976020872,0.004622121711,-0.01083821638,0.007466872508,0.007216583612,0.006185858739,0.003158675742,0.004902922201,-0.0005163107386,0.001926423099,0.001133921524,-0.0003736454805,-0.00359005244,-0.001227714368,0.000589124763,-0.00805686083,-0.00362526702,-0.003473058474,0.001630396204,0.006255254117,0.007763381752,0.006388215819,-0.0007096598547,-0.009857748715,0.003996417365,-0.005185397342,0.007073782734,0.004094856956,-0.0100114049,-0.009506072601,-0.005672944019,-0.007587678472
2015-10-31,-0.005338075816,-0.0006483544115,-0.0007924696025,0.00661932369,0.00238855958,0.003879894967,0.003864100431,0.0005903292548,0.002398049296,-0.006972547693,0.01195899307,0.0005511297901,0.001248258967,0.009121277976,0.009826708973,0.002458331796,0.003478499572,0.002379238689,-0.0009842221495,0.002084025495,0.007260621506,0.006782571627,0.001546759592,0.004008839797,0.0006937503553,-0.002069698939,0.0005614348149,-0.005400300566,0.00344970636,0.005777593736,0.006091129784,0.002118890888,0.002198695383,0.007325549725,0.002275213383,0.009425434097,0.009517012979,0.002181561519,-0.00175944939,-0.002949707421,-0.0003431497852,0.003020210082,-0.002690820525,0.00376049244,-0.001896938138,-0.001420627609,0.003981011922,0.007311747039,0.00779652942,0.004203563643,0.00626230804,0.006328998759,0.006611636083,-0.005833136328,0.002894118364,-0.001700349496,0.006074849922,0.005754457478,0.006382201094,0.00804096825,0.005222864638,0.002104147024,0.0008369427127,0.001277460485,-0.003506494233,0.00242747907,0.002074181059,-0.004518273871,0.001890215703,-0.0009608653227,-0.002936338333,0.003631876018,0.005294018607,0.005364418982,0.001117685302,-0.001580563568,-0.001527825712,-0.001805009982,0.007734695206,-0.006024582386,-0.000513073485,-0.004176868019,-0.005711785856,-0.005041699859,0.0002211540656,-0.00505280945,0.0002964342198,0.002795409315,0.001636751965,-0.002934173292,-0.004097339852,0.006912198595,0.002639127228,0.002945445446,-0.007743242231,-0.009094843709,-0.009990937079,-0.009412518432,0.002310043288,0.008295959857,-0.001976351699,0.004135360047,-0.0003741164496,0.001681714701,0.008086947909,0.008192677979,0.003317067085,0.008213005934
2015-11-30,0.00177361521,-0.001394070267,-0.001185972273,-0.001534421032,0.001354296971,0.00191281407,-0.0006872887039,0.001514551565,0.001171631199,-0.001968743482,-0.005182488202,-0.0001114185225,-0.002195909226,-0.00493295665,-0.004821057482,-0.0003006238141,0.001210007984,-0.001820118111,0.001112907771,0.0003875631852,0.0003565902942,-0.002830158181,0.001892309395,0.002186998639,0.001253254435,-1.090411395e-05,0.00149347919,-0.001278486013,2.326267619e-05,-0.0004424564941,-0.002345705833,-0.002877577542,-0.001066473206,-0.0006916226678,-0.001947722064,-0.004912153682,-0.004681177999,-0.00538547802,-0.003643248682,-0.0032569417,-0.002820561029,-8.140154018e-05,-0.0004892844852,-0.002825678037,-0.0003673234609,0.001295953741,-0.0006153144033,-0.005448129803,-0.002174471846,-0.003187752284,-0.001635148747,-0.0003136303348,0.001017963636,-0.001006976812,-0.0002801064197,-0.0008488771622,-0.003734000008,-0.001959955622,-0.003555679939,-0.003976557315,0.006641768559,0.0009206204325,0.004143243114,-0.001112826902,0.004678459689,0.003666090746,0.004779672841,0.003051979239,-0.0005324811689,0.005159619832,0.00241557458,-0.004042978686,-0.003870554706,-0.003653830936,-0.00275313762,0.005958789878,0.001413866561,0.001710264013,-0.001907328916,0.008087441386,0.004819974167,0.002418620995,0.006692458159,0.006845553873,-0.003111132262,0.0003133890832,0.0005334316346,-0.0007235495147,-0.001954341249,0.001071065783,-0.00056170852,-0.004378949126,-0.001996660705,-0.002678593706,-0.001822902613,0.006849876526,0.005739871714,0.0051642352,0.002551082028,-0.004135884226,0.003943937057,0.002181664701,0.005423249408,0.004308214355,-0.003660870803,-0.004526769371,-0.002676448695,-0.0008501928186
2015-12-31,-0.001929576517,-0.001805153832,-0.00142137198,-0.003164106618,-0.002344310149,-0.002729117283,-0.00052256505,-0.001233384053,-0.003107885689,-0.002437322406,-0.002923582396,-0.000311922936,0.001611765006,-0.00206434385,-0.004730680922,0.0009359045611,0.001900717474,0.002909228433,-0.002032419276,0.003715876638,-0.002024678012,-0.003534585867,0.0002479556065,0.001420232351,-1.361077897e-05,-0.001403024606,0.0009455113345,0.001318095266,0.002984251602,-0.00149100104,-0.004718349159,-0.001678493884,-0.001093688659,-0.005999212651,0.0005140140843,-0.004415838941,-0.002832387414,0.004869427547,0.003634727126,0.002828601785,0.002728054818,0.001304001553,0.006702850736,0.003080345099,-9.033765664e-05,-0.0003685464145,0.0005226461226,-0.003423954292,-0.004608369831,-0.002851331812,-0.0001536240587,-0.003376904116,-0.002127763315,-0.001460632209,-8.672838627e-05,0.0002055709689,-0.005107292692,-0.002262009093,-0.004951982786,-0.005602663849,0.00245499744,-0.0005390244446,-0.002669721077,-0.003874005132,0.005995223948,0.002574792531,-0.002912536314,0.004166200248,0.00259440099,0.004553599775,-0.0007786193337,-0.00534012778,-0.005133473145,-0.00646933296,-0.001887197015,0.004462544058,0.004237987279,0.003981589763,-0.004672715072,0.004209289709,0.003084369824,0.0004868265227,0.003817988816,0.002870770206,-0.003856345956,-0.002938260016,0.0004581550577,-0.0006247597639,-0.004597328288,0.001878478451,0.002380410819,-0.004666621108,-0.002868459853,-0.003069647142,0.002658506724,0.003110308959,0.001732655096,0.003797030668,0.001065395856,-0.005727784319,0.004208457416,-0.002215889121,0.004623545965,0.004511386314,-0.006247881532,-0.005431331517,-0.002742512063,-0.004556022213
2016-01-31,0.0006789345007,-0.003089881499,-0.004863284339,-0.007923892949,-0.01406107026,-0.01718664494,-0.006578188374,-0.008364334843,-0.00125750046,-0.01416107158,-0.01150375674,0.003021267173,-0.006813332101,-0.01230264629,-0.01283111754,0.01112724477,0.01151871581,0.008072532522,-0.002733758304,0.0009234555218,-0.008358668026,0.0003516034393,0.006632775007,0.007636736912,0.005270178249,-0.002917065809,0.0003695434443,-0.001870619861,0.01016804167,-0.01108068585,-0.01211478134,-0.009251909166,0.004398460046,-0.01961857885,-0.001011603668,-0.01332478389,-0.0105927594,0.008246410132,0.01545698843,0.01492947132,0.01730111719,-0.01303522616,0.02161671648,0.009674702373,-0.0004161331351,0.002088332076,0.002118127178,-0.008279072382,-0.02255161897,-0.02133382342,-0.008225513989,-0.01341040158,-0.007121339204,-0.0005613389521,0.006051249454,-5.615014425e-05,-0.01418794492,-0.01323834489,-0.01452062278,-0.01379841852,0.004102673191,-0.002359075601,0.002511490394,-0.005690052634,0.005019773901,-0.001351918426,0.0001856430377,0.005422073948,0.004582314353,0.008461858513,-0.001371537908,-0.01261939525,-0.0139540934,-0.01329965929,-0.004179577116,0.01812612931,0.004685382,0.004272364739,-0.02260299568,0.01344088946,0.004896440553,-0.008722201174,0.01228892999,0.009407337732,-0.01311038502,-0.008017784792,0.002653307503,-0.001674770459,-0.006270662645,0.001382429878,0.006731965082,-0.01574289223,-0.004584355811,-0.004992542993,0.00515450719,0.009199167044,-0.01808548192,0.01217115855,0.001692317029,-0.02789208413,0.003124986787,-0.01574495759,0.0134229527,0.006652330592,-0.01281799829,-0.01750933373,-0.01410752678,-0.01778412167
2016-02-29,-0.0008582253487,-0.003224321862,-0.002113964746,-0.001021384383,-0.009023968665,-0.01036180626,0.002449639224,-0.003029243424,0.0008756927659,-0.008674651447,-0.0001161628737,0.003405587346,0.003093186512,0.002852251225,0.001430714027,-0.001798904483,9.867771699e-05,0.001698945642,-0.002671575972,-0.0004938159076,0.0001951136797,0.002689463499,0.001901394525,0.004289753628,0.005458572509,-0.002106781301,0.001615700507,-0.0006675371035,0.003291525216,-0.01008146784,0.0004273006262,-3.106251413e-05,0.006442176081,-0.001016063212,0.00256793966,0.001256946123,0.002508410489,0.002992165116,-0.004603694058,-0.004825486783,0.005230151525,-0.0001841939414,0.003003172757,0.003854697173,-0.003315348571,-0.001549451818,0.002805434284,0.002728540312,-0.006979152377,-0.006875014435,-0.0001265569468,0.0003629810359,-3.446439638e-05,-0.004836674242,0.003085913325,-0.001975513465,-0.003065897133,-0.001346343563,-0.003899883293,-0.001220667742,0.0007390927369,-0.007685993198,-0.0008577076547,-0.002669294615,0.001462128388,-0.001914737337,-0.003633900202,0.003774912158,0.004425259389,-0.0008858600426,-0.007628782025,-0.002337294024,-0.002326826297,-0.002851970352,-0.001669183816,0.004911883857,0.003017236314,0.001341323093,-0.007299409899,0.0002544636106,-0.002789504601,-0.003466868145,-0.002966642021,0.00164669383,-0.003071019515,-0.001651585287,0.0005064776885,0.005653388847,-0.002825179661,0.0008457467266,-0.002083891159,-0.002333393756,-0.002142690775,-0.001739761273,0.0008079771004,-0.001596553172,0.0004612208743,8.827742939e-05,-1.512805376e-05,-0.002929312182,0.003086577783,-0.003479503129,0.002958179332,0.0008919595939,-0.007391196091,-0.001909394303,-0.003636712994,-0.001884309705
2016-03-31,0.0002280853893,0.008835691907,0.008508719704,0.01016413142,-0.01959992058,-0.0195541368,0.009991753539,0.01304091023,0.02222772063,-0.01301118228,0.01857881057,0.009894350905,0.01351259694,0.01892834866,0.02162612501,-0.005213256778,0.001346885044,0.002248886236,0.01547987733,-0.01049353682,0.007578895109,0.01933001086,0.009801628924,0.006186043462,0.005107965743,0.004128094037,-0.005085774901,-0.006215614126,-0.00623165755,-0.02194437465,0.02632036468,0.01810471861,-0.003696906877,0.02377983568,0.0004383305626,0.02541713413,0.01720020328,-0.005209899579,-0.01942693011,-0.0207008541,-0.01577500427,-0.003133005783,-0.02412577314,-0.006699626514,-0.007436969798,-0.002611430703,0.02188634153,0.01888144824,0.02030890056,0.02284079153,0.00876591193,0.02175389289,0.0007615102754,-0.009343066123,-0.001928714698,-0.005846856757,0.01600636435,0.009883941081,0.0162938586,0.02631338647,0.006726770148,0.002726768028,-0.0002010572275,0.007381172716,-0.008407844328,-0.002319939139,-0.002526325906,0.0001687026777,-0.001697476359,-0.003509662016,-0.01464268694,0.02370739656,0.02299693055,0.02158346362,0.004518798216,-0.01971921915,-0.01557235204,-0.007213039714,0.01871630492,-0.02299127677,-0.01149496659,-0.01686179863,-0.02241453265,-0.02523891161,0.008919201504,0.005872343589,0.00215057572,0.00105505279,0.009652341596,-0.007740954279,-0.004717267997,0.01602863408,0.00857625518,0.009530116566,-0.01429867188,-0.02916962835,-0.02204643865,-0.02876552236,-0.00303665385,0.02532980018,-0.005876860694,0.01435197513,-0.005950171811,0.004825424506,0.02056804829,0.02883082099,0.01173196974,0.02495841039
2016-04-30,-0.003721654425,0.007091597049,0.007900545355,0.005293225897,0.001505917923,0.002089177999,-0.004039863336,0.002544169482,0.004070955017,-0.008802741151,0.01122790088,0.00244417101,0.001338634878,0.009154929186,0.01153467352,0.001835691294,0.003571991289,-0.0008128129948,0.004132246494,-0.001227360692,0.006408219516,0.007866345015,0.007505474068,0.005169422976,0.005687816655,-0.001122264342,0.002468553338,-0.003338869443,0.0003393969025,0.002496109815,0.01181129607,0.002424742662,0.002450328508,0.008267445131,0.0032262821,0.01245422345,0.009598296792,0.0005512285481,-0.005399191227,-0.007728947296,-0.005782456127,-0.0009443711727,-0.009498374118,-0.001451102306,-0.004870409913,-0.0002759073565,0.001432144112,0.009337700781,0.01881246913,0.01093000993,0.003341354166,0.013796,0.005442896291,-0.005654164195,-0.001783502243,-0.003978622967,0.01141718895,0.01092582017,0.01164649725,0.01628475104,-0.004061226329,-0.004732015594,-0.005181420588,0.00352531281,-0.003542289289,2.351961911e-05,-0.004800351054,-0.00216524138,0.0007677598561,0.001528215659,-0.001345761056,0.01196916573,0.01294286477,0.01084374139,0.004621384704,-0.0113094866,-0.01205737171,-0.008999429616,0.01781589354,-0.01496971625,-0.008196708274,-0.01177095335,-0.01221580094,-0.01610098043,0.007837325102,0.003855577642,0.001360431701,-0.001990339473,0.005079559941,-0.002872086725,-0.000440640723,0.01479641241,0.002140225696,0.005026347746,0.009432622998,-0.01364087524,-0.01279762406,-0.0164857972,-0.003912056065,0.01874565662,-9.900530579e-05,0.01255690399,-0.004000685673,0.003181071186,0.01736895727,0.01613839942,0.01039046791,0.0158714719
2016-05-31,0.003136566167,0.001028768512,0.001333882502,-0.001933458531,0.0002164341827,-0.0003117457777,-0.001484624287,-0.001508332295,-0.002592999949,-0.002460468043,-0.006395531752,-0.004569013627,0.0004195082592,-0.004240949722,-0.005399717473,0.005395095065,0.002231235939,0.00350693985,0.0009985208559,0.004246070628,-0.002216569844,-0.002057696514,0.0001539102169,0.0001415591942,0.001530074981,-0.001860702694,0.003608983963,0.002043546715,0.004499474726,0.0009011919063,-0.005052974164,0.001762577637,0.000660682818,-0.005944638671,-0.003871650537,-0.004459368604,-0.004554205071,0.003717453808,-0.0003878128653,8.261778103e-07,0.0009801418385,0.003282042348,0.002633531049,1.502715092e-05,-0.0003005415659,-0.0006693570863,0.00507377511,-0.0003829039674,-0.005687755025,-0.0004698356034,0.001550413055,2.021275602e-05,-0.003116334668,-0.000304342945,0.000482167709,-0.0008655439595,-0.001397061737,-0.003079131467,-0.001559078635,-0.002774217592,-0.000161163718,-0.0001161416887,-0.0001161181152,0.0004278203884,0.001195488682,0.001290641509,-0.00268802955,0.001040299084,-0.0003202974627,-0.0003956012838,-0.0008270474043,-0.00384148671,-0.003975079098,-0.003228287061,0.002650761829,0.002613505856,0.001237248842,0.004282344452,-0.005199888801,-0.0005938049047,0.0007684649803,-0.003485104708,-0.001502442064,-0.0008025272774,-0.0004630607351,-0.0006878289317,0.0004112572828,-0.0006455926352,0.0002230113415,0.0009189327484,-0.001305389088,-0.001374618878,-0.0003010836935,-0.0007064918852,-0.002994445046,0.0009945860646,-0.005005293321,0.0002149332499,-0.00117396041,-0.005945141986,0.002955952558,-0.0004355147646,0.004679006747,0.003254766091,-0.002915198311,-0.001891568776,-0.0007179786704,-0.00139177353
2016-06-30,0.00132102553,-0.0005051355927,-0.002729537126,-0.0008798378759,-0.000118658238,-0.0001767544968,0.00136275712,-0.003728696711,-0.004656786148,0.001607306604,-0.005869737782,-0.002284119096,-0.001290535485,-0.005758894624,-0.00572068124,0.00147192468,0.002077181873,0.002604369446,-0.001075369719,0.001238800122,-0.003937314007,-0.003509022935,-0.002596549096,-0.001014761755,0.001318055106,0.0009650744492,-0.0001904799502,0.0002399127514,0.001846873097,-0.0002505394686,-0.005248710775,-0.001659493028,0.0003715696063,-0.00511133091,-0.002890719137,-0.006551585729,-0.00615005758,-0.0001095037587,0.001704005577,0.003274224219,0.003180470529,-0.0002873800019,0.004484697596,0.002142260674,-0.0008402531035,0.002747593361,0.001569792187,0.001909504615,-0.009402416943,-0.004262635483,-0.0001111805746,-0.004546057672,-0.003527623931,0.001562535534,0.0008718145785,0.0003845665593,-0.005233698641,-0.002357890351,-0.005087542962,-0.006891592141,-0.001563361235,0.0009197542395,0.002537488157,-0.003140930111,-0.002805793298,-0.004244404584,-0.002659235101,-0.003415712418,-0.0002970635736,0.001115341038,0.001868462059,-0.00478065786,-0.004819764055,-0.004266024653,-0.001060196152,0.003661712061,0.003715993788,0.004417929462,-0.009378898326,-0.0004759551182,0.0009398828549,-0.005155555056,0.0005382878101,-0.0007323191192,-0.005841362736,-0.005397412337,9.522203423e-05,0.001818769024,-0.003005647053,-0.002216995095,-0.0006902504624,-0.004079688927,-0.003347409909,-0.003133094073,0.001295094269,0.001633727896,-0.005511500462,-0.003853461021,0.001482299063,-0.008870996611,-0.0006542530554,-0.007983385818,0.001844593923,-0.001189568944,-0.005945502579,-0.004821543564,-0.004338568786,-0.00611550993
2016-07-31,-0.001333494875,0.001602657264,0.002560031418,0.00310605008,0.0007810715219,0.0001541115449,-0.002192011593,-0.002451570992,0.005410147841,-0.003118028972,0.005247716267,-0.003219910143,0.002996726268,0.005554570408,0.007641449338,0.004743574763,0.006099594371,0.003080542125,0.00226600446,-7.1220663e-05,0.0001507669498,0.001516577082,0.001072745788,1.311202366e-05,-0.0007799554997,0.0004085010036,-0.005462674308,-0.005135256401,0.0007530654084,0.0005212779199,0.007128932298,0.004916868811,0.001882978313,0.005467890852,0.003099611024,0.007381226789,0.005952982091,-0.001236315397,0.002620278316,0.0007094526616,-0.001499757491,0.0001245502594,-0.002235020114,-0.0002662082256,0.002663472167,-0.002749889475,0.003675887271,0.001536813587,0.006789020854,0.005233110762,0.002642073476,0.008204942304,0.001455724068,-0.002364205932,-0.0001088182052,-0.0003743756443,0.004956726935,0.003514062172,0.005775469263,0.007668686908,0.002096509851,-0.001731813437,-2.85773829e-05,0.001897720317,0.001945018141,-4.385720469e-05,-0.001529456104,0.0005289598155,0.00214701897,0.001037251359,-0.001869954037,0.005736792108,0.00466912211,0.005547371716,0.001354379034,-0.004561832432,-0.004739969478,-0.003591800173,0.006742892772,-0.004005992029,-0.002392645437,0.0009680782544,0.0004005737024,0.0006890245693,0.003291046611,0.001424962584,0.0005707437715,0.000662964256,0.002362620406,-0.0008707276866,-0.0005785447615,0.005057413786,0.003394912804,0.003675248984,-0.005078087625,-0.007306951904,0.004672218755,0.0001869321232,-0.00216969679,0.007226715492,0.00179853965,0.006184970588,-0.0006840503767,0.002064851808,0.007013718278,0.007080327316,0.00437368628,0.00891518066
2016-08-31,-0.0008944684375,0.002226220972,0.002556751871,0.008433768005,-0.003114129054,-0.002192281161,0.002873485402,0.001425306043,0.002448342331,-0.0006625567499,0.01125499027,-0.002002245696,0.003043520049,0.01018457403,0.01131253427,-0.0002902786264,0.001983363063,-0.001704104622,0.002391619274,-0.0005034526909,0.003513004085,0.005159110119,0.000841035071,0.0009097413187,0.001929799419,-0.001995444893,-0.002948872201,-0.002450837586,-0.001314497039,-0.004203605125,0.01102819705,0.002078693483,-7.468244264e-05,0.009019171895,0.006655725997,0.01104161188,0.01080072843,-0.001577021496,0.002407486262,0.000862874602,-0.002150625052,-0.0004488357706,-0.004716651469,0.001588212094,0.001813434309,0.0048984432,0.0008604205058,0.003009490432,0.01033697339,0.009884652297,0.007904779399,0.01103338743,0.004709227556,-0.00916795888,0.001596982206,0.0009467121079,0.01014481846,0.007963482657,0.01090816962,0.01252016546,0.0009122762186,-0.0004180794681,0.001174187925,0.003939410866,0.0002247629868,0.002717888106,0.0006300569087,-0.002449410467,-0.004015357889,-0.00436762803,-0.0002465780074,0.01254038984,0.01283616624,0.0127163234,0.003476004576,-0.009424859572,-0.009441759339,-0.005861858288,0.01028659854,-0.007421617563,-0.005173117321,-0.004027091182,0.003711312431,-0.003431652242,0.004801409356,-0.0001896644654,0.002502237375,0.002777276381,0.004478444664,-0.002344306004,0.001297563852,0.01146571507,0.005974642286,0.007036990226,0.001093538177,-0.009649841253,-0.01076214217,0.007272367082,-0.001751960932,0.01164901708,0.002805595332,0.01082525358,-0.002633895721,0.001535628445,0.0127771709,0.01106245151,0.00725222912,0.01202013383
2016-09-30,0.002550406829,0.001576325339,0.001721506531,0.001953707293,0.0001803004871,0.0006539910207,0.0008060519913,0.0002001869323,-0.0002929394404,-0.0006654821054,-0.000935074577,0.001626327489,-0.0005090609747,0.0003119185243,-0.0003760373096,5.315787196e-05,0.0005069855196,-0.0009454818457,-0.0006261699226,-0.0009327304318,0.000225919204,0.0002533884007,1.849590939e-05,-0.0007128705763,-0.00109614291,-0.0004386980241,-0.0001851145994,-0.0001788948741,-0.001466598228,-0.0002524452478,0.0003217801825,0.001412497372,-0.000943152596,0.001149245527,0.001385932411,-0.0002642800211,0.0007642917741,-0.001594181158,-0.001417920628,-0.00151068959,0.001008219371,-0.0004789607725,-0.0005582480712,-0.0009242171834,0.00023823799,-0.001012190876,0.001594481149,0.000240312647,0.0002208573219,0.001792062692,0.001009677915,0.00270034498,-0.0001777647592,-0.00237236625,-0.001065206501,1.053065375e-05,0.001604802535,-0.0007664098965,0.00171639069,0.001218682353,0.0001847397898,0.0001506101512,0.001343277355,-0.0003068181216,-0.001264785654,-0.002012422955,-0.002421362862,-0.001580047012,0.003070066569,0.0003604484145,0.0007700882712,0.001577287336,0.00130772975,0.001548869004,0.001854669863,-0.001307958476,-0.001392630498,-8.381140002e-05,0.0002145192246,-0.001603008446,-0.0007695118067,-0.0001130632758,-0.0003737375333,-0.0006806088586,0.0004807163211,5.287582473e-06,-0.00045242928,-0.0008348043372,-0.0001544816554,0.000154341088,0.000457588996,0.001182579398,0.001220438431,0.0003524175121,0.001239673275,-0.001504626083,-0.001750244722,-0.0007075955116,-0.001072175454,0.0003837706949,0.001249422667,0.002405247892,0.0009715969309,0.001173446033,0.0009687170499,0.001371575137,0.002098466192,0.002560537514
2016-10-31,-0.00149797102,0.003334072608,0.004314006495,0.005309618974,-0.001121934531,-0.0003314758216,-0.0003926407558,0.00419301436,0.009575153366,-0.001383682809,0.008099495554,0.0003876163101,-0.0003021106499,0.008336605878,0.01031979737,-0.003235808479,0.001465153261,-0.003019793552,0.002021602589,-0.00143959901,0.005576651285,0.00431734413,0.002284974731,0.002418356166,0.0008205718181,-0.003929397345,-0.00224277762,-0.003083594704,-0.0005674548633,-0.0008154233768,0.008880771011,-0.0006276456327,-0.0007737526369,0.008755203898,0.004982975714,0.0100225789,0.008464424523,-0.002841323145,-4.622396172e-05,-0.002034351813,-0.003710397944,-0.001625433479,-0.006579044862,-0.001679715036,0.001014293489,-0.005732055843,-0.002396223081,0.001745247263,0.01003673151,0.007167318662,0.003015102875,0.009867805054,0.004711118551,-0.006278796021,-0.001412644572,-0.001188053683,0.007271008672,0.005323586372,0.007994009107,0.01132481936,-0.001224133272,0.0007290223423,-0.000789273903,0.002614610459,-0.0006454393068,5.892123191e-05,-0.001483798292,0.003184778673,0.00478642596,0.005081213949,-0.0002432830724,0.009872222668,0.009510706771,0.009653291631,0.002102374733,-0.008424302759,-0.005989622973,-0.005278108486,0.009970263767,-0.001656261663,-0.006215576191,0.005463278642,0.003557676232,0.001274551593,0.005805886589,0.002717157219,0.001104223054,-0.0005905288669,0.003792108926,-0.003022427836,-0.002886781523,0.007369959911,0.003073789515,0.004313499686,0.0001512147498,0.001509129239,0.007366888927,0.007060170834,-0.003804360601,0.01019820638,0.001901250358,0.008718182616,-0.002099532039,0.002200805141,0.009968465768,0.009811698779,0.006121215297,0.01086237916
2016-11-30,-0.0008800184791,0.001728429932,0.001410546939,0.005157640573,0.0008129373804,0.0001983836357,-0.0004576250902,0.00172305181,0.007275117075,0.001481477755,0.01060795158,0.000346529079,0.00119735865,0.01034726356,0.00918491031,-0.001062251501,-0.001274527565,-0.0009127058499,0.002329180242,-0.003918513209,0.005326214265,0.005962128494,0.001579702886,0.001321383313,-0.002250812236,-0.002759353684,-0.00309094119,-0.002568380064,-0.003683321487,-0.000545837189,0.009136943973,-0.001041457797,-0.0008378396253,0.008630493932,0.004145587066,0.009071094744,0.010119863,-0.004116978549,0.001174662337,-0.000151707943,-0.00228257076,-0.001830966079,-0.006127522633,-0.0007547337807,0.002401205287,0.0004228721676,-0.00543559478,0.0009376602799,0.01250567777,0.006939192021,0.003381029491,0.01091845587,0.00620432018,-0.006378933634,-0.0002753792458,-0.0005145190998,0.006475411474,0.005905218517,0.006857745037,0.01099876673,-0.0001893315067,0.00153610927,-0.001864542095,0.001918601642,-0.001010209377,-0.0003894897056,0.003539323647,0.0001839845344,0.0008219457342,-0.001176350421,0.0008711082955,0.01070116917,0.01021828651,0.01101619028,-0.0003915267685,-0.006935262725,-0.007127120848,-0.004291880837,0.01268163875,-0.0002195152899,-0.004981500142,0.005444838652,-0.0004798866071,0.00327601328,0.003987356056,0.001522713301,0.00162362964,-0.000484876984,0.002339236553,-0.001407039417,-0.002154260956,0.007423906697,0.003937579814,0.004238969714,0.005303264534,0.003405298633,0.009484475086,0.006349513385,0.001207458903,0.01272440203,0.00249050627,0.01112991736,-0.003059845624,0.002158887252,0.01071524551,0.009103601914,0.003493962324,0.01228575668
2016-12-31,-0.00352765231,0.001567544913,0.00246609587,0.005842565808,-0.001196337206,-0.0003831070209,0.0006084610239,0.001246276515,0.009031970034,-0.0008406280666,0.009199538808,0.0001852693988,0.00106701439,0.01142717572,0.01070842845,-0.001496751038,-0.001096256404,-0.0007987089175,0.003521736268,-0.0009717133918,0.005565444143,0.007644018098,0.003613000163,0.003708212359,0.0003164373696,0.004005150803,-0.002848077407,-0.002727146413,-0.002136180866,-0.001857646224,0.0115070433,-0.002704703535,-0.00402964211,0.01210862654,0.007425850452,0.01175028114,0.01116982933,-0.006425831811,0.001728868279,-0.001073302778,-0.001842176797,-0.001889858421,-0.007041870127,0.0002977649407,0.00168376876,0.0003160834657,-0.005760512448,0.003163268102,0.01178511933,0.01026955345,0.00336705685,0.01193776536,0.008704492424,-0.001147961728,0.001462216662,-0.001866805615,0.007716700257,0.009060514494,0.009231266329,0.01123912874,-0.0002229200735,0.005264411701,0.001204303216,0.002652395491,-0.003077943504,0.00125656879,0.002809544244,0.001682634016,-0.001713351859,-0.001872356846,-0.0005126342261,0.01029465064,0.01069362848,0.0115990373,0.0017113811,-0.007483603216,-0.00885214997,-0.008190586608,0.01183561087,0.002811721837,-0.000511258294,0.006646716672,0.006865741354,0.008203962672,0.006132548804,0.0004621326937,-4.009057243e-05,0.00155740926,0.003477287625,0.002173073687,-0.003953230405,0.0093983421,0.002560270685,0.002896255757,0.007024037495,0.00480375149,0.006050270029,0.007828044215,-0.0009204765448,0.01185426759,0.001065941873,0.01102893229,-0.002860596232,0.003650489772,0.01034359292,0.0115535074,0.006164951702,0.01230994682
2017-01-31,0.000999498996,0.001307909559,0.00143300032,0.002296513471,-0.0003060661365,0.0004142474518,-0.001055783277,0.001849477729,0.0005766874766,-0.001227482672,0.0007447173499,0.001318864821,-0.00159855513,0.0007752766291,0.001277385338,-0.002603105864,-0.001069646197,-0.00300704454,0.001805777757,-0.002796660178,0.0001597095302,-0.0004991976322,0.0003369901471,0.0008617560673,-0.0003459057249,-0.0003011661966,-0.003112914712,-0.002097019962,-0.003579237954,-6.503352911e-06,0.00116455689,-0.003257020622,0.0005448392099,0.001070394087,-0.0005988150786,0.001025534678,0.0009672569974,-0.001220844827,-0.0009057639691,-0.0007156591297,0.0009955904751,-0.002134350785,-8.154672739e-05,0.0007980583392,-0.001796087667,7.914895218e-05,-0.001285323665,0.002155071738,0.001833482374,0.001137247189,0.002325728007,0.00296447941,-0.000122794794,-0.003164788139,-4.105643137e-05,-9.197535036e-05,0.002287436677,0.0003486077181,0.002208167302,0.002399332657,0.002946798681,0.0006266879687,0.002353426253,0.001009053619,-0.0001132478442,-0.0001056363436,-0.0003849653279,0.003830028926,0.001283658249,0.002416077456,0.0007562204407,0.002451659125,0.002415007049,0.002533548199,0.002708727246,-0.001997029785,-0.003076289811,-0.001076452008,0.001665025885,0.0008198327976,9.27240833e-05,0.0007674699255,0.001314755192,0.00170455415,0.0001269635216,-0.0003491454493,0.0004610099419,9.635414727e-05,0.001284945688,-0.001418713148,-0.000491077131,0.002135479707,0.001755045719,0.002274912456,0.0007341603667,-0.000756093958,3.024567485e-05,0.0003170806172,-0.002282233332,0.001856637316,0.0009941876256,0.002000569717,0.0004639289428,0.002123715147,0.002045408231,0.002248796345,0.00169780904,0.002695568716
2017-02-28,-0.0004993946218,-0.0003327771356,-0.000339673768,0.001953147689,0.0006890131037,0.001302485876,0.0005230726233,0.0001877326342,0.002496368178,-0.001045703811,0.002599098395,0.0001934175733,0.002535166313,0.003174914677,0.003718185369,0.000141336239,-0.001212797296,0.001738140018,0.003760940084,0.0003118704505,0.002762402906,0.001133138605,0.002024838761,0.0006732203107,0.0007239522166,0.0005436837786,-0.002778852459,-0.00174374421,-0.002409445742,0.0005071795466,0.003623881959,-0.002129464983,-0.001532210077,0.003373937346,0.003248465353,0.003959535112,0.003400520604,-0.00112068071,-8.18085707e-05,-0.0007715900879,-0.002075825607,0.002059030775,-0.002404406984,-0.0005712194722,-0.0002039958595,-0.0003582333782,-0.001042359308,0.001731382453,0.003491534065,0.002454343586,0.001796946739,0.003242072708,0.001463217477,-0.0008395661943,0.0006196767289,-0.001807631204,0.002080788927,0.00220018813,0.002256108696,0.003449143216,0.0009408484085,-0.000773717951,0.0009864691777,0.0004079963011,-0.002994670675,0.002714697768,0.00274522162,-0.002956739258,0.001054111419,-0.004931684465,0.0001038032453,0.003601018894,0.003268922461,0.003259717804,0.0007405137189,-0.00070314106,-0.0017388266,-0.002399140767,0.003237916033,0.001868795317,-0.0002040173085,0.0007698422417,0.001899331455,0.002546835062,0.0001502509387,-0.0006653419153,-0.001090951006,-7.346824576e-05,0.0008253742522,-0.001909076222,-0.00185209535,0.00228476862,0.001231120816,0.001348309218,-0.0002974383226,0.002113666221,0.003310811618,0.002453045142,0.0006034179717,0.003647340575,0.0004595175519,0.003007975893,-0.001237225003,-0.0002183977552,0.003213657142,0.003317035161,0.001107380759,0.003426553007
2017-03-31,0.001847359441,-3.968779277e-06,-8.170232805e-05,-0.0009700416262,-0.0009466265687,-0.001015785294,-0.0007573916147,0.002121751876,-0.001274887229,0.001526815094,-0.001223831203,-0.000644157298,-0.0002920914284,-0.002251208707,-0.001647529096,0.000168518496,0.0004742613395,-0.0009830808869,0.0008646872695,-0.0008560204189,-0.001673876068,-0.001223161494,-0.002239554815,-0.001696836982,-0.000931415658,0.001390615114,-0.00258136582,-0.00128689991,-0.001971071234,-0.001014996002,-0.00125445713,-0.001773072866,0.0002972321967,-0.001534715783,-0.002346664806,-0.001632905928,-0.00232740318,0.0001127045591,0.0005187658396,0.0005956122161,-0.001118653142,2.485433934e-05,-0.0007587219916,-0.001069442654,-0.0001677012812,0.0003577166088,0.001250693181,-0.0005255860922,-0.002115226253,-0.0001057044974,-0.0002654336065,0.0001676648743,-0.0009906141038,-0.002572781685,0.0002976849161,-0.0002965979744,-0.00109640316,-0.001795220961,-0.00119036069,-0.001409041366,0.0008059454231,-0.0005096776517,-0.0001708255238,-0.0004205122592,0.003512412277,-0.001013495278,-0.001922585236,0.003093230214,-0.001794614464,-0.002564125611,-0.00077655366,-0.000407676986,-0.0005997675543,-0.001291373759,0.0005077791333,0.0002889149929,0.001089485683,0.000250450152,-0.001908318203,-0.001164219635,-0.0004364010098,-0.001868866291,-0.001730950958,-0.001802658778,-0.0003796135655,0.0009275877295,-0.0001624217802,-5.44857606e-05,-0.000442266545,0.0003800027311,-0.0003621766975,-0.001362610409,0.0002336967918,0.0002269556894,-0.00164236955,-0.001505005987,-0.001751754508,-0.001283089069,-0.0008319657494,-0.002227554307,0.003377538243,0.001356346567,0.002866359899,0.002916876249,-0.001145262197,-0.001350124933,-0.001246291091,-0.0006236705501
2017-04-30,-0.0008314560262,1.255574329e-05,0.000114089988,0.000264472581,-0.0006501179867,-0.0009451277429,-0.0002644773609,0.0006158800246,-0.0005672437927,0.0004306182851,3.018811893e-06,-6.339628165e-05,0.0003794627918,0.0009416663955,9.412790634e-05,0.0004546098161,-0.0006505034653,0.0005020882334,-0.0004600346263,0.0005232400464,-5.839341879e-05,0.0008820482592,0.0001982909078,3.255131336e-05,-6.938185998e-05,0.000145189778,-0.0008863975677,0.000239837239,-0.0004351813473,0.0001079660503,0.0007004545418,-0.002009787471,0.000876923106,1.220729165e-05,0.0004498295633,-1.974494505e-05,0.000698311208,-4.368815312e-05,0.0003510094666,0.0006426640648,0.001596663681,-0.001378883704,0.001612405037,0.001978022018,0.0002897071784,5.323425722e-05,-7.802815756e-05,1.430990817e-05,0.0002573013275,0.0007213951231,0.0005504615862,0.0002958471994,-4.726590206e-05,0.0004182273807,-0.0005068109044,-0.0005831176098,-0.0002390542612,-0.0003299266404,-0.000179401203,0.0007742355358,0.001159253188,0.0006596697814,0.0009369730843,0.0005325262923,-1.81914196e-05,-0.001484302692,-0.00359756288,0.001614715276,0.001339377419,-0.001905295077,-0.0002600783743,0.0007026118088,0.0004890159115,0.0003468877358,-0.0002661919061,-0.0008402388578,-0.0005840616006,-0.0009962620629,0.0002636387245,0.0008809405565,0.0008099052218,2.820493047e-06,0.0004511914259,0.000875959849,-8.615439012e-05,-4.626332658e-05,-5.958042762e-05,-0.0004228359465,0.0003401726707,-0.0008295317273,-0.0005702519543,-0.0003708309297,0.0006327711239,0.0006901561389,-0.0003938232841,-0.0005971108778,-0.0009261028434,-0.000790567805,-0.0004194715214,-7.308450618e-05,-0.0007013441604,0.0002919153443,4.464465071e-05,0.0002578716197,0.000790335769,0.0003991070571,-0.0003637530758,0.0003440561922
2017-05-31,0.001241022001,0.0002931436687,0.0001287956503,0.0003496943033,0.0007526168486,0.0007880900095,0.0005889074825,-0.0002561725696,0.0004711452975,0.0007410085934,0.00138799512,-0.0002116748675,0.0009979612133,0.000571308546,0.0004636948782,0.001350020764,-4.863423889e-05,0.0009507893949,9.195366939e-05,-0.000342880015,0.0003908336879,0.0007992768047,0.000378966851,0.0002049097863,0.0006571971457,0.0004476723733,-9.059633992e-05,0.001382316396,-0.0004938112233,1.773530278e-05,0.0001999863917,-0.001886799009,0.0002033303315,0.0008230414714,0.001000245,0.000451082084,0.0008666041068,0.0006478052879,0.0003681671877,0.0002189844678,0.0001077893302,6.378057014e-05,0.0002393173436,0.0004072118341,0.0004348120335,0.0008708290887,0.0001281519841,-0.001321525867,-0.0003085813088,0.001189312965,0.0004473184408,0.0009550896548,0.001570651498,0.0001427713868,-0.0008016034399,-0.0004754207181,0.0006403321383,0.0001543281773,0.0006544935278,0.000332449332,-2.059287443e-05,-0.0003444140029,-0.0003360282389,0.0003320128464,-0.001523727953,-0.001303054658,0.003455501736,-0.00270042736,-0.002343064581,-0.002446807011,-0.0001119651185,0.0004623453729,0.0002656140755,-4.64816217e-05,0.0005547066154,0.0003779059933,0.0008363467195,0.0007218099356,-0.0003035239479,-0.0002133636725,0.0002587905333,-0.0002346567535,-3.140163824e-05,0.0004501723405,0.0009902795925,0.0005693907777,-0.0009083970607,-0.0006128391423,0.0004835908275,0.0002057423209,0.0001294468827,0.0008723870973,0.0001640169671,0.0004312408427,0.0001458281192,0.0002970169822,0.0005126732266,-1.617858694e-05,0.0001166008727,9.894638778e-05,0.001184533585,0.001211279748,0.0005884211016,0.001189681362,-0.0001714077932,0.0002947868634,0.0008580025768,0.000852905564
2017-06-30,-0.001073389036,0.0001707222105,-7.382345844e-05,0.001111853132,0.0001590510929,0.0003613839869,-0.000246724134,-0.0005838615362,0.002163968576,0.0002301248606,0.0006265866116,0.001023990854,-4.841694524e-05,0.001358029081,0.0008021411502,0.00186490699,0.0004034472591,0.001588936858,0.0001641386697,-0.0009541699368,0.0006511274531,0.001144924483,-0.0002512543199,-0.0007549345757,0.0006728127008,0.0007111979335,-0.0002045366541,-0.000191354302,-0.0005598118546,-0.000131957786,0.001695095807,0.001939388627,-0.001115590442,0.001086950233,0.0005281684196,0.001210617597,0.001074577414,-0.0008178275145,-0.0003637388552,-0.0004977822522,-0.002013011267,0.0002945868997,-0.002533860078,-0.001455460357,0.0006028900022,0.00085228058,0.001249986798,-0.001880218114,0.002665934853,0.002576729072,0.0009397318597,0.001696759688,0.0007578875508,-0.0001846024743,0.0004745961974,-0.0005827862647,0.001211978867,0.0005892203992,0.001054250792,0.0008058203189,0.0006160648114,0.0008648690821,0.0009682159487,0.001135967097,0.004719465206,0.003076953976,-0.002538494186,0.005515745717,0.001992260349,0.002039711886,-0.0006514562957,0.000836671741,0.001201335124,0.001054560259,-0.0006557272053,0.00236901381,0.001042758474,-0.0001919164299,0.002610833822,0.002226894796,0.0005459166305,0.0006753191304,0.002142320627,0.001156355576,0.0003536569938,-4.101158867e-05,0.0005636786925,0.000472352517,0.001078292161,-0.0004874326177,0.0003985938445,0.001512985586,0.001160008904,0.001018143325,0.001060495099,0.001036392287,-0.0001465106563,0.001345985774,0.0008299366838,0.002314388228,0.001983703389,0.003597675194,0.001677663047,0.002992338571,0.001385556276,0.001557741508,0.0005186261847,0.002038032911
2017-07-31,-0.001096960327,0.001014703897,0.001455092939,0.00277949045,-0.001216480532,-0.0006878785027,0.000836073672,-0.001626957401,0.004415897205,0.0006836895817,0.006161022635,0.0008075132959,0.0008728245394,0.005014740413,0.00602261163,0.0006465135132,0.001254040092,0.0009853753048,0.001533811761,0.001894721028,0.001415288637,0.004228292506,-0.0007152400112,-0.0003706745798,-0.0002451737625,-0.0002072197414,-0.0002744074814,0.000657999986,0.0007993340108,-0.001385776837,0.005938576257,0.0001125729567,-0.004288231451,0.005965000694,0.003820554428,0.005820455694,0.005098078337,-0.002091944195,0.0006814677679,-0.0004931063804,-0.002437205265,-0.0007493847458,-0.004183500088,-0.001896018063,0.001440571837,-0.0008726688717,-0.001630899505,0.0006963713254,0.005865890343,0.004917386176,0.001886368486,0.005640930779,0.003719553491,-0.002512078807,-0.001057769007,0.0006980828749,0.004320627878,0.003832816013,0.004829784517,0.005630552456,0.002373823336,-0.0004727151552,0.0006381085982,0.00121403887,-0.004905396644,-0.005527716498,0.0002025484458,-0.004661517214,0.004853169044,0.005299024427,-0.0008838880899,0.005758869749,0.005822700027,0.006001187533,-2.93998817e-05,0.001152095833,-0.0002284434112,-0.002794964336,0.005818540527,0.004931746676,0.004347729888,0.0001233137659,0.0001613408068,0.004272207532,0.003224916986,0.002213970496,0.0001862912345,-0.0001584902751,0.001300482638,-0.0002892701723,0.0001078066102,0.004683063618,0.001592470264,0.001498335511,9.367499344e-06,0.003646727768,0.0001210020869,0.0002620560834,-0.0006056653116,0.006660637517,0.0008210789381,0.004994408058,-0.002581777339,-0.001043328567,0.006135160224,0.00560451761,0.003262057258,0.006261918364
2017-08-31,0.00332292285,-0.0005008216972,-0.001102029654,-0.002776664846,0.0008347840134,-4.598082399e-05,-0.0001829073659,0.0007087324469,-0.006579471863,0.001665476326,-0.006418189151,0.0005289218314,-0.001187507344,-0.006728616627,-0.00758992707,-0.0005981806791,0.0002527626598,-0.001338663548,-0.002527069808,-0.002157313002,-0.00363255176,-0.004314941187,-0.0007016646854,-0.001005277685,-0.0003797903,0.002280726337,-0.001016576601,0.001476400097,-0.002618279403,0.0002224256274,-0.007194202234,-0.003791822807,0.004821014746,-0.007441232187,-0.004122441818,-0.007718465306,-0.006490927761,0.003133945219,-0.0009767479429,0.0007353479833,0.002634828694,-6.664599714e-05,0.005853909463,0.002554630062,-0.0006015391526,0.004831985253,0.003557158847,1.75692329e-05,-0.00962150562,-0.006627606134,-0.0009509731609,-0.005821869189,-0.006505973318,0.002550062785,0.001469301705,-0.0001248366129,-0.005217164605,-0.006868521685,-0.005762680954,-0.005885170982,-0.002450761544,0.0003375255377,0.001230538805,-7.05761815e-05,0.000279877783,-0.0003091987331,0.0004961292491,0.001691530956,0.001703332167,0.0002199728203,0.0001016473734,-0.006445345349,-0.006628880593,-0.00691645337,0.000726573355,-0.003530002535,-0.003666809772,0.001910994974,-0.009590826111,-0.007308556786,-0.00619502787,-0.001974985502,-0.001201212554,-0.006455685772,-0.002910096722,-0.0003937155799,-0.0007930835781,0.001473875095,-0.0008675419381,0.001936294605,0.0007033099451,-0.006060938351,-0.002475738085,-0.002556908596,-0.004672263561,-0.006685856169,-0.006331978626,-0.005176081394,-0.0006913398176,-0.01013455136,0.0007466984476,-0.005842914659,0.005382953753,0.002756440349,-0.005459038394,-0.005658471458,-0.003348694139,-0.00788120193
2017-09-30,-0.002952446382,0.000146800883,0.0004845460319,0.003990149077,-0.0009960719942,4.870139089e-05,0.0002839442872,0.0003007782441,0.007810641187,-0.000324017833,0.007847565658,0.001331000974,0.001291655755,0.006484683145,0.00747784334,0.0006011433978,0.0001843053417,0.0002083812111,0.001765735768,0.001155085721,0.003111026891,0.00495021734,0.0006332169551,1.504440879e-05,-0.0002201212144,-0.001144609154,0.001410047795,9.017862044e-05,0.002128464217,-0.0006978317716,0.007819625259,0.001596385477,-0.005795543902,0.00784752782,0.004367058064,0.007989202154,0.006980707461,-0.003546605849,5.716233549e-05,-0.001162902454,-0.00446931116,-0.000449649318,-0.007215759367,-0.002930433425,0.0003746328148,-0.0005249322181,-0.001039838787,-0.0002363691548,0.009404585654,0.007150438164,0.002135322241,0.007573938753,0.003868150418,-0.004208634147,-0.001356180245,-0.0002874265839,0.004958922587,0.004283180243,0.005144494188,0.007207722509,0.004555772368,0.001327425347,0.001264792544,0.00217764529,-0.001507461179,-0.001983328218,0.0005001322885,0.001268955289,0.002197333877,0.005075520442,-0.0005423369505,0.006674981928,0.006862928772,0.007758583006,-0.0004521141027,0.003848102614,0.002151975386,-0.002764630116,0.009469193068,0.007044167845,0.007183340544,0.004701583711,0.00239760983,0.005379835995,0.002163536945,0.0002094997753,0.0006855784628,-0.001301800323,0.00232032924,-0.001423507467,-0.0005154641623,0.005605160189,0.002731368804,0.002996949671,-0.006663128637,0.006112081035,0.006738411401,0.003825804902,0.0009948196189,0.009439955669,0.001131926404,0.007192513555,-0.00306620426,-0.001006561446,0.007518698831,0.006375660991,0.00227333281,0.008994253619
2017-10-31,-0.0009793881343,7.711428058e-05,8.760875655e-05,0.001993957625,-0.00157978758,-0.001323882163,0.001370292943,-0.0005186502458,0.002467934475,0.0007625894121,0.003141937099,-0.0004307157151,-0.0006099989769,0.003803309264,0.004113380801,-0.0006848023684,-0.0002070390024,-0.000522448715,-0.0006313567623,-0.0009200795532,0.001246943414,0.002658162645,-0.0005949249214,0.0001194138122,-0.0002031348504,0.001056954907,-5.46217719e-06,-0.0006145604065,0.0005860815087,-0.001810227651,0.004044347569,0.0001261789871,-0.002486863769,0.00449169804,0.003267924871,0.003850526563,0.003661609537,-0.002570865368,0.001036392965,0.0003677844358,-0.0003161392341,-0.001463102695,-0.001665715091,-0.000170766199,-0.0001580569801,-0.0002721923464,-0.001512621015,-0.001714947003,0.004811374733,0.003929286152,-0.0003337975607,0.004091498565,0.000695674947,-0.002049793746,-9.29801367e-05,-0.001352314659,0.002104466734,0.002365154264,0.002413543665,0.003915287978,0.001322275478,0.00100295977,1.756189178e-05,0.0008667273375,0.006037132069,0.004336525528,0.005651714925,0.008268104073,0.005805667829,-0.00474834279,-0.0004018318319,0.004178100613,0.004028260831,0.004295576633,-3.417741808e-05,0.002603520526,0.0008160057304,-0.001423600798,0.004815127594,0.003257180692,0.003310389714,-0.001194991937,0.0006815869859,0.001512678296,0.001819036421,0.001875849254,0.001858980716,-0.001241800242,0.0009292871807,0.0006070710648,-0.001431843791,0.002349815375,0.001205564415,0.001355754323,0.003712005785,0.003212287084,-0.003358870521,0.001083687289,-0.0003746207419,0.003663362981,0.002261842007,0.005160480287,0.0006014818703,0.001853418141,0.004093694039,0.003518302918,0.001434797447,0.004305110942
2017-11-30,0.0007648819653,0.0006250409203,0.0006283437053,-0.0004348471862,-0.0001136270392,0.0003408134148,-0.0007383528359,0.0004496797566,0.0001473241951,-0.0003010078304,-0.001820878887,-0.000549364755,-0.000560691277,-0.001262370415,-0.001011009054,-0.002152783369,-0.001481397813,-0.001614868932,-0.001933354446,-0.0006537272449,-1.351876907e-05,-0.001075859968,-0.000225734984,-0.0004659485454,-0.0003943832497,0.0002493602767,0.0003615034354,0.0004306627118,-0.0007105492791,0.00028105694,-0.0008124867329,-0.001159002965,0.001333225884,-0.001017542855,-0.001245210268,-0.001178161404,-0.0009974850802,-0.0001539792058,-0.0002950306224,0.000623566841,-0.0005588696983,-0.0004317132962,2.371368508e-05,3.626564277e-05,-0.001382162497,-2.461417206e-05,0.0002696725833,0.0006673337832,-0.001739895255,-0.001386285732,0.0007108632215,-2.621174293e-05,-0.001009840063,-0.001392094151,-0.0004265217748,8.326476619e-05,-0.0006372486602,-0.001173146255,-0.0008115404728,-0.001030285752,-4.368504029e-05,-0.0004059737132,0.0002485259217,-0.0004029873453,0.0008418434476,0.00161843077,0.0008230575634,0.002760592793,0.0008217542431,0.003028438413,-0.0001168216494,-0.001396409038,-0.0009430324829,-0.001408747654,0.001071581538,-0.0003557164686,-0.0008046945542,-0.0002486117353,-0.00161761145,-0.001546833659,-0.0003471058619,-0.0002073196336,-0.001810955721,-0.000723575232,-0.0008551739829,-0.0009972746208,-0.0003435947355,-0.0008661097387,-0.0002491482397,0.0002602651114,0.0005678729072,-0.0005505384528,0.0002711873166,0.0001988307136,-0.0001191692791,-0.001201806254,-0.0005575289644,-0.001412103771,-0.0004753226858,-0.001860173985,0.0009121067311,-0.0003986934928,0.002985552577,0.003105152967,-0.001083866614,-0.0007517898007,-0.000104399586,-0.0005305992716
2017-12-31,-0.001055962883,-0.0008013271852,-0.0009746540424,0.0002706423224,-0.0003069741545,0.0005616265138,0.002114055213,-0.0001359072766,0.002142885735,0.001386020473,0.002097354071,0.0009470476881,-4.814609413e-05,0.001520624869,0.002501371252,0.001138454984,0.0002648079994,0.002750473327,0.0003634773377,0.002281432327,0.0006706506119,0.001269705428,-0.0007742247508,-0.0007947186431,0.0008786566273,-0.001127209138,-0.001131160761,0.0001394610959,-0.001033637579,-0.0005351862519,0.001993559521,-0.001009733111,-0.002145277058,0.002726092674,0.003136450477,0.002085486938,0.002307184001,-0.002050593633,0.0006661559823,0.0006005916384,-0.0002894363548,7.930173883e-06,-0.001634508507,-0.0001832298644,0.00112508115,-0.000553525663,1.47202962e-05,-0.00183153781,0.002587077034,0.002150771694,-0.0001990431352,0.002838856139,0.002495156434,-0.00336887145,-0.0005869777465,-0.001554308583,0.001122075638,0.002226910904,0.001347427698,0.00191357093,0.0005122487479,-0.0004116780056,0.0003707511746,-0.0009052836377,-0.003356955127,-0.0001082946466,-0.000397496753,-0.0004487409732,0.003813628653,0.001028621361,-0.0003714095364,0.001739549656,0.001677720779,0.001743220849,-0.001103071521,0.001157481604,0.001082290703,0.0009288153437,0.002540693349,0.0009879689555,-1.344006084e-05,0.001428833497,0.001254818203,0.0004083692787,0.001003609647,0.001083595862,0.0002672731847,-0.000639165616,-0.0004869838606,-6.356952124e-06,-0.001735098547,0.001440491973,0.0001910713024,0.0001630598986,-0.000447384996,0.0008273984617,0.002319196181,0.0006250577345,0.001091550323,0.002658081466,0.001187836585,0.002087470005,0.0009884224339,0.001621154994,0.001829169245,0.002177605798,0.0009076075117,0.003002809597
2018-01-31,0.0008997241374,0.002630562819,0.002898093868,0.004884801993,-0.0005997006964,-0.0004429158011,0.001595081684,-0.001177066789,0.006123760428,-0.001410831378,0.008260565812,0.00118391587,-0.0004244631084,0.006556045392,0.00776016562,-0.0006038207804,-0.00044070708,-0.0009380668822,0.001057394632,0.001511959994,0.00152562751,0.005424449143,-0.0005826083431,0.0003045486428,-3.949524714e-05,0.00102535179,0.001791271384,0.001110275999,0.0009680512054,-0.0002403579906,0.008186354765,0.00099635804,-0.004725428186,0.008008747058,0.005161423109,0.007986628983,0.006784600414,-0.004232985879,0.0009957007249,-0.0005245298257,-0.001960103562,-0.0007154204783,-0.005280344815,-0.001931182087,0.001853513997,0.003162660908,-0.001153811426,0.0004993560281,0.008945626975,0.009652950734,0.003517970138,0.009744985514,0.003830014475,-0.005454355785,-0.00130422206,-0.0006735704661,0.007271524229,0.005712920348,0.007853687446,0.009112439336,0.0009353859103,0.0009740633831,0.0006492736006,0.004007953476,0.001358243999,0.001222142158,0.0001509070758,-0.002415083389,0.0008807057573,0.004496838442,0.0007443596336,0.008974313142,0.009022168634,0.009276752516,0.002003875777,0.004293223691,0.001326540578,-0.003377493546,0.008916814096,0.003020440846,0.001542813806,0.0007683411745,0.002114610419,0.002294846731,0.004449550865,0.002118692563,0.001002494019,-0.001124829428,0.004463448021,-0.0009902740146,-0.0001410813977,0.007762826895,0.004401049332,0.004614094082,-0.001155885518,0.003270127156,0.0001696765768,0.002873863245,-0.0005959425289,0.009360623117,0.001754361898,0.007901217571,-0.001553473773,0.001216462569,0.009206781057,0.008335754284,0.005799062424,0.009962051066
2018-02-28,0.002638231215,0.0006075365988,0.0008346734705,-0.001259899318,0.0007217379934,0.0009449463212,-0.0002246204677,7.120031364e-05,-0.0008055562856,0.0009248180481,-0.001761848908,0.0006970054174,-0.001609099863,-0.002493229556,-0.00208672062,-0.000300478614,-0.001809243353,-0.002235224335,-0.00141441137,-0.002001742621,-0.00014525961,-0.001893243721,-7.021621251e-05,-0.0001447790426,-0.001672064484,-0.000187727378,-0.0002573027187,0.001407253121,-0.001612324046,0.0005691310157,-0.002492934082,-0.003584307731,0.001035826339,-0.001756832238,-0.002023451567,-0.002210729734,-0.002130669169,-0.0007199207839,-0.001309805559,-0.001433751627,0.0005393509527,0.0002756883203,0.000901413081,-0.0001160499415,-0.0005371390959,0.002281015797,0.001345927626,0.0002233945166,-0.003579109754,-0.0007235747633,0.0001863478792,-0.0008358143916,-0.002815780358,0.0006511547356,0.0003399682584,-1.166832727e-05,-0.001705974328,-0.003021918036,-0.001832665538,-0.001034925099,-0.0003701742396,-0.001118318086,-0.0005059790659,0.0001943676302,0.001380257512,0.0008516752496,0.001484395267,0.0007610474877,-0.0002075846645,-0.001646711532,0.0008048736525,-0.0007689713744,-0.0009760808895,-0.001352244442,0.002308481848,-0.0007650619148,-0.001461162417,-9.072868818e-05,-0.00365149227,-0.001624035063,-0.0008583368315,-0.001298232436,-0.001210031063,-0.001940358172,0.0001730118464,0.001446165577,-6.462529367e-05,-1.221382163e-05,-5.017586126e-05,-3.99326366e-06,0.0006995111399,-0.002253516177,0.0007374518403,0.0007632313819,-0.001454872517,-0.002050779267,-0.001886034869,-0.002075248219,-0.002577532514,-0.003535666856,0.001922133092,-0.001418432236,0.004096497038,0.002967074781,-0.001483843402,-0.0004278330595,2.01794559e-05,-0.001702023906
2018-03-31,0.004393774874,-0.001354982669,-0.002045250507,-0.003892088921,0.001514656168,0.001277486478,-0.001357227148,0.001264803706,-0.00901898542,0.0019335314,-0.008536747467,-0.002634354122,-0.001378620399,-0.008538919239,-0.01031271235,-0.003903052607,-0.003945998999,-0.003573915803,-0.003853428149,-0.005170480062,-0.001691285089,-0.006448805403,-0.001980538514,-0.001872573378,-0.005223142941,0.004377213605,-0.001126987627,0.002083079461,-0.003120555272,0.001000735406,-0.01002471151,-0.004400772005,0.00553626706,-0.009594528437,-0.004503885916,-0.01022957783,-0.00903105293,0.002746778662,-0.0007990847944,0.0001696932207,0.005188310338,-0.0004491029101,0.007879629537,0.00368050507,-0.0003935201957,0.005163643509,0.0006706872268,-0.002597595593,-0.01316407091,-0.009559590433,-0.001758002103,-0.009138692405,-0.008405150496,0.001216059137,0.0007669618128,0.0008481510115,-0.00867045906,-0.008580954246,-0.0098399787,-0.008291751855,-0.0004981239646,-0.001772675243,-0.002207900266,-0.003773316126,-0.0001185034133,8.652675363e-05,0.001201060588,0.0002865356991,-0.001397490409,-0.0002698670002,0.001138032128,-0.008743102268,-0.008985197371,-0.008968848476,-0.0007579529591,-0.004145877857,-0.002561491576,0.001471208466,-0.01317570677,-0.006402501584,-0.003320288181,-0.006133986994,-0.007422763129,-0.007359722144,-0.005172919205,-0.002406038772,-0.0008214088069,0.0008354726835,-0.004383503404,0.0007743588567,0.004409573579,-0.009798675583,-0.003635710818,-0.00385988963,0.003229340552,-0.00795943,-0.009156914234,-0.0083025527,0.000361592718,-0.01317856562,0.0002426899579,-0.00928461823,0.00537708612,0.001386827546,-0.008996828765,-0.008262649551,-0.006397858429,-0.01159953884
2018-04-30,0.0007997572941,0.0001906618494,0.0003169034557,0.001667294674,-6.34808052e-05,-0.0002391634718,-0.0008280100594,0.0004232735786,0.0009376553142,7.76216125e-05,0.0008799794367,-0.0004764793683,-0.0008059775022,0.001171297784,0.00116939422,0.0003525222564,0.001641501652,0.0007766610932,0.0004189123161,0.001630995475,9.26646468e-05,0.00155789203,5.32606843e-05,-0.0001385442785,-0.0004740267231,-0.0009388778665,-0.000237512407,0.0001675982735,-0.0003212070584,-0.0002012699315,0.001171914023,-0.001135234065,-0.0003891205861,0.000845073984,5.54895075e-05,0.001265560511,0.0008293858225,-0.0004845294436,-0.0001028988069,-0.001293199951,0.0002333918395,0.0003915896906,-0.0008545422056,-0.0007687399384,0.001691331752,-0.001302592324,0.002192104659,0.0009982916221,0.0005418691332,0.001235243458,0.001244773949,0.001781376427,-0.0007184372053,-0.0005520059845,-0.0001946662801,-0.0006153949014,0.001146825647,-0.0003853163552,0.0008255441762,0.002346841307,0.000518234841,0.0006560675186,0.0005337639277,0.001223173502,-0.0004658889436,0.003355728026,0.002687445399,-0.0004422729337,0.002294505248,3.200634221e-05,0.000197866891,0.002440062992,0.002306650924,0.002221702387,0.001782933147,-0.0009688139184,-0.0004841262964,-0.0005338965748,0.000546265687,-0.000539043817,-0.0008630141047,0.0002202942558,-0.0005283544499,-0.0002525978134,0.0006676805852,4.102550719e-05,-0.0007362547395,-0.0001760967434,0.001127336891,9.15853239e-06,-0.0009635409156,0.0008315888944,0.0008101071248,0.0007847576933,-0.0008951498908,-0.0004966216696,-0.001069509725,-0.0008909736067,-0.001771643311,0.0007042315341,0.001655621878,0.002027298772,0.0001610030097,0.0001048751258,0.002153028531,0.001911461963,0.0005979096165,0.001749494668
2018-05-31,0.001911349332,-0.001226336544,-0.0009929087291,-0.001194906111,0.001333619696,0.0004600129103,-0.0003853558701,0.0008698600825,-0.006774865717,0.0008032480892,-0.006315938412,-0.001553094998,-0.001442999292,-0.005338329985,-0.006916210453,-0.003181178744,-0.001952875807,-0.003506756661,-0.00324631441,-0.004007370242,0.0005146217065,-0.004246059377,-0.0002688339643,0.0001234708138,-0.002318831795,0.001618335116,-0.001276312449,0.001491606747,-0.002101947619,0.0002225497178,-0.006674487108,-0.0009800831655,0.003805994188,-0.006856730112,-0.003052539525,-0.006931335335,-0.005409900923,0.002942412494,-0.001108864198,0.0001827890918,0.004429574135,-0.0004861279682,0.00699301542,0.003932056785,-0.0008726850572,-0.003557022618,-0.0003275429295,-0.0006245959959,-0.008686264794,-0.006086482177,0.000757267589,-0.006231018421,-0.005071970437,-0.0003953904262,0.001010805616,0.0007937743139,-0.005079659174,-0.005068240484,-0.005856181853,-0.005808280638,-0.001652210966,0.0004399099588,-0.0008367464091,-0.0007608212567,-0.001734324907,0.000994210839,0.00163464744,-0.003185004208,-0.001833057754,-0.0008479809363,0.0007872819833,-0.005729422539,-0.005560317643,-0.005991240911,0.001054317122,-0.004430907901,-0.003554572675,0.0003527019075,-0.008682170066,-0.002587289844,-0.003205199291,0.005576407014,0.001236709505,-0.000586710084,-0.003469421134,-0.002462182202,-0.001275139005,0.0006599030638,-0.001210018632,0.0008606398564,0.00278724251,-0.005719817217,-0.002179162322,-0.00197872879,0.0002036443143,-0.003685343037,0.00549982408,0.002298356972,-2.949303658e-05,-0.008884713145,-0.0002158983947,-0.006639118554,0.003253349864,0.001397584212,-0.005563576971,-0.005438898796,-0.003745420198,-0.007238596842
2018-06-30,0.0006310621217,-0.001750673136,-0.001546765165,-0.001035969802,0.0007084528143,-5.579133148e-05,-0.0009571938104,0.0004366498784,-0.004224433343,0.001742868419,-0.003991605844,-0.001955757127,-0.0001691168703,-0.004107385423,-0.004857241926,-0.001658473634,-0.001020833436,-0.001878092025,-0.001613963814,-0.001835991381,-0.001018542203,-0.002436096337,-0.001533565943,-0.001579316255,-0.002631270142,-0.001065764369,-0.00106052453,0.0003093504608,-0.002028725441,0.0003955822781,-0.004913082846,0.001083229148,0.002381903368,-0.004264105088,-0.003110274926,-0.005175003567,-0.004569815267,0.0009765380614,-7.073042925e-05,0.0002690184455,0.002510998872,-4.458663517e-05,0.004493097507,0.002137018355,-5.915333027e-05,0.00127941205,-0.0002974851036,0.0004967227808,-0.005771402334,-0.004458755222,0.0008431357292,-0.004287330614,-0.004226241537,0.0001569166058,0.0009869307685,-0.0001194821687,-0.003681531837,-0.004424463023,-0.004296575806,-0.004284454894,-0.0005927356207,0.002402931098,-6.157162414e-05,-0.001456767472,0.0009770218719,0.001123961704,0.0004611899643,-0.002372257549,0.001426527547,-0.001524082331,0.0004877909238,-0.004038573632,-0.004191869125,-0.004216277778,0.0009917097207,-0.00402702232,-0.003574388386,-0.0004006440378,-0.00571764575,-0.002255926489,-0.00367866477,0.003809839097,0.0008249914974,-0.001697728373,-0.004126209166,-0.003030386677,0.0003302434025,0.0008866040852,-0.001824834943,0.001828808634,0.0008945116958,-0.003941887985,-0.001453849313,-0.001545657873,0.004226850862,-0.003040632161,0.00377160328,0.0009262390871,0.0005716331012,-0.006021554885,-0.0009609263529,-0.004968659379,0.002094635549,0.0005758619947,-0.004321414182,-0.003870678066,-0.002922630571,-0.004679927921
2018-07-31,-0.004041245273,0.000483637114,0.0004661409403,0.002753968742,-7.670145846e-05,0.0003206881075,0.001721528392,-0.0003498737379,0.008759292995,-0.0007503160576,0.007240081125,0.001502942737,9.194977667e-05,0.008717769696,0.009050062916,0.003523549706,0.001656399181,0.003843835107,0.001504196947,0.003940334225,0.0003955803973,0.005275114524,0.001508379633,0.001757302069,0.003987082534,0.001831791825,0.0001700915027,0.000689520559,0.001537716432,5.504009465e-05,0.008525602198,-0.007805223885,-0.00505756278,0.008640389234,0.006497477952,0.008908151001,0.008473273868,-0.002737073025,0.0005077572805,-0.00068444202,-0.002702542842,0.0006962870941,-0.006891269192,-0.002222007434,0.001891222295,0.003303641919,0.004427485195,0.003658154867,0.01166665831,0.0094100668,0.0001234687565,0.01079586111,0.006889258779,-0.001664035591,-0.0008657730005,-0.0003696103915,0.00722795865,0.007647625115,0.008040361559,0.008136323392,0.0006210933118,-0.00377291325,-0.001722708223,0.003325386292,1.964606377e-05,0.000875482201,0.00114646293,-0.001996051933,-0.002807537664,-0.0001750054205,-0.0009554556161,0.006935657853,0.007325300089,0.007802398911,-0.003050228494,0.004643753228,0.004328147184,-0.0004843773002,0.01161696911,-0.003289074266,0.004128509527,-0.007323611293,-0.007126882655,-0.004897700905,0.004138845673,0.001046599575,-0.0003954891011,-0.0003142267229,0.003557881168,-0.00158907023,-0.003061329836,0.008100048183,0.002020439036,0.002253043265,-0.007316653327,-0.005138984195,-0.009127393633,-0.008657902594,0.001603033722,0.01135989962,0.002109810553,0.01035752994,-0.001679841609,0.0009534144428,0.008808299806,0.007609548809,0.004250797861,0.01108351502
2018-08-31,0.0001473572844,-0.0003105498221,-0.0001932328087,-0.001137908703,-0.000538254678,-0.000925870061,4.917856997e-05,0.0007414428037,-0.00372714365,-0.0003744329627,-0.002417888601,-0.00125350557,-0.001440810469,-0.003815984555,-0.003752383439,-0.0003132883474,0.0002114445138,-0.0008097303561,-0.002478187532,-0.0002968058504,-0.0005559670078,-0.002191849574,-0.001170624411,-0.001239875857,-0.002084360471,0.001968337519,-0.000461945486,0.0003797275886,-0.001014954327,-0.0002030639822,-0.003837775752,-0.0003656838996,0.001625230337,-0.003687265596,-0.00248665986,-0.003843941252,-0.003775594158,0.001814905901,0.0001277990038,0.0008654028081,0.0007869775107,0.000281198768,0.002963878652,0.0006184610677,0.00117046995,-0.00149845442,0.0003420025609,-5.859567365e-05,-0.003969846495,-0.004157845849,-0.0001615200185,-0.004199885998,-0.002738838603,-0.0005044765986,-0.0002840018562,-0.0003924599904,-0.002390119934,-0.003507207936,-0.002945303843,-0.003520606177,0.001455155434,0.001496346786,0.001737751118,-0.0007018176909,0.001835501119,0.0004256033995,0.0004776944157,0.001661124219,0.001721148019,0.002197006782,8.61005537e-05,-0.002970872252,-0.003214835323,-0.003569044127,0.00109515394,-0.00205379141,-0.00194511472,-0.0001170228594,-0.003974264872,0.001479955372,-0.001267580126,0.002882536625,0.002527565533,0.002122495143,-0.001968184513,-0.0007937650834,0.0002273323145,0.0002259813568,-0.0009090484426,-0.0001297187712,-0.001030746565,-0.003196183029,-0.0008052265139,-0.0006368563834,-0.003368960774,0.001825660648,0.003400231448,0.003114488295,-0.000628963803,-0.004002172194,-0.001106766364,-0.003905361349,0.001787118707,0.001008878329,-0.003620772765,-0.003512981082,-0.001370131719,-0.004444741175
2018-09-30,-0.001594790253,0.0007840621468,0.0007798786436,0.001187770243,-0.0001851603085,0.0004619595255,0.001018768642,-3.183698851e-05,0.00701018463,-0.001034396313,0.005507966293,0.002176080696,0.001868410273,0.005550354773,0.006241908122,0.003219301097,0.001817956233,0.002841042779,0.0003951720133,0.003303800491,-0.001995998745,0.004062859127,0.0006999558463,0.001018538116,0.003389998973,-0.001326801437,0.001456848067,5.278721446e-05,0.002114611443,0.00036784935,0.006166400595,-0.003592197691,-0.004330754617,0.007051224223,0.004066495206,0.00636834321,0.005806157607,-0.003436597566,0.000223769643,-0.0007460511473,-0.003706973342,-0.0005359925794,-0.005837628441,-0.002490539105,0.00110998764,0.0001268815817,0.003077654838,0.001127944901,0.00772853562,0.007295832369,3.175700568e-05,0.007529805479,0.003978736597,-0.00453590153,-0.0001520941236,-0.0001417281109,0.004761668208,0.004661809288,0.005174289947,0.005978271786,0.001575135319,0.0004681211518,-0.0006762882733,0.003185587353,0.0008390720867,0.001148332835,-0.0006613145919,-0.0008700910547,-2.451202439e-05,-0.0001220247664,-0.0003761511048,0.005526286494,0.00563126906,0.005706258375,-0.001145794122,0.002897008919,0.003259584095,-0.000578642904,0.007746121411,0.001912897062,0.004213851893,0.002430212592,-0.004218254189,-0.001242932603,0.003610566183,0.00183088158,0.0004483129294,-0.0002027034329,0.003391667239,-0.003262413228,-0.001361971165,0.005345577156,0.002003277057,0.002105533586,-0.003182625327,-0.0007603016729,0.005014607494,-0.005708902673,0.0006812668923,0.007847737475,0.002494078728,0.007292483089,-0.001545799703,-0.0001317403243,0.006427427194,0.005313439134,0.00326159451,0.007731150807
2018-10-31,0.002922642022,0.0003375652868,0.000287080421,-0.003159461654,-0.000142961863,-0.000211165087,0.0001449349087,0.0007605982947,-0.004472794325,-0.0005287772727,-0.00389797232,-0.0003468333964,-0.0004363368306,-0.00424925062,-0.004752248255,-0.0003820707824,-0.0009575860945,-0.001244108395,-0.002817564207,-0.0001201030975,0.001616293669,-0.001120444197,0.001492762514,0.000872915355,-0.0003539395877,-2.863328467e-05,0.0001706533821,0.001561715611,-0.0007323305808,-0.0004190314526,-0.004948524588,0.0001748573088,0.00107337468,-0.004495057812,-0.002207170392,-0.004290510967,-0.004500659684,0.0003917478021,-0.0006763712756,-0.001066981455,0.0008019014497,-0.0002092804553,0.003670928965,0.001448166681,0.0004367656658,0.0009421188343,-0.001733412711,-0.003075074634,-0.005870502356,-0.00574007639,-0.002000497552,-0.005884285959,-0.003435670723,0.003171436619,0.0003851801878,-0.0002384885156,-0.003572767703,-0.004682094773,-0.004227346798,-0.004458178631,0.0009208722166,-0.001373557304,0.0003950399776,-0.001215873044,-0.000830610229,0.0004043810753,0.001262178093,0.0003721913926,-0.001995218727,0.0001524715456,0.001534527853,-0.004004312439,-0.004200322633,-0.00436632767,0.0002036634201,0.0001168775825,-0.0004881401218,0.0005009877128,-0.005879239947,0.001781531,-0.0005486341591,-0.00273617221,0.001067862488,0.003121712347,-0.0007315973182,0.0008495856949,-7.176580865e-05,0.00105772816,-0.00145264277,0.0002377731118,0.00052365713,-0.004589120754,-0.001735690036,-0.001835670191,-0.003792903051,0.00130890487,-0.003459753539,0.001291339678,-0.0009931214189,-0.005789733232,-0.0001248832926,-0.005917264184,0.003447070537,0.001865334162,-0.005073259528,-0.003689507496,-0.002242362478,-0.005970100591
2018-11-30,0.003004384969,-0.003128948219,-0.003388194507,-0.005114193639,-0.0009976226812,-0.0006049137192,-0.0003195668286,0.003297426802,-0.009493467322,0.001279354606,-0.00838971629,-0.002781406729,-0.0001521218301,-0.008138676822,-0.009496734899,-0.003522257736,-0.00243671938,-0.004522546101,-0.004751987735,-0.004427754565,0.003209332035,-0.005930933671,-0.0008197159669,-0.0009696866159,-0.004328589717,0.001473744473,-0.002077955568,0.000552477056,-0.003086698017,-0.0001663684812,-0.009438120854,0.002958609248,0.002894579436,-0.009379571445,-0.005107308631,-0.009893885566,-0.008634328522,0.002949204551,0.0005158264086,0.001420513444,0.005012494556,-0.0002578846688,0.007857806554,0.003791878237,0.001923152471,-0.004420191686,-0.003586985814,-0.006448559043,-0.0115046191,-0.01205998483,-0.002134641113,-0.01135294571,-0.00756832856,0.002241120645,-0.001210174557,0.0004829903948,-0.00884782962,-0.007851568571,-0.009811451134,-0.008180251393,0.0005550198318,-0.001355221413,0.0002824864023,-0.002233740099,-0.001953637724,-0.002317177125,0.00284551687,0.0001145764278,0.0006792483648,-0.0007974563174,-6.791175796e-05,-0.00766688648,-0.00758986668,-0.0077630115,-0.001011437343,-0.005006321417,-0.003274028697,0.001539969824,-0.01144069872,0.00120071449,0.001956668099,-0.002950252953,-0.0003753520656,0.004135075013,-0.005702486406,-0.0005600417989,-0.0005632517971,-0.001221435015,-0.002999534128,0.000968959302,0.004408891933,-0.01028159263,-0.003688437583,-0.004147757432,0.003991200748,-0.0006304136144,-0.006817087908,-0.003711233608,0.0004698762273,-0.01199123109,-0.00123524838,-0.01067961642,0.004562297822,0.001771327697,-0.009188995572,-0.007564213458,-0.006811437066,-0.01198459038
2018-12-31,0.001670366578,-0.005747492234,-0.006368692793,-0.008844436551,-0.003256913118,-0.00172688299,0.0008724207227,0.003866429193,-0.01127696722,-0.0001373578481,-0.0113443881,-0.001759224466,-0.0004493648663,-0.01171271332,-0.01300690006,-0.005484590318,-0.002805721619,-0.004424206917,-0.003200585641,-0.004466586448,0.002613417971,-0.007229435528,0.001693496165,0.00133708887,-0.004632415475,0.005732283392,-0.002469278657,-0.000412508934,-0.002305871947,-0.001594011733,-0.01196639084,0.006525235448,0.003518734234,-0.01132061099,-0.007456723921,-0.01330663572,-0.01188738196,0.0009578987793,0.001191253512,0.0007911778737,0.004950829173,-0.002460005874,0.009804210526,0.004335207435,0.0005504319562,0.004295076281,-0.007267571651,-0.01072508707,-0.01613400461,-0.01688290855,-0.005800064812,-0.01575559567,-0.007045553008,-0.001184046794,0.00237112954,-0.001285668668,-0.01326083265,-0.009593590357,-0.01401824302,-0.01281938602,0.001255360795,-0.002176924016,-0.001126064293,-0.005100572835,-0.003653772939,-0.004172702877,-0.002919196639,-0.0002181008179,0.0002261210733,-0.0005234075611,-0.0004489264294,-0.01205221431,-0.01158078562,-0.01237125512,-0.004824422617,-0.003320341254,-0.005113625522,0.002108558147,-0.01598290386,0.004502452782,0.0005273726572,-0.0002717956572,-0.001139945152,0.009001498689,-0.00989902708,-0.002910561341,0.0005580304563,0.002288270188,-0.006369572106,0.0006546092939,0.0009171706468,-0.0145164557,-0.005865506165,-0.006565705598,0.01185402179,0.003862776909,0.005405628934,-0.0006884903961,0.003567892359,-0.01680439469,-0.002800489244,-0.01474524311,0.006586121276,0.002822196273,-0.01533219533,-0.01270348132,-0.01054437101,-0.01624622001
2019-01-31,-0.00493405793,0.0007763808752,0.001295685679,0.008479315917,0.003292100746,0.001191203795,-0.0008449329532,-0.0002701010061,0.009775437479,-0.003296692469,0.01512386088,0.003256370819,-0.003454179443,0.01076931853,0.01365783707,-0.005620537592,-0.003685556034,-0.004221972535,-0.002604134108,-0.003291564733,-0.0002412522969,0.003441807119,-0.002665995285,-0.00253129697,0.003589486418,-0.002523308449,-0.003202135791,-0.005523509414,0.0006554091109,-0.0002507606868,0.0125884531,-0.01206015111,-0.002414060709,0.009526279092,0.006716444915,0.01428812659,0.01166178179,0.004359041622,-8.549151617e-05,0.0001179482191,-0.002733066546,0.002435159994,-0.01035220251,-0.004232513419,-0.004937663037,-0.008765925854,0.01523166512,0.01144346615,0.01384545867,0.01268101833,0.005943043219,0.01440474183,0.008747056463,-0.0006697040914,-0.0003798343211,-0.001885089821,0.008674512137,0.008809107082,0.009854361744,0.01340613937,0.001703796825,-0.0003534946502,0.00223234198,0.0001920791151,-0.0001820959233,-0.001624153416,0.0008388808934,-0.0001747785008,-0.0006591862272,0.0002968392998,-0.0009488917835,0.008539321016,0.009223854965,0.008504330425,0.001417713599,0.001535157538,0.002873128538,-0.0001823162484,0.01382976936,-0.01104510139,-0.007357127668,-0.01354363957,-0.005333336922,-0.01069454855,0.00366339991,-0.00180682468,-0.001554450319,-0.0007451621912,0.001131218407,-0.003187496241,-0.002950387343,0.01196689544,0.004016736239,0.004627915112,-0.01414069323,-0.01259341982,-0.01480195732,-0.0108636836,0.002350591396,0.01419995656,0.001324967963,0.01236608319,-0.004744952882,-0.002294990801,0.01455858153,0.01246507034,0.005829443939,0.01472453416
2019-02-28,-0.004856832923,0.0005340582274,0.001198449354,0.002921050641,0.00183902194,1.337047388e-05,-0.002916982069,0.001501789423,0.005810858694,-0.004007597289,0.007055416584,0.002350067484,-0.003406362257,0.005656794747,0.00690090286,-0.002140929287,-0.002338042453,-0.0003479319492,0.0008356362787,-0.001086588441,0.00159247894,0.003716809577,-0.001433424515,-0.001558697402,0.002360455995,0.0005371893911,-0.002098341264,-0.00464950156,0.0002948377149,0.001803003722,0.007205538097,-0.005501609614,-0.001124359431,0.005681723848,0.003491065456,0.006656604984,0.005250426926,-0.0002448925782,-0.0003771741269,-0.0007960758716,-0.003447537761,0.0001337962253,-0.005884759767,-0.002887713194,-0.003098835623,0.001573959835,0.00699412968,0.004887275595,0.009879531439,0.007127548879,0.001992719908,0.008324889793,0.003187516905,-0.003760474045,0.0007118247992,0.001093813423,0.005317079848,0.004104165969,0.005321844749,0.008301189229,-0.0009843857552,-0.003304757918,-0.001101600881,0.002124583848,-0.00189423369,-0.001877014574,-0.001265829666,0.001289929959,0.0008018672547,0.001607991467,-0.0006624275748,0.006502235497,0.007012674634,0.006956592623,-0.0005633781519,-0.0004367256517,0.0009361163078,-0.0006450759817,0.009558717874,-0.007597166181,-0.005621064427,-0.007258358472,-0.006616837764,-0.006724823578,0.003381701477,0.002269153184,4.239315181e-05,0.0004977209569,0.00193341293,-0.002491548297,0.001094961435,0.00493529258,0.001904727198,0.001626208753,0.001870569806,-0.007160262122,-0.006817915088,-0.007629434717,-2.761801044e-05,0.009805412195,8.258933143e-05,0.007071089949,0.0001925905829,0.001555425226,0.00801413012,0.007968214225,0.002746217963,0.008173078028
2019-03-31,-0.001005984042,-0.001609297998,-0.00155119953,-0.001987064005,-0.001522587514,-0.001507414154,0.0001860841508,0.001512585884,-0.004406619967,-0.001649534364,-0.005827570399,-0.0005954238107,0.001156168501,-0.004322047216,-0.00551222965,-0.00123562767,-0.003211119469,-0.0002885021005,-0.0005276018456,-0.0007555807481,0.001088272751,-0.004541509497,0.003564980041,0.002379149276,-0.001843322932,0.0006843339833,0.000283980014,0.001810126929,-0.001632305793,-0.00211883627,-0.004757682527,0.001024121878,0.003326249527,-0.005654953359,-0.003222251061,-0.00581081802,-0.004921757808,0.0009758597589,-0.001361341739,-0.0005006366691,0.002547263558,0.0004731663984,0.00405370169,0.002171779847,-0.00040478025,-0.0008891199353,-0.001866378021,-0.002739674576,-0.004453703826,-0.004813963473,-0.0005234943829,-0.004602019842,-0.002356213177,-0.002277055289,-0.0001487761153,-0.0004792001104,-0.003989199446,-0.003598651081,-0.004316682797,-0.004877091011,0.0006857340805,0.001631885601,-6.307190838e-05,-0.001387507643,-0.0008939810097,-0.002448804234,-0.002113147764,-0.001376245737,0.002723642206,-0.002558324655,0.000131490787,-0.005024552498,-0.005356686954,-0.005191345601,-0.001357162954,0.002211862536,-0.001326570761,0.0007152854745,-0.004431976663,0.003445661976,0.003149570313,0.0004738339909,0.002374775032,0.001687350123,-0.003226758437,-0.001149554172,-0.0008992471656,-0.000463052198,-0.001965154428,6.978837715e-05,-0.001159960155,-0.004120584778,-0.001452467931,-0.001620581825,-0.001642371273,0.003636190722,-0.003170511743,0.003202875915,0.001758627062,-0.004199850899,0.0006279160943,-0.003227810287,0.004150436058,0.004000196007,-0.005119049837,-0.005290896196,-0.003622700361,-0.005025971195
2019-04-30,-0.004588184148,0.002206734666,0.002623518926,0.005334308972,0.001395429556,0.0003127490476,-0.003083824207,-0.001404314489,0.01041440853,-0.005041843247,0.01149628031,0.001266564168,0.001574914818,0.01066770878,0.01208170263,0.001086610595,-0.00254777501,0.002885520844,0.003465887853,0.001545228199,-0.002312893176,0.006603377341,-0.003018046708,-0.003331829941,0.004142138691,0.003820114704,-0.0007167913853,-0.003833267542,0.001345142128,0.00019746298,0.01216612153,-0.005832283394,-0.001458906046,0.01116428812,0.005640068424,0.01191284145,0.01092083256,-0.001791376033,0.0004814362992,0.0007151851233,-0.004094879407,0.00221821618,-0.008879558249,-0.004113383754,-0.004288100867,0.001722455041,0.005152055097,0.002475630943,0.01445648907,0.01161688376,0.003539795412,0.01253420271,0.004895897975,-0.005478530544,-0.0003605393873,0.001119908847,0.008857191278,0.007340944131,0.009311627218,0.01183067458,-0.0007432319062,-0.001454585598,-0.0003111971386,0.002784972838,-0.002076341409,0.004206122622,0.0024195662,-0.002118032678,-0.002227967787,-0.0007144995849,-0.001188368204,0.01000272761,0.01039679698,0.01130193012,0.001315166895,-0.0080935946,0.0006549655233,-0.0009810079667,0.01438424474,-0.006644481757,-0.005437835052,0.007800556131,-0.006363345447,-0.00101456669,0.004706814237,0.001660678811,-5.424325323e-07,0.0006261127122,0.003038200876,-0.004391741218,0.0007894272605,0.009534408509,0.003929847958,0.004549740066,-0.004024366617,-0.006050924861,0.01055562277,-0.008225984269,-0.001155809904,0.01463669286,0.0008933900169,0.01116358647,-0.002498761552,-0.0009356300758,0.01290584464,0.01148642659,0.00683541686,0.0127484126
2019-05-31,0.005923582637,-0.001847882249,-0.002386857175,-0.0092997492,-0.005174538146,-0.004116724246,0.002899290752,0.001751871998,-0.01570383733,0.002808865309,-0.01790764444,-0.003531631022,-0.0003140024996,-0.01789167994,-0.01923871797,-0.002840742272,-0.003687001905,-0.006135199306,-0.004679378102,-0.005067318166,0.000951785189,-0.01168124487,0.007672997153,0.007253375338,-0.008238195918,0.001463016836,0.001724865783,0.003932214136,-0.001565971489,-0.002929348402,-0.01855944314,0.008302526874,0.0008632695044,-0.0175324233,-0.009762303092,-0.01925181338,-0.01747916754,0.003708138066,9.172721957e-05,0.0007758651772,0.005011450889,-0.002189965302,0.01287054749,0.004738499056,-0.000651715443,-0.0008652497079,-0.001903800377,-0.001835756402,-0.02009902535,-0.01839687598,-0.006016061162,-0.01620873378,-0.009405294661,0.00592180794,0.0005243067016,0.0009759822151,-0.01226407915,-0.0107231309,-0.01334722997,-0.01807347836,0.002224514235,0.002638812841,0.003400969463,-0.00504680617,0.0002662399923,-0.003241868459,-2.455125815e-05,0.0005786941772,0.001626825872,0.002752974132,0.001154589189,-0.01497589523,-0.01592467896,-0.0167218149,-0.0002932223384,0.00942084809,-0.000324919474,0.001475532212,-0.02011861724,0.009952810909,0.000536128552,-0.001450372541,0.007492941488,0.009144464342,-0.005882586942,-0.0007691873824,-0.0008296593104,0.001069376842,-0.006127512468,0.002674830849,-0.0006516567097,-0.01469388755,-0.005856710712,-0.006802979603,-0.01563896741,0.009982035775,-0.01156564583,0.009288298104,-0.001326368574,-0.02028468377,0.001622873433,-0.01584024123,0.0097765571,0.00552311275,-0.01805773219,-0.01823321131,-0.008080479802,-0.01767756529
2019-06-30,-0.005534600211,0.0001721959615,-0.0009967640602,0.005904285502,0.00428364138,0.003663058648,-0.0006819160901,-0.004631050237,0.01015668273,-0.0005859673158,0.009813046625,-0.001202299009,0.003266560997,0.01041215637,0.01175679694,0.001800310681,-0.0006481897048,0.004052475146,0.003736530867,0.003777856779,-0.003253192608,0.006700600908,-0.007004234357,-0.007433811302,0.005247584365,-0.0006238134446,-0.001229130742,0.0006648439067,-0.001273478066,0.0008348145165,0.01103564343,-0.001688214425,-0.001101235344,0.01077488971,0.006440506262,0.01149538102,0.01049978301,-0.0008115876667,-0.0007923743117,-0.001309085824,-0.002367587485,0.004083375357,-0.008006243327,-0.003049611979,-0.002518741116,-0.001977257954,0.006956761427,-0.0003977908445,0.0127674949,0.009037910021,0.004513892091,0.008391012386,0.006493013588,-0.005796058782,-1.45096777e-05,-0.0006635557462,0.006245630573,0.006143911355,0.007014945101,0.01060036495,0.004768974757,0.003200079767,0.002243243369,0.004507171394,0.0009720228609,-0.001677844024,0.0008433009809,0.003978815291,0.0005973201792,-0.0001937492243,-0.000702864478,0.007231739969,0.007635870822,0.008594806942,-0.00294070448,-0.003211648672,-0.004122396529,-0.001989994477,0.01278360594,0.003335389074,0.0005693665656,0.006569771141,0.008071295007,0.003476570858,-0.0002685117764,-0.003375565123,-0.0006007953225,0.0002827827341,0.004532380134,-0.005427645917,-0.002414718053,0.007816856924,0.002711468499,0.003132782813,-0.01074323265,-0.000271935487,0.007938312342,0.008503929944,0.004415993638,0.01220520872,-0.0008097721335,0.008226786574,-0.002492526313,0.0007386666377,0.01089461062,0.009678665407,0.002713334067,0.009033266723
2019-07-31,0.0001867097667,0.001478519228,0.00172764633,0.002744516068,0.001234864536,0.001523557208,-0.00261076008,-0.0003294400803,0.003926328356,-0.002519301768,0.003943856282,0.001219958976,-0.002405887785,0.002530734906,0.004100116151,-0.001147791587,-0.0005233971341,0.0006393240945,0.0003616784066,0.0003987363041,0.001108656951,0.001112099066,-0.002159856567,-0.001940350648,0.000439192076,0.001806727069,-0.002314326808,-0.002389943287,-0.0006874020396,0.0001239903951,0.003975982523,-0.002175027237,-0.0001311699731,0.003626450018,0.0001639023464,0.004276760733,0.002480584236,-0.001143388231,8.845914896e-05,-0.0002932578423,-0.002694911621,-0.0004313870269,-0.004520190881,-0.003026083497,-0.002592857272,-0.0005798205003,0.003541534704,-0.000790805881,0.004121953997,0.004451270553,0.001851648516,0.00467462481,0.001267158464,-0.003137863284,-0.001282231729,0.0007480902094,0.003488897685,0.001874291603,0.003249060646,0.004533639895,-0.000311873717,0.0009159367368,-0.000920791533,0.002867699725,-0.002434217085,-0.0001331825856,0.00053984355,-0.001855514768,0.001480434177,-0.0003023550442,-0.00113641609,0.004668898328,0.004868979002,0.004305446071,0.001272550887,-0.001070313425,-0.0008469764802,0.0007620820508,0.003935787899,-0.001154509511,0.0004811086287,-0.001132096585,0.0005872320091,-0.001834271074,0.0028092145,0.001818658431,0.000702923887,-0.0006770391901,0.002926817803,-0.001444730313,0.0006434420004,0.003212813167,0.002208834509,0.002411690102,0.001247079065,-0.002373898004,-0.00385876704,0.001355660386,-0.0009619488748,0.004017510077,0.001572505819,0.004480629247,-0.000356082606,0.001798041611,0.003755106131,0.004342419265,0.002782366468,0.004558038083
2019-08-31,0.003765288462,-0.00352240248,-0.003408091242,-0.008895827289,-0.003643419859,-0.0024487657,0.003687391859,0.002627259589,-0.01692879899,0.004320808958,-0.01782179227,-0.003523503283,0.0004070047105,-0.01667529354,-0.01903261322,-0.002298584945,0.002499161845,-0.008271276163,-0.006903558349,-0.006255624652,0.000169062093,-0.01166909106,0.006230233236,0.006083948723,-0.009313269643,0.002421946537,0.00361777308,0.002744794487,0.0009149538385,0.0004865082064,-0.01903817468,0.009970540304,0.004617533332,-0.01830257782,-0.009448411373,-0.0191747718,-0.01635031225,0.003817376149,0.003706245178,0.001539280815,0.008566083198,-0.00291559884,0.0156892394,0.00842340739,0.002201131717,0.0005723540773,-0.006805687002,0.001593477876,-0.01959195515,-0.01753503573,-0.005225750232,-0.0163042758,-0.008654196019,0.008170207345,0.001344018485,-0.001484927233,-0.013611891,-0.01056399605,-0.01442607321,-0.01912733031,0.001980109604,0.00325559455,0.003303079592,-0.007483090252,-0.0001952740095,0.0003423263194,0.000222142695,-0.000638304584,-0.002102009055,-0.0003481753813,-0.0008586169485,-0.01593087845,-0.01692654309,-0.01766949303,-0.0003973690447,0.003220658079,0.005679663459,0.001753190091,-0.01957594099,0.007912482897,0.01269788548,0.01011138093,9.40906782e-05,0.007521200008,-0.007191328778,-0.002670032664,-0.0003939715285,0.0003771215076,-0.008024222412,-0.0006286917754,-0.002052868865,-0.01517233966,-0.007481199727,-0.007787810674,-0.003008476799,0.006458305348,0.01549991599,-0.00847665582,0.0002470918647,-0.01965323958,-0.002561267472,-0.01644808306,0.008668603916,0.003633419081,-0.01857967425,-0.01802183072,-0.009914820699,-0.01799565384
2019-09-30,-0.001246098833,0.000700521143,0.0006261920926,0.002413494135,0.001568358475,0.00143836694,-0.003356651213,-0.000998683484,0.004595691924,-0.0001307683998,0.004376418867,-9.68056821e-05,0.001701116582,0.004003856237,0.005578935008,-0.0004839504755,-0.001919911858,0.0005767479642,0.002399184335,-0.001156464656,5.575469898e-05,0.002681936472,-0.002215600116,-0.002073062633,0.001605660757,0.0007689643582,-0.003455259343,-0.004845143556,-0.003058347207,0.002000040489,0.005736358531,0.0009826610203,-8.430018498e-05,0.004928688005,-0.0005867109388,0.005314079437,0.004081230531,-0.001868483938,-0.001723112023,-0.0003818936209,-0.002974159126,-0.001605198714,-0.005341777542,-0.004029001229,-0.003093113608,0.000381239821,0.003883172916,-0.001798067594,0.005307437447,0.004593442114,0.001288184613,0.004975182243,0.002027552651,-0.001252173525,-0.0003026427799,-0.0009902258897,0.003206692826,0.002018539991,0.003556269114,0.005156976296,0.002565359729,0.000988126504,0.0004512376438,0.003153519331,0.001611353216,0.003378785958,0.002909064656,-0.002028391416,-0.0009822808654,0.0002711179827,0.0008910869411,0.003959636132,0.004313216004,0.004475240209,0.0005929514634,-0.002839695028,-0.001057085482,-0.001736648397,0.005217455724,-0.0002966238398,-0.001867823959,0.002660696521,0.0001647488249,0.0003711826448,0.002665005214,0.001555862236,-0.0006274158158,-0.0008384398344,0.00306133958,-0.003484826816,-0.001453283522,0.003550371953,0.001813719778,0.00157607285,-0.004920019386,-0.002288249872,0.004150312383,-0.0002027375436,-0.0003673090638,0.005282473496,0.001481880652,0.004367945126,-4.54625877e-06,0.0003038733646,0.005385941935,0.005155277124,0.002496640827,0.004875912738
2019-10-31,-0.0004701688795,0.0008778881223,0.001170196392,0.003074748436,0.00167231495,0.001003540011,-0.002274545256,0.000429045758,0.004994374712,0.0006742360399,0.005102314717,0.0005933068359,0.001057013677,0.004279909552,0.005989530645,-0.000734606009,-0.001934502712,0.002315246194,0.00308779474,0.0008110849712,8.882307232e-05,0.004256260026,-0.001140487713,-0.0009572055772,0.002828117335,0.003450128516,-0.002598172024,-0.002827375097,-0.00163644348,0.001884032974,0.00584699522,-0.0002960475394,-0.001131972391,0.005897216299,0.0008079369767,0.00583451187,0.004067371434,-0.002089026289,-0.0003366246205,0.001039567324,-0.002301747826,0.0002306105901,-0.004747236502,-0.002817377462,-0.003210762775,0.0007531931247,0.003310556513,-0.002834729069,0.005277803865,0.005140015459,0.002000870075,0.005294582571,0.005320003455,-0.00281417516,-0.0004245491402,-0.001201417329,0.004209646336,0.004449175905,0.004386819797,0.005281851352,0.0006371799265,-0.001057642162,0.0003632163147,-0.0008769647541,-9.887080942e-05,-0.0002020402915,0.0003910305138,0.0006803991332,-3.601925479e-05,0.001092116192,-0.0003008767475,0.004579190265,0.005251121473,0.005327973781,-0.0004336351965,-0.002090605539,-0.001451524553,-0.0002108933439,0.00529104057,-0.002522656605,-0.001787937005,-0.00342136051,-0.001503628471,0.0001532713202,0.002118547263,4.207332362e-05,0.0004993946644,-0.0001379361663,0.000162305271,-0.001106714781,-0.002894723718,0.00513617823,0.002208545426,0.001945945576,0.0005963510585,-0.005045626986,-0.005145055974,-0.004397291749,-4.406921944e-05,0.005238037106,0.001158240997,0.005440567959,-2.718048381e-05,0.001658348867,0.005409945932,0.004842521206,0.00295684726,0.005481770215
2019-11-30,0.0002508024369,0.001501808821,0.00154924633,0.003141051138,0.0003692294641,0.0007182698675,-0.001395119053,0.00196738426,0.003586556735,-0.0009807442164,0.005513799067,0.001748627295,-0.001078432903,0.004199343353,0.004584024934,-0.001522570703,-0.002471381219,-1.401823936e-05,0.0003396195688,-0.001076020511,0.001039562263,0.003040025988,-0.001102341254,-0.0009959408602,0.003489254664,0.0001784470194,-0.002034015508,-0.002578674643,-0.0001518833063,0.0004471787253,0.005339178281,-0.001668410535,-0.0007843000841,0.00403043503,0.001866721909,0.004886944058,0.003928148932,-0.0007334024599,-0.0008633832277,-0.001299833163,-0.002436002544,-0.0001947800872,-0.003676702447,-0.001792825506,-0.001807940962,-0.001198061054,0.003313104464,-0.001409238593,0.00618763167,0.004854796369,0.002760812762,0.005099860709,0.002696272548,-0.002019782387,-0.00103495496,-5.205096551e-05,0.004727153943,0.00448771543,0.00476865496,0.006130675041,-8.394384532e-05,9.527098716e-07,-8.041711363e-05,0.00225875684,-0.001651270758,0.0008923874321,-0.001971657849,-0.002898061207,-0.0006213511682,7.685577822e-06,0.0002949313572,0.005619327985,0.00628038157,0.005882794081,0.001185965367,-0.000723730641,-0.001419417562,-0.0004559221289,0.006253240739,-0.002073696933,-0.00307471248,-0.003374578017,-0.003926447194,-0.0001107163637,0.002753225874,0.0007230149811,0.001234168551,-0.0007773172427,0.002773351354,-0.00243963991,-0.001509479267,0.004963842717,0.002761755592,0.002957661689,-0.000744327467,-0.003137759501,-0.005294620187,-0.005064232309,1.502733647e-05,0.006244654101,0.0007800109102,0.004736579612,-0.001313362236,0.0005138391124,0.006268926034,0.005556832556,0.003404962806,0.005183061707
2019-12-31,-0.006427796833,0.002307504651,0.003193278043,0.008492600738,0.004650871032,0.004281658725,-0.003550855183,-0.002449174387,0.01406408002,-0.004134814181,0.01576963531,0.002952922451,0.0033390597,0.01435217965,0.01669456234,-0.002934792387,-0.005226989595,0.001862618472,0.005610494934,-5.086456794e-05,-0.003046396271,0.008512092233,-0.006418199463,-0.006311030483,0.00591157264,-0.003582654085,-0.004640430948,-0.005867662085,-0.003133939371,0.00448176303,0.01618876169,-0.0006564081003,0.001582711121,0.01638895159,0.002434971681,0.01703847824,0.01472274659,-0.003954760833,0.002579578611,0.001601324817,-0.004778048999,-0.0004581427477,-0.0136703942,-0.008524437931,-0.003831024392,-0.005409806074,0.010048991,-0.00089202121,0.01743535267,0.01646613709,0.004921312304,0.01562493289,0.008722282602,-0.008547631981,0.0004873040105,-0.001608880152,0.01175933002,0.01109763142,0.01340434904,0.0171056609,-0.003951683937,0.002074777846,-0.001631266491,0.003842234093,5.585356013e-05,-0.005116054065,-0.0008474465703,0.002424809284,-0.000293209906,0.0005707560933,-0.00149800655,0.01453747953,0.01477925915,0.01589288602,-0.0002943682459,-0.01128918594,-0.008278325747,-0.002597474655,0.01745360763,-0.004005596741,0.004842643821,0.008304809645,0.002540402774,-0.00470108314,0.006970392731,-0.001845853701,0.0006209557033,-0.0008850859699,0.005266941994,-0.002813154525,-0.001642405608,0.01467038477,0.006147338953,0.005675420316,0.004033245404,0.0019169513,0.01195187241,0.006478217148,0.0009032840394,0.01712194145,0.001439217319,0.01501844246,-0.005702286571,-0.001175693795,0.01674951738,0.01655382417,0.008599447671,0.01663927852
2020-01-31,0.007483576715,-0.001236971165,-0.001783797416,-0.007369012913,-0.003609751767,-0.004077481232,0.003567610632,0.00432956364,-0.01238419779,0.004262903198,-0.01376638008,-0.004731089703,-0.003914599834,-0.01272531198,-0.01411667023,-0.007155722573,-0.004352034734,-0.009291795208,-0.009221533627,-0.007029967459,0.0007570632412,-0.009116018785,0.001678238638,0.0003142399951,-0.007782561158,0.00590671996,0.002066174836,0.002578268477,0.0005590251696,-0.002847835184,-0.01454224674,0.004395012741,-0.00467382803,-0.01444867236,-0.002560144198,-0.01427875288,-0.01328859138,0.006000392009,-0.00223932486,-0.0003841564563,0.002607509518,-0.002314714872,0.01203032167,0.00723000575,-0.005987919406,-0.0004091185112,-0.006979411543,0.004110319555,-0.01501120772,-0.01122854853,-0.005514006127,-0.00899664555,-0.007791392502,0.004915917147,0.000111406725,0.001942681154,-0.009812101408,-0.008273869563,-0.01066652904,-0.01366368053,0.005848309729,-0.001785862571,0.003371206085,-0.005755139575,-0.001209931085,0.004435126736,0.001007846853,-0.002778748022,0.00385571368,-0.001367009486,-0.0002977751716,-0.01147070194,-0.0122019851,-0.01275471543,0.0008996390508,0.00838491719,0.004762770846,0.003850782537,-0.01497478854,-0.002199151897,-0.0004088630223,-0.008435416195,0.001783812576,0.0005189741315,-0.005155470541,0.0003567696619,0.001564807704,0.001541613497,-0.006509902696,0.005808478294,0.001443080252,-0.01164103272,-0.003749714437,-0.004147794347,-0.01343002208,-0.008745435526,-0.01202396763,-0.003722172188,-0.003981458303,-0.01472774237,0.0004362407819,-0.01029853624,0.008055806942,0.003917309484,-0.01387677616,-0.01282252759,-0.006525504971,-0.01023000664
2020-02-29,0.00733807121,-0.001731454086,-0.002347528793,-0.01247050738,-0.004771666849,-0.004366088099,0.006545422909,0.003422164669,-0.01975004595,0.003014882631,-0.02051742078,-0.004857623399,-0.004959825814,-0.01982418735,-0.02184420176,-0.002169974427,-0.0005110640538,-0.006679151264,-0.009425879408,-0.004129227877,0.005989176416,-0.005174905203,0.00698672649,0.005476611408,-0.008159897475,-0.001581019577,0.006962869169,0.006156754864,0.00349442112,-0.002870254819,-0.02169256716,-0.001209412846,-0.006649032504,-0.02073105575,0.001012935765,-0.02170158569,-0.02049199731,0.006910608213,-0.003262445214,-0.001115553177,0.00691008672,-0.001764075968,0.01753605883,0.01035644291,-0.001927409277,0.004477064333,-0.01199807362,0.008189012169,-0.02305931598,-0.01729818634,-0.007031461162,-0.01583419092,-0.01324157924,0.009046572289,-0.0001789015316,0.0006689854304,-0.01687238996,-0.01406285869,-0.01807197045,-0.02140277384,0.0007710003054,-0.00728469408,-0.0006056003588,-0.007545480531,-0.0002999348942,0.0004495508851,0.002305074791,0.0007858864787,-0.002348403198,-0.002263246031,0.00273302873,-0.01907960289,-0.01935594388,-0.01991652289,0.00128126076,0.01216999658,0.006997407673,0.001998146238,-0.02304934136,-0.007976690273,-0.002952348544,-0.01919745283,-0.008174632239,-0.003718956295,-0.005273979623,0.0006860415159,0.001904064698,0.0004561236879,-0.008471733269,0.008082762793,6.815047251e-05,-0.01868169472,-0.006567875498,-0.006669726207,0.01814130738,-0.0139349983,-0.02035193652,-0.01471769953,-0.004031673299,-0.02292826782,-0.001430250952,-0.01598691069,0.01002135599,0.001513622927,-0.0217114334,-0.02155320881,-0.01141246453,-0.01694219586
2020-03-31,0.01716621035,-0.01268117335,-0.0154750251,-0.03346434537,-0.01789610192,-0.0161302228,0.02280192227,0.00342093931,-0.06184370543,0.01536966217,-0.06436200843,-0.01631899835,0.007531244547,-0.0569090871,-0.06659384265,-0.02063869261,-0.01932563437,-0.02727321677,-0.02961937352,-0.0240055341,0.000877452548,-0.001881338297,0.01448954982,0.00789609087,-0.02036579387,0.003716671704,0.01756071821,0.01871188725,0.01310296895,-0.01173042139,-0.06855532103,-0.02522516303,-0.004153587524,-0.06577143478,0.001445300451,-0.06666055341,-0.05830477176,0.02419959058,-0.01397629438,-0.01169092214,0.0183376668,0.007988761765,0.05593835111,0.03210664203,-0.02044390585,0.02456833591,-0.038865389,0.03898657256,-0.07109500217,-0.06590634396,-0.02419138533,-0.05576161624,-0.04415749394,-0.002677667838,0.004711551531,0.002715088315,-0.05443490933,-0.04925100446,-0.05743623449,-0.06765098555,-0.006847981648,-0.01780497072,-0.01496769965,-0.01171241386,0.009403806242,0.004672789429,-0.007547366067,-0.002205260984,0.008207825997,-0.009677256884,-0.0031821058,-0.06312557326,-0.06448736894,-0.06572820093,-0.004642601128,0.01609691898,0.01573181298,0.004214993951,-0.07101937803,-0.01402290375,-0.01484473982,-0.01155286013,-0.03471544521,-0.02139600069,-0.02654824548,-0.005995360383,-0.003020536748,0.002512017094,-0.02008311549,0.0158098091,0.001635837011,-0.0587454281,-0.02705918084,-0.02595301203,0.04497769859,-0.01907107116,0.0001496915384,-0.03724834335,-0.001388946052,-0.07323302195,-0.002748938965,-0.05816090764,0.02912485448,0.001707452547,-0.06950969585,-0.06780457267,-0.0395750214,-0.05963245124
2020-04-30,-0.007304444542,0.0009295464248,0.002149695255,0.0006248454983,-0.01904790848,-0.02407639314,-0.02727801284,-0.01456849693,0.03098832899,-0.02318352399,0.03469223753,0.01980130672,-0.02299880392,0.03835760159,0.0348414773,-0.01505067927,-0.01553520814,-0.01536454032,0.02001651434,-0.01875654449,0.02734123585,-0.002671686308,-0.00475172598,-0.0004654638022,-0.001582534725,-0.000849393219,-0.02696114472,-0.02297362388,-0.02371499157,-0.02364195035,0.03149324585,0.03837576267,0.04309414521,0.0389697613,-0.01538216516,0.03625630174,0.03864817289,-0.02437195675,-0.006955108663,-0.01650251519,0.0009053102207,-0.0270875136,0.0009356168674,0.02125493381,-0.01451411735,-0.0187384281,0.009794345082,0.0112356311,0.02056283353,0.01607946167,6.081445845e-05,0.02013510791,0.01016872231,0.005942676361,0.001026081505,-0.006850451209,0.009316801223,0.01181005021,0.01040016713,0.03442341246,0.01248171337,0.01787519486,0.01394088474,-0.004642642351,-0.01539200162,-0.006715090562,0.02259398967,-0.02115884393,-0.0002361485757,0.008869482292,0.001454937113,0.02050045723,0.02244958473,0.02617591611,-0.0001457452686,2.456384813e-05,-0.007995160008,-0.001841786059,0.01859935329,-0.006162184979,-0.006099899317,-0.0150482807,-0.00791606604,-0.009656191299,0.006034657667,0.001324083761,0.004086357661,0.004611382726,-0.002075947962,-0.006093816399,-0.01170091208,0.01415776971,0.001519325999,0.001949525406,-0.02766259604,-0.02533189206,-0.03261792339,-0.03204896789,0.0005191061732,0.02300376365,0.005499842089,0.01752813707,-0.0117319505,-0.003020498422,0.02047431679,0.02281411491,0.008048827607,0.02489577186
2020-05-31,-0.004357908087,0.001163589308,0.002655186473,0.005893996918,0.008620197703,0.006561514758,-0.01355241319,-0.01289995932,0.01621623288,-0.01587755044,0.0107128675,0.01415258283,-0.01436422692,0.009751534972,0.008472450737,-0.01216958474,-0.01202732168,-0.01195906136,0.01342388629,-0.01342274756,0.01314668402,-0.002737078481,0.005775294966,0.001010667217,-0.00494027452,-0.003353361764,-0.01380625997,-0.01155838778,-0.0132201421,0.004666818736,0.008072462345,0.0187272812,0.01163232441,0.01181521334,-0.004191220985,0.008728588225,0.009409008682,-0.01028076254,-0.007157938053,-0.008453662472,0.002122504637,0.007192128234,-0.00942195052,-0.005151497157,-0.0120218969,-0.004379131642,0.001026297767,0.005916250566,0.01196097779,0.01052719376,0.004142066561,0.009602061964,0.00641203176,0.002264712764,0.001529394882,-0.004230225744,0.004879675844,0.004080038966,0.005548617435,0.01408737961,0.001906381882,-0.009072363532,-0.003527105739,-0.0009096954536,-0.008561706931,-0.01114167565,-0.003265334227,0.00648453767,0.004429637126,0.0001890334811,-0.001438290881,0.0144828396,0.01444976589,0.01337551002,0.003534331401,-0.0001678155419,-0.004533536381,-0.002104376333,0.01159966555,-0.01002832311,-0.005568227516,-0.01138599626,-0.01038311939,-0.01062599579,0.001478564982,-0.001926012879,0.0004968035737,8.553014942e-05,0.0004943798394,-0.006956046139,-0.002269492832,0.006203544076,0.00261757802,0.002837205005,0.00152013758,-0.0126290915,-0.0101122287,-0.01228502582,-0.0007551895878,0.01225176914,0.005219740033,0.0140342885,-0.001148377259,0.001294924163,0.01082671535,0.01525761784,0.005253172057,0.01094715988
2020-06-30,-0.003884816417,0.004062872363,0.004514565329,0.005879486537,-0.0007368731278,-0.001344075062,-0.006534046376,-0.01390192034,0.0179514131,-0.01016375896,0.01183736386,0.01341707015,-0.000153445395,0.009870397049,0.01241658348,-0.009782068653,-0.01287319718,-0.006230616923,0.01349421896,-0.0106035086,0.008918735335,0.0001448871897,0.003474312119,0.002549244813,0.01127866727,0.001844850142,-0.01127329174,-0.01157399999,-0.01187921109,0.001678178451,0.01083125518,0.01733248142,0.01171524361,0.01222965435,1.044848706e-05,0.01270124602,0.009198630189,-0.005014273316,0.004490669539,0.004953528184,-0.00111814003,0.002890384633,-0.009029852407,-0.003721493678,-0.01299543558,0.0005507032464,0.004720204627,0.004690939412,0.0115012832,0.0124777072,0.004450775325,0.01518174127,0.003628572379,0.003686559239,-0.0006668243508,-0.001169523197,0.009447495442,0.005554663454,0.00957941971,0.01373001211,0.001562900321,-0.004452745506,-0.002353313441,0.004227182195,0.005663881878,0.001640464249,0.007042518262,0.009141231114,0.006813890372,0.008732290717,-0.006096443326,0.01211479658,0.01241250811,0.01291190043,0.002723568679,-0.003528323695,-0.001656498444,0.00081970169,0.01156447288,-0.01318438728,0.006130297956,-0.01600518086,-0.01521024987,-0.0143573073,0.004167781668,0.002237803085,-0.0003112454755,-0.0008132113221,0.00445233413,-0.009146206622,-0.00585259872,0.009075680243,0.005213833825,0.005879839225,-0.002858262224,-0.01217432036,-0.01144257217,-0.01207452214,-0.003010526681,0.01423443065,0.005053187474,0.01294241938,-5.945563883e-05,0.004946740673,0.01346293046,0.01393702408,0.006948857366,0.01679551117
2020-07-31,-0.005183516313,0.0003733423744,-0.0004489473194,0.007210785917,0.005211288334,0.005253952245,0.0002127546212,-0.008198845163,0.01028013978,-0.00518596329,0.01289541227,0.00737602933,0.002308798579,0.01006194339,0.0116721104,-0.001314515732,-0.009675472797,0.003653302195,0.009777451267,0.001290720023,0.001103950673,-0.0027782724,-0.002452354184,-0.002382423665,0.002249191524,-0.001296671568,-0.00652474283,-0.005722333914,-0.007596088806,0.00660902372,0.01213934421,0.01473703381,0.007750376976,0.006035519483,0.004900226593,0.01117382679,0.009796529731,0.004422886492,0.002108685081,0.003031869557,-0.002679768898,-6.970542818e-05,-0.006759356192,-0.003201513674,-0.009970730139,-0.003779687584,0.007006563449,-0.00377735218,0.01489911634,0.01045584887,0.005004748982,0.01152028203,0.002582868126,-0.004273792636,-0.002545177122,-0.0006003110343,0.007834719234,0.005935951849,0.009890116739,0.01521167012,0.000220757704,-0.003330745875,-0.002704359757,0.0007402537582,-0.002465611117,0.004531129119,-0.001084414236,0.001357819166,-0.001154011787,0.0021354607,-0.005536308472,0.01197521478,0.01143008038,0.01069605109,-0.001119377943,-0.009130218736,-0.003227787868,-0.002623329482,0.0150566331,-0.009658911986,0.003989119332,0.006784959442,-0.01370728178,-0.01062776091,0.001538953473,0.001685462449,0.0009597583215,-0.001724476022,0.001606642856,-0.006293797442,-0.00271376876,0.01016823021,0.001718392994,0.001885177604,0.0003897766683,-0.01244786526,0.009360170577,-0.01177051357,0.004264201226,0.01609072989,0.002289186261,0.01239183792,-0.001688245973,0.004180713094,0.01405032422,0.01285310118,0.004276041536,0.01291184163
2020-08-31,0.000863875433,0.003280666587,0.003470401952,0.004670006841,0.002163474619,0.003737319458,-0.004115676903,-0.004745540297,0.007760517408,-0.004008546355,0.006580948878,-0.001653196096,-0.004103905697,0.004073637152,0.006412304602,0.001417335078,-0.001874748626,0.002842273632,0.001324147021,0.002836405714,0.003946153413,0.00132709781,-0.003324888313,-0.003392465213,-0.001281867624,0.000468751222,-0.004960838194,-0.004058032877,-0.004066904583,0.003287493524,0.006108504391,0.007589432876,0.004889500702,0.007071475716,-0.0009471855309,0.006279662204,0.005049695797,-0.002255250612,0.004459647599,0.006248933964,-0.00549286843,0.001417608435,-0.007671953755,-0.006056572071,-0.004547129374,-0.0001891751823,0.00281019468,0.001749859551,0.006579013399,0.007065285286,0.003747277985,0.007707749855,0.001023299954,-0.0002651211978,-0.000577830921,-0.001433184123,0.005081480782,0.001622776102,0.004897631589,0.009606820535,0.001528665827,0.002294255902,-0.0006282633804,0.002654849687,-0.00288674016,-0.001260992556,-0.0002024545036,0.0006252406992,-0.00072451133,0.001708527313,-0.00157007042,0.008430101339,0.009072705372,0.007339992379,0.004316080832,-0.005107663559,-0.003313655128,0.0004949098053,0.006406421197,-0.003527435541,0.001218894634,0.004688714922,-0.00543895352,-0.003654136962,0.003070617392,0.002388991002,-0.002295115104,-0.0002532825657,0.002844401891,-0.003366603498,-0.001622244732,0.005572377719,0.00247997399,0.002869647054,-0.0001253041736,-0.006035941298,0.005067558751,-0.006043289546,-0.00309955551,0.007019897994,0.0003743939714,0.006526660688,-0.002379864446,-0.002472461488,0.007036272621,0.009230351171,0.003820090147,0.008597710033
2020-09-30,0.002423131871,-0.0009479957723,-0.001458635977,-0.004556584162,-0.001687915869,-0.003400656304,-0.001679951889,-0.004249684542,-0.006995424642,-0.0004725309902,-0.008559649309,-0.003557315113,-0.0001553312486,-0.005380437221,-0.007637927999,0.003492298483,0.001445979839,0.002542766609,-0.001392764644,0.003256270194,-0.00287245719,0.0008674315323,0.003309929369,0.002569834946,-0.0005788081246,0.002303496095,-0.001080604923,0.0004362164858,-0.00136318835,-0.00195174219,-0.006825198549,0.002315878939,-0.005719904,-0.005886542884,-0.002480585546,-0.006997821979,-0.005698755595,-0.003189812077,0.001713235417,0.002219687612,0.003813439656,-0.003209739509,0.008140247598,0.005071988606,-0.001196878682,0.0005417620166,-0.004528067323,0.002333309753,-0.007099839162,-0.004452931834,-0.002737257197,-0.003162772331,-0.005411680829,-0.001281271895,-4.157430307e-05,0.001014456767,-0.005093687337,-0.00537739546,-0.005441087095,-0.008544207896,0.000232875478,-0.001185772733,-0.0009481739212,0.001378636234,0.0005771126109,0.004755141866,0.002035102781,0.0018824165,-0.003533899374,-0.001694990092,0.001104238257,-0.006029285688,-0.005570777775,-0.006347126235,-2.896470345e-05,0.007272266785,0.006016161695,0.001091643068,-0.007019300501,0.003911738342,-0.003762793771,-0.005730385102,0.001773200968,0.005530686054,-0.0006493705496,0.001516337883,-0.0007628182598,-0.0004872749233,0.0004338311129,0.0005740629824,0.002035071172,-0.006318957583,-0.002325522104,-0.002228587222,-0.003019731944,0.001462319731,-0.0068040689,0.00164682862,-0.001132967397,-0.007457852681,0.002492210057,-0.002462723779,0.005019533318,0.003824562049,-0.007107424098,-0.007662526831,-0.003570729055,-0.00478187341
2020-10-31,-0.00371948644,0.001682650126,0.00138873922,0.006471719469,0.001322006764,0.002984794802,0.001537511658,-0.0009933805378,0.01050963674,-0.002202796455,0.01222069279,0.003074892366,0.001282822133,0.01157250846,0.01322446079,-0.001920957867,-0.001533190538,-0.0002802049639,0.003880887414,-0.001263460532,0.003532523888,-0.002402859366,-0.00449942344,-0.004239288568,0.003116289857,0.004456672244,-0.002380917392,-0.002697227838,-0.002668078729,0.004786498985,0.01409934805,0.005066933646,0.01070439372,0.01065481973,0.005372411526,0.01345674262,0.0115411768,0.002410445067,-0.0005268880388,0.0004787183957,-0.006269780183,0.005200788214,-0.01009736637,-0.00498695161,-0.002098584879,-0.005404309013,0.007481203645,-0.005433916093,0.014843114,0.01086516934,0.003830488378,0.01014136355,0.009136778291,-0.01012853331,0.00138615363,-0.0005839993066,0.008297847702,0.008533962205,0.00911014712,0.01160134363,0.003430342887,0.003205129621,-0.0004381468594,0.002238689984,-0.003047281985,-0.005760931572,-0.003632262585,0.002135025023,0.00128581562,0.000231510806,-0.002344118828,0.01077145552,0.01123980422,0.01091068757,-0.0007550495453,-0.01056541229,-0.008646978868,-0.001859665203,0.01476415372,-0.005223369336,-0.001954070263,0.009509979595,0.009513560701,-0.009668569647,0.00463352446,0.0008782747799,0.001154915871,0.001859173398,0.003408845519,-0.000519454069,-0.0005528697058,0.009965382085,0.004857304895,0.004532795455,-0.005682286723,-0.006582800451,0.01265548337,0.01108638491,0.001525770208,0.01397638959,0.0005095549319,0.01074206603,-0.003925280561,-0.0005552018351,0.01197629181,0.01146115305,0.005721769818,0.01157331851
2020-11-30,-0.005072321161,0.00183869038,0.002444164909,0.01637399129,0.005652039637,0.006304599714,-0.001338989729,-0.002538809252,0.02166222116,-0.006720198007,0.02298543297,0.005764066408,-0.001427159633,0.01890689036,0.02211175695,-0.004038559816,-0.005022737134,0.0003181917167,0.008606080008,-0.001034421943,0.009519929034,-0.001419089346,-0.00896222532,-0.007795225189,0.002819346869,0.0002827818744,-0.007917118959,-0.006300416468,-0.008679448396,0.0088195813,0.02220225282,0.01071815531,0.02069685078,0.02089795988,0.006852041414,0.02126878039,0.01824928157,0.0002652363078,-0.0006922257745,-0.00104657475,-0.004903908616,0.009376198458,-0.01782999623,-0.009174777055,-0.00765882183,-0.01328831597,0.009464035925,0.001835370106,0.02341264851,0.01736156142,0.01323105657,0.02186328014,0.01609101602,-0.01742074674,-0.002642793527,-8.881776402e-05,0.02017936204,0.01732244011,0.02132468433,0.02561408102,-0.005084991237,-0.002181579926,-6.38714755e-05,0.003501361052,0.004435140018,0.001630018305,0.006605526402,0.002079983878,0.002712064084,0.004082031216,-0.00686392765,0.02159955504,0.0213697002,0.02102995211,0.003149941702,-0.01949460377,-0.01896360453,-0.006927333796,0.02328983434,-0.02137480162,-0.01995452672,-0.007494665416,0.01293429584,-0.02303986165,0.01062932802,-0.002851447514,0.001580683209,-0.001951566143,0.006005127669,-0.002613303785,-0.001357659842,0.02262073716,0.00776688655,0.009652463988,0.01299315323,-0.02085013694,-0.01771966457,0.01562319267,0.001349806552,0.02711656737,0.001200068523,0.01841860222,-0.01093119163,-0.005425371336,0.02446230583,0.02159146762,0.01489129927,0.02409201833
2020-12-31,-0.001842046248,0.002843367405,0.00326568726,0.005369239075,0.003308035713,0.004773005238,1.651782512e-06,0.000204780758,0.009127933318,-0.002911212012,0.01073972979,0.001008684338,-0.0008112880993,0.00887366914,0.01053476337,-0.001478307833,-0.005408820024,0.0003346499372,0.00412801232,0.0007642010479,0.004045246368,0.002044143679,-0.004276616227,-0.004398566515,0.000592605119,-0.004358379814,-0.002523608914,-0.001968135762,-0.002256168269,0.00568673464,0.0106779024,1.777632109e-05,0.009404179482,0.009674005568,0.003413854215,0.009803627487,0.008436804835,0.0009076680169,0.0004507463381,0.002430736651,-0.003899099341,0.005357144827,-0.008928215536,-0.004455502072,-0.002946644593,0.0004786332469,0.008290787611,-0.0004636103385,0.0113498639,0.005596402809,0.004397715858,0.008714814934,0.005136369423,-0.007573534207,0.0002280476558,0.002145051216,0.008677524148,0.005545504545,0.008868531117,0.01091462412,-0.00114334652,0.001435777487,0.0008011116177,0.003045534832,-0.002388221306,-0.003018544371,-0.0006673132336,0.0003956616282,0.003694181316,0.003493202353,-0.002811857771,0.01126872625,0.01030759478,0.009346427028,0.001802495503,-0.008466638599,-0.008718006306,-0.003422289005,0.0114653059,-0.00903255878,-0.01043740055,0.0009093494171,0.004982009812,-0.005655260146,0.004571479666,0.0002610730571,8.20166955e-05,0.0003170228585,0.003780677545,-0.00255991457,0.003601714205,0.009285646724,0.002647473578,0.00370931572,0.009725621584,-0.009380024515,0.0002662591306,0.008177516683,-0.0006735553279,0.01192101427,0.00125592383,0.008523342405,-0.004461848096,-0.001994048109,0.01159970217,0.009582872926,0.00588104842,0.009660699935
2021-01-31,0.005609812774,0.005574395655,0.006064783174,0.006222329968,0.001122588678,0.001294031715,-0.0008720261677,0.002221325358,0.005912095353,-0.003124069577,0.007083844385,0.001777759609,-0.001644831003,0.006878919087,0.00717140213,-0.002856111972,-0.001567597851,-0.001398939655,0.002987547207,-0.001343680933,0.003061130957,0.001293606832,-0.00159747635,-0.002011374837,0.001954132553,0.0001152330765,-0.001642299577,-0.002554708607,-0.001342789387,0.001385885524,0.007026465561,-0.002013854844,0.006434538695,0.006920059632,0.001805189096,0.007977720652,0.006498858209,-0.0008341371227,-0.0007525451327,0.0002570571582,-0.003304762855,0.002588947918,-0.00496381353,-0.002701139448,0.000715291294,-0.002781586673,0.003611376628,0.0009077948915,0.00257900311,0.008984539958,0.006449865623,0.003853192743,0.0005515924823,-0.001891178957,0.001313655438,0.002198245128,0.007373849801,0.005194191331,0.007346311766,0.006952488859,0.001930003242,0.002997574326,0.003453904019,0.005582552757,0.005586236723,0.004018194894,0.006577012887,0.005741966894,-0.005128705728,0.006913679121,5.177293336e-05,0.006998320699,0.006568828983,0.006891874722,0.00596797558,-0.005011740976,-0.005948394182,-0.0007378544258,0.002407601092,-0.004005133809,-0.006991655566,0.001199606034,0.004805127401,0.004525282605,0.00347530533,-0.00143911838,0.001757099806,-0.00137173389,0.005910898337,0.000367624668,0.001728725265,0.007355880849,0.003669367629,0.003644966085,-0.000604735961,-0.004213934582,0.007231183611,0.006590094959,-0.004370872851,0.008412249952,-0.000567368653,0.003425898303,-0.004164670709,-0.003124646414,0.006094659315,0.005886774518,0.00640700446,0.004238667653
2021-02-28,-7.370449597e-05,0.002779677698,0.003071618907,0.006457719695,0.003831846232,0.004914595924,-0.0004077477688,0.002518995547,0.01071613931,-0.004710891257,0.01168460969,0.003448774937,-0.002225061542,0.00903904355,0.01115504442,-0.005348605627,-0.006299518922,-0.001893990689,0.002751300841,-0.001765285193,0.007324912791,0.004029154902,-0.004396303758,-0.004259393394,0.002654393525,-0.0002693005788,-0.001085214268,-0.002729156613,-0.0006669410244,0.005106424066,0.01104193889,-0.005284888623,0.009970799025,0.01034358269,0.002214422753,0.01101419819,0.009155952162,0.0001256099037,-0.002009999753,0.0008935138119,-0.003898944985,0.004980357506,-0.01058974701,-0.007012352372,0.0001317626493,-0.002510234089,0.007918763239,-0.003731026506,0.01216023504,0.00855291196,0.005387164019,0.01007378403,0.005837265824,-0.001913981894,-0.0003638044279,0.0004232318686,0.008147329012,0.00702892815,0.008532310272,0.0112864578,0.00207611121,0.004490031908,0.007511254882,0.001162991871,0.0006852548104,-0.001570843627,-0.003213867185,0.0009613432377,0.0003420120232,0.0005280820073,-0.002891697517,0.0113846644,0.01095833701,0.01016501791,0.00254142079,-0.007195841683,-0.009650507801,-0.003231593434,0.01220831788,-0.00296134773,-0.01094092747,0.009777877291,0.01045460724,0.01002603019,0.003987821448,0.002037007203,0.0004868223467,0.0004213251838,0.002357036466,-0.0005301960045,-0.00218442764,0.0086839735,0.005987758697,0.005984813109,0.005526186991,0.001892341765,0.01060980688,0.009765146467,-0.0009069902509,0.01235918801,0.001161557193,0.009544603506,-0.004117730253,-0.000649835531,0.01182433281,0.01054990127,0.006679694951,0.01138956779
2021-03-31,-0.0008170645084,0.001475823556,0.001910508158,0.004338453949,0.001950950031,0.002485526465,0.0007733697651,0.001237057797,0.004092325377,-0.002006854356,0.005348392197,0.001992327248,-0.001197095047,0.004602403438,0.005698113327,-0.003176967872,-0.003263196916,-0.001425839516,0.0021129762,-0.001541127664,0.002515047176,0.001928373535,-0.0008755900856,-0.001143739574,0.002054381133,-0.0009883006605,-0.0006448824639,-0.0008447228855,-0.001093165323,0.003035187446,0.005565184582,-0.002424870521,0.003829196526,0.004286192145,0.001518393475,0.005335174535,0.004602923293,0.0008884938519,-0.0014370148,-0.0008967447371,-0.00174717384,0.003177671771,-0.004276566888,-0.002762166782,-0.0007318905884,-0.0004641898339,0.003902461296,0.0006566300316,0.006568136703,0.004972665353,0.003114385753,0.006593954516,0.003869449426,-0.002933266584,-0.001570291074,0.0006719130696,0.00491602059,0.00496495482,0.005284220974,0.005893801176,0.002683721559,0.002612395477,0.003356599922,0.0003772882123,0.0005059792325,0.0002930749747,-0.002241801449,0.0007499309102,0.00179845212,0.001213747827,-0.001199045391,0.005618635245,0.005678665265,0.005605083331,0.0009879336162,-0.002128025637,-0.004270603846,-0.00260252586,0.006454869828,0.001907946419,-0.002944558292,0.003199531278,0.005104175112,0.004744377127,0.002067296767,0.0005772393341,0.0006345064453,-0.001426063283,0.001368798079,0.001673897448,-0.001303151648,0.005514406696,0.002154768086,0.00224529167,0.0005623540211,0.001950633686,0.003697238794,0.004394003838,-0.0007923900667,0.006866337544,0.002922907475,0.006003836899,-9.393391314e-05,0.001194801074,0.005493082835,0.005065256198,0.003953131616,0.007241094352
2021-04-30,0.0006143847748,-0.0004643985252,-0.0002389742101,-0.0002795500354,-0.0002519975767,-0.000392257626,-0.001491292583,0.001313385069,0.0004301773203,-0.0002105186419,0.0005453488928,-0.0001621864348,-0.001343871694,1.35725503e-05,0.0003485582818,-0.0003080618239,0.0002666588175,-0.000949992802,-0.0004025369234,-0.0007268440697,0.001528474156,0.0004278782693,0.000663839006,0.0004879550456,0.0001758878027,3.348734988e-05,-0.0007386161063,-0.001224909182,-0.0008641061617,-0.0006069732716,0.000137267776,0.0007076647971,0.0005491629207,0.0005268541054,-0.000819206107,-0.0002152082554,-0.0001846699421,-0.001443992928,-0.0006556509722,-0.000383339166,0.001352082556,-0.0002596900065,0.000215805897,0.0006435011392,-0.000535937962,0.001010981581,-0.001135080657,-0.0006174995761,-0.0004835637271,-0.0002214957146,0.0004082967564,0.00041949737,-0.0009729493083,-0.001349246375,-0.0005896647509,-0.0004500958629,-0.0002193886275,-0.0004898963763,-0.0002326715965,0.0002866001878,0.0006884689068,-0.000355270553,-0.0001070179827,-0.0002743662525,-0.0004783819465,0.0001011062719,0.001047167088,-0.0002639500029,0.0007189902271,0.0001107556386,9.484518001e-06,0.0002890946803,0.0001573507562,0.0003788712102,0.0003331740519,-0.0003523912133,-5.839337688e-05,0.0002037910771,-0.0005418769119,-0.0001492370919,-0.0005715916756,0.0002106604059,-5.246569147e-05,0.0002338740086,-0.0001158879813,-9.570195503e-05,-0.0001306175784,-0.0003605149699,-0.0005121847563,-0.001834374177,-0.00107590098,-0.0003438017652,0.0002788534685,0.0002696488552,-0.002387262439,-0.0004503923109,-0.0001535948975,-0.0005584937124,0.0001702912403,-0.0004150410583,0.0009195668048,0.0002844504371,0.001263053352,0.0007562647751,0.0005940304348,0.0001661348789,-0.0002664731201,3.087384197e-05
2021-05-31,0.002108309064,0.0007372454429,0.001079945258,0.0001954191702,0.0005810975581,0.0008580272573,-0.000973442733,-0.0002984688343,0.001445517715,-0.001034991136,0.0009151830381,0.0002999460771,-0.001065118133,0.000775988335,0.0007778983827,-0.0005718363629,-0.001015830154,0.0001100069219,0.0005926482352,0.0004380580982,0.0004390330287,0.0003516467455,-3.840499665e-05,-0.0001071239617,0.0003123931824,-0.0001613250662,-0.0008478927303,-0.0006806107698,-0.001083304606,0.0004276831184,0.0005924391433,-6.934487412e-05,0.0002682218611,0.0007778591746,-0.0003208967598,0.001018759015,0.0006965669021,-0.0003544712385,-6.105228723e-05,0.0006010740531,-0.0008422060722,0.0005294264511,-0.001009005593,-0.0009379821309,-0.0005627376198,0.0005834991335,0.000417919953,-0.0002219734379,8.954128917e-05,0.001261649244,0.0001127889009,0.00185177187,0.0005199127926,-0.0002916799886,-0.0004452782212,-0.0005458900632,0.0008223626454,0.0007492632731,0.0008266792803,0.0006175437519,0.00138775577,0.0002712428543,0.001345208383,0.001196935543,-0.0005290112248,0.0002209905061,0.001391101539,-0.0009440760753,0.00262028024,0.001576319777,0.0005725922963,0.000758866295,0.0004014484617,0.0004060611454,0.0009939437837,-0.001326712142,-0.001447639881,-0.001019744729,8.312821348e-05,0.0004569135698,0.0002104388716,0.0006647920049,0.0005871013039,0.000513174028,0.0008010693326,0.0007674924699,-0.0002200467829,-0.0005719259171,0.00143591283,-0.0009358033147,-0.0005876879559,0.0008529911726,0.0009552024546,0.0009277008937,0.0001077894433,0.0002872771913,0.0007369379134,0.0003258358997,-0.0005966251588,7.555586419e-05,0.001711487072,0.001474884673,0.0009470387443,0.001074704222,0.0006855434252,0.0005770626498,0.00103358573,0.001291432319
2021-06-30,-0.002003153033,0.0003768818063,0.0002392183923,0.002081898403,0.0009541671317,-2.732810847e-05,0.00178202371,-0.0006061708119,0.001082779833,0.0006655498103,0.00270995393,-0.0001829952516,0.001423259837,0.003314527028,0.003110448948,0.0001604936402,-3.612413204e-05,0.0009635605121,0.002214092019,0.0005109129789,-0.0004438716592,0.001730018852,-0.001096698423,-0.0009276164496,0.0004705140653,-0.001784606048,0.000327252713,0.001574977411,0.0003634762487,0.0003746654229,0.003054670001,-0.001437213931,0.00264909222,0.003149230253,0.003020501177,0.003785786047,0.003450449011,0.000514438717,-0.0006234210288,-0.0009628002622,0.0001439024051,-0.0001133186333,-0.001616274108,0.0005766534585,-0.0002617292132,-0.001969009498,0.0001719519784,0.0001725621424,0.003534704061,0.002368574167,0.001464776557,0.002812492347,0.001889023895,-0.001592642503,-0.0004527674428,-0.0009961438418,0.002105475317,0.002518664018,0.002388663417,0.002661598842,0.000475652404,-0.001210939563,-0.0007272631691,-0.001281238619,0.001624755702,0.002018106182,0.001880250287,0.001093745374,-0.001622572944,-0.0005100716137,-0.0006218061067,0.003095270102,0.002878552684,0.002912118391,0.0001303327086,0.0005515420704,-0.0001717237244,-0.0004815526848,0.003544980728,0.002722194718,0.0009972744032,1.426630375e-05,0.001386618404,0.002811838259,0.0005894800862,-0.0007681880429,0.0005422248647,-0.0008149752661,-0.0009305412094,-0.001520697549,-0.001319579296,0.002589697567,0.0005003456026,0.0006190520387,-0.0017602018,0.00262216491,0.001415903162,0.002051478022,0.001001329762,0.003524558247,2.491240078e-05,0.002138786418,-0.001551778547,-5.896916107e-05,0.002561506803,0.001993157602,0.001154051216,0.002684349085
2021-07-31,0.001184426369,-0.0006953761825,-0.0007384014509,-0.003158123881,-0.002825862929,-0.002933105449,0.0001353779023,0.002032512769,-0.00390924643,0.003166510341,-0.004960631198,-0.001967964492,0.001358645983,-0.003206992022,-0.004827155008,0.002325600134,0.003470616991,0.0004957716106,-0.001076868413,0.0006178670514,-0.001288741301,-0.0003173431367,0.0008990318299,0.0006659699525,-0.000111000182,-0.0008200417584,0.001728802497,0.0007305939756,0.001535196311,-0.002954650697,-0.004418526357,0.001223952642,-0.002908007772,-0.003502695267,-0.001155058894,-0.004494590334,-0.002964959456,-0.0009412924768,0.00190342975,0.0003450986548,0.001312495884,-0.002966760579,0.004447218666,0.002052072261,0.001410241325,-0.001488416073,-0.003671790843,0.0002800071217,-0.005363424108,-0.003655575864,-0.002298268492,-0.003648334434,-0.002872445756,-0.0004958187093,0.0003040520646,-0.0008510124405,-0.003944804919,-0.003529060771,-0.004160525767,-0.004279014824,-0.002828683685,0.0005375501134,-0.002635332903,-0.001538602872,-0.0002022102494,0.0002590363408,0.0001456735889,6.240050973e-05,-0.0008443832792,-9.558057365e-05,0.0009191588679,-0.005045243692,-0.004889379114,-0.004554132461,-0.001225166559,-0.000350375925,0.0004793593795,0.00188637321,-0.005374037288,-0.004435053124,-0.003495352054,-0.000643078215,-0.004557821108,-0.005398092558,-0.001093526804,0.0005477880892,-6.880159393e-05,0.0002331895818,-0.00172090618,-0.001206636689,-0.002421474199,-0.004457624601,-0.001720461606,-0.001800511065,-0.0006396055832,-0.004127801446,-0.001794674865,-0.003630526681,-0.0006877711656,-0.005541989389,8.72813869e-05,-0.003028162182,0.00303279011,0.001589607452,-0.004438087051,-0.004301297955,-0.003195542023,-0.004638340239
2021-08-31,0.000201924209,-0.0001090303695,-0.0001873445295,0.0003462245904,0.0005200446976,0.0005792915965,-0.0004308177259,0.0002072745499,0.0001222512269,2.864164064e-05,0.0003827824113,-0.001030940417,-0.001338221753,-0.000930510983,-0.0008115300882,2.968568691e-06,0.0001668894741,6.852247318e-06,-0.0005272421477,-7.153829524e-05,0.000217920367,-0.0003227426715,0.0001857315051,-9.348926551e-05,-0.0004008792246,-0.002155719299,0.0003275683295,0.0003251915729,0.0001427301537,-0.0001552477638,7.249792172e-05,0.000418131971,-0.0003247254331,-0.001189603974,-0.0006300104447,-0.001120141003,-0.001057043672,0.0001269621298,-0.0005664862617,-0.00010501076,-0.000296648696,0.0003390487234,0.0001196174455,-0.0001074602053,0.0002287859467,-0.001257772288,-0.0004169256869,0.001340580256,-0.0005498750773,-0.0004634524477,0.0007986620158,1.201036276e-05,-0.001524912747,-0.001291219071,0.0003806325386,-0.0005899169915,-0.000444016156,-0.0006746807183,-0.0005836320619,0.0004620461119,9.417018353e-05,-0.001417461283,-0.000768617167,-0.001038288658,-0.00175146895,-0.0004102838893,-0.002074089627,-0.001480046477,-0.00147668743,-0.001337955207,2.305896598e-05,0.0002321715883,0.0001626564654,-6.102348097e-05,0.000191121295,-0.000842933377,-0.001028737546,-0.0002579599117,-0.0005152316329,-0.001359060587,-0.0004153900178,-0.00135733021,-0.001127507633,-0.0006000049896,-0.001444975148,-0.001030650349,0.0004534363804,0.0003258455754,-0.0007940452601,0.0008053407821,-0.000460303881,-0.0004067047635,-9.251881468e-05,0.0002165361445,-0.000541531727,-0.001131020193,-0.0009971566178,-0.0007300126026,-0.0004903685778,-0.0004839536836,0.0002016529671,-9.478134218e-05,0.0006244524575,0.000210512875,0.0004625774531,0.000422549533,-0.0006278545037,-0.0001607713541
2021-09-30,-0.000630369972,0.001216639508,0.001236229758,0.001853421804,0.0001636228382,0.001484794111,-0.0009654073054,0.0001320536229,0.003235719787,-0.001146539133,0.003264584427,0.0003293432227,-0.001078656228,0.002406816868,0.003588757148,-0.002111741742,-0.002159321723,-0.0007307028992,-0.0001101729237,-0.0003232599576,0.001788086913,0.0009956354234,-0.0006307280928,-0.0003913231116,0.0005928040979,-6.487258769e-05,-0.0003043918747,-0.0005586548651,-0.0005212547633,0.001736847008,0.003455519512,-0.001439962374,0.00234905717,0.003380410702,3.380632796e-05,0.003437514857,0.002349124966,-0.0004929069467,-0.0008093751191,0.0006447577107,-0.002296842901,0.00172476263,-0.004041619372,-0.002658295778,0.0001808662564,-3.027729051e-05,0.002040434441,-0.0008883670929,0.00441574262,0.002923136962,0.00156480656,0.003224801123,0.002267044166,-0.001706658498,0.0001895548872,7.123105091e-05,0.002779194899,0.002368852218,0.003017134137,0.003277969052,0.002407936237,-0.001593316901,-0.0005028118349,-0.0001850761423,0.0006658319292,0.0005823967703,-0.0007213272011,0.001270551904,0.0008489448907,-0.0001662874324,-0.001023255972,0.003650705548,0.003653361942,0.003208256774,0.0007498205931,0.001719527732,0.0002222273722,-0.0007935972865,0.004384371855,0.00416978238,0.00441383072,-0.001882850742,0.000500425648,0.003833281304,0.001410347632,0.0002367103204,0.0003991835589,-1.935869633e-05,0.0005735661974,-0.0002005091899,-0.0004688224843,0.003043460018,0.001370367059,0.001423761365,-0.0009624393688,0.002825607603,7.6675651e-05,0.00144381881,9.128547668e-05,0.004613845237,0.0001940712044,0.002521253462,-0.001590027172,-0.0004346317601,0.003266394864,0.00308445042,0.002160659196,0.004007867877
2021-10-31,0.001276085058,0.0001718849585,0.0004707269312,-0.0008484563284,0.0003031846578,-0.0007400225322,0.001089545718,-0.001057408012,-0.0004287737274,0.0003412265944,-0.0002468400695,-0.0006639482207,0.0006700345733,0.0002266427089,-0.0002932697033,0.001072463525,0.0006931341592,0.00116234595,-0.0003611110001,0.0005005931971,-0.0007010676975,-0.0009961087975,-0.0008448983696,-0.00072468339,-0.0004479328142,0.0006773264211,0.0002842210991,0.0003928502495,6.406135952e-05,-0.0003518483338,0.0003716372429,0.0002901480235,0.0005452952702,-0.0002896781218,0.001037168381,-0.0001356120547,0.0001064065359,0.0008356380425,0.0007075420812,2.289386177e-05,0.0006329444737,-0.0006271356984,0.001082305359,0.001283692298,-0.0001275219357,0.001333765527,0.0007357869944,-0.001242395257,-0.00118343636,0.001360110247,-0.001159043694,0.00149021219,-0.0003504209667,-0.0006455564114,-0.0005931794259,0.0001582147789,-0.0007379193132,-0.0005552421085,-0.00069788513,6.977195355e-05,-0.0001687232922,0.0002808437164,0.0009669479665,0.0001907241032,0.0002896015348,1.263088191e-05,0.0005759390185,-0.0002756803339,-0.0005106891557,0.003090449944,-0.0001116788082,-0.0003542402412,-0.0002247558908,-0.0001840693965,2.420340524e-05,-0.0006487168032,-0.0005295506592,-0.0004547998626,-0.0009673101767,-0.0001214316785,-0.001056039934,-0.0003907281709,0.0009581859392,0.0005330158698,0.0002563637102,0.0005450685292,3.213155179e-05,-0.0003068365029,0.0001044598486,-0.0002786344463,-1.914485541e-05,-0.000808202601,8.814413723e-05,-4.164313056e-05,-0.001515396443,9.070432242e-05,-0.0004218757424,-0.0005336172432,-0.0002453811004,-0.000997539971,0.002044832613,0.001932511962,0.001880591837,0.002195080681,0.000175698056,-0.0001695271219,-3.120958385e-05,0.0004675246438
2021-11-30,0.004274387369,-0.001465221836,-0.001344324524,-0.006943310103,-0.003086461039,-0.004047232458,-0.00133497318,0.0003645829017,-0.008414172419,0.003759515306,-0.0084439888,-0.002264012991,0.0005725057326,-0.007841814954,-0.009836427194,0.00349239371,0.005031351899,0.001315574426,-0.003449008042,0.001261865461,-0.0011560384,-0.002767832273,0.00247110791,0.001731282896,-0.0008710155999,-0.003738601057,0.001016055058,0.001232695911,0.001454156221,-0.005053027765,-0.008474381578,0.004697846402,-0.003812770682,-0.00781330132,-0.003504785447,-0.008897599965,-0.007516433569,-0.00162953231,0.003613110016,0.001518624512,0.003116976571,-0.005201872104,0.008265970224,0.004170694597,0.001194327606,0.001914021501,-0.004150428744,0.0008367295916,-0.01166982421,-0.005734535026,-0.003859174143,-0.005511422185,-0.008297048228,-0.0003650931938,-5.685756187e-05,-0.001207941533,-0.008171560917,-0.008731085011,-0.009147008074,-0.007597395877,-0.005624668043,-0.0007017159802,-0.000631987055,0.0008786039436,0.001609687717,0.001310059856,6.554163883e-05,-0.001384568391,-0.001936136465,-0.0009466644715,0.001637001079,-0.008836703019,-0.008410172025,-0.007838360821,0.0006512352306,-0.004426046156,-0.001951584837,0.0009416630516,-0.01169642497,-0.01025125142,-0.01044340461,-0.003600149303,-0.0008513640984,-0.006479834104,-0.004405852602,0.001703514882,-0.002188176723,-0.0004213505478,-0.0004958418244,-0.004456353755,-0.004001057525,-0.009740995705,-0.00161718946,-0.001718346904,0.001553882767,-0.008414900387,-0.005367551269,-0.002690911336,-0.002213221847,-0.01179922945,0.002477165652,-0.005516787526,0.006434861423,0.002509927814,-0.008007811014,-0.008349927415,-0.005801471799,-0.007819018792
2021-12-31,-0.00454860752,-0.0006216786754,-0.0008962803664,0.005537851409,0.001531685771,0.002107610612,0.001002444895,-0.0002685022792,0.004525646849,-0.001226384272,0.004453562317,-0.001756856524,-0.0006130604849,0.003506425935,0.005548533314,-0.001708864746,-0.002219406178,-0.0006358778469,0.00149617146,-5.873217038e-05,-5.008070664e-05,-0.0001177786614,-0.002000833354,-0.001560695312,-0.0001549600532,0.001884654106,0.0003669174322,9.041477452e-05,-0.0006519809661,0.003050218904,0.003529388977,-0.00268673264,0.0003083504622,0.00409936768,0.002516148939,0.005022044731,0.003560174327,0.001189094616,-0.001664984465,-0.0003630961362,7.166070126e-05,0.002871560483,-0.004649774554,-0.0027801355,-0.0002326180485,-0.0004162950399,-0.001477202885,0.002611556367,0.006586921517,0.001932961538,0.00410435475,0.003124455465,0.005453073659,-0.001941787009,0.0008407271036,-0.0009590790281,0.005468371787,0.005115822754,0.005870650073,0.003378057025,0.001663729413,-0.001006828409,0.0005761437189,-0.002416939247,-0.001885327315,-0.002597303886,-0.00140737539,-0.00129431314,-0.003001455888,-0.001624434809,-0.0003647264537,0.003993176632,0.003601985728,0.003832975605,-0.0003114409534,0.002904286366,0.00273567452,0.001075957672,0.006564692681,0.002275370327,0.004138627761,-0.0007243816291,-0.0005014833016,-0.0001216934242,0.001287704932,-0.003221173953,0.001691591141,0.0004336845421,-0.0009636815639,0.0008751922942,-0.0009904587076,0.006465875758,0.0005996702117,0.0007635800687,-0.008055589333,0.0008364329333,0.0008264214176,-0.001115474646,0.002148977253,0.006901544782,-0.002073192487,0.002482704962,-0.002919030109,-0.0006873770499,0.004053833373,0.004101179459,0.00278277565,0.004367339146
2022-01-31,0.005765922401,-0.001575606808,-0.001526845534,-0.006809274039,-0.001836062281,-0.003541204158,-0.0005884901089,-0.00146158371,-0.006161159941,0.002321189004,-0.007948773017,-0.002758207474,-0.001442834182,-0.006792919834,-0.008826235044,0.002711270079,0.003045278534,0.0006191435032,-0.004126157046,0.000787311414,0.001322959725,-0.001004638619,0.001681065374,0.00134971939,-0.001788994936,-0.001420640444,0.0007797556413,-0.0007753059624,0.001219736289,-0.003902086838,-0.004793218277,0.001830523357,-0.002222705245,-0.008519803034,-0.004245622396,-0.009007013285,-0.007316828912,-0.0003445243131,0.002659795937,0.0004677103891,0.001621688221,-0.003546087334,0.006729688441,0.003104016443,0.001073619267,-0.005400007009,-0.001152481992,-0.0001172835385,-0.01205686696,-0.003192206032,-0.00413747416,-0.003465417633,-0.008352679046,-0.00104620912,0.0003201174056,0.0005895636249,-0.008474036845,-0.008917040698,-0.009358039424,-0.005345745334,0.0005920818751,0.003679677943,0.002550798098,-0.004148199944,0.0003315045117,-0.001244065685,4.230882944e-05,0.0003558598934,0.003521886105,0.003042023647,0.0004664960409,-0.00611537522,-0.005657391818,-0.006295036847,0.000627338068,-0.004086791641,-0.005302609624,-0.001765353874,-0.01205791068,3.651361391e-05,-0.004497761069,0.009832153204,0.008202945713,0.00612891192,-0.004049541731,0.0008970575281,-2.015451023e-05,0.0001347825923,-0.004493324298,0.001761970171,0.0002438234523,-0.01023338647,-0.001633925301,-0.001555261874,-0.00802278541,-0.002040665922,0.007650313876,0.005668513021,-0.003146101739,-0.01193369663,0.003426878518,-0.003851839079,0.007712267284,0.004765542113,-0.006227433613,-0.005967562036,-0.006059182529,-0.005275701579
2022-02-28,0.004802966496,-0.003695248319,-0.004029351282,-0.006277932208,-0.001351057084,-0.002439660154,-0.001001639938,0.0008165838997,-0.00903146145,0.001838993319,-0.01029605701,-0.0001775853141,0.001161790508,-0.01004629758,-0.01180379202,0.004075299975,0.005116670455,0.002081116614,-0.004206099337,0.002183344949,-0.001805314225,-0.001239607929,-0.0004774996597,-0.001069980317,-0.004317391679,-0.001726562435,0.0006043267098,0.001707514057,0.000759806598,-0.003376543983,-0.00780771218,0.00538799339,-0.006478544934,-0.01040222641,-0.003288331038,-0.01114704015,-0.01007851713,-0.0003071548451,0.004960053378,0.003098022518,0.001926513391,-0.003760320644,0.01041030955,0.003621005533,0.0002015649909,-0.006337929723,0.0004768908904,-0.0004627387121,-0.01474947695,-0.009133117883,-0.002737602092,-0.0090367578,-0.01092210597,0.0007709645642,0.0005998001022,0.0001899930221,-0.01032250366,-0.01093680223,-0.01192801799,-0.006582882985,0.0006432907466,0.004810359516,0.002417813815,-0.004422383957,0.001456506397,0.001149770892,0.00108731333,0.003700308511,0.0002816048973,0.0005447141057,-0.0001958395298,-0.009777570442,-0.007537860096,-0.007223766506,-0.0001074008251,-0.007416067873,-0.006147675158,-0.002676476185,-0.01473811059,-0.002875749036,-0.007494513009,0.005851684263,0.002287882014,0.004269689174,-0.005899892378,-0.001143053583,-0.0009146532222,6.071647473e-05,-0.00526151122,-0.00806971563,0.001773908023,-0.01221782957,-0.004926042956,-0.005010346121,0.009275508094,-0.004429224151,0.00410689215,-0.0007967590199,-0.001291955908,-0.01491354736,0.001268614553,-0.008894102545,0.007871670058,0.002841894903,-0.008356958993,-0.008761754913,-0.008692646953,-0.01099709772
2022-03-31,-0.004409638777,0.001552988359,0.001466561187,0.00522423667,0.003319978673,0.003483939753,0.0008801327128,-0.004240513305,0.007018293116,-0.001858450162,0.004713009984,-0.0001497615914,0.0002390599399,0.007739479839,0.008225516505,-0.003183972782,-0.00515723208,-0.000696313094,0.003599661563,-0.0002674207717,-0.002375812233,0.001693464219,-0.000740129736,-0.0006682008162,-0.002126856178,-0.004196823416,-0.001124783467,-0.001915825574,0.001923979805,0.004949494621,0.007087219177,-0.006899785436,0.004880407982,0.007608029465,0.001618498348,0.007676992078,0.007823995963,0.003674241853,-0.002758482111,-0.00175361196,0.0005491175033,0.003275689516,-0.005402938948,-0.0007592976819,-0.002018073419,-0.003299665385,0.0003591218762,0.003204837131,0.009306385555,0.008096882467,0.002946631632,0.009982110796,0.007093496027,-0.00257247223,-0.001436514195,0.002183073562,0.006626974386,0.007091283289,0.006922206113,0.006794185246,0.002380606767,-2.438559909e-05,-0.0001232195842,0.003293605472,-0.005687834655,-0.005790524942,-0.005269962692,0.0009368054546,0.002100220449,0.000821774285,-0.001677918414,0.006503478884,0.006350830229,0.006452284666,-7.048367738e-06,0.004638717885,0.002015381567,0.000426042072,0.009273263472,-0.005046018471,0.001114078108,-0.004932099497,-0.006557845067,-0.007072496464,0.002292889352,-0.001648286316,-7.789874886e-05,-0.001526492032,0.00375433545,0.004176541314,0.0006182733844,0.008076534875,0.001061049265,0.001111403068,-0.008590498689,-0.006733029735,-0.006873952536,-0.008234903524,0.0005182254837,0.009201871348,0.001047866404,0.00752819778,-0.00100691065,0.001290918451,0.009179006739,0.007760504321,0.004744724318,0.009999696142
2022-04-30,0.00487987783,-0.001513046842,-0.001475939367,-0.004786483333,-0.002093851534,-0.002654177821,-0.0009148669895,0.001436049058,-0.0008081963879,-0.0001551343507,-0.004225939184,-0.001203317464,-0.001421820204,-0.005964442838,-0.006669751122,0.002115278416,0.001802980194,0.001117476035,-0.003160294564,0.001586037947,0.00277055689,5.882447824e-05,0.003236444002,0.00262722044,-0.001006496827,0.001765338038,0.0001479411331,-0.0004167580674,-0.0001564086247,-0.003076823617,-0.00405236104,0.002013955109,-0.0009687785879,-0.00529159583,-0.002890588762,-0.006304225018,-0.006050615788,-0.002227103941,0.002126587847,0.001454190984,-0.001522410835,-0.003548471314,0.003488790144,-0.0004539018437,0.001051389731,0.007608445507,0.001024901621,-0.004263448399,-0.007581387536,-0.003859966781,-0.001016216905,-0.004292447938,-0.008791585638,-0.0004802265664,0.0002729819593,-0.0003619662981,-0.005744349713,-0.008739068201,-0.00735617282,-0.002659761774,0.002877519296,0.005877078898,0.004422336424,0.002527985602,-0.0007176253685,0.001183511382,-0.0002046197518,-0.0003251386583,0.002235097081,0.001217944491,0.0003008937512,-0.00278282673,-0.002713239108,-0.003470428802,0.001080777321,-0.002794427883,-0.003344894979,-0.001783450744,-0.00777400382,0.006775309811,0.0008741808711,0.008998570804,0.008057280926,0.007980092603,-0.001337770048,0.001797684906,-0.001654787375,0.0004276687621,0.0008913402262,-0.005266051358,-0.002315966486,-0.007973831383,-0.0002023093315,-0.0003716302727,-0.003382441798,0.004907345785,0.00665996463,0.006353246756,-0.001945878239,-0.007332597404,0.0035922997,-0.002976677239,0.005282860681,0.002762970682,-0.005015635498,-0.004076472521,-0.00447812868,-0.004459028137
2022-05-31,-0.004851904555,-0.00102352996,-0.001103734844,0.004867395227,0.004612079099,0.005194918511,0.002745212028,-0.001540483909,0.001082886893,0.001400267498,0.005131128862,0.0001025790555,0.004421249614,0.005544520423,0.005910942368,-0.0003717816386,-0.001455303877,0.001801710317,0.001783528445,0.0007606823106,-0.004129655812,-0.0009801955889,-0.00266957982,-0.002733261313,0.0006841500423,-0.002726530954,0.001258807358,0.002545654759,0.001095105841,0.00670357636,0.00248801052,-0.005845795257,0.00152118053,0.003749150172,0.0030547559,0.00519771418,0.005185548818,0.004790207409,-0.000917943922,-0.0004615021283,5.451948991e-05,0.005688204707,-0.003786783769,0.0004892607756,-0.001181354523,0.001550688581,-0.0008524753936,0.005466978414,0.008190097498,0.003581148175,0.0005651026496,0.005931720419,0.008594653783,2.967606322e-05,-5.942120576e-05,-0.002105916207,0.004700560302,0.007717294999,0.006011979867,0.002882789627,0.0002248232475,0.00329008618,-6.478393715e-05,-0.000933564015,-0.0006009632251,-0.001665563599,-0.002294482179,-0.00122924106,0.0008384363796,-0.0001295884799,-0.0004938171686,0.003428351728,0.003866087554,0.003365242875,-0.0028693692,0.002450707844,0.002354380744,0.0006847464874,0.00833364641,-0.005324467055,-0.001585007662,0.002112346688,-0.005498047042,-0.005112737427,0.0009680444761,-0.002774108591,0.001702260812,0.0005659388416,-9.374767182e-05,0.001399581716,-0.006005427575,0.007311793523,-0.0001612827413,2.413769758e-05,-0.005012558966,-0.007254013561,-0.005915162848,-0.007623765955,0.003264271575,0.008114072501,0.001000933409,0.006248656861,-0.001398847919,8.001441478e-06,0.005703989867,0.00482411284,0.002974679333,0.005440018145
2022-06-30,0.009663222675,-0.004925844668,-0.00523946393,-0.009530668984,-0.005966970696,-0.007542675585,-0.001486183849,0.002344723588,-0.009790379179,6.228842627e-06,-0.007324384458,0.0007928585738,-0.001125012192,-0.01467611035,-0.01779175558,0.003488812617,0.005623446165,-0.0005414151148,-0.008153750089,-0.0005895459395,0.005595732402,0.004565255276,0.007033270873,0.007118950796,-0.0009082515806,0.008500871431,0.002620427265,-0.001527779897,0.003456639985,-0.008648466379,-0.009383990429,0.001548878733,-0.007900993629,-0.01378503503,-0.003859027722,-0.01694886093,-0.01551501136,-0.002877413994,0.001232420399,0.0001467840082,-0.00300893152,-0.008149609039,0.009300038607,0.0002566580933,0.003087596306,0.00976033554,0.0003730008958,-0.01538212139,-0.02196014826,-0.01256673961,-0.003665218281,-0.01394804796,-0.02089323568,0.004403387502,0.001279614633,-1.331706404e-05,-0.01579623573,-0.02086636747,-0.01918312974,-0.01160893234,0.008539710842,-0.000765331179,0.006117879611,0.006519752073,0.003932339666,0.004019163004,0.001121273273,0.007896959864,0.001306981056,0.006749736445,0.002212510016,-0.01258440563,-0.01204512773,-0.01200857113,-0.0006485583225,-0.003851460541,0.0002701402363,1.854800634e-05,-0.02198776063,0.01695583236,0.00275930775,0.000474120965,0.01312592841,0.01717123321,-0.004808296509,0.001477702534,-0.004490434193,0.001943403477,0.002304114836,0.009303194806,0.003704724292,-0.01999628132,-0.0005659478313,-0.002570121712,-0.01070345595,0.0117515686,0.002254859379,0.01210099818,-0.002041604279,-0.02188377238,0.003227139962,-0.01385449262,0.01110937705,0.007334599569,-0.01672241651,-0.01442187625,-0.01329636439,-0.01593838051
2022-07-31,-0.006520010051,0.000654390218,0.0005187249424,0.004764422767,0.002285912056,0.004470537345,6.834387909e-05,-0.002655164709,0.006384757658,-0.00168105955,0.007349884502,-0.002630608001,0.00250179183,0.008867999559,0.00957129926,0.0006546029645,-0.001804152173,0.001424804589,0.002145423278,0.0003412085777,-0.00491373653,0.003302752474,0.0009509430402,0.001794522918,0.00453944562,-0.008465716466,0.0001650463012,0.001448722716,-0.000670362422,0.004252640119,-0.0004776797751,-0.009216617697,0.007201984371,0.008219573681,0.001679637814,0.009137067325,0.009273867273,0.002081856487,0.001051395527,0.0001187143036,0.00271708439,0.005110632388,-0.004323273033,0.002513239736,-0.002269387174,-0.005291357047,0.00439809857,0.009494783806,0.01183750443,0.004025751486,0.002098305814,0.008593363143,0.008798527963,-0.001307146344,0.001474000662,0.0004116976981,0.007210624959,0.008163963993,0.008242305375,0.006508626229,0.002469798034,0.004949418571,0.002578347309,-0.001304865534,-0.001072634306,0.0003352338301,0.001424158085,-0.001008794945,0.003469730543,0.0001679670188,-0.001008524371,0.004871750587,0.005304641689,0.006695326789,-0.0021101594,0.003000508899,-0.0005635046494,0.001508665859,0.01177181942,-0.005229142447,-0.0084080503,0.003924774736,-0.001926827042,-0.004182542423,0.0002363013289,-0.004017351599,0.000660063458,0.001087025744,0.0009155418028,0.005667472701,-0.0006774837287,0.009629967341,0.001487094886,0.002004702035,-0.01400838973,-0.01037079834,-0.01114761394,-0.01192969679,0.002541668895,0.01136324498,-0.001794690429,0.005863207887,-0.003712215607,-0.002478805766,0.008843373096,0.008683498712,0.004852283521,0.008411728648
2022-08-31,0.002875335041,0.00226571292,0.002703774849,-9.363892683e-05,-0.000500646495,-0.0002594513422,-0.003488757536,-0.004695453216,0.003302905588,-0.003989901749,0.001428733275,-0.005292585313,-0.004211620993,0.0003304692725,8.722270378e-06,-0.001979549696,-0.002873120026,-0.002495047744,-0.001284129074,-0.001291834846,0.003601239109,-0.0006611743423,-0.0006459930882,-0.0009201219165,-0.001150037278,-0.0004318245302,0.001064764134,-0.004980260249,0.002744930904,-0.001986573515,0.004097316479,-0.00557524111,0.001948174206,0.001589113348,-0.004968212854,-0.0001677448433,-0.0001860486505,-0.00303690773,-0.001880306399,-0.001114207178,-0.002514815884,0.001199183492,-0.005160281152,-0.005118242445,0.0002251475919,-0.0009959843171,0.005943845436,0.0001442924137,0.0007160250518,0.00379416808,0.000929249789,0.004350104058,-0.001445176747,-0.002905938947,-0.001266650567,-0.001789727619,0.001588103522,-0.0002629692276,0.00153353156,0.00290423962,-0.0007295042016,-0.003100355192,-0.002076766066,0.002300590837,-0.0008008994015,0.0007258471412,0.001878401827,0.001578062858,0.003387766169,0.002785773925,-0.0003065102481,0.002218205087,0.001723344511,0.001513122628,0.002921974413,0.00349529381,0.002061082981,0.001116946104,0.0004699357472,-0.001013520238,0.0005480167535,-0.00325320217,-0.00243536815,-0.001408327395,0.001486301329,0.00221815445,-0.0001796043227,-0.001577071875,0.002673202488,-0.00198191834,-0.003318012766,0.000998875254,0.003203087249,0.003334425392,-0.005672248169,-0.0005819127397,-0.0009074900134,-0.0009166376425,-0.003572846462,0.0008475980181,0.0008096923664,0.001237827982,0.00337068055,0.003420781904,0.002041461597,0.001882616492,0.002240786952,0.004490217957
2022-09-30,0.002167360309,-0.003327396539,-0.003529024382,-0.003491441456,-0.002865388954,-0.003457400846,-0.0001126874405,0.0009499898121,-0.005663527256,0.0007816228037,-0.005644531968,0.001356409481,0.0005349057498,-0.006876845032,-0.007317377619,0.001836002719,0.002538215635,0.0002047348849,-0.004184042654,0.0006522644331,0.001559787402,0.0001136078003,0.001136062487,0.0003643292761,-0.0001038969799,0.002517331369,0.003147276704,-0.0005070186434,0.002481905633,-0.002917976381,-0.001255582642,0.001531008795,-0.004646493632,-0.00500397538,-0.002380627777,-0.007049552459,-0.006840774327,-0.001447755453,6.811645218e-05,-0.0009420156042,-0.00294396645,-0.004128980983,0.003323909124,-0.0008582663532,0.00243618819,0.001934613521,0.003888653844,-0.007431472639,-0.007583272535,-0.005648722233,-0.001186306502,-0.005916233409,-0.005856523965,0.001637591837,0.0001007191133,0.001200040003,-0.007652845537,-0.006248245094,-0.007964664264,-0.005071550672,0.00326617226,0.002831321814,0.0004481169048,-0.003214583745,-0.0009743427997,-0.001137523262,-0.001009705089,0.001448774233,-0.0006289540718,0.001776443798,-8.597647196e-05,-0.00481128334,-0.004942208075,-0.00601948076,-0.001354426102,-0.0004127384846,0.002201995968,-9.79921995e-06,-0.00748674189,0.005659491872,0.005917960986,0.004337805663,0.001193587538,0.004451591302,-0.004462350841,-0.001320779752,0.0002398114469,-0.0006334341382,-0.003814439974,-0.002517003821,0.001092324702,-0.007800913609,-0.002017184377,-0.002154292438,-0.002686454759,0.005317118726,0.006566552598,0.0015043312,0.00103928051,-0.007598094107,0.002458345408,-0.003830703221,0.005242373657,0.004084741855,-0.006190382837,-0.006924166839,-0.006310356711,-0.005733100405
2022-10-31,-0.005790578457,0.002184836064,0.003212578918,0.008563389114,0.00384202965,0.00500215931,-0.002087150276,-0.008268171625,0.008470253742,-0.002766002706,0.009307726877,0.00301949055,0.002116265439,0.01239308737,0.01356181904,-0.0009429951618,-0.002706390913,0.003922200845,0.004218697705,0.002785791104,-0.005298365118,0.002086892656,-0.0004208737376,-0.001071220738,0.002386598794,-0.009611682029,-0.0005980945054,-0.0001480736144,-0.0004157835029,0.005351371674,0.002100087246,-0.01141512773,0.008661973887,0.009987530918,0.007067403096,0.01251162951,0.01209428872,0.005001317352,-0.00119750471,-0.0001735561876,0.004464521671,0.00416530568,-0.001892429068,0.00624524442,-0.002286345968,-0.01300113119,0.001369882505,0.0131042138,0.01738647066,0.01062901064,0.003538820072,0.01528866501,0.01377303134,-0.003424998342,-0.003424682953,-0.002400275448,0.01060055047,0.01328253636,0.01226338443,0.01049335641,-0.001629242195,-0.0005233769537,0.001956376738,0.003792899912,-0.0005308206886,0.001427379003,-0.000887226272,-0.002454884996,-0.001168088546,-0.0001583554339,-0.002003689226,0.009404828728,0.009068208422,0.009377977729,0.0002581734476,0.0004220773153,0.0006672887934,-0.001377862307,0.01724416168,-0.01039210075,-0.01308027297,0.007396202722,-0.004933649463,-0.00897158203,0.003967961644,-0.0001344514477,0.0007395852067,-0.001460640313,0.004801771308,0.00518588624,-0.006228181916,0.01402370844,0.0004856644038,0.001401735056,-0.01099407742,-0.01095731905,0.01059171646,-0.01164351281,-0.0002106349312,0.0172938871,-0.001516883464,0.009788315416,-0.003152240007,-0.001631615479,0.01323438724,0.01308306882,0.008698918722,0.01360627129
2022-11-30,0.002960032624,0.002965760851,0.003292462241,0.002052970777,0.001588913972,-0.0003366400538,0.0002505605285,-0.007406841294,0.001667115257,-0.003027012495,0.002440943502,0.0003908670022,-0.0009340133303,0.004461033337,0.003178718322,0.001850439025,-0.001487958854,0.0005048032738,0.002191439871,-0.001945405782,-0.0004590124606,-0.0008344015539,-0.0006551308402,-0.0005655601108,-0.001142752291,-0.003678232525,0.001390183561,-0.003444060873,0.002741909158,0.003129613792,0.003201262806,-0.007280062921,0.002861160063,0.004055679736,0.00263910955,0.003760577009,0.004521568535,0.0006973349137,9.607625919e-05,-0.0003438941539,0.002266877254,0.001539329538,-0.0004822219289,0.003407657754,0.001639491368,-0.004045012997,0.00343307239,0.003231342387,0.002362891916,0.005150345095,0.0003534610977,0.005635777084,0.004140589548,-0.002408136872,-0.001430635846,0.001121573346,0.004739036269,0.004025788065,0.005535761993,0.005094464632,-0.001367197874,-0.001467151754,-0.0007490447305,-0.0007610375918,0.001318512979,-0.0008157528814,-0.001685424492,-4.531393122e-05,0.002192519669,0.002351027533,-0.0009624593996,0.004302661457,0.004204655603,0.004567993385,0.00247842569,0.001715142349,0.002836842181,0.0006588372086,0.002270995927,-0.005749242488,-0.003854795546,-0.003752539095,-0.004049013918,-0.00505130584,0.004230019161,0.002522926005,-9.793987013e-05,-0.001230449158,0.002404911146,0.0002827592547,-0.001331634003,0.004975843732,0.001490423516,0.001373205586,-0.003054713298,-0.005575491223,-0.005192545866,-0.005578402733,-0.001874147104,0.002589218168,0.001399991606,0.004432253906,0.001335935417,0.002752749053,0.005301393997,0.005388362073,0.004817505816,0.007120048451
2022-12-31,0.001146659399,0.003287563739,0.003419087525,0.00237782188,-0.0001309497605,-0.0002626258612,-0.001162719555,-0.001117514888,0.002749630661,-0.001457340904,0.00216634902,-0.001178333238,-0.002091053371,0.002926553273,0.002673064757,-0.002385609323,-0.002609814398,-0.002618443892,0.001051837058,-0.002067726189,0.001023935286,-0.0006294551502,-0.0003974527349,-0.001468675807,-0.0001286597808,-0.002170407855,0.0001372743717,-0.001417526432,0.0009760982591,-0.0006197866611,0.00356986351,-0.002206952881,0.002465507194,0.002633894296,-8.349225186e-05,0.002961905294,0.002447266145,-0.0002177184393,-0.0007062109638,-0.0007587237104,-0.001554614433,0.0003054446108,-0.003428156794,-0.002313092231,0.000210161217,-0.0008703087659,0.0007198156143,0.001007260087,0.004333929467,0.004341908878,0.0006376152197,0.004517339255,0.001853911047,-0.001836568915,-0.001691650492,-0.0006388573874,0.003524751196,0.001334806179,0.003496375778,0.002930867837,-0.0009840774067,0.0003578765215,0.0008648486978,0.00243815678,-0.000100207909,-0.002203957421,-0.00171391079,0.0006253062984,0.001176485013,0.0003302069402,-0.001225659992,0.00361862126,0.00288886887,0.002943043029,0.003578704098,0.0003676321867,0.00182753399,3.062114681e-05,0.004321067115,-0.003022431232,-0.002574558896,-0.00052702269,-7.288750097e-05,-0.001450665854,0.002960064938,0.001745908074,-0.0007109409167,-0.001733446035,0.00311302539,-0.001452797426,0.00061874142,0.003368424133,0.001689356632,0.001528960194,0.001037037696,-0.002555023739,0.000948868386,-0.002176689837,-0.002170591376,0.004475300862,0.001251039832,0.003925145871,0.0008581094604,0.002344779269,0.003625732491,0.003658532877,0.00349068873,0.004453822216
2023-01-31,-0.001004665958,0.002478903948,0.002229958451,0.004026704031,8.053164516e-05,-0.0003585889889,-0.0006855971996,-0.001081682543,0.002911744542,-0.001308767543,0.004026064209,-0.0004909393442,-0.00206309124,0.003431953858,0.003905973844,-0.002421405721,-0.0006354324519,-0.002475959599,0.0006088576857,-0.002803125054,0.0004450480187,0.0009079329873,-0.0001329819805,0.000975385493,0.0015532716,-0.00279285391,-0.0001751606806,-0.001718859502,0.001235876251,0.0008023294058,0.0006198000558,-0.002927151966,0.002465276316,0.003272311864,0.001246210185,0.003787829297,0.003790213023,0.002105524675,-0.002233566123,-0.001495652727,0.0006209437529,0.002041032859,-0.001849323628,0.001289637774,-4.603124527e-05,-0.003913098954,-0.0008963017614,0.004684781449,0.005240066179,0.006063032068,0.002198108869,0.007484940373,0.006528094721,-0.005568088341,0.0004074887491,-0.0006057383169,0.004964027992,0.005681399786,0.005483716641,0.00363757887,-0.002835479543,0.001849203386,0.0006533540455,-5.689536016e-06,0.004358594215,0.005666825149,0.0006646881165,0.001600431337,0.002871101659,0.003348196812,-0.0008442955267,0.003567861535,0.003508297549,0.003459666432,0.001259897856,-0.004736903948,-0.001001989665,-0.0007238165484,0.005592063758,-0.005753464741,-0.005376832773,0.003623168492,0.002195081518,-0.003805341922,0.001273395036,-0.0001843410692,0.001924143392,-0.000689204487,0.001014099151,-0.003425867361,-0.002615720174,0.005135497992,0.002293889598,0.002605891797,0.0007180480409,-0.005403362576,0.002604519737,0.001755860812,-0.001506437729,0.005871868666,0.001272837299,0.006578617005,0.0001296540808,0.001469758418,0.006120298513,0.005061001351,0.004358909613,0.007115869455
2023-02-28,0.0004924083412,-0.0009834468012,-0.000755093636,0.0005342764201,-0.00208866071,-0.00227890885,-0.002093705229,-0.000449368604,-0.001651490315,-0.002748095309,-0.002344787291,-0.0003658957171,-0.002195696785,-0.003017886619,-0.002934619138,-0.0006836737134,-6.192383492e-05,-0.00126320888,-0.001984626874,-0.001368005434,0.002825807789,0.002227277115,0.002928369464,0.002403727181,0.0003247977102,0.0009327127923,-0.00163142134,-0.005093085128,0.000150865985,-0.00345505806,-0.0009108515555,-0.003048201257,-0.002073232321,-0.002360350011,-0.003565603894,-0.002917586617,-0.002615628612,-0.0020426994,0.00124220181,0.000722038002,-0.001888733986,-0.003506363717,-6.782182777e-05,-0.002802961708,0.0008905851144,-0.001796402506,0.004097022708,-0.001379637592,-0.002944616546,-0.001025850099,0.001865502708,0.0005916773864,-0.002909157751,-0.0002533416418,0.000446938466,0.0001000846732,-0.001497291347,-0.002641176587,-0.001782022631,-0.002031537193,-0.003132005599,-0.001562063349,-0.001538889942,-0.0006614914859,-0.001355119724,-0.0007784803629,-0.0001816625901,-0.001502244738,0.0007892646642,-0.001126489491,0.0002696403742,-0.001513866984,-0.001196882254,-0.001619013956,0.0007055398353,0.000218825315,-0.0007187675333,0.0002150927106,-0.002755284553,-0.003456129548,0.001119496762,-0.002837539709,-0.00304766871,-0.004766557125,-0.0009539563814,0.0004382137656,0.0002338111449,0.0005186905359,-0.000524623851,0.001169100417,-0.0007658016309,-0.002174748671,0.0001479752022,0.0006726321555,-0.002552204841,-0.002814424524,-0.004209324171,-0.003723464411,-0.001356116389,-0.002651650153,0.00380194847,0.0002408889394,0.005295216598,0.004135200724,-0.00277286598,-0.002812080149,-0.001373962339,0.0006431223323
2023-03-31,0.0005598645205,-0.002980999434,-0.003164184079,-0.001674967131,0.0007623533977,0.0009041133157,0.001005191892,0.001170327614,-0.004197601081,0.0006904394464,-0.003580443042,0.001452556178,0.003595557541,-0.003763307642,-0.003402486048,0.002314359638,0.003366740844,0.002895255296,0.00147296242,0.001662813379,-0.001426640831,0.0005757428534,0.000495353813,7.926111053e-05,0.0002269705321,0.001281880239,0.0008919145077,0.001791728752,-0.0007233136699,0.000271481308,-0.002148406564,-0.001223403494,-0.001986479105,-0.003662993261,0.0008004686738,-0.003736403386,-0.003844072604,0.0007097859763,7.611242992e-05,-0.0004913074062,0.0006939497898,0.0001193240791,0.004151837135,0.001780854851,0.002332234196,0.003648090398,0.003305651392,-0.003328835698,-0.005546660417,-0.006166466596,-0.0009629228735,-0.004847865972,-0.002520927455,0.001099021015,0.000967772113,-0.0006330861592,-0.005010183996,-0.002746030154,-0.005023031702,-0.004347524065,0.002742986166,-0.0003878676013,0.0009846614306,-0.001217525631,0.0003563403258,-0.0009017769396,-0.001467587648,0.0003107514854,0.001488319148,-0.002541820701,0.0007002807929,-0.005136770414,-0.005419384999,-0.004845510141,-0.003178754915,0.002220242693,-0.0001564417651,0.00269804982,-0.005601948483,0.001263504656,0.003859838753,-0.001250668984,-0.0009503210497,-0.001342296702,-0.00271514544,-0.002517189223,-0.000798119771,1.69213502e-05,-0.001826982279,-0.000920962632,-0.0003645486887,-0.004969965692,-0.002826000384,-0.003161499636,-0.003062675499,-0.001922387574,-0.002708706827,-0.002588951987,0.00450436301,-0.005672630539,-0.0004325587423,-0.004382581835,0.002930187444,0.002670214589,-0.005983288828,-0.005513025773,-0.004760064309,-0.003456112184
2023-04-30,-4.095149603e-05,0.0007772125278,0.000782383006,6.142122628e-05,-0.0002593793269,-0.0009527414508,0.0009715521899,0.0006585149461,0.002395489915,-0.001433322079,0.0007287478542,0.0007442313774,-0.0002451021073,0.0006094954606,0.0003609560046,0.002030860578,0.0006896842097,0.001449389222,0.001223971045,0.0007193585859,-0.0006361627893,0.0009404304047,-0.001373827212,-0.0007913097201,-0.0001060302291,-0.0002556139727,0.0004621122105,-0.001871603335,0.001253696568,-0.001509379588,0.00137601648,-0.001777117273,-0.0005260374268,0.0008000627823,-0.0003321082386,0.0005710997427,0.0008259113936,-0.0003517967297,0.0003495595424,0.0003668085185,-0.0007951214482,-0.0009901145766,-0.002100041866,-0.00151623271,0.002713536714,-0.000219131658,0.003183543718,0.0004608768185,0.000271925584,0.0007290165365,3.071331194e-06,0.001814267879,-0.0009521556534,-0.001586787286,3.377940775e-05,-0.00109427274,0.0007331899738,-0.0003639028241,0.0007494076197,0.001065890423,0.001087061795,-0.0006359060806,-0.0001917060433,0.0002287303299,0.003564755061,0.002691554966,0.00165837545,0.002469929623,0.001914873448,0.002380057449,-0.001492196039,0.00106515467,0.001233864042,0.001003363932,0.0007969435625,0.001307885522,0.0006335390987,-9.979453133e-07,0.0002952154758,0.0001142227935,0.0005832505934,-0.0008772823135,-0.0001635133298,6.424942522e-05,0.0007312712168,0.0004879124763,0.000303111229,0.0001499036742,0.0002759872725,-0.002048842029,-0.002012298481,0.000562188056,0.0007959322957,0.0006348522563,-0.003318652843,-0.001370664765,-0.0009459832587,-0.0001759615505,-0.001216054631,-7.227337065e-05,9.881380525e-05,0.0005268064632,0.0006090630061,0.001086797247,0.00144587133,0.001298925542,0.0005353793148,0.002391432868
2023-05-31,0.003004334368,-0.0001306354265,-0.0003538311243,-0.002256332736,0.0003917984228,-4.309404759e-05,0.0008521592868,0.002905117308,-0.002460854932,1.136880187e-05,-0.003162501947,-0.0003581392067,-0.001514727201,-0.004590519347,-0.004306463091,0.000321201183,0.0005339857051,-0.0008107789366,-0.001285200834,0.001067044733,0.003064444246,-0.0009599040241,-0.0003450462263,-0.0009096976987,-0.00109050569,-0.002038811805,0.000712884013,-0.002129673884,0.0001823678579,-0.001197262055,0.000945455645,-0.001333610745,-0.003859980421,-0.003321359021,-0.0008317725382,-0.004383808142,-0.00462907031,-0.001246150619,-0.0002244850601,0.0003125815517,-0.000504482083,-3.028131845e-05,0.0009328309302,-0.001394004789,0.001667899418,-0.001936662887,0.004455618749,-0.003491432842,-0.004743205449,-0.002709677279,-0.001109195889,-0.002309198705,-0.002899519807,-0.0003882142432,-0.000745455829,-0.0002190037384,-0.002147815858,-0.002303190412,-0.002661700173,-0.00388807635,-0.0005313298121,-0.0009961294439,0.0008685560286,0.001405635624,-0.00248463903,-0.001616103929,-3.658380509e-05,-0.002807320722,-0.001054615011,-0.0009723709216,-0.0003203341273,-0.003035757869,-0.00289538321,-0.003026381288,-0.0007581393174,0.001831482897,1.870194992e-05,0.001487437912,-0.004748925862,-0.00224176305,0.0009148002182,0.000599568809,-0.000545336076,-0.001276914437,0.000342020593,0.0009273502384,-0.0001390084283,-0.0002372371312,0.0008219430308,0.002025649456,0.0003741381939,-0.003371520816,2.192084943e-05,-0.0002127801086,-0.0005371462539,-0.001504769767,0.003892311623,-0.002479950745,-0.0003272948706,-0.004579507877,0.0006329125649,-0.002863510641,0.00332462512,0.002370175782,-0.003924136955,-0.003728288657,-0.001373084061,-0.0008865035154
2023-06-30,-0.003470006948,0.002265203546,0.002492211988,0.005976448464,0.00171696642,0.00145086869,-0.001624339957,-0.00126750301,0.005904633312,-0.001248732262,0.008592600237,0.0003802001106,0.001455779003,0.009480476659,0.009503584499,-5.044710925e-05,-0.001291913394,0.001449706481,0.00286062459,0.001277211706,-0.005199374771,0.00269315073,-0.002738673095,-0.002323551605,0.00122201276,-0.00168534658,-0.001073005395,-0.0007737124297,-0.0008520997898,0.002912434323,0.001735514157,-0.003080253649,0.007563080349,0.009639650414,0.002301709864,0.009066828961,0.009700952213,0.0005105917629,0.0001684080607,0.001232830145,-0.001138129389,0.001875875742,-0.005328851179,0.001213498391,0.0006818789844,0.001430487311,-0.001612890877,0.008360486663,0.009691886314,0.01026032359,0.003844002872,0.0110838962,0.007824159266,-0.003182930734,0.0009709919898,-0.001801429179,0.007306697764,0.007599791076,0.008439058419,0.009440276548,0.0009473110814,0.0004798457767,-0.0006011979604,0.004279426362,-0.0004968031145,-0.00186491116,-0.001056863816,0.001495187337,-0.001216100458,0.0002513373342,0.0003288467724,0.007748881491,0.00781787173,0.008467548991,0.001021357652,-0.00325147591,0.0002220755306,-0.001056953084,0.009734903476,0.0001116337157,-0.0003607285786,-0.002452618236,-0.0006030588777,0.00247127531,0.001376373536,-0.001379371264,-0.0003083765922,0.00161792151,0.004432844788,-0.001290530656,-0.004370118222,0.009449344535,0.001270625589,0.002186531179,-0.006720894888,-0.0001342609218,-0.008684072312,-0.0001852439871,-0.0003457090978,0.01022191726,0.0008864468259,0.009763787387,-0.0005474459665,0.001168371459,0.00962277212,0.008960690494,0.005392005784,0.007554637716
2023-07-31,-0.002116143366,0.002137252902,0.002551982955,0.004107484564,0.001498795204,0.001020925476,-0.001099964651,0.0001774774746,0.007794202134,-0.0002027563564,0.008306707902,-0.001492899667,-0.000138424092,0.009304674659,0.009397303788,-0.0002863608157,-0.0006537383518,0.001015842246,0.002792194522,0.001319052251,-0.005487500646,0.003858859098,-0.003578243504,-0.003112664069,0.002425572045,-0.0007216325986,0.000368927087,-0.0002093202317,0.0002649108431,-0.001408337769,0.004994319423,-0.001724255162,0.006961946041,0.009820744752,0.001881854629,0.009501277371,0.009468647427,-0.002168893815,0.000636139292,0.0008961622076,-0.002247936147,0.001108849654,-0.00635316044,-0.000285168284,0.001616148993,0.004933776476,-0.001705260056,0.006628045318,0.01175637953,0.008873748312,0.002345742801,0.01082612562,0.004572368763,-0.005747164612,-0.000317897112,-0.0006387076757,0.007068000806,0.005196492812,0.007805256591,0.009340249796,-0.0004999297027,-0.001469458845,-0.002655707558,0.003150398633,0.0004619629529,0.000536455529,-0.001493192464,2.285207787e-05,-0.001098872805,-0.001263750217,-0.0005551800805,0.008760104505,0.009041589809,0.009293606642,0.001513603493,-0.003708138562,0.00138732079,-0.00376957001,0.01202049197,0.003667643873,0.004753933164,-0.002630762451,-0.003752634683,0.003614786021,0.004089480718,0.003612448021,0.0003449824904,0.0005685934826,0.003851291329,0.002545788783,0.00218298033,0.007826728581,0.002039399342,0.002967439224,0.002927531658,0.004659907,-0.00447245572,-0.003508789932,-0.001810398092,0.01125787137,-0.0004230301709,0.009478373842,-0.001380785853,-6.349473408e-05,0.009919472844,0.008731451056,0.005730261648,0.007078924998
2023-08-31,0.001961766274,-0.0001033127028,-0.0001431375718,9.954446277e-05,0.0007827789231,0.0009282092697,8.033065797e-05,0.0001982511779,0.0009248473428,0.001083914273,0.000487316184,-0.001423815952,-8.56025407e-05,5.335651089e-05,7.65304144e-06,-0.00130430253,-6.956426903e-05,-0.001511443151,0.0004854350722,-0.000977380252,0.0007914171217,0.0004871209571,-0.0002224230804,-0.0002616804919,0.001153544742,-0.001248993553,0.0004403094703,0.00033334516,0.0002889074865,-0.0005491692226,0.001488968435,-0.0008446111606,0.0003471598497,0.00198464874,-0.0002803410769,-0.0001517413224,0.0001375690624,-0.001513738337,-0.001699632123,-0.0004220592696,-0.001878087776,0.0002618457633,-0.002658518155,-0.001982705178,0.001243824226,-0.001954634754,-2.40690558e-05,-0.001084287221,0.001782856853,0.001112763298,-0.0003812135998,0.002303487991,-0.0004500053478,-0.00112213236,-0.001106382126,0.0003838241101,0.0005420539548,0.0006028482631,0.0006245400518,0.000574915631,0.001214458384,-0.0001919549604,-0.0008883777782,0.0002833368505,0.002906851967,0.003223957139,0.001689925256,0.002681030036,0.00257294719,0.002708830635,-0.001193078468,0.0007776696448,0.0009320923192,0.001023095341,0.0003398881502,0.0009923331741,0.002855230223,-0.000777337622,0.001939977407,0.002069523796,0.001405744071,0.0001714366293,5.093731464e-05,0.001397712112,0.0005425067809,0.001807115972,0.0007525845829,-0.001194294662,0.0003817830698,-0.0001520955714,0.0001660967504,0.0005303564579,0.0006268397115,0.0009172167989,0.001640369462,0.001386744129,0.001460812586,0.002115496786,-0.0008885458582,0.0005116326966,0.0005269885482,0.001562097913,0.002022933618,0.002232109863,0.0007582757659,0.0007466233872,0.0006245472492,0.003484407993
2023-09-30,-0.001122183402,0.005485223302,0.00592482948,0.00337166607,0.003397949078,0.002758169391,-0.001053900612,-2.488243576e-06,0.006152451116,0.001315365623,0.006824003647,-0.0002233064048,0.001743161709,0.0079412423,0.007098907805,-8.957792253e-05,0.001404155303,0.0007430994375,0.002813581977,0.00129348354,-0.005389379446,0.001018694665,-0.004300293327,-0.00434460604,-0.0004308393907,-0.005861057328,0.001247889628,-0.0004620438334,0.0006354516686,0.0002862573384,0.004795913179,0.00159677908,0.006830459016,0.008298959548,0.001093661097,0.007389171098,0.007685202523,-0.002221716771,-0.001867422114,-0.00112643153,-0.002770046381,0.003767359804,-0.006353760439,-0.0006457844682,0.002499267298,-2.706303327e-05,-0.00369131743,0.004509212118,0.01004626401,0.008071469066,-0.0006295564408,0.008255802628,0.006571270166,-0.001688011028,-0.001396520833,-0.0007207744277,0.007342721282,0.007044040487,0.008123153219,0.008054045523,-0.001466487437,0.0008586717806,4.784898467e-05,0.0001825612733,0.0002376317225,-0.0001237685847,-0.001151375935,8.682226187e-05,0.0005547764611,0.001246472836,0.002301338197,0.008051959823,0.008064836724,0.007862820457,0.002907065094,9.700574157e-05,0.001885281589,-0.000121543312,0.009903285348,0.005695201627,0.004473918764,0.006675126076,0.004595695873,0.004332968894,0.006642102792,0.004887363761,0.0004598117197,-0.000684066563,0.002452945956,-0.003278491574,-0.002942141023,0.007958086158,0.001490432712,0.001929348567,-0.001473638037,0.006639360984,0.007917800074,0.007013505107,-0.003135217367,0.01007989809,0.0004370875307,0.008258683969,-0.001165136276,-0.000117354012,0.008300018954,0.008211075023,0.007029165245,0.007016260834
2023-10-31,0.001587066316,-0.002181610904,-0.002199750367,-0.001937814583,0.001519219012,0.001036231374,0.0002426456363,0.001264696172,-0.002435323149,-0.001097562783,-0.002015143198,2.770125202e-05,0.0007738934623,-0.004125919857,-0.004265411506,-0.0004998884672,0.0006157004406,-0.0008641992359,-0.001441215101,-0.001126542535,0.001451657932,-0.0007461508877,0.001359316552,0.001207802527,0.0002024609427,0.003029490103,0.0009495566571,0.0009142225059,0.0002613553691,-0.001514771956,-0.001629545023,-0.00182159939,-0.002699562191,-0.003114329103,-0.001434809466,-0.004270220881,-0.004167239349,0.000487313761,-0.0004998622327,0.0004359953029,0.000261613513,-0.0002836582457,0.0009254718519,-0.00117958756,0.00166117049,0.004609579276,0.003234924208,-0.004455378104,-0.004069970151,-0.003736793188,-0.0008880738612,-0.00282155175,-0.004240684516,0.0002130432831,0.0007031837384,0.001429920732,-0.003547235425,-0.004046624134,-0.004180639761,-0.003373804583,0.0007195623844,0.0002474189369,0.001291739311,-0.002165365431,3.948035754e-05,-0.0004633865917,-0.0005366612603,-0.000286155557,-0.0003684044699,0.0001319184842,-0.0006951846645,-0.002803637757,-0.002665094728,-0.00314732835,-0.001326387541,0.00067383468,0.002157721546,7.435874542e-05,-0.003995353374,-0.002305508386,-0.002500361048,-0.001779048008,-0.001585295664,-0.001537077238,-0.002705029021,-0.0007404806806,-0.000313821843,-0.0003906924149,-0.002248124795,-0.00110328159,0.002238631218,-0.004332038793,-0.001423059627,-0.001641272358,-0.002066700308,-0.002251911404,-0.002370172766,-0.002440721515,0.0004874045112,-0.004485835028,-8.157861449e-05,-0.00311824792,0.00192718983,0.0008762161365,-0.003434608604,-0.003513737049,-0.003581867212,-0.001799234149
2023-11-30,-0.005178542277,0.004855333476,0.004915795043,0.01118269308,-0.001214069778,-0.0005568162133,-0.001150057711,-0.0006060095888,0.009846761883,0.002476355708,0.01240671135,-0.0005285068127,0.0001335132111,0.01449473781,0.01512559453,-0.001088572203,-0.0003440643639,0.001212485766,0.001484587633,0.002065236617,-0.008262391429,-0.001498838218,-0.003539850005,-0.002612944704,0.0005408790317,-0.01098392815,-0.00059832154,-0.0001649417604,1.274465982e-05,0.003486308392,0.006270080444,0.002489329357,0.01363365233,0.01381029198,0.004521752244,0.01540153974,0.01512457533,0.0001480668612,0.001135439694,-0.0003971785219,-0.000425887121,0.0008871689461,-0.005627732582,0.005395418818,0.001289114026,-0.007785422241,-0.0098242884,0.01328228961,0.01543369011,0.01394712471,0.005286683367,0.01442714581,0.01417418608,0.0008424439488,-0.001113443806,0.0024301998,0.01130639151,0.0142986514,0.01338537263,0.0137891542,0.001358919652,0.004954200104,0.001769935111,-0.0001970476372,0.0006655354426,2.577205755e-05,0.001539386371,1.941939328e-05,0.00227631455,-0.0004174662051,0.001275685107,0.01210186561,0.0125423221,0.01318594435,0.003645709953,-0.0006535018712,-0.005634560978,-0.002143958078,0.01519584053,0.00907993115,0.004108894649,0.005851511305,0.00868788378,0.006136873424,0.007560456083,-0.0008207271186,0.002259580109,-0.002812531778,0.002332606693,-0.004279242257,-0.005689476139,0.0152741118,0.0005667033798,0.001485819568,-0.01013050007,0.008888431668,0.005541477833,0.0101652538,-0.001485154684,0.01545544201,0.0005539478367,0.01373933138,-0.002825907419,0.001873818753,0.01445813369,0.01306504322,0.009521415597,0.01454921997
2023-12-31,-0.003619072746,-0.0001990630816,-4.261183453e-05,0.002113867495,-0.001691779625,-0.001681514651,-0.001417963014,0.0001723855135,0.0009414210981,-0.0023244212,0.0017512074,-0.0001952541543,-0.0008059581986,0.003022886878,0.003350146009,-0.001967478615,-0.002415753064,-0.001622609392,-0.001688265619,-0.001259660683,0.0004138349202,-0.0008701094238,0.00015310834,0.0004698618423,-5.726452135e-06,-0.002227934015,-0.0001426511003,-0.0009151142941,0.0008097957889,-0.0005001155902,-0.0003411908728,0.001030048626,0.004049751648,0.00263480021,-0.0005157864314,0.003762382567,0.003774448029,0.0005481149457,0.0007085308994,0.0005539739337,0.0006425883678,-0.002403467294,-0.000207718477,0.001673720068,0.0002614614041,0.001210865166,-0.001704212828,0.005158509471,0.002408859084,0.004072518811,0.002779648467,0.004316122621,0.002063919321,-0.003313478264,0.0003714613534,0.001513698336,0.001844987997,0.00234049518,0.002354897898,0.002995348076,0.001308442427,-0.003161275644,-0.002222855453,-0.001005305085,-0.003250903518,-0.00373359996,-0.002854987169,-0.002589121006,-0.00148392519,-0.002060960643,5.604087336e-05,0.002543448733,0.002507258886,0.002674447527,0.000515733031,-0.005448265502,-0.004561324022,-0.002882469964,0.002330627887,-0.001575093528,0.001974174991,-0.004165260365,-0.001083012424,-0.003505358577,6.113148823e-05,-0.001528033819,-0.000446972901,0.0008510458402,-0.0001600550132,-0.001594915294,0.001554681506,0.002496625629,0.0002504273153,0.0007686649905,0.001942130929,-0.002490112593,-0.005651757551,-7.265183764e-05,-0.00126163197,0.002367652789,0.002146203028,0.004069506171,0.001298448674,0.002630384571,0.003292411888,0.002951288857,0.002096547766,0.002159293978
2024-01-31,0.001924381607,0.002602562758,0.002710269551,0.001367737448,-0.001007062022,-0.0001473233325,-0.002141100715,1.616536566e-05,0.003576727778,0.0004743444711,0.002195074817,-0.0005619299178,-0.0002435959569,0.002489809667,0.002454901335,-0.0008240782994,-0.002332753892,-0.00025440134,0.001088591716,-0.00012781813,-0.001612103421,0.0007360397789,-0.0008135958412,-0.0008880721133,0.0001928274729,0.0007448825267,0.001173199491,-0.002512267509,0.001356455526,-0.002448714117,0.003502753378,0.000120344618,0.001244608268,0.003366342572,-0.001979652861,0.00239981963,0.002418527292,-0.00420687373,0.0005570946426,0.001502399475,-0.005214797482,0.0001360766882,-0.005123265362,-0.004035066061,0.002504180646,-0.001175545641,-0.0009963976643,0.001501843724,0.003965839092,0.004064179783,-0.0005383675674,0.004994554188,0.002219734647,-0.002910544588,-0.00166639594,-0.0008917101384,0.003645736061,0.002182484722,0.003686784857,0.003938685084,0.000952104927,-0.001039486039,0.002863221904,0.0005984361033,0.003292206913,0.00400970221,0.003169991674,0.001360470282,0.002920972633,0.0008147709248,-0.0003534836028,0.003968250927,0.003810768454,0.004294507076,0.001570763698,0.003887157612,0.001181502915,0.0009441414482,0.003858230832,0.003146701543,-0.0008511349438,0.0007880338739,0.002926352662,0.002894678804,0.0036352004,0.004367644513,-1.535799826e-05,-0.001264160994,0.00146017623,-0.002942858174,-0.0007505944965,0.003493538858,0.001489642041,0.001257745719,-0.004271225904,0.00276026969,0.002416089964,0.002571127094,-0.002497292279,0.004070285136,9.488958264e-05,0.003915921526,0.0009478886079,0.001597053249,0.003595053372,0.003784059607,0.003413364771,0.00635988749
2024-02-29,0.001313132806,-0.0005231414643,-0.0004304442837,-0.0007452727638,0.0009710256021,-1.09608515e-05,9.822978357e-05,0.001202633985,-0.001674265632,-0.0005801934618,-0.001554311324,-0.001145126282,-0.001975409865,-0.002534840316,-0.003252284065,-0.001836167142,-0.00353442296,-0.002710298922,-0.001048487404,-0.0007671647018,0.003130523798,0.001814573529,0.001237838229,0.0009995494319,0.0003879229018,0.002137155062,0.0004607502632,4.386471036e-05,0.00142207036,-0.000844617822,-0.0001654835311,-0.002763631888,-0.003416436165,-0.002553919976,-0.001785556424,-0.002704952826,-0.002166170725,-0.0006668541136,-0.001874029577,-0.00179539005,0.0004568711179,-0.00112058405,0.001441431783,-0.001984900368,0.0005633612718,0.001640939042,0.002255885719,-0.001732900981,-0.002056705654,-0.0009566124621,1.226133014e-05,0.0004453855371,-0.003224727106,-0.002844363255,0.0002174418226,0.001351690526,-0.001521117949,-0.00290715737,-0.001641806677,-0.001422964541,0.000691417928,-0.0009139148794,-0.0006479962389,0.0002388671398,-0.003531307806,-0.004144850577,-0.003115286123,0.0009906172063,-0.001179727752,-0.0006335814526,-6.906378164e-06,-0.0008280970023,-0.000923280132,-0.00113375339,0.0005029185878,-0.002090811971,-0.001709939432,-0.00182982114,-0.00213533829,-0.002011824338,0.0005545437845,-0.003565081191,-0.002527317918,-0.002417791042,4.202841511e-05,-0.0001519188751,-0.0003556857558,0.0002657309283,-0.0003238561694,-5.389815526e-05,0.001328180955,-0.001873502354,-0.0001703414472,-2.982557339e-05,-0.001106815185,-0.003290383477,-0.003846541969,-0.00356818839,-0.0009839995098,-0.001795241776,0.00151092518,-0.0004169711696,0.002610260286,0.00165795157,-0.001027576836,-0.001243971155,-0.001325836705,-1.160437066e-05
2024-03-31,-0.000947755203,-0.0001103231865,9.998101322e-05,0.001286362583,-0.0006753707741,-0.0001560208486,0.0004502422679,-0.0006994197757,0.002783472495,0.0007466946427,0.003287165859,-0.0005469926287,0.0001785168686,0.003309665746,0.003751651796,0.0003015496955,0.0002602615846,0.001175432848,0.001008653508,0.00108417712,-0.001707443521,-0.0006818218155,-0.001178869136,-0.001163732417,-0.0002889752566,-0.001647991317,-0.0002267204009,0.0005432220962,-9.487152569e-05,-0.0004848777354,0.000172458101,0.002083044148,0.003244012059,0.00310816195,0.001468764181,0.003631284107,0.003468886016,-4.869141976e-06,0.0004811701864,-0.0001329516737,0.0002657626276,-0.0004790583183,-0.001379732148,0.00184502339,-0.0005007506882,-0.0005191497591,-0.002596446731,0.002514924188,0.002966780444,0.003327236575,0.001060048151,0.003185670825,0.002732281453,-0.0005873702817,-2.479276031e-05,3.891051923e-05,0.001694933035,0.002597423639,0.002299834456,0.003062838384,0.00189966159,0.0007569400297,0.002211726873,0.0007233915036,0.0002531833178,-0.0005122197848,-0.0004116922345,0.001395726859,0.0007679113604,0.0008172798598,-0.0001188780108,0.002836932179,0.002621593466,0.003066847865,-0.0002332794761,0.001668070821,-0.0001792939514,-0.0003176547343,0.003008332033,0.00320428243,0.00150180492,0.001754610083,0.003356090036,0.003640875688,-0.0002281539375,-0.000887229383,0.0004076787766,4.644561489e-05,0.0006460029328,0.0002786017647,-0.001012575706,0.002591355087,0.0003945386291,0.0006707684055,-0.002211612343,0.002926995292,0.001859587278,0.003115256004,0.0003525085316,0.002919191615,-0.0003231043434,0.002789574768,0.0003615681396,0.00189307216,0.003107826655,0.002754146593,0.0009701339478,0.002425928385
2024-04-30,-0.0001088763187,0.0006554185985,0.0007269142124,0.001385004653,0.0003551724436,0.0006761349638,-0.0001172311494,-9.231875935e-05,0.001654355229,0.001374820789,0.0008603761505,-0.00148232465,-0.001342059378,0.001706725644,0.001380257184,-0.0007993540223,-0.0004251711549,0.0003998320041,0.0007724819266,0.001003336772,-0.0006576539786,0.0004352234284,-0.0001062379452,0.0001401203592,0.0004479555204,0.0009200746402,-0.001047933124,-0.0005351443265,-0.00123147162,-2.100380613e-05,0.002171703007,0.001713777159,-0.0001316201276,0.002212619203,-0.0005621558097,0.001615548108,0.001637003271,-0.00199733669,-0.0001382112817,0.001296626119,-0.002142667374,0.0001231095862,-0.002091897516,-0.001261647088,-0.0007630377388,-3.108154851e-05,-0.001574871242,-1.821243736e-05,0.003985557625,0.003458891037,0.0002380516012,0.004043340979,0.00250911909,-0.003014651748,0.0001405595074,-0.0007558685082,0.001885702953,0.002377719464,0.00225278167,0.002700426344,0.001789051778,0.001752650983,0.0007530847474,0.0004706321809,-0.0003810332403,-0.0003699290727,-0.000493661196,0.002000170066,0.0005294283923,0.001591125132,0.000454215563,0.003134031613,0.003077200681,0.003086833046,0.0008510025624,0.002581171032,0.001680349374,0.000684748769,0.003954098276,0.002964118753,0.001299843249,0.002444483686,0.002086704725,0.003507579501,0.002022982533,0.00210159698,0.00116075856,0.0004372142392,0.001027934962,-0.00230094287,-0.001067480179,0.001959746651,0.001833910201,0.001714087862,-0.0007571223585,0.002846140723,0.002580724625,0.002921776485,-0.0009359608878,0.004167525616,0.001180934739,0.004681424113,0.0007190776752,0.001781959302,0.002883813046,0.002708289942,0.001936504609,0.003649628721
2024-05-31,-1.032189585e-08,-0.0003294055972,-2.945518962e-05,0.0007837457473,-0.0010021943,-0.000996157524,0.0006035160311,0.0007142765152,0.00174022334,0.0009381143856,0.001574314646,-0.001083891523,-0.001242577139,0.001740296337,0.001314162042,0.0001812611838,-0.00104643928,-0.0006927509729,0.0003840211642,0.0003548618991,-2.755599856e-05,8.481258871e-05,-0.0005410670918,-0.0007126962747,-0.0005182062748,-0.0002778432232,0.0005500103575,0.0001703268643,0.0007276004719,0.0006526392766,0.0009893294928,0.0003205195903,0.00102433051,0.0009791308294,0.0005305502864,0.00150345723,0.001681461633,0.001108250633,-0.001084083421,-0.002179203705,0.0003406451652,-0.001150159787,-0.0009007241258,0.0002680644877,-0.0001134376393,-0.001078610685,-0.001312001923,0.0003221020655,0.0006402490519,0.002020850981,0.0001709224263,0.001561096573,0.0004502916555,-0.0007003395259,-0.0003810848667,0.0002477980832,0.0001920706356,0.0006908021917,0.0005125270693,0.0006269596792,0.001633739591,0.0007621923861,0.001052497421,0.0009598642154,0.001940818144,-0.0008702920899,-0.002529622406,0.002016265832,-0.001017477518,0.0008935288648,0.000401664798,0.001188240254,0.001495815205,0.000974283848,9.943390217e-05,0.0006372970043,0.0003066475153,-0.0003192516586,0.0005876029271,0.001729976959,0.0005837587756,0.0006742038999,0.001319618488,0.0015882103,0.0008863561732,0.0004948295069,-0.0003821665971,0.0003391111045,0.0007823916784,0.0003547369818,-6.732394731e-05,0.0006657057282,0.0001817721709,0.0001911840789,-0.001041039716,0.001218364822,0.0007943509024,0.001271996188,0.0002539759313,0.0008203421751,-8.787075251e-05,0.000393211047,0.0003568482008,0.0009226370631,0.00126056446,0.001005809098,0.0006686278415,0.001149360888
2024-06-30,0.001556888619,-0.003470010875,-0.003400707449,-0.001366827395,0.0006401641519,-0.000376151083,0.0009094888863,0.001024147064,-0.003703175971,-0.0008636698902,-0.002953730221,-0.0006833504629,-0.0005294468978,-0.005885037187,-0.005819610573,-0.0002716674934,-0.0006728564199,-0.001542284723,-0.002728496002,-0.002517765785,0.002648042203,0.001030320723,0.001230153953,0.0007281257837,-0.0004915927812,0.003803641491,0.002623440046,0.002047044369,0.003483602146,-0.0003753782248,-0.002193881689,-0.004780848267,-0.00401518694,-0.005530203459,-0.00076462386,-0.005755847794,-0.005689934997,0.002515483872,-0.00181759452,-0.002184522086,0.0006159482988,-0.0009625270143,0.003867494069,-0.000670007059,0.001358544034,-0.0003874989299,0.004289809927,-0.003439094144,-0.007369393521,-0.00479650628,0.0007884270536,-0.004351179195,-0.00478717951,0.001338048285,0.0002556180834,0.0009042680672,-0.004051908067,-0.004692834728,-0.005099035645,-0.004860415125,-0.001507533544,0.0005083957771,0.001407868463,0.0007040520059,-0.002141276942,-0.001253935662,0.001150256391,-0.002880627404,-0.002126876843,-0.002088980019,-0.00049666044,-0.004969775485,-0.005171387729,-0.005481288855,-0.0009124482247,-0.004529757311,-0.003302820777,-0.00158925034,-0.007399248291,-0.006301708255,-0.005284780613,-0.003495874716,-0.002062820891,-0.005408380198,-0.003115896914,-0.002256519619,-0.00175090724,0.0003212024745,-0.001377017518,0.002369461724,0.0003421410328,-0.005241576911,-0.0005173834697,-0.0006898654922,0.0007883924638,-0.005576518052,-0.005389198733,-0.004926722337,0.001137441877,-0.007445691038,0.0008981580438,-0.004901746517,0.003335196314,0.001822506551,-0.005165892211,-0.004620795681,-0.004143554694,-0.003722435252
2024-07-31,0.0009718994201,0.0008968610182,0.0007622260653,0.001250769184,-0.001056498373,-0.001139413889,0.001254093093,0.0004919636481,0.001572659561,-0.0003595252963,0.0009379980613,0.0006751337679,0.0006811712228,0.001614641118,0.001283061396,0.001572134595,0.001395835162,0.0006075804901,0.001244010216,-0.0008010075232,-0.001275312675,7.030632948e-05,0.000438496116,0.0005812481061,0.0009729509001,0.0005177532923,-0.0001631870961,0.000340070915,0.001064390603,1.013282253e-05,-0.0008027864779,-0.001447267363,0.0008048136687,0.00129190341,0.001171759825,0.001750423792,0.001644258052,0.000775185565,0.0009962025794,-0.001031704114,0.0005233794146,-0.001524512808,0.0004543394614,0.0007453142309,0.002144702915,6.713242096e-05,0.002045754792,0.002856720626,-0.000162827369,0.001430226533,0.000748566475,0.001357868315,0.0003237419142,-0.001402458078,-0.000615956177,-0.0004947159511,0.00140694603,-0.0002462388595,0.001293783954,0.002117761083,-0.0002206719222,-9.169783489e-05,-0.0003397165284,0.0001855675575,-0.0006076849951,-0.001671144381,-0.001809767086,0.001460991658,0.00119994554,0.001083744061,0.0001346993094,0.001932991287,0.001806573395,0.001916231328,0.001577875875,-0.001269423229,-0.002400255292,-0.0004164244174,-8.182121466e-05,-0.00154526234,-0.001777579625,-0.0005569912354,-0.001496685382,-0.001383560313,0.002006872731,0.001661400428,-0.00133560282,-4.294204829e-05,0.0001405241882,-0.0002998637455,-0.0003206144512,0.001292647631,-0.0001785551553,0.0002326471946,-0.000700488324,-0.002090629378,-0.002794935293,-0.002759172609,-0.002026815685,-0.0002681625053,1.621223734e-05,-0.0003581206331,-0.0004511252092,-0.0006777267986,0.001920256882,0.001800770442,0.001877577776,0.001783710116
2024-08-31,-0.001216674883,-7.53665764e-05,-0.000220627813,0.001615596369,-0.001043302815,-0.001489974823,0.0004189913165,-0.0009774150541,0.0008774388309,-0.0002062069037,0.001480706154,-0.0004195173277,-0.0004243799532,0.001326720412,0.001438267552,0.0005401903877,1.704847873e-05,-0.0001608167554,0.0007790929636,-0.0004743499528,-0.0001923821213,-0.0001235096589,-0.0001570557957,2.376868811e-05,0.0006024121211,-0.0003836833063,-0.0006840428864,0.0004382148158,-0.0003069875121,0.0005994597877,-0.0003681309559,0.001596558496,0.001287486966,0.001165391211,0.001344042195,0.001712333189,0.001731771322,0.0007888265304,-0.0002981077072,-0.00171751127,0.0005063740889,-0.0003327985048,0.000406732091,0.001222039817,-0.001581800136,-0.000636764191,-0.00150387489,0.001268949291,0.001205753746,0.002431625977,0.00154013308,0.00241228787,0.0008398782072,-0.0002489306918,8.934789677e-05,-0.0008308632603,0.0005756572668,0.00136765678,0.001221991882,0.001717423906,0.001147011307,0.0008144770052,0.0009976714029,-0.0001769832233,-0.004180628541,-0.0008284910083,0.0005662279469,-0.001671620698,0.0006398697194,0.003510892626,2.841684589e-05,0.001767344272,0.001656877858,0.001773532528,0.0009451179781,0.001316461766,-2.012263346e-05,-0.0005467441819,0.001156576411,0.0006075415679,0.0008259500604,-0.0008215518999,0.0001600432174,0.001541215279,-0.001101412625,-0.001492548817,0.0003308235121,-0.0004169139691,-0.0001770973191,-0.001381342794,-0.0004643448013,0.001817779299,0.0001192125237,0.0002636569913,-7.933994441e-05,-3.641382455e-05,-0.002312978238,-0.001527537554,-3.21449945e-05,0.001364267904,0.0002590844681,0.00148615325,0.000460351458,0.001200776157,0.001503832372,0.001393751745,0.0003124680223,0.001178577066
2024-09-30,-3.196234604e-05,0.00239781543,0.002273301358,0.003283019576,-0.0004770990627,0.0002095515908,0.001000031737,8.975746955e-05,0.00368524665,0.001240613502,0.003858654091,0.0007051368276,0.001429899666,0.004825492538,0.005758898775,0.000977137433,0.00155326495,0.001883534336,0.002664360125,0.0008792471888,-0.002739854659,-0.0001820872359,-0.001412868306,-0.001134259761,0.0007976523146,-0.0003953614725,-0.0001557155445,0.0001023603129,-0.0009500996593,0.0007176836304,0.0007373127504,0.002305888829,0.003535696053,0.004667075911,0.003060856915,0.005345621113,0.005023403132,-0.0007226615552,0.001314819325,3.002198843e-05,-0.0002074188279,0.0009681653998,-0.002229179784,0.001764168895,0.001460762506,-0.002792569343,-0.002225190691,0.004977029983,0.00484626443,0.00510134071,0.001970469672,0.005537163369,0.002551559947,-0.001550679531,-0.0009333664256,-0.0003629911201,0.005070145369,0.005094403072,0.005594273279,0.005701614675,-3.206713572e-05,-4.238073131e-05,-0.001097828485,4.515946405e-05,-0.002019553422,-0.004029940249,-0.002433604547,-4.782892698e-05,0.001857846098,0.001448569314,0.0009862000031,0.005365691909,0.005416671151,0.005641305725,0.002043697601,0.001141905081,0.000933733557,-1.729599824e-05,0.004859448532,0.001276519851,0.002867588219,-0.002253435326,-0.001891613916,-0.001448009065,0.002869799307,0.00183906078,0.0005777951642,-0.0009419434,0.001801528946,-0.003115020987,-0.0004194167611,0.005773843463,0.001467332869,0.002044574897,0.001594002655,0.001400169872,-0.00568260619,-0.001166754593,-0.001599664006,0.004873127035,8.323059261e-05,0.003980801964,-0.002200829274,-0.001064105521,0.006060622328,0.0057947581,0.004498127217,0.005683890952
2024-10-31,-0.0003204326635,0.0005403170727,0.0007169108483,0.001488501586,0.0005140912411,0.0004987106782,-0.0003638139,-9.600877e-06,0.001383070652,0.002114669862,0.001015773276,-0.0008828807916,-0.002616652666,0.00124823573,0.0008882072794,-0.001818845631,-0.001549880576,-0.001632589314,0.0001285340844,-8.955662276e-05,0.0005483130245,-0.0004821845847,-0.0005039799844,-0.000716278906,6.832170984e-05,-0.0004717841008,-0.0002311383276,0.0005155067702,-0.001513996914,-0.0010671568,0.001911446366,0.002061694826,-0.0005166713433,0.001548676792,-0.0006325672771,0.001065777104,0.001369425585,-0.002072902784,-0.0008923554975,0.0003273275206,-0.001904678848,-4.165340545e-05,-0.002674026684,-0.001454135082,-0.0001149558829,0.001160956084,-0.001634814833,-0.0001826755873,0.003846176367,0.003424081558,0.001384495745,0.005178344649,0.00181570936,-0.001195887649,-0.0005251612426,-0.0003250506324,0.00187707726,0.001957785956,0.002134707056,0.002193183965,0.0002687251387,-0.001759014151,-0.0006682681498,-0.0001342648939,0.001471157771,0.001472461936,0.0009913304893,-0.0006632238274,-0.0005237987216,-0.0001375934821,0.0001341539281,0.002356875285,0.002441812148,0.002571427441,0.0006747505546,0.001861998768,0.002159530399,0.001535792435,0.003804724384,0.001224180238,0.001748852522,-0.001526115208,-0.0004563525502,0.001119391238,0.001496844812,0.00133948141,0.00131540143,-0.0001834611879,0.0003329836037,-0.002144458579,-0.001340891818,0.002184164049,0.0013073572,0.001531151531,-0.0001961987924,0.001251807718,0.0005938538585,0.0006023652924,-0.001363880243,0.003834154562,0.00145161362,0.004631019945,0.001315711641,0.002903232071,0.001622282105,0.001769340664,0.00153262217,0.005253567146
2024-11-30,0.001469560623,0.0003071287864,0.0003662552119,0.001605771657,2.997856121e-05,0.0004147448187,8.477243234e-05,1.712442439e-05,0.0008895844884,0.001248824335,0.0006497752914,-0.0003694317253,-0.0001201316035,0.001352611674,0.001588594625,-0.0003648751892,-0.0001133023197,-8.521310432e-05,-0.0001603719177,5.925960146e-05,-0.0004665714277,-0.001572531731,-0.0007943993253,-0.0008334223373,-0.0009428524927,0.0003902646176,8.915270267e-05,0.0007025740669,-0.0008554883591,-0.0006849178193,0.0005848880995,0.001323183704,0.00174583525,0.001014441769,0.0006247572987,0.001411656926,0.001260391667,-0.00041850321,0.0003273799961,0.0003040418324,0.0002114782634,0.0002177383039,-0.000636412825,0.0002890613007,0.0002580386158,0.0005306661849,-0.001873459725,0.0008029314683,0.0009661594718,0.001168137819,0.001409936866,0.001641067879,0.001508182584,-0.001368286966,-0.0001104927676,-0.0001134230289,0.001531323494,0.001654872774,0.00160661157,0.001276217599,0.0001679575327,-0.0007619360443,-0.001225235367,0.0005704028802,0.0004762122623,0.0003410131458,-0.000210475887,-0.001912133331,0.001096318881,-0.001132170361,-0.0003241895361,0.001315534129,0.001132232725,0.001030113742,0.0006107708768,0.001383694682,0.001042397362,0.0005932920809,0.001051621975,0.0005054770028,0.0009097544065,-0.0002792120166,-0.00168111571,-0.0002848594624,0.0008017843243,0.0001128819736,0.0002473881055,-1.535378783e-05,0.0006683797414,-0.0001249225345,-0.000620665055,0.001693807882,0.0003188949492,0.0005043596606,-0.0003628048964,0.0008319073757,0.0008724592786,-0.000136119447,-4.929933834e-05,0.0009530478891,-0.0002686654456,0.001195044378,-0.0001241305089,0.0004282554521,0.001299430569,0.0009661985159,0.001437982384,0.002085318856
2024-12-31,-0.002348361897,0.001180221765,0.001086862662,0.002902641578,-0.0002513363341,0.0005743219683,0.0003518950397,6.217968332e-05,0.002990969582,0.002169315356,0.001787419662,0.0004096249561,-0.001137322598,0.003542355685,0.002939648877,-0.001861215345,-0.0009303211018,-0.001044738993,0.0002843715821,0.0005208073544,-0.0004723156073,0.0003888368363,-0.0006272347326,-0.0004763550973,0.0003340530114,0.0008667219657,-0.002463242295,-0.001545932204,-0.003274745481,-0.0007194668024,0.001675557268,0.002771682307,0.0004730834467,0.003813394152,0.0007649088286,0.003054389513,0.003391847165,-0.002847190768,0.0006109997072,0.001071337699,-0.002210894828,0.0005205641731,-0.003626454635,-0.0003093047713,-8.956491344e-05,-0.00148145824,-0.002310805863,0.0001547517161,0.005229910063,0.004407988985,0.001172253704,0.005308715141,0.004080163319,-0.001863515143,-0.0002226400197,0.0009368464235,0.003080459132,0.003539884182,0.003862170701,0.00244396112,2.374401767e-05,0.0004274123654,-0.001125608233,0.002776196386,0.0001117931702,-0.0001829541571,0.0006878760753,-0.0007103781289,0.00161384397,-0.0008232620811,7.277590203e-05,0.002836506705,0.002717850579,0.003239689697,0.0002060601589,0.003667961367,0.003934732176,0.002601711416,0.005189431958,0.002408228856,0.002970763092,0.002813993229,0.0003374653469,0.002716135392,0.002446150101,0.0005664737364,0.0005541155707,-9.940485795e-05,0.002564320345,-0.001948752714,0.000262267573,0.003902288673,0.000751496834,0.0009834728069,-0.002454703957,0.003510566326,0.003651016059,0.002534318104,9.467523296e-05,0.005334299507,0.0006250320142,0.005173099937,0.0009331994195,0.002616313239,0.002779380864,0.002430641521,0.002773801219,0.005295478017
2025-01-31,-0.0007833842148,-0.0002789863989,-0.0001577856222,0.001788478711,-0.0001817213241,6.133635472e-06,-0.000615795531,0.0001981631357,0.0009992975745,0.001442386529,0.00221355529,4.583447681e-05,0.0008504476733,0.001687689562,0.001973144382,-0.001060015328,-0.001075821609,-0.0008078240458,0.001364126211,-0.0007723559357,-0.0007517729149,-0.0001762629675,0.0006090285496,0.0004521731202,0.001086091743,0.0004689395338,-0.00166310729,-0.0006579545978,-0.002098378741,8.611503451e-05,0.000361084115,0.001076118585,0.001651037041,0.001726521729,0.0001246720669,0.001932784359,0.001874959407,-5.926240892e-05,-0.0003922154741,-0.000646668176,0.0006579673213,0.0001860454454,-0.0009268159467,0.0009512420828,0.0004361080846,-0.001861217754,-0.001781765847,0.001845875234,0.002262117742,0.002400058695,0.001047386904,0.002524916676,0.002151048888,-0.001016119742,0.000899534179,-0.001569554787,0.001413039328,0.00228653583,0.001784369419,0.001843613768,0.0001485578837,-0.001038945502,4.875051058e-05,-0.000499278668,-0.0002983422565,-4.111026542e-05,-0.002697203046,-0.0009950881086,0.0003220776501,-0.0003153265966,0.0001541783262,0.001867696807,0.001773714152,0.001828991344,0.0002735044047,0.00155778184,0.001268276131,-0.0001353473994,0.002338320851,-0.000312023532,-0.0001576111751,-0.000555953631,0.0006252763187,-0.0001839170253,0.0004462264778,-0.0001457891361,0.0006916361021,0.001029493333,-0.0003407199768,-0.0007789868202,-0.00203477839,0.001799525228,-0.0002105876807,-7.840109829e-05,-0.0003398274394,0.000351276213,0.00119648761,0.0008406091505,-0.0005222106853,0.002152007017,0.000996829062,0.002500477316,0.0009629967119,0.001588056499,0.002045847929,0.001966264604,0.001192582714,0.002138055184
2025-02-28,0.002410571001,-0.002506297638,-0.002426119109,-0.00446270377,0.001214699012,-0.0006194675839,0.0009737372057,0.00121338169,-0.006678086233,-0.001460974929,-0.004068575018,-0.001717272248,-0.0005316617829,-0.006982865966,-0.007049913027,-0.0008217182795,-0.001495316575,-0.001930932587,-0.00424159165,-0.001874181965,0.003352973981,-0.00105051242,0.003544908951,0.003507074904,0.0003354801804,0.005774361231,0.0006594411834,0.0009611100379,0.001715876018,-5.531168019e-07,-0.002089574213,-0.003571396758,-0.003673818163,-0.007742626725,-0.0006937041749,-0.007162391768,-0.007005408042,0.004498718343,-0.001228664183,-0.001616533705,0.002567506301,-0.0007389294344,0.006171091711,-0.001045025807,-0.0008856825715,0.005722123578,0.001714839362,-0.004064665657,-0.01037558338,-0.007944926739,-0.001711914558,-0.007372200354,-0.007993626949,0.0003927135707,-0.0007346534767,-0.001489752088,-0.006349917814,-0.007728133299,-0.007675633699,-0.006873038652,0.00275066576,-0.001587062685,-0.0002350051334,0.00287458522,-2.04274607e-06,-0.0004957634825,0.0007885391956,0.0009185960374,0.0003457928706,-0.001212753743,-0.0004667839209,-0.007149458959,-0.007123349389,-0.007816055469,-0.0006680817286,-0.00709360898,-0.006578219211,-0.005193033857,-0.01043218534,-0.003923936125,0.001256643861,-0.005776419464,-0.007244012304,-0.003437111298,-0.002046640724,-0.0004988985961,-0.001592132691,-0.0007381635765,-9.198974222e-05,0.005480879751,-0.0003129970655,-0.008214866193,-0.001968637975,-0.00206686885,-0.00474982233,-0.008134547237,-0.008517507667,-0.008601035731,0.001170325557,-0.01032936935,0.001655261632,-0.007430576548,0.003046444031,-0.0008630842928,-0.00711414581,-0.006748672347,-0.005506611335,-0.008512043546
2025-03-31,0.002523793126,-0.0003083294054,-0.0007701751396,-0.002043162111,0.002119524153,0.0003898059182,6.551529648e-05,0.001316062917,-0.004795042106,0.0003214353504,-0.003383477915,-3.154327435e-05,0.001218622709,-0.004688816098,-0.005579267949,0.0001480234663,0.000382163176,-0.001379280814,-0.002401514012,-0.002059619987,0.00183258278,-0.002168195837,0.0006692213465,-0.0001011122434,-0.00101403832,0.002531198578,0.001722398357,0.0005687736239,0.001689416818,0.0002281759339,0.0001630588703,-0.00353152749,-0.002437843741,-0.0060457096,-0.0002103658598,-0.00607837318,-0.005160699013,0.002004075239,-0.0006999181655,-0.0004496099531,0.001468247842,-0.0005725323215,0.003974370317,-0.001369633088,0.0003360733406,-0.0009412632893,0.0025297246,-0.003030729089,-0.007237366964,-0.005244199353,-0.0007073987266,-0.005624986733,-0.005696354877,0.0008984491019,0.0006329780482,-0.0003773262633,-0.004506674262,-0.005474946766,-0.005696784196,-0.004555504177,0.0001376615745,-0.001069921414,-0.0006498404138,-0.0009297221006,-0.001611725876,0.001563913106,0.002034645883,-0.001366392803,-0.001815373124,-0.0007858926596,6.356700026e-05,-0.004370062885,-0.004486251946,-0.00453752501,0.001032460924,-0.005460299679,-0.004935101037,-0.001129089079,-0.007257590308,-0.00502503602,-0.0001394446181,-0.004155129642,-0.004868178543,-0.004045626041,-0.001765351624,-2.951281908e-06,-0.0006823208813,-0.0001982250228,-0.001388219949,0.003714255893,-0.0001891389298,-0.005904712368,0.0001667584253,-0.0002126025832,0.005276212731,-0.005665714255,-0.005765041129,-0.005960351395,-0.0004749385304,-0.007396474614,0.002086208689,-0.005271901614,0.002868140314,0.0001751436391,-0.004384194869,-0.004418690542,-0.003587278328,-0.006352543592
2025-04-30,0.001656121313,-0.00119822408,-0.001442097881,-0.003487486414,0.0008496654381,0.0004338156304,0.0004945045169,4.503376272e-05,-0.004659001767,-0.0005464136695,-0.002549264881,0.000872872022,0.002478375152,-0.003643862003,-0.004233356658,0.0007315272747,0.000734245542,-2.701141328e-05,-0.002586572331,-0.001813932455,0.0002031047079,-0.002242475694,-0.0007945223199,2.053541458e-05,-0.001448843028,0.0003884423679,0.002171697832,0.002293149235,0.002048507345,0.001334567943,-0.001559414457,-0.003404585118,-0.0001647444313,-0.005410683496,0.0003530176233,-0.004288863484,-0.003990908976,0.002736262406,-0.0007473661725,-0.001800495885,0.00309099269,-0.0008796045989,0.005355505441,0.001749676567,-0.0001784634848,0.002472425487,0.002393924979,-0.002590386607,-0.00725412405,-0.006139436415,-0.001871257981,-0.00510016409,-0.003394020436,0.0006569517067,0.002309547454,0.0003814763739,-0.005569127967,-0.003492745627,-0.005695996394,-0.004973205802,0.0002534040431,0.001402615253,-0.00103470314,-0.001234665772,-0.001063540997,-0.001058063113,-0.001450526137,-0.0007391627633,0.001006415143,0.001229610258,0.0008135247097,-0.005304207105,-0.005533964836,-0.005812819988,-0.001523228619,-0.004223817445,-0.003136455961,-0.001811668941,-0.00726709505,-0.001537544066,0.0006032727261,0.003170926054,-0.0028079793,-0.002551771613,-0.003297380746,-0.002329950005,0.0001382816563,0.001715375918,-0.001868459169,0.002902661299,0.002649986099,-0.00582000729,-0.001945492788,-0.002463789341,0.003870120085,-0.003018048807,0.002816356657,-0.003326378772,0.002130796918,-0.007149288034,0.000444223341,-0.005105721691,0.003078987697,0.0008636437847,-0.005434191703,-0.005303198008,-0.004529913793,-0.005694170637
2025-05-31,-0.003034574533,0.003537042262,0.003807513424,0.009253193927,-0.003019690177,-0.0009313226535,-0.001108125755,0.0003404717243,0.009314777481,0.004707645887,0.008088993361,0.0001651382782,-0.000986291671,0.01155534068,0.01229639352,-0.001153079572,-0.0009968655116,0.002158237972,0.005738277494,0.00299766409,-0.004544158205,0.006003850394,-0.000710362682,-0.0005233305239,0.0005926711428,-0.000586102916,-0.005144614811,-0.004790275222,-0.005676499632,-0.001162163352,0.0009378868838,0.004179819436,0.003702294549,0.01290774438,0.002849260372,0.01219418874,0.01201124464,-0.005909100085,0.0005863113404,0.001151881917,-0.003645907034,-0.0002171827423,-0.01022660812,0.002208560197,0.00289303922,-0.01227521937,-0.007121082195,0.008877383381,0.01482414171,0.01194730923,0.006337828662,0.01190738095,0.01144903466,0.001062092006,0.001281965701,-0.002524389712,0.01182362689,0.01151872314,0.01312276765,0.01204428707,-0.00344783983,-0.005416283904,-0.003808138715,-0.001488715786,0.001524548633,0.002015505127,-0.001064054879,-0.00177876458,-0.001924895055,-0.001937305739,0.0002639795827,0.01067741031,0.01092847633,0.01219329478,0.003255296895,0.009174456362,0.008135153293,0.004255570026,0.01482621706,-0.005919663532,-0.001703245978,-0.01241899873,-0.008851681102,-0.001643546475,0.004636617756,0.0005173239367,0.001857954423,0.003100193249,0.002223430623,-0.002682262216,-0.00591127301,0.01367350149,0.002583592653,0.003287175235,-0.003505188748,-0.003800452271,-0.01180066978,-0.009075787896,-0.00261306235,0.01478593602,-0.001767515229,0.01054200047,-0.002538279678,0.00286408987,0.01235233999,0.01220645435,0.01021712277,0.01422808814
2025-06-30,-0.001207072717,0.001263640901,0.001298327593,0.002895131995,-0.0002423947472,0.0002171201353,0.0003953719748,-0.0001344974887,0.003472626669,0.001046947895,0.00337147891,6.620472677e-05,-0.00066923267,0.003484148269,0.003527145498,-0.0005715079219,-0.00145340548,0.000764916645,0.00133010548,0.001191533784,0.0001697964234,0.00226449658,0.0002034902321,5.180006111e-05,0.0005298935385,-0.003142062482,-0.002842082429,-0.002828905446,-0.003064470589,-0.0005607323044,0.0007118069586,0.002496263863,0.001259706942,0.003477011391,0.001204981872,0.003572108043,0.003577395397,-0.0008888552093,-0.0004462173494,-0.0007124847088,-0.0001344436196,-0.0009425610737,-0.002815506394,0.001000957482,0.0001626491823,-0.001866735757,-0.003148382452,0.003867548897,0.004624492818,0.003434593626,0.001437133223,0.003996020067,0.003668566702,-0.0006104253931,0.0002506121084,0.0007372528882,0.004022808594,0.002820640013,0.00428722048,0.004484958657,0.0001300194243,-0.001527101775,-0.001028683734,-0.0001921630541,0.002138950406,0.00203100418,0.0003304160083,0.0001283269436,-0.0002738003551,-0.002594432295,-0.0005388342531,0.003753502252,0.003900867544,0.004052889569,0.0007865668124,0.002481255603,0.00245447778,0.0007693823951,0.004651668069,-0.003206624315,-0.0001065831808,-0.004600312471,-0.003866818468,-0.002909206686,0.001080698072,0.0002988131206,0.0004141756706,0.0007112798565,0.000563568378,-0.0005696422232,-3.452086514e-05,0.004440970265,0.001005567695,0.00140715654,0.002094725977,-0.002810938616,-0.003852282124,-0.003497874859,-0.00133420997,0.004635937538,-0.0007649514232,0.002644409564,-0.001034591182,0.0004311317457,0.004634457876,0.004198574112,0.003100405521,0.00414360673
2025-07-31,-0.001036930298,0.002101706564,0.001941065092,0.001509946834,-0.0009627171173,-0.0001345350468,-0.0005008988543,0.001230925754,,0.001016969038,0.002121437237,-9.528535185e-05,-0.0003567997494,0.003095989985,0.003464089104,-0.0008619109575,-0.001043541267,0.0005139076444,0.00254176752,0.001224039588,-0.001967400201,0.001990120728,-0.000926919184,-0.001271061993,0.0007710328127,-0.0004164647306,-0.003074522391,-0.002509631832,-0.003315629978,-0.001630607382,0.0026239973,0.000744283526,0.0007151782781,0.004127941804,0.001097895147,0.00369564383,0.003949185593,-0.002661410463,0.0001953076558,2.677155374e-05,-0.001771333778,-0.0007361332489,-0.003771080023,0.0002541638402,-0.0002751316208,-0.001667282412,-0.001771901539,0.001510896302,0.004786630816,0.004418586062,0.001470644215,0.005487457715,0.002512681827,-0.001726165784,-0.001064325138,-0.0002108152027,0.003283445694,0.004070380025,0.003602947856,0.004259713931,-0.0003915279126,0.0001095211612,-0.001522455567,0.002984890027,0.0005870937668,-0.0009916496924,-0.002619552128,0.0005523125442,0.00236157589,0.001692964715,-0.001397729678,0.003931769683,0.00341113459,0.00401228548,0.002126517412,0.003067591605,0.003538446764,0.002100170864,0.004744818992,0.0005071481041,0.003119421324,0.001347309061,-0.003660368503,-0.0005645640783,0.00160664057,0.001020500772,0.0007945864467,-0.000474102743,0.003118014219,-0.0029698335,-0.0005366354088,0.003908845405,0.001560249881,0.001425609718,-0.001462162285,0.0006200232345,0.002895050678,-0.002628625714,-0.0006201461553,0.005039902815,-0.0003520839636,0.003695263804,-0.000552733272,0.001915326946,0.003746485344,0.00412351485,0.002924144423,0.005729748578
2025-08-31,0.001809869705,0.0006516406314,0.001010806838,-6.528513983e-05,0.0003773853204,-0.000266189298,-0.0008979383199,0.000809974908,,0.0007355990599,0.00101063375,-0.0004603405849,-0.001001796759,0.00110009658,0.0008772919392,-0.0001405284566,-0.0003058596018,8.763125947e-05,-0.0002103787741,0.000391039381,-0.0002773661876,5.595914701e-05,-0.0005360700907,-0.000392502986,-0.0007028848454,-0.001167394469,-0.0006591805592,-0.0005722441046,-0.0006898296469,-0.001047833718,0.001751061232,-1.817608276e-05,0.0006707436036,0.001100901785,-0.0004448558713,0.0009228584117,0.0009577779559,0.000187739561,-0.0001015213501,0.0006845640322,0.000134257164,-0.001588447517,-0.0007941028667,3.340850025e-05,0.0002851565878,-0.001459385661,-0.001393247997,0.002310274616,0.00109718747,0.001002406368,3.021205882e-05,0.0008757230519,0.001215684063,-0.0006748551474,0.0001935843904,0.0002188534946,0.00121887857,0.0005667073349,0.001154315459,0.001915874952,-0.0001731185356,0.001028410769,-0.0002156197309,0.0009816412036,0.0001356201804,0.002460330557,0.001943020682,0.0001630290169,0.001200817072,-0.0008395051214,-0.001197745599,0.002020960208,0.002205698224,0.001653231739,0.0007319456164,0.0004065608197,0.001510958727,0.0005552621712,0.001230386961,0.0002957765994,-4.784885388e-05,0.001385165292,0.0001371024682,0.0003769725273,0.001098317409,0.00132600654,0.0001121226787,0.0003490076974,0.001182113306,-0.0006737506309,-0.0001893699154,0.0009361699978,0.0009371493647,0.0009316432566,7.867085913e-05,0.0003247539645,0.0007785813527,-1.864659337e-05,-0.001620955142,0.001132040653,0.0003179055353,0.0008903238369,-0.0004949759328,-0.0004804523737,0.00159233897,0.001864915472,0.0008754917744,0.001450906137
2025-09-30,-0.00136980197,0.000169219237,0.0001479836818,0.001203348537,0.0002314695083,0.0007734479951,0.0003857982873,-0.0001530653037,,0.001108906591,0.002114531661,0.0006674332312,-0.0002182124916,0.003621206444,0.003768300556,-0.0008626521455,-0.0007840271413,-0.0002997320681,0.0005840279616,0.0006545152747,-0.001020315364,0.00188075746,-0.0004990769683,-0.0008221655192,0.0004809429179,-0.0001094576958,-0.0008314710707,-0.001017963659,-0.00088157056,-0.0007558394177,0.001104302076,0.003074821014,-0.001114183127,0.003831172829,0.0005912959396,0.00383479803,0.003454646227,-0.00147075875,-1.777929258e-05,4.887074551e-05,-0.002208037923,-0.0005129615247,-0.003123954604,-0.0002639760096,6.201365758e-05,0.000508708109,-0.001343714287,0.00171130562,0.004114649351,0.003307352975,0.002028568991,0.003989704469,0.002507347271,-0.001242022838,-0.001012785188,-0.0003785426109,0.002161793399,0.002498845831,0.002626951027,0.002693464667,-0.0006014196815,0.000667338173,0.0006717485671,0.001772781809,-0.0001884208024,0.001665140499,0.00104033393,0.0005679565731,0.0006918615863,-0.0009461385929,0.0001422332323,0.001940467546,0.002013653562,0.002694523963,0.0003179416391,0.001230900206,0.001518253054,0.001079149955,0.004133882986,0.0008966880656,0.001397142369,0.001977104438,0.000947614577,0.0001157044482,0.0004588744762,-0.000200172229,5.615669298e-05,-0.001134637934,0.001788622969,-0.002306005153,-0.001080046411,0.002880047395,-4.761181898e-05,0.0003175840977,0.0005699388084,0.001081150593,0.002124106263,0.001296729146,-0.0002246173902,0.004009178034,0.000879203518,0.004179029585,0.0003631623773,0.001663673611,0.003250133413,0.002676980232,0.001572183527,0.00355944433
2025-10-31,7.212509118e-05,-0.001708280525,-0.002039181307,-0.002964119251,0.002045064583,-7.281784047e-05,0.002098103823,0.001267058288,,-0.0007272155089,0.0001635187561,0.0001736662668,-0.00245698651,-0.003170126327,-0.003135418055,0.0009595632783,0.001525479487,-0.001115987698,-0.001619556632,-0.0009994789048,0.002327719605,-0.002610246339,0.001816550033,0.001849199625,-0.0004622329485,0.001882390791,0.000142408964,0.0002554243561,0.0001746283251,0.0008820108942,-0.001796075868,-0.001246003794,-0.002196920216,-0.003136644681,0.000788166124,-0.003436373164,-0.003184946096,0.0006704490952,-0.001356948239,-0.001157980466,-0.0003437724639,-0.001295319309,0.00246692085,-0.001186920065,0.002410693593,0.002361842327,-0.0004879157475,-0.002480745831,-0.003810646866,-0.003153784337,-0.001820279345,-0.001646666782,-0.004206290987,-0.001055432268,-0.0009968314924,-0.00107973964,-0.004114129303,-0.004212383932,-0.004578083666,-0.003890769132,0.0001713470885,-2.189692028e-05,0.000394296754,0.0008086596675,0.0009900845926,0.002001016803,0.0006331734482,-0.0001266159289,-0.000233999468,3.642024623e-05,-0.001533857717,-0.003498327177,-0.003744050417,-0.004159705127,-0.001485927922,-0.0001058126893,-0.0001182539439,0.0004859905752,-0.003978913633,-0.0007435620156,-0.001182805263,-0.0002242063309,-0.001429588439,0.000787934888,-0.002107804672,-0.0005565362491,0.0007752896297,-0.001148187009,-0.0003408117853,-0.0002206609343,-0.002197832616,-0.004761948537,0.0004908818143,-0.001742783917,-0.0003958274492,-7.749662265e-05,-0.001786785363,-0.002208355717,0.001335405217,-0.003868303396,0.001160469952,-0.001007367,0.002739145945,0.001286350793,-0.003840148143,-0.003528821739,-0.003766005115,-0.002886465883
2025-11-30,0.0009571570981,-0.0001462120194,-0.0002546177311,0.000352441582,0.001100112566,0.0006891439682,-0.000422379899,0.0001366475777,,2.663056819e-05,-0.0006603531578,-0.001015202148,0.0007829106847,-0.0002457719619,8.784384687e-05,-0.0003938651747,-0.0003178966047,-0.000886340585,-0.0001783520883,-0.001323414529,0.0004211305235,0.0003298442782,-8.070273814e-05,0.000107146287,-0.0007619633695,-0.0004675013277,-0.0005195250706,-0.0003469774323,-0.0004665536841,-0.001349232136,-2.439639695e-05,-0.0001836815711,0.0001538495205,-4.815811725e-05,0.0001906714398,0.0003227752424,0.0001144234282,0.0002791601393,0.0004323633405,0.0002966773586,0.0006843033459,0.0008569269594,0.0007839061676,0.001094649575,0.0001367695439,-0.0001946398916,0.0004325060524,0.001387864105,-0.0008857659215,-0.0007891297856,-0.0001925989109,-0.0007998463998,-0.001085691647,-0.0006531211168,0.0007746627519,-0.0001863720167,-0.0003444241227,-0.0002119869367,-0.0003812391918,-0.0005055799716,0.001117549986,0.0002587092675,0.0001644718601,-0.0004014534445,0.000289818169,0.000146048753,-0.002144842537,0.001666053142,-0.0001517412501,-0.0007249774479,-0.001049659208,-0.00041457534,-0.0004239381154,-0.0006399002075,0.0003092647849,-0.001282886062,-0.001970689003,-0.002124894491,-0.001085274273,-0.0009550761764,0.0007418016742,-0.0005451563506,-0.0009684647208,9.157132769e-05,0.0002172298896,-0.000154661726,-0.0009137144957,0.0003692153569,-0.0004624871329,-0.001502026688,-0.00210407264,-0.000316360873,9.713362569e-05,0.0001561237856,-0.001563209164,-0.002355383195,-0.002245418882,-0.001397907984,-0.0008907763834,-0.0003684901773,0.001587537111,0.0001521158114,-0.0005743765327,-0.0009214995255,-0.0005726946713,-0.0002766149498,-0.0002184422497,-0.001152878674
