date,age_hy,ami_hy,ami_v_hy,ar_sprd_hy,b_amd_hy,b_amd_m_hy,b_coskew_hy,b_cpi_vol6_hy,b_cptlt_hy,b_credit_hy,b_crf_hy,b_dcpi_hy,b_dcredit_hy,b_defb_hy,b_drf_hy,b_dunc3_hy,b_dunc6_hy,b_dunc_hy,b_duncf_hy,b_duncr_hy,b_dvix_dn_hy,b_dvix_hy,b_dvix_up_hy,b_dvix_va_hy,b_dvix_vp_hy,b_dvixd_hy,b_epu_hy,b_epum_hy,b_eput_hy,b_illiq_hy,b_lrf_hy,b_lvl_hy,b_mktb_dn_hy,b_mktb_hy,b_mktb_mkt_hy,b_mktb_up_hy,b_mktbx_dcapm_hy,b_mktrf_mkt_hy,b_psb_hy,b_psb_m_hy,b_rsj_hy,b_rvol_hy,b_term_dcapm_hy,b_termb_hy,b_unc_hy,b_vix_hy,b_ysp_hy,bbtm_hy,convx_hy,cs_hy,cs_mu12_1_hy,cs_sprd_hy,db_mkt_hy,dcs6_hy,dkurt_hy,dskew_hy,dvol_hy,dvol_idio_hy,dvol_sys_hy,es_90_hy,idimom12_1_hy,idimom3_1_hy,idimom6_1_hy,ilq_hy,iltr24_3_hy,iltr30_6_hy,iltr48_12_hy,imom12_1_hy,imom1_hy,imom3_1_hy,iskew_hy,ivol_bbw_hy,ivol_mkt_hy,ivol_vp_hy,lix_hy,ltr24_3_hy,ltr30_6_hy,ltr48_12_hy,md_dur_hy,mom12_1_hy,mom12_7_hy,mom3_1_hy,mom6_1_hy,mom9_1_hy,p_fht_hy,p_zro_hy,pi_hy,rkt_hy,roll_hy,rsj_hy,rsk_hy,rvol_hy,spd_abs_hy,spd_rel_hy,str_hy,sysmom12_1_hy,sysmom3_1_hy,sysmom6_1_hy,sze_hy,tmat_hy,val_hz_dts_hy,val_hz_hy,val_ipr_dts_hy,val_ipr_hy,var_90_hy,var_95_hy,vov_hy,ytm_hy
1973-01-31,,,,,,,,,,,,,,,,,,,,,,,,,,,,,,,,,,,,,,,,,,,,,,,,,,,,,,,,,,,,,,,,,,,,,,,,,,,,,,,,,,,,,,,,,,,,,,,,,,,,,,,,,,,,
1973-02-28,-0.002824547173,,,,,,,,,,,,,,,,,,,,,,,,,,,,,,,,,,,,,,,,,,,,,,,0.0003279463078,-0.001007640036,0.00248197536,,,,,,,,,,,,,,,,,,,,,,,,,,,,,-0.00170631016,,,,,,,,,,,,,,,,,,,,0.003533115354,0.0002841192608,,,,,,,,0.001633288416
1973-03-31,-0.0003870846571,,,,,,,,,,,,,,,,,,,,,,,,,,,,,,,,,,,,,,,,,,,,,,,0.008185385094,0.003528022102,0.008528555372,,,,,,,,,,,,,,,,,,,,,,,,,,,,,-0.003530317424,,,,,,,,,,,,,,,,-0.004526213044,,,,0.001433817437,0.002455862627,,,,,,,,0.008673399581
1973-04-30,0.01922240164,,,,,,,,,,,,,,,,,,,,,,,,,,,,,,,,,,,,,,,,,,,,,,,-0.002103598655,0.0170855903,-0.02494498725,,,,,,,,,,,,,,,,,,,-0.01704489657,,,,,,,,,,0.01961812281,,,,,,,,,,,,,,,,0.01244567583,,,,0.01554386538,-0.01072193463,,,,,,,,-0.0230476029
1973-05-31,0.005890240171,,,,,,,,,,,,,,,,,,,,,,,,,,,,,,,,,,,,,,,,,,,,,,,-0.0461064527,0.03120906944,-0.06803878011,,,,,,,,,,,,,,,,,,,0.002100859303,-0.01992925443,,,,,,,,,0.05510202467,,,-0.01265706476,,,,,,,,,,,,,0.07362501492,,,,-0.02029060474,0.002715300236,,,,,,,,-0.06819388204
1973-06-30,0.001911409409,,,,,,,,,,,,,,,,,,,,,,,,,,,,,,,,,,,,,,,,,,,,,,,-0.02671678461,0.02505245981,-0.01969699888,,,,,,,,,,,,,,,,,,,-0.0527920652,-0.05988210718,,,,,,,,,0.02344112967,,,-0.01587927256,,,,,,,,,,,,,0.01942295468,,,,0.05518091447,0.0327882812,,,,,,,,-0.02029460308
1973-07-31,0.01527798437,,,,,,,,,,,,,,,,,,,,,,,,,,,,,,,,,,,,,,,,,,,,,,,0.06251136063,-0.02205439923,0.04902126374,,,,-0.03763338017,,,,,,,,,,,,,,,-0.03511158137,-0.01377112117,,,,,,,,,-0.02124407612,,,-0.06508104663,,,,,,,,,,,,,0.0340134427,,,,0.02008391097,0.01436612427,0.04113394444,0.04113394444,0.03001733869,0.03001733869,,,,0.04973912505
1973-08-31,-0.008380647283,,,,,,,,,,,,,,,,,,,,,,,,,,,,,,,,,,,,,,,,,,,,,,,-0.01495656593,0.002410748175,0.0009459438069,-0.006747881571,,,-0.007482298783,,,,,,,,,,,,,,,-0.03125006338,0.00845882882,,,,,,,,,0.0004149399964,,,0.02448234814,0.03732336685,,,,,,,,,,,,-0.02767928583,,,,-0.007587881759,-0.002908679967,-0.008902553159,-0.008902553159,0.007043553951,0.007043553951,,,,0.0009459438069
1973-09-30,-0.005514897665,,,,,,,,,,,,,,,,,,,,,,,,,,,,,,,,,,,,,,,,,,,,,,,0.004931656178,0.001521960599,0.006861982518,0.01098000484,,,-0.01194755632,,,,,,,,,,,,,,,0.01880988213,0.01523001853,,,,,,,,,-0.001636643661,,,0.0110217857,0.0001196056338,,,,,,,,,,,,-0.01921876653,,,,0.01150853063,0.002936645511,0.007016483694,0.008331622928,0.01411599972,0.01411599972,,,,0.006192251225
1973-10-31,-0.008052768866,,,,,,,,,,,,,,,,,,,,,,,,,,,,,,,,,,,,,,,,,,,,,,,0.005866978717,-0.02414116217,0.01669639931,0.0198745064,,,-0.02131327614,,,,,,,,,,,,,,,0.00373538038,-0.0008718045096,,,,,,,,,-0.02734177955,,,0.005194019992,-0.02724236064,,,,,,,,,,,,0.001710477518,,,,0.005975784889,-0.01289937778,0.002726772567,0.006376329344,0.004147361964,0.004147361964,,,,0.01748851384
1973-11-30,0.007142083852,,,,,,,,,,,,,,,,,,,,,,,,,,,,,,,,,,,,,,,,,,,,,,,0.1015506495,-0.08329364471,0.08656991335,0.1023121477,,,-0.005368757877,,,,,,,,,,,,,,,0.004335341626,0.008246125886,,,,,,,,,-0.08346113837,,,-0.09215750988,-0.09006013582,-0.1030562826,,,,,,,,,,,0.003604254918,,,,0.08819119233,0.0001916039554,0.005316172494,0.006421124912,0.01029162307,0.01029162307,,,,0.08656991335
1973-12-31,-0.001414723872,,,,,,,,,,,,,,,,,,,,,,,,,,,,,,,,,,,,,,,,,,,,,,,0.04726688721,-0.05426343589,0.06016896124,-0.0549658436,,,0.01055859921,,,,,,,,,,,,,,,0.011759889,0.01690901369,,,,,,,,,-0.04889014901,,,0.02000711691,-0.05686010785,0.08221761539,,,,,,,,,,,-0.03883019648,,,,-0.0404590642,0.0003084931689,0.000540662976,0.001957373181,0.01570154793,0.01570154793,,,,0.06016896124
1974-01-31,0.01041283011,,,,,,,,,,,,,,,,,,,,,,,,,,,,,,,,,,,,,,,,,,,,,,,0.01923669921,2.137059346e-05,-0.0013497486,-0.001444631955,,,-0.001709098772,,,,,,,,,,,,,,,0.007672652619,0.007723452199,,,,,,,,,0.0009968708036,,,0.002563048437,-0.004485609675,-0.004162892566,,,,,,,,,,,-0.007887908374,,,,-0.01127609108,-0.001847110572,0.009660210344,0.004538567737,-0.0008281801129,-0.00103716983,,,,0.0004723720134
1974-02-28,-0.01712664109,,,,,,0.0002826996414,-0.01688991112,-0.000706586765,0.02015946242,,0.001122711448,0.02382494547,-3.338948868e-05,,0.003837616272,-0.006684240464,0.003853127028,0.02000719418,-0.00255923053,,,,,,,,,,,,0.003108037769,0.002343904471,-0.003693509736,-0.005624081008,0.01237770753,0.002156140837,-0.009614367304,,,,,0.008042517074,0.007994606537,-0.007503431069,,-0.002284327965,-0.01504556738,0.0005265087303,0.002720780774,0.002666906337,,,-0.02423760132,,,,,,-0.02125213373,0.02248378974,-0.008085029244,-0.006651484917,,0.005449067934,0.005449067934,0.005449067934,-0.009645207145,-0.01688558881,-0.008629244954,-0.01553937276,,-0.02965332526,,,0.01330628946,0.01330628946,0.01330628946,-0.009248566038,0.007893320927,0.008136978927,-0.007752427598,-0.003850358804,0.006674707468,,,,,,,,,,,-0.01806685742,-0.005754353567,-0.005754353567,-0.007956669488,0.0005537107853,0.008606064101,-0.009894180926,-0.0017483267,0.002019114851,-0.0001183063141,-0.01522234785,-0.006834661566,,0.005253368057
1974-03-31,-0.01025486762,,,,,,-0.006917915972,-0.004382934687,-0.005515764334,-0.009831261156,-0.01170663003,-0.01178582465,-0.005922212398,0.002854605604,,-0.007956384548,-0.01183134637,-0.000462054408,0.005869976378,-0.0004573839584,,,,,,,,,,,,0.006032890241,-0.004982804613,0.009932275063,0.01314951905,-0.009663018531,0.00915392435,0.002821590751,,,,,-0.004426231874,-0.004441915346,-0.01085611912,,0.006765317438,-0.0147966776,-0.01093248427,-0.00719015561,-0.005657677953,,,-0.006309194357,,,,,,-0.001352503097,0.008120559688,-0.001953386036,-0.001489163776,,0.003357124618,0.003357124618,0.003357124618,0.004258889291,0.006401426676,-0.003214225105,-0.002619431753,,-0.003872087491,,,0.006124726364,0.006124726364,0.006124726364,-0.01009137388,0.007085507203,0.01549684043,0.001760846702,0.0009529177166,0.004219708964,,,,,,,,,,,-0.0008491699118,0.007936711024,0.008349881108,-0.002595484523,-0.01108741099,-0.02184498538,-0.006718599496,-0.00565621293,-0.004261670505,-0.004261670505,-0.003199080271,0.00090538258,,-0.00719015561
1974-04-30,0.001319209652,,,,,,-0.01029318624,-0.004790456966,-0.002528070073,0.0314662845,0.0002746441002,-0.008599243526,0.00994015219,0.001187188285,,0.00150492335,0.004083388618,0.01798161172,0.005164112097,-0.01108886647,,,,,,,,,,,,-0.02595285193,0.001427989985,-0.01842940253,-0.01734441226,-0.002393624346,-0.0119472178,0.0009527331484,,,,,0.0125329569,0.01386710363,-0.005194678637,,0.008974238964,0.0008861436405,0.02838843036,-0.01952948757,-0.02277270839,,,-0.01729585792,,,,,,-0.002559075132,0.02868395059,-0.01647967632,-0.009249139843,,0.0274548352,0.0274548352,0.0274548352,-0.007561824678,-0.008503095433,0.01433889456,0.01661854477,,-0.007984615862,,,0.02292839571,0.02292839571,0.02292839571,0.02742243689,0.00722002717,-0.005948051012,-0.008035789166,-0.01266605896,-0.001455282094,,,,,,,,,,,-0.02907722592,-0.02528299099,-0.01365146626,-0.01112557708,0.005172755988,0.02768187034,0.0005866024229,0.006377753284,0.01657048737,0.01657048737,0.01067616418,-0.0236833665,,-0.01997070834
1974-05-31,-0.0449070217,,,,,,0.1535513003,-0.07328111937,-0.01903954838,-0.1675749977,-0.1554519941,0.1683208146,0.02215292157,-0.1542392705,,-0.143337487,-0.1573993333,-0.06881210297,-0.09815194128,0.160251537,,,,,,,,,,,,0.167272462,-0.160533273,0.01921011363,0.07995818864,0.07369673582,-0.1380794555,-0.08980380443,,,,,-0.1425948142,-0.1548896909,0.1742612259,,-0.1513396631,-0.08329197099,-0.02970570725,-0.02384076522,0.1037340338,,,0.155601976,,,,,,-0.1287606816,-0.1575743568,0.01496502285,-0.003764710609,,0.01951237507,0.01951237507,0.01951237507,0.1005552454,0.1203887929,0.03381438219,0.1605298241,,-0.1294650024,,,0.02317015825,0.02317015825,0.02317015825,-0.02722996422,0.08769675786,-0.08562657927,0.1084432021,0.1340312227,0.1053495417,,,,,,,,,,,0.1531175971,0.163134599,0.1658877687,0.1379952328,-0.08613483669,-0.01586164571,0.05888851988,0.05888851988,-0.04438866868,-0.04438866868,-0.04872744137,-0.1331213667,,-0.0220018663
1974-06-30,0.02477412844,,,,,,0.03352066248,-0.02442593686,-0.02656276016,-0.04971155804,-0.06808599144,0.05402315654,0.01321694644,-0.03915661506,,-0.06240987431,-0.02789720698,-0.02752155506,-0.01210902784,0.001903974536,,,,,,,,,,,,0.03040804849,-0.03776637245,0.00447921421,0.0312970809,-0.04266873849,-0.03069320253,-0.01807397612,,,,,-0.05001559955,-0.03736793081,0.02623852952,,-0.02956771106,-0.008535799677,0.06416677451,-0.0605051892,-0.02918371861,,,0.01926011334,,,,,,-0.04260079139,-0.01770700616,0.06621609823,0.05002816623,,0.003511191825,0.003511191825,0.02760118681,0.01074294542,0.05798232895,0.01291205845,0.05586958905,,-0.04238921836,,,0.004614429802,0.004614429802,0.02084503094,0.05776491355,0.04556095871,-0.01033197064,0.06706066365,0.06449450374,0.04287187439,,,,,,,,,,,0.01053662598,0.04985578561,0.05198514055,0.04982071641,-0.014012102,0.01534597728,-0.005196616597,-0.005196616597,-0.01097612634,-0.01097612634,-0.03318538407,-0.0377599536,,-0.05633920877
1974-07-31,0.03462112948,,,,,,-0.04624748603,0.06570951878,0.07611400092,0.08160477301,0.08741339736,-0.08327290653,-0.06645308841,0.07636485046,,0.0892732604,0.07549655912,0.06006242758,0.03359606744,-0.04652204669,,,,,,,,,,,,-0.08836477589,0.06848226606,0.04615743915,0.02758106776,0.08677974276,0.07682342116,0.01282475889,,,,,0.07586173239,0.06948333166,-0.1012729718,,0.0883416039,0.05350478512,-0.02767138449,0.07334920391,-0.036033071,,,-0.09739292671,,,,,,0.0674212006,-0.0976316343,-0.08345112069,-0.08351830122,,0.02876737824,0.02876737824,0.01733967489,-0.04972401103,-0.07795079275,-0.03720869648,-0.07442151281,,0.068361917,,,0.005357717926,0.005357717926,0.01207808947,-0.04648538945,-0.09046769311,0.003095605834,-0.08435454938,-0.08316898408,-0.09219940134,,,,,,,,,,,-0.05568572985,-0.08694051308,-0.08694051308,-0.07588371194,0.02687019835,0.01159678833,-0.06719203403,-0.05854078177,-0.01925294834,-0.01925294834,0.07956083813,0.06781972606,,0.07376995896
1974-08-31,0.07987459536,,,,,,-0.0568366386,0.1120125079,0.09619653665,0.1265117634,0.103698594,-0.09030910107,-0.08848685839,0.08828908645,,0.1083445346,0.1248145479,0.1235151196,0.06240561029,0.02583800392,,,,,,,,,,,,-0.08516399698,0.07429826666,-0.1151613322,-0.1397398998,0.1058188508,0.08910319514,0.08322907713,,,,,0.08500393717,0.06437821619,-0.1247945739,,0.1440384882,0.08870010903,0.009564244854,0.030195886,-0.01560375496,,,-0.1129135897,,,,,,0.06717975404,-0.1324063411,-0.1223936917,-0.1085252823,,0.01469924865,-0.009910416718,-0.009910416718,-0.08122573487,0.05104267919,-0.05726952398,-0.08410926874,,0.07849924639,,,-0.09544484385,0.01275427098,-0.02734045244,-0.02987623907,-0.1092063879,-0.04626560347,-0.09694263826,-0.1010243592,-0.1017247153,,,,,,,,,,,0.1426471286,-0.1021872969,-0.04497652806,-0.07349475947,0.09930322829,0.0394271641,0.05179005508,0.05179005508,0.01377278853,0.01377278853,0.175573325,0.06717975404,,0.01732622193
1974-09-30,-0.06031432429,,,,,,-0.02680321367,0.01659040747,-0.1366245619,-0.1703914813,-0.1307302772,0.1402627025,0.1326477188,-0.1313795692,,-0.1525656994,-0.1274748789,-0.1655483167,-0.1630465776,-0.1773692024,,,,,,,,,,,,-0.009239020278,0.02965643309,-0.1129027863,-0.1621374813,-0.1152905745,-0.1075379931,0.1630861577,,,,,0.06817418522,0.1239234015,-0.006916875471,,0.04078433467,-0.05287058186,-0.02685079564,0.01039709071,0.01073787787,,,0.1339826672,,,,,,-0.1127096342,0.1663109658,-0.1751324431,0.1473069858,,-0.006514854934,-0.01426481483,-0.01426481483,0.09735109395,0.0131853926,-0.002583307286,0.05693086443,,-0.1302719384,,,0.1493358287,0.1355123154,0.1355123154,-0.02461741971,0.1506951475,0.1280470548,-0.1107187607,0.1468739545,0.1314526286,,,,,,,,,,,-0.18001772,0.1093181976,0.1389516978,0.1167944501,-0.1034434734,-0.03302429674,-0.1718328787,-0.1718328787,0.05019405712,0.05019405712,-0.1680792598,-0.1127096342,,0.0138362525
1974-10-31,0.03233569461,,,,,,0.001763346915,0.01275456635,0.05816364537,0.07799160263,0.08407642848,-0.08525402502,-0.07770057861,0.07289790052,,0.05996831693,0.07153312427,0.09485129205,0.05990806284,0.02210098505,,,,,,,,,,,,-0.05739721501,-0.01969262771,0.07429480801,0.05865037007,0.08712734779,0.06840642324,-0.004051205081,,,,,-0.07213825484,-0.07930380168,-0.09669892552,,-0.07344098451,0.06311104101,-0.01122670461,0.03776841132,-0.02820309597,,,-0.07262501812,,,,,,0.07227566342,-0.01736123022,0.1062069746,-0.01793415441,,-0.03243847614,0.04297106197,0.03720657352,0.01999533341,0.001547998467,-0.05247851807,-0.03110379757,,0.07019100587,,,-0.0804700718,-0.0804700718,-0.07022075386,-0.01945791447,-0.08220106612,-0.09094782919,0.1108428155,-0.08877640537,-0.07245795739,,,,,,,,,,,-0.09050681655,-0.08599974836,-0.08690393219,-0.08441412449,0.03608331182,-0.02084052133,0.08770232302,0.08770232302,0.02417645949,0.02417645949,0.0847890287,0.05253532653,,0.03182116577
1974-11-30,0.01493046363,,,,,,0.05164348852,-0.0382272618,-0.007208689523,0.05308026873,0.009989849913,0.009397291675,-0.006515231876,0.02682984023,,0.001976804478,-0.0001527795879,0.01197374372,0.06515697105,0.01016773701,,,,,,,,,,,,0.02279024765,-0.03273860873,-0.01990687333,-0.01965987306,0.05738220042,0.03489131277,0.003938460723,,,,,0.01099108693,0.0257161885,-0.02745202523,,0.01171367196,0.02259584042,0.06056325735,-0.03574692396,-0.04591486971,,,-0.03602284967,,,,,,-0.02180490757,-0.04432442185,-0.01358991694,0.001079376942,,0.0718376795,0.03575185368,0.01610846812,0.07303513839,-0.08557557513,0.07126898449,0.05599467947,,0.01438064409,,,0.009402574583,0.009402574583,0.008829927305,0.03684934117,0.01757410169,-0.02267098691,0.01299255443,0.01216707161,0.01046665478,,,,,,,,,,,0.03881179067,0.04690161474,0.02475881771,0.01719951905,-0.00982414186,0.01264493026,-0.0266037494,-0.0266037494,0.03141893909,0.03141893909,-0.01427069646,-0.01701464702,,-0.03945100053
1974-12-31,-0.00847220667,,,,,,-0.02569861291,-0.02792836974,0.007805051762,-0.00430142538,-0.01229536762,0.08040119979,0.03734641854,-0.03478525633,,-0.004144676143,0.004711155399,-0.0195520985,-0.01379391388,0.000758306589,,,,,,,,,,,,0.05745300593,0.04875638866,-0.06648175822,-0.06678263548,-0.01785872023,-0.02838361287,-0.008058587865,,,,,0.07330312308,0.03547753126,0.01722089819,,0.04371590071,-0.02363670024,0.008847715865,-0.04216266889,-0.01605349544,,,0.002848929357,,,,,,-0.03218143014,0.02386316771,0.04789635609,-0.002277524754,,0.03840810576,0.06373589368,0.05818939973,0.06004068709,-0.04205760346,0.005948770269,0.035553321,,-0.03789651355,,,0.03280445703,0.04760701669,0.04760701669,0.02940425856,0.02862599731,0.0341200823,0.0685928611,0.02361786745,0.03567132611,,,,,,,,,,,0.008865606163,0.0471883819,0.04662522231,0.06953888852,-0.05938232957,-0.01155751103,0.0517994307,0.05218628466,-0.003556034461,-0.003556034461,-0.05788307699,-0.05804288317,,-0.03016017364
1975-01-31,-0.07209376326,,,,,,0.01043349815,0.1952168192,0.09481061747,-0.001888198933,0.07301543948,-0.03017401043,-0.09340943769,0.1240781533,,0.05787107721,0.08826888834,-0.008352086724,0.02214750166,0.002476742336,,,,,,,,,,,,-0.1371310873,0.06859189396,0.03108029937,0.04994443059,0.03363837923,0.1145746782,0.08895706991,,,,,-0.01954782568,-0.007773652983,0.02278353196,,-0.03014222098,0.133226192,-0.1798759965,0.2245361463,0.1707443415,,,0.00180501584,,,,,,0.197651265,-0.1164239519,0.02713363323,0.03243092448,,-0.04942043785,-0.0284676523,-0.04942043785,-0.07678110782,-0.05476203709,-0.04548418931,-0.07649434746,,0.1881064631,,,-0.15697743,-0.2081456624,-0.1330737391,-0.2221337344,-0.1612593636,-0.1222190601,-0.0355065562,-0.06936867441,-0.1887869748,,,,,,,,,,,-0.02052545973,-0.1668064967,-0.1891404302,-0.1595801661,-0.03463626697,0.02047345202,0.0967276236,0.0967276236,-0.06810583414,-0.06810583414,0.115147577,0.07090043494,,0.2199311
1975-02-28,0.007846740385,,,,,,-0.04001153332,-0.06831704678,-0.006884231769,-0.05906089327,-0.0218491584,-0.07482601541,-0.0517590777,-0.02781544479,-0.04767631611,-0.01633087904,-0.03117865113,0.04388975012,0.02622699608,0.03621637268,,,,,,,,,,,,-0.005906675405,0.03084788848,-0.04399831403,-0.01142437967,-0.03100073424,-0.03014691479,-0.03102404477,,,,,0.07355854084,-0.0318724431,-0.0577293215,,-0.0402419364,0.04781040693,-0.007599571223,0.04257051818,0.02366590177,,,-0.05236883256,,,,,,-0.01554144829,-0.005316399575,-0.09202981772,-0.003893231794,,0.002629267342,-0.01088398242,0.01382294943,-0.01234234893,-0.04423514424,-0.03795381777,0.07198036494,,0.02844816873,,,0.01523637293,0.04182245025,-0.05819993685,-0.02654339835,0.003376541588,-0.03753113467,-0.06621150942,-0.00639042358,0.001492850349,,,,,,,,,,,-0.0727231266,-0.04387032452,-0.03289812689,-0.05319214788,0.02290315163,0.02538918153,0.0365770235,0.03821066208,0.03358040263,0.03358040263,-0.01154499895,0.03690373926,,0.04947617459
1975-03-31,0.00228592961,,,,,,0.01671824367,0.0134319421,0.002145640491,-0.0272173955,0.01495817403,0.00488838293,-0.03843910728,0.04973269265,0.01429946327,-0.03006621836,-0.02542499754,-0.01738078064,0.0004705326366,-0.01516592398,,,,,,,,,,,,0.0006672138307,-0.01231329795,0.03940677488,0.02629907574,0.02454608112,0.04064256513,0.0332226289,,,,,-0.02987445334,-0.03605280135,-0.02793348392,,0.001120797676,0.03353262545,-0.04529541857,0.0434667199,0.04708607528,,,-0.02849929497,,,,,,0.04216227018,-0.03104042204,-0.0004127769281,-0.03308656934,,-0.01539432797,-0.03664372993,-0.01652506725,-0.03340775964,0.03822423926,0.03520561306,-0.02740816024,,0.02629433801,,,-0.04543569816,-0.03385206744,-0.007774701352,-0.04028971021,-0.03738204299,-0.01396026069,-0.006313297631,-0.02968313691,-0.01888041704,,,,,,,,,,,-0.009214603409,-0.02764273717,0.02064844326,-0.01919368116,0.003505032504,-0.02059518912,0.06576347744,0.06576347744,-0.0120579909,-0.0120579909,0.01125522091,0.02102380531,,0.03413565449
1975-04-30,0.0007976390995,,,,,,0.03295739057,0.007458906477,0.007330367257,0.01012222019,0.02974431197,-0.02348307761,-0.02652348894,0.01932369312,0.01527502978,-0.00218276338,0.0123686272,0.004391637899,0.008411547945,-0.00959001919,,,,,,,,,,,,-0.01261121755,-0.02862544066,0.01803322416,0.01853458307,0.03177025293,0.02627652713,0.02840613879,,,,,-0.02264121132,-0.02079188529,-0.003789919118,,0.01278359598,0.02130480157,-0.009897900725,0.02569187511,0.01346957907,,,-0.006020836066,,,,,,0.02514518099,-0.01882777549,0.01392431433,0.003805645897,,0.003288005394,0.002934458763,0.01101556435,0.007124826041,0.02323098574,0.008205732703,0.0006633821988,,0.03140101877,,,-0.02529463894,-0.0315259329,-0.02610054036,-0.01521277731,-0.01925954865,-0.02463060873,0.03576764234,0.004991798351,0.0206713276,,,,,,,,,,,-0.005318394243,-0.004944926339,0.01925508847,0.0198458068,0.01672771349,0.03085076207,0.0199497386,0.0199497386,0.01200012472,0.01200012472,0.03962708823,0.02084902534,,0.02651724665
1975-05-31,-0.003988749037,,,,,,0.01983552641,0.01467153387,0.005619579783,-0.01520991927,0.01520230736,-0.01772374545,-0.02453141545,0.02549908138,0.02028938182,-0.02162934983,-0.009714047783,-0.01164518397,-0.001789229564,-0.01357997624,,,,,,,,,,,,-0.006778754007,-0.01492813788,0.0206231313,0.01756855788,0.02257878319,0.02174948758,0.0241540348,,,,,-0.02268796873,-0.02343010473,-0.02270578722,,0.01647633285,0.01268164491,-0.01207326924,0.01882812289,0.01047605077,,,-0.01904286854,,,,,,0.02462491565,-0.006563919668,0.01679571045,-0.02849637875,,-0.0005492031312,0.007294656314,0.002029553342,-0.005972972478,0.02469787003,0.016373244,-0.02087442391,,0.01296314826,,,-0.02796216438,-0.01992519515,-0.01967469846,-0.006637489184,-0.02415294702,-0.01979837495,0.009863248228,-0.02185880794,-0.01480143446,,,,,,,,,,,0.007971018154,-0.02066554387,-0.01439128042,-0.005699723672,0.02071651302,0.001428324481,0.01323818319,0.01679062991,-0.006862582506,-0.007153779401,0.01689949202,0.02627198599,,0.02022577452
1975-06-30,0.008415010208,,,,,,0.03402473773,0.02480345174,0.03144505127,-0.003735934328,-0.00319586924,0.01236555488,0.01582076038,0.001320196454,0.00340587503,0.04016515479,0.0404432413,0.01100147452,0.04038649172,0.01328788169,,,,,,,,,,,,0.01909973757,-0.01136735443,-0.002254001238,0.01189272501,0.02228461987,0.002670105971,0.01127033406,,,,,-0.01126559456,0.007983299259,0.0203010848,,-0.01632106954,0.01515000503,-0.03031646395,0.02343623319,0.0218906066,,,-0.01309886264,,,,,,0.008379025845,0.01119123495,-0.005521374744,-0.0143568487,,0.003321939975,0.001989839963,-0.01025146096,-0.002272459741,0.006069829491,-0.002147018431,-0.02453008088,,0.00920090459,,,-0.02713472258,0.001592327032,-0.01259010765,-0.02867174814,-0.001625013011,0.003917395403,-0.01365088911,-0.01221017959,0.001822890095,,,,,,,,,,,-0.005139539018,-0.03293831394,-0.002741239694,0.001785454622,-0.01328036091,-0.002993667197,0.02576852107,0.02576852107,0.003680989612,0.003680989612,0.0150466355,0.009414129379,,0.0280382383
1975-07-31,0.0292716617,,,,,,-0.008781156347,-0.02219424297,-0.005449433338,-0.01351622828,-0.02406478938,0.005657329172,0.008336373902,-0.01919626721,-0.007739057532,0.006071838804,-0.006175667066,0.01433223057,0.01437207897,0.00681361318,,,,,,,,,,,,0.03942760499,-0.01178678215,-0.007204216579,-0.006003895568,-0.01102022058,-0.01948341159,-0.02033867356,,,,,-0.004462821764,-0.0106245094,-0.006971252386,,-0.02586714544,0.0116073311,0.01762114148,-0.007378256202,-0.01586246685,,,-0.02545159856,,,,,,-0.01483862578,-0.01046141933,0.003422549254,-0.0205884347,,0.01595115112,0.01791042761,0.02585308789,0.005052492954,-0.01557159037,-0.03356576497,0.00951244302,,-0.003869354624,,,0.006431335206,0.0194961838,0.01895119808,0.008219517302,0.0032772064,0.01446528946,-0.005534345552,-0.02806341555,-0.0163719732,,,,,,,,,,,0.008405660978,-0.008025527337,-0.004937037018,-0.01163991375,0.009350034832,-0.008151675622,0.004540622129,0.004540622129,0.02176358267,0.01910083864,-0.01469189045,-0.003490774905,,-0.006221012032
1975-12-31,0.008544072915,,,,,,-0.03198262983,-0.01338422365,0.0005451798439,0.03807825324,0.0005608503603,0.004067931097,0.001518945624,0.01237801779,0.004912470654,0.009715730117,0.0182646174,0.01582560825,-0.01919298594,0.006820729954,,,,,,,,,,,,-0.005078963459,0.02919937654,-0.002677976899,0.003540874335,-0.01954214349,0.003551983461,-0.008719580248,,,,,0.02432403151,-0.0008684935255,0.004628845077,,0.01382222519,-0.003106328052,0.0172049148,-0.01085927082,-0.01004927876,,,0.009293472564,,,,,,-9.278468788e-05,0.02008818227,-0.00777426213,-0.02513929092,,0.003444635801,-0.005674586761,0.002501928144,-0.01591699358,0.02624288698,-0.00200430234,0.01945047832,,0.00406802754,,,0.006360301003,0.0002523979172,0.007396990992,0.01516287671,0.01573743381,0.004876290262,-0.0003488376737,-0.0253334593,0.01047858335,,,,,,,,,,,0.01374352419,0.004475995132,0.00250504139,-0.003453283757,-0.007094451853,-0.004222693108,-0.0003533420915,-0.0003533420915,-0.009682352807,-0.009682352807,-0.01064303668,-0.007383367937,,-0.01072959315
1976-01-31,-0.00636934489,,,,,,0.02714164145,0.04430723432,0.03973334637,-0.004064071923,0.05232085679,-0.03817400243,-0.007532118633,0.05286002923,0.08149409872,-0.008376417868,-0.00227318313,-0.043522905,0.0140789412,-0.04568824824,,,,,,,,,,,,-0.04831309244,-0.001888168976,0.06340398844,0.05506462771,0.06338657234,0.06578593962,0.01761976331,,,,,-0.03675051257,-0.005870882235,-0.03787004575,,0.07571399454,0.06436037381,-0.05994421523,0.09670985288,0.09881595573,,,-0.0172904497,,,,,,0.07302616071,-0.02466039471,0.008180803061,0.00371430181,,-0.04792109405,-0.07359813365,-0.07331988383,-0.0216981929,0.01525399298,-0.0143710148,-0.02751010936,,0.07942725439,,,-0.0640097741,-0.08370297141,-0.08434360866,-0.06778614751,-0.01394994408,-0.03023587689,-0.0113769155,0.02038876421,0.04659150341,,,,,,,,,,,0.003312518651,0.006872565858,-0.02701192629,0.006840780005,-0.0153605499,0.003996102295,0.06226913699,0.06226913699,-0.02979732271,-0.02979732271,0.08161580805,0.03462867904,,0.09697359689
1976-02-29,-0.02225340491,,,,,,0.02494244836,0.02819130588,0.03486989597,0.03104438428,0.02855010796,0.002641680092,0.01396821542,0.03080677222,0.04422185235,0.01093015336,-0.01318264082,-0.006739132572,0.01786508653,-0.004981013667,,,,,,,,,,,,-0.005929808505,-0.003270642553,0.03845509142,0.03596496079,0.03500755616,0.03590204269,0.01360659432,,,,,-0.002997250296,0.01855341075,-0.008818756603,,0.03541617822,-0.002836520163,-0.02789125987,0.02400468119,0.03795400611,,,0.02165708311,,,,,,0.0331455905,0.02440410601,0.03250127146,0.02970059039,,-0.01286194567,-0.006591966603,-0.01413555378,0.02221208389,0.0335717639,0.01507164153,-0.01489943322,,0.0301069567,,,-0.01776770428,-0.02632210581,-0.02911213692,-0.02609828681,0.02361422423,0.004142157547,0.03285815629,0.03825296563,0.005181397481,,,,,,,,,,,0.03111444158,0.03168574218,0.02825982813,0.02825982813,-0.02548275425,-0.007076803378,0.01525784944,0.01552525115,-0.01178609385,-0.01178609385,0.02226609979,0.001394200325,,0.02531387523
1976-03-31,-0.01602354787,,,,,,0.01931483752,0.01181713267,-0.006198837879,-0.01495258901,-0.009591758421,0.02320401531,0.002005781352,-0.001720226172,-0.01153478191,-0.01787504499,0.004375646488,-0.01250985138,-0.02361657822,-0.005288639699,,,,,,,,,,,,0.02926902652,-0.01184908665,-0.0104340808,-0.01099710734,-0.009394424519,-0.002828993877,0.01129285503,,,,,0.01485832721,-0.003333740952,0.01920741716,,-0.01880142905,-0.028378514,-0.02544773007,-0.006524668131,-0.01049808549,,,-0.01564900451,,,,,,0.0004037250765,-0.01773444849,-0.03063928467,-0.01746085561,,0.02522561259,0.02364382683,0.02690009861,-0.01955963369,-0.02197321121,-0.02178030071,-0.02142393558,,-0.01331539842,,,0.02002636261,0.01898903915,0.01605873032,-0.009371146207,-0.01699085994,-0.01652106239,-0.03734479751,-0.02200690411,-0.006728089245,,,,,,,,,,,0.0018261594,-0.003207180824,-0.005694483915,-0.006044406719,0.001089587417,-0.03804405024,0.02265816972,0.02508374126,-0.008977723175,-0.01537875327,-0.01679116819,0.0007290992829,,-0.006573557698
1976-04-30,0.00248966692,,,,,,0.01462908536,0.000848602131,0.009110177215,-0.003807234671,0.00189711079,0.02743043224,0.01795879281,0.009724517353,0.01450283704,0.03184539061,0.0176414426,0.01441719215,0.04109629411,0.002872978896,,,,,,,,,,,,0.01278834827,-0.005172614707,0.01052976791,0.01160996882,0.01247369098,0.007730187662,-0.01789012142,,,,,-0.02667574454,-0.008509724215,0.01789852912,,-0.001459863503,0.02878050316,-0.004200465681,0.025449841,0.0230048418,,,-0.027964646,,,,,,0.005246072169,-0.006333231088,-0.003322371049,0.001574399602,,-0.01216263394,0.000622038833,0.004100393721,0.00397608781,-0.001905606956,0.007961308584,-0.009358733846,,0.005053613009,,,-0.01014665021,0.01064106831,-0.0062361822,-0.02102177281,-0.01284413585,-0.02578942045,0.005990443878,-0.003586924681,0.0007603470702,,,,,,,,,,,-0.03778632531,0.01101213885,0.01112917168,0.003461580817,-0.003983500324,0.02926394693,0.0356193925,0.03922426477,0.009909319828,0.009909319828,0.004512566002,0.01351884208,,0.02317273225
1976-05-31,-0.01410697798,,,,,,-0.02354434456,-0.03338403235,-0.04934622074,-0.01468793514,-0.03144414897,-0.03504250654,-0.02261335912,-0.003577381486,-0.01362316013,-0.02213420655,-0.04345512233,-0.002901442328,-0.02043033915,-0.03580516416,,,,,,,,,,,,0.02083512507,0.002045617956,-0.01641696461,-0.01534528511,-0.02026685478,-0.003401153369,-0.004463768512,,,,,0.01601138034,-0.0145670263,-0.01497133363,,-0.001049393467,0.03593174021,0.01045917821,0.006102547849,0.008632278544,,,-0.01406338243,,,,,,-0.005271113612,0.03157349454,-0.00380780315,-0.008585016647,,-0.001384786447,0.005466731213,0.008507649112,-0.0006265156747,0.004795355515,-0.03240686117,0.01291506583,,-0.002795018721,,,-0.00520218796,0.01031501491,0.01295875627,0.00492006879,0.006972163553,0.04780214077,0.01977062626,-0.02899447875,-0.01239655558,,,,,,,,,,,-0.02336465186,-0.01774452795,-0.01556722578,-0.01614516273,0.02628085146,0.06036073463,0.004946668869,0.002677407849,-0.02210911333,-0.02628672469,-0.01761739611,0.001201244278,,0.006102547849
1976-06-30,0.008443513269,,,,,,-0.01030029874,-0.01121207268,0.001407516279,-0.004153502833,0.001947247139,0.006268014614,0.01593442923,-0.01268665751,-0.008848805401,0.02188433386,0.01144832435,0.02208286992,0.0235811647,0.01834905678,,,,,,,,,,,,0.005050619029,0.00381665779,-0.004880251311,-0.004880251311,-0.01142325907,-0.01354724928,-0.02093740977,,,,,0.01440229161,0.01551538768,0.007782119986,,-0.008796795271,-0.001156701613,0.01131293788,-0.01029394189,-0.008302869898,,,0.0100929434,,,,,,-0.0108466439,-0.003310378673,0.02329878853,0.004899892322,,0.007772975663,0.003226105996,0.006311096386,-0.0228983912,0.02120607954,0.009289061464,0.00519149885,,-0.01671952325,,,0.00617831243,-0.00439616642,0.009027274895,0.008460051675,-0.005220944941,-0.01929415042,0.01489036591,0.002744651244,0.005481585907,,,,,,,,,,,-0.01258167368,-0.003949257364,0.005763399932,-0.006246485605,-0.00819508339,0.00051746655,0.01109453342,0.008600627714,-0.01984602452,-0.0193828491,-0.01153839592,-0.0009627919773,,-0.01010570039
1976-07-31,0.004343965743,,,,,,0.01550855792,0.01417781145,0.003242899353,-0.01073306335,0.001967271686,-0.002285464149,0.01714527115,-0.01211569189,-0.00432840207,0.004146391345,-0.002770334534,0.003762599883,0.004854900167,0.007785770835,,,,,,,,,,,,0.0127584675,-0.01663553154,-0.007488921233,-0.0117768801,-0.004208226999,-0.003851756867,0.003562703341,,,,,-0.01087911603,0.003795910316,0.01457400956,,-0.0130380391,0.0212805432,-0.02719733718,0.02654640649,0.01673094019,,,-0.01873539996,,,,,,0.01204057726,0.004607417931,-0.001615206944,0.006990549155,,-0.001407507548,-0.001275625856,0.005548776852,0.0041767383,-0.006274008166,0.002934535863,-0.01858834779,,0.02285404628,,,0.003061170476,0.0001315267808,-0.0008322262826,-0.02573121501,0.007560519508,0.01143024872,0.003590495721,0.00268828487,0.0001344511337,,,,,,,,,,,-0.00868571687,0.0009861579941,-0.003978524376,-0.003182916391,-0.006681973033,-0.01564072833,0.008619884902,0.008344786142,0.01339443848,0.01342409312,0.01335544641,0.01104316048,,0.02661041749
1976-08-31,0.00196610565,,,,,,-0.01103212719,0.01154776001,0.009100546921,3.847003811e-05,0.005882185035,0.008100221554,-0.005424183597,0.008314035005,0.008714864444,0.01663344146,0.01143587732,-0.01160824853,0.01221599011,-0.01084064813,,,,,,,,,,,,-0.006022995664,0.02389439351,0.01418901253,0.02037829533,-0.003838335868,0.01217074003,-0.02962597315,,,,,-0.00414702884,0.0134759408,0.006745181253,,0.0007249085853,-0.002358213388,0.01820589204,0.003453659967,-0.004025929323,,,0.003221982042,,,,,,0.01083151745,-0.01058409407,0.00162857743,-0.003958427161,,0.008426637234,0.01146330322,0.0124971235,-0.008329178,0.02086728366,0.01985829789,0.0304076922,,0.006393769523,,,0.01973691241,0.01324195115,0.01875318711,0.01085380484,0.008473569318,-0.001327214134,0.01495907341,0.01737673466,0.008262609566,,,,,,,,,,,-0.01043526388,0.02585241157,0.02800716801,0.03131509086,0.008457993583,0.0127393067,-0.01592794396,-0.01320937099,0.006797550409,0.006797550409,0.00405147355,0.01039847711,,0.0004360744756
1976-09-30,-0.0009259728588,,,,,,-0.004932506734,0.005234691088,-0.02388319995,-0.00217286249,0.00942022475,-0.03283544226,-0.006140099787,-0.001928940765,0.00226573853,-0.03773443401,-0.03911113242,-0.01127853263,-0.009855231231,-0.01402066887,,,,,,,,,,,,-0.003420415852,0.004831080428,0.000618610945,0.0007226986604,0.01405852681,0.005006418913,0.02596680507,,,,,-0.04013564779,-0.03034106332,-0.03437704914,,0.02328764306,0.01327100238,0.001346928393,0.006490757717,0.002999855455,,,0.01490844103,,,,,,0.007039726298,0.02821586297,-0.004091417456,0.01818113774,,-0.006386297289,0.002274932712,-0.008394779948,0.01058427268,0.003654669349,-0.01065768361,-0.003608493134,,0.005837833509,,,0.001712142697,-0.002907677554,-0.004975349371,-0.003979789292,0.03080658734,0.001950814615,0.002501926519,0.02829712396,0.01982688294,,,,,,,,,,,0.00738284561,0.0111463519,0.0111463519,0.008402744101,0.006199934308,0.0158590359,-0.006096418881,-0.01750919734,0.005703449342,0.005703449342,0.01319255669,0.003766265801,,0.006532525103
1976-10-31,0.03099255496,,,,,,-0.02857603908,-0.03026365937,0.01139547568,0.01050211656,-0.02506120649,0.01699322301,0.01403065873,-0.0440168236,-0.04573691635,0.0308171287,0.03106859395,0.05047806404,-0.01877702429,0.03814281488,,,,,,,,,,,,0.0492394147,0.03198064319,-0.03345990463,-0.04685136091,-0.03440641423,-0.05666941689,-0.04887977811,,,,,0.04686740542,0.03108178399,0.01703018016,,-0.04412177764,-0.003206253153,0.01596265968,-0.01269120452,-0.0254462779,,,-0.02252253063,,,,,,-0.03421266973,0.02300870012,-0.009205594752,0.02593889623,,0.04495389284,0.02668851314,0.02804982931,-0.01037840297,0.0438248064,0.02678725307,0.03422321793,,-0.02980423494,,,0.01832815229,0.01388312423,0.02390740079,0.0196546795,0.02805323728,-0.01585724168,0.001279853005,0.01775656864,-0.0003640394658,,,,,,,,,,,-0.05067196647,-0.02322896282,-0.01700885687,1.757200807e-05,-0.03189498316,-0.009681262179,0.01968293278,0.02160328617,0.01620487049,0.01620487049,-0.03703022923,-0.0125319104,,-0.01243634168
1976-11-30,0.0261502724,,,,,,-0.0474898099,-0.01220407709,-0.003310469631,0.01658790931,0.003222034127,0.01473398004,-0.005008842703,-0.01151317228,-1.718103886e-06,0.004239268601,-0.001527460851,0.008036568109,0.01929879682,0.01110669076,,,,,,,,,,,,-0.007264728192,0.04106173087,-0.004571108613,0.002167320251,-0.02277059173,-0.01195488684,-0.02189354766,,,,,0.01024761368,0.009216840193,0.014279678,,0.01295906156,-0.02174959188,0.03850110722,-0.02466194572,-0.04021693155,,,0.02220987834,,,,,,-0.02625626624,-0.01513832752,4.28439118e-05,0.005166726653,,0.03264024974,0.01280315984,-0.002778165363,0.001727468268,-0.02878164958,0.0004534123577,0.04459045315,,-0.02697473038,,,0.04717684602,0.01472593015,0.009806143213,0.0318127763,0.003627163172,-0.01907722782,0.01614806931,0.0263044375,0.0121808094,,,,,,,,,,,-0.02497106427,0.02527346043,0.02595981872,0.02527346043,0.007154905397,0.02865327953,-0.03054691174,-0.02987084839,-0.01256782139,-0.01256782139,-0.02203235952,-0.01763215447,,-0.01844709217
1976-12-31,-0.08550031002,,,,,,0.0596258107,0.002142538213,0.0265516492,-0.04230015615,0.01074782256,-0.01824108538,0.01186694822,-0.001977235824,0.01107010636,-0.01780780231,-0.005655466889,-0.006881770098,0.0201403532,-0.007073372954,,,,,,,,,,,,0.03811296423,-0.02941332157,0.01100530028,0.008502921917,0.01557333414,0.007356029935,0.02044780294,,,,,-0.02629942641,-0.01684073303,-0.02887510792,,-0.01918553379,0.140204106,-0.1387255467,0.1322914831,0.03080208869,,,-0.03032606621,,,,,,0.01882956572,0.01870133581,0.03228401713,0.03229266736,,-0.08406106132,-0.1146768665,-0.1021145668,-0.0787133128,0.00111412378,0.02558666157,-0.0394005434,,0.01414324908,,,-0.03432776795,-0.02823126314,-0.01766692922,-0.1443502765,0.01798600662,0.025677846,0.03617546912,0.03325943258,0.03372560777,,,,,,,,,,,-0.1392652042,0.000345954568,-0.01667847362,0.001694504068,-0.02748402018,0.06834412119,0.0283738936,0.02662615084,0.01283802576,0.01495823339,0.01890699212,0.008605072813,,0.1311451524
1977-01-31,-0.01039394012,,,,,,0.03425889245,0.02603351083,0.009340951095,0.004034729737,0.04263399653,-0.02520507537,-0.02933968463,0.04922570038,0.05338345621,-0.01543436696,-0.02898943414,-0.03697446229,0.01697578064,-0.0424642447,,,,,,,,,,,,-0.01331853016,-0.02704416561,0.04109034687,0.03744689021,0.03791779596,0.04265505653,0.02423301581,,,,,-0.04635394793,-0.03554134932,-0.002887603744,,0.04222606847,0.03781021833,-0.04847187385,0.06339109386,0.05328333001,,,-0.05167046315,,,,,,0.05500938752,-0.03164421577,-0.0301637229,-0.0227863665,,-0.01156194428,-0.002521961927,0.008144551422,-0.005959871775,-0.03556537225,-0.03530177269,0.005924825101,,0.06522822223,,,0.006744992816,-0.01869371869,-0.005108803552,-0.04842223861,-0.00505254548,0.0470885842,-0.02714715554,-0.01829683172,-0.02021747401,,,,,,,,,,,0.01327291126,0.01999064587,-0.01472557845,0.01999064587,0.03496482575,0.01379817318,-0.02134920601,-0.007316448539,0.0219659827,0.0219659827,0.06260809842,0.0318151308,,0.06509518896
1977-02-28,0.009009607687,,,,,,0.02057489434,-0.01304317366,-0.03007971437,0.003553623729,-0.00575503523,-0.022998692,-0.0217586973,-0.002964225109,-0.002343597449,-0.02658092396,-0.03022575735,-0.0001114278333,-0.002337095723,-0.003408809635,,,,,,,,,,,,0.001994467317,-0.02854018628,-0.005608412647,-0.01143214519,0.008599773725,-0.0009627491003,0.02720898783,,,,,-0.01229905346,-0.02118105695,-0.02121573009,,0.01169600207,0.08985576383,-0.07949235538,0.07321402026,0.06895350173,,,-0.08864455162,,,,,,-0.001079762098,-0.004929051199,-0.009971853439,-0.01955196413,,-0.01668975976,-0.01256302907,-0.001185443589,-0.02435098769,0.001207917836,-0.001014860573,-0.02573226127,,0.01132170777,,,-0.01496681881,-0.007686808729,0.0001741030952,-0.06875856149,-0.005880465894,0.008223312814,-0.0007154964609,-0.009967295849,0.001678047818,,,,,,,,,,,-0.00187222471,-0.0005672972649,-0.00299615406,-0.007024998683,-0.006753547239,-0.06777592917,0.0485060252,0.04877521459,0.02072424485,0.0188982347,0.006202930165,-0.004153013299,,0.07275581701
1977-03-31,-0.0109366943,,,,,,-0.008182050152,0.004253570879,-0.05556037895,0.005333298265,-0.01047965886,-0.04702304973,-0.05856580507,0.04760512068,-0.002999919382,-0.07204694453,-0.06638903205,0.03789922851,-0.01586317713,-0.0136320116,,,,,,,,,,,,-0.001694074747,-0.00459119021,-0.009599560321,-0.01026496181,-0.009976294823,-0.002996481024,0.01790384432,,,,,0.01867951081,-0.06058319309,-0.05467494897,,0.001502977599,-0.01587103329,0.03323717486,-0.03424456993,-0.04885182772,,,-0.07468631939,,,,,,-0.05716179481,0.03335539726,0.04127352342,0.04612280839,,-0.01048014453,-0.01851060549,-0.003037860253,-0.01358014467,-0.02465773306,-0.007160737016,-0.05555239997,,-0.06350073595,,,0.04769006506,0.04348136332,0.00200800749,0.03003982055,0.03342089696,0.04032729858,0.04295784256,0.04260676511,0.03474423861,,,,,,,,,,,-0.04621808709,-0.003388589142,0.001762840706,-0.05417218819,-0.01026351799,0.04414011085,-0.03821234208,-0.03606353812,0.04893715306,0.05315838762,-0.06546657464,-0.06125746535,,-0.03811081714
1977-04-30,-0.002694496291,,,,,,-0.02414703687,0.02691593487,-0.01661724373,-0.01740434563,-0.009180855175,0.03701482389,-0.03705395885,0.001633074198,-0.001230866013,-0.03452836417,-0.03590115689,-0.03090981227,-0.001565654995,-0.02670075952,,,,,,,,,,,,-0.03415695421,0.0282424246,0.0009062336969,0.005283284784,0.009350251491,0.008933195696,-0.00752056244,,,,,0.0008055357559,0.002001875482,-0.0360511204,,0.01807858281,-0.01353642909,0.01108036033,-0.02474619016,-0.02255979232,,,0.01671669415,,,,,,-0.0215560513,-0.02878357402,-0.02518668235,-0.02172130403,,-0.01339607296,-0.006821988148,0.008238372253,-0.0008560285904,0.01070998292,0.001392157572,-0.006146819246,,-0.02455787155,,,0.02807311026,0.02789252628,-0.009133200563,0.01138676026,0.01704942107,0.0198881671,-0.02413949106,-1.696499319e-05,0.01106199836,,,,,,,,,,,0.03015640539,0.02160643634,0.01998847452,0.01924888364,0.001642459262,0.01426442152,-0.02692354741,-0.02403509073,0.02835137875,0.02475678908,-0.02507767185,-0.02559273129,,-0.02494673676
1977-05-31,0.009453600916,,,,,,0.04021674514,-0.05471159555,0.02543020977,0.05706865817,0.006274663519,-0.04226041583,0.03702372217,-0.001302076694,-0.001192288283,0.0353917877,0.04474290782,0.047125008,0.006453049538,0.04606970144,,,,,,,,,,,,0.01556741118,-0.03932710867,-0.001985756871,-0.004488433817,0.004684678977,0.003285822973,-0.003779865919,,,,,-0.01260174396,-0.009127269872,0.0540574372,,-0.02354149296,0.05100217497,-0.03208304578,0.05416692297,0.04375777258,,,-0.04249650095,,,,,,0.04399980186,-0.03253306074,0.0367871104,-0.02631741896,,0.00275205209,-0.005258977307,-0.01026024368,0.005814065668,-0.007996066262,0.007534907502,-0.003274803537,,0.05064085666,,,-0.03161374429,-0.03334723584,-0.00808597906,-0.03878187975,-0.04438885878,-0.04594803615,-0.05150907101,-0.03396192016,-0.03703843729,,,,,,,,,,,-0.0632275155,-0.03293131731,-0.03861560819,-0.03947339067,-0.03311609758,-0.03379131331,0.0159005289,0.01180397489,-0.0236272373,-0.0236272373,0.05824934401,0.05370153175,,0.05416692297
1977-06-30,-0.007602938523,,,,,,0.06597250734,-0.05570607624,0.02080591742,-0.0110655369,0.04651634488,-0.04033847611,-0.004619713873,0.02262538341,0.03935332893,-0.01028121813,-0.03117127378,-0.02124927557,0.03235744431,-0.02002355549,,,,,,,,,,,,-0.02920675131,-0.03020904747,0.02593444728,0.01107108644,0.03923384405,0.04479529116,0.06306138756,,,,,-0.02277442225,0.008695108206,-0.04004053473,,0.01005733885,0.0576244665,-0.08225940173,0.08563870758,0.08445450198,,,0.01946625384,,,,,,0.06972278655,0.04160411083,0.01247113607,0.06455577539,,0.05379770378,-0.0328510991,-0.003374343241,0.04368453821,0.02136416767,0.05141135285,-0.04723825196,,0.06890813896,,,0.02042412174,-0.0564423377,-0.01596262619,-0.07755650487,0.03903468126,0.001419826851,0.01570141016,0.07328158749,0.06363204796,,,,,,,,,,,0.0216629991,-0.004249660281,0.01451093615,-0.01789781338,-0.009985477592,-0.02355547851,-0.0003202957186,0.01439588754,0.001220022667,0.001220022667,0.05572246455,0.03532812799,,0.08563870758
1977-07-31,0.01737282298,,,,,,-0.005528922785,0.0155501216,0.0714680583,0.01860602577,-0.007500327616,0.01503448233,0.02218325385,0.02060770023,0.04502041581,0.003836363998,0.00477797991,0.01196307486,0.009289485551,0.01468189247,,,,,,,,,,,,-0.04210165734,0.0706437079,-0.02365973581,-0.02050025014,-0.01284444008,0.03432032544,-0.007163511378,,,,,0.02263646446,0.02865629178,-0.02568246242,,-0.01630713689,0.02201111962,0.04190160492,-0.04915818065,-0.001954560994,,,0.02707678162,,,,,,-0.00871863739,0.04650631507,0.04226612549,-0.002928063697,,0.04584951402,0.07588817144,-0.05890477712,0.07158605299,0.03303173348,0.0285790927,0.004132515073,,-0.01414801627,,,0.00264275201,0.02073079375,0.003181333823,0.0503034606,0.06223066174,0.03665813418,0.03378378588,0.04507441084,0.05942975139,,,,,,,,,,,0.03913603707,0.06015989629,0.04198541719,-0.009166712682,-0.02166389264,-0.008863367767,0.0533957202,0.01511391003,-0.03739140492,-0.03739140492,-0.002974980553,-0.005089166617,,-0.04915818065
1977-08-31,0.01880742325,,,,,,-0.007515117992,0.0127526991,0.001384044017,0.01623287157,-0.02190261766,0.02974560381,0.009036981547,-0.00465093642,-0.002801961773,0.006256041773,0.009415958726,-0.001252412648,0.02397745939,-0.001466275383,,,,,,,,,,,,0.001277345818,0.01160693279,-0.01541255647,-0.01245483127,-0.01192559683,-0.00903902351,-0.02948882892,,,,,0.01300857216,-0.004430180592,0.00762203134,,-0.01709688964,-0.0008235502691,0.02882954775,-0.02805506305,-0.02662877009,,,0.01368031806,,,,,,-0.03662368539,-0.01038453064,-0.002163407967,-0.0008103286382,,0.000605920547,-0.001208811509,0.007250342617,-0.00317798381,-0.01104193336,-0.000362914081,0.01600308397,,-0.02676500084,,,0.007656963573,0.01273166802,0.008764478385,0.02918880678,-0.003390872907,0.01633587068,0.002370795611,0.00550836015,0.007040072409,,,,,,,,,,,0.00903511252,0.02127890136,0.02132528233,0.0215690517,0.0001351638764,-0.007403273151,-0.009340406057,-0.02373150215,-0.006823109075,-0.006823109075,-0.03029868264,-0.01676043444,,-0.02805506305
1977-09-30,0.008416016578,,,,,,-0.03975139038,0.02054262334,0.04818712968,-0.01795940898,-0.03268634283,-0.001707810954,-0.00104912844,0.001374304612,0.01337167439,-0.01464977974,-0.05496639356,-0.008418493613,0.0378571998,-0.01999736314,,,,,,,,,,,,-0.006262812102,0.06116489211,-0.02142300611,-0.0205360831,0.006811085205,0.006274799679,-0.01271140172,,,,,0.02331005849,0.02487395085,-0.06084329729,,-0.04604444567,-0.01473134949,0.05393915846,-0.05382361119,-0.01594694012,,,0.03503316516,,,,,,0.004383065812,0.02033364716,0.05434235412,0.033446671,,0.006723599261,-0.01360609855,-0.009460513748,0.007059682242,0.05869365097,0.01689565894,-0.0304790862,,-0.03162295808,,,-0.01024599494,-0.005696450879,-0.04015608162,0.05112203786,0.03418916883,-0.01472691408,0.05006891266,0.04618515321,0.0229523082,,,,,,,,,,,0.04241933371,-0.00641446077,-0.00372125212,-0.01670627952,-0.009868885216,0.00970039409,-0.05636122124,-0.07191800949,-0.05078211939,-0.05078211939,-0.07379203778,-0.0005676115979,,-0.05382361119
1977-10-31,-0.003731348535,,,,,,0.009099155717,0.001540922249,-0.02340305858,0.03169553014,0.01548317503,-0.005815300664,-0.02199908156,-0.01928159135,-0.005709786787,-0.01916837022,0.02325292095,-0.01405565202,-0.03260181518,0.002531814855,,,,,,,,,,,,0.01563371961,-0.01803036487,-0.0008897288688,-0.0003827156739,-0.008155455118,-0.005959942838,0.006946266999,,,,,0.009373861661,0.0006783937182,0.02950223923,,0.01440401398,0.01767212383,-0.04211217505,0.04916720313,0.03112292222,,,-0.0433754035,,,,,,0.03755971956,-0.01965300106,-0.03809550028,-0.01349527088,,0.003260111362,0.01043560523,0.006203792954,-0.009158814174,-0.02899266743,-0.02871222502,-0.01730115759,,0.03554969696,,,0.01057241535,0.001191925018,0.02315046369,-0.03806285869,-0.02345377058,0.01171284091,-0.03792720274,-0.01615584344,-0.01198437406,,,,,,,,,,,-0.03349542628,-0.01903751653,-0.01764254924,-0.003079999746,-0.006227035465,0.010276124,0.01298584312,0.02503563534,0.01746892599,0.01796998339,0.03632964966,0.04793030462,,0.04867810479
1977-11-30,-0.007737108258,,,,,,0.01150024069,-0.02037608551,-0.0008630322462,0.009121140649,0.0231384511,-0.0201211178,0.00476201624,0.0136899074,0.01073783566,0.02257918177,0.03465956062,0.0102445297,0.002604174184,0.01175297636,,,,,,,,,,,,0.006177872571,-0.01344120317,0.0202486379,0.02062824292,0.01850839328,0.01493139577,-0.006211053936,,,,,-0.01659420475,0.01137083898,0.02485217036,,0.01407244487,0.02978090427,-0.02922962181,0.05159104401,0.0464433615,,,-0.02764035704,,,,,,0.03720948428,-0.02301214094,-0.04276828595,-0.02770503701,,0.01150390708,0.02551023569,0.03105165714,-0.0002702787011,-0.0270363969,-0.0199025773,-0.01348328698,,0.04502782881,,,0.00102712401,0.001812822909,0.009013351039,-0.02798067369,-0.01878403584,0.009161144354,-0.03751721666,-0.02316669779,-0.02420357522,,,,,,,,,,,0.04610142022,0.002815407426,-0.0245946524,-0.001349031597,-0.01193320857,0.0033412355,-0.003520922664,0.01467628018,0.02095522072,0.02622518341,0.04156014493,0.03790695625,,0.05020889972
1977-12-31,0.02715652075,,,,,,0.08602566018,-0.07212639194,-0.0701003912,0.115257472,0.009390650148,-0.001555334353,-0.02052346964,-0.1122801709,-0.0884929572,-0.004442456602,0.09768610837,-0.004572496241,-0.08705744994,0.0004329846495,,,,,,,,,,,,0.07805253244,-0.08753540409,-0.01499476741,-0.09363768588,0.07014299582,-0.09868233956,0.0661949407,,,,,0.09412681176,0.07096627702,0.09714292616,,0.09482180327,0.0743692427,-0.06516017468,0.07472997409,0.07114947527,,,-0.07535206427,,,,,,0.1044152728,-0.107342018,0.08378406055,-0.09654120424,,-0.06334444508,-0.05005483469,0.00953247544,-0.05259669007,0.09422641299,0.08851782295,-0.07818774447,,0.1070061199,,,-0.08024639848,0.0244474058,0.009985653599,-0.06515266682,-0.09791612642,0.001380312426,0.06226829565,-0.07490945421,-0.08146149199,,,,,,,,,,,0.06053710133,-0.07624280063,-0.07543131726,-0.07456636607,-0.02711463411,-0.00819927745,0.01459900948,0.02626344149,-0.02865387306,-0.02375120583,0.08543431776,0.01615213569,,0.07439887366
1978-01-31,-0.007065998386,,,,,,-0.003106739203,0.001328716055,0.005927855826,-0.003064249804,-0.001472939968,-0.01263633388,-0.004684689416,0.0003694998185,0.002406889735,-0.01536652969,-0.02541288434,-0.007299327771,0.004625559065,-0.008209581875,,,,,,,,,,,,-0.009002795408,0.01687699832,-0.003182792465,-0.01250993217,-0.006875896255,0.005380351786,-0.001312919279,,,,,-0.001008023995,-0.001578216829,-0.01419456369,,-0.004332860794,-0.004523444813,-0.004508878926,-0.002184502088,0.003351131773,,,0.00646615224,,,,,,-0.005540600047,0.0232240006,-0.009252603166,0.01513325052,,-0.0007058045676,-0.003251697259,-0.01125222548,0.008431688727,-0.002077735662,-0.008089513986,0.0001258634419,,-0.002245561301,,,0.02447116404,0.004288883608,-0.004641687744,-0.002624969601,0.0176641609,-0.0002546526075,0.002737970464,0.01372751221,0.02176199066,,,,,,,,,,,-0.001304479337,0.01061066812,0.01430662262,0.01572475771,-0.003019224085,-0.003922603546,0.002668934059,-0.002708794333,0.01035618766,0.009712810718,-0.00722528213,-0.003779836969,,-0.003506607516
1978-02-28,-0.003383229552,,,,,,0.007603904297,-0.02051487085,-0.01269346064,-0.01591440302,0.02789990522,-0.007232876362,-0.01127186757,0.00982589861,0.01516196972,-0.002490044303,0.001242498578,-0.006359077849,0.008068309033,-0.006780755028,,,,,,,,,,,,-0.0008375061846,-0.02279775896,0.02371639831,0.01939106339,0.02030014418,0.019017958,0.008720496454,,,,,-0.03061741371,-0.01848290412,-0.01425170114,,0.01082637025,0.00975894942,-0.01308344891,0.02628916784,0.03058785436,,,0.01066815891,,,,,,0.02830437073,0.02181443972,0.01227224328,-0.005575153883,,0.01389142683,0.01926725997,0.007505845472,0.01569789935,0.012197067,0.01821922758,0.003713182185,,0.02743029957,,,-0.004016186126,0.01398073984,0.005482400447,-0.02117666749,0.009105104358,0.005578208645,0.01551134758,0.006107990184,0.003941382319,,,,,,,,,,,0.008370251234,0.02637074139,0.02766204225,0.0184709194,0.001269928436,0.001894590875,-0.006194380212,0.0002876856036,0.004916779933,0.0119643383,0.02573482737,0.01802215461,,0.02627991279
1978-03-31,-0.02023198145,,,,,,0.03982420229,0.03060085701,0.008951471366,0.04034309909,0.03278738405,0.00708377218,0.01178769653,0.02582916254,0.02444668841,-0.003485230335,0.01434561585,-0.03047816251,-0.01879659958,-0.03399158402,,,,,,,,,,,,0.0150199948,-0.03306112027,0.02401593694,0.02186566809,0.03249182078,0.02878329,0.03039320598,,,,,-0.02163477804,-0.0005876078772,0.03602128185,,0.02936791919,-0.004555367058,-0.03166306175,0.04138816546,0.02745109386,,,-0.02297128763,,,,,,0.026121928,-0.02046008229,-0.02957352401,-0.02572456138,,-0.008856555285,-0.006864675888,-0.006230851389,-0.00934357918,0.0005074317352,0.01417023762,-0.01307590066,,0.03484468141,,,-0.02696905855,-0.00173223073,0.001300368852,-0.03684030372,-0.003910857486,0.01086816039,-0.004243752885,-0.01568808097,-0.02013509358,,,,,,,,,,,0.01546765393,0.01997312198,0.03141736218,0.01898104733,5.977323318e-05,-0.01463708164,0.01794227789,0.02052814758,0.003901048825,0.01704345911,0.02577197931,0.03343685965,,0.03534572991
1978-04-30,0.01437320272,,,,,,-0.03199582733,-0.007334356618,-0.007072572407,-0.005976244267,0.003210990591,-0.01372907587,0.00183378546,-0.01268437008,-0.01348782841,-0.01609164904,-0.03800905808,0.01017243443,-0.01276245651,0.004337656974,,,,,,,,,,,,-0.01847792074,0.03404795551,-0.03165760201,-0.03895250409,-0.02572269687,-0.02123473412,-0.01997620499,,,,,0.01416389587,0.01573453226,-0.02804455608,,0.0008796532138,0.01047624469,0.003328619506,-0.01989077108,-0.01824390641,,,0.0007960520374,,,,,,-0.004085845896,0.02082221339,0.01211487076,-0.01818461462,,0.02018505653,0.01501481048,0.005800736219,0.01742018723,0.01621216785,0.01963730183,-0.008400635731,,-0.005572686276,,,0.03401113833,0.03490603851,0.0248587443,0.01277841217,0.02178502009,0.02321118372,0.01633313847,0.001777238801,0.0401553237,,,,,,,,,,,-0.004028799273,0.02929305675,0.02539998583,0.02687528988,-0.007350835199,-0.004725769586,-0.002471242478,-0.01293699122,-0.005526831967,-0.005627418795,0.006111951052,0.005627514705,,-0.02077225942
1978-05-31,-0.00187986221,,,,,,0.02690474423,0.01063700205,0.03257537497,0.01729244146,0.0236057778,0.01068232962,0.01618135022,0.006228327987,0.03133803076,0.02499423243,-0.003653490231,0.03999542666,0.02067600726,0.03622223517,,,,,,,,,,,,-0.02725738169,-0.001315898799,0.03319851439,0.01734599427,0.03198799041,0.002853321628,0.003179472503,,,,,-0.003933481606,0.000204039845,-0.005679294252,,0.008449016686,0.02347790613,0.007827931516,0.009413869022,0.01174027191,,,0.01016269812,,,,,,-0.01549825084,0.04515685877,0.008688811446,0.01731174357,,0.006368526736,0.005983121268,0.01072106025,-3.039448611e-05,-0.008129202375,0.02467725662,0.004135772237,,-0.01482143188,,,0.002778239272,0.001284582247,0.004405729201,-0.0011136525,0.01200151457,-0.007541594359,0.02026228848,0.01495539048,0.01459791084,,,,,,,,,,,-0.01795448386,0.01436917567,0.02201845627,0.02999032305,-0.02112865502,-0.007548597458,-0.02334642808,-0.02384364474,0.001637652361,-0.0004754845092,-0.02034733394,-0.0156490394,,0.006970724728
1978-06-30,-0.009554998165,,,,,,-0.02225404114,0.004590659187,-0.007322861037,0.027455715,-0.01552187946,-0.05068002981,-0.03611694366,0.005424923851,0.02217653178,0.006514064225,-0.01376557097,0.004037088315,-0.03549576367,0.03100460425,,,,,,,,,,,,-0.06677237707,0.04653043336,0.01920552911,0.01874942633,-0.02974301934,0.03769263497,-0.04430293287,,,,,-0.002309427668,0.03093241394,0.001264675797,,0.04657383016,0.009943981165,-0.03241711259,0.02869632742,0.006424853578,,,-0.05587786639,,,,,,0.03779724574,-0.0238312639,0.04170885942,-0.03129817517,,-0.006969187066,-0.003325258116,-0.005038393828,-0.009820615464,-0.01237409115,-0.01889985568,-0.02850790458,,0.02319472798,,,-0.03120888191,0.01584555692,-0.01122874168,-0.03011771564,-0.02786173871,-0.002396870589,0.001922558534,-0.02192708636,-0.0264658163,,,,,,,,,,,-0.05417889864,-0.05802707156,-0.06356191997,-0.04766933226,-0.003574217817,0.005816593742,-0.001155439095,-0.0004542597744,0.02201696509,0.01840119681,0.02206737482,0.02505793088,,0.02853426896
1978-07-31,-0.01277048925,,,,,,0.02250794335,-0.0122669127,4.523034607e-06,0.001848136341,0.02867521419,-0.0323583817,0.01124171607,-0.02142311087,0.009991171437,0.005932893671,0.01186771618,0.007699864451,0.00252859341,0.008578502906,,,,,,,,,,,,0.005174028687,-0.007214283238,0.001534811288,0.001217414425,0.01389747838,-0.01431829529,0.01990582781,,,,,0.0009728825119,-0.003698236775,0.01977335535,,0.01062313387,-0.003305833683,-0.02873639658,0.03633020671,0.02727255214,,,-0.02186095375,,,,,,0.01641993118,0.01571305369,0.0140114408,0.02314099018,,-0.0001477674315,-0.008329642804,-0.006972909823,0.002140072374,0.002174293622,0.0001370465978,-0.002524246329,,0.01729885775,,,-0.007178742505,-0.007838233374,-0.01517740151,-0.03511233887,0.0189468997,-0.004541764501,0.002005794195,0.02200889138,0.01679924625,,,,,,,,,,,-0.01795112235,0.009034490812,0.005663590373,0.01665886485,-0.00153143393,-0.01192701302,0.004836378003,0.02200597868,0.0172681084,0.01788696228,0.02154020666,0.01750763539,,0.03598003639
1978-08-31,-0.01617392499,,,,,,0.007561587063,-0.02281096172,-0.005645667935,-0.01578009761,0.01606372966,-0.01216229983,-0.0005366032288,-0.01318359748,0.01391266804,0.01054150159,0.01416615084,0.01383475647,0.01060607536,0.01658286866,,,,,,,,,,,,0.02311393327,-0.002988297093,0.001349071164,0.004957731793,0.007889721942,0.005076703692,0.00413445044,,,,,-0.0006419378537,-0.002708440314,0.01452952511,,-0.009920284884,0.004456456458,-0.01647940632,0.03111709775,0.03501364246,,,-0.002109754009,,,,,,0.03132202064,0.02236827889,-0.00112391863,0.003469419502,,0.00642130106,0.003285358225,0.004190446666,0.01036875124,-0.01091807041,-0.009201360295,-0.01852191931,,0.03588213598,,,-0.01240953035,-0.01375933587,-0.006087356528,-0.02611033601,0.009126942175,0.004715999512,-0.01240042015,-0.0003266163061,0.01805287064,,,,,,,,,,,0.03232148236,0.002783241303,0.0003075832501,0.0002025114884,0.002441179841,0.0001882170623,0.01404318592,0.01984693221,0.003388608313,0.003320080064,0.02536647301,0.0304648944,,0.03111709775
1978-09-30,0.002960909326,,,,,,-0.001072429416,-0.008102399569,0.003527517235,0.003570925088,0.00606340448,-0.01415675373,-0.007941451222,0.0002528086529,0.002598554864,-0.003976938615,-0.004559153198,-0.00266772332,-0.007026217082,0.001045472654,,,,,,,,,,,,0.002251405809,-0.005214595459,0.0006835150848,-0.001860329791,-0.006440338278,-0.01988869129,0.0006117982412,,,,,-0.006171582894,-0.01081058708,0.004641118823,,0.002307689467,0.007443894714,-0.001574681452,0.01358987749,0.01135233149,,,0.0008146058442,,,,,,0.007605429069,0.005999017192,-0.003432288654,0.00317226605,,0.004041146059,0.008801310034,0.007237351856,0.01088342289,0.003006155177,0.006305126765,-0.006408461546,,0.01566739528,,,0.01788427783,0.01689414758,0.005369563044,-0.003542245524,0.01832459041,0.0124885702,0.002116681647,0.02053477851,0.01642037904,,,,,,,,,,,-0.006327360496,0.01513893617,0.007972602895,0.01951643947,-0.01218754728,-0.0007085268012,0.0105732321,0.01362414871,0.01326661378,0.0133406382,0.001223791481,0.009807757118,,0.01408529254
1978-10-31,0.03378673539,,,,,,-0.01767347639,0.01846221824,0.00812083113,-0.01790851853,-0.0249052374,0.04460570798,-0.01219374969,-0.02177375145,-0.04019214421,-0.02951261079,-0.03560801841,0.02372811304,-0.008132677655,0.02156851949,,,,,,,,,,,,0.01586721375,-0.004797730862,-0.03036261892,-0.02967500452,-0.003161496277,-0.03389924034,-0.01023110553,,,,,0.009873610045,-0.0157627273,-0.02417316726,,-0.0270799909,0.0107936735,0.03200851898,-0.06389019542,-0.06714430876,,,0.03196095663,,,,,,-0.03530822692,-0.03271634877,-0.01190262279,0.02207749451,,-0.02023587742,-0.03523021954,-0.01467114453,-0.05253859408,-0.04256240106,-0.04803675401,-0.00853846179,,-0.05969570655,,,-0.01146419911,-0.03198353189,-0.00914356409,0.03479638442,-0.02932834809,-0.04144550822,-0.01238704971,-0.008845841357,-0.03391014368,,,,,,,,,,,0.02380986058,-0.02299469536,-0.02669649147,-0.03337366222,-0.0268146778,-0.006957755178,-0.02817339338,-0.04144060127,-0.06891302392,-0.06891302392,-0.03779163925,-0.02673407062,,-0.06324466994
1978-11-30,0.001858089341,,,,,,-0.00315817364,0.006048220443,-0.02628068911,0.02794670442,0.01594417787,-0.02534976649,0.009982806689,0.01658670307,0.01225838991,-0.01836522348,-0.002128543402,-0.03197427548,-0.01525895675,-0.02679116464,,,,,,,,,,,,-0.02588975871,-8.17514956e-06,0.01651329684,0.01032271609,-0.006416998466,0.01432664475,0.02406063152,,,,,0.003393469572,0.01436352317,0.00608114332,,0.02698377556,0.02095725381,-0.003641249612,0.02174260335,0.01787287673,,,-0.03979692572,,,,,,0.01364419832,0.006083353384,-0.003838296946,-0.004219219039,,0.01646417455,0.01266297245,0.02585667478,0.01225061938,0.004595161494,0.004330370192,-0.004027626357,,0.01455168928,,,0.003117786616,0.01376683982,0.02241372172,-0.01435397117,0.004272704265,0.004704523541,-0.006695782611,0.0009014082348,0.005827401152,,,,,,,,,,,-0.03799435291,-0.001193626667,-0.006464330421,-0.0006088738446,0.0193327286,0.005819639868,-0.0005671141277,0.001754408814,0.01246890174,0.01246890174,0.01639398799,0.01892894126,,0.02213072064
1978-12-31,-0.00482073243,,,,,,0.004463342892,-0.0005663053016,-0.003018410061,0.008565990452,0.01736056923,-0.01432950218,0.002267284466,0.0106874216,0.005315599699,0.009379083524,0.003154105449,-0.001968306066,-0.007905728766,0.009105330857,,,,,,,,,,,,-0.009931824775,0.004667581292,-0.0126194668,-0.007301263104,0.008029183722,-0.005416010332,0.02398108165,,,,,0.01274349484,-5.978960544e-05,0.01316046849,,0.009457970061,0.006884631828,-0.003358191641,0.01884319947,0.01939838408,,,-0.002177358627,,,,,,0.02208598814,-0.008635795501,-0.01841977938,-0.01462952085,,0.01720655738,0.01360701272,0.008908602933,0.01660638474,-0.00586495765,-0.009025611244,0.0005000992174,,0.02295369498,,,0.0197087017,0.0230763341,0.01055892924,-0.00832998977,0.004511757602,0.01541128464,-0.006870231841,0.0005975710834,-0.004161571204,,,,,,,,,,,-0.002503327941,0.01823656244,0.01823656244,0.0118671066,-0.008688753005,0.004616777709,-0.004585327555,0.00588285808,0.01325927462,0.01182688667,0.007968060789,0.009716022119,,0.01896613396
1979-01-31,-0.02377607172,,,,,,-0.008500217844,0.01909149723,-0.01993746048,0.008491750259,0.04665574251,-0.008660824422,0.04033713547,0.01300608586,0.04223045707,-0.03713141174,-0.008494513328,-0.02586427671,-0.04134400835,-0.007186847027,,,,,,,,,,,,0.001190864645,0.01175489474,0.01425076681,0.02420447438,0.03525497008,0.04578955504,0.04371259011,,,,,0.008491854129,0.05330535649,0.01740979009,,0.029807468,0.03093709426,-0.02501408162,0.0657796261,0.05824749716,,,-0.02424918963,,,,,,0.0442941346,0.01300502996,-0.0630759043,-0.01550737407,,0.0135634956,0.02077995485,0.01206674473,0.001289435313,0.004295782241,-0.01366176595,0.00680552423,,0.03996200975,,,0.003994495882,-0.00284538177,0.001147622681,-0.03431644403,-0.004878183005,0.01004604628,-0.056598221,-0.01059839492,-0.02458634973,,,,,,,,,,,0.003268284935,-0.001033113502,0.008863989976,0.0004301401513,0.01609859094,0.008516401712,0.005068112165,0.01310477974,0.04406881837,0.04406881837,0.05285989937,0.04876940002,,0.06587684079
1979-02-28,0.01527818779,,,,,,0.0142271179,-0.01298677036,0.003823715372,-0.01114313417,-0.004774512973,-0.001906553146,0.0009720534983,-0.006312958112,0.00163108207,0.01694667038,-0.001475498847,0.01057061268,0.005736787625,0.005438606097,,,,,,,,,,,,-0.01519241809,-0.01370073807,0.01230703437,-0.0001233379521,-0.003473373294,-0.01502771817,-0.009083434991,,,,,-0.01163650945,-0.01456575442,0.001440635088,,0.006820043987,0.01360514141,0.01528261754,-0.004647204866,-0.008160905028,,,-0.01281242073,,,,,,0.002665864824,-0.01501608498,-0.009242382945,-0.01340906658,,-0.002318750622,0.003591012114,0.00588594031,-0.01431970863,-0.0200347067,-0.01420855614,0.009528235635,,0.003148425453,,,0.005688877427,0.01180175383,0.01247112058,0.01926627103,-0.007514419151,0.002912987955,-0.001641187677,0.002110501441,-0.006432203795,,,,,,,,,,,-0.002826396337,0.00963520448,-0.000348938629,0.00872611313,-0.007258069634,0.004904420248,-0.01194988978,-0.01272830591,-0.01099109718,-0.01099109718,-0.003827271949,-0.001578056829,,-0.006856511405
1979-03-31,-0.003090911894,,,,,,-0.01506855772,0.008464702706,-0.01051643521,0.002168486415,0.002519685802,-0.002042130896,0.01994380977,0.007244563826,-0.0103339408,0.001299380051,0.01730692581,-0.00470473957,-0.01138026664,-0.001185976407,,,,,,,,,,,,-0.002077027416,0.01618539884,-0.01452823797,-0.01517230711,-0.01018008439,0.001545056399,0.01062151102,,,,,0.01674454588,0.01643768112,0.007666164379,,-0.0077048367,0.004010112549,-0.009102141659,0.009793623758,0.004916355499,,,-0.005707155824,,,,,,0.003142523141,0.004866498084,0.01297027903,-0.005518605604,,0.003045035449,0.003875980236,0.002472552283,0.005678696084,0.004985377504,0.000698040071,0.007916574065,,0.002700860639,,,-0.007956513834,-0.005985288607,0.003124653608,-0.003777415395,0.003501325873,0.001429192557,0.01127744955,0.006111344928,0.004415352544,,,,,,,,,,,-0.004150182255,-0.00419462779,0.007149430321,0.003512659548,0.009278884138,-0.008970362559,0.001982939313,0.003221541108,-0.0006101308158,0.004900424671,-0.005534835379,0.003215050188,,0.009592887538
1979-04-30,-0.009469646859,,,,,,-0.008930372781,0.0020085141,0.003638076231,0.008753102987,0.01632533336,-0.007919265963,0.004466761099,0.01241046735,0.005374971727,-0.00311301149,-0.001040833063,-0.006921766231,0.00291226662,-0.009557243838,,,,,,,,,,,,-0.007599542113,0.007832677208,0.002177250354,0.004502314453,-0.001732612262,0.004232731363,0.003453194986,,,,,-0.004960932024,-0.0002275936771,0.005208910852,,0.01422049829,-0.004661377646,-0.004484180944,0.006252431844,0.001615176168,,,-0.003210057442,,,,,,0.003345997227,-0.004122489028,0.002767728417,-0.007397461197,,0.01168835928,0.0111675973,0.007718310854,0.007414498185,0.002578399156,0.005575796865,0.005863560184,,0.007916372636,,,0.01800475549,0.01214859164,0.003461918182,-0.007644180919,0.008032891599,0.01145746399,0.008125854501,0.003064209245,0.004692445133,,,,,,,,,,,-0.0009448065058,0.01238796488,0.01813950771,0.01414774084,-0.01046041124,-0.002883419463,0.00223988133,0.005670021209,0.01522297467,0.01522297467,0.0005379776806,0.002737162819,,0.005992040358
1979-05-31,0.004823888934,,,,,,0.01315560929,-0.01088327611,0.01259076707,-0.007640011273,-0.01013439746,-0.004208108934,-0.01627969124,-0.001275444848,0.01147518982,-0.003587585258,-0.003129327146,-0.006843477775,0.01519203481,-0.01019629907,,,,,,,,,,,,-0.007158655033,-0.009198442306,0.007539645301,-0.009158657108,0.002658798976,-0.01442722368,-0.01524781552,,,,,-0.00892706829,-0.01146369181,-0.01030898939,,0.01445249328,-0.000833974752,0.001101396184,-0.006542010158,-0.0128540928,,,-0.007510921256,,,,,,-0.01501863118,-0.007295693853,-0.0002323195338,-0.0104824763,,-0.01021440396,-0.003432462575,-0.01259624926,-0.007236012211,-0.00775657008,-0.002285247261,0.004680944432,,-0.01501116798,,,0.000569890736,0.001105038866,-0.005826144315,0.003655085171,-0.003592817171,-0.008218910771,-0.004091062593,-0.01588657855,-0.008531409018,,,,,,,,,,,-0.00798605684,-0.003941130492,-0.00171898503,-0.00625178941,-0.01808394491,-0.007479432912,-0.01250290488,-0.01336800086,-0.009518372042,-0.01191914606,-0.01227015147,-0.01548704905,,-0.008098225589
1979-06-30,-8.593162167e-05,,,,,,-0.0007206583085,-0.0040089719,-0.01144255824,0.006343993149,-0.001095810633,-0.002869000371,0.004503066589,0.01598315874,-0.01795862056,-0.01001769663,0.002234037345,-0.002266200779,-0.005773150424,0.002006491212,,,,,,,,,,,,-0.01044681164,-0.0004005571362,-0.009494346799,-0.01627994798,0.01244833781,-0.004915117635,-0.007476407251,,,,,0.002793128587,0.0002942746838,-0.007616248121,,0.01004465263,0.002726492516,-0.005187865356,0.008963172513,0.003957556347,,,-0.002248946027,,,,,,-0.006568068871,-0.004241771018,-0.006480835495,0.004598672393,,-0.001832759274,-0.001127818129,0.004187524185,0.005785735475,0.008398967443,0.01070024441,0.009495059059,,-0.001080873477,,,0.01069207116,0.009764654368,0.01255331224,-0.006892614013,0.009778088448,-0.01261988457,0.003690505846,0.008017987774,-0.001964152635,,,,,,,,,,,-0.002585120209,0.01273301013,0.01660976824,0.01720689503,-0.001355542176,-0.004550401983,0.005756803685,0.005312060213,0.009610789006,0.009610789006,-0.008572620394,-0.01012321207,,0.007652314952
1979-07-31,0.003673372102,,,,,,0.01083845602,-0.009297841578,0.01602031276,-0.0199819867,-0.008141367376,0.009197218053,-0.009508958086,-0.0009981994226,0.001902901983,0.01471500893,0.01691973754,0.006304081413,0.01417407329,0.01222746592,,,,,,,,,,,,0.01617360851,-0.01008469265,0.002554814622,-0.004969072586,-0.01058869565,-0.02138810747,-0.01947308637,,,,,-0.01274213416,-0.03338447996,0.007554022799,,-0.006164558319,-0.003903307413,0.0110413671,-0.01542479713,-0.006595788901,,,0.00174192592,,,,,,-0.00277700697,0.02293543285,0.01583647131,0.006928623945,,-0.002366129992,0.002007949868,9.05824479e-05,-0.003327698558,0.00767981963,-0.006056685204,0.0001909904531,,-0.007883810031,,,0.01500080095,0.004247277742,0.002381699102,0.01606077389,0.01340988133,0.01934996626,0.01368993123,0.007504001995,0.02062826159,,,,,,,,,,,-0.01814581295,0.007448546239,0.006206603895,0.006077785394,-0.01183179491,-0.000628337115,-0.008567394445,-0.007059923528,-0.007539754778,-0.007539754778,-0.007683785801,-0.00584526264,,-0.01513463475
1979-08-31,-0.02036794673,,,,,,-0.009391370643,0.00777476951,0.004373063152,0.005077127031,0.0150477152,-0.02116905709,0.01508284981,0.01024606997,0.004997331313,0.001303822345,0.01915909451,-0.00319541137,-0.002430534016,-0.00366767307,,,,,,,,,,,,-0.01823510237,0.000581682996,-0.004201852121,0.004257779206,0.008904276442,0.01078977604,0.0113672589,,,,,-0.007854872513,0.01491865436,0.01297410378,,0.01825944953,-0.006721003951,-0.01662384478,0.02191456161,0.02392851748,,,-0.009991649729,,,,,,0.01115233366,-0.01210089613,0.008457942788,0.007469919821,,0.01540281785,0.01542605305,-0.003773457992,0.008900646459,-0.008900721777,0.006603644695,0.004594889004,,0.01088503608,,,0.008529409249,0.01133317552,-0.005494911896,-0.02420249246,0.007331001728,0.009368200528,0.0115203128,0.009661787969,0.01379421277,,,,,,,,,,,-0.009144316832,0.006810329673,0.01116277456,0.004739407579,-0.0147969656,-0.004566602459,-0.003195608731,0.00262945789,0.02219051518,0.0208646102,0.01218942087,0.007385563157,,0.02145206245
1979-09-30,0.01590903221,,,,,,0.02258050415,-0.01120636843,0.03152713993,-0.004460502857,0.003298890679,-0.007498504422,-0.02252616554,-0.01791300274,0.01691360036,-0.01299658844,-0.005597067458,-0.0208086406,0.02943001197,-0.008591227086,,,,,,,,,,,,-0.01280196241,-0.02807700793,0.0008238297397,0.01409214992,0.01150250388,-0.0153754016,-0.01914751564,,,,,-0.001293611688,-0.002843321007,-0.006082887443,,0.01406941399,0.01103860228,0.004738294567,-0.01571451083,-0.02155934999,,,-0.001123190119,,,,,,0.001667590542,-0.0186764392,-0.004062443849,0.003072744113,,-0.03407258403,-0.00390523705,-0.006851054531,-0.02384968347,-0.01837329309,-0.02325978255,-0.004552016231,,-0.0005716565555,,,0.004484903263,0.01179398314,-0.009260467891,0.002921381715,0.005814654704,-0.001733742581,-0.006505135103,0.01132180766,-0.01374658151,,,,,,,,,,,-0.0005562012472,0.008996838312,0.008678061618,0.01035115405,0.002858900456,-0.005350076773,0.002516273388,0.002346564846,0.00680397349,0.00680397349,-0.005415651261,0.001937910424,,-0.01598861542
1979-10-31,0.01014879091,,,,,,-0.005376719125,-0.006473456323,0.01208481956,-0.02884262763,0.04191373438,-0.00545003619,0.01022387128,0.01401152257,-0.01474592891,0.01351915821,0.005211730115,0.0005923077464,-0.00486428421,0.005625380576,,,,,,,,,,,,-0.01833053865,-0.002544882521,0.03279743921,0.04011262152,-0.01224816982,0.0171183385,0.01875238102,,,,,-0.02634236924,-0.0171784468,-0.01046692505,,0.02479788698,-0.006912266618,0.02037979455,-0.004622738808,-0.001963281228,,,-0.02145693637,,,,,,0.005869541503,0.01689432692,0.006060225703,0.01415557731,,0.02601601854,0.02761262833,0.03128107054,0.008695377204,0.03381926795,0.02800333193,0.004041996785,,0.005861605518,,,0.04505908657,0.0531334525,0.04506212287,0.01301684686,0.04072435126,0.03038878124,0.03663642047,0.03889998032,0.03125252405,,,,,,,,,,,-0.01885273427,0.03797111195,0.040888316,0.03970100489,-0.03570710203,0.009688182958,0.002436142415,0.002436142415,0.03026492505,0.03026492505,-0.01904553156,0.005558062531,,-0.005302598217
1979-11-30,-0.0689346048,,,,,,-0.08397995856,0.03202129057,-0.004946571012,-0.03158663932,0.05009452441,-0.06226832544,-0.02358587456,-0.01652922513,0.00760120455,-0.02474279693,-0.0007783128392,0.02221561649,-0.04413984099,0.04147515943,,,,,,,,,,,,-0.03936651447,0.08426161157,-0.08119225014,-0.04089973468,0.0356815389,-0.00469252767,0.07846113188,,,,,0.08770238945,0.09652951892,-0.03741155583,,0.03176295101,0.006877929938,-0.05830108749,0.07664530229,0.06230020313,,,-0.03460641176,,,,,,0.02764819493,0.03924891899,0.04609543289,-3.473567111e-06,,0.001764264938,-0.001512556802,-0.0185248679,-0.004465841976,0.02385896323,0.03620917273,0.03704335611,,0.03912614207,,,0.008266131704,-0.0004314587141,-0.0416716238,-0.06302300986,0.03823402746,0.03342698169,0.02931368401,-0.002108170303,-0.00437679546,,,,,,,,,,,-0.06662327386,-0.000479269857,0.005126691862,-0.004474603833,0.05034977129,0.03362954677,0.01377505534,0.02634648639,0.05681683188,0.05635849573,0.06160604994,0.02014013211,,0.07705691741
1979-12-31,0.01785664146,,,,,,0.006679939906,0.01189878349,0.02926619078,-0.03403986905,0.002792450451,-0.03150244979,0.007983955793,0.02187538123,-0.005313183747,-0.01680852404,-0.01446115764,-0.02594641411,0.0271800902,-0.01968310651,,,,,,,,,,,,-0.0201268328,-0.01904152267,0.02615231858,0.01882214395,-0.02083404488,0.039417559,-0.02136565398,,,,,-0.02499905092,-0.01765333389,-0.0280534866,,0.0210582939,0.02440477372,-0.02286912095,0.02753585631,-0.006339528253,,,-0.03155543705,,,,,,0.01475162074,-0.0002325435322,0.007282829909,-0.001237831227,,0.005190602502,0.01516050478,0.01982379142,0.02511349554,0.01077062181,0.009075168542,-0.0222959229,,-0.00499727378,,,-0.002784537188,0.009587465066,0.01364153449,-0.02369332296,-0.01003121441,-0.01427151186,-0.005858386787,-0.003865017391,0.003731938448,,,,,,,,,,,-0.04831374047,-0.008393014471,-0.02249335444,-0.003087321877,-0.03369495224,-0.02144270615,0.004017543347,0.004762433023,0.003802584135,0.003802584135,0.001579501414,0.01487257487,,0.02753585631
1980-01-31,-0.006760408836,,,,,,0.006885426767,-0.004009305223,-0.01967636666,-0.001709648934,0.04103401635,-0.02238109044,0.004460455688,0.007859677157,0.01124068422,0.01687775641,0.005154948763,0.03885856684,-0.0153677564,0.03276518268,,,,,,,,,,,,-0.002291163673,-0.003035461125,-0.00861607852,0.01766681469,0.002497204749,-0.01410906972,0.01566672803,,,,,0.00478182549,0.00498265899,-0.004982940529,,0.007814641556,0.00613697769,-0.01545722064,0.04122347039,0.03505899077,,,0.009407233366,,,,,,0.04147186802,-0.01370530317,0.001882086109,0.004596376479,,0.01192492268,0.01133969836,0.01872451182,0.01309473542,0.001397039229,0.002585750783,-0.00890419616,,0.03924058038,,,0.01099598456,0.01027438514,0.03955338831,-0.03034047694,7.395377464e-05,0.004839867479,0.002996728976,0.01970797068,0.009775812353,,,,,,,,,,,0.003905063047,0.009137404994,0.01012578369,0.01698002843,-0.0007885997184,0.01277175285,0.008366056013,0.008781148891,0.03659062041,0.03502764336,0.02255229433,0.04498486682,,0.04102364688
1980-02-29,-0.0167054435,,,,,,0.02185154739,-0.02816720129,-0.0358960073,0.03769034439,0.01085288029,0.008415377496,0.003888996561,0.009168495627,0.024710243,0.03263517307,0.01412794447,0.03917287987,-0.0007544830441,0.03085176841,,,,,,,,,,,,0.03747175893,-0.01089336237,-0.01296819811,0.0121220841,0.03518124378,-0.04753811236,0.04306249985,,,,,0.01375396258,0.009158208156,0.03856872281,,-0.02142745337,0.0005233334377,-0.02854362233,0.04487980079,0.04387907784,,,0.05241948754,,,,,,0.01912149414,0.003015615532,0.03283781655,0.02571332244,,0.02382512568,0.02464687326,0.0331207683,0.03943455433,0.009902658397,0.02120533464,0.011825867,,0.03467348704,,,0.02615716584,0.01101581817,0.01937203806,-0.03074342462,0.03580712057,0.004083309485,0.04226460919,0.05403546473,0.0448794084,,,,,,,,,,,0.02020045804,0.02864411894,0.02794039881,0.02842698927,-0.000537906275,0.004363782276,0.01230074408,0.02244481717,0.02023823817,0.02251189718,0.03482240276,0.01556403141,,0.04029038748
1980-03-31,0.06122207628,,,,,,-0.1547197418,-0.1627994554,0.1850144965,-0.1813538896,0.1338379179,-0.187904816,0.1133366334,0.1819674189,0.1365402586,-0.1900406471,-0.1807190465,-0.1803153515,-0.04886118993,-0.1733189857,,,,,,,,,,,,-0.1803025786,0.1685336202,0.0002560402413,0.01978953287,-0.1313651857,0.08375389968,0.06729034125,,,,,0.1356561251,0.1442243046,-0.184784136,,0.1759809671,0.1401329633,-0.1088160371,0.1244124099,-0.02472622307,,,-0.1633017428,,,,,,0.1299265399,-0.02231345105,0.1160288856,-0.003043153543,,-0.000594528586,0.01544447947,-0.01323207034,-0.01301471959,-0.008457440302,-0.02491975028,0.001021927309,,0.1322031736,,,-0.1321410741,0.002170534598,0.01650759918,-0.1055486824,-0.1653072349,-0.1291585259,0.1070618879,-0.1519305672,-0.02285432039,,,,,,,,,,,-0.1553262838,-0.1552881355,-0.1520606514,-0.1433711585,-0.08332250054,0.05962730999,-0.02939303282,-0.02642959819,-0.004935913191,-0.004935913191,0.1326639372,0.1387787197,,0.131902558
1980-04-30,-0.05232012157,,,,,,0.02710029524,-0.02780571653,-0.1089860487,-0.1692964791,-0.005295756367,-0.04072739408,-0.1492294824,-0.1358741978,-0.1687192012,-0.09252837073,-0.09387637917,-0.09719776002,-0.1200851647,-0.09927398275,,,,,,,,,,,,-0.05340485786,-0.04771906658,0.05682726302,0.05881112723,0.1345724407,0.0863803282,0.1440360812,,,,,-0.0302092264,0.01021997445,-0.09379418607,,0.04256719587,-0.04423102434,-0.04395149492,0.002566654468,-0.004862365463,,,0.01676182209,,,,,,-0.09755315142,0.1134706076,0.03302732371,0.06959711591,,-0.0136333763,-0.03947239226,-0.04397230449,-0.01675921803,0.06775576959,0.06683936028,-0.1042548022,,-0.1124722211,,,0.08281263632,0.00538038828,-0.07071929075,-0.03144444106,0.09623454495,0.1034563392,0.01014244773,0.05392466335,0.07680533569,,,,,,,,,,,-0.1395579106,-0.07538937472,0.0264942228,-0.07582679345,0.05571730354,-0.04512759756,-0.05042722758,-0.04341495311,-0.01429017177,-0.0141977639,-0.06078625987,-0.1253853243,,0.005843014456
1980-05-31,0.02635391986,,,,,,0.006188548716,-0.009205041325,-0.001413144492,0.006564278412,0.01148964009,0.01322420449,-0.009847976524,-0.02144551457,-0.01192620063,-0.0058172446,0.006266005145,0.0008160116729,-0.01338122785,0.0008985951286,,,,,,,,,,,,-0.01718263322,0.00644860847,-0.001038401998,0.00957403621,0.0213712152,0.009994534711,0.02505666589,,,,,0.0006017875055,0.01913313497,-0.003363806947,,0.03095210568,0.01986108579,0.003812816648,-0.01173187279,-0.005882775863,,,-0.02040685178,,,,,,-0.00265929591,-0.01837855263,-0.01925605869,-0.01556874279,,0.009110262686,-0.002852774337,-0.0005895712664,0.001704066619,-0.02454735118,-0.02201420752,-0.006686294066,,-0.00392077343,,,0.002733427453,0.008642201794,-0.005983716583,0.01238870473,0.006218122896,0.02127157961,-0.01811416001,-0.02387832239,-0.006682332245,,,,,,,,,,,0.01411222644,0.006277220003,0.001021171695,0.006312979642,0.01030264095,-0.01381896848,-0.01947297249,-0.02010790422,-0.00969380996,-0.0100483881,-0.002879049436,-0.0146937906,,-0.01197385187
1980-06-30,0.00532248299,,,,,,-0.03633098492,-0.04560646214,-0.02221817239,-0.06102485618,0.02913876605,-0.05134529842,-0.01114958998,0.03208352059,0.04463379835,-0.04601468814,-0.04123677204,-0.02244284026,0.0258474511,-0.01313823794,,,,,,,,,,,,-0.04524967381,0.002023616276,0.04532884474,0.02661184698,-0.0468179655,0.02389369158,-0.03115774738,,,,,-0.03186589834,-0.04217953253,-0.05186193314,,0.007632948715,0.0282285206,-0.02306746399,0.05095946019,-0.009296055657,,,-0.05234504714,,,,,,0.03725659977,-0.03188380209,-0.001482626696,0.009627118755,,0.02246040671,0.005679819434,0.01466109205,0.006655519158,0.007616424248,0.01131542604,-0.008807964013,,0.01677557487,,,-0.0192107034,-0.04102862318,0.02192415246,-0.02609373169,-0.05559790012,-0.004881133213,-0.01421058275,-0.03352253378,-0.05505075783,,,,,,,,,,,-0.02083089317,-0.04743377823,-0.03891149107,-0.05064266226,-0.03594236046,0.0181233137,0.005133417915,0.008472486821,0.01827984015,0.01827984015,0.03340084387,0.03054096954,,0.05145997768
1980-07-31,-0.07594103622,,,,,,0.009077750643,-0.07738955927,-0.03025482626,-0.04466868105,-0.05074518967,0.02618314084,-0.03194844971,-0.04731514907,0.01765154137,-0.01393819296,-0.02899579567,0.04337725205,0.05085424557,0.002046573535,,,,,,,,,,,,0.06244864544,-0.05471075395,0.01148268929,0.007202969678,-0.0268305699,-0.01883414273,-0.0450270464,,,,,-0.02317757619,-0.06115245925,-0.03558840149,,-0.03679746708,0.0739264337,-0.07718628172,0.1028291012,0.0932366413,,,-0.04133740716,,,,,,0.05958209131,-0.006886196882,-0.02031809468,-0.02527172199,,-0.01397499104,-0.01567895372,0.02125110423,-0.02700354285,-0.002673915234,-0.009624961659,-0.04727977297,,0.0592481823,,,0.02998330308,-0.008440702533,-0.02402821494,-0.0876401964,-0.01092157209,0.04713094135,-0.02223720097,0.02433990511,0.03247590573,,,,,,,,,,,-0.002906835978,-0.04217816927,-0.05093212488,-0.03868606463,-0.009411797096,0.001134319987,0.07232418007,0.08156236041,0.007375244605,0.01430883167,0.02286536209,0.04867902299,,0.100738824
1980-08-31,0.006965594849,,,,,,-0.01655928144,-0.01879733846,-0.01334177683,-0.02655640696,0.02243955322,-0.01120862425,-0.01759360942,-0.0004996768229,0.02682604551,-0.01412517424,-0.02394480817,-0.01221735893,0.007004954737,-0.01749718475,,,,,,,,,,,,-0.004104116655,-0.00550752165,0.01129839407,0.008062608276,-0.02482973358,-0.01017186512,0.00180059755,,,,,-0.01065794596,-0.02604946039,-0.02929139804,,-0.001394809374,0.02056616288,-0.02932633283,0.03185954653,0.02394903229,,,-0.0272172034,,,,,,0.01699661362,-0.00984533318,-0.008723819318,-0.03542276106,,0.001924672034,-0.001980061611,-0.0107654418,-0.0006419546131,0.003407747609,-0.01400656079,0.005057006413,,0.02301042097,,,-0.005380836676,0.008270688671,0.01002022468,-0.0286999048,-0.01862613668,0.001024873897,0.005344734582,-0.02768488496,-0.009472724762,,,,,,,,,,,-0.008805402007,-0.01017928944,0.006732896531,-0.003488877626,-0.009033354881,-0.004441515329,0.01929874021,0.02054510169,0.01200226685,0.01200226685,0.03075385618,0.01256980852,,0.03207145212
1980-09-30,0.02922512579,,,,,,-0.03853190783,-0.008707084082,0.01447821708,-0.02332049745,0.02573131233,-0.03295728011,-0.007075319882,0.01576030572,0.03065636908,-0.02206899534,-0.02353457251,-0.01768954884,0.02591982001,-0.01158395968,,,,,,,,,,,,-0.01100783312,0.01786492165,0.002324235296,-0.005108925878,-0.03386188849,-0.02553063387,-0.01648618124,,,,,0.01955419089,-0.003412837657,-0.02078538711,,0.01035213776,0.04931369909,-0.05482532914,0.06253176354,0.05428096421,,,-0.0142908203,,,,,,0.04619487617,-0.03448632115,0.004450938402,0.01613704895,,0.03194850047,0.0110251333,0.01006417622,0.02328461383,-0.004834443841,-0.00541580165,0.02775502097,,0.04363083889,,,-0.01944740527,-0.003256619326,0.009035009047,-0.05608489274,-0.03231241601,-0.02106583814,0.004948908217,0.006540833068,-0.006943048801,,,,,,,,,,,0.01426489792,-0.002668289817,0.001607793687,0.0003410399696,-0.03035086217,-0.01552479054,0.04257975996,0.04724887575,0.0007075767088,-0.0001812968403,0.0299176077,0.03892465163,,0.06384785132
1980-10-31,-0.01096534875,,,,,,-0.005435182295,-0.007868105318,0.006315790097,-0.0009566857344,0.01438771834,-0.0077684731,-0.001936632608,0.002780697284,0.004798786201,-0.003696346618,-0.005225756937,-0.005015783369,0.004622828537,-0.009929077917,,,,,,,,,,,,-0.006336694783,0.007261698777,-0.003993047818,-0.007898783644,-0.01158888555,-0.004290581912,0.004388231765,,,,,0.006378925174,-0.003674733211,-0.004600745857,,0.001251514448,0.003985642923,-0.02509912797,0.02852557031,0.02506034131,,,-0.01868942565,,,,,,0.01898336902,-0.009713235931,-0.005171921004,-0.004258858874,,-0.0002550608492,0.01420273835,0.007313483008,-0.00115635973,0.008064751188,-0.007730035743,-0.002457684829,,0.01660537333,,,-0.004048776088,0.003676783748,0.008931024966,-0.0250285659,-0.01382061743,0.006161246061,-0.006977707006,-0.009531595403,-0.01566310623,,,,,,,,,,,0.0006315370556,-0.005776229949,-0.005577704005,-0.00561077027,-0.00490994521,-0.003429869061,0.01880941517,0.02286732206,0.008752447161,0.008752447161,0.01636538982,0.0239313788,,0.02979157492
1980-11-30,-0.007160600545,,,,,,-0.01754173655,0.0016494334,0.00220081885,-0.01526090564,-0.001349266874,0.001214907895,-0.002060279578,0.002524058857,0.02163209833,-0.003121975449,-0.003880818022,0.002107658535,0.008245182699,-0.003041622075,,,,,,,,,,,,-0.00241915887,0.006855036508,0.01129972893,0.01485547114,-0.01895964474,-0.007386084407,-0.009108734284,,,,,-0.003164361087,-0.005202651127,-0.01074543631,,-0.007124756596,0.001003559713,-0.01589534301,0.01742734349,0.01153088748,,,-0.02151913303,,,,,,0.01732889868,0.002815842622,0.007012917111,-0.005074131406,,0.02513350542,0.02031785312,0.01385765793,0.006963730137,0.00384361361,-0.008041334678,0.01204642584,,0.01264951358,,,-0.00320535797,-0.008681360158,0.0006982058872,-0.02130406224,-0.002784261715,0.01425640657,0.00208321439,0.003662645369,-0.001931965527,,,,,,,,,,,-0.01029571713,0.0009405656351,-0.01998341632,0.01702532768,-0.01303456476,0.01029529955,0.01255973668,0.01126039209,0.001408825938,0.002550481433,0.01226021126,0.01443991989,,0.01920574921
1980-12-31,-0.01363013507,,,,,,-0.01850866168,-0.00698119977,0.04106660549,-0.01270740509,-0.02138258968,0.0137573504,-0.00504480828,0.02829052747,-0.0002421081397,0.006124439105,-0.001698088889,-0.0204282359,0.02397677115,-0.009868067089,,,,,,,,,,,,-0.003632009107,0.03249318001,0.01420184197,0.003189457856,-0.01962323887,-0.02172607701,-0.01759946638,,,,,0.02747598208,0.01174841566,-0.006771588541,,-0.008359397455,-0.00293684034,0.01662412654,-0.002616691423,-0.01312479791,,,0.005038652263,,,,,,0.007525241,-0.01198351306,-0.0210645505,0.005467921335,,0.01056675047,0.01191778636,0.02681291463,0.002938415132,0.0001687920226,-0.003508344928,0.01926808466,,-0.007033940719,,,-0.006878181141,0.003331000419,0.001473933549,0.00948614693,-0.008795903311,-0.0175303269,-0.02189545027,-0.0005735987132,0.02111354716,,,,,,,,,,,0.02364397125,0.001405472971,0.01139970164,0.009595800223,-0.02032231367,0.01118566662,0.01364220149,0.01076849264,0.01454333017,0.01454333017,-0.02116500928,0.002101470555,,-0.008097116394
1981-01-31,0.01403404547,,,,,,-0.03339236138,-0.00354511551,-0.01160718371,-0.02528454376,0.02184950431,-0.03176983349,-0.01393256251,0.025127249,0.03735944337,-0.007421998645,0.003011446111,-0.001800102039,0.02110772687,0.00605884313,,,,,,,,,,,,-0.00518454609,0.007776498375,-0.01366520239,-0.0141068989,-0.02258788658,-0.01574090503,-0.01571577249,,,,,-0.006402570326,-0.01511093792,-0.01417046005,,-0.006369339798,0.02926698976,-0.01141417426,0.02639775847,0.008089066002,,,-0.01862161358,,,,,,0.0329676464,0.02729700277,-0.003551271233,0.0232311285,,0.00926058966,-0.008738879511,-0.01807766162,-0.00770144779,-0.01490270975,-0.01917793547,-0.003577281991,,0.03346020357,,,-0.01546161842,-0.02552593237,-0.01699473935,-0.01501184758,-0.007367749789,-0.01556580902,-0.01366834012,0.008708682673,-0.02410261838,,,,,,,,,,,-0.02877555398,-0.02551466634,-0.02431596953,-0.02369315795,-0.001660251544,-0.0004918989991,-0.01277480045,-0.01110194784,-0.004467766499,-0.004467766499,0.02737002871,0.03795049038,,0.0194739929
1981-02-28,0.002497718953,,,,,,0.00326463186,-0.009174878709,-0.01382275898,-0.02151846637,0.0125616689,-0.01987543503,-0.01412138483,-0.01082174213,0.01542300166,-0.007934094254,-0.004285107794,-0.004120990335,0.008598379801,0.002172432623,,,,,,,,,,,,-0.004349112614,-0.01776644106,-0.00599453897,-0.0094205141,-0.0009187842152,-0.005467673867,0.009600759031,,,,,-0.01027704284,-0.01453881478,-0.02225097924,,0.01044338328,0.01327467324,-0.02753657336,0.03057368002,0.02370668055,,,-0.02563720481,,,,,,0.01986753441,-0.01533060355,-0.00617802608,-0.002453478985,,0.01182398284,0.01120276609,-0.0030480442,0.009976948672,-0.01197025404,-0.01004601117,-0.007884329736,,0.02197907231,,,0.003411909955,0.005877274761,0.009090225463,-0.03137679961,-0.01340382825,-0.01827623551,-0.005872171826,0.003260320053,0.0009180648705,,,,,,,,,,,-0.0002466780799,0.006024948623,0.008688159811,0.01144139915,-0.002229348189,-0.006367204052,0.01319657307,0.01834128615,0.01599150363,0.01599150363,0.02531693539,0.02430262122,,0.03210993156
1981-03-31,-0.01732781489,,,,,,0.0168513595,-0.01210379761,-0.01160361385,-0.005361100788,-0.0292357736,0.01706111133,0.02615792003,-0.01615483595,-0.01423939499,0.02046200629,0.006460190117,0.03387509387,0.007598709953,0.03695811819,,,,,,,,,,,,0.02217105774,-0.01412186295,-0.03325866965,-0.03294628374,0.01790598667,-0.02653278289,-0.01513142768,,,,,0.03082971112,0.0119864272,0.0004545351476,,-0.03051131247,0.006260432131,-0.009622093126,0.02336452227,0.008347232498,,,-0.01864464532,,,,,,0.0002814197365,-0.01248388483,-0.02893801157,-0.02816627433,,-0.001869418712,-0.00845923826,0.0144146516,-0.001453084013,0.003157211919,0.0030249061,-0.01416997254,,0.007531260069,,,0.01764958754,0.02592013021,0.004147754954,-0.01332708601,0.003319761099,0.005662629402,-0.02497555185,-0.005393683188,-0.0234244229,,,,,,,,,,,-0.008543051853,0.01394576876,0.0118433167,0.01009031502,0.0276385762,0.01137703882,0.006817235553,0.007740221206,-0.005930549973,-0.006599451014,0.00333504194,0.001751113804,,0.02087349997
1981-04-30,0.003300147839,,,,,,-0.05576620055,0.05334782185,-0.01214738154,-0.01020348172,0.04728052462,-0.05534529084,-0.05522152902,0.03706435347,0.07029700918,-0.06252526971,-0.05343900118,-0.03968616353,0.02396018246,-0.03665805831,,,,,,,,,,,,0.002393531939,0.01483940477,0.03193275219,0.0341350254,-0.06877364118,-0.0007602605904,0.001207279751,,,,,-0.03236544155,-0.05280589378,-0.01989570677,,0.01023579748,0.01984432654,-0.0368152491,0.06772465163,0.06303011148,,,-0.01673638731,,,,,,0.07913683931,0.01197427262,0.01733303043,0.02566391816,,0.0124089428,0.01101125038,0.004623382742,0.01287801484,-0.00382909807,-0.003996730744,0.01413223325,,0.07261940911,,,-0.02601369418,-0.02645094797,-0.0077749463,-0.05117159462,-0.008347375841,-0.03541197903,0.02946831629,0.0264083897,0.03896888795,,,,,,,,,,,-0.01914333934,0.003517207224,0.02874431307,0.004793850616,-0.02147388309,-0.007719246107,0.01514882114,0.01713552112,0.0007385129118,-0.002405464859,0.06749180964,0.06241741798,,0.06956436886
1981-05-31,0.02582102057,,,,,,-0.0167941378,0.03103875046,0.04024137061,0.009989774079,0.01248274752,-0.01672228844,0.01413729602,0.03414738456,0.00528462096,-0.01057685976,0.0004182076251,-0.0283275635,-0.004544154478,-0.02966004709,,,,,,,,,,,,-0.02066775375,0.03094347498,0.01627534582,0.01414443159,-0.004319452936,0.01399910166,-0.01535321146,,,,,0.01034197133,0.01030972952,0.01506236722,,0.0251976808,0.03900123032,0.009204686981,0.03173876878,0.004007443252,,,-0.03077213901,,,,,,-0.002068311908,0.03707584884,-0.01204381726,0.004531818546,,-0.01622898764,-0.007078647825,-0.007851936902,0.00124149908,-0.003951807729,-0.02681573253,0.01821147049,,-0.004870605863,,,-0.007380311315,-0.03099853931,-0.03237570141,-0.001212501557,0.02846323053,0.03067091674,-0.008949821924,-0.0004626607857,0.003101830955,,,,,,,,,,,-0.004218139528,-0.001956399246,0.008071966759,-0.007415472574,-0.01342170446,0.006000027661,0.006979611607,0.005995047932,0.01815205131,0.01911255466,-0.008142213432,6.871090995e-09,,0.0352533955
1981-06-30,-0.01269333754,,,,,,-0.01555166668,-0.009870751967,-0.0330499772,-0.006010269838,0.01946590334,-0.01946939858,-0.03364450808,-0.007388847581,0.03425060035,-0.02245363634,-0.02643601192,0.008606911418,0.002712512673,0.008949247485,,,,,,,,,,,,0.01403583226,-0.02002284183,0.006988391406,0.004891487501,-0.02633791249,-0.01815429859,0.01428698174,,,,,-0.02757731491,-0.03008218119,-0.01422000742,,-0.004347294457,0.002665492041,-0.03598891634,0.03144516918,0.02787156206,,,-0.004589512353,,,,,,0.04295263431,0.02117450951,0.02511701673,0.01867826818,,9.505987412e-05,0.0187644935,0.00822910175,0.01616669264,0.01736710275,0.02581846528,-0.008968440392,,0.03730304765,,,-0.001103300275,0.01011208085,-0.003511799967,-0.03485307932,0.01305922286,0.01263602576,0.02529322546,0.01544301987,0.01386130515,,,,,,,,,,,-0.02994177647,0.005875234776,-0.0009326294393,0.006813242158,0.002934604661,-0.01709817792,0.005307801153,0.006553800381,0.005056077707,0.00714229193,0.04367717961,0.04047447092,,0.03047742614
1981-07-31,0.009686817869,,,,,,-0.002036890574,0.02099111692,0.01007480938,0.007320185778,0.0120645575,-0.005404015183,-0.002590149889,0.009549742099,0.00236046752,-0.007763818745,-0.00124105352,-0.01782175452,0.0004114585597,-0.0186890663,,,,,,,,,,,,-0.007980916401,0.007903238231,0.008891570599,0.006749597409,-0.003760274065,-3.678828404e-05,-0.007676945316,,,,,-0.0008144305709,-0.003047030202,0.01481681733,,0.01063145359,0.008362410963,0.001607191091,0.006616154143,0.0001399792253,,,-0.01290961297,,,,,,-0.002529188618,0.01415638083,0.01082388222,0.003109761647,,0.008686998617,0.014518974,0.01787708916,0.005080936344,0.01538877478,0.01220643364,0.01594722012,,0.0002163522877,,,0.008925346658,0.004247812399,-0.00147318785,0.001705535781,0.0184399941,0.01312263691,0.01320414807,0.007022856456,0.009058763622,,,,,,,,,,,-0.02386540937,0.003731390337,0.001886205357,0.003047533364,-0.01195898448,0.008228037893,-0.0005415249793,-0.001948582924,0.00558483668,0.006134824539,-0.003606057558,-0.005375415459,,0.007077147528
1981-08-31,-0.004406385525,,,,,,-0.03101117729,0.02175192598,-0.004719526159,-0.008443625869,0.0266524132,-0.02965439824,-0.02512436029,0.01748894881,0.03098400563,-0.03156528393,-0.03198753285,-0.02279607692,0.01212878551,-0.0275892502,,,,,,,,,,,,0.008017233072,0.01408765319,0.009211894681,0.009893906761,-0.03428383509,-0.01825421636,-0.003235979436,,,,,-0.01830431029,-0.02867084946,-0.003947622796,,0.002247650082,0.008857075167,-0.01835496763,0.03246012245,0.03222983398,,,0.01105390363,,,,,,0.02902347544,0.02092245517,0.002884382132,0.01696917401,,0.008832044594,0.008581063781,0.0102577632,0.00745303124,-0.00438676359,0.00287663394,0.01214619074,,0.03219464292,,,-0.001321171021,-0.00938159804,-0.009311059907,-0.01992595781,0.02236087086,0.02296978889,0.005131200951,0.011851967,0.01942208358,,,,,,,,,,,0.006273912744,0.00595689811,0.006792722756,0.006551028702,-0.009613300658,0.005505930552,9.874723838e-05,0.001059439923,0.01427899867,0.01430712499,0.0273044492,0.03218529065,,0.03215848285
1981-09-30,0.02649728733,,,,,,-0.02497086384,0.0155522597,0.00648447013,0.005052521054,0.008047061244,-0.01391036524,-0.01079387527,0.007312309344,0.01010857142,-0.01171214328,-0.008771946969,-0.01548156661,-0.0008679898661,-0.01857032208,,,,,,,,,,,,0.01011859652,0.002142325925,0.01784341672,0.01797261328,-0.01004034642,-0.008131913565,-0.002452150404,,,,,0.0006185124031,-0.01168924738,0.006131597388,,0.01082682961,0.03045401646,0.005548419252,0.002406752907,0.006340540631,,,-0.001275085417,,,,,,0.01365456387,0.01249400665,-0.00194036763,0.007897834626,,0.001586618484,0.003736265114,-0.01583670408,0.005082296304,-0.0203308413,-0.000305581219,0.01453007471,,0.01338568958,,,0.01169665219,0.003246674252,0.005460750206,0.00618674646,0.02341177419,0.01823710669,0.01479616567,0.01436291697,0.01965163647,,,,,,,,,,,0.00155359192,0.01494990629,0.0223568591,0.01337038519,-0.01427415755,-0.01561039584,0.006011390676,0.005371014688,0.005053122205,0.004163860703,0.002778769393,0.006979248562,,-0.0004181629972
1981-10-31,0.004981873689,,,,,,0.01852194667,0.01498892151,0.03131027676,0.0257548081,0.0004642504667,0.004648803387,0.01228025385,0.02260971745,-0.01593354344,0.008583679902,0.0290228155,-0.01939723381,-0.01735848614,-0.02390594914,,,,,,,,,,,,-0.02723477078,0.01710392886,0.0001547857055,-0.0002100302705,0.01712362947,0.04237548347,-0.003120079326,,,,,0.007852951437,0.02273074282,0.01899830598,,0.004709662178,0.02738195415,0.01309972705,0.009858532409,-0.01449015024,,,-0.03173333119,,,,,,-0.02413938024,0.004693272816,0.01381788126,0.0004316378385,,-0.001146124052,0.01578544611,-0.0151566095,-0.03033200226,-0.03777895974,-0.001837360885,0.003126651155,,-0.02431182569,,,-0.01038207601,-0.01433590879,-0.0005314813129,-0.002315646861,-0.009828689056,0.01760412204,0.006629639408,-0.0006216472468,-0.0251627779,,,,,,,,,,,-0.0132570667,-0.01328691233,-0.001037221029,-0.008976937184,-0.009643871469,0.04055992261,-0.01397436921,-0.009384597963,0.03191240506,0.03250960278,-0.01995269097,-0.02277920906,,0.01085043371
1981-11-30,-0.0314305532,,,,,,0.05173194051,-0.03914966945,0.005300066242,0.004898364515,-0.05678214286,0.04897892587,0.0603165252,-0.02027649075,-0.05594003792,0.05241888415,0.04395174796,0.04056625221,-0.02137233991,0.03438858249,,,,,,,,,,,,-0.05690954881,0.003145829353,-0.02897596512,-0.02895496673,0.05092047839,0.04210024511,0.009196621302,,,,,0.02760307807,0.04838313897,0.02029122923,,-0.02916911642,-0.03328547393,0.002685204521,0.02807630972,-0.03414160851,,,-0.06750649984,,,,,,-0.07894287871,-0.04760248112,-0.07384646521,-0.05327205166,,0.005070374622,0.01319508476,0.002276668376,-0.0004298566539,0.006692117927,-0.007758050638,-0.01607461498,,-0.07414672534,,,-0.01103202856,0.02715628849,0.03541706186,-0.0206824821,-0.04498277156,0.003698222237,-0.0714168161,-0.05442394488,-0.04995355934,,,,,,,,,,,0.02081014537,-0.003867648848,-0.007040831834,-0.01338242311,0.03626532406,0.02145587842,0.03432908234,0.02718823107,0.01853774758,0.02113842658,-0.06727988365,-0.07021277214,,0.02954118372
1981-12-31,0.008673910662,,,,,,-0.05695901002,0.01848628793,-0.009688851152,-0.03086674703,0.04253971626,-0.0145499263,-0.05521848014,0.01394481595,0.05979490283,-0.04501077712,-0.03219205696,-0.03083111123,0.0247194491,-0.0347107757,,,,,,,,,,,,0.02415026891,0.01251782225,0.04528104417,0.04392756052,-0.06331335003,-0.02091462761,-0.01887870849,,,,,-0.04434171598,-0.05459038773,-0.006585420203,,-0.01813605244,0.02601817499,-0.0487752121,0.04940125621,0.0290920623,,,-0.02056343124,,,,,,0.05940547322,0.03627583146,0.00668307776,0.03630548935,,0.01673276905,0.00977029548,0.007655887416,-0.001412648599,-0.02722780984,-0.01120586418,0.003003579882,,0.05583996843,,,0.02092618202,-0.01037569736,-0.01575988611,-0.03523271378,0.02897338796,0.032741602,-0.02770068971,0.03004841859,0.02542439852,,,,,,,,,,,-0.05664963421,-0.01630498899,-0.03762189323,-0.01240384806,-0.02360309845,-0.02873190206,0.003909871823,0.01475926686,0.0278794803,0.02630284466,0.05891511686,0.05922259702,,0.04625179257
1982-01-31,0.02566888238,,,,,,-0.007352011677,0.000788759819,0.01015412228,0.0005285674589,0.003232829933,0.007448220314,0.01061680948,0.005128390837,0.0006953518742,0.003737509635,0.002540738789,6.591373561e-05,-0.009319444704,0.004661136422,,,,,,,,,,,,0.006164102024,0.01010850971,0.0001299999331,-0.0009340057185,0.001285469724,-0.001292437114,-0.008502729553,,,,,0.001451199044,0.002160946425,-0.0008328957521,,0.00518979515,0.0293289828,0.01026917346,0.005967992172,0.003519569308,,,-0.002174947671,,,,,,-0.003972363891,0.006808315888,-0.0004616123257,0.007791101945,,-0.01267826264,-0.009111917648,-0.01728145006,0.01539408174,-0.002129549674,0.007314796963,-0.004735521698,,-0.008396538904,,,0.002625881554,-0.00251736449,-0.009144091969,0.01737508039,0.003650644653,-0.001210772025,-0.00430779504,0.006402684982,0.003701449213,,,,,,,,,,,-0.0007525426778,-0.004200348234,-0.002937397468,-0.004255594106,-0.01344017349,-0.00284462473,0.007362339176,0.005407251299,0.01293057548,0.01249873683,-0.003334662873,-0.004842231115,,0.005205230046
1982-02-28,-0.01056440953,,,,,,-0.005871442578,0.0108764357,0.003209728949,0.003607320364,0.002891279805,-0.000696173184,-0.001488268103,0.001132536871,0.001563715878,-0.002250236557,-0.007998960907,-0.009023168033,-0.002224919217,-0.01376759981,,,,,,,,,,,,0.001439310129,0.007369829333,-0.002308428557,-0.002352078088,-0.0008960634653,0.003671620569,-0.00107025707,,,,,0.0003404815046,0.0002136803486,0.01597142386,,0.004803246058,-0.004910589004,0.002885703307,0.002511252771,0.002695718752,,,0.003680128506,,,,,,-0.008192517797,0.001918586748,-0.001637545996,0.01055393693,,0.002343598851,0.0006720732348,-0.0005978010422,0.004998870447,-0.005520818868,0.007716927542,0.002650619249,,-0.005679752585,,,0.008546273378,0.00505105414,0.005626829339,-0.0001811135146,0.008757610497,-0.005570293045,-0.001425923948,0.01626094801,0.01527775573,,,,,,,,,,,-0.001281778152,0.01366224214,0.001408548917,0.009812465416,0.005898767005,0.004313995291,0.000199715565,0.004399917967,0.009678396588,0.009021828333,-0.007940880077,-0.005221459799,,0.001587499048
1982-03-31,0.00902579707,,,,,,0.01321526138,-0.00276565402,0.01131348117,0.01123307049,-0.007360748887,0.01450932666,0.01086608793,-0.003757497241,-0.00835862193,0.01092001507,0.01590699296,0.004903492858,-0.009585771894,0.01007262038,,,,,,,,,,,,-0.01012597441,0.008706865104,-0.0198355997,-0.01962671866,0.01285776095,0.01260966453,0.001881763131,,,,,0.009629134269,0.01245285852,0.01078556694,,0.004790100277,-0.006155888208,-0.002792265849,-0.01586335645,-0.02744580455,,,0.001426062252,,,,,,-0.01621075567,-0.0020374617,-0.009926926958,-0.007766650613,,-0.01594265386,-0.01698949195,-0.02049569438,0.001907543383,0.007477153443,-0.003567431212,0.004324435835,,-0.0111165546,,,0.002702129172,-0.002614336247,-0.004235843448,0.01104261239,0.002190648863,-0.005891861928,-0.01043996463,0.005775132856,-0.0009065602851,,,,,,,,,,,-0.009310867955,0.00720545657,0.006976682515,0.01713723681,0.00157428144,-0.01926152197,0.0004414078829,-0.008321181247,-0.009394933967,-0.01406116565,-0.01148202484,-0.01312128481,,-0.0180913903
1982-04-30,0.01469200514,,,,,,0.00927978339,0.01389666391,0.002778766846,0.01247859795,-0.005293025168,-0.005569590014,0.01300860778,0.006222817391,-0.01538022204,0.01089512528,0.0007306629988,-0.0009846223717,-0.01160713156,0.002437640788,,,,,,,,,,,,0.007751180203,0.003761999246,0.007268437062,0.007427739747,0.006346353195,0.01192873605,0.001865255539,,,,,0.00448018776,0.005704374434,0.01094215795,,0.01059288019,0.008489972834,0.01792767166,-0.003973374334,-0.001030579926,,,0.01252878915,,,,,,-0.0125852557,0.01461257398,0.02223552847,0.02484338007,,0.01060334226,0.009971419156,-0.007389923009,0.001026679273,0.02078598648,0.02665296923,0.005225610475,,-0.01005681917,,,0.01563625915,0.01180548746,0.003043020166,0.0171613107,0.02026335405,-0.007197968213,0.02466313976,0.02582221518,0.01850039121,,,,,,,,,,,-0.003176821133,0.01512281616,0.01834805834,0.01084913781,-0.003182319806,0.008791039451,0.0112756152,0.01159732371,0.01154119216,0.01127607338,-0.01670712785,-0.01467631447,,-0.003973374334
1982-05-31,-0.006915682251,,,,,,0.00770460646,-0.007894145161,0.002011932556,-0.00458571945,0.00125637087,0.006533985762,0.006721918624,-0.0008131536232,0.000935312562,-0.008227650667,0.004365749908,0.00154020354,-0.003664447927,-0.007655707177,,,,,,,,,,,,-0.006342793587,-0.006354575147,-0.005241156066,-0.001481774731,0.004605985469,-0.005829082116,0.007592590997,,,,,0.006155510321,0.00264373125,0.001523928389,,-0.007686014355,0.006112482471,-0.006626694223,0.01770254682,0.01688906034,,,-0.007420141928,,,,,,0.002983434584,-0.008777285843,-0.006766251356,-0.005721975027,,0.003263169254,0.02241397534,0.004532879554,-0.0005569361461,0.003360233437,0.005568518347,-0.001531505813,,0.003210381063,,,0.001321176456,0.01027445625,0.00919216719,-0.01048528803,-0.003896177212,0.003465662438,-0.004206546244,-0.002541611819,-0.0009080139256,,,,,,,,,,,-0.003366093659,0.0005453642245,0.002244196556,0.0009498733783,-0.001458832039,0.0006255625175,0.005376246885,0.006304772316,0.01952824886,0.02156458752,0.004653535474,0.001599630235,,0.01772343165
1982-06-30,-0.02367955926,,,,,,-0.01978111937,0.005189384332,-0.01339899336,-0.01832109818,0.0145660868,-1.509473609e-05,-0.02808918473,0.002670214912,0.02060007044,-0.01259041743,-0.0121150448,-0.006487396706,0.01146849914,-0.0011452054,,,,,,,,,,,,0.01062275755,-0.001926033197,0.01065599108,0.01030634645,-0.01974747102,-0.01433687148,-0.001789996198,,,,,-0.01420992887,-0.02216102216,-0.0002075090387,,-0.004652830341,-0.007592161814,-0.01775304255,0.02906785506,0.02628237242,,,-0.01404021705,,,,,,0.01192262794,-0.004454150926,-0.01578292827,-0.001115659765,,-0.0007820068526,-0.0008742618886,-0.001104589846,-0.008365534602,-0.006390005226,-0.01493188301,0.00565116755,,0.01700094785,,,0.01258831102,0.0104791071,0.005807869414,-0.02724022222,0.004131310927,0.01394198764,-0.01204049731,-0.002711918715,-0.01396961245,,,,,,,,,,,0.003971177787,0.008592706128,0.0008932960839,0.00948713815,0.009180381495,0.004790688799,-0.001146929998,0.006298536522,0.003768631584,0.008704961959,0.01282582987,0.01520041655,,0.03140585048
1982-07-31,0.001899985109,,,,,,0.004845883816,0.003311761929,0.006664313639,0.007406530016,0.006092898387,-0.00874079167,0.005221510029,-0.0002642912868,-0.0141912863,0.004109581279,0.003330361629,-0.001465604148,-0.006694417781,0.007271709205,,,,,,,,,,,,-0.003291342808,0.004509386485,-0.003944793301,-0.005165567723,0.008576780842,0.004475827058,0.0007536571513,,,,,0.004735950998,0.009535651181,0.0113119386,,0.005607962348,0.003777707572,0.009428067251,-0.001352721263,0.001021789558,,,0.01630867964,,,,,,-0.01188993628,0.008584005453,0.01083613275,0.01333545871,,0.01085896653,0.006824647217,0.002952203506,0.004244518124,0.01529088807,0.02837465314,-0.006402688602,,-0.01424174027,,,0.003870838792,0.002769714039,0.001415381348,0.005084610459,0.009482577433,0.01077877498,0.009536426991,0.0176894861,0.01853670782,,,,,,,,,,,-0.002022145711,0.006583917025,0.005946886321,0.004706446842,0.008965878011,0.009511656817,-0.0007098875502,-0.0004809959915,0.006611533756,0.005033943556,-0.00831899126,-0.01137997716,,-0.002895365697
1982-08-31,0.0282046267,,,,,,0.001088538108,-6.701599093e-06,0.01463495013,0.0007639894698,0.005458668429,-0.01630402602,0.01328732969,0.00676831286,0.004145400876,0.01040488275,0.005227030195,0.001811338549,-0.01029473123,0.00211411992,,,,,,,,,,,,-0.005187773483,0.005454199785,-0.0001487054644,0.00139482676,-0.004555111156,0.006951780593,0.0004674342481,,,,,-9.314537524e-05,-0.002050629678,0.001197812207,,-0.006870226697,0.031834509,-0.0004218587331,0.01979904162,0.002294593956,,,-0.02427650966,,,,,,0.00920615591,-0.002087823175,-0.02029270203,-0.01142825202,,0.01303421772,0.01110680201,0.01358809922,-0.001294094941,-0.009418276705,-0.001603540131,-0.01743206211,,0.005234926899,,,0.007209675902,0.007881651335,0.003099548175,0.008695223962,-0.003364301425,0.006254685607,-0.02210512373,-0.00458743431,-0.006348441855,,,,,,,,,,,0.0121003664,0.001199078726,0.007701220149,0.005865193864,-0.01543484972,-0.004218374968,0.004581120952,0.006623552879,0.03387499011,0.03119638041,0.007751377101,0.004337802173,,0.02116146962
1982-09-30,-0.005605198449,,,,,,0.0281650171,-0.008515657493,-0.01004368262,-0.00880606363,-0.04419377354,0.01629455603,0.00972794413,-0.02500074487,-0.01990523133,0.01284444738,0.008981802976,0.01463088671,0.0004173131504,0.0214457134,,,,,,,,,,,,-0.04245410852,-0.01305456173,-0.02620051636,-0.02642739837,0.01250813297,-0.001122368761,0.03175504175,,,,,-0.005248671037,0.01167525798,-0.004082720966,,-0.005932598351,-0.01641445537,-0.002424336329,0.006698124968,0.004400559853,,,-0.002715677142,,,,,,-0.02008762621,-0.02120663664,-0.01670698856,-0.01511455659,,-0.0008514797717,0.001454142533,0.005181108326,0.01429325547,0.01080768982,0.01219284324,-0.01107339068,,-0.01822888073,,,0.001960526441,-0.004563918933,0.02628855398,-0.003814240978,0.02544753024,0.0254545704,-0.007476560252,0.006925000215,-0.02215273903,,,,,,,,,,,0.004980355302,0.01270368845,0.009686251406,0.003216199616,0.01014339603,-0.005254803972,0.02131027045,0.0176876078,0.01678874892,0.02189032192,-0.02373218707,-0.03111810214,,0.005428599164
1982-10-31,0.02446009975,,,,,,0.01548562083,0.01125081087,0.01758591279,0.008700983786,-0.003201396027,0.007395132457,0.01022436591,-0.001812991813,-0.0228135163,0.00434298906,0.004710467579,-0.003088362004,-0.01621196567,-0.009154703654,,,,,,,,,,,,-0.007510299375,0.01727198435,-0.007286716023,-0.009951649759,0.01696674092,-0.003020610733,-0.006858756582,,,,,0.02301864967,0.02153022102,0.009700580027,,0.008654658925,0.02724530842,0.005125871253,-0.01991974668,-0.02229590957,,,0.0008834665945,,,,,,-0.007724600972,0.01012385256,0.009651710287,0.01399009357,,-0.02047451927,0.001671322622,-0.001400468083,0.01395564895,-0.0225282701,0.00453836581,0.002430947014,,-0.01486983806,,,-0.0007691835404,0.01129689058,0.003111825742,0.01543388231,0.009736256065,0.01317473372,0.01282500593,0.003342877802,0.01598960872,,,,,,,,,,,0.006934508193,-0.003785836785,-0.002031021499,-0.00929857945,-0.01841494631,-0.01008377596,0.005299192489,-0.00744693201,0.008277881157,0.0006231322185,-0.01249304319,-0.009004640393,,-0.02100233674
1982-11-30,-0.02385537927,,,,,,-0.009661476387,-0.02235223421,-0.01539247537,-0.01696051172,0.02398825563,0.009840784925,-0.01457610058,0.0127989529,0.02717898659,-0.01908159374,-0.00721324368,0.002681777317,0.01172097402,-0.001815188955,,,,,,,,,,,,-0.003157855353,-0.01138606522,0.02825350097,0.027998464,-0.01831550986,-0.01004272734,0.0003330989453,,,,,-0.01401604035,-0.02426299215,-0.01320643349,,-0.0232112101,0.005786522536,-0.02010573675,0.03252123383,0.03061365508,,,-0.02423821642,,,,,,0.02856408724,-0.007946151326,-0.01780410575,0.007488491295,,-0.006388101049,0.00471282109,0.002549915458,-0.001743526247,-0.01405434568,-0.01658146292,-0.003735871823,,0.03128805727,,,-0.006485302029,-0.008260847417,-0.006729397389,-0.03479418307,-0.01373854986,-0.02298025681,-0.02316385018,0.00747253412,-0.01282852032,,,,,,,,,,,-0.02773241099,-0.01007031308,-0.01571345738,-0.006771550727,-0.001413591055,0.001344699296,-0.01545802428,0.01068397472,-0.008942609116,-0.002098008855,0.02747880535,0.02602573086,,0.04002674731
1982-12-31,0.005178269785,,,,,,-0.01166062908,0.001819900422,0.009829611834,-0.009441331372,0.002785824494,-3.414615145e-07,-0.00142452619,0.01099547284,0.001501698785,-0.009455884324,-0.009090635486,-0.005628785821,0.006244447249,0.001069439048,,,,,,,,,,,,0.01088532533,0.01366684353,-0.001618495896,-0.002550117557,-0.004880881868,-0.008614638794,-0.001877849236,,,,,-6.482587635e-05,-0.008138521566,0.002792964619,,-0.003446116314,0.003848374931,0.008357140851,0.001506179027,0.004116396996,,,-0.01099803551,,,,,,-0.005515967548,-0.01272665861,-0.008889099741,-0.009059329948,,0.01538477084,0.01201397019,0.006080534689,0.00835496859,-0.01973723803,0.003305421353,-0.0008713412977,,-0.00351258196,,,0.02486879032,0.02241617449,0.0116762476,0.003124852842,0.001626262925,0.01493029345,-0.001073629477,0.003402200314,-0.005203653658,,,,,,,,,,,-0.004190279678,0.02648001401,0.02185827354,0.02307486173,0.01305546189,0.008541173173,0.0002990357623,-0.0005852681238,0.01593225469,0.01446805637,-0.01018710432,-0.009051994886,,0.008750844683
1983-01-31,-0.01002639245,,,,,,-0.01258208204,-0.01648449192,-0.02421854164,-0.0251169222,0.01902986325,0.001355481299,-0.009011151245,0.009946903566,0.02169239157,-0.01385647034,-0.02011001429,0.003074254975,0.01822915825,0.0001511628539,,,,,,,,,,,,0.0101368611,-0.008435258172,0.02769284048,0.0281774519,-0.02053713541,-0.005281808751,-0.006358483911,,,,,-0.02535766905,-0.0233763673,-0.01942843519,,-0.01693217195,0.01712452644,-0.0108088982,0.04546125044,0.03813933363,,,-0.03029715638,,,,,,0.03066887495,-0.01751056016,-0.0154374432,-0.01869091183,,-0.008940448761,0.001943545476,-0.003426700004,-0.01711844743,0.01832904109,0.005144018755,-0.004682795763,,0.0293430112,,,-0.002020627469,0.004215627025,0.0001813687292,-0.01858024827,-0.0202606395,-0.02041055003,-0.0135271195,-0.01794552913,-0.01300978391,,,,,,,,,,,0.002559544661,-0.001782913662,0.003192412628,-0.001841025927,0.003927743203,0.01457363547,-0.0096930061,0.01447389887,0.02239284196,0.0309943427,0.02790007304,0.02711065305,,0.0442967177
1983-02-28,0.006667367402,,,,,,0.007475475115,0.00703771737,0.006915833007,0.01200924145,-0.00669965909,-0.009578115138,0.01021479916,0.003418141296,-0.007093293171,-0.002496074935,-0.003245615387,-0.00746099667,7.95428242e-05,-0.005405038076,,,,,,,,,,,,-0.005532662309,0.004466525173,-0.001620898188,-0.0004670142163,0.01109423676,0.009226278232,0.01041632816,,,,,-0.0005628637615,0.01183375259,0.001793778003,,0.0113113301,0.01006060862,-0.002749766835,0.004084664283,0.002764260961,,,0.0002344383327,,,,,,-0.0007171615974,0.007995660792,-0.004661982724,0.007445549078,,0.008081470348,-0.006389711419,-0.002168742643,0.006102870973,0.003020660664,0.002187830978,-0.00454032222,,-0.00252948466,,,-0.0011876711,-0.00310877723,-0.004374939536,-7.854094037e-06,0.003428991232,-0.00371425367,-0.003744706719,0.008400769359,0.001643845376,,,,,,,,,,,-0.004592348864,-0.001342270559,0.0007265459746,-0.0007096880426,-0.009797015916,-0.004234781791,0.01059420182,0.009603891904,0.006420812834,0.001670863576,-0.003649074509,-0.002142212042,,0.006734326465
1983-03-31,0.01230039692,,,,,,0.001922377128,0.01106906927,-0.01166695991,-0.01047587829,0.01557121832,-0.006793501521,-0.00150713466,0.005948371434,0.009619579243,-0.006369566958,-0.002068971077,0.0115905084,0.01245032418,0.0154999413,,,,,,,,,,,,0.006924946668,-0.01039455934,0.02016862746,0.02137108385,-0.009873237413,0.003549423275,-0.01208778285,,,,,-0.01293376656,-0.01020102966,0.0001647163143,,-0.003549473989,0.01925382575,0.00379357209,0.02447634562,0.01809569818,,,-0.01417856592,,,,,,0.01137678168,0.0008404369482,0.008088281473,0.01247483313,,0.009954882243,0.005780617713,0.007444452588,-0.005587303636,0.0262009464,0.01931265512,-0.01396932845,,0.004440288436,,,-0.001146194708,0.004306348274,0.003330089702,-0.0007704518946,-0.003808535741,-0.006085668257,0.01583046019,0.01702841317,0.01154392022,,,,,,,,,,,-0.008338701909,0.007223145262,0.01608276836,0.01011424978,-0.006624514576,0.005783531272,-0.01260452981,0.01458147799,0.01965812423,0.02441290283,0.01630515585,0.01119414085,,0.01688137246
1983-04-30,0.02675971654,,,,,,0.01035714922,-0.00831335538,0.01656033885,0.01222079675,-0.01316600444,-0.002884298514,0.01050030928,0.008490299155,-0.02156207859,0.01139754971,0.01037465597,0.01563089422,-0.003611809294,0.009899802412,,,,,,,,,,,,-0.007560291715,0.01384851837,-0.01012996215,-0.009309529731,0.01834536879,-0.0007838339131,0.01510371684,,,,,0.02016433942,0.02288589994,0.009629237584,,0.01249911194,0.02555766284,0.007381147718,-0.01132192093,-0.01637643579,,,-0.0008399121399,,,,,,-0.0127219356,0.001646552398,0.003590134356,-0.004133086457,,-0.01081775831,-0.0008928764416,-0.004501913991,-0.009366415162,0.003136391737,-0.01129802223,0.0007827624646,,-0.0121506119,,,-0.008588938912,-0.004711894165,-0.003845161091,0.01211216093,-3.9379744e-05,-0.003315342079,0.002544207512,-0.005920968543,-0.001224106008,,,,,,,,,,,-0.002153459346,-0.007130917343,-0.01052645727,-0.01152501208,-0.009218662837,-0.0007756526429,0.01057630884,0.003948662041,0.003092888552,-0.0001581456512,-0.01458224376,-0.01095746835,,-0.01598733922
1983-05-31,-0.01975774605,,,,,,0.01003884981,-0.01673746597,-0.01543954051,-0.01241199729,-0.004173879528,0.01619015222,-0.002021092693,-0.009276937203,0.0004940650727,0.01046120405,0.01988386429,0.01833917784,0.003527505818,-0.003149496304,,,,,,,,,,,,0.0258366113,-0.02773728321,-0.005606400194,-0.005754729422,0.009443023686,-0.01149779021,-0.01536581353,,,,,-0.00247294807,-0.0112916509,0.01475288475,,-0.02731977908,-0.0002428738658,-0.004805031921,0.03443889262,0.0268071482,,,-0.01714272389,,,,,,0.002781923022,-0.01014688869,0.01226364394,-0.006977677717,,-0.001490911624,0.000815742758,0.01146132194,-0.002616129185,0.008330148279,0.008122270657,-0.01799886191,,-0.01404107194,,,-0.007132873616,0.01041036316,0.01608847102,-0.0228232371,-0.008891414961,0.004809087116,0.007385914994,-0.01051612945,-0.007137397872,,,,,,,,,,,-0.01356729776,-0.00948364464,-0.008547241581,-0.009515298322,0.004259664702,0.006327499738,0.01136758231,0.02107560073,0.02481510796,0.02556705647,0.004581741745,-0.003457759446,,0.03585193221
1983-06-30,-0.004793137817,,,,,,0.002386801387,-0.00130795648,0.002312354273,0.00162728178,-0.002417995403,0.001041387605,0.001354418655,-0.002207313938,0.001245285994,0.006105720923,0.005246417748,-0.002858328467,-0.00181789111,-0.00129314181,,,,,,,,,,,,0.00541883231,-0.006201028577,-0.003752072396,-0.004387981124,-0.0009879392912,-0.003578897064,-0.005501856252,,,,,-0.0008501148536,0.0005471211483,0.006023520514,,-0.004189578305,-0.005868309062,-0.009505426671,0.009334491895,0.003635907195,,,-0.009003223271,,,,,,0.001713384023,-0.007852412232,-0.006180549058,-0.005351436464,,0.0127479896,0.01384691999,-0.001322094403,0.001410785008,0.0006730959301,-0.002940058246,-0.0004074610391,,0.001955012386,,,0.004656832151,0.005236092858,0.006442072003,-0.008775320316,-0.003539507568,-0.0001502773919,-0.003414519246,-0.004575720886,-0.002513088438,,,,,,,,,,,0.004180076589,0.007263576058,0.003756416825,0.005467109844,0.001938211097,-0.006734305488,0.006894935036,0.006277760447,0.00510481377,0.00324674142,-0.00402989863,-0.00054061903,,0.003353606211
1983-07-31,-0.01283789791,,,,,,-0.00718750088,-0.01752637788,-0.02147066705,-0.00254953591,0.02015768275,0.02316874165,-0.01845710277,-0.0004544314201,0.04389709222,0.006334742068,0.0138745519,0.01189022182,-0.01660504468,0.01087378322,,,,,,,,,,,,0.005428275328,-0.02478953078,0.02173448352,0.02169630036,-0.03117576012,-0.000299433082,-0.02026487657,,,,,-0.03940437805,-0.04486411859,0.03090034431,,-0.02493745715,0.02570872373,-0.02496446821,0.06337892836,0.05359185028,,,-0.03479312383,,,,,,0.05214835071,-0.03177836902,-0.02408644217,-0.01914991908,,-0.006503042627,0.01187829698,-0.0004177032524,0.01435542551,0.02882942335,0.01514020076,-0.02551180307,,0.04420468358,,,-0.03282449132,-0.02387642551,-0.01835046925,-0.03538353481,-0.03023702785,-0.01691938463,-0.02125399474,0.0004841947715,-0.008609958723,,,,,,,,,,,-0.003308759285,-0.004989773221,-0.002212526231,-0.001993459342,-0.02022450957,-0.004794717139,0.009416891009,0.03978929021,0.02395476727,0.03261295109,0.04316258066,0.05192643675,,0.0606329609
1983-08-31,-0.005222684787,,,,,,-0.004642166087,-0.003077185706,-0.008928808306,-0.008929907089,0.01147865995,0.007534561377,-0.006858799844,-0.0004872626763,0.0100849745,0.008112248586,0.007678640093,0.00739612543,-0.01379605658,0.007715812094,,,,,,,,,,,,0.00431218191,-0.005528821998,0.005793987542,0.006149128728,-0.01049215906,-0.0012427992,-0.002690115289,,,,,-0.009903627569,-0.01077862561,0.01022285579,,-0.01134250753,0.004593480535,-7.039321316e-06,0.0248293339,0.01638004324,,,-0.007804967906,,,,,,0.001692969665,-0.005961368288,-0.00183217841,-0.005405658095,,0.004050870239,-0.0009885627741,0.004357139327,0.003727208664,-0.006520478492,0.003717918321,-0.005910747267,,0.002317339227,,,0.00363496902,0.007240737308,0.009055645228,-0.005329091161,0.002123596235,-0.005707049403,0.0003826856659,0.002994914319,0.01180191036,,,,,,,,,,,-0.002037815824,0.01097943221,0.00999164647,0.01318129977,0.002504857325,0.01000385698,0.002300847473,0.0163967978,0.01400885476,0.02035639632,0.003122076066,0.003065165748,,0.02592105341
1983-09-30,0.0105366204,,,,,,0.007173188846,0.006413874871,0.007586806024,0.02234150481,-0.02285283559,0.002534390582,0.02448743254,-0.01564801392,-0.03652046459,-0.005657255528,0.01493975582,-0.007120359786,0.01941826863,-0.0143842473,,,,,,,,,,,,0.004751365356,0.01230529972,-0.02275497254,-0.02176365083,0.02336911853,-0.008639546194,0.02034669886,,,,,0.02866639542,0.02567912569,0.01906014796,,0.006332011699,0.01291573793,-0.004678923864,-0.001458131645,-0.01880288441,,,-0.02269692741,,,,,,-0.02229590809,-0.01415103261,-0.02699912788,-0.01631061725,,0.003907609979,0.0008172185206,0.01589554175,-0.02171880753,-0.02585554465,-0.02266368175,-0.004590207139,,-0.02010425567,,,0.01528662043,0.004150532187,0.009420100994,0.001337359701,-0.01382782372,-0.002660331839,-0.02646329315,-0.01533881613,-0.01909608901,,,,,,,,,,,-0.01190434185,-0.01810375104,-0.009226737381,-0.02054471423,0.002864612807,-0.005448705949,0.005232361968,0.0006336140757,-0.0004178182768,-0.004222340033,-0.02804721195,-0.02170865458,,-0.006129325226
1983-10-31,-0.009750923437,,,,,,-0.01172069096,-0.01126188952,-0.01061541819,-0.01940130941,0.02813945815,0.01157833813,-0.02874931025,0.0005988498994,0.03630451158,0.009299260736,0.000589237616,0.01901380031,-0.0144239615,0.01811578471,,,,,,,,,,,,0.009819175815,-0.02025850349,0.0205619548,0.02069577145,-0.03088244895,-0.008873336308,-0.02392202003,,,,,-0.03177445656,-0.03458782486,7.952935296e-05,,-0.02057959234,0.001202789197,-0.009641901019,0.04147367602,0.03719869057,,,0.0006482283864,,,,,,0.0262338747,0.01857919889,0.02416754549,0.01304611497,,0.0007687233509,0.0006048967732,-0.0003676559989,0.01767794434,0.01462992441,0.01624907322,-0.00872332268,,0.02859642833,,,-0.01369138794,0.006033599539,0.000569730146,-0.01924599656,0.0221046007,0.01294572192,0.02048176803,0.009851537898,0.01939716969,,,,,,,,,,,-0.02981676593,0.01204603439,0.006027285032,0.007332847027,-0.003947860739,0.002184541361,0.00856512361,0.02766439188,0.02942500472,0.03586931251,0.02276736457,0.02910870647,,0.04134902574
1983-11-30,-0.001319170875,,,,,,-0.01033822098,0.01371564385,-0.002672111297,-0.01032990451,0.01774995343,0.01937166681,-0.01474956004,-0.01094631042,0.02113597308,0.01375319777,-0.0120299998,0.01993492674,-0.01260139628,0.01782087194,,,,,,,,,,,,-0.01121269098,-0.01151692116,0.003945333303,0.003215873176,-0.01834412569,0.005993759037,-0.01283276876,,,,,-0.01714527163,-0.02174790649,-0.009014412641,,0.003838994466,0.01025936823,-0.02250891781,0.02398814728,0.02546197121,,,-0.001962808553,,,,,,0.02242984954,0.01121669391,0.01687274061,0.01934009413,,-0.01087056165,-0.01502218894,-0.009972453166,0.01830495275,0.01016571766,0.01499738351,-0.01838011366,,0.02307462192,,,-0.008172600725,-0.01601955146,-0.01017233025,-0.02839287967,0.01785966947,0.01312812265,0.01921728478,0.009608158413,0.008237405507,,,,,,,,,,,0.006920714223,-0.002546152952,-0.002554617112,-0.00482333446,-0.003433447168,-0.008357875244,0.01727187062,0.01673906395,0.02757973187,0.02256989981,0.0152868538,0.0241115181,,0.02234784439
1983-12-31,-0.00505645241,,,,,,0.002736385856,-0.003004343607,0.0003037722526,-0.004542156066,0.004884685263,0.0006688887874,-0.003733046929,-0.001016965733,0.0123487694,-0.003248955791,-0.005889425589,-0.0046951042,-0.01191918667,-0.003983211166,,,,,,,,,,,,-0.003788798648,-0.01146983445,0.001547006127,0.001156859226,-0.005579400435,0.002487221991,-0.007603587017,,,,,-0.01077440609,-0.007524422006,-0.01106062361,,-0.0001164932263,-0.005481528504,-0.01321526519,0.01515618853,0.01172353724,,,0.01347105771,,,,,,0.01047989105,0.002553326284,-0.002924372497,0.01000496264,,0.008823247303,0.005449573945,0.0008446686477,0.009831578162,0.006867637075,0.004323502381,-0.0003606406832,,0.01187861544,,,0.001878750862,-0.006551514618,-0.0018820568,-0.01726622931,0.006993041238,-0.002805213137,0.0002641771411,0.00997321506,0.01054554946,,,,,,,,,,,0.00152466025,0.006930432933,0.003958007471,0.00529661153,-0.0005538523018,-0.01099894595,0.006030232813,0.008348701355,0.007108213898,0.008853382294,0.01121463341,0.01071419659,,0.01256745814
1984-01-31,0.04591924797,,,,,,0.008438671122,0.03347615428,0.0155072154,0.05086446475,-0.03136842999,-0.02164407944,0.03712424298,-0.02025982614,-0.05664857278,0.007536168522,0.02050697803,-0.002330316218,0.03765979701,0.004053747569,,,,,,,,,,,,0.00630339035,0.02438783409,-0.0407547835,-0.03927359609,0.04780801351,-0.01541872375,0.03183242333,,,,,0.05472962453,0.06196348493,0.04467707413,,0.008793939317,0.03523209679,-0.009113009949,-0.0181102013,-0.0443232892,,,-0.06267315882,,,,,,-0.0302849364,-0.03094530594,-0.05716155785,-0.05573685014,,-0.002375896182,0.01058037159,0.0003966339038,-0.02019644703,-0.006074258972,-0.02061160674,0.01727756034,,-0.01927254383,,,0.02240234672,0.03365355929,0.02545774504,0.004767808394,-0.03079979194,-0.0135652167,-0.05024699671,-0.04363100525,-0.04183440507,,,,,,,,,,,-0.06233572028,-0.02664881341,0.01233938713,0.007483311611,-0.02018177974,-0.01986514829,0.02161106476,0.02565069233,0.02573935458,0.02519761587,-0.01812289194,-0.02311060523,,-0.02365107667
1984-02-29,0.002134370714,,,,,,0.01067571929,0.001624352705,-0.01909552133,-0.01033848545,0.001279512607,0.03429697157,-0.009211010323,-0.03122040838,0.006316251324,-0.009082574659,0.01084321127,0.0003871719841,0.01308195343,-0.007947764996,,,,,,,,,,,,0.03027563488,-0.03469066044,-0.008089259576,-0.003408510894,0.00633054075,-0.02240205306,-0.02423790504,,,,,-0.009583900131,-0.03220469204,0.03395945128,,-0.03876007322,0.03046268237,-0.04591971189,0.05645919041,0.04345164117,,,-0.02384999973,,,,,,0.04243014633,-0.01894405797,0.02380432179,-0.01105015551,,0.001075437978,0.002099800718,0.004087447817,0.00962015927,0.003187570246,0.004847564673,-0.04698692812,,0.0452984051,,,-0.01418970391,-0.01912003366,-0.02682152936,-0.05009552518,-0.01345372963,-0.01168444514,0.02071485878,-0.0115410011,-0.008951819012,,,,,,,,,,,-0.04617898173,-0.02450560665,-0.026196783,-0.02952144803,-0.01365838746,-0.004170180153,0.00498540012,0.008728038882,0.05185015631,0.05537110851,0.03182502597,0.04064899904,,0.05591458467
1984-03-31,-0.009934255028,,,,,,-0.01060995263,0.004492816571,-0.001949796317,-0.01313867778,0.01829745056,0.004425861257,-0.03464213522,-0.001024261385,0.03248813566,-0.0324974204,-0.03474840676,-0.0216842765,-0.02645005446,0.001280261899,,,,,,,,,,,,0.01351624235,-0.02360179408,0.02002595061,0.01633181474,-0.0315088443,0.001407576952,-0.01101191683,,,,,-0.02351603205,-0.02996867763,0.009179982859,,-0.02901303794,-0.0008867176658,-0.009440483662,0.03475953261,0.03122306194,,,0.009776004954,,,,,,0.01978943022,0.004958261141,-0.01602927445,0.003901793779,,0.01891676403,0.02677630222,0.01786392521,0.03161929996,-0.002257529286,0.0008108856841,-0.01545237904,,-0.004754224266,,,0.01743597145,-0.002019037904,0.003053635879,-0.01971919409,0.006391394507,0.0199135118,-0.006283158776,0.003938848719,0.009347647929,,,,,,,,,,,-0.01644593094,0.003771484719,0.004533620015,-0.0001924288014,0.006363686868,-0.00139912711,0.007650740189,0.01155157225,0.01953304757,0.01667208744,0.01614530238,0.02070327177,,0.03361568539
1984-04-30,-0.003387301752,,,,,,-0.014566926,0.01624732304,-0.02624892454,-0.004312338684,0.01373406712,0.01961107583,-0.02696404245,-0.0104908539,0.03163927053,-0.01132853872,-0.003453744407,-0.001135772272,-0.01398092444,0.0004326844896,,,,,,,,,,,,0.02021435785,-0.02279980335,0.001569907347,-0.0005769473394,-0.02033212897,-0.0215040659,-0.01613588201,,,,,-0.02102139847,-0.03216887299,0.009846053817,,-0.01796449704,0.01243066367,0.0003413795851,0.0312602626,0.01968932378,,,-0.01083839033,,,,,,0.024513275,0.0009531414881,-0.007085422796,0.002602692217,,-0.004742388359,-0.03607952067,-0.01601175877,0.003923531929,0.01381243979,0.01062745644,-0.01782707006,,0.0107686266,,,0.005693842433,-0.006197714958,-0.004123047509,-0.0004382951265,-0.002945293667,0.01655640946,-0.004052766473,0.002222879235,-0.002595811426,,,,,,,,,,,-0.01896962167,-0.00264640476,-0.00156564953,-0.005753156793,-0.006292165087,0.01301911086,0.001163750379,0.004953813602,0.02086041061,0.01994177068,0.02360154795,0.02071129535,,0.03170919458
1984-05-31,-0.0082423832,,,,,,-0.01060691513,-0.006944016344,-0.01719830133,-0.02375620931,0.02816945713,0.02096847563,-0.01874355913,-0.007731678268,0.01340768784,0.01191722082,-0.0008676457832,0.01613085499,0.002272883199,0.008691102651,,,,,,,,,,,,0.007660068153,-0.01600928792,0.01151999116,0.009217425906,-0.01675442137,-0.01306597864,-0.01254741774,,,,,-0.014017749,-0.02033854711,-0.006590028936,,-0.0069532316,-0.003383688985,0.01114970165,0.02581113718,0.02121723086,,,-0.003107856691,,,,,,0.00656617886,0.02110810718,0.01917820053,0.01415847525,,0.009549857702,0.002033565145,0.01498908835,0.01098222764,0.002559702078,0.006010244703,-0.0006299699219,,0.00411582305,,,0.007402306485,0.002280290364,0.005255883807,0.003958183948,0.01798260732,0.01092867377,0.02264184155,0.016477943,0.01756408811,,,,,,,,,,,-0.00298570479,0.01554080793,0.01555867789,0.01489495798,0.004437861261,0.02194406082,0.01097676675,0.01901144079,0.009421835388,0.01955979949,0.00514149832,0.006554193562,,0.02569838436
1984-06-30,0.02577142928,,,,,,0.004183498826,0.007881426289,0.02237026231,0.03735339023,-0.03612689454,-0.0169590483,0.02202639434,0.005681805403,-0.03680798589,-0.01273612276,-0.001757651912,-0.005857878242,0.00350262602,-0.0006424777063,,,,,,,,,,,,-0.02556316743,0.03289533488,-0.0239768408,-0.02104464189,0.0260419945,0.01038133418,0.02076929405,,,,,0.03410854555,0.03196289747,0.0269672704,,-0.01023572462,0.02034352042,-0.02538629412,0.02607456366,-0.01271234713,,,-0.04020818737,,,,,,-0.003088075772,-0.01295877398,-0.03376955656,-0.001692379712,,-0.001830306348,0.008928259491,0.01175786776,-0.001350351974,-0.01057265953,-0.003779335438,-0.002918008269,,-0.003441744677,,,-0.01172352703,-0.01818664261,-0.01722207343,-0.02718617238,-0.02582325385,-0.02097958167,-0.02886250412,-0.008573461485,-0.02033547467,,,,,,,,,,,-0.06040547404,-0.02706169047,-0.01383924664,-0.02540112483,0.0006845614512,-0.0143342487,0.05180570279,0.03787365641,0.05643162832,0.04624777258,0.004744559981,-0.007122313704,,0.0266682026
1984-07-31,0.03500833584,,,,,,0.001929891937,0.01818963525,0.01250233717,0.02251824542,0.004935628677,0.008437274092,0.005919967084,-0.001357052995,-0.009870149426,0.006263760843,0.009691370218,-0.002766519528,0.006414769388,-0.001612207405,,,,,,,,,,,,0.0052659534,-0.003488790129,-0.001939167641,0.001624998465,0.01886274286,0.006666565099,0.01045487942,,,,,0.01150674302,0.007766207412,0.03905702723,,-0.02501806115,0.01327746623,-0.003561628752,0.004642042564,-0.03794188079,,,-0.01290156532,,,,,,-0.02878596293,0.0003023341484,0.009656658474,0.01495023873,,0.0007946407124,-0.006732244888,0.001098804211,-0.01637609264,0.01687412119,-0.02135185094,-0.01117212754,,-0.03755581224,,,0.009627720848,0.0164246936,0.02849437236,0.002822049771,0.004264034738,-0.009891144227,0.008242593014,0.01826213824,0.01572428225,,,,,,,,,,,-0.0239638469,-0.007913888783,0.002387891392,-0.0001376710581,-0.003288586865,-0.005119082675,0.0003412917715,-0.0008791143652,-0.0002786982545,-0.001478474939,-0.03902100403,-0.0272119196,,0.003954956801
1984-08-31,-0.02537270267,,,,,,0.001396708331,0.001169706615,0.001706293527,-0.008015608054,0.009188372594,0.01390979302,-0.002622209504,0.008741813335,0.004470360343,-0.01324746567,-0.0264954877,-0.01735465229,-0.03242993011,-0.01629337458,,,,,,,,,,,,-0.03564008116,0.00345732572,0.008170856296,0.009486649556,-0.0055306839,0.01489841348,0.01373388921,,,,,-0.01088031059,0.007052051496,0.009474650657,,0.008304821356,-0.00981965737,-0.01051227856,0.00496463872,0.002255026258,,,-0.03493137395,,,,,,-0.01080577869,0.0104569572,-0.01120126595,-0.01587949088,,0.01193293978,0.003421228462,-0.01108027959,0.008926671363,-0.009052611638,-0.01722990981,-0.01072658734,,-0.01448827123,,,-0.004181143382,0.003990092014,-0.006704702256,-0.01316422304,-0.00507336529,0.01123190759,-0.01513045172,-0.02367147981,-0.01222654907,,,,,,,,,,,-0.02817950343,-0.03102184844,-0.01604847396,-0.0249122883,0.004932993322,-0.00855902146,0.02480734645,0.02148985513,0.01507812954,0.01480146337,-0.01083859923,-0.003844112384,,0.006464374881
1984-09-30,0.02970271287,,,,,,0.01372899869,0.03211349199,-0.01506286609,0.01396447064,0.01321031397,-0.008921219523,-0.008717946394,0.02000655296,-0.005988390526,-0.02703853739,-0.002858785476,-0.01103858492,-0.0225960105,0.00101991852,,,,,,,,,,,,0.01687727527,-0.00662197256,0.001549957456,-0.01064881868,0.008177423183,-0.03879397047,-0.03240967955,,,,,0.02442516094,0.0001436300677,0.0557505405,,0.007522157632,0.04211072463,-0.004377146197,0.0440188823,0.01279819272,,,-0.04562988448,,,,,,0.009937458361,0.00446948128,0.006137586643,0.02337854549,,-0.02685645031,0.003303101944,0.0004033503029,0.0001221489157,-0.003790775323,0.02434232877,-0.04079509278,,-0.002793363516,,,0.006206668993,0.001669948098,0.02385073993,-0.01066902657,-0.003994301215,-0.02237255899,0.0152139907,0.01791669933,0.00958557507,,,,,,,,,,,-0.06154433732,-0.02855522497,-0.007317850717,-0.0243069885,-0.00347548888,0.02918751207,-0.005232245007,-0.004147232433,0.06044562001,0.0607421477,0.006078203511,0.009703419181,,0.04416132817
1984-10-31,0.01373077656,,,,,,0.01126246314,0.0014723644,0.007359303287,0.01658368376,-0.02077477596,-0.01146567903,0.02011038954,0.0009090271893,-0.03862006227,0.004668719563,0.01970758839,0.0218193121,0.01603667694,0.01206516885,,,,,,,,,,,,0.01330363676,0.01697851342,-0.02530347298,-0.02607607022,0.02310318095,-0.009130614968,0.00211921838,,,,,0.03396439219,0.03417421033,0.01444409915,,-0.0005489534347,0.01549505499,0.01624145544,-0.00332955066,-0.01833432436,,,9.809837099e-05,,,,,,-0.02608772103,-0.003005690963,-0.005996468917,0.002882927383,,-0.003457883005,0.003185344134,0.001726059228,0.01048491229,-0.0008112401916,0.0241159973,-0.002379326826,,-0.01980596611,,,-0.01249221788,-0.01115307655,-0.00628027086,0.01803562142,-0.001926822798,0.0007703551067,0.001441836622,0.009908142912,0.01491699715,,,,,,,,,,,0.002220610357,0.005913498093,0.02014351954,0.007122690204,-0.002841580927,0.005245354595,-0.005265271545,-0.006253010411,0.005934146656,0.0064157273,-0.02807730181,-0.02644614961,,-0.005297113353
1984-11-30,-0.004031400246,,,,,,0.003268696475,0.01480251442,-0.0001824635237,0.0153086743,-0.003751207053,0.002995370971,0.007501456709,-8.076323604e-05,0.001018206027,-0.008876993511,-0.01009403495,0.001066931668,0.003684251352,0.003155184275,,,,,,,,,,,,0.00789542079,0.001956338128,0.002066808447,0.004376077648,0.005483723006,-0.002776792724,-0.0001459342667,,,,,-0.002092519914,-0.001182439996,0.01444873233,,-0.02017145126,0.01553074305,0.001632703595,0.01343140441,0.001400365438,,,-0.0117889585,,,,,,0.005056009243,-0.009428733365,0.003611311172,0.01063888467,,-0.000102517701,0.01038019327,0.005478029893,0.007211456529,-0.02852603507,-0.01047950969,-0.01926049273,,-0.003267455738,,,-0.008177497964,-0.003435556925,-0.001788039171,-0.0002220867044,-0.006934048803,-0.01969212101,-0.006613715694,-0.007253464786,-0.001510039888,,,,,,,,,,,-7.128639836e-05,-0.004481819882,-0.001905237617,-0.003246043212,-0.01015763202,0.001830131282,0.003720241932,0.005936532623,0.002901967798,0.002705869295,0.002890664855,0.00247920127,,0.01282912693
1985-04-30,-0.01890459966,,,,,,-0.002512555116,0.005279488543,0.006068982196,0.01375635275,-0.0002546582982,-0.002676735526,0.003677226433,0.02182430037,3.667026172e-05,-0.001957687721,-0.0007851153535,-0.001146495399,-0.00958811189,0.003256981762,,,,,,,,,,,,0.002782009336,0.007356836373,0.008176487187,0.008957882483,0.0005563847303,0.01483993888,-0.00729528003,,,,,-0.01601156115,-0.0002270302809,0.004255574345,,-0.008582065023,-0.01654916611,0.007307897103,0.01513336247,0.006062209116,,,-0.01023659106,,,,,,0.009000119221,0.004464381404,0.01269756107,0.01317636664,,-0.0006018455717,-0.006574979018,-0.0118306014,0.006023142989,-0.003771205724,-0.002210574207,-0.0005218305149,,-0.001788042639,,,-0.00376868875,0.004784711216,-0.003144885809,-0.002354436217,0.008244258557,0.006595608708,0.01822577227,-0.001024560414,0.004527313567,,,,,,,,,,,-0.01523030751,-0.001887972386,0.0002570774903,-0.01335767089,0.01427864407,0.01494793169,-0.005318158567,0.005284363047,0.006378975643,0.01220935984,0.006809590685,-0.0003993552135,,0.01668928855
1985-05-31,0.04996779456,,,,,,0.02693388747,-0.02014881326,0.009412604275,0.02264820832,-0.01839197101,-0.010905551,0.01006594079,-0.02729924652,-0.04699053848,0.01823762881,0.02409602117,0.0343945463,0.01078257181,-0.001508058808,,,,,,,,,,,,0.0350379866,-0.007198107242,-0.04011920369,-0.04075684703,0.03526629249,-0.009818587393,0.001992075347,,,,,0.03481637511,0.044166041,0.002329446571,,-0.02742187581,0.02214954377,0.0139884194,-0.03531185969,-0.04539722981,,,-0.01648875275,,,,,,-0.04308629619,0.04168596027,0.02827484767,0.02419614114,,0.006945757106,0.007729353074,0.001324915071,0.03777073802,-0.01838502613,0.005614392797,-0.02624776361,,-0.04918642891,,,0.02657139375,0.01979580455,0.03724257914,0.02778312971,0.04351434316,0.006160095748,0.01756345754,0.03198579448,0.06469083423,,,,,,,,,,,-0.04042770836,0.01593031901,0.02704475582,0.01859552051,-0.01271945399,0.00995820136,-0.009230826998,-0.0064166198,0.006394268202,0.005340843871,-0.04708275602,-0.04645307812,,-0.02290368452
1985-06-30,0.01202357337,,,,,,-0.02189084567,0.01248661658,0.007257433206,0.02403372133,0.02414905507,0.01388862574,-0.006801956375,0.02313957477,0.02320710611,-0.006521961079,-0.0008154889943,0.02143370042,0.008538166239,0.02033021974,,,,,,,,,,,,0.02328486434,0.01839313412,0.01180570646,0.01367094137,-0.01534274319,0.007586742235,-0.01259999971,,,,,-0.01500849614,-0.0114782263,0.03307368179,,-0.0213960147,0.05517935813,-0.02000934531,0.05296642726,0.02280734293,,,-0.0425414841,,,,,,0.04073072592,0.01185510494,0.01460921655,0.01827088795,,-0.01195322678,-0.004483440656,0.006717825873,-0.009483967751,0.005122548258,0.007128989323,-0.004352652197,,0.03124988915,,,-0.01494922965,-0.01991096803,-0.006180663007,-0.0241598647,-0.02079905993,-0.02157457475,0.00232464941,0.0003195199707,-0.01368116011,,,,,,,,,,,-0.04337111374,-0.0231109579,-0.02076367519,-0.02093160598,-0.03307293466,-0.004573756706,0.007217526876,0.02127933709,0.02851246397,0.03463917044,0.03304883938,0.04124326698,,0.05211600086
1985-07-31,-0.03530330044,,,,,,-0.03805691466,-0.01307084614,-0.0007085943048,-0.02167532843,0.04215267786,0.03028727415,-0.02306003349,0.01479086355,0.04683717968,0.01488409508,0.01285228475,-0.00283879129,-0.02420266046,0.02362806867,,,,,,,,,,,,-0.01924751927,0.02444191146,0.04980912947,0.05598760206,-0.04699300184,0.0009315592213,0.007584917567,,,,,-0.03288768425,-0.03794029364,0.04047546226,,0.0339032785,0.05317665195,0.021856087,0.04088776316,0.02249706961,,,-0.01490895597,,,,,,0.05217689575,-0.01100060479,-0.0179347048,0.02285941317,,-0.05698629035,-0.03473201132,-0.02822612895,-0.06200424687,-0.04173761856,-0.02700823047,-0.01046825408,,0.03655679851,,,-0.04434190382,-0.04544701198,-0.03255959469,0.02601915444,-0.04888284482,-0.0480893799,-0.03351671899,-0.0087207696,-0.04361496733,,,,,,,,,,,-0.01132833652,-0.05217852474,-0.05574869597,-0.05747784352,-0.03726637041,0.01018916304,0.03357411838,0.05157390089,0.01824344521,0.02344852197,0.05077844521,0.04934363602,,0.03987352623
1985-08-31,0.01896587926,,,,,,0.01791570692,-0.00534793866,0.01308707396,0.006489917663,0.003711446892,-0.01090952168,-0.01530754246,0.002970349308,-0.02052894793,0.01459773065,-0.00338831634,0.00107765314,-0.008520933668,-0.006424225422,,,,,,,,,,,,0.01340295729,-0.02223652589,-0.01774902197,-0.0163420613,0.02473956007,-0.02481334229,-0.01693760239,,,,,0.02584708387,0.01601774549,0.03027846257,,-0.01455487006,0.01946786959,-0.01006889655,0.01567944262,0.001164330545,,,-0.02108719006,,,,,,0.0009344962989,0.000975973407,-0.00779566832,-0.01168886487,,0.01369631772,0.007504224576,0.008728230352,0.009284542653,-0.01710367199,0.00954589281,-0.01129637248,,0.003697043615,,,-0.01059777355,0.01233568722,0.02847904045,-0.0121247249,-0.005088282382,0.001002185066,-0.006735486966,-0.0115244892,-0.01438081894,,,,,,,,,,,-0.0270844419,-0.01839709746,-0.000515715911,-0.01507727111,-0.01123363175,0.0001519988926,0.01764149736,0.01331509585,0.02274771333,0.01556220022,-0.000932509195,-0.0015882222,,0.01644101689
1985-09-30,-0.00304942355,,,,,,-0.001422749844,-0.008740432289,-0.01317246427,-0.002967816125,0.01613430541,0.001989658274,-0.01022984585,-0.008455653112,0.0165872237,-0.005433697225,-0.005081860319,-0.009429875853,-0.01283094407,-0.009982379826,,,,,,,,,,,,-0.007070091519,0.001914429952,0.007456506104,0.00279834859,-0.008042070704,0.007400611262,-0.005771238854,,,,,-0.01091937062,-0.01237301034,-0.005894571977,,0.004833201945,0.02584181514,-0.008307689428,0.03267358355,0.02466862624,,,-0.005132542928,,,,,,0.03113349016,0.006282570493,0.01872849575,0.01475894357,,-0.002081841785,-0.005540937149,0.0001140320732,0.003718854129,0.01403762543,0.006897295402,-0.01587780836,,0.01812615273,,,-0.01387479098,-0.0140657561,-0.002130389615,-0.006912582913,-0.00697977704,-0.01802205666,0.01730808834,0.009036370974,0.01145642045,,,,,,,,,,,-0.0005896876518,-0.0085572531,-0.00274994484,-0.00773673231,-0.01980431931,0.002228051868,0.01064552631,0.01849361168,0.02141827812,0.02236868716,0.02401262874,0.0279876209,,0.03296544887
1985-10-31,0.009632555255,,,,,,0.02366796227,-7.086158261e-05,0.01425187119,0.008904943332,-0.02333150154,-0.008333605825,0.01375986566,-0.01128816544,-0.03344471057,0.009908901385,0.01616623916,0.001981374747,-0.005001465977,-0.003418092337,,,,,,,,,,,,0.01631997744,-0.00591430777,-0.02429542106,-0.02255317634,0.03099393857,0.0001035286023,0.01627793483,,,,,0.02496233195,0.03056210715,0.00758896858,,-0.01466501033,-0.00884469528,-0.005711434441,-0.01544675422,-0.02083369623,,,-0.005148187626,,,,,,-0.03397291768,0.008621231898,-0.008251718182,0.001344698944,,0.0242681212,0.008360032458,0.002653848783,0.01890411747,0.01012326421,-0.001256734392,-0.004946684546,,-0.0243554637,,,0.02491358281,0.01783224169,0.01412137814,-0.002796876267,0.01869546519,0.02209683606,-0.004868573892,0.007813474546,0.007501598366,,,,,,,,,,,-0.01664713315,0.01308457733,-0.004188622104,0.002722011574,0.00686315109,-0.01155538096,0.007326130911,-0.01010308161,0.004445121427,-0.005830998919,-0.03509488228,-0.03142139517,,-0.01731755158
1985-11-30,-0.005728163209,,,,,,-0.01377857851,0.01127726652,-7.552008521e-05,-0.005338741826,-0.0004539738762,0.01457609402,-0.02151591969,0.0002621270061,0.01539168636,-0.004967112859,-0.01585990243,0.0008321822344,-0.0109863902,0.003547282783,,,,,,,,,,,,0.008476062616,-0.008394787507,0.005169389892,0.0004579994019,-0.01045183253,-0.01146390675,-0.011603814,,,,,-0.008076349572,-0.01298943059,0.002943190763,,-0.005489416289,0.01813668544,-0.04614248872,0.04323225081,0.03013585911,,,-0.02809800457,,,,,,0.01051810748,-0.009075625953,0.005898749229,-0.01610835207,,0.01243570503,0.01268366038,0.02793384966,-0.002281629607,0.00267805866,0.02225949079,0.002250245184,,0.002837410074,,,-0.01664199988,0.002201546752,-0.004752103182,-0.04223993894,-0.01039153666,0.0006191490538,0.01801956274,-0.009358323441,-0.01126822306,,,,,,,,,,,-0.009585009302,-0.01620778541,-0.01359841371,-0.01929683539,-0.006280250977,-0.02178558647,0.04802709658,0.04687743634,0.03750564692,0.04029279498,0.006942875749,0.01200787033,,0.03610904144
1985-12-31,0.02316374147,,,,,,-0.005136325545,0.07553673595,0.09228700222,0.009712810892,0.03903627423,0.02737905179,-0.04815768202,0.06483176074,0.03852273282,-0.08241175641,-0.05618724979,-0.04203629965,-0.06618876599,-0.02594464878,,,,,,,,,,,,0.09314486014,-0.06505415059,0.06167396372,0.06128470648,-0.01868648676,0.07600263017,-0.05189597744,,,,,-0.04900111683,-0.02181205421,0.06168707966,,-0.0483026052,0.066807295,-0.02761011339,0.04912982099,0.008082226038,,,-0.09009394955,,,,,,0.04822638741,-0.0245516515,-0.05352429567,-0.06548434431,,-0.05212995681,-0.04949075377,-0.05873319738,-0.04283339002,-0.0456637578,-0.06158073987,-0.08376646429,,0.03886505026,,,-0.02077385135,-0.007974827929,0.01767704423,-0.02947506374,-0.03391836681,0.06888325699,-0.04890359553,-0.05475004996,-0.02831542638,,,,,,,,,,,-0.09240090838,-0.05203128995,-0.05996758382,-0.05951308447,-0.05401241572,0.004650265259,-0.06278631032,-0.06138954958,0.07232697539,0.07642498776,0.03175651859,0.03843672122,,0.04801674757
1986-01-31,0.0202827403,,,,,,0.04781763957,0.02016123543,0.03190009777,0.02240724808,-0.06230938365,-0.03443971854,0.02047646694,-0.04888195893,-0.05744392368,0.02848053522,-0.004930364669,-0.002867592678,-0.01144888167,-0.04153082262,,,,,,,,,,,,0.0154262828,-0.01319658543,-0.0524125021,-0.05547800338,0.04906609116,-0.03480375101,-0.04111878201,,,,,0.0564919112,0.04760940266,-0.02568931265,,-0.009477898781,-0.02748919876,-0.004957717601,-0.0193902738,-0.01876822938,,,-0.03530598355,,,,,,-0.05763725549,-0.007227053604,-0.01821143999,-0.03111934711,,0.01663266235,0.05850209431,0.03903899271,-0.05040008314,0.04068097987,0.05499905488,-0.02367306141,,-0.04311097314,,,0.02050600288,0.02562842708,0.002521393551,-0.0006186476018,8.870896564e-05,0.01313302086,0.007145273682,-0.01796362624,-0.00612208101,,,,,,,,,,,-0.01611834952,0.02203694124,0.06171971004,0.03293396996,0.03331629552,0.006043258556,-0.005023634034,-0.00929609378,0.02191170428,0.006304131834,-0.0553600086,-0.05197163668,,-0.01947454189
1986-02-28,0.02331712646,,,,,,0.01787218371,-0.01209218255,0.03145758845,-0.002017597212,-0.02258579314,-0.0189900158,0.01045563147,0.009114910137,-0.0405473472,0.01252737684,0.03337700576,0.02421296488,-0.02814804539,0.01631428378,,,,,,,,,,,,-0.02653717048,0.0261931937,-0.04250924518,-0.03743580194,0.03288013597,-0.008832426919,-0.007071685449,,,,,0.04799686819,0.04504736584,-0.01011402269,,0.01542818363,-0.003665072518,-0.01137878428,-0.0262637537,-0.04131641134,,,0.007560067868,,,,,,-0.04148336203,0.0283040612,0.006128264895,0.006126974383,,-0.01309327534,0.01157240868,0.007201717125,0.001077369866,0.01830809114,0.02150611861,0.0001437219441,,-0.04016401588,,,0.03488226035,0.01908683678,0.0151220862,-0.003246277032,0.03219553738,0.03070408231,0.02510307526,0.02900576424,0.03077950843,,,,,,,,,,,0.01680479918,0.0414369345,0.04243338633,0.04532386393,0.000894861382,-0.03135077727,-0.0005872945262,-0.01411953051,-0.009345815145,-0.02165488045,-0.04332915891,-0.03679714436,,-0.03119614896
1986-03-31,-0.01481807328,,,,,,-0.03326506743,-0.02136909161,0.02527447901,0.008438352989,-0.002050599449,-0.004989446876,0.03005665032,0.01538826915,0.03575403957,0.01159809372,0.01830642316,0.01389996448,0.004114765021,0.004458781862,,,,,,,0.01462598819,-0.01170720367,0.003837929659,,,-0.02451382003,0.02381719943,0.01754342338,0.02405023558,-0.04958239363,0.02966552519,0.005154464706,,,,,-0.04242693295,-0.0164361139,-0.01110290459,,-0.003260490809,0.03154584909,-0.09160203504,0.05114217452,0.03659278753,,,0.0115562856,,,,,,0.01438360703,-0.001712308701,0.0207164551,0.0419319165,,0.01179285077,-0.0005624949072,0.0391743547,-0.002617511327,-0.007857502953,-0.008083993318,0.01005826674,,0.02008041912,,,-0.01495694837,-0.02362584285,-0.009818318894,-0.08861772703,0.007734069328,-0.03524265392,0.01035210995,0.03081246849,0.01518587623,,,,,,,,,,,-0.01114913118,0.005057656752,0.004739629813,0.0007720477714,-0.01151895249,-0.0511749616,0.04607752923,0.03657420396,0.02132141769,0.01960338085,0.009913846794,0.02236590049,,0.04684104605
1986-04-30,0.02081174421,,,,,,0.005047281296,0.001592769412,-0.009628850477,0.006531597726,0.01175020523,-0.002943798166,-0.001033767618,0.004482400352,0.02724334457,-0.008348387999,-0.01713488923,-0.008500472983,0.01038550954,-0.004148146805,,,,,,,-0.003131091363,0.0007448519654,-0.005103661998,,,0.01447417544,-0.01031998729,0.02084292623,0.0155037619,-0.008691812381,0.003826415724,-0.008929615227,,,,,-0.01888531279,-0.006435711194,0.00245833002,,0.009353596325,0.04031992591,0.01111605922,0.03360336061,0.01187688839,,,-0.03664984153,,,,,,0.02391687361,-0.00597013433,-0.009350499961,-0.023568237,,0.01271599339,-0.002289341517,-0.006013220695,-0.0108078471,-0.003452355106,0.01268499008,-0.01134161203,,0.01498731109,,,-0.01984835453,-0.001220511654,-0.002106794764,0.007683087781,-0.0177522709,-0.00431374899,-0.01860604724,-0.02328833395,-0.01148833367,,,,,,,,,,,-0.01940914146,-0.01936564669,-0.02317946511,-0.01692934784,-0.01628666086,0.01433734612,0.005740569408,0.0191704821,0.02140077362,0.0403015566,0.02136898653,0.02222936636,,0.03521509092
1986-05-31,-0.003983666946,,,,,,-0.007742401708,-0.0007528013102,-0.004308514419,-0.009041703015,-0.0152592184,-0.00282559592,0.007975499934,0.01998370132,0.03713684064,-0.02162717638,-0.02147467863,-0.0111898027,-0.00661569204,-0.009346957571,,,,,,,-0.02599230133,-0.002095107122,-0.01984058888,,,0.02855071198,-0.006910631508,0.04019410996,0.03429749294,-0.02222409161,0.0115364086,-0.01669005661,,,,,-0.04038011452,-0.008863862429,-0.02135111359,,0.03688871034,0.03283469992,0.01257835809,0.03776339018,0.02742555309,,,-0.02611021579,,,,,,0.03930605138,-0.007051146288,-0.01785005779,-0.01682501692,,-0.005276328975,0.01397556115,0.0006256297219,-0.03001629663,-0.01670231032,-0.02549183386,-0.01529600711,,0.02596457286,,,-0.01961033592,-0.005592862168,-0.005490016649,0.008484078621,-0.03025272462,0.003455553262,-0.04025427268,-0.04218327727,-0.03654286104,,,,,,,,,,,0.004425136032,-0.04087186389,-0.04614830152,-0.04670773854,-0.004040208824,0.03300356355,-0.02319985389,0.01173296648,0.02710673821,0.04237418113,0.03876842198,0.03389631518,,0.03940065013
1986-06-30,-0.009182374404,,,,,,-0.01061876405,-0.01602833735,0.004096478497,-0.008088039584,0.001649146201,0.0195223868,0.006310876822,-0.01913762591,0.0009548843647,-0.0254475383,-0.02594128559,-0.008883303457,-0.006748852701,-0.001530446232,,,,,,,0.001815026318,0.00713819307,-0.005545630387,,,0.008757756004,0.0003938423221,-0.01493206081,-0.01921717565,-0.005047648948,-0.02016258112,-0.001551826499,,,,,0.008147847626,-0.01688511286,-0.009850332398,,0.003152326123,0.01106279491,-0.03519440082,0.01535305929,0.01185456787,,,-0.01734593344,,,,,,0.003856678614,-0.01201676638,-0.00866143537,-0.01672221152,,-0.02907734239,-0.004125745142,0.003120209008,-0.007220074067,0.006851068283,-0.0001015342752,-0.005697281054,,0.01285395343,,,-0.01325520265,-0.007060615422,-0.005354124904,-0.03254216103,0.002386695664,-0.001573828676,0.004451123355,-0.001061299179,0.0005013805886,,,,,,,,,,,-0.02183712174,0.004104346614,0.01299927906,0.01041712814,-0.01182020097,-0.03751222938,0.009196210762,0.009762234293,0.01020304174,0.007928076545,0.008006385566,0.007069904928,,0.01365139693
1986-07-31,-0.01045087396,,,,,,0.04429097666,-0.03123336022,-0.02324345642,-0.03554292742,-0.04319859932,0.06421733446,0.04740862288,0.07888542746,0.02406165994,-0.02219981986,-0.02810422635,-0.03313936788,0.02681110762,0.0139992846,,,,,,,0.009945930766,0.01103362773,0.01306081901,,,0.04722381565,-0.03318886928,0.05742573374,0.04266251989,-0.007031652698,0.07265847076,-0.001865981856,,,,,-0.02552549837,0.03095641664,-0.07090969525,,0.08259760603,-0.0006513969365,0.009132394477,-0.01687152539,-0.02574102862,,,-0.04948413132,,,,,,0.01729736855,-0.05637402304,-0.0670345282,-0.06520707617,,0.01491888886,0.01151781275,0.003424827423,-0.03148939096,0.004557934951,-0.01954320064,-0.02903223454,,0.006469500665,,,0.002485049101,0.01023245877,0.007961690598,0.01236233201,-0.04215254714,-0.01076347965,-0.01382230175,-0.04934424478,-0.05609853507,,,,,,,,,,,-0.001501510339,-0.02388147339,0.06119749844,-0.02217850606,-0.03102504127,-7.621549571e-05,0.03394999111,0.01950192619,0.0125352851,0.01102356257,0.02074452478,0.01653725207,,-0.0143178716
1986-08-31,0.01960874389,,,,,,-0.01609036317,-0.005263806986,-0.006644069344,0.01424292826,0.04219235608,-0.01450313759,-0.02293833007,-0.03059290525,-0.008810570657,-0.005459818561,-0.009237104412,0.01378115796,-0.02261627628,0.01155191992,,,,,,,0.00137590787,0.004901121515,-0.0008114764045,,,-0.01267529261,0.005300540103,-0.01691936874,-0.003290495828,-0.00576897296,-0.01907659732,0.02031806426,,,,,0.003456650279,-0.02999497202,-0.01734245688,,-0.0009913192975,0.02412748401,-0.02067004165,0.03312906263,0.02566952124,,,-0.003488228633,,,,,,0.02787396251,0.002221732957,-0.0008871687346,0.02178307512,,-0.006101853244,-0.02204887997,-0.01710013035,-0.01839186839,0.0007451168602,-0.002505477169,-0.02163143346,,0.02887436365,,,-0.007322090225,-0.01708000391,-0.003194240397,-0.02350468427,0.0003846148696,-0.02143592425,0.003431331732,0.02955484098,0.02304646294,,,,,,,,,,,-0.01978410865,0.006795939989,-0.01517599535,0.01983657702,-0.008735430324,-0.03569391994,0.001711960486,0.008854364113,0.0295613209,0.0250506736,0.005177871576,0.02115656053,,0.03310665441
1986-09-30,-0.05142593458,,,,,,-0.02790651518,0.0325381347,-0.04669828571,-0.04413733981,0.03014718921,0.03610531489,-0.005099865852,-0.03978700809,0.09300972147,-0.0258495729,-0.0478432127,-0.0442210131,0.04443646167,-0.0581432492,,,,,,,-0.03612359135,0.06843986554,-0.03760645984,,,0.05683534712,-0.05233704905,0.07273454367,0.04211443615,-0.07898993176,-0.04085025972,-0.05754257799,,,,,-0.09908913957,-0.08204684661,-0.04863384199,,0.08289266387,0.07018188268,0.002424458566,0.09888637357,0.08784429475,,,0.01764496142,,,,,,0.07951404224,-0.03616315729,0.07640306633,0.03345787326,,-0.06562093301,-0.06569390691,-0.01603161144,-0.04607423392,0.06601671612,0.07395623903,0.008251023656,,0.08089252714,,,-0.07434546801,-0.07968453932,-0.0414999813,-0.001754930093,-0.04586500312,-0.05171786375,0.06320265623,-0.006434778137,-0.05330602736,,,,,,,,,,,0.02757032858,-0.05630762391,-0.05674815342,-0.05878877981,-0.05768880517,0.02776531232,0.0567729098,0.1106381556,0.02214938625,0.06340433307,0.1011096764,0.08755421138,,0.116039819
1986-10-31,0.02311053722,,,,,,-0.006031110369,-0.01087191622,-0.01906293063,-0.003823351524,-0.02388125276,-0.007708897266,0.00381793632,-0.01620689423,-0.01567154628,0.0007908773669,0.02019383332,-0.0293729838,-0.03035373533,-0.03919990075,,,,,,,-0.05628158418,-0.04338115335,-0.05984180981,,,0.04431014224,-0.01023088713,-0.02678475164,-0.02467664691,0.01497266561,-0.03299649727,0.0138856611,,,,,0.007648502804,-0.01297558819,-0.01822033536,,-0.007104958758,0.06115820695,-0.003840032579,0.07716203445,0.005637277793,,,-0.0764676934,,,,,,0.01801547498,0.02160847417,0.0008827563458,-0.00171448694,,0.02060241233,0.006563854807,0.02386765096,0.006402735946,-0.02514109714,-0.02264816383,-0.02966654961,,0.005876609237,,,-0.009844995872,-0.002373673748,-0.01264141986,-0.01267088494,-0.02291076943,-0.008281535563,-0.01348859267,-0.01768552491,-0.02014496784,,,,,,,,,,,-0.07776287412,-0.03567049365,-0.04186477952,-0.05182261413,-0.01747983229,0.0175489923,0.005959044694,0.04324733418,0.05573455826,0.07565987967,0.02091278174,0.01706837071,,0.08308295453
1986-11-30,0.01034486773,,,,,,-0.004448140572,-0.01111329907,0.008626107764,0.005676360377,0.01948508805,-0.00722414478,-0.01535427208,0.002152828902,0.00716944949,0.001120832832,0.004923575206,0.01815696705,0.03530960595,0.02938658196,,,,,,,0.0291233435,0.04223565401,0.01405826683,,,0.005985989795,-0.007591306766,0.005364928201,-0.01028718507,0.0007166110883,0.009958223472,-0.02062331341,,,,,-0.00543247872,-0.0124119458,-0.006496589398,,0.01422778341,0.02153333502,-0.008942164786,0.001945280241,-0.004506699186,,,0.0005174719762,,,,,,0.0002130691929,0.02650784109,0.03615099755,0.03877610487,,0.0004955445291,0.001128163139,0.0001421386792,0.01296212074,0.01765050509,0.02725979019,-5.525681044e-05,,0.005947836053,,,0.02180268437,0.01601707616,0.004766510824,-0.01014721755,0.03144681833,0.01800271849,0.03328277704,0.03951688586,0.02999478006,,,,,,,,,,,-0.04602854687,-0.0002752418396,-0.0007242272478,-0.01433729502,-0.01779732637,-0.016381964,0.0251738454,0.009537001306,-0.009388457796,-0.01210002137,-0.0003366918904,0.001858010534,,0.002889309882
1986-12-31,0.0005884605711,,,,,,0.007174088043,0.02321236361,-0.01414524539,-0.0285708899,0.01807605821,0.0004048635135,-0.01629258874,-0.01349460435,0.03357220672,-0.01642493346,-0.007301423666,-0.03637789785,0.02179242717,-0.01482740094,,,,,,,0.03119044774,0.04099501033,0.005250882212,,,0.05901107044,-0.03719751543,0.01769281065,0.02338566167,-0.0227919898,-0.0192334352,-0.03008441719,,,,,-0.02725956367,-0.02793759868,0.0002033145301,,0.02709289437,0.05800342696,-0.01941013063,0.07202726959,0.04306394873,,,-0.04564571612,,,,,,0.06960046331,0.01411031149,-0.007578728657,0.02942854339,,-0.02260838492,-0.01136530307,-0.002161761068,-0.01651431597,0.02574196429,-0.0002065120212,-0.03423986486,,0.05259248825,,,-0.05014405726,-0.04147225709,-0.03278406723,-0.02492661256,-0.03594627134,-0.02840970498,-0.007354256397,-0.005989945079,-0.01427957866,,,,,,,,,,,-0.04884702278,-0.07033024611,0.001168188283,-0.06466638263,-0.03693595951,0.007053190071,0.02790212264,0.05060536712,0.06010693122,0.06464192798,0.04918543118,0.04950782145,,0.07846760347
1987-01-31,-0.004409701445,,,,,,0.01349616168,0.002641290572,-0.02240855511,-0.01275837239,0.0144491839,-0.005601225032,-0.03030915227,-0.006334545784,-0.02674596986,-0.009145247956,-0.001104086838,-0.02896735902,-0.0293088047,-0.02715824157,-0.02272241401,,0.03253738173,,,,0.02924665818,0.02213135935,0.01110328399,,,0.05361297189,-0.00220186671,-0.03193283136,-0.01101597749,0.03716249832,-0.01014747503,0.02684525311,,,,,0.02852329752,0.001932383274,-0.03139950529,,0.01716711081,0.06475338649,-0.01578037736,0.04975792941,0.003390605333,,,-0.06457513931,,,,,,0.009993804942,0.008871743048,0.002678051066,0.00639259035,,-0.006650869121,-0.003363785043,-0.001890581919,-0.003912169128,5.501078467e-05,-0.006402957153,-0.04861659618,,-0.01178462451,,,-0.001785957585,0.005399888543,0.002978341434,-0.01771258151,-0.004400583751,0.0167477651,0.002754225068,-0.006802740146,0.001956373281,,,,,,,,,,,-0.04403831404,-0.04158266381,-0.03891532331,-0.0507931658,0.002634469317,0.0005179291569,-0.001311105497,0.03299679996,0.04891161624,0.05156702933,0.003990299545,0.007188665666,,0.0515524453
1987-02-28,0.003785369514,,,,,,0.008834421131,-0.02194418738,0.01829559161,0.02018873242,-0.004956060731,-0.001201587778,0.003625177351,0.005708404808,-0.005569661696,0.008198403396,0.001542159925,0.007804765105,-0.01421077398,0.001095630346,-0.0103144517,-0.007034619925,-0.007310582099,,,,-0.01303035595,-0.010193606,-0.02402350048,,,0.03828468519,0.0002614544683,-0.006523026273,-0.00758366813,0.007711043304,0.00456802822,0.005689515956,,,,,0.005068152973,0.003691435259,-0.011017304,,-0.000321220246,0.04116697553,-0.007726614061,0.0344975821,0.02308591352,,,-0.04828005259,,,,,,0.01113321963,-0.00637705433,0.0009367400929,-0.007038504356,,-0.007885479968,-0.006686853217,-0.008322521325,-0.006239671733,0.0207484621,0.005255504349,-0.02438185552,,0.004110827759,,,-0.02304979965,-0.02053194079,-0.005700453082,-0.01305868083,-0.01956782783,0.0003770174261,-0.01934600302,-0.01904640056,-0.01529823557,,,,,,,,,,,-0.007916259665,-0.03055233503,-0.03041874477,-0.03115111381,-0.005821186581,0.005490623417,-0.007269973279,0.02705606375,0.03551182009,0.0424287865,0.01115251517,0.01324824825,,0.03507194609
1987-03-31,-0.0003567972595,,,,,,-0.003862697535,0.006143504611,-0.005226501663,0.01674918618,0.006615133752,-0.01485237236,-0.0001213629296,-0.002551114512,0.003329824547,0.01881044624,0.02074267836,0.007932813017,-0.008676407891,0.01153825578,-0.004095973549,0.0008963282802,-0.005265303632,,,,-0.01638825225,-0.01156132784,-0.01491363878,,,0.004636912095,-0.001163929514,0.001788288211,0.01175665302,-0.003360361538,0.004370623274,0.01400984188,,,,,-0.003466931088,0.001578917452,0.02078859463,,-0.007677542251,0.02498548426,-0.007490095541,0.0210655284,0.01401848434,,,-0.03370672133,,,,,,0.01711617668,0.006325948596,0.02502801388,-0.008181711069,,0.008363167381,0.005663541923,-0.001466694497,0.006965184332,0.0142932526,0.01995962125,-0.01869604954,,0.004784609923,,,-0.01414899767,-0.005832277012,-0.01641440302,-0.01036249916,-0.008458449746,0.01622431664,0.0254974074,-0.01499393759,-0.01475401562,,,,,,,,,,,0.002336894724,-0.01703741274,-0.009789693618,-0.01188563042,-0.003357865384,0.004563236295,0.008228895778,0.02448704287,0.02710963378,0.03341057856,0.01302516496,0.01658887894,,0.02277586205
1987-04-30,0.004639277353,,,,,,-0.02600277004,-0.01293826602,-0.01047734204,0.02243826673,-0.001545365273,-0.006428862636,0.002130834438,-0.01011595712,0.007768963531,0.01336229166,0.002722464205,-0.003984200491,-0.01689896271,-0.003019680481,9.518227102e-05,0.001251001203,-0.003993017516,,,,-0.03821231279,-0.03598880055,-0.03408623718,,,0.01515059042,-0.0007574606459,0.01009929003,0.01639269781,-0.01339066885,-0.0009343022468,0.01527076101,,,,,-0.01921186229,-0.01361276525,0.01152637308,,-0.00684761261,0.02217186326,-0.02055313633,0.04409806318,0.03559218906,,,-0.008376502995,,,,,,0.0301889758,-0.000297053865,0.0223640234,0.03850334556,,-0.02029138743,-0.02734408295,7.912434468e-05,-0.005939515962,0.01208166888,0.006247742729,-0.02113222043,,0.02157042586,,,-0.02185073058,-0.02603440103,-0.001801490473,-0.01880001968,-0.02124215031,-0.01487806334,0.007274398066,0.006516802049,-0.0183366437,,,,,,,,,,,0.01811366897,-0.02624512911,-0.01298077831,-0.01743415245,-0.01578883127,-0.002063481551,0.00764135146,0.03072571663,0.02827054576,0.03252056318,0.0237525419,0.0198489764,,0.04187679878
1987-05-31,-0.01360192207,,,,,,-0.09043303294,0.07400813203,-0.04349234611,0.0288146787,0.06472656447,-0.0519209743,-0.01840467385,-0.01669288717,0.106365079,-0.02852491306,-0.06109840228,-0.04218688178,0.04948811388,-0.01287451533,-0.03365678579,-0.01733623172,-0.02268057113,,,,-0.04889344163,0.0498024147,-0.05517028303,,,-0.07475806976,0.07219785885,0.0948072714,0.003905572792,-0.09837349108,-0.02043653645,-0.0633046265,,,,,-0.09880123432,-0.06975821884,-0.01233826463,,0.03671101907,0.07183460904,-0.03944774813,0.1248882604,0.1085524691,,,-0.03406262654,,,,,,0.1297177377,0.03647982295,-0.0257035346,0.03646161531,,0.01114137544,0.002821101786,-0.001615036161,0.01541764195,-0.008002200256,0.007238375446,0.04191816717,,0.1300871947,,,-0.05193058334,-0.0640780819,-0.04933433441,-0.05986418513,-0.03265938475,-0.01481480842,-0.034058468,-0.04640166063,0.005918522451,,,,,,,,,,,0.003981421778,-0.04280576068,-0.03049463436,-0.02569393058,-0.06884161589,0.006128501996,0.04980737003,0.08214063449,0.02360511848,0.04369824007,0.1243046742,0.1330499946,,0.1298856979
1987-06-30,0.01094708831,,,,,,0.03834244393,0.001033302178,-0.01038772094,0.03272470951,-0.03305094554,-0.02519531651,-0.02840244333,0.003572337327,-0.04542058062,0.05012972067,0.05009528093,0.01553079318,-0.01807111442,0.01222513563,0.03779118632,-0.007358198709,-0.009248619633,,,,-0.004183364404,-0.01142670467,-0.001825211082,,,0.02400479377,-0.02496810012,-0.02750927373,-0.004986477479,0.04304368988,-0.005586015382,0.04578055016,,,,,0.0374389861,0.02862565434,0.04342181105,,-0.02381866817,0.05357844285,-0.01744390187,0.04769268663,-0.0115567336,,,-0.06450410584,,,,,,-0.01743198864,0.01377741242,0.03625326425,0.02836295649,,-0.003072562109,-0.01327894849,0.01324423073,-0.01587765413,0.004167792237,0.01408321044,-0.0467429147,,-0.03495779992,,,-0.01386681207,-0.0009977361931,0.01024919428,-0.02007217516,-0.00838472058,-0.01318751901,0.02439465324,0.01551935398,-0.001182687093,,,,,,,,,,,-0.06891351437,-0.03631625826,-0.03630788815,-0.03511118796,0.001366933925,-0.003990125021,0.02718030613,0.0476801041,0.06075462167,0.06721835965,-0.01886176753,-0.02557340462,,0.05120373045
1987-07-31,-0.005494787604,,,,,,-0.009243705257,0.02611836607,-0.008613921989,-0.0204683999,0.04088364422,-0.005133074932,0.01187350303,-0.02652597785,0.05179827812,-0.01999891811,0.000611156668,-0.01775738781,-0.02344652981,-0.0226584979,-0.0279851344,0.03808751113,0.008674718329,,,,-0.01450546968,-0.01185930192,0.001973993228,,,-0.01157012119,-0.03042244192,0.01598018032,0.001562742336,-0.03513544837,-0.01527147587,-0.04019947502,,,,,-0.04905956313,-0.04097125579,0.02038364042,,0.01233862638,0.04687857018,-0.004792581269,0.06685454664,0.048209197,,,-0.04533561507,,,,,,0.07353024423,0.04807887893,0.04912287713,0.01158748971,,-0.01313476576,-0.02303644354,-0.02155318903,0.00466215556,0.02978015808,0.03135929647,0.008591746158,,0.06765010743,,,-0.03104591814,-0.02501689331,-0.03525512199,-0.02209607319,0.01422652347,-0.01232540675,0.04689097923,0.003902040348,0.01598162589,,,,,,,,,,,-0.04282710161,-0.01241812572,-0.003286426064,-0.009484428474,-0.02554660024,0.0121016909,0.02548741475,0.04815972485,0.01881968647,0.03545920629,0.06582927469,0.06863635641,,0.06793901292
1987-08-31,0.001626096594,,,,,,0.00410071357,0.0006238801663,0.009430186397,0.01966149701,-0.009921360969,-0.008500817535,-0.002018278521,0.01266868723,-0.02080434754,0.02679045272,0.04149298555,0.001432921588,-0.03495021028,-0.002708434252,0.0152354013,0.02657598581,-0.004102800568,,,,0.01538214831,0.007773406323,0.01865807074,,,0.004163239163,-0.005964668834,-0.007919380288,0.001122186174,0.01932589602,0.02355808887,0.01706558872,,,,,0.01475034457,0.01457141036,0.0248430751,,-0.02210092191,0.04718980032,0.006694230579,0.01413234009,-0.006938980613,,,-0.03129553945,,,,,,-0.01358811897,0.01615612114,0.006648301309,0.008554002209,,0.01890318887,0.009725209987,0.01138240284,0.0140215492,0.01271744677,0.012814238,-0.0201720625,,-0.01707013955,,,0.003413592444,-0.0001927762741,0.01175026427,0.003925359209,0.004867695868,-0.009421747609,0.008383127172,0.009217971778,0.00334240031,,,,,,,,,,,-0.03167095166,-0.01662338483,-0.01673930342,-0.01671636111,-0.002780832267,0.0144099452,0.01491371653,0.03116755131,0.03205953004,0.03673279146,-0.01429461092,-0.01280122073,,0.01965544845
1987-09-30,-0.0003761508228,,,,,,-0.02572772815,0.02351338152,-0.02086424527,0.01862194904,0.03326883368,-0.003849158929,0.003644563116,0.004660045708,0.03928424736,-0.01995339669,-0.002766578657,-0.00628457742,-0.02492820018,0.01466102254,-0.02275805584,0.02073708266,0.02474690471,,,,0.02559466148,0.02508842775,0.03341092347,,,-0.01931800634,0.01068310426,0.03841116386,0.02893504106,-0.03489383322,0.02207154893,-0.02936168651,,,,,-0.03403045784,-0.0109147632,0.02061139674,,0.01345460147,0.01557092208,-0.009247635343,0.05277357471,0.03642881049,,,-0.01932272703,,,,,,0.04891595741,0.02101241977,-0.03819096816,-0.02144829152,,0.008626966251,-0.007751375302,-0.02197997581,0.02282210442,0.02800708643,-0.02143893758,0.008979057825,,0.04661591954,,,0.003662376677,-0.005474586551,0.005004989184,-0.01382338943,0.01743277398,0.02577308066,-0.02718754955,0.003289047066,0.001262385745,,,,,,,,,,,-0.0301376671,0.007366193276,0.01500850492,0.01574709713,-0.0290949034,-0.005246342796,0.008806378695,0.03905121748,0.009476669998,0.02158987732,0.04011224366,0.04915503794,,0.05476087436
1987-10-31,0.01465842841,,,,,,-0.001506106247,0.03242087218,0.006946230405,0.02073532561,-0.006607074295,-0.01217988755,-0.01938030804,0.03345361408,-0.009949097535,0.005451920127,0.01306803053,0.03005960921,0.01066863475,0.02554013948,0.01329092199,-0.01139766568,0.02057057692,,,,0.05843794556,0.05687141575,0.05792241648,,,-0.002669748659,0.03455445023,-0.00527349395,-0.01018319909,0.00851183631,0.01334431203,-0.03306434908,,,,,0.02116736223,0.03425136049,0.02171979471,,0.004629570123,-0.02826673351,-0.001553840036,-0.05081041449,-0.06886713592,,,0.01022425758,,,,,,-0.03701637987,-0.04081348463,-0.03117857077,-0.03142127641,,0.008822572492,0.01402988825,0.03351350761,-0.0264831972,-0.03736214658,-0.02428800517,0.01559999843,,-0.0442188145,,,0.03151690871,0.01965732196,0.02643077925,0.002776058934,-0.03102252134,-0.01777370112,-0.02168785224,-0.02908282649,-0.02793096149,,,,,,,,,,,-0.002137795823,-0.00353932117,-0.0004498752094,-0.001343136089,-0.0230801899,-0.0236933505,0.002043451542,-0.03953892168,-0.03587026572,-0.05370817973,-0.0411752606,-0.04613063148,,-0.05874553301
1987-11-30,-0.005955227029,,,,,,0.01135350461,-0.01424813795,0.009467650006,0.03327365272,-0.001249150937,0.01339090516,0.01253275552,0.0287042263,-0.009218651202,-0.005642128228,0.01022853721,-0.01254863345,-0.03666590836,-0.01085127587,6.515855705e-05,-3.834505147e-05,-0.004291653984,,,,-0.001588341058,-0.009351788092,0.008455139093,,,0.01420017203,-0.003971770894,0.007974903469,0.004467183558,0.01304691835,0.03337838954,0.01753999118,,,,,0.01674141012,0.03119820278,0.002126499612,,-0.003129386094,0.02055150242,0.02520590474,0.01946015042,-0.01751251585,,,-0.02648246998,,,,,,-0.0167232146,-0.02559942385,-0.008626455475,-0.01902955852,,-0.005932568299,0.01116452414,0.002924352835,-0.0198053918,-0.03232695226,-0.01650567282,-0.0123954356,,-0.023697001,,,-0.01142693956,0.007297153659,0.003103485794,0.0244685279,-0.01450373593,0.003728414666,-0.007969419809,-0.01903010111,-0.01022349651,,,,,,,,,,,-0.04229126641,-0.01190591899,-0.01060197866,-0.01040601521,0.01782028104,0.02890774357,-0.01414931499,0.01288435874,0.01745789719,0.02267421164,-0.01350260315,-0.01528543774,,0.02081498395
1987-12-31,0.007422616546,,,,,,-0.02490504895,-0.007218328042,-0.01067915182,0.02133121221,0.002222246079,-0.0109627935,-0.0002696372225,-0.007589391108,-0.04209047324,-0.01687272677,-0.0005211504885,-0.03631835316,-0.03959620708,-0.01461862019,-0.02540508314,0.01195546592,0.03751036967,,,,-0.0431417792,-0.05927878798,-0.02424950318,,,-0.01072836836,0.01091362271,-0.03286793842,-0.02937695948,0.02505819315,-0.004671530636,0.07115146473,,,,,0.03912246144,0.01240883794,0.003048852505,,-0.03993416577,0.02749082876,-0.01230326405,0.03940519654,-0.01405609184,,,-0.05782832237,,,,,,-0.02812450956,0.02197989025,-0.04935323418,-0.01205985977,,-0.0146317435,-0.02518665582,0.003388642692,-0.008319022028,-0.001547908829,-0.02225167382,-0.01820912153,,-0.03443663233,,,0.004492756135,-0.002358842664,-0.01381267992,-0.01601420643,-0.007783374513,0.01740847404,-0.04802350327,-0.02531056148,-0.02077289246,,,,,,,,,,,0.005327856648,-0.04238241118,0.005434231624,-0.03912438923,0.005620857394,-0.01259746648,-0.02506498772,0.01324826649,0.03417968236,0.04388664535,-0.02206488972,-0.02871142343,,0.03771337779
1988-01-31,0.01713549233,,,,,,0.007702218109,-0.03169071578,-0.00842138519,0.003942797846,0.0004143672211,-0.004340325974,-0.01125478964,-0.003195578199,-0.03858683834,0.01839160683,0.005825071332,-0.007161455559,-0.01642599623,-0.006889329352,-0.01634067417,0.02703669969,0.04465255735,,,,-0.02333946259,-0.01743307142,-0.02053471358,,,0.01652910973,-0.01080929974,-0.023277755,-0.02800136884,0.03119059263,0.00993671283,0.03697031953,,,,,0.02565298742,0.009203196291,-0.01313715912,,-0.01573680006,0.03075712876,-0.007938629105,0.008832633954,-0.009386068518,,,-0.01039323184,,,,,,-0.01474762791,0.003748786959,-0.01544851477,-0.01954217297,,0.00899281438,0.01757365952,0.006740944397,0.01351364406,-0.009589406751,-0.02489613763,-0.03167091765,,-0.02219369055,,,-0.01028401446,-0.0178212135,-0.01602991467,-0.004813541447,0.009842441467,-0.004134266365,-0.006885157979,-0.02230888132,-0.003198147107,,,,,,,,,,,0.007477737,-0.008653167131,0.01400090166,-0.004061725142,-0.007341066025,-0.005728024563,-0.0001149300276,0.0009782871875,0.02300355975,0.01773641495,-0.02059745837,-0.007964936883,,0.00707053225
1988-02-29,0.001076921712,,,,,,-0.02329323416,0.007895995756,-0.02920312056,0.0122071955,0.02823036321,0.005685049649,-0.0067928169,-0.01354798303,0.01370811483,0.002552303092,-0.01138602674,-0.007392664633,-9.443112957e-05,-0.01258321923,-0.009559818094,0.02227451349,-0.007065553784,,,,-0.01913029579,-0.03002729074,-0.02223499962,,,-0.01458881337,0.0001684124535,0.01026737175,0.008143874004,-0.01887095894,-0.008706143176,0.0127088891,,,,,-0.02105355248,-0.01928208523,0.01422613967,,-0.02156926602,0.04123056749,-0.01931654328,0.04608742125,0.03356311372,,,-0.03092471433,,,,,,0.02574158484,0.01819088349,0.004344390477,-0.004211214388,,0.0003167150369,0.01090819125,-0.007930935342,-0.009187546063,6.7557017e-05,-0.0112748984,-0.01348600951,,0.03045181633,,,-0.003258593564,-0.004730162796,-0.004905360518,-0.02090178782,-0.01041179066,-0.0002157493382,0.001308848333,-0.02386819738,-0.01759022525,,,,,,,,,,,-0.02220421967,-0.008718054799,-0.00695144211,-0.01217420499,-0.01203968635,0.002081673379,-0.01038924189,0.01286795715,0.0364345433,0.03913575057,0.02612682989,0.03104637718,,0.04501342954
1988-03-31,0.0006158477183,,,,,,0.007683974701,-0.006641035317,-0.008837155397,-0.0005133940014,0.01430429605,0.005650552794,0.003434740666,-0.001590016495,0.01600280057,-0.01098681017,0.00215205631,-0.01632377721,-0.01139339143,-0.01274843592,-0.004416619503,0.00185103534,-0.007361201572,,,,-0.02191522137,-0.009636453861,-0.01882008734,,,0.01113147772,-0.02897862425,0.01678554476,0.01712645298,-0.0053934228,0.003007407107,0.005275118757,,,,,-0.019370588,-0.01508410804,-0.01482365726,,-3.638663821e-06,0.01368298018,0.02119034654,0.01234739902,0.007926836536,,,-0.009527450412,,,,,,0.01096995366,0.006705913303,-0.004791962111,-0.003298949933,,0.0005028789928,0.02149379734,0.004035029871,0.009451314325,0.01410736707,0.0150721373,-0.01173461093,,0.006870804976,,,-0.001293145502,-0.002451030927,-0.00787908656,0.02007352815,0.01117427531,0.02538034252,-0.003296329664,-0.008714923055,0.005616431472,,,,,,,,,,,0.0101727383,0.01407140095,0.001949755174,0.002480720712,0.003220803732,0.01627252939,-0.01271112057,0.01443385062,0.01116700093,0.0163753155,0.01627771027,0.01211222154,,0.01369319319
1988-04-30,-0.004802890243,,,,,,-0.01198530704,-0.0007843346082,-0.004662665547,0.006881672841,0.02444304394,0.01370023362,0.002154756725,0.0004837473042,0.01339914541,-0.01327778726,-0.001779197852,-0.006728943155,-0.01385596755,0.006826268125,-0.01388767491,0.001965133923,-0.006936177498,,,,-0.003177458649,-0.005325442339,-0.004705911117,,,-0.008260154092,-0.006866390483,0.01416308764,0.01739373742,-0.01485841233,0.00994467718,0.01722971208,,,,,-0.01669157506,-0.003068317777,-0.003030983461,,0.003564172294,0.01914061498,0.001046479824,0.02065406752,0.02214155145,,,-0.008601176504,,,,,,0.03026609517,-0.006440215257,0.01140010462,0.005193094352,,0.009754839624,0.003945387011,0.00413543303,0.01575667472,0.02721831204,0.02745731186,-0.01030651762,,0.02566277386,,,-0.007364056234,-0.008053019192,-0.003842859256,-0.0007492458548,0.004279063433,0.007984935083,0.01424689531,0.005206281281,-0.0001574413664,,,,,,,,,,,0.006530091666,0.008445264274,0.008529369029,0.002560107153,-0.008192671718,0.004969890752,-0.01175720604,0.01396205633,0.009745723587,0.01802461306,0.02043121771,0.03113667088,,0.02161558791
1988-05-31,-0.002300666545,,,,,,-0.001209149016,-0.01052787685,-0.01505132842,-0.008794761389,0.01351492949,-0.007327534507,-0.004583296005,-0.005795405941,0.002582188964,-0.007345987882,0.000453070118,-0.01402801939,-0.008098673852,-0.01283399595,-0.00217345036,0.003967811543,-0.0003884682027,,,,-0.01783547135,-0.01684487894,-0.01554952678,,,0.007629126472,-0.0154819513,0.005731534209,0.008638095975,-0.00471879794,-0.003993121834,0.01160975183,,,,,-0.008075107068,-0.00627930495,-0.007767049885,,-0.00373147785,0.005212147696,0.0006974196696,0.01854871847,0.01907975147,,,-0.004842078596,,,,,,0.004165889302,0.0003284847128,0.01405041442,0.008785412438,,0.004388318823,0.01177216278,-0.001156904061,0.003581032612,0.005691147996,0.01212851237,-0.01255946367,,0.003607979788,,,-0.004766265491,-0.002798145563,-0.00123886676,0.0005963831807,0.008451719273,0.006898115116,0.02043475034,0.01435066053,-2.407737255e-05,,,,,,,,,,,-0.001481244946,0.001592462375,0.005894770798,0.004845758349,0.004629074744,0.0004189620585,-0.006083341056,0.004467483741,0.0122779935,0.01756474128,0.005875481982,0.003471897342,,0.01708858445
1988-06-30,0.006466288891,,,,,,-0.007034471521,0.002057899731,-0.02996860179,0.01047511468,0.01620189702,0.005735012642,0.009819035137,-0.01691962872,0.02501078791,-0.02124265677,0.004200577478,-0.03200001146,0.009592363439,-0.03154126426,-0.01174304556,0.01549329878,-0.003455907297,,,,-0.01179429447,-0.007486041118,-0.03075759063,,,0.01245448532,0.0002063136965,0.0114822246,0.01000853605,-0.02357542236,0.0005298145178,-0.0004203593001,,,,,-0.01460601651,-0.01786752726,-0.007125510296,,-0.0005021881089,0.03888434659,-0.0168092935,0.03805052659,0.03512963789,,,-0.02138456464,,,,,,0.01952852779,-0.0002974104628,-0.007146509677,0.003656934407,,0.00224387361,-0.005711339578,-0.01093839024,-0.01335986274,-0.001907752217,-0.001973884068,-0.0005364394446,,0.02149324787,,,-0.02062564915,-0.007752328773,-0.0002156994535,-0.02738121438,-0.01540486481,-0.005469085754,-0.008390728358,-0.005727663503,-0.02074988451,,,,,,,,,,,0.004528178484,0.01021714776,0.006847963816,0.01125763477,-0.01968231437,-0.007594502956,0.01731897331,0.02571579541,-0.001250374161,-0.004242327997,0.01879906103,0.01720929582,,0.03718166834
1988-07-31,0.0006862473137,,,,,,0.01268734695,-0.0005090461551,-0.01056034062,0.02224197025,0.005759916838,-0.005480153477,0.01204430796,-0.003581491706,0.00715623878,0.002870546071,0.01402796969,-0.009487158425,-0.01100607997,-0.007011434689,-0.0004629804393,0.002145647887,-0.00965522903,,,,0.008772347993,0.003628949461,0.01045831014,,,-0.01893793971,-0.01519828411,0.0124182139,0.01209599248,-0.003220608134,-0.0005996231185,0.003260058594,,,,,-0.01404656219,-0.006827714793,0.01542825453,,0.008616651234,0.03755400805,0.001806244534,0.03377057304,0.02145516012,,,-0.01166717954,,,,,,0.007756043299,0.01560419683,0.01392592381,0.02655934125,,0.009733739186,0.01224477028,0.006793358103,0.007574525921,0.008885409133,0.005716541126,-0.03309349499,,-0.002057148153,,,0.01295634108,-0.005709407959,-0.008166380331,-0.002614086579,0.0085249835,-0.01822356008,0.01662645735,0.02583647357,0.009045319416,,,,,,,,,,,-0.0212475927,-0.004366594177,-0.002445583726,-0.002878682279,0.0005429800016,0.0120325491,-0.007389922035,0.02002359562,0.02569348287,0.03177069495,0.00821684092,0.009613993212,,0.03488818312
1988-08-31,0.01404954949,,,,,,-0.02289106916,0.0003592046961,0.0117348877,0.005276083503,0.004055105412,-0.008714199053,0.001642818907,0.004374040012,0.002326755706,-0.01515114589,-0.01636589807,-0.01546225761,-0.007415078725,-0.0145694085,-0.005285631295,-0.005745071881,-0.001216317254,,,,-0.003306457229,-0.0002935627863,0.001637533509,,,-0.008426930181,0.005147152367,0.004580654452,0.003347376945,-0.007861122163,0.0008184647121,0.001139263383,,,,,-0.00604576501,-0.01845585146,-0.004807976244,,-0.00697438788,0.03375574213,-0.01287590178,0.037965821,0.03390238887,,,-0.02817636751,,,,,,-0.0002822944514,-0.01171481774,0.004794930421,-0.004059218411,,-0.001773932098,0.006500484034,0.006276506096,-0.00152793321,0.003710266737,0.01433016579,-0.003490330349,,-0.01347047424,,,-5.41755971e-05,0.003669624694,0.00357521921,-0.01093215124,-0.01596617867,-0.01522907934,0.002727729078,-0.003682650973,-0.01074974946,,,,,,,,,,,0.02277993003,-0.0004864547312,-0.006192344791,0.004498036051,-0.0004999402007,-0.00819190708,0.01054996419,0.03840628598,0.02871091649,0.02730234667,0.001646688347,-0.01246139944,,0.03615920671
1988-09-30,0.01188136052,,,,,,-0.00773715515,0.01843215878,0.01090184069,0.002740431994,-0.0126103809,-0.01673200659,0.006335701524,0.001548576881,-0.01643634047,0.009786289735,0.003923131185,-0.007663466105,0.005722331242,-0.001733103288,0.01064369166,0.005859216548,0.007210899864,,,,0.006162831803,0.0009824327939,0.009318663954,,,-0.01776770053,0.009549450866,-0.01270046068,-0.01297594742,0.003485552016,-0.001012956581,0.001644568531,,,,,0.01920532131,0.0118992028,0.0008565680646,,-0.01859213025,0.01605530497,-0.01943122802,0.01033554395,0.008418710547,,,-0.02198296706,,,,,,-0.003609033225,-6.906159822e-05,0.01733481812,0.01021350404,,-0.01549698042,-0.01562441698,-0.007640878811,-0.01597933739,0.009499596016,-0.003725421431,-0.0072971315,,-0.008034048732,,,-0.008201572415,-0.007099709229,-0.007991811519,-0.01935388458,0.001142375596,0.01578894663,0.01658224339,0.001577920308,0.004044013782,,,,,,,,,,,-0.01089969309,-0.0138781072,-0.01365776075,-0.0181589516,0.002613598289,-0.008668749281,0.01416655815,0.01364223679,0.02454596344,0.01829544793,-0.004063044561,-0.009046600795,,0.007070682713
1988-10-31,0.005945247446,,,,,,-0.001549429596,0.007853515151,0.01482763689,0.003518459703,-0.01757285064,0.003303257968,0.0008220937443,0.002910235329,-0.01620152713,0.01732525058,0.008790635976,0.01445042932,-1.076318499e-05,0.01333710321,0.003672669968,0.009414237809,0.00340272561,,,,0.01191208698,0.004936686354,0.010372889,,,0.003125553094,0.01541290283,-0.01752385492,-0.01733196137,0.006071184743,-0.00248976175,0.002855075811,,,,,0.0195343024,0.02144358344,0.007934148584,,-0.00242972315,0.006376041492,-0.009467095492,0.00101162114,0.0003308247972,,,-0.009903029998,,,,,,-0.01147584184,-0.005817752441,-0.0005327633355,-0.009597173395,,-0.01019591021,-0.004006343848,-0.003330455465,-0.003481616704,-0.007833585603,-0.007698353208,-0.0007898379176,,-0.01164449553,,,0.001492698088,0.002719446237,0.00334833027,-0.007549018368,-0.002448855941,0.004524055123,-0.004654159213,-0.009710552835,-0.004182285096,,,,,,,,,,,0.01251243493,0.002392122709,-0.008120018845,-0.002704438611,-0.008478695511,-0.005992697228,0.003394511938,0.002981493757,0.006465119625,0.001659214049,-0.01248213818,-0.01127035856,,0.0009449929644
1988-11-30,-0.007728570218,,,,,,-0.006375517692,0.002849851592,-0.005670253289,-0.007952884556,0.01457657101,0.006455452112,0.00133864587,0.006835691489,0.01181462416,-0.01602232672,-0.006596554735,-0.005549275918,-0.00618981161,-0.008243005937,-0.002591939842,-0.006460883513,-0.01415089368,,,,-0.01169810192,-0.00706799897,-0.00776583467,,,-0.001238956622,-0.006622134516,0.01495345406,0.015361767,-0.01422437167,0.006808884056,0.003307214468,,,,,-0.01394850343,-0.01176794524,-0.01684875829,,-0.003096195015,0.02711234948,0.002324663278,0.03685984732,0.01989005022,,,-0.0005871869948,,,,,,0.01598945433,0.01111373991,0.01066709553,0.0205862906,,0.003490026084,-0.005880708256,-0.0003595426638,-0.0003468136736,-0.006389623094,-0.00808862641,-0.01178942712,,0.01103969005,,,0.007981515783,0.01157116394,0.0160545044,0.003996231933,0.008342739066,-0.0003040933084,0.002355264515,0.01463695782,0.02196708165,,,,,,,,,,,-0.01440327483,0.0060264466,-0.006667085333,-0.001500661026,-0.01227002361,0.01510477371,-0.009063298701,0.01137481237,0.005429804803,0.009967846733,0.01336305103,0.01497696725,,0.03625662461
1988-12-31,-0.001285821339,,,,,,-0.006205732796,-0.006124454665,-0.01217423591,0.002662381289,-0.001369073155,0.000438582294,-0.006810116142,-0.008233236635,-0.01011551073,-0.0103210069,-0.004969953395,-0.004331625253,0.003724342219,0.001165502467,-0.0004414885441,0.01334822541,-0.001182430679,,,,-0.003104212763,9.375719107e-05,-0.01164531159,,,0.005940916712,0.006408142659,-0.007348401971,-0.004165181789,-0.004002659626,-0.006423134052,0.01247370032,,,,,0.006585752283,0.001089938918,-0.0001452237033,,-0.002118844282,-0.002730427563,-0.02542446136,0.01702568256,0.01009169757,,,0.01618777648,,,,,,0.009720785622,0.0115442865,-0.003877044222,0.01377272232,,0.01104034797,0.01230173162,0.003174337022,-0.001671841368,-0.008988288231,-0.0123036862,-0.01282235597,,0.004109198986,,,0.01002946761,0.004501439821,0.003220474323,-0.0255098992,0.005885327598,0.003468097294,-0.003548757679,0.008765980172,0.004497991707,,,,,,,,,,,0.001804037622,0.0003358846166,-0.009044495507,0.002480483385,0.002188850636,-0.01328947741,0.001760721292,0.005321256213,0.005987301866,0.01024854105,0.002846648232,-0.003327672171,,0.01446675391
1989-01-31,-0.001737358985,,,,,,0.003444347924,0.01477494375,0.01757801263,0.01505075914,-0.005605128922,-0.02146860032,0.01077330859,0.01681157861,-0.001696852559,-0.02112763014,-0.01093469919,-0.03444272888,-0.004842836609,-0.02432776225,0.001793112781,-0.01399233608,0.008513916622,,,,0.01240757505,0.01366645329,0.004136947378,,,-0.01995245319,0.004097244073,0.01649752484,0.01325251891,-0.001673562714,0.004656588639,-0.007689798661,,,,,-0.007777537535,0.01187957637,-0.007679719903,,0.02184144617,0.01871784791,-0.008481084426,0.0142340265,0.002227877512,,,-0.02472351433,,,,,,-0.002657389243,0.003680602509,-0.02201780215,0.01256268386,,0.00989016569,0.01307149676,0.002883096894,0.01099285984,0.0216813282,0.009535363888,0.002809519864,,0.003880983463,,,0.01655710627,0.02286923504,0.008555750083,-0.007460761782,0.008709156948,0.003284045078,-0.02374956823,0.01084058883,0.01098452947,,,,,,,,,,,-0.02004921579,0.003843823238,-0.001211913557,-0.002940213717,-0.004308312567,-0.01450822945,0.01317446791,0.01161854169,0.02931554209,0.02635107285,0.001607612349,0.003972703579,,0.01444638634
1989-02-28,0.001227465816,,,,,,0.002300971249,0.0008569366578,-0.01256366896,0.0005168991256,0.01392491003,0.003205708944,-0.007923215564,0.01532118155,0.009491139709,-0.01522747433,0.001634307864,-0.01532197512,-0.002981923278,-0.005670309629,0.00708175819,-0.0009337017798,0.0002442914241,,,,-0.01475668162,-0.009897280709,-0.009036926354,,,-0.0007473292149,0.00196837512,0.01540203309,0.01746647151,-0.006916713792,0.01666705255,0.007420578126,,,,,-0.008473946018,-0.001980444587,0.0016059979,,0.01119640023,0.009650321721,0.01528572032,0.01939083024,0.01707373051,,,-0.009387437159,,,,,,0.01722334439,0.009885792459,-0.01308132615,-0.001816188548,,0.009227103261,0.008225727325,-0.006935930052,0.006946727316,0.002074190348,0.00793225387,-0.007836162842,,0.01626864793,,,0.01537783602,0.006847467595,-0.007022058543,0.01309359347,0.01467177809,0.01206123636,-0.003747604899,0.002038165295,0.001754524867,,,,,,,,,,,-0.003011041657,0.01457251464,0.01802125245,0.005074655246,-0.00550827301,0.01470442562,-0.01397859721,0.007711585085,0.01931290254,0.0243122259,0.02241810608,0.01957489818,,0.01911374054
1989-03-31,0.001504767502,,,,,,0.0004799331831,0.007567105531,-0.0006968811466,0.03040031019,0.00512603071,-0.009195030231,0.01182677908,-0.008483885575,0.01074440218,-0.001673128621,-0.01216592371,0.00226130504,0.02041624117,-0.0007316477901,-0.006291122212,0.0121324112,-0.005284580839,,,,0.01489506903,0.01312779515,0.0160800543,,,-0.02385028658,-0.01364998245,0.0004152432531,0.00353346303,-0.02067105921,-0.01229894249,-0.02190265273,,,,,-0.01310540491,-0.01961016797,0.02129575438,,0.03258506225,0.020356157,-0.01228401779,0.01522284885,0.004667297787,,,-0.03089406943,,,,,,0.01665938064,-0.01803065707,-0.01823656359,-0.01656331325,,-0.006385567948,-0.005437826382,-0.008300014572,-0.005212436882,0.01290864197,0.0002958337879,-0.02181595937,,0.006514719294,,,-0.01387212874,-0.01550293767,0.007613287917,-0.01884720726,-0.02723626413,0.00272285897,-0.01423451931,-0.01105387238,-0.02291962592,,,,,,,,,,,-0.01315836343,-0.02128005163,-0.01098843546,-0.01207829341,-0.01260187876,0.004236005552,0.01868859274,0.01798400957,0.008437640229,0.02202369486,0.006371126842,0.008003551655,,0.01575201836
1989-04-30,0.006263492941,,,,,,-0.009950948899,0.0264472717,-0.01029393749,0.02108844507,-0.0219307538,-0.006534982135,0.01668331531,-0.001201345857,-0.007003443212,-0.0230884606,-0.02598781338,-0.01034933381,0.002496369811,-0.009932337266,-0.00131399725,-0.01456196636,-0.0003818817983,,,,0.0001427453219,0.004045795525,-0.003901769174,,,-0.01310788329,0.008668524358,-0.009390436097,-0.01318779183,-0.01338624491,-0.003163527011,-0.017167951,,,,,0.006893269737,-0.006617589743,-0.002098752265,,0.02001332883,0.01789856664,-0.01025736736,0.006181995057,-0.00263959322,,,-0.02243232146,,,,,,0.00128969764,0.0008460490051,-0.00509638875,0.001750844401,,-0.005851557407,0.004187061341,0.01790072441,-0.01061866508,-0.01685897555,-0.01392279514,-0.005734041383,,-0.001765922781,,,0.01336105598,0.01054638731,0.01531250779,-0.009921082594,-0.005867011613,0.006899335261,-0.008592382799,-0.00265963097,-0.002630267624,,,,,,,,,,,-0.01144113737,0.0001133341281,0.002208026603,-0.004189454173,-0.01662492798,-0.00335736457,0.00296559178,-0.006260164437,0.009372015246,0.006599047682,-0.0007298641396,0.00754510234,,0.006027662904
1989-05-31,0.004718963828,,,,,,0.00213636837,-0.009656610486,0.008860048785,0.004870843971,-0.005596574212,0.004830287577,-0.005629966366,0.003076049804,-0.02323902608,0.01192688094,0.01397505673,-5.244868054e-05,-0.01901582041,0.002475679195,-0.01175008998,-0.003040722738,0.007909132499,,,,0.002886285469,-0.0001650166033,-0.0006972719355,,,0.002671703079,0.003767632128,-0.01681861477,-0.01428791615,0.02140923097,0.006371226395,0.01509339499,,,,,0.02301672114,0.01527010954,0.002965068622,,-0.001536364839,-0.008352244507,-0.001179722152,-0.0205676463,-0.02506387732,,,-0.009565315136,,,,,,-0.02582404996,0.00115693417,0.002428125424,0.002392486601,,0.002958945129,0.004302489151,0.007870867749,-0.004228230951,0.004495813311,-0.001214294567,-0.006859680453,,-0.02560360251,,,0.003392156386,0.007976777912,0.01577584801,0.001619921462,0.005054934438,0.003138984179,-0.002200519403,0.002256437327,0.005120016167,,,,,,,,,,,-0.00398769723,-0.005793159253,0.001190817433,-0.001815304871,0.004173806318,-0.004289173912,-0.005366543357,-0.01478765752,0.004723588144,-0.002411914385,-0.02746770391,-0.02398439698,,-0.02007611039
1989-06-30,0.01212593938,,,,,,-0.01236279841,-0.01703098329,-0.009575860466,-0.0141951986,-0.02422867305,-0.001141188603,0.01037813152,0.007361532511,-0.02050490425,0.04278602741,0.0411823833,0.0276631796,-0.002567538853,0.03358179586,0.01183130222,-0.00880490357,-0.01024247988,,,,0.009323979908,0.03204981754,0.007066634409,,,0.03360707746,0.01381437079,-0.0136345814,-0.01322904973,-0.003864790132,0.01756922361,-0.01009641473,,,,,0.01126393221,0.00787864064,0.01483897843,,-0.02386369736,-0.009360449991,-0.01265115475,-0.03185312221,-0.0258500846,,,0.01086814713,,,,,,-0.01586471565,0.008143023361,-0.007910462739,0.02817519258,,-0.002628620222,-0.006546534988,-0.007637664879,0.002927114219,0.002104892528,-0.005060790646,0.01780073925,,-0.01475407512,,,0.01715489795,0.007216832964,0.006034151108,-0.00542430594,0.02442821776,0.001370708138,0.009087643671,0.03603921796,0.02688456015,,,,,,,,,,,0.01463367382,0.007736990895,0.01444675008,0.008953310791,-0.01095357612,-0.009349245208,-0.01960465749,-0.03056414691,-0.008889748094,-0.01957263727,-0.01731878268,-0.02162737094,,-0.03170219523
1989-07-31,0.01397056986,,,,,,0.0205620287,0.007241669603,-0.001355076947,0.01553114243,-0.00287293823,0.01216276623,-0.0001238047813,-0.02744530212,-0.004831659981,-0.01328525559,-0.01836442196,0.007966564542,0.01435013815,-0.005142480465,0.003572720489,0.01844048879,0.01973267665,,,,0.009838929721,-0.009537516838,0.01590983019,,,-0.006558020848,-0.01133211585,-0.01529604017,-0.009872750323,0.00575636457,-0.01949011074,0.003819222242,,,,,0.003345762082,-0.008477216219,-0.01168515566,,0.02071009844,0.008058323138,-0.01146809773,-0.00825548986,-0.01305595512,,,-0.02475635646,,,,,,-0.002366051447,0.005093147066,-0.0005631033603,-0.01389124265,,0.001417311542,0.00482928074,-0.01487779307,-0.01202251428,-0.01090417722,-0.001062683622,-9.097238682e-05,,-0.006111518147,,,0.0003296235158,-0.004522353822,-0.009404231806,-0.008390426394,-0.003331289348,0.002647432132,-0.001607616266,-0.01543502831,0.004989905795,,,,,,,,,,,-0.01121264664,-0.0005324344226,0.0006511442036,-0.003740197721,-0.01986318042,-0.02664098903,0.01444998569,-0.004903441554,0.008596846486,0.007321641242,0.002180581243,-0.0003011445182,,-0.008567940696
1989-08-31,-0.006447134318,,,,,,0.008512470102,0.006061932825,-0.004434841605,0.01497535058,-0.003595622183,-0.002592134402,-0.006006397968,0.01960852758,0.002304240719,0.009248360162,0.01373765807,0.007467076681,-0.001632612496,0.008654307268,0.004477923764,0.0006033971995,-0.001662005017,,,,0.02079387218,0.02248856232,0.02285873927,,,-0.00323982362,0.00338107046,0.005779860273,0.007484624705,0.01388395861,0.0164817678,-0.01409506349,,,,,0.003391853926,0.02076304376,0.01154167663,,0.01011788093,0.00572324254,0.01011852227,-0.0003914504714,-0.006763068624,,,-0.001623236939,,,,,,-0.007361463902,0.01082507517,0.02126642618,0.01464883952,,0.004565084102,-0.0110642519,0.01191079591,0.004918360018,-0.00613232011,0.01111986002,-0.01159460408,,-0.01606865783,,,-0.001702492135,0.002427966287,0.02311368766,0.0129903473,-0.008737134471,-0.0005151245522,0.005570421608,0.009193395476,-0.002636780526,,,,,,,,,,,-0.01606232509,-0.01249685226,-0.01504777906,-0.01955987243,0.00729388065,0.00986534658,-0.002401790637,0.004683319335,0.01503194071,0.01817599015,-0.009848246457,-0.009307917424,,0.002224587762
1989-09-30,0.01983203518,,,,,,-0.00524729473,0.004687709439,-0.0005355487426,-0.01838886616,-0.01776716643,0.01896966378,0.004122483435,-0.01921051889,-0.01267913818,0.01629178439,0.01731412139,0.008926846134,0.003725256541,0.01088343217,0.02167072807,-0.00185993366,-0.006758773489,,,,0.005217200071,0.008425095457,-0.003616865012,,,0.002836361326,0.001577254259,-0.01533797188,-0.0088212452,0.004181526054,-0.01251280758,-0.006028229613,,,,,0.008092270762,-0.005628341909,0.01430471736,,-0.01447283636,-0.0291543744,0.01360503439,-0.0331706363,-0.03489999024,,,0.01996754017,,,,,,-0.03142420836,0.01381402551,0.009065831503,0.01406032546,,0.0009840516895,-0.00923974702,0.0107873463,0.007338325899,0.005261286112,0.01023291408,0.01557383997,,-0.0264093692,,,0.02415891833,0.02039641774,0.02780347848,0.01876387801,0.02781406115,0.01790312533,0.0202077036,0.02349895854,0.02418696734,,,,,,,,,,,0.004657372732,0.02295453576,0.0172142052,0.01750063411,-0.006512826864,0.003084055716,-0.006767512972,-0.02179171249,-0.0128541684,-0.01779083319,-0.03024973333,-0.0267692745,,-0.03319451261
1989-10-31,0.004129999479,,,,,,-0.008798020148,0.02866200456,-0.0004655206015,-0.03525216335,-0.04495693854,-0.01661473929,0.01115356375,-0.03506187513,-0.02199219401,0.01473057749,0.01383393095,0.001714051036,0.01643063455,0.001081605057,0.01171744145,0.01491800463,0.01186764771,,,,-0.005805089328,0.01658333077,-0.01708743185,,,0.01021055864,0.01308032113,-0.02078982557,-0.0214078017,0.0126506727,-0.03656270036,-0.02066529825,,,,,0.02114923529,-0.01111672464,-0.009223643222,,-0.02644443581,-0.03243575806,0.007467328246,-0.04918906776,-0.05640048812,,,0.0314560976,,,,,,-0.04073425315,0.02402328826,0.04081195555,0.04489584031,,0.02471894518,-0.02353115955,0.001813603259,-0.006483261258,-0.008349457906,-0.008059586619,0.01680333379,,-0.03591431663,,,-0.0002763592676,-0.002496082214,0.005770086695,0.01667346236,0.02337527192,0.002732746538,0.02544498206,0.0427311333,0.01888643442,,,,,,,,,,,0.0328561468,0.008992703052,-0.005069848451,0.01489704277,-0.01129052041,-0.009432652337,-0.01395805531,-0.04518532089,-0.02964447178,-0.03868354107,-0.04253075444,-0.04763571374,,-0.04936815007
1989-11-30,0.01282659998,,,,,,0.004104738857,-0.0048567662,-0.005919440307,-0.008602315414,-0.005190712659,0.001099934046,-0.005553823297,0.005370224979,-0.001342738419,0.009247565794,0.0123616762,0.005325813465,0.005320641445,0.01055650812,0.009006014701,0.01114450466,0.0002410988678,,,,-0.008515008573,-0.00405034089,-0.00202534483,,,-0.001334124935,0.005037492994,-0.002669378312,-0.001453511554,0.009783260727,0.002481664045,0.003621466222,,,,,0.008532353337,0.004702447041,0.007610343554,,-0.01073146785,-0.003742572721,-0.001336365987,-0.01785975238,-0.01632369075,,,0.001656409502,,,,,,-0.005012966778,0.005087371338,0.006862819297,0.01509095885,,-0.004953246159,-0.01011400639,0.001170717479,-0.00430262863,-0.008165758823,-0.006691432113,0.001531122284,,-0.009306235007,,,0.005285439123,0.004521459799,0.002331658713,0.002339902972,0.01344343965,0.001721628306,0.004624319642,0.01352222083,0.01263527119,,,,,,,,,,,0.01485360282,0.008033425578,0.01089035516,0.005573273336,-0.006348200011,0.002556177796,-0.003513697276,-0.005469561663,-0.007585488001,-0.007585258744,-0.00846127469,-0.006744083324,,-0.01762913146
1989-12-31,0.01025873068,,,,,,0.01079092441,-0.01382657433,-0.001139402494,-0.00234915343,0.002253376034,0.012023194,-0.008868888678,0.003061736317,0.002866779694,-0.00141210326,-0.004145593101,-0.002156176777,-0.002028676002,-0.001695969353,-0.001226961207,-0.005532132027,-0.001058909239,,,,-0.001813187673,-0.00587541768,-0.005201367511,,,0.005155742046,-0.008314855209,0.002801913514,0.005201879089,-0.00784806126,0.006558118,0.0005396626969,,,,,-0.004369377792,-0.001329655665,-0.009795850061,,-0.0002937511799,-0.01224987333,0.007205946572,-0.009662370595,-0.01200395051,,,0.0009983803472,,,,,,-0.001893045801,-0.01496434439,-0.01341654016,-0.003566766603,,0.01200458134,0.01218925931,0.005275310328,-0.005180551244,-0.005424227174,0.0004900413626,-0.005848195514,,-0.005919114341,,,0.01416351003,0.01651455009,0.01305540995,0.007265782096,0.0003482894544,0.00641150135,-0.00136143697,0.00331824441,0.0005786422881,,,,,,,,,,,0.01434914716,0.008723062455,0.0007473690474,0.005496381701,-0.002764897683,0.005349568855,-0.008712083058,-0.004608365798,0.005032144348,0.001744490433,0.003051455454,-0.0003488896913,,-0.009405392836
1990-01-31,0.0069946971,,,,,,-0.01413790994,0.01008847786,-0.01545537721,-0.01173369758,0.007106771984,0.003953057193,0.00776825411,-0.001938718018,0.00957866939,-0.003663128892,-0.003488463597,-0.001285704644,0.008094861227,0.002269801044,-0.01217748511,0.003247043065,-0.002048891455,,,,-0.01112308697,-0.01706928839,-0.01320375298,,,-0.01280416403,0.007684583777,0.007766641461,0.008520182744,-0.02245911086,-0.0036543448,-0.004295666737,,,,,-0.0232678841,-0.005538060854,0.004884289941,,-0.001125982651,-0.009925424285,0.009997567119,-0.003593428661,0.007239924364,,,0.002921336802,,,,,,0.00169737461,0.001451728148,0.01362392436,0.008785334178,,0.01579271242,0.006120889723,0.01329661212,0.004756611438,0.003897518639,0.0005568059464,0.009937051618,,-0.002797344971,,,0.01087806075,0.01539735183,0.005294354875,0.00968116106,0.006031302838,0.006733593656,0.003391902775,0.01332515187,0.007348948334,,,,,,,,,,,0.01897268723,0.01090457245,-0.001145259325,0.01183153113,-0.003879730801,0.01418832718,-0.006139101585,0.001043878789,0.003413809675,0.002590979074,-0.0003078943581,4.422503738e-05,,-0.003591057614
1990-02-28,0.01007527056,,,,,,-0.002765659569,-0.009055576308,0.006139990476,0.0007343634923,-0.0001083478161,-0.001715075034,-0.0128920886,0.007873549568,-0.008909533564,0.003130645446,0.01046736365,0.003903185752,-0.003479966632,-0.001735057337,0.007510277192,-0.01304706807,-0.0009445272069,,,,-0.01127567686,-0.008437565204,-0.003653072826,,,0.01371031827,0.005895547473,-0.01616216255,-0.01265951306,0.0110219086,0.01013120017,0.002783031547,,,,,0.01173560279,0.01291447636,0.0008564256005,,-0.005006542067,-0.00862936098,-0.003438333503,-0.01505435326,-0.01370403794,,,0.00534004789,,,,,,-0.003580285363,0.0119308392,-0.0007665181467,-0.003844969509,,0.001479230673,0.01019380273,-0.009425467307,0.01233662188,0.01959540012,0.007532507781,-0.007858524622,,-0.0002280052084,,,0.01087769626,0.008481178929,-0.0004684735127,-0.003317037027,0.0089983805,0.01968760734,0.006544183584,0.01077096168,0.01237467168,,,,,,,,,,,-0.007358756308,0.002883549678,0.001433153883,0.0005285680913,-0.01017809748,0.004289460897,-0.0103591429,-0.01740764878,0.005343500651,-0.003243668413,-0.008103724275,-0.005901340698,,-0.0142757984
1990-03-31,-0.009116008436,,,,,,0.007951902041,-0.04055482624,-0.01768839801,0.02705761431,0.02993399934,-0.02945659969,0.000345744029,0.02402294655,0.004557853578,-0.01697997086,-0.002707458618,0.00869657132,-0.02639858368,0.00925154326,0.001564258492,-0.006315197268,-0.01204564943,,,,0.003883872319,0.01769807337,0.02936904879,,,-0.02360145372,0.002010694601,0.0177226239,0.01678823337,0.01675176006,0.02333121823,0.01394263211,,,,,0.00768038795,0.02408281315,-0.004007936918,,0.01060915129,0.03222032449,-0.01790520921,0.02827188853,0.02487881085,,,-0.02565820648,,,,,,0.02391969958,0.005223036665,0.02344870524,-0.0006076835812,,0.0100467277,0.01377327615,0.006557805374,-0.006736705927,0.02155719787,0.02073699845,-0.01022192186,,0.02050963552,,,-0.01917759259,-0.004653173001,-0.008969798616,-0.01868196702,-0.0155120292,-0.00916377228,0.02135358228,-0.01679097934,-0.02069960233,,,,,,,,,,,-0.02853187757,-0.0083591884,-0.006120183726,-0.009256452441,0.001289418739,0.01384324739,0.005518119081,0.01433256206,0.0217376633,0.01910751464,0.02441426417,0.0190350358,,0.0273081011
1990-04-30,-0.01554023524,,,,,,0.0813385204,-0.1748272573,0.1663753999,0.1964838886,0.06801153994,-0.02128271025,-0.04779280336,0.02222462748,0.1036309485,-0.008284110739,-0.004357469649,0.04057164637,0.01299842787,0.02455265492,-0.001918105203,-0.03228311178,-0.05853748628,,,,0.0229716493,0.01166692673,0.07691298265,,,0.06201928985,-0.09778133977,0.03512881795,0.07615779422,0.0160332924,0.01854273312,-0.02727645766,,,,,-0.0982026393,-0.0462192518,-0.05179085334,,0.2050741076,0.2892590996,-0.1569802359,0.2981083846,0.2779513291,,,-0.2461704246,,,,,,0.2454731521,-0.1994949373,-0.06172906881,-0.1562554231,,-0.1370274193,-0.1343771594,-0.02842712389,-0.1637200451,0.02618494343,0.02637102974,-0.1028590515,,0.2293686953,,,-0.1970083306,-0.08452095023,-0.03881019307,-0.1986115333,-0.263202593,-0.149336413,-0.08782436646,-0.2232494315,-0.2492473897,,,,,,,,,,,-0.1185307883,-0.1762164242,-0.07542235239,-0.1842759248,-0.09149437197,0.01638093448,0.1946294355,0.2627241937,0.1926606475,0.2122383774,0.2357519933,0.2317943867,,0.2982031249
1990-05-31,0.05202934448,,,,,,0.1612882805,0.0489587597,-0.1165449266,0.2136839135,0.2489124035,-0.09695696999,0.02080921305,0.1847150929,0.2334898118,-0.2185113784,-0.02893053396,-0.138240033,0.00453175248,-0.2021363572,-0.08120619994,-0.001262383904,-0.09373552775,,,,-0.05805335416,-0.056714208,0.0966401554,,,-0.2928889614,-0.1135233422,0.2274615991,0.2094629622,-0.0007889978245,0.1085414517,0.107577323,,,,,-0.2175273795,0.1078491732,0.05032363102,,0.1913501286,0.4876532124,-0.3818802503,0.4659369844,0.4488862455,,,-0.07518818817,,,,,,0.4269059043,0.03638571972,0.2348599446,0.2079274215,,-0.02540109196,0.01708978385,-0.01850024852,0.1054591033,0.01003511004,0.1984848565,-0.1538293155,,0.3997778482,,,-0.2412933443,-0.1786419624,-0.2071753843,-0.3823436686,0.002608191298,-0.1232669293,0.1514440476,0.1219945381,-0.001563883566,,,,,,,,,,,0.02030948119,-0.05070573322,0.017570593,0.0129526372,-0.3433168432,0.01139438335,0.4217663037,0.4373409335,0.3945227861,0.4187947721,0.359781467,0.4250946216,,0.4657202772
1990-06-30,0.003693587522,,,,,,0.01070331614,0.001447475562,0.001933376415,0.004127808941,0.004494015171,0.007312470928,0.007354167347,0.01092453118,0.007359116905,-0.0009501499,0.008662831232,0.003378549655,0.003291139622,0.006324605402,-0.002976555043,-0.002654564094,0.005887908417,,,,0.01064958466,0.01021823329,0.006009340207,,,0.0007739403754,0.001220767035,0.0108863083,0.0121289842,0.003582629909,0.00446831924,-0.003233947422,,,,,0.002930752108,0.008672173313,0.01038784388,,0.01218264119,0.00882402925,-0.00199112002,0.006837209349,0.002939571375,,,-0.00150621522,,,,,,-0.000210718867,0.00432820571,0.000283490001,-0.00162921583,,-0.008094211501,-0.008186321902,-0.005872286746,0.00741261906,0.0189616957,0.02483098694,-0.004070616433,,-0.002396754999,,,-0.003994656345,0.0004022723949,0.001999366994,-0.001364163518,0.006592688685,-0.00101526488,0.007286380478,0.003426677577,0.002431211187,,,,,,,,,,,-0.0003587543909,0.001680462916,0.01025451997,0.0101194101,-0.003285070473,-0.003729517878,-0.002382427531,-0.002270143548,0.01064853722,0.007572390849,-0.004433249545,-0.001887871344,,0.006967222506
1990-07-31,-0.01209596919,,,,,,0.006632739173,-0.01329020613,0.001458916403,0.0136707797,-0.005378615092,0.0007162038361,-0.001212709675,-0.0005507048269,-0.004715280338,0.003062843763,-0.0115799466,0.01165220145,-0.005074473576,0.009520804923,0.01212662671,-0.00383084606,-0.002405975719,,,,0.008450099317,0.0119549146,0.006113427223,,,0.0003807575187,-0.0105795453,-0.000495121449,-0.003778921474,0.008314608688,-0.0005894767151,-0.007236421213,,,,,0.0002326021563,0.003494460355,-0.01662134866,,0.008609049608,0.02110720801,-0.008808377633,0.008350134866,-0.00180864689,,,-0.0122207586,,,,,,-0.004407795221,-0.01850454364,-0.001889735462,-0.01196301429,,-0.007554398445,-0.002154762834,0.003254932351,-0.01730858544,-0.005658107567,-0.0006018130731,-0.007922554155,,-0.003151691016,,,-0.002209770131,0.003817031541,0.01215039036,-0.009996192629,-0.01385176518,-0.0009317884375,-0.001748491536,-0.01060594597,-0.01178410726,,,,,,,,,,,0.008836525545,-0.007444729585,-0.002302074753,-0.003848751419,0.007847432761,-0.00229713687,0.009931756518,0.01334581666,0.02320966675,0.01557396953,-0.00821773136,-0.005936461557,,0.008265914956
1990-08-31,-4.525743468e-05,,,,,,0.01053422234,0.01472000156,-0.001977501482,-7.374854759e-05,-0.008313400582,-0.005442375557,0.008101009409,-0.002412335538,-0.004078981349,-0.001709198912,-0.001698727472,-0.002600502391,0.007073887523,0.003115258453,0.006520326433,-3.935077992e-05,0.003925204923,,,,-0.00309162759,-0.007073031638,-0.01169437323,,,-0.004610489597,-0.002921500236,-0.0051595188,-0.005601023458,0.007831577594,-0.007244424532,-0.008635834138,,,,,0.0009082842043,4.223498399e-05,0.01143483886,,0.004771506332,-0.01459443835,0.00828904436,-0.00784418393,-0.01314487824,,,-0.001100118239,,,,,,-0.01437835857,0.0146801578,0.009061695221,0.003953777088,,0.02284797281,0.005303059645,-0.002888527089,0.02105091847,0.01580553125,0.007763704224,0.0007909649233,,-0.01181921163,,,0.01690826456,0.01379436837,0.01523474038,0.005756833123,0.01530520618,0.01651269842,0.008689542125,0.009121683049,0.009118810604,,,,,,,,,,,0.001446510112,0.008091346966,0.008287479207,0.009076144854,-0.01468358501,0.009742574387,-0.01242408261,-0.001919049558,-0.001098947749,-0.006553003928,-0.01720130648,-0.01314794003,,-0.008345243988
1990-09-30,0.04162615435,,,,,,0.03047270129,0.04153277167,0.005150201143,-0.01682322828,-0.00644076896,-0.01418354878,0.01987370728,0.002376086788,-0.004434031644,-0.02725916195,0.001999432478,-0.01284358478,0.02452661388,-0.01599414843,0.002135631253,0.023468476,0.02404200084,,,,-0.003997074841,-0.01181185784,-0.01296020239,,,-0.01287580896,-0.01830635593,-0.0111398271,-0.01552372343,0.02471581179,0.0002594376527,0.008882662734,,,,,0.00849311335,0.005039041745,0.02003394764,,-0.01363526025,-0.06172036326,0.0110795753,-0.08092367545,-0.04163166539,,,0.04777040055,,,,,,-0.02577233308,0.03581241048,-0.03103290794,0.02618816611,,0.03983104327,0.002659046263,0.009370150673,0.05204988693,-0.01537901237,-0.0222474891,0.02546206568,,-0.01433667185,,,0.0550253191,0.02604908655,0.02697798056,0.01469509625,0.05888002861,0.03743274783,-0.02013815974,0.03438438985,0.05010300352,,,,,,,,,,,0.009365606929,0.05047262643,0.04701661175,0.03458053815,-0.03901787612,0.003513956011,-0.03805053975,-0.05992221264,-0.05198142495,-0.06667907961,-0.03468453389,-0.02605265244,,-0.08083363729
1990-10-31,0.009952500558,,,,,,0.02940455463,0.045842449,0.01152423778,-0.008750458177,-0.02344895277,0.04085471722,0.03542814351,-0.01165759742,-0.002245735559,-0.006500790422,-0.002997790581,-0.008237030486,0.01419965961,-0.01624560025,0.01750455753,0.01040369326,-0.02548057935,,,,0.03363885831,0.005019691736,0.03050807116,,,0.005827911841,-0.04028046297,-0.01171232051,-0.008292310297,0.02251803373,-0.02663264096,-0.03241145677,,,,,-0.01709385611,-0.01928832518,0.03797300868,,0.009412946199,-0.06292863358,-0.002422083562,-0.05949507207,-0.04100045475,,,0.06019410173,,,,,,-0.03001399536,0.03503715095,0.03332457916,0.03390585181,,0.04631474957,0.01466817904,0.01946415587,0.04444591372,0.04424636068,0.04834670944,0.03645047859,,-0.01250139479,,,0.03868938341,0.02189303554,0.01728554839,0.004778005131,0.0539049839,0.02128341134,0.05197526853,0.0512754522,0.04939236706,,,,,,,,,,,0.06993893181,0.04518356499,0.03737294789,0.03797995576,-0.02112233198,-0.008259284628,-0.005789727495,-0.03204089505,-0.03887064536,-0.05653681293,-0.0350432399,-0.02655940449,,-0.06161747361
1990-11-30,-0.007152349867,,,,,,-0.005411048525,-0.002186578233,-0.004813825113,-0.01048219317,0.006815467686,0.01160458464,-0.006374516719,0.007471125853,-0.004877317335,0.000501500366,0.008802713694,-0.006329757839,-0.007128430942,-0.007597864047,-0.008465535645,-0.0007224250161,0.003984681895,,,,-0.007182514971,-0.01012911905,-0.004208273906,,,0.01513328182,0.01930538153,-0.001098189255,-0.0001814940088,0.001257202035,0.008499261807,0.01363384033,,,,,0.01913105525,0.01026057332,-0.001142042918,,-0.008073595635,0.006792038941,-0.02175755302,-0.002599463722,-0.005750177269,,,-0.0118650661,,,,,,-0.007119775387,-0.003501400202,-0.01066890512,-0.00630898663,,-0.01245786833,-0.007598593108,-0.001668242161,-0.01235558915,-0.008157297627,8.307505113e-05,0.007759001882,,-0.01189276938,,,0.006821345159,0.008154045223,0.006273624644,-0.01987628325,0.0005568927116,0.001753622367,0.002207427527,-0.005848387377,-0.002539547294,,,,,,,,,,,0.007614824483,0.004160085154,0.01035426484,0.008511859795,0.01458702336,-0.01833389256,0.007120700692,-0.01103757377,0.01257707319,0.007709685739,-0.005141348761,-0.006822825532,,-0.004476326365
1990-12-31,0.002334475408,,,,,,0.009819211457,0.004886113162,0.01275126538,0.009584865898,-0.005319393239,-0.002049790499,0.01849922873,-0.006501400372,-0.005575699941,0.001004110047,-0.007928531719,0.01534908277,0.01342960772,0.01423336965,0.004431411523,0.006506779785,-0.001374273057,,,,0.0160269359,0.01133335202,0.01382350139,,,-0.004563300124,-0.007989010195,-0.003131053741,-0.002582604605,0.01327787771,-0.003794098357,-0.009101327006,,,,,-0.002235570342,-0.004520819713,0.008528288536,,-0.0001635614064,-0.01368598769,0.002911375847,-0.01890111545,-0.004845489342,,,-0.000189228201,,,,,,-0.0160226402,0.00735897813,0.002278809437,0.009914581603,,0.004060768589,-0.003214946443,0.0009969897121,0.00100564582,-0.008110510358,7.65457465e-05,0.0008892365251,,-0.004330427063,,,0.01521332784,0.006159975559,0.003024515712,0.005388671268,0.00693963469,-0.002371641545,0.00264307008,0.002738070222,0.00393635732,,,,,,,,,,,0.004168939278,0.01228347454,0.009570094687,0.00823257983,0.002794556037,-0.005513873069,-0.01179462827,-0.01671465366,-0.005243094993,-0.009317181095,-0.01256121494,-0.00510733574,,-0.01806746164
1991-01-31,-0.007012725126,,,,,,-0.003063168842,0.01393015719,0.01393989132,0.02634253207,0.005798312201,0.03399263496,0.001832992405,-0.001053087995,0.004107705389,0.02139429556,0.01967162379,0.005012550845,-0.008749093207,0.003684445826,-0.03039198737,-0.01247083068,0.005057043153,,,,0.02344947996,0.01285016199,0.01696154059,,,0.005576357298,0.003693917948,0.002398422684,0.004557997084,-0.003745422179,0.00270543614,0.003600435591,,,,,-0.01054786166,-0.001455859559,0.01930977526,,0.0136347202,-0.01359723289,-0.003037594693,-0.02569112127,-0.004813392403,,,0.01944523198,,,,,,-0.01819202671,0.02295759117,0.03932455181,0.01976559262,,-0.003040195633,0.002124599405,0.01697244558,0.0109261632,0.04389354931,0.02894647963,0.01653643418,,-0.01091857237,,,0.007442891119,0.008864424123,0.009938179107,-0.006598936011,0.02445204323,0.02376262611,0.03880597337,0.03585040672,0.02025272213,,,,,,,,,,,0.02979899842,0.02048602291,0.0125443678,0.01557122217,0.0157192006,0.003107447422,-0.01149679643,-0.02272371514,-0.001449958419,-0.009613543041,-0.0245724222,-0.01545192991,,-0.02740358772
1991-02-28,-0.01316642752,,,,,,0.01212045252,-0.05925132991,-0.004081699288,-0.0436534328,0.05671983823,-0.05477437907,-0.03813887956,0.02151073718,0.02541688003,-0.01294905541,-0.0299509176,0.01557970796,0.000107107395,0.001067338099,0.01366419642,-0.006474197292,0.01518207319,,,,-0.06116151496,-0.04391070375,-0.05790574027,,,0.03293657792,-0.01215478006,0.0369326531,0.04590044893,0.02700730416,0.05492359913,0.0173675606,,,,,0.02013255565,0.02732557123,-0.0622952926,,-0.04897381276,0.08605062086,-0.000521240866,0.08732171276,0.04677101821,,,-0.07118054754,,,,,,0.06152958749,-0.04402016592,-0.0002894315992,-0.05491069505,,-0.05075500124,-0.0305113203,-0.02556970396,-0.04572500443,0.02926970174,0.003289652112,-0.05644053717,,0.04623747021,,,-0.07383930579,-0.04256874259,-0.02073652905,-0.01118471993,-0.07004729261,-0.03906082593,-0.02457010827,-0.0871829267,-0.06243009757,,,,,,,,,,,-0.05180148797,-0.06785293327,-0.07250266912,-0.07135372365,0.009585367574,0.02146028314,0.007097470107,0.03787962946,0.07158644725,0.08018689016,0.07016770416,0.05328116505,,0.09090281349
1991-03-31,-0.01605347158,,,,,,-0.03083597488,-0.06672317522,0.01354761119,-0.06245603614,0.05292184542,-0.07149014143,-0.06757331983,0.03911379299,0.06351999619,-0.01043531113,-0.03045947993,0.002461658243,0.04091059462,0.01354000517,0.03881866137,0.01035133739,-0.0347352836,,,,-0.08572364209,-0.07064784104,-0.07873732643,,,0.01637354755,0.006629965471,0.06324343111,0.05991510557,-0.01631987285,0.03894356387,-0.004983661287,,,,,-0.02994684843,0.02252325684,-0.08062669591,,-0.06428725914,0.1162593736,0.001743985506,0.106933846,0.07286185337,,,-0.1058877811,,,,,,0.07335875257,-0.08685787439,-0.03108995705,-0.08856162719,,-0.07547427742,-0.06612051726,-0.02134495446,-0.07557453881,-0.02760633345,-0.02133448179,-0.07524609668,,0.04089704563,,,-0.09847421481,-0.05946591306,-0.0273061951,-0.001277071385,-0.1057748725,-0.03843240738,-0.04432142905,-0.109021106,-0.1047417661,,,,,,,,,,,0.0247364242,-0.1076345074,-0.1068864647,-0.09599126114,0.0008029313346,0.02203580497,0.0680623135,0.1051657994,0.1061721966,0.1156167648,0.05485855736,0.06359958909,,0.1082721829
1991-04-30,-0.03009294864,,,,,,-0.005573729536,-0.01356364377,0.01922938617,-0.0007895673792,0.03464454114,-0.02069483617,-0.04090412146,0.03700385474,0.0304053606,-0.01550687309,-0.02237485942,-0.007675547349,-0.02722846046,-0.001623200389,0.01087988205,-0.01105272424,0.006388059826,,,,-0.01524843486,-0.005141746609,-0.01180778003,,,-0.0236594987,-0.0004982604889,0.03957440886,0.03906778946,0.01519963003,0.04004139651,0.01334742585,,,,,0.001141923386,0.03112345454,-0.0277419371,,0.02025069474,0.06600187741,-0.02899385123,0.06744174335,0.06002108935,,,-0.02212690064,,,,,,0.03574234541,-0.03475421784,0.01150603368,0.003216678956,,-0.03319619812,-0.02853317673,-0.01088762789,-0.03241577601,0.02063660825,0.007181423873,-0.02173911592,,0.02961037538,,,-0.05050637375,-0.04378409128,-0.02284493651,-0.03242103938,-0.04596369428,-0.02209356603,0.0001305515507,-0.02760488727,-0.0465178745,,,,,,,,,,,0.03184877864,-0.03650790365,0.01493373957,-0.04678211284,0.01027717033,-0.01397617364,0.04431961774,0.05332901737,0.06078387537,0.06814300487,0.04218471023,0.03320008071,,0.06686903933
1991-05-31,-0.0001700863474,,,,,,0.02172964844,-0.0438682446,-0.04781033704,-0.0540157374,-0.01086470924,0.01494465869,-0.004881249705,0.01388928883,-0.01475482641,0.04767323823,0.02649730685,0.04347339345,0.008557300209,-0.02510635405,-0.03230913861,-0.003187113213,0.01332277072,,,,-0.05174894937,-0.05317652367,-0.04376502856,,,0.04953658041,-3.65166343e-05,-0.01659999638,0.0211708891,-0.0267849653,0.01942263359,0.01158209898,,,,,-0.01334346042,0.01106439916,-0.04367151634,,-0.05009735418,0.05299473629,-0.04523341492,0.04887855398,0.04445061729,,,-0.0554332647,,,,,,0.05081052518,-0.04466877867,-0.0417367243,-0.05908155543,,-0.01199534755,-0.03110341979,0.01744523972,-0.05198234301,-0.02929844307,-0.0193749024,-0.05073690339,,0.0418615435,,,-0.0437381186,-0.03723575579,0.003198531144,-0.04471866633,-0.04443402702,-0.03213634821,-0.04048987691,-0.05031738895,-0.03904814803,,,,,,,,,,,-0.03284353211,-0.04109851519,-0.04572178114,-0.04786484718,-0.04135172361,0.002917599307,0.01453942477,0.01501311157,0.02085619106,0.02164677398,0.03859436015,0.04721721303,,0.04963946319
1991-06-30,0.01088967027,,,,,,-0.03344924012,-0.01891137019,0.01477122194,0.06405946903,-0.01060821964,-0.02775319758,-0.05164978726,0.03626368349,0.01264664319,0.03445151676,-0.04190442901,0.01711417649,-0.06105847606,0.03448382137,-0.0587169502,-0.003477443508,0.02882418871,,,,0.03799264664,0.06015250559,0.03727214515,,,-0.06854654867,0.05485682562,0.01240603503,0.01923159296,-0.01447279209,0.01049067261,0.02458795332,,,,,-0.002245541353,0.02497566603,0.004352703583,,0.04734886536,0.06827428557,0.01087750529,0.02754471759,0.02517549678,,,0.01502347941,,,,,,-0.002732171334,0.06170798311,0.06384139316,0.05974577025,,-0.06085997808,-0.07180050447,-0.03317660014,0.01089420134,0.02779731131,0.0368665231,-0.04148677759,,-0.01909486264,,,-0.06262835631,-0.06229127109,-0.04269190077,0.008118868932,0.01020548597,-0.03353849745,0.06980394352,0.04503869112,0.01451641242,,,,,,,,,,,0.01376268198,-0.05437987753,-0.004544955378,-0.004915878514,0.002728609264,0.03340202121,0.0235800452,0.03472441864,0.03070775501,0.04830675951,0.009914792647,0.002934350055,,0.03681718626
1991-07-31,-0.01648635087,,,,,,-0.01638500338,-0.01253525487,0.04260770869,-0.009227392618,0.0439283915,-0.04406156844,-0.03163610724,0.03397503067,0.03140703956,-0.02165584599,-0.01421774993,-0.01590962908,-0.04188600315,-0.002770002989,-0.006651786158,-0.02392806148,0.004793105428,,,,-0.04323875831,-0.01492667345,-0.04280951649,,,-0.01959420563,0.03536987113,0.03425542677,0.03367444446,-0.004202304077,0.04005190113,0.01917712559,,,,,0.007147959501,0.02822899679,-0.03863517767,,0.03373678825,0.04726650696,-0.0167146968,0.04514493695,0.06063275471,,,0.0105076236,,,,,,0.04101878717,-0.006751751692,-0.004027696308,0.02001547724,,-0.01490637657,-0.01830519066,-0.008893963295,0.008623584956,0.01008766905,0.03382221444,-0.003270073122,,0.0337862009,,,-0.0399368377,-0.04727861241,-0.02089509144,-0.02249016601,-0.02020060161,-0.05541178104,0.002329196429,0.01654909981,0.002973338944,,,,,,,,,,,0.03161618389,-0.01598034983,0.01326831053,0.02748064253,0.00877403436,-0.0001961325142,0.03251715301,0.04365725271,0.002322989511,0.005034227202,0.04668674837,0.04050222365,,0.04581609157
1991-08-31,-0.002958904214,,,,,,0.009434336286,-0.004604549797,0.01213604146,0.0100704114,0.00631426959,-0.009365457464,-0.01492973145,0.008449379248,-0.001834762461,-0.003995908732,-0.01087697804,-0.0104901152,-0.0127137824,-0.006387867601,-0.000794895932,0.002816864449,-0.004723422814,,,,-0.002678296108,0.007751586568,-0.001215146434,,,-0.0124959432,0.005081078307,0.0006298235452,0.001487415044,0.01679554812,0.01017615639,0.02046670005,,,,,0.0240957308,0.009535225836,-0.009006716506,,0.01660292482,0.03806590116,-0.01283930308,0.02506549952,0.01399408979,,,0.002784507083,,,,,,0.01577995963,-0.005729675858,-0.01169840658,0.0152006441,,0.002526017759,-0.002940609611,-0.005680867016,-0.006992709484,-0.005973978851,-0.008500497997,-0.007521132177,,0.009991415355,,,-0.01258054992,-0.008893648002,-0.005684998446,-0.01189999245,-0.01093464443,-0.004159734016,-0.002688894174,0.01905488918,0.0009553673203,,,,,,,,,,,0.01506477568,7.36311701e-05,0.00368858491,0.004838005778,-0.009372782659,-0.01289052411,0.03299656994,0.02601583836,0.02203909561,0.0170893264,0.008927521208,0.01118042292,,0.02581288347
1991-09-30,0.000193241811,,,,,,-0.01448900045,0.0006452973859,0.009703358744,0.01351165392,-0.005715137858,-0.003703147404,-0.009106646183,-9.431015656e-05,-0.008458845392,-0.002036728092,-0.01108967643,-0.00837807188,-0.01306838223,-0.00814308934,-0.02217559804,-0.011578808,-0.00749421775,,,,0.006398190747,0.004615561629,0.002878370297,,,-0.01994561138,0.01674317432,-0.008191985137,-0.005729481,-0.01247150637,-0.003026687351,-0.008014351035,,,,,-0.007254771046,0.00739998115,-0.002554321223,,0.017432334,-0.001413640543,0.00283341133,-0.01380219119,-0.006385475411,,,0.01044264478,,,,,,-0.01208706632,0.03072598823,0.0265234406,0.01987876792,,0.01211696902,-0.00051036819,-0.0009889593941,0.02193378871,0.01402129856,0.01846829816,0.01147110085,,-0.006234331006,,,0.007946005331,0.003736128202,-0.00516782578,0.005051615106,0.03684364246,0.01456989365,0.02629661947,0.01595442904,0.0257084672,,,,,,,,,,,0.02028042009,0.01839121204,0.0160527136,0.0140209966,0.006846690077,-0.007507511189,0.003409615174,-0.006875217387,-0.001919790816,-0.007451116029,-0.00960647237,-0.007598763147,,-0.01695571818
1991-10-31,-0.01934310275,,,,,,0.002597645861,0.001956491912,0.02126425482,0.007436432274,0.008943892748,-0.005365020699,-0.01334200002,0.01669089794,0.00935494141,0.008608070431,-0.003558666502,0.009702518163,-0.008752759834,0.002503612279,-0.00911420356,-0.007945355492,0.01383361788,,,,0.01012686927,0.01545184002,0.001869625689,,,-0.01143062039,0.004783774103,0.0118842389,0.01213835134,0.0156065356,0.01912951652,0.01143868431,,,,,0.01371993555,0.02008679888,-0.0001568524373,,0.006635440178,0.03203063257,-0.003380585467,0.03406802384,0.0330815975,,,0.003036678679,,,,,,0.02470170374,0.005858320272,0.03233623605,0.01346795286,,-0.006883361333,-0.001206957449,0.00300245191,0.00859026341,0.004709140102,0.001536430531,-0.01503357403,,0.01494120043,,,-0.02412734694,-0.01845130855,-0.01211852095,-0.005452037947,0.005661358585,0.0003635506809,0.02345353195,0.01516241481,0.008432014542,,,,,,,,,,,9.512451479e-05,-0.005780747729,-0.01145256978,0.0008819543141,0.01799230129,0.007249850244,0.02726163131,0.02920070301,0.02414536201,0.02428987208,0.02055722009,0.01052672226,,0.03567463044
1991-11-30,0.006633073459,,,,,,0.01286845663,-0.005467066791,0.00165337449,0.01309414757,-0.01790788907,0.01369556329,0.007345374028,0.001002978602,-0.0109862843,0.01243939686,-0.005401897815,0.01329669928,0.005680840567,0.003263635159,-0.005837763443,0.01070656261,0.008548722731,,,,0.007900031374,0.008317688736,0.005460703734,,,-0.01303080732,-0.007891810494,-0.01100432747,-0.00987612303,0.003433698975,-0.003380241925,-0.0007901937777,,,,,-0.001850828062,-0.001471372035,-0.001112531081,,-0.003405479807,-0.003282975906,0.007550764689,-0.01207878574,-0.007406629673,,,0.01086895141,,,,,,-0.01507345355,0.004904905371,0.01141874598,0.01144054467,,0.0146579527,0.01026075648,0.009798663026,0.01640296746,0.01749861434,0.01502876855,-0.01660827713,,-0.01435670981,,,0.01192599889,0.00815716166,0.005428665925,0.01073461171,0.0131350484,0.01127944207,0.01584555354,0.0155488441,0.002292858415,,,,,,,,,,,0.006178342228,0.006481292373,0.01912402467,0.0162892639,-0.002915061738,0.004928408835,-0.004900046398,-0.01228928804,-0.002747957954,-0.006441652322,-0.0144105972,-0.009727911572,,-0.01095009167
1991-12-31,0.009670915932,,,,,,0.003299995184,-0.009947331093,-2.261018414e-05,0.01502729504,-0.01428704208,0.007499319604,0.003455274892,-0.008910680729,-0.01366615705,0.003881010001,0.006299051388,0.01359518709,0.001292364729,0.01077030485,-0.02275283747,0.0006767190415,-0.001510735951,,,,0.0029717021,0.01047363311,0.002495255008,,,0.001185341995,-0.005462086651,-0.016037841,-0.01458518272,0.003500940298,-0.01059111691,-0.007177369557,,,,,0.001437379769,-0.001637695415,0.0008524600811,,-0.003336412429,0.01184162991,0.0002581104252,-0.006197508819,-0.005224287955,,,-0.003605279194,,,,,,-0.007274211552,0.002276912294,0.01270015492,-0.00243853258,,0.007818102975,0.008367778867,0.01613404485,0.006336459392,0.008962998414,0.01527972378,-0.001210839262,,-0.008278639918,,,0.006023864365,0.009824721005,0.00688052666,0.00216499138,0.007694594352,0.004880448947,0.02196885045,0.008011188095,0.0007434085697,,,,,,,,,,,0.01631285368,0.00553095754,0.009523619561,0.008571879885,-0.002856140324,-0.01678659775,0.01604274611,0.0005973109198,0.007556509819,0.001332098049,-0.006723117752,-0.006832819149,,-0.01050656214
1992-01-31,-0.02561769105,,,,,,-0.01135186108,-0.00092226363,0.03697323741,0.01578569778,0.04185335448,-0.03157078136,-0.03614821846,0.03800220034,0.05833692007,-0.02109399985,-0.03390844091,-0.03236863911,-0.0515590981,-0.01951314829,0.009739799496,-0.02500770081,0.01660190834,,,,-0.02242366605,-0.02303033593,-0.0187122142,,,-0.01744444352,0.02887177687,0.05762995864,0.05679105317,-0.004534734987,0.04554267287,0.02245038621,,,,,-0.007816590047,0.02549279029,-0.0210112125,,0.03889771228,0.0431449856,-0.01305839434,0.05225214436,0.05909350685,,,0.006221710137,,,,,,0.04981255791,0.03498831657,-0.01152266448,0.03715535435,,-0.01454588815,-0.01730164481,-0.02546661254,0.005543572792,0.005214198992,-0.007177967917,-0.02776806315,,0.03518895245,,,-0.01716180135,-0.02702203883,-0.02130474604,-0.01531297823,0.0216223607,0.01150652718,0.001933527857,0.02902329588,0.03791692211,,,,,,,,,,,-0.03854280346,0.01065450313,0.02224964523,0.001487232063,0.008424230803,0.006849050232,0.02127654755,0.04572800724,0.02133868794,0.03254702161,0.05215569342,0.04903156023,,0.05790261807
1992-02-29,-0.01063692061,,,,,,0.001752449505,-0.02105614863,0.01267203657,0.003217726473,0.01141185826,-0.01976975482,-0.01936328393,0.02713640147,0.01982480113,-0.01301875248,-0.02792076536,-0.01808791754,-0.01614897278,-0.01315307853,0.00941593653,0.007304405358,0.003297901098,,,,-0.01387388966,-0.008837514623,-0.009465899241,,,-0.02864234295,0.01524145634,0.01928334316,0.01862348967,0.01125547179,0.02145104833,0.01599233018,,,,,0.005417307726,0.0228200597,-0.02956177239,,0.0284111822,0.03595444758,-0.004495523681,0.02980472783,0.03529920451,,,0.01725389014,,,,,,0.03670939724,0.03962238694,0.005830397749,0.04473542463,,-0.01969736959,-0.02005852709,-0.009452963936,0.0157320494,0.009053154105,0.008861215952,-0.01494721001,,0.02973398976,,,-0.02110479449,-0.03032700314,-0.0336193465,-0.007587413801,0.02105105097,0.01846469437,-0.01449293934,0.01450749305,0.01081486928,,,,,,,,,,,0.01990665858,0.007104430071,-0.03124112944,-0.02783310461,0.005244679507,-0.002244777503,0.007419888693,0.01239464336,0.01029510233,0.0138536778,0.03968359863,0.03317213097,,0.03412659544
1992-03-31,-0.01259329542,,,,,,-0.01823478042,-0.007564097748,0.01482535135,-0.006604290666,0.01871928498,-0.005324942844,-0.01855278611,0.01496940769,0.02407146859,-0.01012044174,-0.01167706873,-0.0172876759,-0.0143135605,-0.002160620144,0.005255894529,-0.01252584662,-0.008668781539,,,,-0.004927829308,-0.01074328285,-0.003708232518,,,-0.01064052631,0.01421588075,0.02561612895,0.02535552957,-0.01081528129,0.01926091253,-0.004880867952,,,,,-0.01176190782,0.004523223657,-0.007516459024,,0.01688893113,0.02939774888,-0.01449442197,0.04128601438,0.04534263567,,,-0.0002492428632,,,,,,0.02766906203,0.01735711489,-0.004230864448,0.003449613535,,-0.01646069793,-0.01493858473,-0.0139008607,0.01874015221,0.02055266429,0.01690548385,0.001312711921,,0.02471063292,,,-0.0006207565272,-0.00742781173,-0.01613730941,-0.01630723631,0.0155858424,0.01884686585,0.001605268427,0.01143142919,0.006699931969,,,,,,,,,,,0.005837104337,0.01876597651,0.01778339884,0.01394582257,0.01307752621,-0.00097854764,0.02122522541,0.03087440395,0.01116500395,0.0142576159,0.03186040299,0.02998324626,,0.04251184701
1992-04-30,0.01278143677,,,,,,9.357162202e-05,-0.01664205237,-0.0003564513271,-0.008888895034,0.002700880752,-0.004708089111,-0.01562819082,0.008440815896,0.003801832993,-0.0002185163253,-0.01248662305,0.0006227994185,-0.003069441687,0.00449038057,0.006901868456,0.01593875124,-0.0006394358384,,,,-0.01148336079,-0.008519917466,-0.005919657121,,,-0.009561982027,0.005596226721,0.0005674166101,0.0003075134757,-0.003958831121,0.001670467883,-0.001684708625,,,,,-0.001047483045,0.004192751558,-0.0124645902,,0.004411160345,0.01033750675,0.01229171784,0.001516254975,0.001618882348,,,0.00415641183,,,,,,-0.0008624799559,0.01203352029,-0.004821088515,0.002865655504,,-0.003298312503,-0.002446901347,-0.001689663768,0.01118254021,0.003976122022,0.008736661637,3.005121576e-05,,0.002328359967,,,-3.469074171e-05,0.001456425747,0.001362278465,0.01184855855,0.01589307988,0.01046691477,0.0004837457911,0.008725271344,0.01010353637,,,,,,,,,,,-0.01090322987,0.005853004134,0.002598395976,0.007075392888,0.001194810988,0.009681840919,-0.006056048449,0.001629310621,0.00193886878,0.002322133215,0.005165055074,0.004884286263,,0.004741523928
1992-05-31,-0.003189640452,,,,,,-0.006207545065,-0.0162397426,0.001922917314,0.006324047743,0.003318829515,-0.008165041026,-0.01485320068,0.004812847572,0.00196011133,-0.002565649663,-0.01513950755,-0.007658533903,-0.01781194787,0.002678892271,0.007045391322,-0.002694567929,-0.001150067805,,,,-0.001516015367,0.004402710247,-0.001322515899,,,-0.01050724163,0.01456616875,0.002245324582,0.003495197024,-0.004437824204,0.007084996503,0.008023944913,,,,,0.007717700893,0.005776707987,-0.01069446604,,0.01065049863,0.01658929254,-0.004517757912,0.004102441001,0.007675306376,,,-0.0003425657175,,,,,,0.002048382839,0.01475885837,0.009061605735,0.009748157876,,-0.008563549453,-0.008421725463,-0.001539258489,-0.0004482298796,-0.006197696277,9.822791473e-05,-0.005664115504,,0.0007006909249,,,-0.004516160333,-0.004756921383,-0.005968393521,-0.003465194768,0.01200689364,0.00851653174,0.01133411991,0.009158395811,0.01581191774,,,,,,,,,,,0.00364341527,-2.228063852e-05,0.004327736017,0.003205178319,0.008893107991,-0.00191435764,0.0100396958,0.004110128823,0.006927697213,0.008126075499,0.00197641482,0.00182514236,,0.005273960203
1992-06-30,0.005700547701,,,,,,0.01029989658,-0.02317824972,0.02688482407,-0.004694037841,0.005506306723,-0.01358419283,-0.02854811597,0.004070796988,0.006019347283,-0.009229322771,-0.0309191412,-0.0188891838,-0.009072803953,-0.01764267081,-0.03052540312,-0.004749071759,0.006578671164,,,,-0.010919838,0.01152312362,-0.00615427902,,,-0.02096769988,0.01466525598,0.005209231038,0.004631054306,0.006066621998,0.005408430718,-0.002672043566,,,,,-0.007673629223,0.008689206112,-0.02239427231,,0.01642701563,0.0444894026,-0.003480726766,0.02956010774,0.03281542613,,,-0.001507701574,,,,,,0.02196402092,0.02327122071,0.001148966328,0.01318453184,,-0.005480358225,-0.01663170868,-0.01842869819,0.01915635228,0.02050859607,0.01919277673,-0.01239428968,,0.01671803403,,,0.005459813547,-0.02207528379,-0.01994118299,-0.00238568269,0.01894929722,0.01580554614,0.009645706116,0.02118974135,-0.007847831577,,,,,,,,,,,0.009314655867,0.004551034924,0.001086239901,0.004314497876,-0.007646019624,-0.002499852094,0.04280582868,0.0363994262,0.04588026625,0.04287376758,0.01887058306,0.02301405686,,0.03375936417
1992-07-31,-0.01107246183,,,,,,0.0069616885,-0.01224702485,0.0008968661057,0.003623396787,-0.008734041672,-0.01132978484,-0.008577658504,0.003594304115,-0.01443840221,-0.002023285367,-0.01732363996,-0.00213610246,-0.0001582864759,-0.0001943687008,-0.002702870079,0.007890788654,0.005262809229,,,,0.003889608265,0.007746971073,0.008109634549,,,-0.01636578348,0.005755699986,-0.01430566621,-0.01324111064,0.007804261914,-0.005434415508,0.007017702989,,,,,0.01548186428,0.00846647737,-0.01209663097,,0.01024343128,0.003334506065,-0.002356278255,-0.004103794715,-0.008879889337,,,-0.002847627841,,,,,,-0.01832849087,0.01582024857,-0.004256982214,-0.002520659654,,0.004821372669,0.005058086315,0.001775998864,0.005093400508,0.004716438344,0.003833193875,-0.002373311032,,-0.01687327633,,,0.01922141505,0.01005033374,0.00386813123,-0.002065579806,0.02177253724,0.02313586844,0.0007081278638,0.008861238798,0.0157688,,,,,,,,,,,0.01186089934,0.01584359491,0.005493911979,0.01003663749,0.01032310596,-0.01500084999,0.008473684613,0.003655453807,0.01437785613,0.006965023421,-0.01510472266,-0.0139855226,,-0.009006413734
1992-08-31,-0.05533784722,,,,,,-0.08213412696,-0.06214218598,0.01191496676,-0.01393097704,-0.04629337781,0.09970657363,-0.07111613208,-0.09540549224,0.04400625045,0.0611333394,-0.08187185775,0.1026840742,-0.05835468514,0.1141953441,-0.1556442244,-0.02593734858,-0.007389530268,,,,0.1524332745,0.1160814932,0.1414108984,,,-0.02137695177,-0.02848471993,0.07024245886,0.06884556881,-0.08693758519,-0.07672134391,-0.1411669959,,,,,-0.1635310192,-0.1171025693,-0.04779353973,,0.1158628626,0.1530213401,-0.07802638611,0.1285203654,0.1464947213,,,-0.02255587298,,,,,,0.09802137768,0.005797776418,0.02526524134,-0.02797609837,,0.01563453709,-0.01081311535,-0.08746199697,0.02292758379,0.03593251248,0.01974023064,-0.1451881725,,0.05204450666,,,0.04565615101,-0.1099047024,-0.1661741182,-0.0861928393,-0.01587369524,0.02100666035,-0.0315785292,-0.06759870175,-0.04189532717,,,,,,,,,,,0.00179482983,-0.09120291852,-0.09046610153,-0.05237525389,0.04647100542,0.06969847266,0.1684511009,0.1910744761,0.2059495758,0.2191305807,0.0781987023,0.08202841979,,0.1352077052
1992-09-30,-0.00203591274,,,,,,-0.007016587018,-0.02424728666,-0.01668444481,-0.0124938406,-0.01543138282,-0.008369772057,-0.01813755603,-0.01030130564,-0.008377866677,0.01040024945,-0.02224308219,0.004720297045,-0.0127262831,0.01152535209,0.005148738119,-0.001947390116,-0.006826219752,,,,0.01414408821,0.01309150446,0.02275121633,,,-0.02953893907,0.006590622172,-0.00820428024,-0.008259467945,-0.01281507515,-0.01300450615,-0.007200467112,,,,,0.003115125772,-0.002312594327,-0.02949882935,,0.02812988463,0.00713856528,-0.000191761598,-0.003181783207,-0.001688741005,,,0.003213536942,,,,,,0.0003570315456,0.01540572,0.009252459672,0.007996182602,,-0.001372789973,0.009722530221,-0.004784914979,0.006629249439,0.003887394842,0.01055289208,-0.01508884001,,-0.006242011061,,,0.01152451279,-0.0005265910354,-0.01297560506,0.0002834090002,0.009091562637,0.005088440344,0.007163232969,0.008202950249,0.007321004963,,,,,,,,,,,0.0138432531,0.009777385359,0.01567295426,0.0135063525,-0.002207617121,-0.002157255434,0.01419533129,0.006620382441,0.008521480906,0.004670349945,-0.008254538128,0.00111826197,,-0.003302448967
1992-10-31,0.05269921212,,,,,,0.0383843779,0.05805837532,-0.02337428664,0.05246223495,0.02573891185,0.01943824508,0.03955471696,0.02225969409,-0.001341144577,-0.02506172911,0.01522088281,-0.02774232762,0.04116740204,-0.04810982673,-0.004333722763,0.02678341215,0.03098934073,,,,-0.03895520048,-0.05155430401,-0.04473095995,,,0.05735240121,-0.02749634893,0.01036036333,0.009272169937,0.03834083342,0.03000041235,0.03187805241,,,,,0.01652134423,0.02870377594,0.04754039206,,-0.04651685387,0.09411965811,-0.02075983009,0.08524626277,0.02281850973,,,-0.08395955838,,,,,,0.05299034931,-0.03350049652,-0.05496024571,-0.04869381152,,-0.004648934826,0.001859999155,-0.006925953396,-0.00343854631,-0.006476023182,-0.0006778658659,-0.03626792265,,0.03747503125,,,-0.01232625931,0.003832000096,0.008950806774,-0.02432013741,-0.05182350572,-0.01043157353,-0.05754318848,-0.05702553554,-0.05093699637,,,,,,,,,,,-0.03317017923,-0.03762078779,-0.01683860481,-0.03846520241,-0.05327013286,-0.01377744826,0.004284063007,0.0277499948,0.02431005418,0.03197450032,0.01528875112,0.05209286561,,0.08695709773
1992-11-30,-0.007521329385,,,,,,-0.02145603467,0.02527091436,0.004874174828,0.06414895526,-0.04235513961,0.02542497953,-0.03398872598,0.01468036086,-0.004311764311,0.02233138427,0.01347677166,0.01008202193,0.009219861882,0.003330932826,-0.03494440867,-0.06057103592,-0.0301514101,,,,-0.01278358145,0.0003250269045,-0.02311160605,,,0.02056964942,0.01892106099,-0.005980640139,-0.008198572471,-0.002563368828,-0.01799178252,-0.03911521143,,,,,-0.005309800142,0.004008859452,0.04117755933,,-0.04162247809,0.01308049751,0.001785871752,0.009338087899,-0.01132554011,,,-0.04729527976,,,,,,-0.01649836786,-0.02115823135,-0.002178177936,-0.02628226612,,0.01340445387,-0.01025900514,0.02883959241,0.02179606595,-0.01137381855,-0.02352096183,-0.02087759477,,-0.01532299181,,,-0.01370797901,0.01838638584,0.008694961347,-0.00659677113,-0.02217918606,0.04153994212,0.006513641368,-0.02778149477,-0.01892011046,,,,,,,,,,,-0.04474153882,-0.02592918228,-0.01911831739,-0.03888845428,-0.005555204442,0.01954783908,-0.01527428097,0.01944431412,0.02960438796,0.02904366102,-0.01670978632,-0.001204984601,,0.01354407193
1992-12-31,-0.0004912419703,,,,,,0.005941894117,-0.001888282587,0.001161431888,0.004512649555,0.001244695469,-0.008046247953,0.005232723901,0.01113119442,-0.006991880095,-0.008973393537,0.001641039666,-0.001675984161,0.0004171012751,-0.006287020796,0.003053921821,-0.004658381568,0.005788070792,,,,-0.004237345886,0.0002108459111,-0.004313745107,,,-0.004962656767,0.001539732726,-0.003586658266,-0.002275286134,0.01365414345,0.006885991029,0.01283737484,,,,,0.01411894184,0.01481213573,-0.006862700714,,0.006097317977,0.00550136997,-0.002879288154,0.005111216174,-0.002071080618,,,-0.0009507797621,,,,,,-0.007287262234,0.003788853043,-0.006315929951,-0.006654129787,,0.006080183024,-0.0008947682115,0.005448452009,0.006724026435,0.002289182616,0.003445429979,-0.0007812267933,,-0.00165247763,,,0.007344026106,0.00809726253,0.01144497862,-0.001483381657,0.007053897416,0.01149034213,-0.0005696962558,-0.001124036282,0.008417428836,,,,,,,,,,,-0.01198422705,0.01453905347,0.0111292287,0.005326289855,0.002469838171,-0.004413358716,0.003006355099,0.002868347629,0.003972149524,0.003331088891,-0.008498051347,-0.009046214567,,0.002228828621
1993-01-31,-0.004231482529,,,,,,0.01993324231,0.02970643049,-0.003285479233,0.009620858246,0.02817769347,-0.0459779766,0.007421499789,-0.0003265244961,0.03371923364,-0.03035202184,-0.004822219259,-0.00752789188,-0.02018113122,0.01537783228,0.02171346041,0.008619597187,0.01917509537,,,,-0.02099965735,-0.009176928016,-0.02280850514,,,0.02300899528,-0.04221948272,0.03534885386,0.03471696942,0.02250543314,0.01626378355,-0.005504651238,,,,,-0.0138102137,-0.007378131351,0.02128064775,,-0.03300607744,0.1025573523,-0.04427874838,0.0966049536,0.074265542,,,-0.01364783703,,,,,,0.07307558226,-0.02705848506,-0.04819614099,-0.0325874681,,-0.00289346321,-0.003589875871,-0.02946829896,-0.01949584562,-0.01814532337,-0.01752059039,-0.007802515098,,0.06808655875,,,-0.01055441059,-0.0143019887,-0.02283798699,-0.04425821057,-0.05242269444,-0.03786091585,-0.04994735425,-0.03579050657,-0.03375983627,,,,,,,,,,,-0.01563719954,-0.01276019261,-0.014816995,-0.004855010881,-0.0171762862,0.008934501939,0.07140037497,0.07708727355,0.08079647907,0.07878165279,0.07597219793,0.06171235769,,0.09619905356
1993-02-28,-0.008251496733,,,,,,0.004038594729,0.01064343581,0.005411927891,0.002961884413,0.008019091869,0.01049338547,0.000189726917,0.006512609654,-0.003871789081,0.0005629160887,-0.003064230103,-0.01209376686,-0.007418026649,-0.00723559503,-0.007470811929,0.002375938883,-5.65217827e-05,,,,0.001636175704,-0.002709753958,0.002983679326,,,-0.004721924311,0.002297730804,0.002729169917,-0.001292399449,0.006074441949,0.007717253433,0.01419618542,,,,,0.005530166266,0.01486705387,-0.003078137293,,0.003015369922,0.01508103295,-0.002383570041,0.006794913183,-0.003658654299,,,-0.006716815001,,,,,,-0.001644287787,0.00523856696,0.005621813708,0.001799220289,,0.004585115088,0.004673799432,0.005684392402,-0.002913609339,-0.008574413187,0.0009213523927,-0.00500253833,,-0.003043806329,,,0.008522234525,0.006049671178,0.004116477345,-0.002684623767,0.006012701139,0.008542408508,0.004017705794,0.000239880227,0.000878855089,,,,,,,,,,,-0.002921137278,0.004540553585,0.005158681309,0.004656801527,0.01009514982,-0.005012940783,0.01114782354,0.01150717303,0.006612420806,0.005051351555,-0.002363265219,-0.004369135574,,0.005638319285
1993-03-31,-0.004320607436,,,,,,-0.00104451836,0.002254961865,-0.02388552177,0.009218645941,-0.00376723112,0.003476419904,0.01881343891,-0.01356106029,-0.005470608133,-0.001344087556,-0.005152282835,0.004349224147,-0.002676891244,-0.01676741497,-0.001654614694,-0.004321915423,0.01451516495,,,,0.003473898581,0.01012130531,-0.004266445096,,,0.0221340188,-0.0007435256902,-0.004684193595,-0.005011527101,-0.004703750036,0.008074586884,0.008585899,,,,,0.01018961526,0.01390628925,0.006379672365,,-0.0117968758,0.01133671082,0.006524940535,0.003187024853,0.005405759845,,,-0.006202256443,,,,,,0.0005036443016,-0.009715955256,-0.026536534,-0.02713138294,,0.002252597145,0.0004274494117,0.02079960138,0.002246117057,0.008614101127,-0.006916247158,0.001622559142,,0.0003091769275,,,0.01449425776,0.01142949759,0.01447652296,0.006211977998,0.004304619204,0.0166901711,-0.004185049979,-0.002565495431,0.00130292359,,,,,,,,,,,-0.003639722373,0.0185051506,0.01443393126,0.01040643333,0.009575482585,-5.789255581e-05,0.00202420363,0.00615468862,0.008465264773,0.006522525001,-0.001100245912,0.004716183329,,0.007726633132
1993-04-30,-0.002131202505,,,,,,0.01091670348,0.01169258857,0.01188128301,-0.01080147561,0.01384234034,-0.0116670003,-0.01011625395,0.01283534308,0.0165325777,-0.01478033759,-0.0007989311937,-0.01220234242,-0.01506858337,0.006127914296,0.004549888759,-0.01075673643,-0.0103615674,,,,-0.0179033807,-0.0217473856,-0.01552975006,,,0.005350846688,-0.008927220682,0.009627153233,0.009119535405,0.01009770806,0.01074695912,-0.005009218413,,,,,0.002348364112,-0.006580942747,0.01699359936,,-0.01163970725,0.01821841955,-0.01520655889,0.01661820832,0.01673270253,,,-0.01070871209,,,,,,0.02274736861,0.01169084616,0.02273847385,0.01370179112,,-0.01713786805,-0.02331352599,-0.01042878648,-0.01493686087,-0.00203627795,0.01416235695,-0.007294924509,,0.02159415167,,,-0.009950455787,-0.008980668873,-0.0156036499,-0.0159051422,-0.01015953352,-0.008432401803,0.01503057282,-0.01658650209,-0.001952820417,,,,,,,,,,,-0.01244853237,-0.01937132406,-0.01727137067,-0.01700738053,-0.007020325517,-0.002437865064,0.01813479173,0.02032009133,0.009279854284,0.01063520867,0.02344153139,0.02237250379,,0.01150986285
1993-05-31,-0.00662845234,,,,,,0.01287941814,-0.005336443255,0.02301406482,-0.007915823366,0.007537782274,-0.00729389842,-0.01756743028,0.001574636351,0.00854529914,-0.00779039282,-0.01932017167,-0.009557081244,-0.01512352742,0.01208341191,0.00301268806,-0.00563489683,-0.005543451326,,,,-0.007459352267,-0.01079211257,-0.002025577457,,,-0.01269815077,-0.01083128185,0.00101129405,0.003925437347,0.009399715949,-0.0008529651261,-0.0104011311,,,,,0.002504570038,-0.003899960225,-0.00389976599,,0.003689969632,0.005318478362,0.002695667111,0.01272869001,0.009410908754,,,0.003630937537,,,,,,0.01668219618,-0.001914930182,-0.0002102872852,0.002114772551,,-0.00419146998,-0.001654573337,-0.009431647671,-0.004255948604,-0.0003316310808,0.001516383434,-0.00400254085,,0.01799878996,,,-0.006196615198,-0.007545145624,-0.01725847714,0.005197424371,-0.003057522954,-0.004940512663,0.002498955679,0.004220037672,-0.0004567276567,,,,,,,,,,,0.002495319193,-0.006087928204,-0.005714406094,-0.005827880323,0.009094111972,0.004208120876,-0.004343479085,0.005108964142,-0.02007885192,-0.01067412893,0.017970137,0.01580259212,,0.01267777226
1993-06-30,-0.0007813492483,,,,,,0.02650396827,0.01649821687,0.01730897873,0.01259393123,0.01209709985,0.00831407596,-0.01424747251,0.02037051273,0.006097272636,-0.0127366062,0.02150102715,-0.009696386577,-0.007650565477,-0.0131985674,-0.001205699041,-0.02894900216,0.009095048546,,,,-0.003106549638,0.0005625402573,-0.01108115824,,,0.00434466666,0.003695286586,0.01350877833,0.01229482413,0.02852080855,0.02623332871,0.02648493806,,,,,0.03358983223,0.03331683659,0.01197070549,,-0.01361012598,0.01569404779,-0.01501581899,0.008341773082,0.009942621721,,,0.004878621479,,,,,,0.005966957928,-0.001252378276,-0.007921551571,0.01308904229,,-0.0008584236626,0.002911553455,0.0005770411901,-0.01276388322,-0.005331135128,-0.009386039565,-0.002617821424,,0.009406085908,,,0.001115513161,-0.003319969242,-0.005113600098,-0.01413134679,-0.0007893472608,-0.01034136704,-0.006820704084,0.006581180626,-0.001821864266,,,,,,,,,,,-0.006058135257,-0.007314544445,-0.004320255073,-0.004925764336,0.006611331368,-0.007758487587,0.01809003452,0.01909271089,0.02512351557,0.02047335185,0.0053563167,0.003046231554,,0.008108661751
1993-07-31,0.002124398072,,,,,,0.000372620886,0.009205642987,0.006878036068,-0.002469519331,0.009496872024,0.004096899395,-0.003185867104,0.003492091754,0.001242597311,-0.0003004842363,0.00615726442,-0.0176276959,0.00450750842,-0.01118789089,0.004856107461,0.000683871405,0.003837499183,,,,0.01173119609,0.001677545204,0.006192501158,,,0.004761899568,-0.003575159848,0.003770934445,0.005576023146,-0.0003444536466,0.005723829798,0.008792325856,,,,,0.00100194048,0.002967266022,-0.0009197591773,,-0.001733292577,0.01472154537,-0.01194891553,0.01496235036,0.01478373482,,,-0.006178748725,,,,,,0.01155142549,-0.001844228471,-0.001423175267,0.0005129663606,,-0.002162044297,-0.005406592026,-0.006733259623,-0.009080938002,-0.01023408652,-0.001957052014,-0.005026354222,,0.01089425665,,,-0.003827329829,-0.007784082341,-0.005029298977,-0.01200455291,-0.002194205048,0.01233452123,0.001377821016,0.0009834585607,0.004340785657,,,,,,,,,,,0.001406532717,-0.00298204281,-0.0004139454773,0.005878708515,-0.002175650376,-0.009166203886,0.01057982165,0.01433352883,0.01058929773,0.01684965724,0.0126294768,0.009879565664,,0.01439484621
1993-08-31,-0.001818066266,,,,,,0.009119872804,-0.0003440103837,-0.0007785165252,0.0004801834063,0.002150486444,-0.01149040038,0.009129787397,-0.01373836895,-0.009504061429,-2.38645482e-05,-0.002635677377,-0.001445644574,-0.002920659188,-0.001149131223,0.001571633666,-0.0004585246318,-0.003803045155,,,,0.0005219874218,0.001577085477,0.004936880347,,,-0.009220778132,-0.009091090282,-0.0131380417,-0.01304495436,0.009729185723,-0.005714425484,0.00159643881,,,,,0.00808757211,-0.003645521884,-0.00650505364,,0.001158532141,-0.009110446125,-0.01102618847,-0.01393179312,-0.008665918853,,,0.008208639431,,,,,,-0.01086778157,0.006823296293,0.006722487438,0.005012920871,,-0.0022891768,-0.003440761549,-0.001301733388,0.006408092782,0.0001092477689,-0.003873326691,-0.005711773305,,-0.01117360423,,,0.007404198449,0.001144850335,0.002234364579,-0.01026497553,0.00938355761,0.001669039162,0.001807045409,0.007996761568,0.004605342379,,,,,,,,,,,0.005375498753,0.007236106715,0.003882789159,0.006497469558,0.001439733201,-0.0161074182,0.02133618179,0.009600409855,0.01721668347,0.007056629826,-0.009635923824,-0.01080978965,,-0.01699143245
1993-09-30,-0.001017342025,,,,,,-0.003302591572,-0.004926835955,0.009883038588,-0.000400678829,0.008623400932,-0.003178463937,-0.005214002717,0.007526345623,0.01198601361,-0.005022836727,-0.0007233299049,-0.002776437607,-0.003819209331,-0.01089009961,0.0003169665293,-0.001882971223,0.001740920788,,,,-0.007199731302,-0.007581123958,-0.007288826187,,,-0.008014380247,-0.001286376282,0.01050804623,0.01068649501,-0.002102774821,0.01086375658,-0.001258072685,,,,,-0.001903797071,0.005700151029,-0.004901540691,,0.007283865343,-0.004168817963,-0.006112223822,0.004874620316,0.009417432064,,,0.009730621403,,,,,,0.005098488304,0.01381658347,0.002816905635,0.007022359507,,-0.001286445456,-0.001607981009,0.001390986456,0.007393075807,0.008522995008,0.002903505313,0.005099027603,,0.005173567623,,,0.01163083501,0.006451988905,0.002972922076,-0.005941012738,0.01433609759,0.008907413342,0.007947004102,0.01049551461,0.007072657402,,,,,,,,,,,-0.000419781649,0.0113045436,0.00849517167,0.01180637946,-0.01414733915,0.0001210933581,0.01004615849,0.006272228736,0.003332062317,0.006394135488,0.006341547707,0.002965441931,,0.003551689911
1993-10-31,-0.01478645845,,,,,,0.008651124552,-0.01214076505,0.0100429114,-0.001677521525,0.01581145071,0.01377728023,-0.01366815517,0.01751574544,0.01380614615,0.005906231238,0.007722287165,-0.01120558984,-0.0004036087305,-0.01114316137,-0.01472170721,-0.007783540809,0.005678942075,,,,0.00773881653,0.004401554194,0.009117075446,,,0.01194057389,0.006758716018,0.01810289542,0.01560737178,0.001797788511,0.01353822199,0.00855780945,,,,,6.889332506e-05,0.01002264118,0.01019875474,,0.01771934999,-0.001480430233,-0.00134410303,0.01582785389,0.03325693232,,,0.01622749512,,,,,,0.01315371934,0.01264586013,-0.009727436075,0.006960753952,,0.004745535601,0.01180926686,0.001166373257,0.01115093034,-0.006939199655,-0.007962233941,0.005048534142,,0.01599540352,,,0.009254967029,0.00422916552,-0.006473058385,-0.0013872322,0.016771281,0.01333707851,-0.01870494895,0.005960663685,0.01237544069,,,,,,,,,,,-0.006154835653,0.004935312331,-0.01144338376,-0.0005661118803,-0.00043383724,0.00339127645,-0.005541646042,0.005369130283,0.01050430323,0.0130195388,0.01248119356,0.01331658221,,0.01599612591
1993-11-30,-0.001466081655,,,,,,0.0118273804,0.03527434925,0.04423596543,0.04762085156,0.01038947205,-0.004081780608,-0.01744556923,0.01471985488,0.009848192482,-0.03149104394,-0.0281743966,-0.03519032511,-0.006152182819,-0.0297853111,-0.04685409262,-0.01124913675,0.01468626022,,,,0.01284092574,0.006398432729,-0.0001602943255,,,0.05597319002,0.01292244382,0.02226748028,0.02392923543,0.004817819796,0.01699125351,0.01700505669,,,,,-0.007182589333,0.0174393367,0.03604466181,,0.001187383955,0.1173108615,0.0176185181,0.07926369877,-0.01572993759,,,-0.01496591901,,,,,,0.01679398455,-0.02493233314,-0.01689258282,-0.02508125182,,0.007483335843,0.0302285105,0.02268199732,0.0186562872,-0.003962149396,-0.01233085908,-0.02649534486,,-0.008184989311,,,0.02709953292,0.03836744125,0.04446902967,0.01530880607,-0.02573427341,-0.01267031983,-0.02185989362,-0.02828046147,-0.03599443956,,,,,,,,,,,-0.01359582943,0.003959235684,-0.009959185764,-0.004003511799,0.02139806742,0.02158582212,-0.01198953889,0.01203092952,0.01534000915,0.02625409867,-0.004808464152,0.01641271814,,0.09134164085
1993-12-31,-0.00927827363,,,,,,0.006932345359,-0.00259335214,0.007566028507,0.004222599068,0.001386651993,-0.007042858054,-0.007895563075,0.007710951701,0.004138162493,-0.01631236308,0.001265459653,-0.0117650983,7.836247931e-06,-0.01058719439,0.001765707506,-0.0006139694544,0.001729704663,,,,-0.002290714908,0.0003803992794,0.001699397858,,,0.003657360098,0.01151731211,0.003970997422,0.004099135507,0.004504595662,0.01106610235,0.01277391033,,,,,-0.00367460665,0.01471592287,0.01113893564,,-0.0003658766584,0.01194941995,-0.0028701647,0.009581743558,0.01417968838,,,0.004173033744,,,,,,0.008399510861,0.003422952954,-0.01175180545,0.002694970355,,0.004907181257,0.005596471582,0.009519729014,0.004057041072,0.002327884474,-0.0006855632123,0.007285485744,,0.01225817364,,,0.008457659698,0.007429830835,0.008036730424,-0.003199879201,0.0150266859,0.0195686117,0.001284262278,0.00400299183,0.004857785901,,,,,,,,,,,-0.001585979721,0.01001033752,0.009495895328,0.007317205107,0.008985253742,-0.00141309014,0.007131607012,0.01247119086,0.01532920925,0.01612342032,0.008639591423,0.007935407034,,0.01168272301
1994-01-31,-0.001427867398,,,,,,0.008120465039,0.0196664693,0.00581499331,0.02081466237,0.00407880099,0.001788703409,-0.01900814306,0.008758337683,-0.006390089379,-0.02048630909,-0.009891519847,-0.01787859082,-0.0183774273,-0.02635840497,0.00603726081,-0.0006411527547,-0.004083751711,,,,0.01833948578,0.02212166612,0.02062739854,,,0.01824035299,0.005371746737,-0.006416411239,-0.008337229323,0.01455855641,0.009032118363,0.01099749702,,,,,0.02113372993,0.01342731562,0.01568477784,,-0.001973574305,0.01847810906,-0.007732860046,0.01597375944,0.01857275351,,,-0.00788508237,,,,,,0.01876174817,0.005787553573,0.002867329737,-0.0007611523917,,-0.005050618224,-0.002963976582,-0.001179965691,-0.005777142538,-0.002010816314,-0.00408025101,-0.02025914325,,0.02029964588,,,-0.02299245053,-0.0174860437,0.0004638112628,-0.007781411946,-0.0130171815,-0.01413266696,-0.003109387196,-0.008339171881,-0.0113910563,,,,,,,,,,,-0.007106195263,-0.01898969405,-0.01315626652,-0.0192235117,0.002471080584,9.066338005e-05,0.0230565658,0.02725265466,0.02210846759,0.02451369879,0.01174844697,0.02037459949,,0.01537969019
1994-02-28,-0.003731602119,,,,,,-0.01484520816,-0.005077009991,0.0005169717396,-0.00153510033,-0.00155529448,0.005204503082,0.008269918162,0.001107199981,0.01429071259,-0.004961889704,-0.006626455022,0.001161193165,0.002026462856,0.003603825495,-0.002275165739,0.0132338708,0.00529822409,,,,0.006921152132,0.001003179694,0.006764473166,,,0.003468431481,-0.00196992003,0.01283492036,0.01323978354,-0.015495922,-0.005533610761,-0.01614513062,,,,,-0.02190990777,-0.01466857912,-0.005046205102,,0.01033380644,0.01949232029,0.005557283912,0.02544821415,0.01600039333,,,-0.01667098244,,,,,,0.0175312096,-0.006366502453,0.01508251995,-0.007885504268,,-0.002911635821,0.003535506708,0.000416797419,-0.001445490249,0.007671211909,0.005541131471,-0.00533148721,,0.01602097091,,,-0.003029285912,0.001971610648,0.008045132001,0.009135603738,-0.007659262336,-0.01142962927,0.01010413459,-0.003432058575,-0.005694288213,,,,,,,,,,,-0.01636546527,-0.000301017399,0.004921988902,-0.002944393188,0.003177908244,0.002924240994,-0.01181570548,0.0001761105472,-0.004231426924,0.003648385763,0.0163200202,0.01857227738,,0.0281824705
1994-03-31,0.01808913627,,,,,,0.008419293092,0.001868792956,0.0144222239,0.0008207236911,-0.005126576396,-0.002169029959,0.00457630972,0.002726304104,-0.001497215312,0.002029914572,0.008391063822,-0.006932111391,-0.007366506199,-0.003678096792,0.006290937613,0.008077231686,-0.000117929146,,,,-0.0001155133335,-0.005472285052,-0.007698720393,,,0.008799362095,0.001805788886,-0.003863947988,-0.006659466786,0.007572301443,-0.00995497909,0.001527166311,,,,,0.004789037274,0.00405485503,0.007441525004,,0.00286246748,-0.006600609144,-0.007643878557,0.01514915976,0.007446918675,,,-0.0104740198,,,,,,0.0003987996311,-0.01149755749,-0.01632289532,-0.009309933092,,-0.007392607479,-0.005606425616,-0.00120267011,-0.009141710508,-0.002711063079,-0.0011540451,-0.0004375223294,,0.0001048105915,,,-0.008753045521,-0.007388077609,-0.001779125878,-0.0084890146,-0.01615327664,-0.001924340702,-0.0175844631,-0.01699327449,-0.01823494465,,,,,,,,,,,-0.002048171603,-0.006792420588,-0.007668357504,-0.006730084665,-0.01073981259,-0.004225213513,0.007415347599,0.007866513527,0.0004932362613,0.00190788184,0.0001221585385,-0.001118538082,,0.01620026452
1994-04-30,0.02429271703,,,,,,-0.02741490581,-0.0244145041,-0.02451966405,0.02575835169,0.0273590564,0.02584475148,0.02759172165,0.03053254234,0.0360306041,-0.03275471247,-0.02834639573,0.02406970826,-0.02595887279,0.02602250167,-0.01996684456,-0.02664563404,-0.02807382169,,,,0.02654939454,0.02134084812,0.02258001539,,,-0.02290786003,0.02382514361,0.0353894207,0.03328899782,-0.03337916587,0.02745893111,0.02029695325,,,,,-0.03396856136,0.02277089444,-0.02644248324,,-0.02374373618,0.01384446985,-0.02443870164,0.02578883454,0.0336576418,,,0.003493709001,,,,,,0.03425182974,0.02007359354,-0.03345818141,0.01864087874,,0.02050213803,0.002303864958,0.002296554881,0.01952081876,-0.01057138702,-0.01015119263,1.617238001e-05,,0.03188228177,,,0.03489029913,0.03316845885,0.03340044669,-0.02542453336,0.02922237761,-0.02457929291,0.02052109153,0.02457645155,0.02797125377,,,,,,,,,,,-0.01716538877,0.03245605191,0.03344389444,0.03149971751,-0.01929089917,-0.02397855158,0.02406426147,0.02364165443,0.0231339043,0.0235680282,0.03189472039,0.03498362929,,0.02437286134
1994-05-31,-0.003002813125,,,,,,0.01146329643,0.009073823513,0.003043639221,-0.01096506184,0.01000740671,0.02029257243,0.006324079724,0.003890651317,0.001413912662,0.000420522484,-0.003020021819,-0.006224755897,0.01061662265,-0.00359918965,-0.006988571576,-0.002443336768,0.005798063701,,,,-0.01970393867,-0.0144860666,-0.01630273869,,,-0.005482357462,-0.003107222741,0.0100853213,0.009532955805,0.004711946629,0.01015619787,0.01896161586,,,,,0.001396846065,-0.004047729708,0.004778887166,,-0.01524730166,-0.002500102407,-0.00643438684,0.01289772511,0.01116362173,,,0.006696269892,,,,,,0.001939690946,0.02128873455,0.008751397716,0.001167721734,,0.01080161495,0.009627277374,0.0012230593,0.02291937083,0.01208482696,0.009857975543,0.01315233993,,0.003385905428,,,0.008230810518,0.005476244562,0.004140921796,-0.00725416468,0.02771719113,0.008842169306,0.0136935167,0.02258209297,0.03133027632,,,,,,,,,,,-0.002273762496,0.01640819077,0.02351367883,0.02105529664,-0.001663277303,-0.002631640864,-0.002212845346,0.002216141872,0.003459428018,0.004999323125,0.004022772917,-0.001433215145,,0.01243380693
1994-06-30,-0.006375194419,,,,,,-0.004447921165,-0.00487137273,-0.001784172996,0.003234180083,0.004877450818,0.003955488413,-0.0003739583298,0.005562073548,-0.001770344388,0.004754953902,-0.004562893793,-0.002658530843,-0.002458000612,0.0005772112712,-0.0002922683945,0.0007103926409,0.000218760026,,,,0.002013912337,-0.005287291294,0.004783460083,,,-0.008046095045,0.004776291757,0.003208705519,0.003495817785,-0.0006102973061,0.005916284897,0.00197478417,,,,,0.001920260298,0.005364539689,-0.002006293988,,0.002770402613,0.002372292514,0.008697650372,0.002008956029,0.0007851177712,,,-0.005933458687,,,,,,0.001493659495,0.00122005804,-0.002770762096,-0.0005551224011,,0.004859369759,0.003940072456,0.004895895996,-0.0025781133,-0.003618479138,-0.0007749619041,-0.003127711387,,-0.0001388226495,,,0.004118190568,0.002957036983,0.00446989149,0.008463726911,0.002625631213,0.001668734469,-0.00297275697,-0.0003288556033,0.0003093790328,,,,,,,,,,,-0.005274886279,0.001087322532,0.000200556742,0.0006795188225,0.007145904781,0.008904198128,-0.002065083296,0.003710317556,0.001505838006,0.005933144997,0.002041018474,0.0002019632852,,0.004480009155
1994-07-31,0.009520975941,,,,,,0.01236671421,0.005959579672,0.01745249028,0.0007063862215,2.384565391e-05,-0.01007434168,-0.002570764706,-0.01546437041,-0.0200207636,0.001114958917,0.0006949272246,0.0004550320811,0.004846547223,0.001417034793,0.01155635054,-0.002875075863,-0.006870243182,,,,-0.01090696764,-0.01022116842,-0.0003418526326,,,-0.00630238224,-0.00628011752,-0.02129584456,-0.01856835491,0.02154420787,-0.003019180935,0.001824982207,,,,,0.01622505141,0.002490767481,0.0064884371,,0.001037546852,-0.002164095999,-0.004758470341,-0.01441581588,-0.01653809307,,,-0.003044277677,,,,,,-0.008363554344,0.001691098247,-0.00803630146,0.005440959863,,-0.008194854777,-0.01374784951,-0.005669143167,-0.005032702924,-0.008161240468,-0.001920195498,-0.0001258002256,,-0.01161890648,,,-0.008435109351,-0.004091672441,-0.003426984266,-0.004313509022,-0.006269371962,0.003561693869,-0.006136192575,-0.002692203565,-0.01034462075,,,,,,,,,,,-0.002391269128,-0.01010787089,-0.003532661416,-0.0117504334,-0.006709787964,-0.004917373162,0.01738920252,0.001737811736,0.01202170353,0.004237934238,-0.0122826528,-0.009034537741,,-0.01599701352
1994-08-31,0.006981591129,,,,,,0.0004709400902,-0.004779998948,0.0006507473284,-0.006655981784,0.004078775384,0.006383042747,0.003926819099,0.002201894525,-0.002212434982,-0.0008039639526,-0.003199256844,0.0001352092932,0.003867453758,0.001313492972,0.003587194646,0.003192801172,-0.001389315669,,,,-0.003863322796,-0.006235996626,-0.001919315722,,,0.005949543243,0.002642547972,0.004001996927,0.0006129719945,0.002094441571,0.007711011236,0.007560234598,,,,,0.001523639543,0.01417435705,0.003634640617,,-0.00213773122,-0.003656607657,0.008765722782,-0.01363407719,-0.008834455821,,,-0.00245730837,,,,,,0.003155312556,-0.01127927215,0.0005587015771,-0.007580366336,,0.000139113772,-0.002788847215,0.006391922407,-0.0001063047228,0.007739834807,-0.0008570643743,0.003110215185,,0.003265077988,,,-0.0004599873456,-0.002153553678,0.003162192001,0.009130527624,-0.005348725812,-0.003203043366,-0.006345970738,-0.0004982675018,0.004738658107,,,,,,,,,,,0.005559933527,0.007035930759,0.007315198704,0.008271685786,0.006300817774,0.006538778131,-0.007618208683,-0.003664792433,-0.005370156308,-0.002684443999,0.004791898075,0.002948350999,,-0.01314933706
1994-09-30,0.005248493739,,,,,,-0.0154287751,0.006124494972,-0.00511997044,-0.01253652949,0.004656378786,0.006018443715,0.004401806193,0.005043178446,0.02514067179,-0.001125655599,-0.005373333677,0.004278450729,-0.00416776898,-0.002929382533,-0.01205868163,-0.01092663145,-0.004264235026,,,,0.01858228524,0.01029409108,-0.00408175202,,,0.00848756753,0.00839681863,0.02410967771,0.02446296307,-0.02279156845,0.01861394258,0.004593274784,,,,,-0.02845779418,-0.008572559708,-0.004482441651,,-0.007620927376,0.005740839643,-0.001412150476,0.01622176884,0.02137603895,,,-0.002421224187,,,,,,0.02222693223,0.005342214678,-0.01176998083,0.002154906961,,0.01424577231,0.008329739763,0.01014203404,0.01683580266,-0.0001455564458,-0.00460663756,0.003384734003,,0.02378769068,,,-0.003492593197,-0.00520192661,0.007575122526,-0.002335815682,0.01752570566,0.004611857131,-0.009904939405,0.007830490695,0.01512898773,,,,,,,,,,,-0.001416798231,0.0161814099,0.01456609043,0.00605427366,0.002874960181,-0.003072259531,-0.01139835453,0.008211693361,-0.007032442029,0.0001839694135,0.02624260009,0.0233667374,,0.01783635053
1994-10-31,-0.001151763151,,,,,,-0.002569616158,-0.006805962569,-0.0009064308284,0.004721491827,-0.0003934576186,0.001981488572,0.003086696483,0.002897611467,-0.001921042122,-8.761892981e-05,-0.001218703916,-0.0008201509484,0.0001484056368,0.00269247956,0.003826283738,0.003984147026,0.004148544989,,,,-0.002286330074,-0.0006218686048,0.002480045188,,,-0.00380467335,0.003091122704,-0.0008569790083,-7.806288794e-05,-0.001955670291,-0.003804508331,0.004458355844,,,,,-0.0001710635869,0.002904558084,-0.004206261501,,-0.001743267969,-0.008620135423,0.007190861674,-0.005986339781,-0.005199657014,,,0.004883657305,,,,,,0.0003066896603,-0.003179345244,0.005445990259,-0.001031526218,,-0.00251549208,-0.0002706269818,0.004311707398,0.00141028417,0.01089195282,0.00167067918,-0.00497535538,,0.0005051644315,,,0.004568303177,0.003153530555,0.004717568925,0.006780934801,0.00451581368,0.0005851486459,0.006245553085,0.006759711767,0.005670008476,,,,,,,,,,,0.004627839091,0.005128963777,0.006053953333,0.005906850495,0.0141341257,0.004411489202,-0.009168514031,-0.002156666967,-0.004662778093,-0.002385822448,-0.002112931644,-0.0001710864494,,-0.007543848188
1994-11-30,0.006557682875,,,,,,0.003452225731,0.002141166852,-0.003321924138,0.005992538975,-0.01118157018,0.004208635146,0.004611822515,-0.003018366804,-0.0021478263,0.003074259285,-0.0009848748154,0.003055646496,0.006631550959,-0.002202289889,-0.0031133945,0.009430373988,0.009162466123,,,,-0.001157072974,0.002274630886,-0.005066700432,,,0.01023751331,-0.003499543164,0.0007187755852,-0.003317461178,0.004091442741,-0.004243758346,-0.001012162421,,,,,0.0003527963254,0.001700412758,-0.001022313073,,0.0001965957847,-0.01063348033,-0.003558441158,-0.004995605557,-0.004937272412,,,0.008503237796,,,,,,-0.01002212007,0.01581311623,0.002910865384,0.009645468619,,0.007103253241,0.008437896442,-0.003738322471,0.01112185745,0.00470321743,-0.0003771083076,-0.0004515379902,,-0.009424507517,,,0.003875764895,0.0001920620513,-0.0002487725966,-0.002999075454,0.007259818791,0.005646892867,0.006502160328,0.01278037952,0.01305767122,,,,,,,,,,,0.005639197406,0.005723005982,0.002896570755,0.006548033914,-0.006845036974,-0.005389752373,-0.006727154927,-0.00807992427,-0.01115206074,-0.01338612166,-0.01348764829,-0.01351940643,,-0.007178337776
1994-12-31,-0.008998489731,,,,,,-0.0002587114963,-0.002886235906,-0.007774296952,-0.00418831592,0.006344232842,0.0008138953057,-0.004878045182,0.004609476843,-0.00108385259,-0.003203668101,-0.001671692074,-0.003718195951,-0.002480079479,-0.001738856112,0.00770625705,0.002789083276,-0.005629193768,,,,0.003595541148,-0.001418485212,0.004204905439,,,-0.003971930367,0.005036388448,0.0002544837677,0.001029065859,-0.0004340417386,0.002365192711,0.006053630862,,,,,0.005851758062,0.005353419145,0.005031133309,,-0.001023040956,0.009638460569,-0.01027230008,0.01420883343,0.01033256682,,,-0.007278877592,,,,,,0.00472036117,-0.007804936372,0.0003100752853,-0.0002228694271,,0.001233423806,-0.008811046915,-0.001470114342,-0.009821905575,-0.007203727312,-0.01044607618,-0.00115377966,,0.00514956189,,,0.0003095371913,0.0005271050718,0.001753675768,-0.01075361893,-0.007642357135,-0.007279434406,-0.005225685983,-0.003527607623,-0.003417792745,,,,,,,,,,,-0.02043146788,-0.001709349838,-0.0007912840033,-0.001194180424,-0.003437218126,-0.006887146486,0.004664854591,0.01335734905,0.01981489572,0.01975172064,0.004090383307,0.005632763433,,0.01379043599
1995-01-31,0.004439634351,,,,,,0.002466649519,0.007652212166,0.001158072641,-0.004608330639,-0.007889821971,-0.007985845379,0.0009587607448,-0.005741031365,-0.0150056182,0.0007668889953,-0.004754649756,0.0008157997225,0.0062206693,0.003840624845,0.008225730436,-8.934292531e-05,-0.004593766623,,,,-0.0117444056,-0.009521476401,-0.01216444838,,,0.006211918527,0.002612117841,-0.01450277879,-0.01405269214,0.01026665724,-0.01013495924,0.001467386811,,,,,0.01846108808,0.003413739186,-0.001716577689,,-0.01240214798,0.0002444942737,0.005467826551,-0.007582547839,-0.01118460442,,,0.006729296699,,,,,,-0.006838845133,0.006913688574,0.00262252971,0.009161152019,,8.540016873e-06,-0.007361267033,-0.0114506442,-0.000421394507,0.003785406534,0.0009463105914,0.006963388535,,-0.005687440878,,,-0.003664938801,-0.00549242959,-0.004492630817,0.004517231367,0.001946116961,-0.009967738077,0.0004408386921,0.00318382412,-0.004821049542,,,,,,,,,,,0.0007540937956,-0.002517201601,0.006326400063,0.0008332117304,-0.005400238455,0.001327935381,0.01149045625,-0.002265988335,0.003453567234,-0.002536478173,-0.00660543289,-0.007999275898,,-0.007260351623
1995-02-28,-7.261837031e-05,,,,,,-0.007079037686,-0.007515689163,-0.003845289277,0.00264111933,0.004047443722,0.0009935947762,-0.006425201978,0.006076817965,-0.002830859717,0.002347879568,-0.009949860467,0.007115445295,0.00710428527,0.008414268141,0.01696102105,-0.004482529266,-0.008831755246,,,,0.005354779015,-0.004850965532,0.008157254658,,,-0.01015389224,0.006668402146,0.002762461466,0.001629187838,-0.004337617196,0.008312286905,0.00671903065,,,,,0.001080899981,0.005275507885,-0.007678908423,,0.002676047996,0.01157689867,0.006758135264,0.008327808541,0.008832046873,,,-0.007432657817,,,,,,0.009049191528,-0.01290745548,-0.005396772063,-0.005355635764,,-0.001323748857,-0.006831228217,0.00704784366,-0.005733314752,-0.001679665451,-0.007245591479,-0.00716253108,,0.006374722225,,,0.0003192982439,-0.00162631681,-0.004329501273,0.007065364397,-0.01434897612,-0.01461485594,-0.002848164004,-0.001223929689,-0.008068817955,,,,,,,,,,,0.003866130461,-0.008265454709,-0.007675488123,-0.009566868356,0.01083701194,0.006688815003,0.003326336412,0.01381424613,0.0155973748,0.01720335412,0.01111867104,0.007638938169,,0.00826859639
1995-03-31,0.002130958557,,,,,,0.002850990532,-0.0001942764527,0.005968283168,-0.000511213657,-0.004376483964,-0.0046283164,-0.0006611183692,0.0008219382652,-0.008796368754,0.004041261737,-0.002924816938,-0.001968057225,0.002997078084,-0.0001403204517,-0.0003629387576,-0.0004344219327,-0.007245583855,,,,0.005827596698,0.002966146266,0.006423106033,,,-0.003621186804,0.0003066093468,-0.003816165802,-0.003100013497,0.006969448443,0.004209179267,-0.004035381145,,,,,-0.0002717109444,0.01017596831,0.001336210493,,-0.006174060385,0.003925639324,-0.0004484259585,0.004218348007,0.004378991304,,,-0.001516286829,,,,,,0.00237805929,-0.004525585736,0.002953145377,-4.921654176e-05,,-0.0009854497138,1.835274501e-05,-0.003730184147,-0.0008569096875,-0.001814300428,0.003327239128,-0.004979386706,,0.003864485254,,,0.002366043673,-0.001829895246,-0.002809554131,0.0001352724107,0.002022199483,-0.002160915047,0.003359519343,0.001809179263,0.006138291802,,,,,,,,,,,0.007273555581,-0.0009137933032,0.0002192057141,0.0002527864097,-0.001129651787,0.004343094762,0.001459916053,0.00270029284,0.003739881552,0.004442666741,0.001583261273,0.002785137223,,0.003861899823
1995-04-30,-0.01094294617,,,,,,-0.01277426941,-0.003699149515,-0.007248009045,0.001117088203,0.01058023421,0.006868753841,0.00883599056,0.01220887085,0.003607772607,0.004386452295,-0.003369911972,0.01416250497,-0.00979857379,0.0008404759448,-0.003952533528,-0.005634568121,0.001219961411,,,,0.001734108226,-0.002207391816,0.004394486655,,,-0.004035594393,0.01442234439,0.008730860057,0.01114569019,-0.006763977214,0.01896474459,0.009868971975,,,,,-0.01210775859,-0.002223031016,-0.01143556858,,0.001885613939,0.01140461267,-0.003047150261,0.01556556278,0.01375840409,,,-0.005479995313,,,,,,0.0115050292,0.003970555136,-0.001462038466,0.005936226005,,0.001580464026,0.0004530905035,0.003150207166,-0.003830521013,0.004592797977,-0.002334739439,0.004057835848,,0.0120152006,,,0.002317541687,0.001925930513,0.0009206086606,-0.000780328438,-0.002607267285,-0.006545564783,-0.002935014225,-0.002507254188,-0.0009890232971,,,,,,,,,,,-8.143267207e-06,-0.001503095194,-0.003957614215,-0.003735068504,-0.0004873496466,-0.00229559799,-0.005891426255,0.003847320961,0.007010237115,0.009967732947,0.01077522733,0.01057978651,,0.01530956464
1995-05-31,0.008981974283,,,,,,0.008870845102,-0.001573208397,0.01288013451,0.003234529248,-0.01358851184,-0.01372617743,0.002143649282,-0.01242093663,-0.02092857255,0.005631328426,0.001088265971,0.004268766215,-0.003765431586,0.01052897737,0.008324961382,-0.009921688586,-0.01198844909,,,,0.004207794792,0.004184975661,0.003425079117,,,0.007361901256,-0.001196784625,-0.02927837358,-0.02797326922,0.02578235439,-0.01720156166,-0.001323542843,,,,,0.02940894062,0.008230873055,0.001821201668,,-0.01131281838,0.01016669118,-0.01245450937,-0.01800486044,-0.01562160126,,,0.01040459879,,,,,,-0.01163403662,-0.0004365286792,0.005644695465,0.01331461739,,-0.007382034538,-0.01430221497,-0.007002946297,-0.007189418967,0.00221711873,-0.0002066484926,-0.01245387887,,-0.01005979162,,,-0.01165661563,-0.01646256299,-0.01121157361,-0.01167504636,-0.00882484047,-0.01790723213,-0.002366892201,0.004735762337,-0.004121006683,,,,,,,,,,,0.002193804646,-0.01397249445,-0.0203337592,-0.006631759694,-0.007890034088,-0.01545450221,0.02021474063,8.423982684e-05,0.003032762072,-0.006721381416,-0.01198398385,-0.01313457521,,-0.01904695151
1995-06-30,0.004640730958,,,,,,0.005490096785,-0.01273533461,0.004396771988,-0.005592329647,-0.01064196598,0.006393382928,0.001173517703,-0.002422271548,-0.01519286362,0.01751519994,0.005996847378,0.0140252066,0.0002799223333,0.0158816752,0.004898671016,0.004726365312,0.004451953267,,,,-0.007292004441,-0.01064521645,0.0004042505332,,,0.01372057992,-0.002723727161,-0.009367477151,-0.009876329552,0.01101216835,-0.008456492163,0.01407418796,,,,,0.01136326148,0.01280788673,0.003810810716,,-0.014022552,-0.007515471941,-0.001785447121,-0.009622350967,-0.009605707444,,,0.01341351921,,,,,,-0.004864562732,0.006566577426,0.01187511842,0.006278335666,,0.0007726123028,-0.01242267318,-0.006466395501,0.008404080459,0.004072755029,0.008421769866,-0.001659513515,,-0.003956268143,,,0.005824164468,-7.691517035e-06,-0.0001322054845,-0.001652801438,0.00905232857,0.001789821577,0.01357481029,0.006094998919,0.01156218945,,,,,,,,,,,0.01410982059,0.003410233324,0.003221436472,0.003504034348,0.006078832224,-0.001292312425,0.002124250977,-0.004611117892,-0.002805971237,-0.005390417721,-0.007048581166,-0.00707496948,,-0.01028746498
1995-07-31,-0.01234738089,,,,,,-0.002046386823,-0.01236609222,-0.01285737652,-0.00979641924,0.01441926891,0.007271484342,0.004937262647,0.008015846918,0.008187137326,0.008567906419,0.002481004703,0.004667041639,0.002620156218,0.002282105094,0.005298935141,-0.001396833685,-0.008327520845,,,,-0.00570362976,-0.006775574331,-0.001380280159,,,0.002353986081,0.01441026639,0.01525367765,0.01399131888,-0.0104806526,0.01239403344,0.009439633379,,,,,-0.01511436574,0.006311869006,-0.000249610197,,-0.0007958484886,0.007738500648,0.007687571594,0.0201187411,0.01815440001,,,-0.007939162176,,,,,,0.013694368,0.003120309744,0.008124172804,0.003086578756,,0.002019834233,0.005073781743,0.007418425141,0.002016801517,-0.001912836004,0.007065896347,0.00565180421,,0.01316938892,,,0.004771007327,-0.001763939348,0.0001484003751,0.009558876767,0.00121720244,-0.000641658686,-0.004007773608,-0.0005223117514,0.002544298946,,,,,,,,,,,0.004697815513,-0.002564221199,-0.01656760098,-0.009161549635,0.01027429316,0.007448955369,-0.01389238672,0.006597742411,0.008655787058,0.01471126206,0.01796467171,0.01246461188,,0.02015195828
1995-08-31,0.003713757449,,,,,,-0.002192647581,0.0005981284278,0.01145893454,0.006609273364,-0.005562930385,-0.005788124578,-0.005509994164,-0.006229132702,-0.01096729362,0.005695975967,-0.0005039776683,-0.00278524849,-0.003863964956,0.0004554453575,0.0002606942028,-0.001647733855,-0.006711990621,,,,-0.002237349778,-0.002620009405,0.003257694186,,,0.003044122258,-0.0008766087482,-0.009213999372,-0.008261582259,0.006601296671,-0.006445655941,-0.0002399360495,,,,,0.01090735337,0.002276763842,0.001623951318,,-0.00662347948,8.811790164e-05,-0.002667872961,-0.008580654963,-0.007434372877,,,0.001055188426,,,,,,-0.009798684013,0.0004691262825,0.002748703928,-0.003053379954,,-0.001843581308,-0.005099166586,-0.007098208499,0.0002693681114,0.0009006332129,0.003386638093,-0.0003779515086,,-0.009482065746,,,-0.003290059484,-0.002255659138,-0.003398943668,-0.001839165682,0.001770584567,-0.004769467807,0.01133544586,0.0005279766483,0.004005429496,,,,,,,,,,,-0.00873718929,0.003040332409,0.01483405121,0.006206698262,-0.00635560405,-0.002467999714,0.007045188299,-0.002752723412,0.003750432692,0.0005117794968,-0.01190212723,-0.01004467965,,-0.00873691465
1995-09-30,0.002253301135,,,,,,-0.003983067382,-0.001185406134,-0.009578973506,-0.004058498658,0.0003624723863,0.005469155523,0.001772447139,-0.006650650833,0.001184642922,0.003899277905,-0.004267420236,4.632421202e-05,0.006575852085,0.003530798876,0.003501651128,-0.0002946666236,-0.006347260419,,,,0.004951709877,0.0007435494013,0.006381925557,,,0.006398003583,0.00110677544,0.001094906831,0.00207141845,0.0006210711801,-0.004321301177,0.007632690435,,,,,0.0009180264647,-0.001829373781,-0.01196906306,,-0.0002747518549,-0.002984735793,-0.001008042899,-0.005059905245,-0.00685182247,,,0.006915529223,,,,,,-0.004551998408,0.006759946896,0.001849712002,0.006139258418,,0.01108286547,0.01033043427,0.008716264576,0.007525010411,-0.00276415911,0.004710262049,-0.003929266227,,-0.004148540018,,,0.006175078417,0.006238134248,0.003332382669,0.0005091350797,0.01366916815,0.003441661054,0.008972389529,0.01174301709,0.01022163361,,,,,,,,,,,-7.584725827e-05,0.01110221284,0.005612639848,0.007663994471,0.01073926585,-0.002114354265,-0.003278214297,-0.001551926126,-0.00421897751,-0.003585036449,-0.006290916039,-0.003901203598,,-0.004978307797
1995-10-31,-5.757145441e-05,,,,,,0.001835264274,0.01223212323,-0.003580800427,-0.006637278351,-0.0009838320006,-0.008626208255,-0.009721329439,-0.0007292596054,-0.002924626624,-0.001129196765,-0.008664232169,-0.0004233188864,0.000295647243,-0.006093040631,0.008208970201,-0.009499520192,-0.01369724679,,,,-0.007978765105,-0.01049271002,-0.008872899128,,,0.01205725895,0.001308074281,-0.003765122004,-0.00192395608,0.0002208515395,0.003367735882,-0.007913694892,,,,,-0.0004312459342,-0.0007149000973,-0.01539384787,,-0.003906842236,-0.01756448487,-0.008420150736,-0.02773663151,-0.02269194134,,,0.01647926989,,,,,,-0.01988269757,0.002066998488,-0.002453892943,0.003305977634,,0.008123109427,0.01054738422,0.00406572051,0.006398389915,0.0167786233,0.006069410649,0.005255438411,,-0.01796026475,,,0.01873308776,0.01521364164,0.0002449663971,-0.006791365639,0.01396525268,0.01209136231,0.001225610202,0.01000578744,0.01284683589,,,,,,,,,,,0.018310656,0.01512074148,0.00743326321,0.01679812843,0.001711425954,-0.007189707534,0.005241995933,-0.007339501364,-0.0005398200173,-0.004255057805,-0.01942983395,-0.02328847595,,-0.02705880168
1995-11-30,0.007758113563,,,,,,0.00356957518,-0.00727308776,0.008504699445,-0.001820211122,-0.001231450697,0.008632999475,-0.002305170805,0.001000164844,-0.007960957215,-0.002538786221,-0.002582104496,-0.002808149502,0.004562821502,0.004965742782,0.01194363857,0.01223023678,0.0001809064203,,,,-0.006473426182,-0.002344112844,-0.00569734153,,,-0.001633390718,0.001995565498,-0.009776069356,-0.007546640131,0.009792235898,-0.003643340525,0.01986626144,,,,,0.01679168591,0.01233095017,-8.887038785e-05,,-0.01223457028,-0.01850122535,0.008889868773,-0.02716794901,-0.02390105928,,,0.02416253341,,,,,,-0.01808185725,0.003725622413,0.01032444403,0.02003168444,,0.007793278068,0.007585013811,-0.0007245813272,0.005416305615,0.006037394008,0.005728275193,0.005460158377,,-0.01443176004,,,0.009337131772,0.008573706782,0.007595854764,0.01055106321,0.01047781699,0.002178957888,0.01870230701,0.02665842962,0.02355160483,,,,,,,,,,,0.01290720502,0.01178184875,0.01310233484,0.01467586234,0.006353640633,-0.0003360064106,0.0001535473127,-0.01650536676,-0.002446680724,-0.007878948753,-0.01877504421,-0.01732196558,,-0.02661999961
1995-12-31,-0.0007912229098,,,,,,0.00726866464,-0.007245836312,-0.004517065081,-0.01406693154,-0.001379764387,-0.005107864725,0.001831271176,-0.006616615793,-0.01150969541,0.0008391356346,0.01061628526,0.001829864978,0.01874317672,0.006243438834,0.007317445904,-0.001751883302,-0.01602485751,,,,-0.00050286962,-0.002284359681,4.102794692e-05,,,-0.002604044253,0.004164500881,-0.01156805779,-0.01366991079,0.01193572645,-0.01020234148,0.008472462224,,,,,0.01544479487,0.007033703026,0.007956609572,,-0.01219744273,-0.005085907981,-7.183117266e-05,-0.006835014179,-0.008194049994,,,0.008720410704,,,,,,-0.003552701493,0.01622188779,0.001438229383,0.007724701804,,0.006288917637,-0.002166496652,-5.94834001e-05,0.007494198049,0.005337895367,0.004098455701,-0.003225096981,,-0.002941454374,,,-0.003934671561,-0.00308066875,-0.0056111725,0.0002724030935,0.01208147002,0.003693683295,0.003230052372,0.01312192611,0.01347589895,,,,,,,,,,,0.006224065731,0.007280499721,0.01001867826,0.006206100314,0.009447509009,-0.002648941231,0.006237084133,0.002098848948,0.01023033402,0.01010934998,-0.004746352164,-0.003010345529,,-0.008024168105
1996-01-31,-0.005341647086,,,,,,0.005874692556,0.001959903937,-0.009590214234,-0.004147104234,0.01218839204,0.003532815517,-0.003660861765,0.01422150668,0.01726034217,-0.0009969240602,-0.004207270335,-0.01012894885,0.001373993231,-0.004166397621,-0.000372381372,-0.001424320309,0.007312402627,,,,0.008517690114,-0.001794464986,0.01194325817,,,0.0011860716,-0.003625932048,0.01635194363,0.0167876633,-0.004806679385,0.01098044505,-0.002669834382,,,,,-0.01665704953,-0.002379833787,-0.003847662507,,0.01329348018,0.02033145856,-0.004870725056,0.02369404014,0.02327697032,,,-0.009951174223,,,,,,0.02747856297,0.002211115609,-0.001621150997,0.001535283149,,-0.00750083386,-0.00648992924,0.004390530195,-0.008389843833,-0.01037122573,-0.01162214635,-0.009204012291,,0.02741055715,,,-0.01413735423,-0.009369807105,-0.004488238952,-0.006018790118,-0.01779401939,-0.003494916438,-0.008046119055,-0.006950830767,-0.01045505773,,,,,,,,,,,0.0005370725466,-0.01573065952,-0.01956987626,-0.01552820019,-0.001327740848,-0.002166811103,0.01063053164,0.0194097966,0.005179749882,0.01122405996,0.02757021415,0.02577746638,,0.02404312399
1996-02-29,-0.003475731615,,,,,,0.005325900818,0.001304802932,0.001533588047,-0.0004739353743,0.03096704734,0.004412380469,-0.0001305683805,0.02024918009,0.0371444775,-0.007565480194,-0.004263097251,-0.005345166032,-0.01189047635,-0.002956429767,-0.006071657822,-0.01129403144,0.009517753141,,,,0.01393251894,0.007614652992,0.002987213441,,,0.004933823017,-0.007969938043,0.03053523061,0.03380479588,-0.009083795061,0.027335908,0.00549901522,,,,,-0.03467381587,0.004463694803,-0.009340859455,,0.01752143189,0.01714356654,0.006896919603,0.03239946222,0.0267858118,,,-0.01860551762,,,,,,0.03603858835,-0.009606075223,-0.005664027625,-0.009577246449,,-0.01386496278,-0.005406918806,-0.001702768832,0.0005618792301,0.007490650537,0.003399733949,-0.01670797878,,0.03126648412,,,-0.01954247579,-0.02086993061,-0.01699964553,0.006261899774,-0.01725241237,-0.01447591745,-0.007596106406,-0.01484666919,-0.01338244714,,,,,,,,,,,0.009235079401,-0.02330811121,-0.02690485644,-0.0308450181,0.008274347198,0.01272870397,-0.000745213367,0.01241502757,-0.002747710857,0.005124405401,0.03384509244,0.03566832512,,0.03356964943
1996-03-31,0.003428957647,,,,,,0.005809281615,0.0002089862718,-0.002948292142,0.003281880727,0.01553913918,0.001380748833,-0.0006197213542,0.004982476541,0.01414264567,0.007075344458,0.009154135198,-0.002403149859,-0.001473705898,0.007734160499,0.0004900672798,0.002029251204,0.01013818406,,,,0.004488582468,0.005692725212,0.00678027832,,,-0.01230757037,-0.009612624954,0.01205707877,0.008429272084,-0.006082310973,0.01072342348,-0.00295236461,,,,,-0.01368976238,-0.00520710317,0.01861127666,,0.01443927362,0.02296729904,-0.005159752024,0.02851676331,0.02956510914,,,-0.01779506751,,,,,,0.02896562008,-0.01007596686,0.008735873157,-0.01169234503,,-0.009540480192,-0.005806809527,-0.002313437447,-0.006484794065,0.001030844066,-3.457234942e-05,-0.005569374996,,0.02619873059,,,-0.01955924797,-0.01291127568,-0.007344894209,-0.00517485289,-0.01667857099,-0.01166972023,-0.0003304708949,-0.01781348972,-0.01576672684,,,,,,,,,,,0.008208333598,-0.01917159178,-0.01535908029,-0.01886283135,-0.009823210513,0.0009927706064,0.01157475502,0.02106876917,-0.0002833733425,0.01089348851,0.02876863599,0.02640304711,,0.02848221555
1996-04-30,-0.001990247058,,,,,,-0.003516729557,0.001948512768,-0.00369842123,-0.0008824521458,0.0117424524,0.0003599691862,0.005191213005,0.009656074592,0.01042190353,-0.0009559496752,0.004369231136,-8.447778731e-05,0.002678141197,-0.0002995210741,-0.005033900508,0.003412744826,0.01027609091,,,,0.004199944536,-0.001389723765,0.00464292543,,,0.004715545984,-0.003521269053,0.01005984338,0.01318244442,-0.01459308996,0.005200178295,0.0006377239543,,,,,-0.01024529299,-0.00536528431,0.002227320257,,0.003485456173,-0.000312937552,0.0003837602246,0.01434042963,0.01235489372,,,0.003003899361,,,,,,0.005516406102,0.003094292916,0.002659435099,-0.0006560378111,,0.004995720878,0.007869301655,0.005407405336,0.008335854017,0.007921316398,0.01004534715,0.00142596439,,0.008225522973,,,0.002959955491,0.003921401739,0.006082387074,0.0009419967858,0.002358830434,0.003789431244,0.0110565277,0.008759717082,0.005892464553,,,,,,,,,,,0.004983306513,0.003758609418,0.01625362077,0.007819424782,0.005919143462,-0.003122450216,-0.003833834859,0.001796112751,0.002864839623,0.006726226788,0.0100832858,0.007506215826,,0.01385608655
1996-05-31,0.002779292,,,,,,-0.0001930396718,0.01158223292,0.006162373294,0.01514220923,-0.00619410357,-0.00828234303,0.01481562224,0.006857104797,0.0007067333965,-0.006384008421,0.00474368242,-0.01476957718,0.0165846209,-0.01967917426,0.007915054129,0.007920749013,0.001302214469,,,,-0.007832120724,-0.007018409681,-0.006996014466,,,0.006512739198,-0.004225730674,0.001573938909,0.001170560686,-0.007644516076,0.01296840898,-0.01114128729,,,,,-0.009341641205,0.00249168615,0.001586429196,,0.01260822257,0.01474756601,-0.003919007351,0.02255358969,0.02259487461,,,-0.008997833059,,,,,,0.02065063423,-0.009909719059,0.01193297169,-0.001973306837,,-0.008539071956,-0.005133060233,-0.001705282102,-0.006280686834,0.01619147102,0.007450938581,-0.01287001751,,0.01996117324,,,-0.01651571654,-0.01043396904,-0.00664381203,-0.005131062902,-0.01167652249,-0.01394403433,0.003533450639,-0.001414288589,-0.007708789681,,,,,,,,,,,0.01375634499,-0.009218505964,0.002105659549,-1.473051052e-05,-0.006960790853,0.002976293339,0.01315884236,0.01825280298,-0.0003235957802,0.006025157118,0.0203266692,0.01817495323,,0.02262866885
1996-06-30,0.004585448795,,,,,,9.284439373e-05,0.01184190473,0.003694952572,0.01446010722,-0.00890563152,0.00384589442,-0.001470231543,-0.006418722137,-0.009461562582,-0.01443629206,-0.01259671001,-0.01352145366,0.008125886011,-0.01098013923,0.003608333666,-0.001390432693,-0.008847544622,,,,-0.007050713288,-0.00877759749,0.006024679182,,,8.721650229e-05,0.003085854645,-0.009203022483,-0.00857087447,0.003879106672,-0.001740847898,-0.003218318891,,,,,0.007661796655,-0.008321065633,-0.001727313276,,-0.0008267680354,-0.002554341856,-0.001973426463,-0.009324833825,-0.00923527722,,,-0.001702467306,,,,,,-0.009217221758,-0.004103739248,-0.001214787451,-0.003695289146,,0.005520246865,0.007278565094,0.006909811906,-0.00502669076,0.002864913282,0.002922142071,0.002697530154,,-0.008864059315,,,0.005038006561,0.005579829128,0.005889927451,-0.001680729616,-0.003935766738,-0.0005322900774,-0.001069023559,-0.005698662748,-0.008188609246,,,,,,,,,,,0.007766237903,-0.0008292717773,0.002919297524,-0.0008778733306,0.002756226765,-0.004566499084,0.006300870833,0.001789737459,-0.002151490218,-0.00293629505,-0.009347437687,-0.008912563652,,-0.01013465409
1996-07-31,-0.0009816098338,,,,,,-0.004436373777,-0.01294404678,0.000829349735,-0.005149796409,0.00778623198,0.01055826366,0.01538462168,0.002419351218,0.002418865244,-0.008762095675,0.00328918508,-0.0109865042,0.007904268979,-0.009788076273,-0.01623587918,0.0144122478,0.01660332949,,,,-0.001735063056,-0.001784805907,-0.01768995139,,,-0.001677708853,0.0002613954252,0.006005262057,0.004812933423,0.002291991877,-0.0006280055114,0.007564280207,,,,,0.002596420981,0.0007522186933,-0.002474192091,,-0.01125924673,0.001968090062,-0.002298471461,0.00128470012,-0.001820131093,,,0.001679744485,,,,,,-0.005319578918,0.006600355687,-0.003577544173,-0.000312266002,,0.001514948433,0.001891062957,0.001411418569,0.007128614748,-0.001762731522,-0.003193961195,0.001327409075,,-0.005999542649,,,0.005763532861,0.005475010697,0.005486366085,-0.003044210478,0.01535243968,0.01950440301,-1.993156687e-05,0.01019406308,0.01454420383,,,,,,,,,,,0.005735524301,0.002953684065,0.004233504835,0.005964131787,0.004681921174,-0.00621005201,-0.00520867797,-0.001547047855,0.01615556125,0.017921465,-0.003433478931,-0.006249307314,,0.0007364443032
1996-08-31,-0.003487250529,,,,,,-0.005811836467,0.0004835549075,0.009959700691,-0.001869558011,0.001719352159,0.008325765213,-0.0001764941522,-0.002601070875,0.008296055774,-0.001866950725,-0.00392833626,0.002296941969,0.002411402254,0.0005250237662,-0.009393553564,0.0007697405002,0.01508617651,,,,-0.0005336379401,-0.001088443659,0.0004727418088,,,-0.004864346004,-0.001158375062,0.00490860804,0.005225027196,-0.007245772661,-0.003780353936,-0.004878928578,,,,,-0.00449568105,-0.005840294243,-0.001807999613,,-0.004427255407,-0.0008716484785,0.007900782727,0.00394198553,0.0009043802478,,,0.002590111789,,,,,,0.0008127732397,-0.005423393471,0.0005394851934,-0.004123147001,,0.0006399379354,0.004447965368,0.001468225318,0.0006346076588,0.0009600348728,-0.003066107901,-0.001569343081,,0.0002972280741,,,0.006878613987,0.007382376365,0.003790018429,0.008000224316,0.008084556117,0.004638539029,0.0023842461,0.002611391199,0.008718035458,,,,,,,,,,,0.01656994897,0.004300545558,0.006005066995,0.009471150435,0.01398344393,0.005896103965,-0.01168496952,1.160964966e-05,0.003790553007,0.009010864895,0.002123767503,-0.0002449673824,,0.004302779807
1996-09-30,0.001195096187,,,,,,0.005537646238,0.001059030927,-0.002051842317,0.001174246777,-0.003219075322,0.005115586961,-0.004988929306,-0.006878318731,-0.004047855448,-0.003030052817,-0.004993108035,-0.003918268671,-0.0004122191838,0.001477217637,-0.004572857953,-0.01024568071,-0.003409480468,,,,-0.006594532955,-0.001175268654,0.009191626645,,,-0.00345932801,-0.004061095167,-0.007622741118,-0.007222425711,0.006365352019,-0.004143554825,-0.001159925221,,,,,0.009927788121,0.0002608214898,0.005541554955,,-0.01196748719,0.002279405192,0.01033859734,-0.004083849159,-0.005623446319,,,0.007490899299,,,,,,-0.01142098773,0.007122764983,0.01767188526,0.00286531297,,0.001098565667,0.00900479632,-0.003191713018,0.0003439175911,-0.002169360623,0.01064477106,-0.004537361295,,-0.009479257598,,,0.01309438548,0.009406372641,0.009951124804,0.01041190808,0.0178429479,0.01124905797,0.02471502883,0.01186312111,0.0218750798,,,,,,,,,,,0.01147612082,0.01342760816,0.01391138867,0.01562211232,0.01679694327,0.003231348903,-0.00248452947,0.0004507556562,0.002540316826,0.004248572794,-0.0101471526,-0.01132595359,,-0.003332568959
1996-10-31,0.009729118485,,,,,,-0.004962298048,0.005661394358,0.005047592767,0.01476131966,-0.02682715304,-0.00772115351,0.004918555695,-0.01007426759,-0.02044369415,-0.01171792754,-0.01082111002,-0.01937366293,0.001944327444,-0.01384303525,-0.003225958553,-0.0002056750748,-0.002418236672,,,,-0.005297681897,0.001254366714,-0.008697207933,,,0.01820628265,0.009441872439,-0.02435232277,-0.02447175092,0.006581237775,-0.01039890161,-0.0107171897,,,,,0.01914063152,0.000624977414,-0.01301127711,,-0.008420488462,-0.01069252512,0.003113547032,-0.02653055587,-0.02709119692,,,0.01204877091,,,,,,-0.02315943509,-0.003512748101,0.009377313111,0.01152202938,,0.001603423892,-0.005985227876,-0.01267344815,0.001636925643,0.004732219713,0.00872799867,0.002925462871,,-0.02384151254,,,0.006705504509,0.006764344202,0.00625728142,0.002725973578,0.004982761084,0.001370640066,0.006972391091,0.007958520214,-0.005411744751,,,,,,,,,,,0.009228463129,-1.73196476e-05,-0.004582043033,0.0002745240945,-0.001707671863,-0.006727061813,-0.005628561418,-0.01729352524,0.005451756866,-0.002792284063,-0.02937849495,-0.02198898635,,-0.02656097978
1996-11-30,0.002917667133,,,,,,0.004746690881,-0.008185574005,0.00237353079,0.001668952771,-0.004638884472,-0.00578634975,-0.0003192252742,0.005579713437,-0.005341593553,-0.0004836856903,-0.007812538344,0.001126080193,-0.003929074259,0.001838678959,-0.002590794505,0.000846839075,-0.003192855751,,,,0.00380712034,0.007300613296,0.008342208048,,,-0.008594448154,-0.003646665495,-0.005207891775,-0.005998766525,0.007415852482,0.0014031825,0.01177005724,,,,,0.01000859626,0.008629033374,0.000314510525,,-0.001347397463,0.001883425892,0.001578486141,-0.006818754469,-0.01038691114,,,0.001117852731,,,,,,-0.01208398189,0.01197927099,0.008150225658,0.005645969682,,0.00198031339,0.00280498298,-0.003283348031,0.004390071493,0.00294454581,0.002244220216,-0.003362052354,,-0.01127580551,,,0.006380629837,0.008386751913,0.0080493091,0.002354600242,0.01104883762,0.007108022188,0.006262384173,0.004739136782,0.008667341992,,,,,,,,,,,0.004541202901,0.002559565866,0.00427813952,0.001645180303,0.008160774929,-0.003042561213,-0.0001883378634,-0.0003059982626,0.006960544971,0.004792991133,-0.01152504281,-0.01198582017,,-0.007540951262
1996-12-31,-0.002255146355,,,,,,0.0005274334586,0.006278105554,-0.01425796937,-0.01305548232,0.01536806488,0.01366793448,-0.002320438622,0.006816939838,0.02089723581,-0.004756918722,0.006666665915,-0.004267170086,0.01139656353,-0.001947718493,-0.0006008059667,0.0006443463227,0.009140480406,,,,0.01100293839,0.006691206276,-0.0005165212807,,,0.004037483462,-0.01645064639,0.02164970272,0.02157386227,-0.02481188225,0.01142341121,-0.006111534833,,,,,-0.02844038294,-0.01956440413,0.005042133522,,0.02074537973,0.02273407406,-0.0001835194213,0.02924166405,0.02867490341,,,-0.02082899058,,,,,,0.02296848189,-0.004893934159,-0.007829165535,-0.01063659237,,-0.001786798516,-6.433185661e-05,-0.0002848168489,-0.001190513266,-0.01116678733,-0.01710920665,-0.003913806857,,0.02223164794,,,0.0006306373587,-0.005367999471,-0.006850504218,-0.001882571807,0.005958779223,0.0001319625561,-0.01143917574,-0.002130942667,0.002712063276,,,,,,,,,,,-0.001657628539,0.002532926592,-0.01321238597,-0.001323000895,-0.0002461985121,0.008299825343,-0.003090160746,0.01213048004,-0.0005404358497,0.007130449303,0.02560977141,0.02463533045,,0.02940154021
1997-01-31,-0.003028743499,,,,,,-0.001341619281,0.0006511998594,0.00806281248,0.00799637419,-0.001793424945,0.001016886047,0.003851360598,0.006584277317,-0.003521339917,-0.005753767719,-0.009311225152,0.0005695817887,0.00287132108,-0.004542631921,-0.001768824701,0.0007383341038,-0.002784083987,,,,-0.01130028592,-0.0103114756,-0.006956551988,,,-0.001377032801,0.008316031165,-0.001968783225,-0.001885805786,0.002828998971,0.003596263873,0.003421317424,,,,,0.001637209022,0.01140117865,-0.003270355718,,-0.004152455565,-9.076424217e-05,0.008553641527,0.002412448553,0.001554119924,,,0.007462422217,,,,,,0.002481744246,0.009609702232,0.008839050101,0.008562501411,,-0.001451405809,0.004306129803,-0.001909444748,-9.364490983e-05,-0.004790803146,-0.004627954201,-0.001204717566,,0.001624796131,,,0.009460596468,0.003595793104,0.001087578035,0.008070088691,0.008719403168,-0.005965106529,0.004042217197,0.008834716454,0.008434151238,,,,,,,,,,,0.001017703076,0.005062077551,0.003693786841,0.004969501255,0.003029350816,0.007273547032,-0.001649164938,0.003919075285,0.0006548644447,0.0004551851798,0.001410995979,0.002781872825,,0.003013575915
1997-02-28,-0.005035427663,,,,,,0.007920083956,-0.001253553466,-0.0008241180888,-0.005304324526,0.01954143066,0.008739789833,0.01217486888,0.004547265382,0.01347901861,0.000411033472,0.002461673722,-0.002875951676,0.00724241848,-0.004241783195,-0.01233472682,-0.001808653852,0.01308225382,,,,-0.003773903981,0.007300369142,0.001669004622,,,0.006255655775,-0.008715952673,0.01206616585,0.01307635017,-0.002795242417,0.005489027991,0.001266313211,,,,,-0.008293422075,-0.003897226783,0.004478983995,,-0.001170235591,0.01192086898,0.005423845249,0.01703042395,0.0151676151,,,-0.001676949581,,,,,,0.01599820833,0.01713089505,0.0236706691,0.008176836965,,-0.002034361411,0.0008757131611,-0.0013535186,0.01194946091,0.008349647146,0.01231665234,-0.008899254256,,0.01489588257,,,-0.003979721819,-0.003883368752,-0.005764960226,0.005487434538,0.007435610825,0.007434340484,0.02361487052,0.007565913915,0.008510752717,,,,,,,,,,,0.003610041929,0.001986205803,-0.004268249831,-0.003545104169,0.01066774606,0.007573793392,0.007744634657,0.0169465535,0.008088779842,0.01026038149,0.01687703158,0.01655231819,,0.01693429728
1997-03-31,0.01211491634,,,,,,-0.002503561929,0.005963540218,0.005043326555,0.003375199711,-0.002312396468,-0.001362971532,-0.006845144746,0.009794719316,0.001011440437,-0.009308226323,-0.003483016043,-0.01322850486,0.007575988921,-0.01366955108,0.005650788421,-0.002724317048,-0.006644390974,,,,-0.004557304281,0.002127768794,-0.004918242066,,,0.007208480536,0.003723419941,0.00033004777,-0.0003772776771,-0.005910840648,0.01567051374,-0.002615383213,,,,,-0.00425773074,0.01201105473,-0.002221593392,,0.0153318495,0.008202661728,0.001850548814,0.003880426614,0.004000645869,,,-0.005057507601,,,,,,0.009942439744,0.008307714252,0.006067812386,0.00212232045,,-0.01057144927,-0.01141754861,-0.0134088093,0.005273059211,-0.001162787882,9.921100429e-05,-0.004434747618,,0.007695980282,,,-0.01409711221,-0.01195191084,-0.01168302271,0.002024424898,0.003660301007,0.009324399593,0.0009106056504,0.0002530259489,0.002427671723,,,,,,,,,,,0.0046007763,-0.004342029372,0.007608116614,-0.008009014591,-0.004983023135,0.000111978035,0.00262014258,0.004123636684,2.955107979e-05,0.0008578644943,0.0056362262,0.007521437858,,0.003530092346
1997-04-30,0.009314700478,,,,,,-0.003056708181,0.003358350185,-0.002378197134,0.01338957539,-0.008622022018,0.0005948377413,0.00830995386,-0.002765527927,-0.01511683491,-0.01569052085,-0.02061057274,-0.008764195316,0.006270063129,-0.008943341789,0.002172254943,0.002696896483,-0.004257949143,,,,-0.00212121662,0.001781501467,-0.000381992456,,,-0.003735837287,0.01080043479,-0.01402973606,-0.01368170204,0.008517970063,-0.00334040127,0.01362064592,,,,,0.009245155313,0.01020852452,-0.01642170282,,0.0008337688469,0.003832418783,-0.001598009326,-0.005358973806,-0.007938172222,,,-0.001973872223,,,,,,-0.01280999381,0.01445960858,0.004643977191,0.01222176409,,4.752555063e-05,0.002213012706,0.001820704951,0.004021625882,0.0006741773387,0.005480150637,0.002752662894,,-0.01248349786,,,0.01216184212,0.01485786168,0.01000941377,-6.813261071e-05,0.01273114516,0.01033299535,0.003209634372,0.01170356497,0.01029432286,,,,,,,,,,,-0.008397444848,0.007762102679,-0.0004002469369,0.008158240695,0.007606432176,-0.006811187809,0.006540571239,0.0001362764446,0.004046262313,8.394362024e-06,-0.01389077775,-0.01411616146,,-0.006345239278
1997-05-31,-0.006785553413,,,,,,0.003735327644,-0.003517432541,0.00273414279,-0.005719991816,0.02068841473,0.008439718671,0.0005602142774,0.003452182045,0.009269873579,0.005217749889,-0.001149023973,0.005162439639,-0.001370931741,0.001148763442,-0.006852479079,0.00449887657,0.01153926097,,,,-0.007632506418,-0.007027832549,-0.003890474982,,,-0.006821378475,-0.0002118554173,0.01085520541,0.01078436841,-0.006127145239,0.01224971805,0.006205982761,,,,,-0.01408819302,-0.004657350517,0.00136706655,,0.006822795414,0.009735654001,0.0022330533,0.01538169612,0.009716947576,,,0.001045313781,,,,,,0.008433681726,0.00268622677,-0.00257910092,0.00779674423,,-0.003134940967,-0.001748328877,0.004372576537,-0.001349680625,-0.004479013917,0.0002799317047,0.001600128183,,0.008133112163,,,0.001643383548,0.000257838775,-0.001110631289,0.003129676058,0.004936213826,0.00698489668,-0.0003679502261,0.008711263737,0.004283167669,,,,,,,,,,,0.002357786507,0.00793957547,0.0159622094,0.01179779297,0.01215870312,0.001180158912,0.002635157476,0.009963926865,0.004131014817,0.007856622152,0.008896155993,0.008109036011,,0.01556977112
1997-06-30,0.00642626621,,,,,,-0.00177365887,-0.0001149536971,0.002700860906,0.005621536082,-0.005683831384,-0.000952020581,0.001262242877,-0.001370245978,-0.005501399032,-0.002357930753,-0.001048274819,0.003366187814,0.0004237767977,0.001609019264,0.001788262691,-0.002719958049,-0.001719210766,,,,-0.0005917323793,0.003202012089,-0.001980735216,,,-0.003112032683,0.006890197309,-0.00614811379,-0.006253032433,0.003552515991,-0.0006484683271,0.002098912732,,,,,0.004001491652,0.006559291701,-0.003208060849,,-0.006572044413,0.01921615879,-0.004335289556,0.006658874448,0.004408689697,,,-0.0003564015612,,,,,,0.001767973338,0.003126977974,0.005951082002,0.009216577065,,0.002095180992,0.001002745246,-0.0009027984193,0.0003329272467,0.006129910447,0.001109832453,0.0003550613555,,0.003986177861,,,-0.001231365487,-0.0007935846526,-0.002705795825,-0.003947066295,0.005140931556,0.001182783215,0.003562686847,0.005022991797,0.007671947063,,,,,,,,,,,0.008706822653,0.00411180816,0.004219488923,0.0004249915218,0.0002784398404,-0.006237909247,0.01061835568,0.01360485624,0.005294597132,0.006452629152,0.001889222078,0.000880333779,,0.007328953418
1997-07-31,0.005265535513,,,,,,-0.01138966606,-0.003333355073,0.003680585939,-0.003652195817,-0.01514223951,-0.0116743003,-0.003950427573,0.0006939019737,-0.02101799273,-0.0028305171,-0.01004980647,0.004868454394,-0.006657469818,0.007509055517,-0.002525513223,-0.001575108869,-0.0008809125743,,,,-0.00116750149,0.003975393642,0.0006052903586,,,0.0001360036832,0.02034167947,-0.01999002848,-0.02022069077,0.01035506252,-0.008935784437,0.01047568821,,,,,0.02029894894,0.01931171847,-0.01347516974,,-0.008598957977,0.00278933557,-0.006861804171,-0.01228369595,-0.01350799645,,,0.002387943055,,,,,,-0.01667366494,-0.00135656137,0.008359427107,0.002303239068,,0.003244311284,-0.0002459398804,0.002013783913,-0.00186838657,0.006922134834,0.01139168063,0.004064462389,,-0.01616290853,,,0.004118172953,0.01124897972,0.004665847644,-0.006398657351,0.01110050343,0.009075433764,0.01365624189,0.002019838674,0.01236548817,,,,,,,,,,,0.01096760465,0.006610903865,0.01755391251,0.000918616757,0.003628701321,-0.01162558302,0.009448469613,0.002765250966,0.01206294832,0.005776358061,-0.02007505835,-0.01950205767,,-0.0144874847
1997-08-31,-0.002162356224,,,,,,0.001370400136,0.005576456009,-0.00372727232,-0.01117287271,0.008187719204,-0.004956865303,-0.008392753948,0.003590898366,0.01273467285,0.006040344039,-0.002663486462,0.002542758672,0.00175713434,0.006733551334,0.004904305848,0.005484745052,0.00403914357,,,,0.0004614154739,-0.004930624136,0.001402321613,,,0.01042751113,-0.003096053648,0.01226326853,0.0106943132,-0.005911965585,0.003621425629,-0.0015498495,,,,,-0.01251603441,-0.0009292276798,-0.003569434193,,0.002673189423,0.005312133328,0.006172322509,0.01346575178,0.01349559833,,,-0.0002871999604,,,,,,0.0108873094,0.009810408026,0.009444843891,0.009969401128,,-0.00361791739,-0.0001301963704,-0.002038063709,0.00854328853,0.005377124635,0.008903526676,0.0009159233946,,0.01016302189,,,-0.001871564978,0.001288664162,0.001534727143,0.006476461138,0.01003649972,0.007035969344,0.01287099033,0.01363190369,0.005018994292,,,,,,,,,,,-0.009817002028,0.005895017005,0.005820207541,0.008543509495,0.007361669214,0.004724673184,-0.009526253939,0.005377451674,0.004861354964,0.009611860756,0.01331911273,0.01248556863,,0.01328293195
1997-09-30,0.00150751552,,,,,,0.008045938733,-0.006389952014,0.00428737647,-0.003965048703,0.009491106604,-0.00116696433,0.0004026139518,0.01009732974,0.006608127114,0.004794336209,0.007342674702,0.007708274415,0.005992591609,0.004716102726,0.0005768473011,-0.002202477743,0.005127721179,,,,-0.00519020115,-0.004530658389,-0.007181944195,,,-0.003718641033,-0.001983458248,0.007269082785,0.007638947971,-0.003045309968,0.01174475912,0.01134088615,,,,,-0.008445337497,0.004076417215,0.005103372476,,-2.481414779e-05,0.01468696525,-0.007301431698,0.009596833116,0.0106708567,,,0.005370045418,,,,,,0.009959787372,0.007065993643,0.01010262591,0.009669413743,,0.002970366865,0.001143871465,0.002038374944,0.0008827056768,-0.00142442144,0.0007445522352,-0.002427911001,,0.01083434844,,,-0.004577648253,-0.009412911152,-0.01336300624,-0.006392368396,0.004454807633,-0.001795890554,0.007905197539,0.009448108493,0.005745935509,,,,,,,,,,,0.002875800511,0.0004980757234,-0.008591787032,-0.006264576327,-0.001382052438,-0.004253543127,0.004970180375,0.01086422469,0.00110602618,0.001162588128,0.009246186682,0.01077984272,,0.009502749489
1997-10-31,0.01290795434,,,,,,0.0009440097842,-0.005386495681,0.007454305631,-0.003735757447,-0.01108580298,-0.002205136616,-0.00935545618,-0.002936233249,-0.01476597471,0.000967505398,-0.0008216402236,-0.001362527483,-0.001805577175,0.000575584922,0.0005945109834,-0.0001385111412,-0.009740243327,,,,0.00182868214,0.004271559355,-0.00641717778,,,-0.004995803743,0.003651353994,-0.01058368739,-0.00827311644,0.006988478152,-0.008566551851,0.003527853768,,,,,0.01381630528,0.008309794663,-0.002415050177,,-0.0008121252279,-0.008522545702,-0.008579116634,-0.01606255212,-0.01545119395,,,0.008843531244,,,,,,-0.01416674782,0.00386450665,0.001126843391,0.006467650068,,0.004066200978,0.002161671128,0.0005628142083,0.005899227964,-0.002990150184,0.005943553411,0.0047573953,,-0.01340021396,,,0.002149861693,-0.0005246982365,-2.035175974e-05,-0.008318277525,0.009139097659,-0.001748006954,0.005467313397,0.009564561849,0.01072739096,,,,,,,,,,,0.01044800254,0.007256048774,0.01094750089,0.01111242815,-0.004500602303,-0.01113507092,0.003350669525,-0.007784403301,0.004226559416,-0.001477441337,-0.01877856268,-0.01474633356,,-0.01805770507
1997-11-30,0.002834792462,,,,,,0.005226443225,-0.009659677145,-0.005465376047,-0.003200547208,0.01081067031,-0.005360503197,-0.002151632129,0.008338697327,0.009137022394,-0.003469876224,-0.002991783957,0.008888559253,0.002055346946,0.003885235149,0.002613190874,-0.005493710524,-0.003125489459,,,,-0.001564350837,0.006133458911,-0.003301114084,,,0.005850728328,-0.004166530199,0.009274581167,0.01003235717,0.0002634795688,0.009143431389,0.009796927351,,,,,-0.00752141678,-0.002930183741,-0.007746776985,,-0.0005855857511,-0.0002278644011,-0.005562421624,0.004786211557,0.004062632025,,,0.0001346734791,,,,,,0.004812068729,0.005982176643,0.005422352684,0.008038431437,,0.006129821483,0.007672659872,0.006330909834,0.003261141616,-0.000831824491,0.002457488554,-0.004880635502,,0.005754166634,,,0.001709490724,0.01026402651,0.008386471597,-0.00498109978,0.009391621935,0.006598543777,0.008184631225,0.01118609343,0.01198874414,,,,,,,,,,,-0.004943226676,0.007051485722,0.01013306934,0.004393553091,0.007781140657,-0.009587017178,-0.001186085232,0.00447001718,0.008140842367,0.008929586095,0.00694480334,0.004878065342,,0.004594767121
1997-12-31,0.0039255834,,,,,,-0.002499752846,-0.004471423494,0.001115395269,-0.003477510987,-0.001153817681,-0.004263956996,0.0008606425582,-0.005259892166,-0.003649947956,0.005034754467,-0.001889499182,0.003277014915,-0.003324715549,0.005017743789,0.0009000494883,0.001297385971,-1.852115347e-05,,,,0.003642367252,0.002809059274,-0.0003295550057,,,-0.003528438954,0.004546756288,-0.002985948852,-0.00446286881,-0.0005184486071,-0.004294128704,0.0007703880072,,,,,0.004899656027,0.0003172487582,0.001104336083,,-0.004901604524,-0.003093197539,-1.166136432e-06,-0.01380848734,-0.01213697225,,,0.009956663155,,,,,,-0.009384877502,0.008830610983,0.004024249775,0.009307342154,,0.004863409333,0.004034482465,0.003643760548,0.003729070868,-0.0005665331338,0.0009516740612,0.003901196273,,-0.005907366983,,,0.007848649097,0.006702241969,0.006643880815,0.0002788234523,0.01141311739,0.006792602845,0.01061508213,0.01176192082,0.01434367743,,,,,,,,,,,0.01103686132,0.009890086594,0.006450749097,0.01162719005,0.007858306637,-0.005072928341,-0.002732101581,-0.003003917029,-0.002678196104,-0.002744890592,-0.009920041706,-0.009785480143,,-0.01341458475
1998-01-31,-0.005943432786,,,,,,-0.002817720468,-0.003829582622,-0.008028044856,-0.01567193307,-0.004871873458,-0.008361204559,0.003203603204,-0.001666893545,-0.001315439964,0.004180716658,0.01171557989,0.008733999313,-0.00725266882,0.00772464174,-0.0119977189,-0.007490060932,0.005966046527,,,,0.003674637188,0.007517364046,0.0004211929223,,,-0.003121038634,0.00591335725,-0.007332573706,-0.007917191319,-0.005506382472,-0.0007105862295,0.001639133116,,,,,0.004130626805,-0.002495025641,0.004900556501,,-0.002811344009,-0.001493018716,-0.006181623308,-0.0002335650147,-0.001896199492,,,0.009026051859,,,,,,-0.00482781019,0.001381576649,0.007063703116,0.01044295923,,0.005999097229,0.0005163537763,0.00530706354,0.007665560008,0.005841355953,0.004676457509,-0.0005494093125,,-0.006262619758,,,0.004819079043,0.006065761799,0.00558240472,-0.005140227995,0.04081251976,0.007155571465,0.01367212024,0.02008441615,0.02119718117,,,,,,,,,,,0.01032125963,0.01333646148,0.008143818964,0.008016292713,0.0293029108,-0.001006413366,-0.003407211039,0.002177788056,0.003487983023,0.00477806398,-0.00492199916,-0.005444952834,,-0.0007296061967
1998-02-28,-0.003244959477,,,,,,-0.007552670024,0.008542334566,0.007112863438,-0.01014246756,0.004960702526,0.006720736765,-0.01154890288,0.000880623141,0.003481455461,0.002743322966,0.006186559551,-0.007952365686,-0.009349650251,0.005006858147,-0.00363969218,0.008459390346,0.00223280954,,,,-0.004405606691,-0.007164589889,-0.009178978819,,,0.01250393315,0.003286398458,0.008736955624,0.00880085481,-0.008064817048,0.002137999547,-0.0002932412953,,,,,-0.01047744362,-0.002973477957,-0.003308491977,,0.008357437132,-0.0038982747,0.0006816625773,0.006535608675,0.004983555766,,,0.006436012574,,,,,,0.006135452489,0.008953745235,0.004703052853,0.01142319737,,0.004389435141,0.002465246909,0.002011093197,-0.002648644576,-0.001051591004,0.002806632858,-0.002773543461,,0.005285150224,,,0.002969329315,0.0009600263404,-0.001259175875,-0.0002525425612,0.004083340084,0.001810666157,0.009140955686,0.007035765579,0.0007997979011,,,,,,,,,,,-0.004779227642,0.004681952785,4.042983761e-05,-0.0007313481474,-0.001207086125,0.0009696322857,-0.009742269095,-0.005780439877,0.006022798265,0.006573583879,0.007497844686,0.006737123087,,0.00651444515
1998-03-31,-0.004377798165,,,,,,0.00630486091,0.003760854959,-0.002142186303,0.001640889816,0.009490023196,0.002603999783,0.002161525655,0.005033175234,0.01007594741,-0.003467654361,-0.004519346702,-0.0014728047,-0.0002046451124,-0.0003437740621,0.0008951209148,0.006956401642,0.005864645497,,,,-0.006204301223,-0.005359954282,-0.008286946682,,,0.006623161444,-0.006099844636,0.01105880055,0.01028819469,-0.0007671300357,0.009536016354,0.004929034018,,,,,-0.0090162207,9.482227651e-05,-0.002210103013,,0.008508906952,0.007979582805,-0.001058914429,0.01230365671,0.008501792069,,,-0.008958194487,,,,,,0.007130359112,0.002575965479,-0.003376231083,-0.002336339318,,-0.001839701669,-0.0001053010643,-0.003598525644,-0.005981799948,-0.001113887998,-0.004014801422,0.001524540942,,0.006183133517,,,0.006927900626,0.002063306793,0.001013256024,-0.001864619243,0.002050194257,0.006324435448,-0.002325436955,-0.005964280639,-0.0003239815503,,,,,,,,,,,0.001903537927,-0.001663792217,-0.004172195814,-0.004197138197,0.001218393744,0.003891683904,-0.0001256327343,-1.400682312e-05,0.001692057457,-0.00174478735,0.005763947858,0.006230600627,,0.01268405048
1998-04-30,0.002567310315,,,,,,0.002645485685,-0.005042212734,-0.004543923564,0.007071507731,-0.002553459276,-0.008913647253,0.004715041447,-0.0003738699962,0.002475615744,-0.001698481934,-0.007091057953,0.004060844114,0.004483901475,-0.002706272826,0.005309922755,-0.001373883953,-0.002726097181,,,,-0.0001323540587,-0.007609206612,0.0007163932132,,,0.005416523515,-0.001472417922,0.003547312182,0.00329075605,0.003921284841,0.00142738976,0.000487368164,,,,,0.0006162163479,0.002705238266,-0.008253458468,,0.006294471641,0.004711168563,-0.0003913465354,0.003059946135,0.002324314146,,,-0.005103493928,,,,,,0.004504926484,-0.005316187835,-0.001682344022,-0.006859195903,,-0.0003101363553,-0.001229015814,-0.0005149086445,-0.003919134534,-0.004806182208,-7.738817559e-05,0.0002657663998,,0.004708743895,,,-0.002484152716,-0.003096742569,-0.00405964263,-0.0003166495761,-0.003626072099,-0.001312300901,-0.003832247419,-0.005966196998,-0.005897113382,,,,,,,,,,,0.000861362339,-0.003952412928,-0.00574447601,-0.002313665497,-0.002655637316,-0.001898841896,0.007517810478,0.005923868964,0.003791589404,0.003223507177,0.003327053586,0.003344055586,,0.003170317208
1998-05-31,0.01039260991,,,,,,0.002061633019,-0.007223884829,0.003252915464,-0.006346553904,-0.009124795226,0.001036149045,0.004448801599,-0.009031620873,-0.009659921727,0.005728980845,0.01161728692,0.003793323921,-0.003788330834,0.004127092579,-0.007189516311,-0.003709284889,0.001950526566,,,,-0.005688237165,-0.001243828069,-0.0002387942118,,,-0.01092875523,-0.001632018015,-0.007826985809,-0.007964031668,0.00806788856,-0.006304089853,-0.002208301663,,,,,0.01023017677,-0.0009623399298,0.007447469082,,-0.0086014796,-0.003183001212,-0.005295737014,-0.008055309461,-0.00718322468,,,0.00462686848,,,,,,-0.008614629264,0.006060654626,-0.000949174057,0.00406826847,,0.002387681813,-0.000596052084,0.0003007049284,0.002649600932,-0.003291791732,-0.002758397157,0.002788416165,,-0.007172576274,,,0.01116456295,0.009692618879,0.008025913168,-0.005133461044,0.01235003788,0.009017567961,-0.002854142417,0.003226551881,0.009628364847,,,,,,,,,,,0.005088126494,0.006473759302,0.003033821978,0.006481249087,-0.001275007582,-0.003861938762,0.001649270208,-0.001033319603,0.00326023596,0.001314757436,-0.007632084166,-0.009038637966,,-0.00871480459
1998-06-30,0.0004783088838,,,,,,-0.008076188354,0.001449178702,0.004091589919,0.002535323297,-0.01060553647,-0.001275724906,0.001242834836,0.000601063238,-0.01592156764,-0.001938867232,0.001525994594,-0.001209193672,0.007036419531,-0.001588539266,-0.005934394439,-0.01100664528,-0.00402858251,,,,0.003334466875,0.0005584168985,0.003745491128,,,-0.005791921362,0.01508589779,-0.01277762171,-0.01361744137,0.006144527195,-0.002372378434,0.0008936377635,,,,,0.01467567758,0.003406490649,-0.0003435603701,,-0.007131784896,-0.007891533572,-0.007765867106,-0.01074395394,-0.009451434539,,,0.007464081231,,,,,,-0.0154653214,-0.008496961317,-0.01157367326,0.003011366846,,0.002909952084,0.002990480633,0.002459869074,0.007719436543,-0.002853482088,-0.006326097109,0.0006435319208,,-0.01544866118,,,0.008574163594,0.007295649298,0.0136442522,-0.004150159998,0.003318118891,-0.001998502662,-0.002757531804,0.009216691268,0.004955329702,,,,,,,,,,,0.001814690663,0.01270336119,0.004355755393,0.008450600338,0.00605241835,-0.01110641438,-0.006766316394,-0.008612554809,0.01056445028,0.009516614038,-0.01370929056,-0.01575149124,,-0.0109664469
1998-07-31,0.00205227508,,,,,,-0.01032054137,-0.005718761788,-0.009456532113,-0.01121040692,0.00408869793,0.00194381125,-0.004650592644,-0.002788294494,-0.002757017909,0.01070807803,0.007856413374,0.01282530169,-3.397405667e-05,-0.001289131298,-0.01324333996,-0.01489954187,-0.01355826758,,,,0.01740324565,0.01456382571,0.01012303367,,,-0.01346610141,0.012461653,0.001636127457,-0.001999472075,-0.007248168332,0.001922513087,-0.002440816652,,,,,0.005575781942,-0.0002725633277,0.01196410352,,-0.01424927175,-0.007175679038,0.004264367881,-0.006194257563,-0.005825373275,,,0.007702117677,,,,,,-0.005044519676,0.004562814155,-0.00384396015,0.006796919159,,0.005423855311,0.004041733349,0.004481204454,0.007169906334,-0.006603328965,0.003785532518,0.005477221806,,-0.004201248687,,,0.004775562942,0.006968415623,0.01033877345,0.004386796288,0.006658325395,0.005014108542,0.001305649303,0.005672299079,0.006331289019,,,,,,,,,,,0.00657326762,0.007416312895,0.006193166193,0.005940969399,-0.0009095360922,0.002495372763,-0.0001624429735,0.002616346892,0.004181190854,0.003201292151,-0.005335224189,-0.005370412196,,-0.00564219063
1998-08-31,0.03317237821,,,,,,-0.004501769587,0.004262568498,0.0213556611,0.03149403194,-0.03622209087,0.03324053398,-0.008363893095,-0.01046777994,-0.06174733625,0.0104116294,0.002685097675,0.01427775131,0.02380468674,0.01742781461,0.004567074983,-0.009886389797,-0.004218747891,,,,-0.01510805573,-0.01839619647,-0.007022956082,,,-0.02187205337,0.01005901026,-0.06254023415,-0.05760233755,0.03178348899,-0.03422973091,-0.006548309342,,,,,0.04659025039,0.004110008086,0.007633346844,,-0.03204038498,-0.07009231854,-0.0120096359,-0.1077257191,-0.09433911679,,,0.06020538676,,,,,,-0.08151495062,-0.0155758467,0.03377076965,0.02844654718,,0.005835402753,0.01762161559,-0.002172662357,0.02433338831,0.04026819101,0.04434286677,0.02125948409,,-0.07392949165,,,0.04362163236,0.02817197201,0.04998073738,-0.006127769151,0.03877506136,-0.007809213981,0.08190897276,0.05111446636,0.03602081291,,,,,,,,,,,0.008245162587,0.05331212944,0.07602164852,0.03226383516,0.001342903101,-0.03382338906,-0.01268600654,-0.04936915602,-0.011646626,-0.02495732531,-0.0855986169,-0.08394122634,,-0.1084738802
1998-09-30,0.0144364834,,,,,,-0.003341973584,-0.02258848254,0.01950192375,0.01066252487,-0.03054495058,0.002802295331,0.004580878536,-0.02301827287,-0.03774346535,-0.006476675273,-0.0009046783426,0.01393869765,0.01475460034,0.007147039066,-0.0272284063,-0.03900779728,-0.01714117231,,,,-0.01754605439,-0.01858228156,0.003144775819,,,-0.03295107417,0.03377053345,-0.03406374805,-0.03029895567,0.005415910037,-0.02504381659,0.00949052854,,,,,0.04555862692,0.02212243618,0.005502495213,,-0.05152010431,-0.05639923537,0.01719498756,-0.074506089,-0.08247843096,,,0.01488373265,,,,,,-0.07182152368,0.003539817337,0.03950071115,0.01816745263,,0.01105681171,0.01224425493,-0.0007541028099,0.03004155329,0.02633845691,0.03270130755,0.02730942939,,-0.07301028159,,,0.003046484744,-0.007989828512,0.02975897771,0.01956446897,0.01814113871,-0.0005484133599,0.04471037744,0.03088963965,0.03823915035,,,,,,,,,,,0.03292036588,0.02220371245,0.03390850038,0.018963305,0.02874634426,-0.004751944071,-0.01265631432,-0.03086806329,-0.002439300369,-0.005386825651,-0.0718853884,-0.06295528424,,-0.07246285905
1998-10-31,0.01206659183,,,,,,0.01551499215,0.01643873324,-0.0317221744,0.01901528321,-0.02999866384,-0.00636994361,0.0417670796,0.02162961472,-0.004498380008,0.02153378477,0.04102132067,-0.02934313502,-0.03175007324,-0.04240834395,-0.03534724139,0.02820180934,0.003057988246,,,,0.04612273093,0.04861530966,0.03754538132,,,-0.03243535761,0.005029818596,-0.009433016213,-0.0113467677,0.0224335513,-0.005232747574,0.02163115945,,,,,0.02684215815,0.01647585504,0.03969085336,,-0.03281683107,-0.03973408679,0.01861600076,-0.03934049159,-0.03415876822,,,0.01621009117,,,,,,-0.04110025876,-0.001738199197,0.008567116563,-0.0243111968,,0.01461125609,0.01560007033,0.009388062606,0.01004964773,-0.006441972708,-0.001333079858,0.03516905849,,-0.04269693166,,,0.02136703638,0.0346709908,0.03233671806,0.02015758713,0.03549303408,0.06214437492,0.009994713739,0.004948217274,0.01741362919,,,,,,,,,,,0.02328480275,0.03015476665,0.01459273468,0.0233308767,0.02515435508,0.01432667831,-0.03321041645,-0.0361920766,-0.02061345768,-0.01691678456,-0.04157102309,-0.04094590458,,-0.03595438478
1998-11-30,-0.04245856438,,,,,,-0.02355806431,-0.00552198748,0.02859139486,-0.01832842753,0.06901088609,-0.0008235850572,-0.008839453658,0.05325706508,0.06577788561,-0.01078667418,-0.03377195934,0.01523201456,0.01279913533,0.02010816532,0.03147767674,-0.002253300448,-0.06321176008,,,,-0.02299774046,-0.02532371366,-0.01827309041,,,0.06902636021,0.0434008925,0.0886905075,0.07869886641,-0.02680874139,0.07219733204,0.001884500213,,,,,-0.02627002536,0.008922474099,-0.03362917465,,0.06694163447,0.08524694998,-0.00326517164,0.09339103211,0.0689264328,,,-0.07001946554,,,,,,0.08017568819,0.01060917378,-0.01104927712,-0.02183855901,,0.002835937448,-0.005567925223,-0.02383935994,-0.02957992196,-0.0178399488,-0.03249992234,-0.01222369435,,0.06822459894,,,-0.01938694794,-0.008247790678,-0.02365836825,-0.0002290803827,-0.07493756727,0.01096022671,-0.09080525209,-0.07783416635,-0.08511440203,,,,,,,,,,,-0.02030194837,-0.07856041509,-0.09618259347,-0.08623073455,-0.0002421302865,0.01953365071,0.02476846649,0.03322168822,-0.006885401772,0.002458775008,0.07536362863,0.07529245688,,0.09373794655
1998-12-31,-0.003188139938,,,,,,0.007518753073,0.00365803083,-0.02456206676,-0.003979424891,-0.02231292982,-0.003700434113,-0.00159287873,-0.0313246128,-0.03903153301,0.00177981912,-0.0002595867526,-0.001683091322,-0.001292323435,-0.009993229654,-0.005299346208,0.002225828705,0.02673033301,,,,0.007817905645,0.005240328872,0.01782666247,,,-0.007306655963,0.001569713943,-0.0372069183,-0.02701566133,-0.001545996991,-0.0349514042,0.008714749443,,,,,0.01986905039,0.001361336699,0.009721288984,,-0.009597925406,-0.01745866907,0.002933269955,-0.0192563427,-0.03315896695,,,0.02155981957,,,,,,-0.02204614208,0.009473739432,0.007168650386,0.0127856055,,0.02568028126,-0.006097326774,-0.01001531879,0.01950445222,0.01141751053,0.01521801136,0.002193525248,,-0.01751148192,,,0.03003211562,0.0082970633,0.02742614109,0.007025352922,0.02412003874,-0.01233316449,0.01402231407,0.02956608938,0.02736873039,,,,,,,,,,,-0.008924932463,0.02499108399,0.027833469,0.03451988034,0.001551049689,0.004712473861,-0.008475190303,-0.01546392006,0.009710852705,0.003650235911,-0.02024878095,-0.02209530364,,-0.01703220221
1999-01-31,-0.001521495049,,,,,,0.001844422775,-0.01590031695,0.004247546235,0.02030646029,0.0002418180177,-0.01994776326,-0.0007913787765,-0.002018822189,0.002037416228,-0.003584930058,-0.003532751655,-0.003790219029,-0.009071913472,-0.007798092381,-0.0009588158866,-0.005436769872,0.01586375412,,,,0.009049767653,-0.0008886258637,0.01062597075,,,-0.008372455977,0.004544268379,-0.001385906787,-0.01057118364,-0.01390308024,-0.002957952271,0.01685743064,,,,,0.001025817357,-0.005822706477,0.007815321669,,-0.005336486478,-0.005405325453,0.001135722749,-0.006706606463,0.01527535404,,,0.000621487053,,,,,,-0.006811609206,-0.01189518134,-0.00530018601,-0.01058423797,,-0.003431713101,0.002884810618,-0.003943046622,0.01327701179,-0.0015953886,0.003424660582,-0.003061263442,,-0.009297780501,,,-0.00291565522,0.009154174372,0.01004512725,-0.002270295856,0.009441690494,0.006538829932,-0.01270750573,0.003268485613,0.008566957005,,,,,,,,,,,0.006215773454,0.003583636697,-0.004841051754,0.002470672638,0.001447461684,0.009184133244,0.00397820201,0.004160701423,-0.002506028083,-0.002982271817,-0.002522802452,-0.006359882043,,-0.005181980819
1999-02-28,0.002089234181,,,,,,0.01804833171,-0.0009155547897,0.03838872245,0.02021917181,0.03424947933,-0.02290019909,0.01620888279,0.01600234604,0.04717753778,-0.02227975066,0.0101411402,0.001592932964,0.0007311082181,0.003075568552,-0.03245034603,-0.03413464962,-0.007124099475,,,,0.006962506541,-0.004738064728,-0.003793349701,,,-0.006914981741,-0.03242691382,0.04380247168,0.04317164158,0.006513750828,0.02095578942,0.002130662987,,,,,-0.05672901069,-0.03774628005,0.01569484121,,0.003872325627,-0.01729575609,0.009336989278,-0.004274313229,0.006998844902,,,0.003670346935,,,,,,0.01567823998,0.02859827205,0.02092067472,0.04132843265,,0.01032562511,0.008159159515,0.006711488738,0.00560093228,0.004792547539,-0.001756134711,0.02176559929,,0.01556575805,,,-0.007577122228,-0.005608187274,0.0008622685564,0.0134218809,-0.003095042166,-0.008047226209,0.02511493517,-0.001983890963,-0.0002814709666,,,,,,,,,,,0.008921566929,0.005044479997,0.03457042211,-0.006255837634,-0.002099153689,0.01785328711,-0.01304779976,-0.002163282742,-0.02804412878,-0.02602593086,0.02030246644,0.01375348816,,-0.003318773173
1999-03-31,-0.001455161726,,,,,,0.03779953595,-0.02210577615,0.02684521727,0.01977893576,0.001917214108,0.01013976011,0.01206974763,0.01849585275,0.01135225373,0.008084325979,-0.007124658292,-0.0154354248,-0.0221490831,-0.01920653853,-0.03234078324,-0.03808210481,-0.02346528853,,,,0.0113161711,-0.002288995752,0.01572160415,,,-0.01358686746,-0.02694457131,0.009277324493,9.605570913e-05,0.02744056583,0.009577945746,0.005983865203,,,,,-0.01004000362,-0.004244180613,0.02488173546,,0.004278289531,-0.01552474281,0.00463062259,-0.01427995506,-0.008057430418,,,0.007842209409,,,,,,-0.0116718086,-0.009233189987,-0.01874928932,0.0006465907761,,0.007213833767,0.01108047601,0.005813465099,-0.001875278669,0.003051894502,0.002952891217,0.004385300746,,-0.01493479648,,,-0.01632581038,-0.003543730936,0.009249746346,0.01090584318,0.008032881041,-0.006579577587,-0.01878860351,-0.002903112698,-0.001943016796,,,,,,,,,,,0.0304023927,0.003431816112,0.02263820784,0.02445279981,-0.0004358871009,0.005286629148,-0.00579077215,0.00686705509,-0.02604793031,-0.02270150571,-0.01605050976,-0.01099624586,,-0.01333774858
1999-04-30,-0.00358120235,,,,,,-0.007251375099,0.01526410681,0.0255571001,-0.005737732032,0.0161230877,-0.008074864396,-0.01306051764,-0.005914568844,0.01427081589,0.000979972071,-0.01064806391,0.01400812766,0.01536144094,0.008496824773,-0.0002120577007,-0.01672152889,-0.02283657702,,,,-0.009319077182,-0.004002990718,-0.005187315762,,,0.006776014075,0.000307832151,0.0116381389,0.02337767002,-0.01088270828,0.004654217208,-0.01263684389,,,,,-0.01537436221,-0.008415933631,-7.892391573e-05,,0.0205831249,0.02753331458,0.003920331872,0.02753247396,0.01562953902,,,-0.00657961665,,,,,,0.02410898133,-0.013824713,0.009494886605,0.0009492360747,,-0.003429800094,-0.006968124857,-0.007477139035,-0.008847146355,-0.003986070032,-0.004459514153,0.01532430627,,0.02048000015,,,-0.01978705943,-0.01594425051,-0.006791046385,-0.0001312549337,-0.01491900819,-0.003113200672,-0.002973026343,0.006283699541,-0.01074490203,,,,,,,,,,,-0.003693654159,-0.01653524405,0.01860723743,0.01457782149,-0.003346057292,0.006126465279,0.02502351133,0.02893732116,0.008292202493,0.01255209451,0.01878078775,0.02071789296,,0.02803656135
1999-05-31,-0.01010104856,,,,,,-0.0253725501,0.00736638302,9.390963584e-05,0.008067445552,0.007416894099,0.004909384893,-0.03712736169,-0.003929536226,-0.005231039389,0.01552653087,-0.01761280051,0.02800983418,0.03188117319,0.02264192668,0.01137936566,0.008582662536,0.01061213154,,,,-0.03268274838,-0.03172779978,-0.0220676417,,,0.02062242023,0.01091772223,0.0023238153,0.01159596102,-0.008361758886,0.005525875311,-0.02826799521,,,,,-0.001947953183,0.00222240923,-0.002626875731,,0.008910580543,0.01761123316,-0.001249703319,0.02060830654,0.02059677284,,,-0.01105935283,,,,,,0.01081728473,-0.01033526381,0.002690746737,0.01041575549,,-0.01936231738,-0.005935496513,0.01408731331,-0.01256319794,-0.002448992403,-0.0003478098132,0.001741896932,,0.006932918226,,,-0.01806117242,-0.02142782711,-0.01599560528,-0.008256071167,-0.003952845454,-0.0008042147627,-0.009898375804,-0.005209511991,-0.012947563,,,,,,,,,,,-0.0001537274401,-0.01000701673,-0.003785040871,-0.003612838894,-0.02788800005,-0.00168712342,-0.0009494481862,-0.0006814121464,0.005635931809,0.00678613591,0.004526269531,0.008826696739,,0.02078049655
1999-06-30,-0.0004707948353,,,,,,0.006553826867,0.004303649625,0.003164927339,0.001065642191,-0.001668010407,-0.003960066374,-0.01282923967,-0.003285535015,-0.004499453526,0.0005986857587,-0.007312926688,-0.01140866551,-0.006574012333,-0.01691954256,-0.01320768061,-0.006440060772,-0.01057744239,,,,-0.004677894378,2.847330125e-05,-0.002475723242,,,-0.005030547479,-0.006041403495,-0.003143752615,0.0009236078611,-0.001707482172,-0.003110688035,0.008486081135,,,,,-0.002324207865,0.001545516205,-0.00534938862,,0.005707014173,-0.003352563579,0.003215953398,-0.001656318272,-0.002188517858,,,0.00190203453,,,,,,-0.007876103344,-0.003193552663,0.005525580162,-0.004023574677,,0.009681276149,0.01053613389,0.01242709201,0.008572749524,-0.01527824848,-0.005684930261,0.006213267995,,-0.004688827564,,,-0.0007619797049,-0.007362963656,0.005429221123,0.002591395788,-0.00398057268,0.00647188885,0.001810879956,0.001187431424,0.003783035843,,,,,,,,,,,0.008037707785,0.008508084787,0.005055839482,0.005412126261,0.007971503409,-0.0009121624194,-0.01123549596,-0.007512702307,0.009089968787,0.009753050917,-0.007929530745,-0.007231527157,,-0.001720350169
1999-07-31,0.004196167835,,,,,,-0.003512946723,-0.009832440022,0.03325704555,0.01567567829,0.00190338166,-0.01639805737,-0.005304789982,-0.01579769501,-0.008420987802,-0.003921340327,-0.01363185063,0.001209519622,0.007478247367,-0.001030909083,-0.01769064781,-0.0205133016,-0.008776290018,,,,-0.007553907277,-0.01127966876,0.002474970049,,,0.01030358476,0.0008005881051,-0.007936995251,0.001504439587,-0.03702608165,-0.01121853675,-0.007146005396,,,,,-0.02070310613,-0.01632280741,-0.01335132617,,0.004510262886,-0.0124895157,0.01511315256,-0.003420279352,-0.009183512347,,,0.0001958397864,,,,,,-0.00642204401,-0.008839685177,-0.01339654189,-0.005770460364,,0.01836512766,-0.00381260295,0.007397428124,0.005545929024,-0.006427712972,-0.02253030162,-0.01297068727,,-0.006607511446,,,0.01393702228,0.01332278761,0.02204740721,0.01097009802,0.001533485469,0.001823511126,-0.01189372439,0.004387055351,0.02104356147,,,,,,,,,,,0.002500861466,-0.004170182555,-0.008162982865,-0.0005866132607,0.008608332575,-0.0008756374693,0.002558706441,0.005944510431,0.002986519171,0.006521995889,0.0001257555095,0.001341049688,,-0.003699498102
1999-08-31,-0.003206960733,,,,,,0.02121831885,0.0002469026981,0.01890882503,0.01699577638,0.005068659781,0.008132887779,-0.04322137571,-0.0241918111,0.002950283079,0.01695733433,-0.02290179458,0.01645567367,0.0129440302,-0.002269216185,-0.01883992041,-0.02002959748,-0.02288821206,,,,-0.01717109544,-0.03041335265,-0.01506007129,,,0.0001731986206,-0.03454077894,-0.003372501912,0.01256886605,-0.003653696612,-0.02478443449,-0.02782675553,,,,,-0.03180407295,-0.03129553059,0.01453182734,,0.02845761926,-0.03482338066,-0.0062580095,-0.02885227294,-0.02269982191,,,0.0317604541,,,,,,-0.01443271722,0.007972197208,0.01213470835,0.04448736937,,0.01579388477,0.01004923604,0.006532204403,0.01724269415,-0.01086841766,0.018951777,-0.01058502135,,-0.02316205159,,,0.02184084133,0.01335441418,0.01248555123,-0.005783167596,0.02569078478,-0.004055679335,0.01720188408,0.03957723792,0.02387147876,,,,,,,,,,,0.002151410965,0.02449463823,0.02526563624,0.01682430404,0.00618593601,-0.01028640193,-0.002564071563,-0.003247723496,0.00313772824,-0.01169546896,-0.02358876419,-0.02075633832,,-0.03233096044
1999-09-30,-0.0008212029934,,,,,,0.01633257828,0.03341497939,-0.005664381516,0.03672419601,-0.02239660935,0.02035204902,-0.03742732953,-0.03708477571,-0.01598481716,-0.02645908713,-0.03389989519,-0.006484260412,0.00168834147,-0.003067994368,0.001189422261,-0.02184672156,-0.02672613894,,,,-0.03126899358,-0.02578942836,-0.008883320969,,,0.01328150934,-0.0255659095,-0.01072934929,0.01188430957,-0.01730526967,-0.03934069892,-0.02530847492,,,,,-0.02528241859,-0.0323216017,0.00767347408,,0.01826571538,-0.04479135877,0.01792562265,-0.05020964459,-0.05046316836,,,0.03431814445,,,,,,-0.05792445062,0.01153337909,0.005519440413,-0.001262749828,,0.0274676444,0.01245581919,0.01322180413,0.02478021362,0.02206431189,0.0261943566,0.01803914705,,-0.05598077878,,,0.04520018894,0.03530600851,0.03949399192,0.02131922068,0.05998506753,0.02068645967,0.01451525886,0.02729774065,0.03689505058,,,,,,,,,,,0.01704607885,0.03484086703,0.05528489773,0.04238658036,0.01634640665,0.004523182928,-0.00725184457,-0.02702989313,-0.01837494751,-0.03598587426,-0.05824227539,-0.05135156083,,-0.04971442432
1999-10-31,-0.003874237784,,,,,,0.0113707334,0.03589161127,0.0111285137,0.03122476584,-0.03107450667,0.001575693103,0.001212495392,-0.01704977791,-0.0193488633,-0.02226821041,-0.04058688625,-0.01216632824,-0.01261273696,0.004061304347,-0.01542074895,-0.04070883882,-0.02512171379,,,,-0.02708510464,-0.01695221531,-0.002135728772,,,0.003355764388,-0.01639901181,-0.02181443583,-0.009036245628,-0.01728536994,-0.03027552103,-0.01358388084,,,,,-0.01190597418,-0.02776724238,-0.001389209833,,0.023312643,-0.0597317835,0.02300844446,-0.05910792965,-0.05623929505,,,0.05120872453,,,,,,-0.06521610827,0.01076296518,0.01633933713,0.01096117289,,0.04437760219,0.04216794652,0.0193469381,0.03300053681,0.01457167421,0.05181367296,0.03028408601,,-0.06038476221,,,0.05724073296,0.04738476119,0.04067635927,0.02873610494,0.06084638563,0.03644991188,0.03045347962,0.03581250651,0.04428332166,,,,,,,,,,,0.04817881532,0.06485535974,0.06437969459,0.06351996601,0.03769952291,0.009756294361,-0.0184810801,-0.03316626281,-0.03308154925,-0.04570468714,-0.05362352038,-0.05102707195,,-0.05963216877
1999-11-30,-0.01442544658,,,,,,0.01195849703,-0.002956608283,0.02550525048,0.006790457011,0.01724430207,-0.01625774221,0.005541266111,0.02645586258,0.03278701435,-0.009452480619,0.007784297239,-0.01221244464,-0.01243145962,-0.008042474515,-0.02212202638,-0.01112186144,-0.007917206317,,,,0.01617881903,0.01486640048,0.02111482418,,,-0.007568990225,-0.006478296879,0.0279978067,0.02223282214,0.01292720247,0.01263730061,0.007696892468,,,,,-0.009898004813,-0.0003045321695,0.001534490044,,-0.004848841106,-0.006411898319,0.005922901695,-0.0011024394,0.01447186974,,,0.003509342739,,,,,,0.01158151487,0.02040150839,0.007165710581,0.01406283533,,-0.005148113508,-0.0002162399797,-0.005919563073,-0.009020657249,0.006064672738,-0.002258114172,-0.0005300194358,,0.01407528702,,,-0.00390988894,-0.005576170963,-0.009596495204,0.005322000209,0.01487357511,0.0112921382,-0.002923003636,-0.001116237151,-0.003627229459,,,,,,,,,,,0.002925821725,0.01261258058,-0.001224767258,-0.00251476531,0.01896273426,0.01221158312,0.004775080482,0.002183177268,0.001638323824,0.002323681543,0.01661174232,0.01655702777,,-7.526131451e-05
1999-12-31,-0.01276843933,,,,,,-0.0009098948421,-0.001145153174,0.005449612252,-0.004295801586,0.01922324828,0.007349777911,-0.002097494201,0.004208569022,0.006102615487,-0.01803325687,0.01294963166,-0.008382682148,-0.004891796791,-0.009640696249,-0.003700059543,-0.003446573272,0.01488878064,,,,0.0003073799207,0.0003287083274,0.006373124546,,,0.00270545108,0.002567038262,0.002753915462,0.0016654179,-0.006859342939,0.004087796259,-0.0002690985219,,,,,-0.007980302939,-0.001583785196,-0.007531252794,,-0.002140871365,-0.005252703007,0.01145165997,-0.005272673385,-0.009221453416,,,0.01163356445,,,,,,0.01259599966,-0.005574769218,-0.01574637696,-0.003979020071,,0.01330984767,0.009121931533,0.01560654245,0.003867028957,0.01171259221,0.006077424477,0.00342271554,,0.007911530103,,,-0.00483447732,-0.01393393311,-0.005495261601,0.00686436703,-0.006098879014,-0.008253839493,-0.005299841733,0.00268305648,0.002729246744,,,,,,,,,,,0.007562425865,-0.006011717095,-0.005287064109,-0.009683123298,0.009166428068,0.01582801795,-0.007759766777,0.001756956534,-0.0132244705,-0.0159879247,0.002643675478,0.01226179201,,-0.00507088477
2000-01-31,0.01260133434,,,,,,-0.0003882984218,-0.0079395467,-0.01587502052,0.0007208208807,0.003713971435,-0.01652755985,-0.001327193932,-0.01550579699,-0.01335141115,-0.007630869161,-0.003859541314,-0.01197570057,0.002433136123,0.001514088919,-0.004255190832,0.001922214872,0.005046373679,,,,-0.0005769145299,-0.004927863737,-0.005929405792,,,0.005018933199,0.03031856984,-0.01129007184,-0.01192602224,-0.005484847578,-0.01493851709,-0.003766112815,,,,,0.01581459293,0.008198308108,-0.01237394633,,0.001531633122,0.002383990598,-0.01932030872,0.01174331655,0.01019621573,,,-0.01685204287,,,,,,-0.002899222323,-0.007319397104,-0.005348363984,-0.0188177247,,-0.0009448548221,0.00433454384,-0.0001563592116,-0.005611212094,0.01701393428,0.005313309697,-0.002382925351,,-0.004769461384,,,-0.0008349158951,0.001441035721,0.00141304992,-0.02425935062,-0.007958910698,0.01056008943,-0.01190712853,-0.007007117319,-0.001803564161,,,,,,,,,,,-0.01396617942,-0.006864102237,-0.007494761298,-0.000717201489,-0.011184847,-0.01728612153,-0.00885868873,-0.009735283156,0.009686457082,0.005249037459,0.009815996562,-0.001525806588,,0.01135105729
2000-02-29,0.01933721174,,,,,,-0.02388285334,-0.008903974282,0.01096245444,-0.01134367372,0.008504522852,-0.004786012204,-0.01876057145,0.001804671627,-0.01290079138,0.01637230483,0.01891010312,0.0312911859,0.01619380027,0.02869890537,-0.03169801465,-0.01368212762,0.02162930132,,,,-0.002478949036,0.003642675384,0.002585655803,,,0.03005181592,0.02877953432,-0.02373647941,-0.0171375517,-0.02079766879,0.00180903247,-0.009646996174,,,,,0.02268598341,0.02822167883,0.01974555809,,-0.01451564222,-0.009415407727,-0.01285380494,-0.002258463113,0.002759365024,,,0.007581733174,,,,,,0.0002988201004,0.002947292165,0.03446029957,0.004621737925,,-0.003503070923,0.02868319129,-0.004220854388,0.001317700565,-0.02933640125,0.01275289774,-0.01928295526,,-0.003319128145,,,0.001405899648,0.000304860645,0.002867120462,-0.01108133801,0.004703671606,-0.006535108927,0.01972004292,0.0130461472,0.00607312056,,,,,,,,,,,0.04085982836,-0.007198921035,-0.01205645849,-0.007718502814,0.002695772881,-0.02164645657,-0.007103861205,0.004856378416,-0.0167415344,-0.02144429264,-0.004322204663,-0.003974264285,,-0.00146568437
2000-03-31,0.0179325432,,,,,,-0.02697434115,0.04696668798,-0.02307146154,-0.01890215884,-0.01452095545,0.07361638197,-0.001473475495,-0.02705000224,-0.03579309432,0.0466902521,0.004888522601,0.03163326054,0.0466918884,0.02577739732,0.03909017209,0.01686457912,-0.04843458273,,,,-0.02508240315,-0.01179299879,-0.03312041749,,,0.07470858556,0.01421920641,-0.03043597023,-0.02616990214,-0.02527257958,-0.01213833794,-0.03032422493,,,,,0.01154666643,-0.006353298926,0.02243359168,,0.04635691844,-0.06510520258,-0.002611931563,-0.06449377473,-0.02906789729,,,0.06186411295,,,,,,-0.05424980136,0.02932341697,0.01973361791,0.04112473513,,0.04202887676,0.04073256088,0.008878669551,0.0844008628,0.03211220675,0.001456791876,0.02791406476,,-0.04377671434,,,0.04009034239,0.03033955122,0.02199083574,0.01142577126,0.05440208558,0.002250016773,0.03883289474,0.04760111565,0.06538957128,,,,,,,,,,,0.05224919825,0.05441254322,0.0475209369,0.04518462497,0.01994758999,-0.02785149379,-0.007660254865,-0.04052159891,-0.03316270755,-0.04218051011,-0.05823691978,-0.05595218646,,-0.06411196728
2000-04-30,-0.01203418215,,,,,,0.01340821113,-0.009042146167,0.0005188623691,-0.02107454397,0.01476999149,0.01851963147,0.001601908178,0.01560656441,0.009917762194,0.01187844485,0.005742542098,0.01492865593,-0.01348429635,0.007698773218,0.02670076896,0.01466188297,-0.01537718749,,,,0.01066041328,0.01218875271,-0.01606929781,,,0.01019577574,0.0009502015879,0.01508926585,0.009142853628,0.02009343265,0.01337922967,-0.006925351746,,,,,0.004236721491,0.0181179024,0.01969655799,,-0.0211177453,-0.01034106188,0.006142032241,-0.003644990373,-0.001168496617,,,0.01559926882,,,,,,-0.01235967897,-0.01693422499,-0.0133766772,-0.002106992277,,0.004804568911,0.002657877709,-0.01134874793,0.02249065069,0.009523706719,0.002394619676,-0.008620304008,,-0.01775868294,,,0.002008075244,0.00421262425,0.0006485888377,0.008572788089,0.01566560259,0.01414923677,0.001984755851,0.01198467585,0.01385569485,,,,,,,,,,,-0.004344123964,0.008646947229,-0.01707406947,0.0117116581,0.01256289822,0.003513833185,-0.03015723427,-0.01966228035,-0.008604957027,-0.00607312533,-0.008611719592,-0.00377496671,,-0.005791598603
2000-05-31,-0.002572480511,,,,,,0.01075284987,0.03246776353,0.01539288958,0.005121095324,0.005393210496,0.02621354935,-0.001640657235,-0.01054641142,-0.007997334404,0.02321751061,0.008065224824,0.01549681326,-0.01875238834,0.004776221971,0.0194857042,-0.007606622075,-0.01959925706,,,,-0.01945061459,-0.01811565436,-0.02759829593,,,0.009635089025,-0.02601969203,-0.005336019344,-0.00534314194,0.0003570970156,-0.002900620781,-0.0006729096492,,,,,-0.02132359269,-0.02458332988,0.008392833293,,0.003998818005,-0.03404025923,0.005066733423,-0.03348164456,-0.008295124621,,,0.01696198984,,,,,,-0.03712150305,0.008530498621,7.211321257e-05,0.002974233903,,0.02320100166,0.00226425752,0.008832216868,0.02390966439,0.0123034935,0.01571515133,0.03176225533,,-0.04075159681,,,0.02856981408,0.01575844596,0.02204881032,0.006642386668,0.0199110068,0.02668271695,0.01286041647,0.01792696242,0.01961859034,,,,,,,,,,,0.02290541889,0.0297482701,0.01337189646,0.02063002837,0.01121273763,-0.007479116237,-0.009421976583,-0.0217895696,-0.001332950034,-0.001754791969,-0.02326442039,-0.04081859122,,-0.03189953429
2000-06-30,0.007919529209,,,,,,0.01195672972,-0.0004115766953,-0.01383672609,-0.006909675961,-0.02387273371,-0.01093076738,-0.003829995801,-0.0002297449672,-0.009016429122,-0.01081371383,-0.01356747537,-0.004702537965,-0.01044667368,-0.007534372664,-0.02021480391,0.01162785761,0.004371777807,,,,0.02062316772,0.02605904488,0.006939350744,,,-0.009231342974,0.001608332375,-0.005879355807,-0.01053093696,0.007015927229,-0.01119390638,0.01172459997,,,,,0.02020614512,0.008326353558,-0.01005319775,,-0.00917458422,-0.02297466134,0.02163464002,-0.02767913555,-0.02798370002,,,0.002211159172,,,,,,-0.024158484,-0.006880279236,-0.01487759484,-0.02215976466,,0.02223518718,0.01289150092,0.009898854159,0.01424631834,-0.01097474308,0.002673444982,0.009967028152,,-0.02371203892,,,0.01365281576,0.02199499845,0.02596106367,0.02128190235,0.004750955826,0.007018159371,0.004684088219,-0.003427641612,0.000702007874,,,,,,,,,,,-0.00731069347,0.008391307574,0.01685150093,0.01395901029,0.03974945222,-0.00280251171,0.008010010743,-0.001984840318,0.02215472717,0.01509425344,-0.02233243395,-0.0253247307,,-0.02800279581
2000-07-31,0.005201509971,,,,,,0.009866463359,0.03278293668,0.01719268425,0.02783610674,-0.006823602187,-0.008627720119,0.01470115953,0.02616303204,0.01424808512,-0.0131954742,-0.005193502232,-0.02363353704,-0.004189828029,-0.001600474225,-0.01713108439,-0.03284893762,-0.01263341116,,,,0.02175337993,0.01567618233,-0.01157195309,,,0.01526978491,0.007442456132,0.01481067422,0.01166041356,0.02709900813,0.008171396887,-0.01242397947,,,,,0.00892508121,0.01614485826,0.01287478568,,0.01071618707,-0.01619128424,-0.01592150927,-0.004621851772,0.008777249642,,,-0.001216054861,,,,,,-0.001204732032,0.009091751372,0.02919795172,0.005286635385,,0.0001277673934,0.01089303929,-0.007833585375,0.009097328256,0.003495526727,-0.006273509889,-0.006575447192,,0.001998469336,,,0.0008917406462,0.008677409691,0.002687602577,-0.01398475629,0.01491241842,0.02967088964,0.02398235558,-0.01148877782,0.004464914771,,,,,,,,,,,0.02153522584,0.01022102077,0.005632515566,-0.003441244512,-0.01675053757,-0.006621614716,-0.01635736844,-0.01468532453,-0.01072770127,-0.01105447321,0.002580147635,-0.007188462151,,-0.001818819144
2000-08-31,0.001724116031,,,,,,0.03250941836,0.0291459242,-0.003162622814,-0.006851184667,-0.03111625451,0.01300518864,-0.01033995316,0.02062614899,-0.008347072064,0.03218076611,0.03725316982,-0.01242863986,-0.03865690006,-0.00379611878,-0.01037030958,-0.009687088308,-0.007959795601,,,,0.02439772797,0.04058107754,0.005755524857,,,0.02036251288,-0.0261113652,-0.01153294103,-0.01184331026,0.0273246353,0.006479610272,0.01090088789,,,,,0.02594862752,0.02172726255,0.05623946921,,-0.02514426072,-0.0435585115,0.02013554403,-0.04543905648,-0.04439761252,,,0.04684685846,,,,,,-0.05381360353,0.03752115245,0.03563500274,0.03797699166,,0.03434395147,0.02865539466,0.0233794583,0.04689807625,0.04130879865,0.03972116691,0.009651961378,,-0.04663542908,,,0.02550169755,0.02961847742,0.02626058167,0.02263159375,0.0442371744,0.01627620844,0.04668708413,0.04741402823,0.05161250989,,,,,,,,,,,0.02973612415,0.05136669488,0.05100577304,0.03417979056,0.03004448737,0.005043804013,-0.0147742958,-0.03991794207,-0.02304223737,-0.02775491815,-0.05306439297,-0.0500515786,,-0.04530002965
2000-09-30,0.01172221336,,,,,,0.01337174257,0.02764219932,-0.01766065393,-0.0001832594271,-0.004413858739,0.00585042032,-0.01194603645,-0.0004792141559,-0.01482119696,0.01630551365,0.02419763089,-0.02014226854,-0.02857860869,-0.01521261685,-0.02351815986,-0.01408518505,0.0005765731438,,,,0.006463898898,0.009662075147,-0.03934095372,,,0.003741247006,-5.33045306e-05,-0.01828965849,-0.01073180025,0.01748290068,-0.007773175192,0.004903195178,,,,,0.01891723318,0.008358298648,0.03595512777,,-0.02423904109,-0.02217586073,0.000231904673,-0.0236107387,-0.007044268296,,,0.0476836887,,,,,,-0.01858471681,0.01535536325,0.04280073357,0.03017626841,,0.001788338281,-0.003239543468,0.003821258339,0.02079844075,0.006171428411,0.03316308875,-0.005464105705,,-0.01522271846,,,-0.00824590647,-0.006713316386,-0.003608578716,0.006540277519,0.01836451446,-0.00211975321,0.03851208712,0.04166490436,0.02689910687,,,,,,,,,,,0.02513233649,0.03265805312,0.009696551011,0.03394140634,-0.007123754382,-0.00486112514,-0.03369463395,-0.03758267842,-0.01888359168,-0.02859350692,-0.03239301809,-0.02178222663,,-0.02362551201
2000-10-31,0.02236830069,,,,,,0.009290420051,0.0899155865,0.05016464294,0.02906847287,-0.06814040606,0.02113072823,0.0063742565,0.01268160184,-0.01181464049,-0.02471177632,0.04490269804,-0.02945380055,-0.08490871554,-0.002579255083,-0.03370708135,-0.02259926309,-0.007195786845,,,,-0.003527295907,-0.01141907795,-0.07527839122,,,0.0319075756,0.02728971189,-0.009026895534,0.009907638405,0.007667483969,-0.02009190357,-0.0289640148,,,,,0.04615145659,0.01553108868,0.1056415917,,-0.07134498164,-0.09312557435,0.01885495575,-0.09694588143,-0.06110281295,,,0.103717532,,,,,,-0.08723942742,0.04868010641,0.05805025795,0.07321340393,,0.03791129191,0.02274253657,0.02409633973,0.05111884805,0.05187117331,0.07717183091,0.04605937878,,-0.08586676134,,,0.06423672056,0.04944699694,0.04703052008,0.02689034825,0.08886827516,0.01958324674,0.07338665717,0.101844638,0.09019210231,,,,,,,,,,,0.06477792503,0.09973040281,0.09950419566,0.09614412632,0.01887336582,-0.0103690914,-0.0618166754,-0.07538619177,-0.04821279999,-0.06100822247,-0.09911141181,-0.09978756519,,-0.09727864877
2000-11-30,0.06257743347,,,,,,-0.004975483154,0.1115861949,0.04413809098,0.02053097581,-0.07201451673,0.005446625808,-0.01876465175,0.02172157379,-0.06593619257,-0.1055184114,-0.01183644472,-0.08036030579,-0.0644681753,-0.04300924296,-0.03987085943,-0.01020887002,0.01108477007,,,,0.005192440495,0.001416618017,-0.01027702749,,,-0.01632594875,0.03135469683,-0.0670852521,-0.04795297309,-0.003026734799,-0.03956252163,-0.05286948549,,,,,0.07612641987,0.04169985264,0.079817423,,-0.08969236604,-0.07616272728,0.008109490256,-0.08170716288,-0.04029813704,,,0.1132642055,,,,,,-0.0657054501,0.02768062863,0.08522581818,0.1269291903,,0.004030370754,-0.002792211204,-0.007807751706,0.03644177945,0.05709025168,0.05954224821,0.04635327598,,-0.05713141605,,,0.01239961654,-0.02060152155,-0.004681914297,0.02146113836,0.05300177805,-0.0227295823,0.1105833647,0.1037527961,0.07072110272,,,,,,,,,,,0.1111869569,0.06180969993,0.05391840515,0.05913458538,0.007382240009,-0.04358385079,0.001180630855,-0.05839957462,-0.02168855422,-0.04124083584,-0.07105539334,-0.07437195457,,-0.08240784678
2000-12-31,-0.006872700733,,,,,,0.02842743212,0.02699805377,0.0002419879382,-0.005322448675,-0.002549804323,0.03729584139,0.01005918693,0.05513740438,0.02999283337,-0.002617579142,0.003235502517,-0.01487933378,-0.03687518211,-0.01198082747,-0.02701206117,0.001749416259,0.01201074213,,,,0.0004002060645,0.01624749858,-0.02754615542,,,0.008066247082,-0.01464148205,0.03732583763,0.01983797402,0.03438059746,0.04915878242,0.01944848478,,,,,0.0060206088,0.01638921038,0.01385163345,,-0.004411355686,-0.05226256058,0.03508109888,-0.05826867814,-0.06073834709,,,0.03043267085,,,,,,-0.03788257399,0.02681773883,0.006199456576,0.03357909509,,0.0183024036,0.03446753774,0.05022769279,0.01210712486,0.001697758296,0.0177960619,0.005396474291,,-0.0529781701,,,0.03371733024,0.01109929995,0.0170626625,0.03290452695,0.02900838259,-0.0351846512,0.01339032284,0.04350906295,0.02932021044,,,,,,,,,,,0.00330582612,0.008665943305,-0.002990498197,0.02947276619,0.0843006734,-0.006821390241,-0.01401581277,-0.01781232704,0.006184064568,0.005584334234,-0.03404360033,-0.03217572032,,-0.05925491972
2001-01-31,-0.04212761555,,,,,,-0.01793771995,-0.1213493876,-0.03361578933,-0.1149970705,0.07575047386,-0.02713699985,-0.04573496258,0.02409504139,0.1084664717,0.1480727434,0.1291021683,0.1116478612,0.07456732795,0.05707737559,0.07006446872,-0.01586583342,-0.02033670077,,,,-0.04454760758,-0.04313366554,-0.01525686943,,,0.02588570168,-0.001592501579,0.08281926458,0.06530567187,0.0244017657,0.07542329306,0.07136792666,,,,,-0.04046472818,-0.01717486818,-0.09068900486,,0.09621166966,0.1212515639,-0.03181977044,0.1037006153,0.09546469624,,,-0.1225374518,,,,,,0.1174830665,-0.09268271978,-0.1288453564,-0.1347700956,,-0.07459248445,-0.05671931313,-0.06343189398,-0.09206117571,-0.05291377825,-0.08321382636,-0.05853807548,,0.1023944033,,,-0.1156226964,-0.09905147277,-0.09477816934,-0.04136489621,-0.1363327182,-0.08515044945,-0.1461392054,-0.13198868,-0.1358232516,,,,,,,,,,,0.03217327693,-0.1362227322,-0.1186727838,-0.1475178388,-0.03174310765,0.02972614591,0.08387528132,0.09866097305,0.005958065616,0.01998895306,0.1135594349,0.1408648404,,0.1038753389
2001-02-28,0.005932958112,,,,,,0.002106077397,0.01053016721,-0.007175709404,0.004472445269,-0.002368228156,-0.01673932105,-0.02157824852,0.01272286568,0.01293603989,-0.005969321931,-0.006689345858,0.0002382460692,0.01034559186,0.01120593456,0.007955846123,0.0100232678,0.01422022337,,,,0.007554138169,0.01177947097,-0.001986785445,,,0.006615214125,0.01289366632,0.01036939429,0.0207067888,-0.005379401617,0.006016767669,-0.01929008593,,,,,0.01557236987,0.004436059476,0.008739135234,,-0.01256716339,0.007755326025,-0.004507076523,0.01093999555,0.006171411762,,,0.0150843872,,,,,,0.002399439409,0.007052816252,0.02114619126,0.008969804032,,-0.003249154446,-0.007520527105,0.0001806131946,-0.002226591068,0.02165368972,0.03195138292,0.004830866512,,-0.001419792108,,,0.001119021439,-0.007110680533,-0.003589191043,0.000290529085,0.0001455122373,-0.01073735656,0.01426196294,0.01849515715,0.003561210423,,,,,,,,,,,0.004212642001,0.004974225936,-0.0006614451479,0.0009257996716,-0.01004134521,-0.01359057031,-0.00683267878,0.003074295364,0.01927371064,0.02288499641,0.001595017048,0.002396554855,,0.01001515616
2001-03-31,0.05360028021,,,,,,-0.01428056422,0.08193591463,-0.001480352843,0.04882241965,-0.0858693064,0.007501140919,-0.02903898753,-0.05071771866,-0.06743118308,-0.0676395294,-0.05903367753,-0.05813494197,-0.04589244928,-0.02539537214,0.0115860593,0.04698259788,0.05980380314,,,,0.0478803814,0.04939820178,0.02732485041,,,0.006139366422,0.05307129228,-0.06873818125,-0.04273499093,-0.04836297373,-0.06698596052,-0.05561715067,,,,,0.03878077012,-0.003064869922,0.05675746768,,-0.08096311029,-0.04109290531,0.02070684458,-0.04853103528,-0.06452991391,,,0.09204451522,,,,,,-0.06259414282,0.03530909753,-0.01392963849,0.06968387774,,0.01391835134,-0.02640257559,-0.01849494462,0.02024639886,0.003306923843,-0.03141914143,-0.01013037535,,-0.05462551724,,,0.05550579919,0.03386947116,0.03850986456,0.02444792927,0.05042534445,0.04442950593,-0.0356924587,0.08222905166,0.07256327102,,,,,,,,,,,0.07706391892,0.05153203097,-0.0343367281,0.03933267037,-0.01455864725,-0.03544453072,-0.0115180848,-0.0234412207,-0.02364416841,-0.03042870392,-0.05453292909,-0.068143276,,-0.04972211547
2001-04-30,0.01752464501,,,,,,-0.02079902634,0.0712822911,0.00973532686,0.07102335023,-0.07583439983,-0.004453065648,0.02423452865,-0.02359389545,-0.0422643311,-0.08428486752,-0.07299885753,-0.06371015184,-0.06803226858,-0.04383643657,-0.003231109716,0.04253951244,-0.005804460287,,,,0.06956647623,0.06033330204,0.06775889314,,,-0.05508425126,0.05018959987,-0.0470014524,-0.01308375478,-0.03757666411,-0.04897376603,-0.08080252725,,,,,0.02727741924,-0.005856253489,0.07309062864,,-0.05333911957,-0.08090444307,0.06102000841,-0.08053194242,-0.04544411555,,,0.08555582619,,,,,,-0.07524219036,0.03394097556,-0.01022353884,0.03345823825,,0.02187881183,0.01475540004,0.007802741108,0.05169123799,0.08274236051,0.02278686126,0.04061364054,,-0.06417465298,,,0.06013212846,0.04682525008,0.02573316406,0.06447774845,0.0799204689,0.04608648037,-0.01692458525,0.06429982428,0.09363872784,,,,,,,,,,,0.0905270819,0.07815353206,0.006427428217,0.07987220778,0.03357117323,0.01589599753,-0.06353708689,-0.07213129978,-0.04270925963,-0.05036662433,-0.06758537914,-0.07694473255,,-0.079898065
2001-05-31,0.00652845903,,,,,,0.02271023839,-0.04686879618,-0.02477195796,-0.04687957852,0.05845643297,0.02508684387,-0.01048698693,0.04406618837,0.06171712457,0.04820124455,0.0617064131,0.02258588652,0.03193252042,-0.01154425377,-0.02541502391,-0.02703027246,-0.0103031081,,,,-0.03360049198,-0.04110415037,-0.01700717927,,,-0.002587920105,-0.01235696007,0.05355662708,0.05815195823,0.04304350497,0.05600092346,-0.01371621636,,,,,0.01359645221,0.05046067882,-0.01589454499,,0.03695288812,0.07580869259,-0.03383014191,0.06763115746,0.07302684596,,,-0.02555514386,,,,,,0.07557498202,-0.02710709133,-0.008346336529,-0.0190159328,,-0.03201755025,-0.02256580815,-0.006920012442,-0.005940913712,-0.008574247301,-0.01128241077,-0.02059928261,,0.07830798795,,,-0.08140656219,-0.07578037011,-0.07659228778,-0.03223171782,-0.04081842668,-0.0629178949,-0.006866383429,-0.02338988084,-0.03449770544,,,,,,,,,,,-0.001146703332,-0.04413160192,-0.04450101871,-0.01265264531,-0.04653219691,-0.003038421965,0.04695969925,0.05787747151,0.03217632186,0.03366334279,0.07452236876,0.08387005926,,0.0735207657
2001-06-30,0.03600021726,,,,,,-0.05116205073,0.04413275052,-0.04159384838,0.0601853449,-0.04202150735,-0.003188165606,0.02370028197,-0.02478946007,-0.03016581176,-0.05014352409,-0.06581666325,-0.07764503529,-0.05814716937,-0.04479894754,0.02689737476,0.02215766653,0.01084790432,,,,0.06840472803,0.05286257448,0.0658244508,,,-0.03630093954,0.05208042266,-0.03684167292,-0.01298642564,-0.05466710066,-0.03585696593,-0.05626271757,,,,,-0.03094719941,-0.05280930006,0.0683389867,,-0.01788159481,-0.069296543,0.01643340453,-0.06117368453,-0.02789929008,,,0.05016847044,,,,,,-0.04983883077,0.07666221743,0.05534351508,0.0302926968,,0.03302913503,0.03504978355,0.004677668399,0.08094006048,0.0850712698,0.08589828046,-0.0003386476996,,-0.05298005876,,,0.04144599196,0.03940441165,-0.00239806363,0.02185373963,0.08374709488,0.04307936087,0.07850125079,0.0336572008,0.09379204469,,,,,,,,,,,0.0392240408,0.06345793877,0.03723181308,0.01592137979,-0.002919828142,-0.02515260275,-0.03993283641,-0.05452631468,-0.03370594423,-0.04251146578,-0.06575365986,-0.05040144677,,-0.06465402313
2001-07-31,0.002144522394,,,,,,0.01286688698,0.01700088285,-0.002687036982,0.007547785152,-0.006785679579,-0.02716930425,-0.01552013468,0.01529172968,0.0009730935607,-0.001714269473,0.01054662772,-0.002218889409,-0.01488605842,0.01195000546,-0.01208977541,0.001276537298,0.01512694027,,,,0.02803158426,0.02754074775,0.004767499907,,,-0.005303856331,-0.004400742838,-0.001470275546,2.676106725e-05,0.01646966902,0.001640709514,0.002861019995,,,,,0.01059447834,0.007680513766,0.01783788988,,-0.01661591697,-0.02324727342,0.01756511883,-0.03106557345,-0.03309892704,,,0.01886296892,,,,,,-0.02435030259,0.01087503224,-0.006169669309,0.01370574034,,0.006479181592,0.006938085149,0.01838303004,0.007269450083,-0.01001772015,-0.009745587007,-0.001713469541,,-0.02255974368,,,0.01051581351,0.01435771511,0.03035655777,0.02491327071,0.01703102749,0.01237367759,0.003044998353,0.009778573481,0.006483261638,,,,,,,,,,,-0.008094379526,0.01285217181,0.007172338854,0.006529496735,0.03736911787,-0.004838426414,-0.01883242506,-0.02705279608,-0.01727336526,-0.01880425073,-0.04018963487,-0.02108092454,,-0.03112876628
2001-08-31,0.01898255785,,,,,,-0.02196534398,-0.05399982312,-0.0488745735,0.0007447116337,0.003688006806,0.03066554736,-0.04462847508,-0.002007734692,0.00404136059,-0.01166134134,-0.03209658332,-0.02398032482,0.0005163577321,-0.04249859831,-0.01716654557,-0.03016576486,-0.02040086215,,,,-0.003912464806,-0.01220786547,0.002426908074,,,0.006983210213,0.03374372431,0.002717142261,0.003380056208,-0.02318038085,-0.008181559001,-0.03951646562,,,,,-0.02329670751,-0.009869603929,-0.01823481804,,0.02911968633,0.0153146144,-0.00881530896,0.01575644337,0.01875356887,,,0.01246565294,,,,,,0.02091204462,-0.004507138145,0.04090854087,0.01416415907,,-0.008965750642,-0.01119342308,-0.01353615392,0.0006885639392,0.0136758339,0.02650274461,0.01419067345,,0.01289392592,,,-0.02988680044,-0.0276406291,-0.03622508647,-0.006923333262,-0.0112334573,-0.008536460579,0.0389763251,0.005012289113,-0.004313411904,,,,,,,,,,,-0.01227442826,-0.01581322,-0.002751046475,-0.005158413796,-0.02147373625,-0.01317489025,0.02412566136,0.0243322271,-0.0014714301,-0.002818970278,0.01425035268,0.02366447071,,0.01290829091
2001-09-30,0.06213598803,,,,,,-0.04988891454,0.03655500773,-0.09386797694,0.08300472851,-0.1152435183,-0.006592748425,0.01846360167,-0.02890077328,-0.07514470167,-0.03179839092,-0.05140302684,-0.02750457213,0.01310360267,-0.06479513763,-0.02509599744,-0.02396697672,0.02243330601,,,,0.05512409665,0.01051197595,0.03869317818,,,-0.05952393982,0.09485024606,-0.07665781359,-0.04037498177,-0.08010306876,-0.06879952722,-0.0899497894,,,,,-0.007898913361,-0.02504755569,0.07585188248,,0.05339436823,-0.142433838,0.04332801568,-0.1489994607,-0.1148787439,,,0.1249258404,,,,,,-0.1201471886,0.09278388066,0.104607799,0.07290986536,,0.09004968726,0.05107028748,-0.0082176422,0.09887754693,0.03458351745,0.1021148711,0.02472178586,,-0.1096630616,,,0.1016377316,0.08948030004,0.06526661823,0.05629577711,0.1412469441,0.06008093164,0.1167734944,0.1098386015,0.08160141169,,,,,,,,,,,0.05046296037,0.1013858575,0.12262689,0.07766827826,0.03972968191,-0.02300364998,-0.05410587489,-0.079166709,-0.09730308045,-0.1030551031,-0.1315682019,-0.1098377527,,-0.153366038
2001-10-31,-0.03037964038,,,,,,0.04089588301,0.04381700941,-0.01188756495,-0.02582548311,0.01765842808,0.02357781999,-0.009414784827,0.006818709538,-0.01187791513,-0.02216165293,-0.001138064467,-0.01224255112,-0.02413043128,0.01155501936,-0.02076753405,0.005448864254,0.01697594923,,,,-0.0288892211,-0.01814260838,-0.03658067015,,,0.02451829124,-0.009014212079,0.0008796664123,0.00423629959,0.02687832073,0.003653333647,-0.01720984691,,,,,0.05375037392,0.04984724406,-0.005897863623,,-0.01493768526,-0.01734089693,0.01572641453,-0.03234597429,-0.002270936701,,,0.007259153998,,,,,,-0.02356332307,0.02902293243,0.03627846319,0.01780790001,,0.026274309,0.02268958614,0.07194029242,-0.0008777257711,0.006632083966,0.01927260314,0.01851516583,,-0.01366769372,,,0.0001138157806,-0.01269482623,-0.009056361762,0.01619020184,0.02676271037,0.01781998122,0.01122556455,0.02071656151,-0.001716843629,,,,,,,,,,,0.007571307129,0.001989940453,0.006046446742,-0.006920766752,0.01137008122,0.03570519964,-0.02733044929,-0.04546718174,-0.01104015554,-0.01228853502,-0.02232415213,-0.02242898081,,-0.03484853751
2001-11-30,-0.03812493845,,,,,,0.04044457476,0.0263494856,-0.02748810953,0.05358698455,0.03423001713,0.001665977089,0.0112105247,0.04562205961,0.02550875187,0.04415191456,0.05197101515,0.01529566643,-0.04112430182,0.02308346221,0.002766170597,0.03076638588,-0.00316383301,,,,0.05140591047,0.05535138145,0.06647387975,,,-0.06099470923,-0.01059180377,0.02889415499,0.02563851289,0.05148879177,0.04344140135,0.01643666649,,,,,0.01995877355,0.04632600043,0.0635934068,,0.03984457547,-0.01753310317,0.05532511911,-0.0133013092,-0.007538697911,,,0.02622217397,,,,,,0.007280255429,0.0006114914097,0.01178635345,0.01884973981,,0.02313559734,0.02174301793,0.0305645084,0.01341381791,-0.003919251899,0.008100689951,0.03696828839,,-0.002351428019,,,0.01863066189,-0.003645970919,0.00112587733,0.05717349206,0.0231071575,0.0001213473507,0.0006477736171,0.007724053774,0.03783602082,,,,,,,,,,,0.04541077205,0.02299567517,-0.02123119916,-0.01056802862,0.0384582564,0.04605078632,-0.02307069738,-0.011150766,-0.0593654085,-0.05731871278,0.004727879482,0.007414055924,,-0.009075581454
2001-12-31,0.005933278291,,,,,,-0.0491233543,-0.0312511453,0.02501336439,-0.05584693835,0.04029338664,0.01959745209,0.01280389949,-0.01037886228,0.04279690588,-0.03985323632,-0.0315126219,-0.03012717902,0.03559375101,0.01712435328,0.0223541371,-0.05976581837,-0.03670103561,,,,-0.04670695653,-0.04775903708,-0.03767857527,,,0.03730214021,0.02444488511,0.0451381705,0.05486156349,-0.04745492557,0.02889372099,-0.01096368058,,,,,-0.04886889318,-0.04044754893,-0.04329819718,,-0.01418324864,0.03113012785,-0.02804124151,0.03590543203,0.04674575017,,,-0.02750766481,,,,,,0.03167414045,-0.01939761216,-0.03511620007,-0.02758440603,,-0.008628416525,-0.01411506524,-0.02795336656,-0.01470825799,-0.02581965739,-0.04193320035,-0.01834864753,,0.03183011988,,,-0.02625681942,-0.01432760621,-0.02785728994,-0.0303796124,-0.0251276181,0.02137950026,-0.02820910442,-0.01460061918,-0.02045430455,,,,,,,,,,,-0.01383163139,-0.02712204485,-0.03471391322,-0.03315645876,-0.04178448169,-0.006790487211,-0.03633267874,-0.02953135498,0.01137163933,0.01106900908,0.041584839,0.0373901656,,0.03683313561
2002-01-31,-0.006890470661,,,,,,-0.000595753085,-0.007480643806,-0.01171185036,0.03539772227,-0.01129468031,0.001302250222,0.06249201973,-0.01831154956,-0.02272062668,-0.0415782038,-0.00605310974,-0.02514080778,-0.02942567189,-0.02896685852,0.03658029045,-0.04061690401,-0.03599442253,,,,-0.03144382128,-0.04374306993,-0.04069969839,,,0.02295750984,-0.009868444416,-0.01805675327,-0.01405204108,-0.006686304718,-0.01472373077,0.01074915455,,,,,0.002708238429,0.00632932466,-0.02389832959,,0.02901368455,0.01070780974,-0.01946293192,0.01968688264,0.02208351868,,,0.01324772431,,,,,,-0.00653873147,-0.02216274411,-0.01855394198,-0.00762190867,,-0.01235671421,-0.001690027096,-0.003769381903,-0.02159485612,-0.009153533903,-0.01255092706,-0.005308788667,,-0.004142263848,,,-0.008801903894,0.001540824083,0.0004767118992,-0.01998132942,-0.009985286989,-0.005582293297,-0.02097945098,-0.00768447023,-0.009514431056,,,,,,,,,,,0.05622444214,0.01751660799,0.009496115197,0.001473901415,-0.01083727477,-0.02884284134,0.003659364464,-0.0003022737319,-0.006404089518,-0.007932775457,-0.01563397789,-0.00872377255,,0.01917883182
2002-02-28,0.03666171071,,,,,,-0.03386958858,0.02194706901,-0.03762370305,0.04990813956,-0.05014166097,-0.05840544481,0.02368994075,-0.03640422637,-0.04438633453,-0.02524765075,-0.03699422675,-0.021769857,-0.01798083688,-0.01951205797,0.03216045796,-0.03887791703,0.006626604491,,,,0.01057740455,-0.005560796978,0.01139418049,,,-0.04215303869,-0.01203854506,-0.03941084484,-0.02165615525,-0.03628813488,-0.03930064262,-0.006338420818,,,,,-0.02624855681,-0.02885575993,0.02259241404,,0.04664694767,-0.03638449059,-0.005635497634,-0.03763195951,-0.01040954839,,,0.05877027302,,,,,,-0.02836211115,0.02618903981,-0.0006949246992,-0.0160249559,,0.05573148268,0.0570384465,-0.001557400745,0.07841430459,0.02012280995,0.02122721817,0.000215465642,,-0.02358170993,,,0.03641170695,0.02274588111,0.009988304021,0.008919847593,0.06055042167,0.04047230042,0.009726580079,0.0424724742,0.06502565858,,,,,,,,,,,0.04829858215,0.04768922213,-0.02653425154,0.05312521633,-0.02583214582,-0.02645358685,-0.01388278665,-0.0155496401,0.01008614772,-0.003112794515,-0.03386183682,-0.02802555762,,-0.04111696839
2002-03-31,0.007398112823,,,,,,0.009458070937,-0.0361265108,0.0297656019,-0.003709838906,0.02943087222,-0.00640335081,-0.02217559822,0.0383007545,0.03693793693,0.01599432745,-0.000528290876,0.02802513754,0.0167706464,0.0175144058,-0.01620285483,0.001600371391,-0.008369836309,,,,-0.0103850822,-0.006119049497,-0.01273227757,,,0.005459670208,0.01410261208,0.03399000776,0.03134926757,0.01760368119,0.03646940693,-0.01628179829,,,,,0.0264032732,0.03672929229,0.009985427134,,-0.02498034856,0.06819741963,0.00873435343,0.06118480968,0.05051297444,,,-0.03808182141,,,,,,0.06887822369,0.01158447109,-0.02839993309,-0.01063072683,,-0.03434863441,-0.03457945705,-0.03906476691,-0.02413728511,0.01603115582,0.01410717741,-0.02868122374,,0.066344735,,,-0.03128493427,-0.04743010483,-0.05385438375,0.007078114035,-0.03657362303,-0.04194416454,-0.03250080901,-0.03789574544,-0.03410101189,,,,,,,,,,,0.01039766896,-0.02608665745,-0.02995149524,-0.04045274911,-0.03366286068,0.01940388991,0.01688823668,0.03960202781,0.03880063351,0.04784156176,0.07025672676,0.07080902194,,0.06760219331
2002-04-30,0.01388634227,,,,,,0.002860462634,-0.02880987021,-0.005569239071,0.0144417591,0.01070927174,0.01571543934,-0.009921731879,-0.006962127245,-0.002176324022,-0.02317621083,-0.02708529177,-0.006918548551,0.002801949834,0.01870654235,0.02424311921,0.007047881743,-0.02930798187,,,,-0.02840956112,-0.03717378409,-0.01908857321,,,0.01932448389,0.002297210495,-0.004967588228,-0.009313434035,-0.001167619164,0.0104017858,0.002529396621,,,,,0.01600326871,0.01006006299,-0.02815898632,,-0.02393175472,0.05614217426,-0.04477824509,0.05961408376,0.05523178992,,,-0.02859347556,,,,,,0.04767363269,-0.0198028187,0.0136644029,-0.001300903804,,-0.02332758866,-0.01581470847,-0.01170481064,-0.01016558064,0.0009965146879,0.0008265202522,0.006129770417,,0.05571825047,,,-0.04525063786,-0.0277454822,-0.03060973465,-0.04319201768,-0.03176338088,-0.001976425735,0.01035045794,-0.01651817106,-0.02886885873,,,,,,,,,,,-0.002747936968,-0.02580163426,-0.02192787663,-0.02526665845,-0.02668655575,-0.02066550717,0.03536190875,0.04320947278,0.02969965601,0.03421284162,0.0442546113,0.05064603008,,0.05738354535
2002-05-31,0.01737767254,,,,,,-0.03518579031,0.01525097959,-0.005457024067,0.07038966376,-0.019530435,-0.04098353452,-0.002847068806,-0.0518669993,-0.01314473628,-0.06953620127,-0.05354134564,-0.04125689881,0.005668239522,-0.0582683999,-0.005382604856,-0.05374188448,0.01145307892,,,,-0.03092380032,-0.05228666292,-0.02086597739,,,-0.01704327794,-0.001500176336,-0.02879674385,-0.010496339,-0.02439783866,-0.04391908935,-0.03898800343,,,,,-0.01304452927,-0.0343092763,-0.03050616151,,0.05097654408,-0.02229252659,0.01022757852,-0.02593895989,-0.006631338644,,,0.05399819258,,,,,,-0.023218329,0.0492512026,0.06563312332,0.05600194298,,0.02114324645,0.02135456133,0.002902902996,0.02762027082,0.04222748343,0.05255667449,0.01467135287,,-0.024515275,,,0.01973635696,0.0007596978306,-0.005150818843,0.01279782134,0.05087533646,0.0274890821,0.06155914269,0.04236997866,0.0515151631,,,,,,,,,,,0.02125826916,0.026930397,0.01834120289,-0.0004417510955,-0.00374693014,-0.01529390191,0.03741794094,0.01601449623,0.01065925541,0.01018036013,-0.02352879506,-0.0221563834,,-0.02640791398
2002-06-30,0.01368047864,,,,,,-0.06570259447,0.0228313854,-0.001553798251,0.2071405293,0.005865842648,0.00115365442,-0.01148692024,-0.08961849116,-0.05968045295,-0.1794589345,-0.1603916859,-0.1672138879,-0.0293789695,-0.1810734924,0.0273434442,-0.100080734,0.01522442531,,,,-0.05473007536,-0.1264356697,-0.04211517581,,,-0.09993424314,0.03204091464,-0.07746104855,-0.04440360258,-0.05466865076,-0.06757739498,-0.07941222834,,,,,-0.002998780273,-0.05171644551,-0.09990688578,,0.1615546754,-0.1435816253,0.001410665203,-0.1325428161,0.006970899636,,,0.1999259625,,,,,,-0.08738289231,0.108719685,0.08369583244,0.1703570093,,0.1344783321,0.110445624,0.08409495446,0.1311968217,0.1470393297,0.1270829064,0.08240461444,,-0.06532923009,,,0.0684840653,0.02160071058,0.006927309678,0.007815038592,0.1877661057,0.03669412832,0.09611168553,0.1892446903,0.1743038713,,,,,,,,,,,0.08247913807,0.1866028407,0.168549459,0.16675314,-0.07030743643,-0.0164176793,-0.05121576192,-0.1018022928,-0.05286886617,-0.06840465126,-0.05720240173,-0.058312383,,-0.1448907226
2002-07-31,0.004530077129,,,,,,0.007846786983,0.02748539502,0.01018770362,0.0523930532,-0.02241909631,-0.04893889391,-0.01742518135,-0.05283570742,-0.05233404422,-0.03295547069,-0.006238170711,-0.03855213649,-0.002255024394,-0.05557510495,0.01576041059,-0.04575303838,0.04960014118,,,,-0.007378236612,-0.03006107606,0.004210651538,,,-0.07813985036,-0.04739238259,-0.05199372946,-0.04890135271,0.009034031574,-0.05681497811,0.02622404622,,,,,-0.01861554074,-0.02245921957,-0.01654913224,,0.06589374325,-0.06860624297,-0.001245072995,-0.06322644616,-0.006148471791,,,0.06261231123,,,,,,-0.05736686209,0.07329215507,0.0269182719,0.03943197348,,0.04393725437,0.05072001848,0.03773820972,0.04863143503,0.03306100064,0.05011482148,0.03535454309,,-0.04455252732,,,0.06837682396,0.04210511292,0.02669596517,0.006408126163,0.1079006025,0.06607856192,0.06784656596,0.06134891734,0.09362026035,,,,,,,,,,,0.07937481071,0.07829763607,0.09164125192,0.08008024873,-0.0244377607,-0.0147667334,-0.02670009681,-0.06040305603,-0.01268006829,-0.02337917057,-0.06513038533,-0.05628947218,,-0.06918213139
2002-08-31,-0.06042790496,,,,,,0.06818447303,0.08122428309,0.04818877285,-0.0847827706,0.02676816361,0.0640191042,-0.01815718011,0.0276692168,0.02824950196,0.1435505223,0.08958731284,0.124903261,0.04438817156,0.09626053765,0.04460694969,0.0996820027,0.01554668004,,,,0.07303057721,0.1073953216,0.0105818199,,,0.03899883775,-0.02543301301,0.01700181047,0.02456115224,0.09527301831,0.03680621281,0.01628621604,,,,,-0.001881756978,0.03979383656,0.1177678937,,-0.03644103714,0.05958118426,-0.005583846906,0.06508272435,-0.07221571296,,,-0.09979870123,,,,,,0.005020631794,0.01286401561,-0.09253426499,-0.04000208794,,0.003941554302,-0.01673694443,-0.01033396142,-0.04734784846,-0.05999777529,-0.07540582895,-0.01940953047,,-0.03029442712,,,-0.01757156265,-0.0301353059,-0.01384049656,0.003884995237,-0.05563791941,-0.003181938533,-0.1099940783,-0.09729450853,-0.1126471835,,,,,,,,,,,-0.0643247534,-0.06048118406,-0.05294097396,-0.05283425586,0.07586742758,-0.02706086925,0.02331788704,0.0509883754,-0.006278435838,0.002695207413,0.0364580731,0.01992110292,,0.03375526679
2002-09-30,0.007952727959,-0.01729864344,-0.02448853092,-0.05814777172,,,-0.006013101444,0.002994875651,-0.03583177704,0.005340462767,-0.03874996457,-0.02445253081,0.01796959978,-0.04530439017,-0.04733727508,-0.02437822563,0.009413031092,-0.009678440311,0.002173404669,-0.03183162081,-0.0109275177,-0.02747139662,0.0283221371,,,0.00761615863,0.03462890101,0.0117514044,0.03667781807,,,-0.007140222606,-0.002569729879,-0.04904204636,-0.03330846425,-0.009270164197,-0.05385608784,0.02364332006,,,,,-0.01699204381,-0.04182423493,0.05313881008,0.03144313386,0.03080629303,-0.04681301339,-0.04254284958,-0.03267781379,-0.04157063716,-0.07391719784,-0.05438473835,0.04481490507,0.004379218322,0.000643643651,-0.04354074756,-0.03831312553,-0.04077247682,-0.03684739361,0.02975402553,-0.001137322711,-0.006977990251,-0.0003094839518,0.08034315242,0.05546071223,0.06286137439,0.03786231264,0.01473210748,0.04498292534,0.02090989247,,-0.02275239055,,-0.02835853508,0.05923320985,0.07233931124,0.04546856153,-0.04871288344,0.05583913763,0.08646641465,0.04330310246,0.02495134332,0.05061965615,0.01216006862,0.05020782295,-0.01116300648,0.002488043729,-0.0003094839518,0.0103310405,0.002304309207,-0.05042290735,-0.005469912684,-0.01459260624,0.02102657079,0.04844870722,0.05372769435,0.05234573196,-0.02762798192,-0.05431393461,-0.07088831719,-0.08430181004,-0.00742534753,-0.0141654538,-0.025052264,-0.03854808922,-0.02646375637,-0.03632898509
2002-10-31,0.03231253307,0.06325579094,0.06825207975,0.0759538978,,,-0.0385420957,0.00895490233,0.01587682294,-0.1075403953,0.04573537671,-0.00808256795,0.04911592739,0.05718289626,0.09931956413,0.1230362571,0.1326769544,0.1530041045,0.09332594431,0.11032832,-0.0129325134,0.005138488317,-0.1115734608,,,-0.03313935448,0.02707482956,0.08136729698,0.002130963148,,,0.07759348521,0.03243688167,0.0889549625,0.04120085225,-0.03739381951,0.08481575367,0.06575807811,,,,,-0.03175103133,-0.03235383036,0.08910429351,-0.03822606549,-0.1032767227,0.09537196081,-0.006921517939,0.05896083334,-0.002413290243,0.09329884253,0.01025604232,-0.06454852854,-0.01653168351,-0.02127725394,0.03926774918,0.04395224092,-0.005898334043,0.08027164865,-0.07164794523,-0.001843448154,-0.08100835149,0.02633066149,-0.1017067535,-0.1188080569,-0.07530213029,-0.05257256962,0.00999960997,0.03614498995,-0.1061726653,,0.07424819276,,0.05919696731,-0.1111740104,-0.0555756148,-0.006532036454,-0.02730831541,-0.07237116711,0.007082381758,-0.01349761355,-0.06681156478,-0.08378199065,-0.02355798107,-0.06216505791,-0.02355243403,-0.04164259334,0.02633066149,-0.001593270276,-0.02102393509,0.06059674733,-0.002501409534,0.03469997014,-0.07646090819,-0.08824253171,-0.1028012734,-0.1046418647,-0.02790641512,0.05817529773,-0.03635889471,-0.01739335742,-0.09226008146,-0.09032286565,0.08290623459,0.08617721588,0.04506342486,0.0623828865
2002-11-30,0.02666974815,0.07527312518,0.07552313581,0.1392974819,,,0.005572369342,0.009882259907,0.03098998899,-0.1462360044,0.1175830514,0.07070896969,-0.03821325534,0.1228748683,0.1059176965,0.1172744603,0.1261027945,0.09095331005,-0.02646770949,0.09532594324,0.03074643114,0.07780821936,-0.1190243297,,,-0.02000007657,0.05429500671,0.09109972728,0.02748853462,,,0.09602980321,0.06672105393,0.1314911395,0.119797041,0.01608203352,0.1303895942,0.000992194743,,,,,0.01137921925,0.07371614665,0.1191876474,-0.07921215044,-0.09993944198,0.1589366664,0.006758992621,0.1334283415,0.0939241743,0.1226936467,0.05537855498,-0.1531121093,0.01943483878,0.04021996304,0.1329281863,0.1307387925,0.1119247664,0.1475913554,-0.0880177667,-0.02964545078,-0.09866543133,0.0584030655,-0.1238804324,-0.1009036073,-0.1349112964,-0.1226046826,-0.05437992517,0.001869234916,-0.03490947615,,0.1207002395,,0.07671579296,-0.1185823843,-0.1315075562,-0.08242816519,-0.01506496424,-0.1286804402,-0.07732591757,-0.08404546466,-0.1432795311,-0.1294896829,0.04094693229,-0.02847199166,-0.03850408204,0.03346642735,0.0584030655,-0.04530025436,0.006175227678,0.1380202923,0.03425545237,0.07143831705,-0.006009962204,-0.161719838,-0.1196685166,-0.1616744153,-0.030275734,0.05329445956,0.04090934194,0.08684705801,0.01147930833,0.01871672402,0.154370251,0.1407619209,0.1048007579,0.1398837413
2002-12-31,-0.0211581748,0.03595316834,0.03154158392,0.01739991166,,,0.04087473778,0.1205838811,0.06469546726,-0.06880256839,-0.03933224979,-0.01368891453,-0.07060266532,-0.02825794017,-0.02876891401,-0.02534464673,-0.0775127175,-0.06977756115,0.01277552107,-0.0531894652,0.02735854211,0.003751600021,-0.00826086089,,,0.03846142151,-0.0446035652,-0.02824979676,-0.005723095454,,,0.05757264279,-0.04738825269,-0.01500401816,-0.0114078805,0.004981206485,-0.02461585094,-0.06507951547,,,,,0.03251568878,0.03318434414,0.06503454962,0.0004746580919,0.01236558062,0.01131992318,-0.03300736605,0.02287302546,0.0363167426,0.01377169701,-0.01110211941,-0.03504721234,0.01027602541,-0.003173707841,0.02598627993,0.0236902975,0.0286508248,0.01708435001,0.05275893539,-0.0882204649,0.02978287454,0.02601424287,0.04630443887,0.06187402912,0.0179027148,-0.006175479534,-0.066217602,-0.003261653962,-0.03969222743,,0.02886005749,,0.02563826316,0.008616295018,0.03063947192,-0.04795433047,-0.03376855462,-0.009778011959,0.04648205642,-0.06961423611,-0.003394112506,0.0155347214,0.04281739794,0.001629869454,0.0489597805,0.01036784957,0.02601424287,-0.02609444141,-0.01511040964,0.02148721649,0.04492158934,0.02688713206,-0.009410391736,-0.02127540132,-0.01340236361,-0.01529242816,-0.04505712403,-0.03970262127,0.06090954982,0.05296909873,0.08009944417,0.07391358204,0.06077130875,0.01414551344,0.02771999997,0.02121251182
2003-01-31,-0.01246474706,0.06911362647,0.07911329593,0.1211987759,,,-0.05050904711,-0.06415217673,-0.02352116248,-0.08043631895,0.06685902339,0.02504104172,0.03693299803,0.09039910955,0.1011452268,0.07836948533,0.09978438042,0.1030278841,0.0224025082,0.06671725548,0.02789598284,0.02334504941,-0.03405018352,,,0.06069227461,0.02307293446,0.07862114182,-0.07122786142,,,0.05276745062,0.04260206489,0.1083495244,0.08557571009,-0.0295866955,0.08688337223,0.003675507017,,,,,0.01625153846,0.03108130058,0.01534413644,0.0134731887,-0.1089348577,0.1632426979,-0.02084072611,0.1523235319,0.1384348768,0.1216776552,0.01601339486,-0.02492100938,-0.02663422421,0.01056904975,0.08674387261,0.08640686636,0.06261566508,0.1834236402,-0.07089049542,0.02395733114,0.03403669552,0.0414564817,-0.1021875711,-0.1160557016,-0.1018787683,-0.06448307986,0.0109339753,-0.02739805111,-0.006506597411,,0.1648171455,,0.06140481783,-0.1731595454,-0.1905519877,-0.1026103897,-0.0253903943,-0.1465236625,-0.1149454112,0.01937015365,-0.04687518534,-0.1414267206,0.09096859858,-0.0008666636936,-0.03578601546,-0.04480639874,0.0414564817,-0.01769615899,0.02133632257,0.08087429481,-0.01245680283,0.0284563947,0.01114231789,-0.1420432826,0.03794472422,-0.1454656443,-0.08206157686,-0.00246800575,0.03922819723,0.05544150601,-0.0628085019,-0.06185368853,0.1505807003,0.1547794939,0.07257251578,0.1629188356
2003-02-28,-0.01198984958,-0.02506505037,-0.02386516822,-0.01653414441,,,0.04485575721,-0.05149819585,-0.0156082202,0.01003861007,-0.0451812445,-0.001245078673,-0.05979216518,0.002423136977,-0.02562495419,0.06066332538,0.004718176537,0.06319962292,-0.005113151679,0.0550502802,0.01028852196,0.04248686499,0.03622545858,,,-0.001763417474,0.05248347213,0.05585805138,0.04003510557,,,-0.05279813318,-0.02901365346,-0.03911908576,-0.001048121191,0.03230275326,-0.005006926902,-0.03348892524,,,,,0.05830156645,0.05226817954,-0.03131734255,0.01345254835,0.006889114112,-0.02208549662,-0.01564595845,-0.006929374249,0.006958823952,-0.02841024322,0.01075467711,0.04761346378,0.005256205332,0.008267715607,-0.0199989369,-0.01971227308,0.001908394061,-0.009379934978,0.03322684317,0.02232469527,0.05859712013,-0.01636114781,0.0205800128,0.006385547527,0.005707924633,0.01151747518,0.05525390939,-0.01480897733,0.007505751537,,-0.002820919495,,-0.02103884202,0.01938400487,0.001481070904,0.001017268527,-0.005128190213,0.02792657385,-0.01464994067,0.02627524144,0.05989832186,0.05621167472,-0.003115916096,-0.001943766752,0.02553517052,0.0006091795512,-0.01636114781,0.02105883456,0.03206076568,-0.02532974354,-0.02481055975,-0.03483616283,0.03038513332,0.03378145204,-0.01173128839,0.003086460408,0.0235190435,-0.02132364205,-0.0380536893,-0.03584037444,-0.04117625751,-0.03985659865,-0.02000918282,-0.02726693426,-0.03358354595,-0.009194874449
2003-03-31,0.01048481954,0.008846963213,0.008667330943,0.01107683287,,,0.04759493861,-0.06864647631,0.0102411045,-0.01761085949,0.05480282842,0.01758093183,-0.03555796845,0.06604238425,0.06845401135,0.07935220479,0.03886201581,0.07100504029,-0.04667258276,0.04579209115,0.00662463328,0.07097256769,0.005930851701,,,0.005037241064,0.03241533302,0.04156125501,0.01738576249,,,-0.04390851625,-0.002428010412,0.05746833199,0.04450112203,0.05224232832,0.06265670478,-0.01406084946,,,,,0.03176531804,0.04488916386,-0.02574952473,0.0003227634607,-0.03048349644,0.03133084134,0.01362784251,0.01495381993,0.0363255668,0.009179451857,0.01740964332,0.03074282074,0.009452471891,-0.01372590876,0.002811807103,0.002565782568,0.03290560133,0.04086793655,0.03543803259,0.04664708609,0.04403231164,-0.01751673829,-0.01262807888,-0.01870490476,-0.0244753751,0.04433879661,0.06955480069,0.06285999013,-0.004254910182,,0.04250855666,,0.003448136841,-0.03720673432,-0.04773823083,-0.05724639354,0.01625331986,-0.004795575214,-0.04134601474,0.03667636872,0.04502768658,0.01212315434,0.01495107602,0.01181267283,-0.008293174131,0.02029771531,-0.01751673829,0.01557905292,0.0107211931,0.007683086737,0.0006052777653,0.009171385629,0.04665619268,-0.006968238776,0.04397921426,0.03835798028,0.01544039053,-0.006645213773,-0.0009044905466,0.001352185554,-0.0445749588,-0.04061097137,0.03028411883,0.03413372206,-0.005336491141,0.02328812056
2003-04-30,0.07119193502,0.08567836632,0.09440466382,0.1436590848,,,0.07467844033,0.00200845436,0.1104963212,-0.08224988361,0.1225917405,0.03551392148,-0.02815186568,0.1440966287,0.1068823185,0.001605364704,-0.01431565535,0.04155640483,0.01438157667,0.09837437512,0.07440956439,0.02337830116,-0.04178397507,,,-0.04583771127,0.004569357424,0.0007873694157,-0.0144147438,,,0.02583427968,-0.005236975053,0.1440943246,0.09745162795,0.09849482126,0.1502190646,-0.04425861021,,,,,0.05846230853,0.1003967504,0.04990665342,-0.07539025029,-0.03852521312,0.1890829508,-0.05726348787,0.1871098191,0.1657992719,0.1332602144,0.004757106025,-0.07475110004,0.01973932416,0.02112562383,0.1359465751,0.1365668293,0.1294317765,0.1604086307,-0.034396902,0.01335282523,-0.02590370695,0.05797583644,-0.1102835448,-0.1105486973,-0.02651641721,-0.09764729093,-0.05641886455,-0.04821900406,-0.04560218682,,0.1406426442,,0.09816026479,-0.1429347541,-0.1323443027,-0.08993043732,-0.06969799161,-0.1275118762,-0.1195430638,-0.0203988376,-0.05761260305,-0.1086414723,0.08019610504,-0.0271847812,0.05207347523,0.01161082295,0.05797583644,-0.05366211119,0.04619278619,0.1489350042,0.04150688513,0.05897671903,-0.005148527163,-0.1151940225,-0.01712918816,0.02436972354,-0.08376239241,0.05823649197,0.1212953369,0.1389386675,0.05504047747,0.06632698875,0.1596432883,0.159530206,0.1159937104,0.1851862755
2003-05-31,0.04128958602,0.03791855773,0.03441524514,0.03127850817,,,-0.004548301579,0.03567181272,0.02752979926,-0.001351933772,0.008714484524,0.01211188398,0.01034974281,0.02870067008,0.005432119733,-0.0282710187,0.0009729496713,0.001047767003,-0.01060695364,0.004703651412,-0.001630364939,-0.01283746763,-0.02416294859,,,-0.007987161836,-0.01846421408,-0.01952845204,-0.004060971256,,,0.03399133662,0.02654679254,0.0199839116,0.01015476065,-0.001768579954,0.03498409372,0.007808781902,,,,,0.02040518839,0.02986410818,0.008032874449,0.02038918404,0.004200412673,0.06680532169,-0.06338306941,0.07929957907,0.07473214762,0.04498637456,0.01558208918,-0.05068987048,-0.001956518245,0.003194823763,0.05423871427,0.05509946869,0.04361064528,0.06099619573,-0.03212692807,-0.0005154353556,-0.008385465905,0.05889194306,-0.06158317821,-0.05046843676,-0.02180540097,-0.06590889172,-0.02430886769,-0.03036361034,-0.01894142865,,0.05826180591,,0.06399087573,-0.05828633811,-0.04659359568,-0.03967025871,-0.07005126748,-0.05965468242,-0.03326963052,-0.01301436381,-0.04250837737,-0.06639421268,0.02472667354,-0.01413234171,-0.02094595618,-0.004363647107,0.05889194306,-0.04262689565,-0.009573192245,0.05680700496,0.03549731157,0.06570950705,0.02206580247,-0.05700439375,-0.05029218013,-0.01766245568,-0.0685914015,-0.03071444265,0.07764554383,0.08176023753,0.06399450842,0.06236322589,0.0482247899,0.06249809616,0.0572494066,0.06714372748
2003-06-30,0.01692857307,0.05248399748,0.04642510074,0.06655281725,,,0.03401922741,-0.01213044089,0.01639579081,-0.01797433164,0.04282141527,-0.006927169227,-0.005812853857,0.04714679444,0.03154402537,0.02544893188,0.02928490514,0.01176237091,0.01294792371,0.01832593728,0.0153568964,0.001664121033,0.01069841156,,,-0.006606018415,0.02272053497,0.01288396729,0.02179706996,,,-0.03593566121,0.004202418565,0.04610853361,0.03522121621,0.04263480095,0.06202820278,-0.004463362676,,,,,0.03598978856,0.05340986542,0.001592900931,0.005359118013,0.01202641107,0.09104155662,-0.01261638429,0.08635401074,0.07799033941,0.05335911564,0.01532964109,0.0138897132,0.008048204829,-0.000162010641,0.09075116586,0.08908660501,0.06010661551,0.08475603989,-0.002760829612,0.005604521541,0.02323425227,0.02855664837,-0.03015209114,-0.0369840255,-0.04529746679,-0.003506656747,0.04446898691,0.02384197223,-0.02235897798,,0.07803978408,,0.0427379993,-0.05083801802,-0.05710157219,-0.05934729856,-0.02166602344,-0.04183476135,-0.03737323665,0.03230161708,0.01283647459,-0.008313327211,0.05720039696,0.006232553822,-0.004124660223,0.006940677528,0.02855664837,0.002757697598,0.02631410376,0.08494401073,0.003659912588,0.02518250645,0.04022223555,0.002151985668,0.02622329776,0.0215533679,-0.06064255332,0.005217673549,0.03637307689,0.04338177605,-0.006291504795,-0.0002160242847,0.07659454013,0.08616183578,0.07255542492,0.09201853294
2003-07-31,-0.003257578616,0.01501863967,0.01169781118,0.02413766822,,,0.006405973817,0.01074151987,0.00342951219,-0.006315857791,0.02181229953,-0.01230107791,0.01281318533,0.02402064375,0.0111648503,-0.01396308059,7.785863508e-05,-0.004541180107,0.005668546973,-0.006984756903,-0.008686292813,-0.01879595922,0.02025193936,,,-0.001881090683,0.004901043043,-0.0007150890842,0.02567913266,,,0.01344290129,-0.001771904852,0.0243700674,0.006024674592,0.007766959574,0.02188694407,0.001810243272,,,,,0.01011570295,0.01051803447,0.02467290529,0.003380657375,0.0004330598132,0.02503487987,0.02831593504,0.02214145229,0.01234669193,0.009889957393,0.0281119767,-0.007770947115,-0.01131170373,-0.0155722421,0.0283110933,0.03035779707,0.0346067114,0.02811539236,-0.00418476839,0.01854520313,0.01410690528,0.0008867414118,-0.01447647312,-0.007382902995,-0.008010907185,0.004286776267,0.0226252185,0.02757751276,-0.01079898465,,0.027309879,,0.01735810395,-0.02229613928,-0.009770541741,-0.007373841809,0.02867527702,-0.02070133411,-0.01822522741,0.02390930024,0.004635931163,-0.01196049981,0.02670417479,-0.004768900291,0.02008035491,-0.0151308177,0.0008867414118,-0.01196291103,-0.003791090779,0.02675973168,0.0008555318604,0.007715258742,0.002953177118,-0.009935845916,0.01118586161,0.01175969054,-0.02153309079,0.03892613446,-0.01466022813,-0.008650583919,-0.03345857715,-0.03193752431,0.02795580585,0.02507715565,0.02814603779,0.03979520622
2003-08-31,-0.01364015566,-0.02507677338,-0.0221007759,0.0007388573933,-0.001414971877,0.02335595418,-0.007367337287,-0.02218530613,0.00550535823,-0.01284821901,0.000523400532,0.007666171988,-0.01393321332,0.006223136904,-0.006891447752,0.01160244283,0.006503089021,0.00356690379,-0.01751888678,0.01045927791,0.006451676439,0.009171315447,-0.01596128105,0.01566983469,0.02040106344,-0.003302471489,0.007994985159,0.009338259313,-0.002200900458,0.0116367654,-0.005324184187,-0.00501078862,0.02426438292,-0.000785150058,0.001669987018,0.00309464893,0.0107450282,-0.003373495276,0.006294643889,0.004854778126,0.03997056355,0.001029790683,0.04338589504,0.0293464048,-0.004290668566,-0.0006589256093,-0.02596612125,0.006946409596,-0.001097340807,0.01539257281,0.006842945724,0.0008664075295,-0.001796344984,-0.01937924577,0.01660482235,0.002155075914,-0.01336761028,-0.01166728802,-0.01449017571,0.003799211879,0.01494341835,-0.01025141416,-0.004542602008,-0.01733047127,-0.004439122982,0.003673897355,-0.0008512626863,-0.003039741493,-0.007053179184,-0.008657782367,-0.01459033979,-0.007110537428,0.006493082372,0.000995821719,-0.01901690164,-0.01042916931,-0.006974122152,-0.009679511345,-0.006322481383,0.011445749,0.01812757431,-0.01203285984,-0.004181332944,-0.009300859587,-0.01667977951,-0.009143493397,0.01831174572,0.0102754474,-0.01733047127,0.0007166787802,-0.00576917987,-0.003671469556,0.001376232127,-0.006535784123,-0.02200715603,-0.001713041282,-0.01006962414,-0.009038191033,0.02260960262,0.002241174922,0.000941292095,0.0001420783108,0.001533621969,0.0007852041652,0.005104484829,0.008408615355,-0.02591973178,0.008742939812
2003-09-30,0.01422717495,0.03816803121,0.04073206781,0.02386653656,-0.02300880365,-0.0574329918,-0.02548279761,0.01530557092,0.01005848246,-0.03537178866,0.04316968869,-0.03947595355,0.001976432137,0.03198903785,0.0231200442,0.02900939586,0.03927324985,0.001171401289,0.002785524073,0.007138081489,0.00269569385,0.005433756231,-0.01499786359,-0.01123825202,-0.01412286406,-0.0016705125,0.02424392224,-0.002118606527,0.04777879721,-0.04248759638,0.02157040702,0.0120966062,0.02958399266,0.04506933738,0.04333768731,0.003394933776,0.04434338243,-0.02172413836,-0.01068893521,-0.03404338145,0.01578110823,0.004917852148,-0.02961079206,0.008951398403,0.04368698166,-0.001889081419,-0.001521312751,0.0666782368,-0.0544932294,0.06989912752,0.05982408203,0.02553951552,-0.001198245555,0.01708109043,-0.01612209285,0.002619899699,0.04832105243,0.04676567875,0.02810710014,0.0779511884,0.007712337774,0.01023444694,0.01072946589,0.03891430272,-0.04439674478,-0.05310579916,-0.04916525183,0.03068272139,0.01948810634,0.04399869546,0.01239605976,0.04915046215,0.0631840507,0.04396722879,0.04119894211,-0.07079929077,-0.07855405867,-0.03595067242,-0.05820130767,-0.01552944771,-0.03886281623,0.01068980494,0.009347584158,-0.01350986999,0.05237874001,0.05984838164,0.009411274008,-0.007259208849,0.03891430272,-0.002824843584,0.001725631349,0.0431046524,0.01004645716,0.0551727657,0.01403412218,-0.03748186718,0.002044169107,-0.007737918706,-0.0659878001,-0.04687995608,0.04174932464,0.04294307112,0.01372420569,0.0174148715,0.07515752315,0.06854989281,0.04329413641,0.06943242186
2003-10-31,0.00579320667,0.02075720658,0.02211504793,0.02287891489,0.0003004346733,-0.01748654306,0.005609916928,-0.006444637496,0.02369915429,-0.002351097265,0.04899814623,-0.007123220383,0.01818012656,0.05456023472,0.04550721471,0.02175973263,0.0292540961,0.02456518021,0.01113304441,0.0006882849825,-0.00570956874,0.0003431352032,0.00500153309,0.002384725099,-0.002559990586,0.009719669837,0.01490647705,0.0115845598,0.02676377987,-0.02042269427,0.04712650349,-0.04542500071,0.01053803756,0.0475101294,0.03540861232,0.04193318959,0.04958852217,0.01079560361,-0.01808831461,-0.0333715812,0.02885741738,-0.004222210092,0.02148163072,0.04195472497,0.01381394039,-0.008309027212,-0.002822272051,0.04517273791,0.01544975237,0.03442965284,0.03997134254,0.02667068765,0.0004500534559,0.02723362957,0.007296036063,0.01174550995,0.02742635195,0.02595954597,0.01537153979,0.05557157652,0.03462842272,-0.02548349033,0.02248065887,0.01568488095,-0.004765987862,-0.02690577317,-0.03514499568,0.04633279388,-0.009427306416,-0.006806655401,0.003335498747,0.04191803302,0.05040438362,0.04932572033,0.02382183603,-0.02200077363,-0.03961746296,-0.04510455114,0.01138536537,0.01527627145,-0.01146807339,-0.008260584088,0.0272772703,0.02437507884,0.01149855685,-0.006060257829,-0.001804787479,0.01328929156,0.01568488095,-0.006999222905,0.01048374235,0.03177761487,-0.002657444872,0.008928414775,0.01244732068,0.03307570182,0.03214212693,0.03333455829,-0.01732633454,0.0159492875,0.01294933072,0.01792326907,-0.01033877342,-0.008415247461,0.0543845536,0.05189351146,0.01981340418,0.04369656131
2003-11-30,0.01248251079,0.006738415758,0.005800222328,0.01972382308,-0.02742222498,-0.01697937102,0.01978592171,-0.01097244282,0.02002398711,-0.005853502942,0.01331997934,0.008889740651,-0.01285209369,0.01785923731,0.01004326324,0.01392891974,0.009435770642,0.01996716041,0.003341703696,0.001303727789,0.02031852651,0.0003716896089,0.0071193371,-0.003999816473,0.004275132819,-0.003085552762,0.01934257244,0.01600451568,0.01685306534,0.002099295193,0.01004207379,-0.01340406304,0.002331253513,0.01158968637,0.02408295587,0.02477668367,0.0185253083,-0.02525081543,-0.00766569013,-0.01521793718,0.03338856683,-0.0171690588,0.02022746705,0.02431974911,0.009317669693,0.001466143114,0.001339302309,0.02706527138,-0.01968901272,0.02835671816,0.03569036826,0.02159149668,-0.000765319,0.0007443279154,-0.00653170792,-0.007497211271,0.01618740958,0.01732574604,0.01613572902,0.02220583028,0.0189192538,-0.002064158334,0.00449629183,0.009835072675,-0.004074545096,-0.01074342081,-0.01193337808,0.0145217535,0.01181851764,0.001855374387,0.0002386625408,0.02670075365,0.02705312991,0.02972119458,0.01944369919,-0.001549213242,0.002350912915,0.0008939916836,-0.02102346777,0.008896075293,0.003814404745,0.001597221523,0.007933806188,0.01615037061,0.01154115076,-0.0007156070895,0.002953408807,-0.002811507828,0.009835072675,-0.01137951582,-0.00998010268,0.01416757654,0.01227875968,0.01581429349,0.0002323962714,0.007284150023,0.009260566952,0.00748391661,-0.01902566871,-0.01827058829,0.03181018507,0.03302548494,0.01989340755,0.01904371348,0.02640659431,0.02220313646,0.01190129007,0.02618003707
2003-12-31,-0.004989176262,-0.009507044486,-0.008203302494,0.01525435602,-0.009509080044,-0.01655410179,0.006496354147,-0.02801960118,0.02576308912,-0.009618109966,0.02719718707,0.01338721653,-0.02251731828,0.0170751698,0.03301802049,0.02209254466,0.006695041236,0.01773900081,0.01315936544,0.006708791767,0.00209180299,0.002782946938,-0.01378321649,-0.007489151855,-0.00226730329,0.01211723032,0.03174885933,0.02985346961,0.02701861346,-0.007125380844,0.01292997592,-0.008178644663,0.0006321487549,0.03480264949,0.03216463619,0.01691719274,0.01618497015,0.002459310088,-0.02316351615,-0.02419032717,0.02792556712,-0.006168600354,0.003219144339,0.0169016459,0.01462939426,-0.0100245953,-0.005427208057,0.01864631161,0.004937658979,0.005384334949,0.01053626989,0.01290803021,0.001293542471,-0.01786632042,0.0001275572863,0.01513164079,-0.0003984179404,-0.001430977259,0.01087649448,0.007256193174,-0.002750379278,-0.01104973208,-0.01832772995,-0.01015991474,-0.001754556959,0.002105061488,-0.0109551167,-0.004604735439,0.006898719172,-0.004882344472,-0.03571952224,-0.005743707164,-0.008476088021,0.0004270005181,-0.009490921694,0.002171005635,0.007972316962,0.012268378,0.004359451145,0.02610858988,0.04420268835,-0.01062690466,-0.01504523415,-0.003073785637,0.001812887426,-0.01567217592,0.00626620627,0.005844926183,-0.01015991474,0.009423681281,0.0209852231,0.002751310832,0.001969699267,0.003310738243,0.01743927961,0.01856428675,0.01766036337,0.02427180064,0.02181571499,0.002434021201,0.02179652144,0.02626225842,0.01704497012,0.01984545682,0.006040052188,0.007340639378,-0.001707165838,0.0171113782
2004-01-31,0.05735003504,0.07443106461,0.06968657176,0.07863942098,-0.05255308831,-0.0619676666,-0.06771232298,0.08144994757,-0.06801576912,-0.04559898468,0.01147130286,0.05970949422,0.008854484065,0.02245417516,-0.06429663786,0.02791836938,0.09454097705,-0.04438504705,0.06565306689,-0.0691642296,0.04171992523,0.03170039523,0.05932702884,0.02703038814,0.02436420985,-0.06907939577,-0.04150327328,-0.05565355532,0.02408304608,0.06742733419,0.07970860363,0.03727002381,0.0780018719,0.006338504346,0.070075844,-0.05316267695,0.0288674086,-0.06548501073,-0.05270799754,-0.06779524686,0.07077754077,-0.03025102573,-0.03288923074,0.03511410811,0.07741106552,-0.05218209357,-0.06190896945,0.0956241896,-0.07323341628,0.1009712353,0.1028779316,0.08194550916,-0.04671645496,-0.001834376147,0.0008740073544,0.003579919022,0.09223751589,0.08608856599,0.07594219654,0.1014970366,-0.008183308723,-0.02924246914,0.09225284299,0.07659753861,-0.03070946367,-0.0714716859,-0.06184012963,-0.0313797581,-0.03025517153,-0.03869791784,0.07075809158,0.1033081149,0.1047205268,0.09446280675,0.07482861497,-0.07018128951,-0.07796548575,-0.07975095882,-0.07485707485,-0.03669491565,-0.06822605847,-0.022926811,0.0883487553,-0.018646531,0.09317952544,0.02488007385,0.05207786728,0.003285554826,0.07659753861,-0.01962202351,-0.00649954759,0.08557701367,-0.00124490654,0.05764512104,0.04527161729,-0.06422312744,-0.06256331815,-0.05772092593,-0.0991327687,-0.04577348382,0.07491639186,0.08037271951,0.05560354138,0.0625346055,0.09356861208,0.08899398441,0.08896399643,0.09756699991
2004-02-29,-0.01052740886,0.01351350871,0.01284766351,-0.01088889017,-0.01766605074,-0.01470151676,0.01246972475,0.01086962807,0.004580651222,0.0101442531,-0.04001459722,0.009235228514,-0.005905370178,-0.03107007661,-0.02879272982,-0.02601717122,-0.01977379326,-0.01987725012,0.005788666251,-0.007883395108,-0.007915936644,-0.01697441678,0.01151294294,-0.002435872477,-0.01068515472,0.002194484869,-0.01675540467,-0.01101797254,-0.02189445388,-0.01175062513,-0.03771206781,0.03084724511,-0.02255893419,-0.03131960965,-0.02341679279,-0.003199306171,-0.02912557445,-0.01146483255,0.02324169557,0.01809489896,-0.01863322238,-0.009260926046,-0.01376546607,-0.02358705438,0.001753859838,-0.002801839957,-0.003132459239,-0.01101896285,-0.02239440844,-0.002758937025,-0.005044079782,-0.01359041084,-0.01129547988,-0.007942091404,-0.01542973333,0.001998483816,0.003789910628,0.00292299924,0.01108143462,-0.02842330022,-0.01812595583,-0.01081866463,-0.01838597549,0.00694546385,0.01048700064,0.01897549832,0.02206718539,-0.01930588562,-0.006475783083,-0.009108259887,0.001050123403,-0.01556206139,-0.02259722351,-0.02162683343,0.01936455283,0.01394384725,0.01634376283,0.03173692397,-0.02101975297,-0.03471254037,-0.03076055745,-0.01496380069,-0.03050378137,-0.03586148538,0.01601914381,0.01357109311,0.0005645350131,-0.01232910703,0.00694546385,0.001223632787,-0.004496571304,0.0007733328929,0.01016533899,0.01082207148,-0.00588558601,-0.02597813392,-0.02328653995,-0.02259232862,-0.004169744741,-0.01670644874,0.0261850554,0.01892907476,0.02939435733,0.0240104403,-0.02649092672,-0.02869157272,0.0129282061,-0.009571141151
2004-03-31,-0.00599458911,-0.008810417452,-0.009172344699,-0.009506441356,0.01240660798,0.02325046285,-0.01619433929,-0.01512496918,-0.01393512305,0.001945568944,-0.01727967178,0.0003064943026,0.001373174411,-0.01485686489,-0.00917804571,0.007933216744,-0.003260666473,0.002652455146,-6.515846241e-05,0.006570158739,-0.009461510986,0.002809358558,0.00281576173,0.01349555902,0.007738111766,-0.0004581595157,0.007315929431,0.007358016306,0.008596439956,0.006699422132,-0.009807635529,0.01095203304,0.005960156282,-0.01864175506,-0.01529437515,-0.02170706377,-0.01521314505,-0.003771544468,-0.005818290534,-0.003586204943,-0.01788172836,0.003839558241,-0.00437443558,-0.01060131362,0.002282267652,-0.001971480097,-0.006214508971,-0.02402834913,-0.003372068368,-0.0244772057,-0.02296731292,-0.003803872214,-0.003638215221,0.0003954146946,0.002359462106,0.003103462187,-0.0151733458,-0.01516283473,-0.006876418089,-0.03204940522,-0.01299029315,-0.003945148476,-0.009282580228,-0.00943646738,0.004049755116,0.02579125066,0.02210857423,-0.002287338514,-0.006814782807,-0.004945275267,-0.01055226764,-0.0240731464,-0.02756164683,-0.02352148204,-0.005825683724,0.0169361837,0.02258641768,0.01975701197,-0.001762970897,-0.009489358207,-0.007380437431,-0.003384557814,-0.01169385239,-0.008950134114,-0.01496363894,-0.004148201161,-0.009100555544,0.001649885921,-0.00943646738,0.008732521044,0.00398780999,-0.01367029704,0.004140313804,-0.005644560476,0.01323607935,-0.007210767684,-0.0009140447578,-0.003626874828,0.0124964875,-0.007860003194,-0.003898060806,-0.008281933347,-0.001645494661,-0.001941294082,-0.02602709472,-0.02744936035,-0.01058173941,-0.03128731147
2004-04-30,-0.008035864408,-0.0121588909,-0.01272899362,0.01442333917,-0.001374058834,-0.00577193515,-0.00060161699,-0.006371765602,0.001941632521,-0.001719462033,0.004947765358,-0.001937626696,-0.005650186643,0.008010174136,0.01288087133,-0.00279547166,-0.006049610989,0.005686671301,0.00724935545,0.005556518268,-0.006512472954,0.002851922853,0.00558339929,0.008730918971,0.006933906553,-0.008318646357,-0.005766628255,0.001140447071,-0.009889545076,0.001871965468,0.00301714457,0.007054881345,-0.01235674121,0.006339535244,0.001552994187,-0.0005393184197,0.007829025503,0.0008887153966,0.004140882827,0.006807098626,-0.006311878541,-0.01506059753,-0.005121318665,-0.00211935316,-0.004945479834,0.007192751595,0.005824398307,0.001738878953,0.01769616008,0.01655252201,0.01065304868,0.008441389332,0.008432172002,-0.008453772625,0.005300954985,0.008526844066,-0.002873439188,-2.876900993e-05,-0.004786162145,-0.004495698765,0.003569503979,0.00883319162,0.01138655012,-0.001521815537,-0.01437129383,-0.003978119464,-0.001403515225,0.002857846963,0.00171428903,0.004394481512,-0.00802686878,0.004643236611,-0.001357134442,0.00507127655,-9.492217916e-05,0.007743108727,0.01069556679,0.01014284937,0.01803238322,0.006514687036,0.0105726444,0.00591224636,0.001218545263,0.02217524084,-0.008530787564,-0.01285142068,-0.002768743519,0.008124665443,-0.001521815537,-0.003394792798,0.003513005465,0.0003043743325,0.003148288089,-0.006648102327,0.009402943124,0.005929402972,0.001317833376,-0.0037819223,0.005533951103,0.01842882805,-0.01352792932,0.002554064368,-0.004503543763,0.0006997919621,0.004777730023,-0.001058435415,-0.003540703215,0.02097047912
2004-05-31,-3.523862381e-05,-0.002835430915,-0.0004328114663,-0.01349881444,0.003912558292,0.01675897612,-0.0103345652,0.01451151015,-0.01518842157,0.01474978589,-0.03745670535,-0.001759616033,0.007200777185,-0.03867425665,-0.04337165281,-0.008159025997,-0.009179624597,-0.01330626678,-0.01729016028,-0.0122880026,0.004394056855,0.0001095268927,0.005665858822,0.008458113314,-0.005551273037,-0.003875062284,0.002436319601,0.00404201001,0.003656274945,-0.005337148023,-0.04536910904,0.01874820143,0.01514095887,-0.0398736157,-0.03953460737,-0.01738702418,-0.03702721523,0.01565037334,0.005936535637,0.01334856112,-0.01396362612,0.01093043144,0.009196376745,-0.02487070818,-0.005926846342,0.006184215986,-0.01650689174,-0.003616619073,-0.02551346115,0.003313578527,-0.0008193741989,-0.01007826025,-0.004418062855,0.01336861604,-0.01098724402,-0.0004658659898,-0.004478723045,-0.00516440982,-0.002323233846,-0.008952662479,-0.006495402711,-0.008259545974,-0.006319191047,-0.007624515632,-0.01448631494,-0.02213953651,0.001042634224,-0.0155722832,0.004610521312,0.00949513994,-0.003296518691,-0.01424163356,-0.008277902366,-0.0178273286,-0.006766713063,-0.002715035835,-0.0004140237674,0.0143199824,-0.02272171837,-0.02260469053,-0.008909742482,-0.0003976284804,-0.01258990688,-0.004419450311,0.005549218029,0.01134974418,-0.01702140203,-0.009035698624,-0.007624515632,0.007734724352,0.002460489543,-0.008942044245,-0.008859249587,-0.002758858396,0.004417662114,-0.01784730909,0.01719079241,-0.005901417503,-0.005559126503,-0.02072505697,2.181013855e-05,0.001234655618,-0.003569812387,-0.006145150308,-0.010981384,-0.01069489799,-0.009294595685,-0.001878346734
2004-06-30,0.01041484868,0.01043181873,0.01191689931,0.02262514506,-0.01436504938,-0.0120840074,0.002851545882,0.007766379757,0.01271295528,0.01567388615,0.01910591824,0.001279370151,4.721742889e-05,0.01901856693,0.01873700209,-0.004904394494,0.000816802907,-0.002595946829,0.005619898763,-0.009209660862,0.008071892807,0.007297197374,-0.00120229028,-0.003116774844,-0.001748096895,-0.00457946637,0.009250861749,0.006464499745,0.008395716959,-0.01593145753,0.0201635852,-0.01644057835,-0.006048617285,0.02043729595,0.0173720308,0.01025018352,0.01609991805,-0.002531357384,-0.009363579912,-0.01527088656,0.01951971032,-0.01580381797,0.005025440236,0.01113494175,0.009061413959,-0.004300994962,0.008252503389,0.02815621857,-0.01102425804,0.03088902918,0.03201687052,0.02056508086,0.01073968405,-0.01462132083,0.001277960127,-0.00109823325,0.02493605045,0.0255127593,0.01438390609,0.03045983834,-0.01187505673,-0.01893363061,-0.0118584095,0.01739788995,-0.009476450853,-0.003376840606,-0.004994146184,-0.005388595351,-0.003678277783,-0.01284233898,-0.004892498465,0.02519618011,0.02733751748,0.02896273485,0.01704779424,0.0005727631196,-0.007739641362,-0.01002646264,-0.01359432132,-0.001756162603,0.01774071067,-0.006481964565,-0.003880741016,-0.007835576544,0.00515900854,-0.007616377814,-0.005359883595,0.001529458299,0.01739788995,0.006025241789,0.0003026456763,0.02544143016,0.002637650956,0.0096163264,-0.008783846687,0.01493809941,0.01847753423,0.0003111980511,-0.01576494789,-0.006992343237,0.01339863461,0.01598684275,0.0106464065,0.01306648575,0.02736639361,0.02811228065,0.02280107602,0.03200347422
2004-07-31,-0.008925412397,-0.009347127169,-0.009544340642,-0.0134697205,0.01063718849,0.0217255123,-0.01477825713,-0.0002948823755,-0.01302207787,-0.01744989228,-0.02587811088,0.003985437569,-0.01096415882,-0.019180058,-0.03153469326,-0.0006645383691,-0.01131265525,-0.00663544545,-0.009764121204,-0.0004382000859,-0.002297872376,-0.004928842511,-0.01385576008,0.007019873472,0.003783863491,-0.004630251857,-0.01189041482,-0.004671909312,-0.007276434389,0.01803298937,-0.02756692503,0.01614000454,0.004519325313,-0.02481070974,-0.01545382795,-0.02254818033,-0.01737476856,-0.01467076284,-0.003475439645,0.003243133895,-0.02131453678,0.01050059789,-0.004937980504,-0.01390838394,0.003346898549,-0.00483736803,-0.009210358216,-0.01416944099,0.0005388872886,-0.01424311561,-0.01409412347,-0.0120070177,-0.01120869967,0.0219668895,0.001774255257,-0.004337797535,-0.01609799098,-0.01661255569,-0.01069342429,-0.02348977958,0.03193950982,0.02925475335,0.02589918699,-0.01299194516,-0.02240963495,-0.002968851356,0.02085386116,-0.008868810243,0.00857097232,0.01056306205,-0.01201258235,-0.01694899202,-0.01746596645,-0.0187319,-0.01180718256,-0.0105764089,0.002910342612,0.008899925938,0.002291595244,0.01438390552,-0.01320156936,0.01609811915,0.01612145957,0.01479422754,-0.003075531848,0.006211454118,-0.001501638202,0.001180313059,-0.01299194516,-0.0005951047041,-0.001081623491,-0.01883713567,-0.008723671255,-0.01464986483,-0.004214313752,-0.01083147296,-0.01735408221,0.001232390748,0.006876823096,-0.003433684792,-0.00852953414,-0.01338939143,-0.01686382677,-0.02045800918,-0.02426844098,-0.02334035,-0.01185450786,-0.0149016817
2004-08-31,-0.01022978863,-0.009390156442,-0.009349918522,-0.02005793526,-0.006388436846,0.01349078398,-0.01483949991,-0.02655067002,-0.01482686631,-0.0222046703,-0.01577976121,0.02130513807,-0.02447798957,-0.006841916669,-0.01192523684,0.02010436311,0.01196715332,0.01082390791,-0.01254805932,0.01498524428,0.009910227708,0.01800764003,-0.01238045173,0.02536738378,0.0146195211,-0.009509102876,0.01554634144,0.02103925763,0.01847681674,0.02045383253,-0.01849388623,-0.007610150062,0.01395481603,-0.01866334406,-0.002456001182,-0.01351560417,-0.007315163331,-0.02175053196,-0.01637967717,-0.007228957622,-0.002034545044,-0.002813720481,0.008166014607,0.004275129756,-0.002515357008,-0.01181478451,-0.01536520093,-0.02305369189,-0.01180361201,-0.02164460185,-0.01800549056,-0.01710961137,-0.001249443517,0.02064319897,-0.0009834292887,-0.004996581754,-0.01281196717,-0.01432097693,-0.00945461256,-0.01561209873,0.005873102492,0.01121686445,0.0157962791,-0.01300817497,-0.008209191471,-0.01865095758,0.01704900186,-0.01122458762,-0.01994482782,0.01547741047,-0.01400797679,-0.01665787898,-0.01416981083,-0.009109484906,-0.01971368784,0.01082712617,-0.003663312311,0.005019089436,-0.007558572204,0.01195903092,0.004493654535,0.005457075952,0.006355232323,0.01421030676,-0.001171348349,0.001417708883,-0.007605699713,0.001306408779,-0.01300817497,0.007485285005,0.007296495638,-0.01167486382,-0.01072811639,-0.01472887301,0.01824385999,-0.00027843163,0.00539603204,0.006158328949,0.01684131822,-0.01723587946,-0.005735752095,-0.007932591195,-0.0175465077,-0.01931890902,-0.01938666991,-0.01606870736,-0.01515801367,-0.02530176831
2004-09-30,-0.005004413891,-4.558248213e-05,-0.003027750952,-0.004045406166,0.01298974264,0.0169250538,-0.00560768911,-0.01239293496,-0.004183066506,-0.003844593258,0.002378230763,0.01232055182,-0.01359472059,0.005133075501,0.002230233546,0.009938994609,-0.004714939407,0.004342789264,-0.0047666032,0.007539267587,0.01017920882,0.004979825515,-0.01442500097,0.01005817515,0.01169612717,-0.004894993264,0.004562054484,0.005595406109,-0.0006667556979,0.00276940056,0.004361225471,-0.003087235044,0.01248093466,0.004114170741,0.003645300924,-0.001610942252,0.005642700469,-0.001949532118,-0.00167047075,-0.004566039881,-0.002292442556,0.005062171345,0.005366131794,0.002990818514,-0.01315030247,0.007994897223,-0.0005653214938,-0.001018523632,-0.001736007331,-0.004360738298,-0.004006011177,-0.003200484661,0.005631870174,0.006517398462,-0.001331885418,-0.0001247624689,-0.004146018201,-0.00471729903,-0.002208806231,0.003105996075,0.008176070535,0.01562493909,0.009287757043,-0.001951797623,-0.005203216962,-0.00390210177,-0.0001833470517,-0.005214007044,0.01178143036,0.004439217442,-0.00479764658,0.002730829779,0.002700272816,0.006361404541,-0.002288830545,0.0009280632249,-3.705180513e-05,-0.003360936193,0.001497812531,0.003786373396,0.0004538730286,0.01561125279,0.006258263283,0.0003333043419,0.002346664531,0.00155861494,0.002213815552,-0.001555367347,-0.001951797623,0.003932698174,0.001249283364,-0.005490009169,-0.002815098808,-0.002927913725,0.006019266433,0.003454991841,0.001109176591,-0.002007232693,0.004264776704,-0.00447793023,0.006269616617,0.003470041826,-0.005156360586,-0.003979827135,0.003020734453,0.0045302306,-0.005834484097,-0.003332575458
2004-10-31,0.01134787652,0.01651825156,0.01701410555,0.03451309199,-0.004566264642,-0.03368643054,0.02102510816,0.03937288728,0.03500398095,0.0441099306,0.04888306733,-0.04075413055,0.04012036397,0.04672914054,0.04182735224,-0.02915251116,0.009285896137,-0.01118693481,0.0004649566622,-0.0122194092,-0.0144127209,-0.01124735401,0.035550418,-0.02398655903,-0.02490319963,-0.01655687655,0.02387363369,-0.008556047288,0.03413954025,-0.03654995073,0.04649716131,-0.0159781995,0.002385130195,0.03720161749,0.01500652887,0.03755551244,0.04372968941,0.04663349824,0.003922737977,-0.002624045313,0.02714976931,0.0008875075107,0.01136204566,0.04046767936,0.04847230364,-0.01177308382,0.0191480143,0.0440737445,-0.01304380727,0.03903665525,0.03365680142,0.0359082723,0.001118235039,-0.03228439978,0.02241575706,0.004105119201,0.0356534383,0.03545754773,0.01656016145,0.04443307813,-0.0359099061,-0.03686782449,-0.03585520783,0.02507062508,0.03478039503,-0.001643030158,-0.01170486978,-0.03431194794,-0.02602086761,-0.02766177127,-0.0002429613891,0.05090456508,0.03912095955,0.0384844491,0.02490793727,-0.002363707705,-0.03296027673,-0.03806029425,-0.02517289186,-0.0373676179,-0.01198183804,-0.02828527966,-0.02590537475,-0.03661815961,-0.002674337106,-0.01908160998,-0.0006886877124,0.0179518303,0.02507062508,-0.004092648911,-0.01414527755,0.03676336043,0.02182883365,0.02897153229,-0.03524456486,-0.04117724098,-0.04084195284,-0.04287339756,-0.03161017157,0.02061762837,0.004766266523,0.01171692488,0.03165049894,0.03264162075,0.04787259095,0.04777822931,0.03356942783,0.04167760136
2004-11-30,0.009907557369,0.004746741509,0.004683981223,0.0336767688,-0.01284720696,-0.02327102688,0.01930398139,0.02099140209,0.02590679107,0.02487627047,0.03136239879,-0.0251760674,0.008863301159,0.02497093361,0.03007714943,-0.01386941773,-0.004443771927,-0.001839502484,0.01196412193,0.0034260357,0.01725002322,0.010699715,0.01126641704,0.001288608087,0.0009162813388,0.009531478012,-0.004936633579,-0.008593349393,0.01399821407,-0.03043506194,0.03836559558,-0.01933100412,-0.009523132707,0.03031808758,0.01998211144,0.02667405019,0.02493426603,0.01713504365,0.000353381518,-0.01703877146,0.01315041046,-0.004942486779,0.004974562988,0.01882421951,0.006558894682,0.005963510097,0.01184791526,0.04487373381,-0.0006837148991,0.04693887336,0.04477097988,0.03523605959,0.006092085044,-0.03456039891,0.009045874637,-0.003775708505,0.03510469425,0.03706850675,0.02115912689,0.05162115214,-0.008136371952,-0.01630434086,-0.02390987325,0.01233987767,0.01315877492,0.004159347824,-0.007712160864,-0.02364818742,-0.01989586052,-0.02253120206,0.01108796578,0.05468293694,0.05279120392,0.0518912738,0.0214698702,-0.001961664844,-0.01299117485,-0.02031035481,-0.003053845626,-0.0249581872,-0.007896094603,-0.01405492083,-0.03212615545,-0.03379232169,0.002607158062,-0.01663149908,0.002808229617,-0.003417441564,0.01233987767,-0.009908088095,-0.006041180743,0.03911773069,0.01178602015,0.01815899499,0.005595264057,-0.0170409965,-0.02473978751,-0.01965795086,-0.01790235735,0.009637601879,-0.01318137053,0.003685314309,0.02584023376,0.0382094696,0.05063869741,0.0525898042,0.02796602201,0.05077464215
2004-12-31,0.007347621521,0.01070055879,0.01243063476,0.03621844235,-0.01063111078,-0.01765881722,0.01300161871,0.0116706069,0.02020609181,0.008339687732,0.02711248102,-0.005807614241,-0.002003269863,0.02360557607,0.02650905971,0.00413155325,0.01292607105,0.0184848728,0.01921056741,0.01433252808,0.007960466366,0.00240458437,0.0147096117,-0.01710220925,-0.004270635395,-0.002718908856,0.009505560206,0.008031707742,0.02391098827,-0.01369938828,0.01921472137,-0.02196173702,-0.008657225822,0.02294479748,0.01704161579,0.02478341398,0.02282294538,0.01589927151,-0.004132360794,-0.01043235863,0.02346594954,-0.01552329885,0.003285362557,0.02311021297,0.01913843961,-0.001071376595,0.004202254151,0.04590483167,-0.01384889118,0.04841641798,0.0424951405,0.03544611128,0.006945567933,-0.01450844865,0.007947556621,0.0013993355,0.0325770411,0.03264136716,0.01938892069,0.036797491,-0.01097174848,-0.001577981679,-0.002163895364,0.01235106132,0.00186505253,-0.006883308343,-0.01297508883,-0.01136586747,0.009337516659,0.005594022544,0.01227555853,0.03608411782,0.03632684582,0.0350294173,0.01074098892,0.009767970213,-0.01837469171,-0.02463951774,-0.01561962627,-0.01314647676,-0.005511512212,-0.003501216334,-0.01509169402,-0.01377939182,0.004599218248,-0.01978423382,-0.01209980267,0.008014873118,0.01235106132,-0.005243678998,0.007973116375,0.03632916687,0.0001297800176,0.007466832975,0.01925019632,0.00071603458,0.02102545749,0.007236637807,-0.01885770732,0.0001652851832,0.007934745711,0.01885936056,0.02390485204,0.02559263856,0.03773102843,0.0378386519,0.02527281118,0.04577654614
2005-01-31,-0.004889819725,-0.006946855767,-0.008536142739,-0.02630919572,0.01052954095,0.02013245624,0.0004527519415,-0.02307242784,-0.01922786178,-0.001769311365,-0.0306373517,-0.003193536293,-0.008837643377,-0.02725370082,-0.02825784468,-0.0118698609,-0.01145868598,-0.02950744834,-0.0119592303,-0.02512582315,-0.01035854312,-0.005803008146,-0.0109805128,0.004571636904,0.0003347742079,0.008138160353,0.00989207925,0.01396287454,-0.0177194962,0.023492866,-0.03582368448,0.01000776451,-0.009083951913,-0.02969349143,-0.02082255822,-0.01461475917,-0.02322241431,-0.02485995177,0.01254441182,0.01870704485,-0.02608674691,0.006483904347,0.002768020816,-0.02043220194,-0.02518882235,-0.00503179563,0.01249779096,-0.03293830586,-0.01632130004,-0.02381578515,-0.01992101255,-0.02499949517,-1.643277608e-05,0.007105689793,-0.00847681028,-0.009655195269,-0.01415828232,-0.015946427,-0.006172525651,-0.02841592611,0.03245109861,-0.0134845898,0.007250083186,-0.002768636817,-0.01742535935,-0.004361623102,-0.003799907302,0.02333941845,-0.008755971885,-0.0102594739,-0.01388578546,-0.02417437689,-0.02696906188,-0.0259417785,-0.008248305361,-0.009704965147,-0.004975983308,0.00447396891,-0.01234090237,0.0282703295,0.0237030676,-0.01520331653,0.007715964032,0.02114935228,0.01283894102,0.02043114469,0.004023999981,-0.008437871567,-0.002768636817,-0.002822175068,-0.01936819371,-0.02030906625,-0.009105652918,-0.00949826398,-0.02626150198,-0.008364424014,-0.03079830947,-0.02081499077,0.00444856125,-0.02478277882,0.01444353514,-0.0005871147995,0.01002998821,-0.0008325984908,-0.0295168788,-0.02686421054,-0.007262837557,-0.02831754451
2005-02-28,-0.0004084977572,0.001749711601,0.002721143708,-0.001447067756,-0.001962702529,-0.003532410143,0.01444042297,0.003507634753,0.01041233341,0.003602999789,0.01063489347,0.005079081752,-0.007770983737,0.01119654916,0.006496996832,0.003817443451,0.001428680738,0.00540018054,0.0006838917762,-0.001118003067,0.00996379615,0.01831545909,-0.0001364139269,0.01467676328,0.01282068648,-0.00681289913,0.002084804592,0.00943012089,0.008359686006,0.006070046907,0.0007819781844,-0.01686284271,-0.003268865891,0.008372928624,0.007708462501,0.01251592396,0.01442319878,-0.00162350654,-0.007637887095,-0.0004189618924,0.005157141089,-0.001593167146,0.008413544422,0.007956336859,-0.008224375402,-0.001864515365,0.003353602215,0.00592579897,0.02763677794,-0.0006263069413,-0.003156937896,-0.001878361321,0.0001114896443,-0.00639951608,0.002845631539,-0.001664274556,-0.001431123401,-0.0008546296457,0.001112123841,0.01165447713,-0.007645188767,0.002033035492,0.0004946049171,0.001388463173,0.01062343162,0.01822234041,-0.005259715605,0.0003552383884,-0.0005188227619,-0.001946932548,-0.001991974873,0.007780205944,0.009830162467,0.007447911982,-0.006528483711,0.01044930963,0.004080507319,0.00225570042,0.02650565573,-0.01027182975,-0.01547260635,0.004376910675,0.006086625907,0.00440956731,-0.0009021853752,0.002026702125,0.004174762882,0.004341017287,0.001388463173,0.003343589096,0.0009683392683,0.002097611843,-0.001443594903,-0.0033209634,-0.002970013967,-0.004762090458,0.002620929739,-0.001844306211,0.006042855511,0.02709384831,-0.01364803702,0.0008235799112,-0.01970295735,-0.01291801479,0.01997145083,0.01415845863,-0.005824712562,0.004333629564
2005-03-31,0.004232853176,0.01021468495,0.009490631023,-0.02299540498,0.002152342371,0.006497074098,-0.002315527167,-0.002904808067,-0.01382691583,-0.001195971152,-0.01944965231,0.001357267697,0.006244132317,-0.02351061421,-0.01584738809,0.004221673079,0.003479292313,-0.0003294489159,-0.006019710963,-0.001664435556,-0.0157659154,-0.009485587813,-0.001468754024,-0.008333747813,-0.01711770439,0.01019880879,0.0001698247698,0.006603535096,-0.002934587647,0.008500802716,-0.01276889589,0.000636626866,-0.008407799855,-0.02027618879,-0.01355807762,-0.01002547253,-0.02320292038,-0.002814325732,0.001821124777,0.008957855832,-0.0158742617,0.003449010879,-0.00336534717,-0.01671734946,-0.003519519403,0.008454098474,0.01251646403,-0.005201022265,-0.01692615203,0.00142926074,0.001408057534,-0.01767834588,-0.002705219185,-0.001180421805,-0.006105453599,0.004607156074,-0.002758703066,-0.001617031424,-0.001215877297,-0.01269883016,0.007248523173,0.00152297626,-0.01194269347,0.008262628908,-0.008680269368,-0.0007256627232,0.006048726889,0.002262390848,0.009693096656,0.01754944655,0.003965945726,-0.01239307698,-0.00934014316,-0.01481438464,0.007003764372,0.001508093899,0.004880152503,0.006670830959,-0.01585086136,0.009291655182,0.01555128764,0.01443701354,-0.011457625,0.002021328755,0.02361102012,0.02728196953,-0.004985411131,-0.001203846101,0.008262628908,0.005276027717,0.003055588986,-0.006795433346,-0.004796960991,-0.002615985326,-0.009465477014,0.003657261613,0.01669006159,-0.006698794069,-0.009993852284,-0.01924986382,0.01057485758,0.0038765926,0.007966488889,0.004672222645,-0.01535916278,-0.01354869591,0.01051888204,-0.004742122651
2005-04-30,-0.003769905426,-0.000979056659,-0.00584104754,-0.03807737115,0.01079261079,0.0230422514,-0.0181704231,-0.007682494354,-0.01892794763,0.00255850528,-0.04033161969,-0.02162701461,0.0004992643037,-0.0311874164,-0.04055932359,0.004334680969,0.0008008597447,-0.02259519879,-0.02824635,-0.0220340346,-0.02089198993,-0.01615819973,-0.006143653528,0.005062483511,-0.006916490801,0.01309658848,0.001736040921,0.002325016984,-0.009822161615,0.01267707229,-0.04271645483,0.006219161775,0.01239332182,-0.04050184793,-0.02907711237,-0.0266171649,-0.0282633159,-0.01194356256,0.00846286868,0.01317793066,-0.009731781826,-0.004270212276,0.020240902,-0.01461790268,-0.01898627826,0.01495574933,-0.00573479647,-0.04991508063,-0.008344775564,-0.05381208334,-0.04874738982,-0.03710089672,-0.0265140447,0.006281924444,-0.01100655782,-0.005033780038,-0.03801171684,-0.03275987164,-0.0376367161,-0.04347019629,0.01209892456,0.04149066792,-0.01219296677,-0.009762844563,-0.01959761676,-0.01148453348,0.007722393114,0.01032112549,0.005159216395,0.02453631193,-0.01328990596,-0.04063330172,-0.04506977454,-0.04662918424,-0.01787037361,-0.01662993235,0.0008039740075,0.03234220432,-0.005500614874,0.01215614259,0.01986533407,0.03084865071,-0.02771707761,0.004692464802,0.00221723931,0.02366969415,-0.006289425862,-0.006586602518,-0.009762844563,-0.0104323978,-0.005068913697,-0.0406879237,-0.0144270932,-0.02341263866,0.03058786471,-0.004611354762,-0.004004406779,-0.01370370209,0.004512144872,-0.02135202929,0.0186447892,-0.008560602084,-0.006218769898,-0.0223027289,-0.05037721682,-0.04565554694,-0.01626305143,-0.05755880757
2005-05-31,0.003652998472,-0.006781784895,-0.004570521583,0.0137370622,-0.008380467664,-0.0163315834,0.01060798272,-0.01455847433,0.01022480731,-0.002122864305,0.02588213574,-0.002285357922,-0.003861096129,0.0173893615,0.01962827063,0.02222204316,0.0172499812,0.0237664602,0.002733926375,0.02201300139,0.02289743574,0.004683598472,0.003468166008,-0.003046980075,-0.001852270612,-0.004136843604,0.006326983807,0.01289087617,0.01869386799,-0.009244947534,0.01950840931,-0.02275622194,0.003704320872,0.0198405424,0.0168262203,0.01803774809,0.02001976698,0.009624957955,0.007756713398,0.004326179306,0.02589758342,-0.003122433726,0.0009246895585,0.02714647979,0.01382655617,-0.008275460501,0.01318189617,0.006144489254,-0.01214188302,0.003316321816,0.002085044854,0.01463001071,0.008672454012,-0.01413002228,0.01676015253,-0.009123600933,0.0009513742899,0.0007635920885,-0.0002059435377,0.01400581289,0.02010095863,0.01412663157,0.01938202127,-0.01499241845,0.006140127805,0.01028827495,-0.009493767652,-0.00890220945,-0.01650330656,-0.01043299621,0.002400263998,0.0069626544,0.01060171151,0.01151491527,-0.001457546806,-0.008702940865,0.001060591931,-0.03147472997,-0.0144108926,-0.00112479457,-0.0007942723181,-0.00791976881,-0.004302555281,0.009356839313,-0.02100913978,-0.02401376341,0.002093647672,0.01110126555,-0.01499241845,-0.003525412917,-0.01149005798,0.006887301311,0.00110829701,0.0005237837649,-0.01761461357,-0.02287590362,-0.02435256288,-0.01389318847,0.01446492998,-0.004394634357,-0.01464224062,-0.01827916185,0.009803475092,0.01257303608,0.011458969,0.01242735927,-0.007770385617,0.002531195418
2005-06-30,-0.00921975608,0.01229269734,0.0102527299,0.02159704385,0.006547829832,0.002645544472,-0.0009364362599,-0.01098647098,0.00241993751,0.003144036046,0.008460624552,-0.003816130872,-0.02047305549,0.01452577808,0.01300569433,0.01445854505,-0.01382665238,0.01585456663,-0.005940438328,0.01217992523,0.006245351011,-0.007577639987,-0.0132605358,-0.01550768323,-0.01550345476,-0.0005937206532,0.01631087018,0.01562688762,0.01210984444,0.004061136945,0.01071638872,-0.0138041843,0.01055412565,0.01249920619,0.01600857864,-0.0009394530681,0.01717615671,-0.001395581616,0.003434164703,0.003023574498,0.006608179198,-0.01441179387,0.003679937293,0.01171943926,-0.01219813671,-0.0006283918041,0.02539115894,0.03106188451,0.01453703472,0.02317759801,0.004017814068,0.02221436884,0.02075326358,-0.02471198701,0.0127763001,-0.01922548915,0.02572550718,0.02135167669,0.0265943193,0.01391535183,-0.01380594775,-0.01907503837,-0.02004194365,0.01549659802,-0.02399651599,-0.0202056692,0.005741525198,-0.02201579316,-0.008733603839,-0.02132702992,0.001528837422,0.007535726092,0.008152251359,0.008303665469,0.02735682192,-0.0142303415,-0.008752138895,-0.01685872229,0.0153632806,-0.02138582944,-0.01513818989,-0.02637007557,-0.02908135098,-0.02513192923,0.007839511058,-0.01185297719,0.003716130166,0.008892477169,0.01549659802,-0.0153604391,-0.01956637074,0.02546363535,0.02685855919,0.02767767057,-0.009580791587,-0.02444560608,-0.01879271602,-0.02652940841,-0.01473626268,0.01231361093,-0.005915512891,0.006758432741,0.01161292335,0.01618993735,0.01605993612,0.01711816458,0.02355972055,0.02549378905
2005-07-31,-0.007054553677,0.003190087952,0.004734552151,0.02136705181,-0.001982530865,-0.005092830809,-0.001115688111,-0.009565713443,-0.0008636203791,0.01120901835,0.02632414129,-0.003690293234,-0.009843727338,0.02331641606,0.02351000134,-0.001066917898,-0.01928461183,-0.0008059082184,-0.003363791177,0.006985761192,-0.004718827126,-0.001462283262,-0.006364750657,-0.003341054945,-0.006089429997,-0.004679058215,0.01012521359,0.006765941836,-0.0002561524205,-0.004203542231,0.02259593967,-0.0211706835,-0.0006322796626,0.02795358696,0.02670689783,-0.005943389761,0.01992915195,-0.003404578687,-0.005872759354,-0.007814729596,0.0005442342018,-0.009089073836,-0.01325094873,-0.003296445292,-0.01929159613,0.004383324821,0.04110300107,0.02978706396,0.03668009141,0.02854139341,0.01989933698,0.02023076086,0.01237647908,-0.02150075791,0.002670058312,-0.003472617964,0.019460127,0.01961165562,0.01295429224,0.02551136804,-0.02245114642,-0.0237396188,-0.02498392029,0.00464660953,-0.01397160647,-0.01060868752,0.0008268760232,-0.0125650399,-0.01015426493,-0.01299969505,-0.004536617979,0.01688868068,0.01661740191,0.0213840949,0.01551272683,-0.02167617763,-0.01174522449,-0.007715359348,0.03686795482,-0.02976751919,-0.01387407821,-0.03458140195,-0.03593116147,-0.0352988089,0.0005459489281,-0.01443992375,0.001804310437,0.0007980494631,0.00464660953,-0.0063857693,-8.619164293e-07,0.02145771233,0.01180708556,0.01631498755,0.01493563424,-0.02786738011,-0.03364613093,-0.0330537885,0.0007647210535,0.03565898364,-0.01238629546,0.009349940669,-0.005893129907,0.002572087551,0.02784533545,0.02454345168,0.01130021098,0.03329872655
2005-08-31,-0.01293274946,-0.01074108533,-0.01166032265,-0.02740480006,0.007665443302,0.01817084899,0.001374723578,-0.006293921416,-0.005515783554,0.001564905784,-0.02877076891,-6.351092594e-05,-0.005912283663,-0.03234599747,-0.02430027783,-0.0008216606481,0.009525789692,-0.03353191498,-0.0074848037,-0.02842867421,-0.01980189772,-0.002916716158,-0.001743440679,0.01101911918,0.004639603363,0.002438300152,0.007556592852,0.009862126632,0.008706183745,0.01194187686,-0.02146205804,0.01560610575,-0.00763419499,-0.02838931064,-0.01977569872,-0.005761483903,-0.03209455636,-0.00684565874,-0.003594962235,-0.0001165648838,-0.0256272734,0.01900848297,0.002163906391,-0.02191252111,0.004431494788,0.01047629485,-0.005924644391,-0.02500405581,-0.02757078466,-0.01587695724,-0.005053953273,-0.03248853333,0.003503355946,0.02103542819,-0.005127673932,0.005435420534,-0.02155687128,-0.02120760405,-0.009227271043,-0.02480151363,0.006595157897,-0.03181899448,0.01511032258,-0.009523381375,0.002664610335,0.001980283865,0.01073724807,0.01532165567,0.001034401731,-0.0005524822194,-0.00401740106,-0.01257248946,-0.01481161828,-0.01844503004,-0.02236512958,0.03946618841,0.01593482414,0.02637475729,-0.0221870992,0.03005777989,0.001757111148,-0.01835483507,0.03773455989,0.03612425025,0.003934431968,0.02214647174,0.003334885812,-0.006560010246,-0.009523381375,0.008160552394,0.01387125273,-0.02451020534,-0.01113103995,-0.01951782675,-0.003801713353,0.04207419682,0.03456456376,0.03879282589,-0.00146852749,-0.03218378798,0.005149658098,-0.008892649365,0.002711058425,-0.00128523737,-0.02207129951,-0.02450581532,-0.01659249036,-0.01923574326
2005-09-30,0.007942327621,-0.03886383717,-0.0386791419,-0.04850966586,-0.007653141249,-0.004486728196,0.003778105638,0.01172910372,9.969040646e-05,-0.01784901845,-0.02635667268,0.03219195652,0.01061624142,-0.03454288661,-0.02462940401,-0.02095319694,0.03050132931,-0.03169206355,0.01271531769,-0.04377700788,-0.02612202849,0.03033096012,0.02945670396,0.03464830602,0.0347874117,-0.003299406535,0.009584553997,-0.006858421629,0.02757981851,0.01127650911,-0.02298679782,0.02825309302,-0.01039831764,-0.03260870843,-0.03070466007,-0.001272492782,-0.03584139288,0.006381809023,0.000613527565,0.008535837519,-0.03154074094,0.04465547263,-0.01072654874,-0.03407785868,-0.0009700513528,0.0006391704602,-0.01343147671,-0.07234816713,-0.0180071494,-0.04957296226,-0.0272999847,-0.04303489775,-0.01283054484,0.04963210733,0.0109493272,0.005355094852,-0.05467269534,-0.05329317807,-0.03456653061,-0.03742888525,0.03576282507,-0.04021241065,0.03048394504,-0.03859234843,0.03893491604,0.02973165001,0.001069101605,0.04616633254,-0.002619687105,-0.005086119218,0.01388346925,-0.02036799123,-0.01739493904,-0.01995024556,-0.05546200748,0.05119710898,0.03459961922,0.03476972564,-0.01765763907,0.06630434007,0.0323087199,-0.03078972123,0.0614977952,0.06320887257,-0.01603462067,0.01074892121,0.01517690829,0.01383374419,-0.03859234843,0.01262228923,0.01917618376,-0.05690690539,-0.05447449471,-0.05862803194,0.02333539748,0.05989517554,-0.01002059831,0.06098359938,0.04340614228,-0.02044267122,-0.02418597803,-0.03095831784,-0.03027705557,-0.03811114125,-0.03643633637,-0.03675459843,-0.05598421021,-0.05192522586
2005-10-31,-0.0133475621,0.04691103401,0.04268288157,0.02680597838,0.03570040487,0.02982442035,-0.0381840605,-0.03325857215,-0.02273650322,0.02766993309,0.02365824165,-0.03891618333,-0.008748807872,0.03262230251,0.03011820369,-0.03381235017,-0.05607271704,-0.03096625058,-0.04086036173,-0.02772536974,-0.003085646546,-0.01373738954,-0.02296041939,-0.01856587633,-0.02306116547,0.0003403244324,-0.01225913823,-0.02379437567,-0.003851553354,-0.004097265825,0.01187643831,-0.03066966039,0.03963312497,0.02991545677,0.02019829902,-0.02474067519,0.02806124147,0.003863508686,-0.007376642469,-0.01519034424,0.03065860092,-0.02180796717,0.01597478859,0.02151140472,-0.05590442692,-0.009213231379,0.02366542428,0.04486406841,0.05188087793,0.03254437098,-0.01024883134,0.01830913563,-0.00256961066,-0.00579667435,-0.01066121237,-0.01247476325,0.04174265341,0.04086866561,0.02512392081,0.01989763211,-0.009927650881,0.02562634721,0.04646690006,0.04099812649,-0.0488298678,-0.04848029951,-0.03168359435,-0.04734304618,-0.02840606885,0.00402984459,-0.009899613529,0.00500178512,0.002839532044,0.00361388284,0.05900775955,-0.05672993644,-0.0597925752,-0.04088045345,0.05658144086,-0.06150523214,-0.05137312114,0.0001223441901,-0.01077775957,-0.05029618314,0.02241175462,-0.007067865162,-0.004450135321,-0.01019694058,0.04099812649,-0.003988101202,-0.0203307972,0.04032753955,0.04136983215,0.04820059938,-0.0406435643,-0.0508475205,-0.05182574016,-0.04681652032,-0.02208629677,0.0528250029,-0.00840030693,0.0005019061099,-0.02479543547,-0.01958917269,0.02646241032,0.01895980619,0.05246573995,0.03729272564
2005-11-30,0.01127833594,-0.06762081644,-0.06114076488,-0.06367067605,-0.03547463776,-0.02458407167,0.02589561853,-0.03871363461,-0.0005248604586,-0.04342939375,-0.01812814459,-0.0324324588,-0.01095978816,-0.03301379292,-0.01281969645,-0.02635328844,0.00312030799,0.03579897767,0.03212824956,0.04277215377,-0.001733524948,0.01943957502,-0.0007893235345,0.02257186024,0.04708393589,0.03547569782,0.03550711521,0.01382626566,0.0407016148,0.02500766114,-0.02404836404,-0.008536894225,-0.02142025585,-0.02073941269,-0.03442422697,0.003689615377,-0.03178258726,0.03259040491,0.03719485703,0.03572673159,-0.01742442964,0.0009676214497,-0.01250713625,-0.02962059232,-0.01618608744,0.03151707294,0.01817266893,-0.06406565713,-0.02040276066,-0.03184656273,-0.01078101051,-0.05891202425,-0.0893856749,0.004105370684,-0.01343000046,-0.02079188667,-0.08737751775,-0.07795517134,-0.08507139904,-0.03489144247,0.05075099654,0.05492978452,-0.004215791921,0.02984248017,0.06347504986,0.08168192431,0.05323389161,0.06225214787,0.05992772032,0.06321748383,-0.008788377813,-0.02237864649,-0.0210918766,-0.01604897036,-0.084530168,0.03917343718,0.06945726805,0.06127227239,-0.02311001686,0.06500333009,0.05940384368,0.05317227752,0.03603364829,0.06555028193,-0.06237070949,0.008496199192,0.002517903038,-0.01374153526,0.002961223402,-0.01988184281,-0.0473024835,-0.08510306052,-0.07346337147,-0.07637256288,-0.04292407446,0.05613757801,0.04047707789,0.02895704569,0.07337281788,-0.01101143007,-0.01269113492,-0.0163601932,-0.02873382062,-0.03241034178,-0.03822121061,-0.03169176661,-0.08834935261,-0.03344862924
2005-12-31,-0.004433618253,-0.004905257599,-0.005916421732,-0.008498771468,-0.0007979786413,0.0004673915036,0.003122613191,-0.01373572306,0.002672778422,-0.007005477252,-0.006173790782,0.005313851771,0.01323254473,-0.008312145563,-0.001876567949,-0.004011962343,0.000643372154,0.01439244651,-0.001484075298,0.00854613614,-0.0004276542591,0.0006644878046,-0.0009750384904,0.002042821738,0.003927691486,-0.008321941421,0.009019480989,0.01307806687,0.005125142598,-0.01121154323,0.001131365607,-0.003808597749,-0.004259316278,-0.007642226689,-0.002169791686,0.003633254309,-0.00800910067,-0.005844183162,-0.001992929422,-0.006644282138,-0.001061691147,0.006663352352,0.0006627466896,-0.002314987718,-0.005069795314,0.004503418456,-0.000184052576,-0.01203693008,-0.009557913949,-0.004225196982,-0.009919599345,-0.009712422092,-0.004335051804,0.003279233344,0.002422119481,-0.008223080748,-0.008171841623,-0.007306571362,-0.01150980679,-0.006724192176,0.01796358281,-0.0003756604351,-0.005705621395,0.006216783561,0.0006441705999,-0.002755749154,0.0004554820963,0.005428445534,0.02644810048,0.008312426987,-0.001739737369,-0.0044652633,-0.003578531945,-0.004642819668,-0.007037124032,0.01689284034,0.009412657766,0.005819370226,-0.009276859669,0.0118693187,0.01426255995,0.001446490881,-0.001601362552,0.01051577041,-0.001805064412,0.008356518991,0.001941113467,0.004606570994,0.006216783561,0.002354513822,-0.004674445914,-0.007281863242,-0.008956253417,-0.01038010694,0.002137085296,0.009131236108,0.00623088081,0.003599662286,-3.338948283e-05,-0.01020412718,-0.005350324925,-0.009472163608,-0.002974842031,-0.003694988382,-0.005895376758,-0.00541627207,-0.006169914605,-0.004862653591
2006-01-31,-0.009894298947,0.08281468021,0.07261299589,0.1059394993,0.05997006489,0.05307076884,-0.008889433444,-0.0003753843697,-0.006748127267,0.02568551287,0.06255965891,0.05997691478,-0.01589203254,0.0795662058,0.06906440349,0.01084484347,-0.05975231157,0.007463117686,-0.02874373308,-0.004981270896,0.06044407003,-0.01301279067,0.02842978937,-0.01380064196,-0.05791327421,-0.0002396869524,-0.01861156534,0.01344667549,-0.03440253272,-0.07191515167,0.04853803486,-0.0706554787,0.01169952692,0.07198282679,0.08690362982,0.02457982565,0.07978695166,-0.0759883953,-0.06360791152,-0.06353357175,0.005061508747,0.02162095625,-0.004402409942,0.04884007803,-0.04188578787,0.03983773348,0.0479027868,0.1181471254,0.05669813692,0.0638412309,0.0749226135,0.1006946447,0.04913334459,-0.05016537479,0.006583149542,-0.01162457984,0.1002013689,0.1007121151,0.06950477418,0.1069422899,-0.05241290188,0.02673498271,-0.01256266726,0.09131484572,-0.08936431263,-0.08472712751,-0.07004812879,-0.08857093332,-0.08806910958,-0.05458505547,-7.607752242e-05,0.08098935657,0.07185307518,0.06829840317,0.1153770723,-0.1167225451,-0.114119463,-0.1048757295,0.05579559962,-0.1210290456,-0.1072703346,-0.0323732585,-0.07222824998,-0.09353003818,0.0196388354,-0.05073978297,0.001057212726,-0.01102106102,0.09131484572,-0.03765445976,-0.02641845538,0.1108058323,0.0955298433,0.108521159,-0.01264880922,-0.1180460132,-0.1150817873,-0.1171441484,-0.06917332817,0.06169697718,0.0163823363,0.04277844704,0.0009227540591,0.003539048195,0.1081142155,0.1024565806,0.09989534596,0.06439556688
2006-02-28,0.00591702903,-0.02818450877,-0.02553056277,-0.03733055765,-0.02293793108,-0.01870435887,0.02966754793,-0.07688639292,-0.01759120412,-0.02958869784,-0.02458085919,-0.02310747652,0.0007989060529,-0.03619753717,-0.03864947182,0.0434878355,0.01319010853,0.0334229804,-0.02127527176,0.03499544746,-0.03768546096,-0.05109423138,-0.03577948549,-0.0477310206,-0.0428609666,-0.006598081845,0.0317703608,0.00741073351,0.04324424142,0.02758885649,-0.04708196264,-0.04360358424,-0.02979724557,-0.02912314195,-0.03377038734,0.02367930266,-0.03294292666,0.03336949549,0.02047837006,0.01713191386,-0.01536633742,-0.006268598406,0.01218477473,-0.01985590893,-0.02863390248,0.02487537244,0.0337447187,-0.02708747445,-0.03491524689,0.002990766897,-0.01599416028,-0.03204912276,-0.02420393273,0.002396582455,0.002893453221,0.004286612217,-0.03554379794,-0.03512458639,-0.03213827712,-0.03020910201,0.0334387932,0.03603323152,0.00835128131,-0.02895936858,0.04281328396,0.04917130048,0.04121552288,0.04631505443,0.008161058077,0.04698085151,-0.024359888,-0.02336976595,-0.02592762988,-0.02726418995,-0.04184020318,0.03701074448,0.04535332913,0.0522176329,-0.03843815917,0.0456620842,0.05894994496,0.03316654811,0.02999296445,0.01755364119,-0.009766572664,0.01417890298,-0.00812068707,0.006389452472,-0.02895936858,-0.001379864062,-0.01855866293,-0.04347196775,-0.03361289162,-0.03503404703,-0.05867330742,0.04113108335,0.03936286624,0.03681037525,0.01504770356,-0.03409324196,0.009194201673,-0.004551827509,0.0221254832,0.02005618081,-0.02957594413,-0.02775709062,-0.03372067286,0.002585481411
2006-03-31,0.01616215274,0.0059405922,0.009370090494,0.02894792315,0.007206582473,-0.002379321728,0.005606102837,0.001388287518,-0.01581675226,0.001861859417,0.02315139915,-0.01151105239,0.002726330137,0.02580191602,0.02404097301,-0.009963060075,-0.006846260126,-0.008307717878,0.008291214243,-0.0001574347092,0.001769618334,0.01233789525,0.01163721383,0.00527543434,0.004410831145,-0.00765284897,-0.002085627507,-0.007055527231,-0.001365095029,-0.01385548687,0.0282192661,-0.01735397707,-0.002992803502,0.02403944689,0.01600428445,0.01310656351,0.02106255653,0.006315857723,-0.002441116937,-0.01100165045,0.01126894055,-0.00590883369,-0.007167033738,0.01326757645,-0.01374722038,-0.009642993098,0.02553278184,0.03568582842,0.02170598635,0.03140714692,0.03086621547,0.02969953208,0.01534348694,-0.01197255346,0.007020879023,0.002641242158,0.02329503101,0.02410471164,0.01899887514,0.04316457737,0.0102752681,0.01135106889,0.01174430178,0.01227156889,-0.01408037801,-0.009747163594,-0.0002331175303,-0.02025130645,0.04123344965,0.01205553041,0.007998999122,0.03593637391,0.03643700015,0.03709649621,0.01761810137,-0.03463679328,-0.02213251474,-0.01448357482,0.01946400371,-0.03477185005,-0.02476330183,0.005816821277,-0.005687930675,-0.009970287631,-0.0005001983218,-0.01666312459,0.000682727639,0.005412870174,0.01227156889,-0.01485695635,-0.006107634033,0.03305634698,0.005468347789,0.01180733061,-0.01243422288,-0.03819335066,-0.02517062485,-0.03765319908,0.00209440222,0.0256529758,-0.002163933549,0.01714033665,-0.01845373186,-0.0169406088,0.04248162087,0.04049435489,0.01216300887,0.03147034304
2006-04-30,0.002053263883,0.02055816729,0.01878439649,0.02913153134,0.01838156595,0.01564424548,-0.009627660058,0.01396312722,-0.002040893847,0.009849717805,0.02114014479,0.002835858404,0.001577880721,0.02257525395,0.0247044311,-0.0001830989663,0.001297478766,0.001603186495,0.004967539019,-0.002008805208,0.01526560777,0.008407994676,0.01434739811,0.01129943468,0.007931506338,0.005244987908,-0.0138280936,-0.005669791908,-0.01338331544,-0.007343779681,0.02305405968,0.001254222091,0.002318356341,0.02380033689,0.02140595139,-0.006037912012,0.02226418515,-0.0111584828,-0.01239989318,-0.01339561736,0.001196275337,0.01025707439,-0.0160769531,0.006376599125,0.005313877587,0.004102125379,-0.001768108783,0.0366953486,0.02057605751,0.02595767187,0.03094441561,0.02804826532,0.01107393459,-0.01638891057,-0.001783942242,-0.007697885512,0.03010394963,0.02949179083,0.01877366743,0.03433528307,0.02298933888,0.007212457007,0.01457088158,0.01185858371,-0.02502344944,-0.02321413173,-0.02124737233,-0.009924882558,-0.02597220247,-0.003793272255,0.01105689359,0.03370104898,0.03512319946,0.03651574147,0.02494333134,-0.02812330019,-0.02528554353,-0.0251945621,0.01979432407,-0.01552693091,-0.008889212373,0.006688585982,0.002983655897,-0.007585431328,0.01004794476,-0.01058371052,-0.001138677568,-0.006249995423,0.01185858371,-0.000273100244,-0.004627732054,0.03188484947,0.02041872311,0.02252031812,0.01117186424,-0.02923729865,0.003304779844,-0.02803417561,-0.01379925054,0.0205213865,0.003375843877,0.02184129294,0.006508938853,0.007304884061,0.03344526536,0.03356697796,0.02335862513,0.02640572698
2006-05-31,0.009482027678,0.01941178484,0.01943073072,0.02629123243,0.01451706012,0.005188642538,-0.003914489949,0.012696355,-0.007365657941,0.003841378364,0.01193363429,-0.01746953936,7.078573624e-05,0.02117156009,0.02156440422,-0.02105624952,-0.01627835194,-0.008317232382,0.0001079491962,0.0005361522674,0.01861587699,0.002340619262,0.003605014265,0.003403503803,0.004913271824,-0.00273323792,-0.005023503492,0.004379188116,-0.007934537644,-0.02532558217,0.02087433074,-0.00362824598,0.008566821895,0.01433483332,0.0170429527,0.003770556952,0.02009744774,-0.003934258194,0.00269327331,-0.006895205976,0.01937812731,-0.008992638979,0.00311212031,0.02298626613,-0.01145370951,0.0006139878244,0.001523903916,0.02712967105,-0.009751431553,0.03076685761,0.03007817116,0.02350522398,0.01550097566,-0.01341450109,0.001340464733,-0.0004802300663,0.0236887144,0.0264177644,0.02023029938,0.02288837811,0.01172793472,-0.007322844183,0.009339086109,0.0129462928,-0.01726711226,-0.01749720087,-0.01105095211,-0.009153825445,0.008902701224,-0.01130634265,0.009462651632,0.02330044895,0.02260258458,0.02134342695,0.02315812873,-0.02456605929,-0.02220722311,-0.02028243566,-0.01032725188,-0.01445038394,-0.008370726699,-0.01082782341,-0.01064660059,-0.02297126033,0.007391378199,-0.008651094573,0.005052933007,-0.003507971486,0.0129462928,0.0004382163352,0.004296394417,0.02877346597,0.0181538083,0.01740369094,0.007593443333,-0.01846993524,-0.00561116386,-0.01994160703,-0.01879514666,-0.007125141196,0.02209000873,0.02578953788,0.009261688094,0.01003226678,0.02295205856,0.02239211685,0.02133236099,0.03074890027
2006-06-30,0.001714080142,0.01857860819,0.01514898708,0.009097364278,0.01695635,0.00855060669,-0.006925401009,0.01631528616,-0.005019943276,0.002344854715,0.01370229371,-0.001706266957,-0.002500694849,0.0205118865,0.02165183862,-0.01795243136,-0.0144963436,-0.005571919324,0.009349211698,-0.001961457974,0.02280346461,0.008196781862,0.01163408915,0.01134473605,0.01813640237,-0.00332679345,-0.004819731049,0.005775365172,-0.01190190164,-0.0115588253,0.01958654994,0.01447832607,0.00731565708,0.01714816643,0.02132959448,-0.004166580078,0.01483096197,-0.01611253906,0.003384661918,-0.001779873838,0.01113104776,0.004936058393,-0.0024801308,0.01514370271,-0.00226339715,-0.001062496045,-0.01055989408,0.01703613391,-0.002988950595,0.01145960357,0.01335587854,0.01026346417,0.001989719974,0.01957503721,-0.009616050869,-0.002523148612,0.01202336929,0.01180889996,0.005397516435,0.01392390862,0.01758978478,0.02011775066,0.02405376229,0.01233353332,-0.02650502368,-0.028999252,-0.0258035903,-0.002958980273,0.001960115424,-0.002707546992,0.00230172462,0.007931706764,0.008896167907,0.009375969045,0.02416373611,-0.02158856633,-0.02286157229,-0.02344888091,-0.0008491353808,0.009194851111,0.00817304589,0.01717606097,0.02060784915,-0.002391715665,0.007608642108,0.003595907655,-1.856840607e-05,-0.008888594723,0.01233353332,0.009397550997,0.01070053454,0.01034435018,0.01826897432,0.01728098316,0.01817647454,-0.01322671795,0.004437757194,-0.002361076941,-0.01849837487,-0.003830833749,0.0133692705,0.01065076354,0.004902710066,0.003418758467,0.01524611227,0.01204424393,0.01886592933,0.01008971428
2006-07-31,0.004021805856,0.01754755755,0.01452393579,0.007590261298,0.01938975613,0.01644188402,-0.00666828088,0.006548477252,-0.006793092436,0.008888437055,0.01564574602,0.002348120309,0.00413060642,0.02353737956,0.02683328798,-0.01798970911,-0.01238989776,-0.002403936655,-0.0001456629091,0.001696167552,0.02313338231,0.005632427097,0.01675038081,0.01994694494,0.01410440627,0.01356593478,0.006167407947,0.01239963202,-0.01405288719,-0.01622892662,0.02174060155,0.01358985363,0.008914630032,0.02067222596,0.02395983082,-0.004631081212,0.02119651286,-0.02004004557,0.00050940778,-0.007731496049,0.01188334529,0.007794127075,-0.005862293923,0.01383322546,-0.002999898017,0.00984797442,-0.01218099871,0.01647398844,-0.004578878647,0.01096099415,0.0169838517,0.004240967131,0.004085210373,0.02354754792,-0.005285364594,-0.0008314036034,0.01288465404,0.01118706306,0.003518325271,0.02291810655,0.008028257099,0.02321087865,0.02339139468,0.00794838055,-0.01915368032,-0.01969074814,-0.01037946975,-0.009072568128,-0.01044632005,-0.01606029027,-0.0006961041644,0.01987967862,0.0195873047,0.02054511098,0.02391523253,-0.01632634859,-0.01387246113,-0.01202693728,-0.004014867405,0.005160466295,-0.01815797334,0.02527256124,0.02547259424,0.01034798928,0.01263383582,0.007206682296,-0.0009103778101,-0.006194891029,0.00794838055,0.01579743815,0.01835581696,0.00955333953,0.01093806282,0.01022978583,0.02143785484,0.002707786752,0.007873682005,0.01681338875,-0.02379716172,-0.005763843027,0.01229099554,0.008028108761,0.007568885006,0.00546494615,0.01731641419,0.02212564846,0.02036007725,0.01079014209
2006-08-31,-0.0003238331327,0.01071321591,0.009666512872,0.009259206109,0.02334366324,0.01963712429,0.001326527953,0.006527663822,-0.005904878649,-0.004761688201,0.01212456634,-0.008332986448,0.006841269224,0.01581601124,0.01856446122,-0.02439182264,-0.02285142882,-0.009720203913,-0.01098033374,-0.0008713596115,0.0217552872,-0.003309963225,0.001443190774,0.002944097874,0.0001798897428,0.001001227968,-0.001454254776,0.009077671135,-0.01637459392,-0.01221873595,0.01658487362,0.01467549186,0.007570847994,0.01614103591,0.01993432161,0.0001916476641,0.01705671488,-0.01917300598,0.0100367543,0.001880508544,0.01029584853,-0.0002714274134,-0.004116126729,0.01207028952,-0.01833939308,-0.008658088705,-0.01246251126,0.02124666712,0.001690161108,0.01998798033,0.02155907138,0.009660355302,-0.00186298273,0.009768282312,-0.009787109105,0.006594936853,0.009934306047,0.00942919518,0.003971040355,0.01401795195,0.001510608947,0.0116929579,0.0138820231,0.01163404239,-0.01343560557,-0.01204371498,-0.009121398003,-0.007960145006,-0.006360343898,-0.03732999045,-0.0008431805906,0.0101783134,0.01226927353,0.01067789164,0.01833396601,-0.0175576271,-0.0170313362,-0.01765250477,0.003583838276,-0.009424208687,-0.02341879188,0.009901378759,0.01212456535,0.001503034397,0.009544195465,-8.974350162e-06,-0.003172425675,-0.01131187338,0.01163404239,0.006007834473,0.009374656106,0.01007395803,0.0161647811,0.01846252392,0.01852727141,-0.01475420778,-0.01549201492,-0.004966316444,-0.0201239247,-0.0004271501133,0.01105928719,0.01317670094,0.006537921692,0.006961476601,0.01524362819,0.01260861815,0.01714441195,0.0198282198
2006-09-30,0.003285448825,0.005723831004,0.004604555362,0.003497971324,0.02378123879,0.02226959168,-0.01746217018,0.01671225697,0.01281578187,0.01760992961,0.003526530128,0.006620842621,0.01367716641,0.0137657844,0.0145684472,-0.004723570897,-3.43464151e-05,-0.009670963422,0.008979683119,-0.01332594448,-0.003146787624,-0.003536973557,0.009211827236,0.005733151371,0.0005921119471,-0.003786484237,0.001183400086,0.00348866502,-0.009012512747,-0.0006906485245,0.0134805979,0.01239451759,0.009928965821,0.00615645358,0.00396791824,-0.0153027295,0.007034220953,-0.008910538222,-0.004423151486,-0.0079505983,0.002729940959,0.004948929305,1.076885619e-06,0.007284801893,0.01772690898,-0.009864474308,-0.008911419667,-0.00134005012,0.01719216116,-0.005656298497,-0.01061176894,0.001220489049,0.00576819342,0.006390447242,0.001488825705,-0.001751792128,0.0001845674891,0.0001952467065,-0.003322453332,0.007072300027,0.02666644084,0.0181075057,0.01932772089,0.005068698921,-0.006443309881,-0.007774829738,-0.00807808825,0.01266393547,-0.01919766592,0.004998428827,0.006926176489,0.00328375178,0.003695871989,0.005047869583,0.01106284635,-0.00275362225,-0.002928446734,-0.00781642744,0.01671056327,0.02296365752,0.01277737478,0.01554044078,0.01419879774,0.01917978444,0.004940679586,-0.002326097751,-0.001211001822,-0.0005477867206,0.005068698921,0.002641823785,0.0004169067299,0.002959412093,0.006205528687,0.005468957924,-0.003278960375,0.0003425893047,-0.007123508738,0.0007765969497,0.0006998651491,0.01415316131,0.003345717404,0.004843257037,-0.006235697535,-0.005939230639,0.007088563498,0.003382378811,0.008693802834,-0.005080437522
2006-10-31,-0.002713320621,0.006466263452,0.003124374212,0.005549839866,0.01219889459,0.009639112871,-0.0117476865,0.02124654009,-0.000345740943,0.01262304045,0.01996248759,0.00640887815,0.005581492392,0.01642401986,0.01819516747,-0.009027433032,-0.007122391973,-0.008700478886,0.005455030403,-0.01493270843,0.004529245566,0.008628461562,0.00990724503,0.009876728947,0.007766211772,-0.003683519144,-0.007358185158,-0.001224050459,-0.00943134848,-0.004170758503,0.02049921462,0.01607892117,0.01144637335,0.01936347231,0.01537694912,-0.01319228675,0.01584546876,-0.00239280209,-0.003139771907,-0.005075794311,0.007466365407,0.003074760604,-0.007137052968,0.007886631165,0.01398665595,-0.004902342524,-0.009041235837,0.01213883616,0.01249840723,0.01148662035,0.008886745084,0.005928996544,0.00254535226,0.00661861949,-0.004818727244,0.0005727284392,0.009598288021,0.01114126088,0.004900363184,0.01708005277,0.02063444039,0.001917803175,0.01213759809,0.009665294259,0.002682043125,-0.01187313865,-0.006668084858,0.03783163027,6.002542127e-05,-0.003153930346,0.003188231024,0.01426746657,0.01569857272,0.0171502785,0.01039689852,-0.006136596884,-0.01273780581,-0.01554364823,0.01280589265,0.01835650541,0.01221469961,0.002843351293,0.01374831698,0.01662659819,0.01104007967,0.001516339744,0.004962268883,-0.001833014425,0.009665294259,0.003990553831,0.008067465912,0.01095832469,0.006501889454,0.009996889291,0.01618652195,-0.002284832305,-0.0002756869488,-0.003244163943,-0.005102020614,0.01247638786,0.002193984808,0.00959646878,-0.01049133786,-0.009292159338,0.01744958139,0.01681339364,0.009377833283,0.0116181641
2006-11-30,0.00755137275,0.005196299711,0.00702253212,0.01143014165,0.01766544555,0.01261364184,0.001288620625,0.000958892523,-0.005096405458,0.001998506493,0.006921429264,-0.0006227613734,0.007436511523,0.01368467927,0.006547247772,-0.01077339606,-0.008557879972,-0.005034092095,-0.007750119032,0.003876663943,0.005258344101,-0.007857649488,-0.0009858535716,-0.004971937973,-0.00858986087,0.003270081205,-0.009511283177,-0.0004349132687,-0.01214873827,-0.007502980495,0.008262669165,0.006509285356,0.006359720931,0.009375099778,0.007499138566,0.008010041456,0.01311465441,-0.00631566602,0.003583493672,-0.005240838911,0.01728683519,-0.007466029614,0.008238290037,0.01864270566,-0.003541861216,0.0006601171489,-0.003794992634,0.015895654,-0.002612854919,0.01377401564,0.01372445986,0.01381564827,-0.001464903961,0.002581677636,0.004225776361,0.002936806954,0.01002623774,0.01032962971,0.004057444234,0.0156166842,0.01406942287,0.003992628212,0.01540314829,0.007708903389,-0.002115903675,-0.006225066458,0.008908500587,0.01387319443,0.005108663566,0.00478441653,0.001058618865,0.01451620239,0.01414026504,0.01534925838,0.00697781454,-0.003940519274,-0.01104813609,0.002833303907,-0.004398140037,0.005374474473,-0.004452809186,0.006257517928,0.01502685227,0.01061943404,-0.006173871135,-0.01154588824,0.001946837615,0.002930722115,0.007708903389,-0.007511665482,-0.001510218258,0.01277054468,0.006378537311,0.005104819893,-0.002752466374,0.003735966261,0.004765373144,-0.007928739114,0.001749159908,-0.002461222234,0.006407836423,0.01257758598,0.003190134693,0.003809728404,0.01350064204,0.01323902156,0.003144808272,0.0132904863
2006-12-31,-0.006789431182,0.0006474722674,0.002251443993,0.01698787248,0.00409508285,0.002941873194,-0.01028253731,0.01092408198,-0.001595474411,0.001397198948,0.0186995017,0.003380320529,-0.002412050244,0.01085238339,0.01465729099,-0.006426623544,-0.004823505126,-0.009095066226,0.01058002486,-0.004110650804,0.003164998025,0.008337249895,0.007288671272,0.0118740375,0.01205802654,-0.005900461673,-0.004410702448,-0.002216975959,-0.00181877002,-0.001760898043,0.01214144855,0.00403007567,0.008339824521,0.01818068978,0.01536165116,-0.01807548183,0.01096966056,-0.004188002158,-0.001215071433,-0.002289656746,-0.007061270452,0.001471525383,-0.0169517404,-0.003798832102,0.003938359437,-0.007864153507,0.002803240892,0.0202723905,0.01841925742,0.02576190507,0.01839668735,0.01666090083,0.001993407483,-0.0065639669,0.007833003172,-0.00102520748,0.01289199521,0.01318551764,-0.0004114063555,0.02613420773,0.009377392104,0.004865745177,0.002200015353,0.005683554463,-0.0133203767,-0.01154634415,-0.002051779954,0.01223971267,0.01190687913,0.009986856693,-0.004918801372,0.02214102482,0.02351929303,0.02431088364,0.006230855708,-0.02073566739,-0.01750116216,-0.01714816067,0.01505627622,0.00397251339,0.01361289257,0.003970925711,-0.003149011855,0.003511702049,-0.002984829435,-0.01408299102,-0.002203123123,0.006348896575,0.005683554463,-0.005590074188,-0.0008907430341,0.01510978912,0.002924188801,0.004768025418,0.00113369898,-0.006657635779,-0.00403989205,-0.01757683813,0.0004121565248,0.01868197612,-0.003971660703,0.01042032781,-0.009599970703,-0.006381394222,0.02378496252,0.0244511362,0.005945999581,0.02504426771
2007-01-31,0.00776965991,0.003778194761,0.002640700575,0.009163663811,0.002202558161,0.0003259747894,0.01202972602,-0.003075752443,-0.007839058301,-0.0091461186,0.008488713658,0.001126148702,-0.009997451585,0.002135381151,0.005731813707,-0.002158102034,-0.0120640583,-0.0003711350278,-0.01149974055,0.002777608277,-0.001418303934,-0.008079830919,-0.005692008361,-0.01186247168,-0.00913441541,-0.0009462233563,0.002708972968,0.0006482067263,-0.002782797663,-0.001826176819,0.003164292872,0.001072877082,-0.007053110613,0.006640935713,0.005118361595,0.009714797553,0.002416476547,0.002818787264,0.004613048174,-0.0001294645902,0.0004026809666,-0.003567530023,-0.007194799383,-0.0015442177,-0.009525634826,0.001139039888,0.0005745740896,0.02519447443,0.002267042866,0.03077586138,0.02534153438,0.01051827125,0.00222551309,-0.004456953091,-0.002670454157,0.002402564314,0.01282124902,0.01421310962,0.005411094958,0.01496395196,0.006235353775,0.001106434263,-2.101932845e-06,0.007752304592,-0.005352811613,0.0001088815753,0.004798349659,0.009617978652,0.007831051226,0.01033824298,-0.00418169124,0.01605308236,0.01620444084,0.0154544572,0.008243145726,-0.01269515458,-0.008009640174,-0.005856044604,0.00219134705,0.001993846915,0.006188984362,-0.0006961873469,-0.001481129649,-0.001051730325,0.006161792692,-0.0003544418988,-0.001186226424,-0.001761711118,0.007752304592,-0.001850008155,0.0009106406339,0.01347768541,0.003513467246,0.00721490866,0.0052999158,-0.003577227585,0.0005546747072,-0.002976686115,-0.005624522961,0.004324061666,0.008347118081,0.01674391894,0.002785282104,0.008236263186,0.01661798522,0.01606422698,0.006759862665,0.02989550213
2007-02-28,-0.00513992311,-0.0104626252,-0.01075133455,-0.009045539013,-0.007570935017,-0.005894239419,0.009609167938,-0.01709400191,-0.002688991471,-0.01195263764,-0.01753045849,-0.003734082493,-0.008342329666,-0.0187178652,-0.02288477285,0.007920254846,0.007042161889,0.0104429789,-0.006080052859,0.007826065187,-0.008878478666,-0.00730973654,-0.01040661197,-0.01101827876,-0.008922887434,-0.00374222884,0.005098745814,-0.00292579731,0.006297076189,0.00457057259,-0.02017688874,-0.01462411182,-0.01082612312,-0.01875608851,-0.01808307354,0.01191758531,-0.01548013889,0.008017450923,-0.0007739260222,-0.000198621823,0.0002211149563,-0.007516625197,0.01271615548,-0.0002878246993,-0.00703772656,-0.00625329508,0.00662443483,-0.006401937859,-0.01965080551,1.901199214e-05,-0.0009997814278,-0.005660139704,0.004082068932,-0.004847896206,0.004079385229,0.0007021172436,-0.00910015257,-0.01015271067,-0.006992380984,-0.01731042418,-0.01097178924,0.002219487973,0.001065209371,-0.007464210474,0.002525620709,0.002558634471,0.01287552864,-0.003280353095,-0.004021577883,-0.003776678045,-0.004305095609,-0.01376571385,-0.01597568021,-0.01847961468,-0.01315836267,0.002117661633,0.009797355733,0.01340086166,-0.0201319856,-0.015991539,-0.008331612653,-0.006376079217,-0.01161181738,-0.009706191781,-0.008139206906,0.003530073715,0.001817524428,0.005765131454,-0.007464210474,0.001873534563,0.005228018851,-0.009845176402,-0.01153214202,-0.01241068299,-6.097859724e-05,-0.009587936517,-0.0171544367,-0.01494890003,0.004910353776,-0.0195918629,0.00796665613,-0.002010954704,0.01484874207,0.01220696436,-0.01696490221,-0.01470513383,-0.01068660778,0.0001959079415
2007-03-31,0.00305216907,-0.006514886344,-0.005553988539,-0.007202081405,-0.007078221152,-0.003482522258,0.0006655014322,-0.004735320551,0.004868527447,-0.007683734879,-0.01209458902,0.002228753336,-0.005994427596,-0.01227671698,-0.01103793347,0.01294532156,0.01490527684,0.01155164773,-0.003883985888,0.01045789803,-0.008043604796,-0.0005464046617,-0.01046791759,-0.003118207657,-0.003076502181,0.0008183583626,0.001438338971,-0.003866776486,0.007152547974,0.009580296437,-0.008760127969,-0.01033167196,-0.006593454972,-0.01291981365,-0.0157731775,0.0006837427152,-0.01313334799,0.01032880893,0.0003990180801,0.003007057485,-0.01126724467,-0.004946005661,0.001349709894,-0.01134028395,0.005236916639,0.001624913394,0.008901590769,-0.01331529155,-0.0011147487,-0.002855551363,-0.009378689432,-0.006724596687,0.002628309476,-0.005466145465,0.002502040375,-0.0001741461592,-0.00764571842,-0.006225553672,-0.004289371053,-0.009308453627,-0.0106128009,0.0009207716759,-0.004863708258,-0.003851959604,0.01009095835,0.008118211369,0.0101456062,-0.03492517734,-0.002560963763,-0.009191302965,0.002600896196,-0.008721098401,-0.008360411276,-0.007838486055,-0.01046951298,0.005889396676,0.01399863987,0.01762901028,-0.000748346381,-0.01157233308,-0.009079111897,-0.004892837284,-0.0105227194,-0.01006663691,-0.004170940106,0.001901579472,-0.001668245522,0.001066789964,-0.003851959604,0.01081015946,0.007377923521,-0.007160504416,-0.01005782272,-0.01019777459,0.004337586641,-0.004215055049,-0.008105428173,-0.008547283906,0.01047136766,-0.0006635146307,-0.001816771457,-0.002856528953,0.001697710899,-0.00187381657,-0.009286159088,-0.008553852663,-0.01207044018,-0.003424186055
2007-04-30,-0.001821557272,0.001403404174,0.003072245248,0.00374933705,-0.003615665528,-0.005325529987,-0.002295665854,0.001380128744,0.001129398834,-0.01157965828,0.005638596183,-0.005877635841,-0.006090798534,2.99929722e-05,0.003856889913,-0.002225121805,0.001072811404,0.001729464533,-0.002511291431,0.009429079133,0.0002424498717,0.0005223019456,-0.003245867266,0.002383037154,0.005704934934,0.0003527605331,-0.001626452699,-0.000801184448,0.006568765461,-3.993132003e-05,0.002811137825,-0.005671433816,3.261761396e-05,0.004714030535,0.002871433708,-0.00293397407,0.001824765831,2.603489275e-05,0.003954995395,0.0008833187353,-0.002874315093,-0.006967350186,-0.005771544231,-0.0006191901448,-0.002425489097,-0.004783362155,0.006786774356,0.00402472794,-0.001986079184,0.01217416965,0.01228251886,0.002451165664,-0.004584224297,0.004926394796,0.002219984685,-0.003838253295,0.003113632761,0.003228713831,0.002607124207,0.003880649142,-0.002407607741,0.002014747768,0.003793839184,-0.0007772631398,0.003000494629,0.0002882970911,0.005886884622,-0.01573335869,0.002775716629,0.0002660032627,-0.001941882813,0.005933826289,0.005269842805,0.003324291841,-0.0008127516267,-0.007012318823,-0.004752782432,-0.004790132686,-0.002263872766,-0.005191733522,0.0004514563487,0.00230807571,0.002310101445,-0.004934810221,0.001966031184,-0.00309340411,-0.001839564693,0.001661423364,-0.0007772631398,-0.0007837800776,-0.003317288739,0.002614339408,0.002042402192,0.001758770538,-0.002981221807,-0.005413207454,-0.006120374125,-0.00558481067,0.001523202193,-0.001879429757,-0.003807092362,-0.001168624994,-0.002909326366,-0.001927500263,0.004742444487,0.00535989976,0.002456081684,0.01203892779
2007-05-31,-0.001026115575,-0.0001126523308,0.002782254473,0.01257281729,-0.003703796075,-0.003317266095,-0.001848026659,0.01396118695,0.0007278144345,-0.00973639162,0.01428910817,0.00436968968,-0.007414740141,0.007808380836,0.01489189399,-0.008745824113,-0.00153486427,-0.01052853756,0.007870212674,-0.0006681697212,0.008537716241,0.007760225686,-0.002878473733,0.009695570474,0.01184604601,-0.008330727867,-0.001306332536,0.005276805366,0.001215015121,0.004915006522,0.01704070985,0.004400581945,0.006177404239,0.01142380222,0.01324616587,-0.007016105677,0.0120208604,-0.003630419681,0.006209302823,0.00627966652,-0.007112517492,-0.002110760432,-0.01666886588,-0.008366310179,-0.002845931821,-0.01238668776,-0.002099555299,0.01426740512,0.006287850086,0.01908993855,0.01903230844,0.01370425578,-1.456445133e-05,0.0006129423473,0.0007110174062,-0.001057845347,0.01093694587,0.01082293771,0.004697695456,0.0141695953,-0.003258503747,0.001102170532,-0.004777572971,0.003172992745,-0.02489814114,-0.00798618209,-0.001185846701,-0.02441029345,-0.007556516504,-0.001881077404,-0.003676763714,0.01092091164,0.01219670051,0.01173505541,0.003729350273,-0.01065679729,-0.01655416884,-0.01456536798,0.00663380438,-0.008095408046,-0.006393214279,-0.006119634078,-0.005000851605,-0.006050105015,0.001298719705,-0.007157860265,0.003643208031,0.001066357322,0.003172992745,0.002471942375,0.01013805453,0.01008385582,-0.001613632562,-0.0008934489929,0.01436785288,-0.01192129077,-0.01503764724,-0.003883143889,0.000204189931,0.008134292275,-7.85928917e-05,0.009317395729,-0.01073517323,-0.00814461508,0.01528265831,0.01398471862,0.006127193608,0.01934688664
2007-06-30,0.01190227041,0.00651170469,0.006564912599,0.004746772228,0.004058823365,0.009080803889,-2.345373019e-05,-0.001305336142,-0.0005129816108,-0.007304088613,0.0003012018154,0.009280986311,0.001413808348,0.002602212621,0.004686485508,-0.006758943654,-0.01085346866,0.003481348293,-0.00589294973,0.003046624492,0.00492467624,0.003268006676,-0.006108406377,-0.003150720366,-0.001859650755,-0.003112927503,0.0003593544505,0.003306231604,-0.001467127537,-0.007193400293,0.005189889982,0.007213730842,0.0005845267809,0.001896049928,0.002889139179,-0.0008188465703,0.0001651799541,-0.002466865792,0.005960596703,0.002838124373,-0.00289517702,0.001337414962,0.0002652018388,-0.004446824979,-0.006640184838,-0.006003615575,-0.004371095791,0.0001763929201,-0.0141749913,0.005409253447,0.008099756797,0.003087568772,-0.005571731907,0.005558873011,-0.003210189493,0.00151767378,0.008324369298,0.008023634099,0.01064708588,0.004007014747,0.001242138243,0.007347041098,0.004912834377,0.01069994729,0.01307474786,-0.0001746911878,-0.002965407858,0.001578855892,-0.005630513527,-0.002746607486,0.009072496287,0.0048666292,0.005053842139,0.005354334571,0.007535755923,-0.006474939974,-0.002126369291,-0.002600782238,-0.01418050108,0.002710392532,0.002035108733,0.004844529525,0.001855043914,-0.006332016894,0.0103772558,0.008549020399,-0.002106210911,-0.002653402132,0.01069994729,-0.001265476529,0.005149410227,0.006010416918,0.005408557224,0.007417077537,0.0003785902559,0.006050029223,0.006079571329,0.005643116353,-0.01022120665,-0.01414878657,0.007907161437,0.0008473642142,0.005146853887,0.003405778506,0.003264303449,0.006271244504,0.007023695795,0.0054987197
2007-07-31,0.006697528035,-0.006560586648,-0.003616355133,-0.03645307031,-0.01132385367,-0.01654128945,0.009795791629,-0.04212691545,-0.002154037827,-0.01771142105,-0.04279876065,-0.002544221724,-0.006798069824,-0.03433980478,-0.03194997186,0.01635933495,0.01182193841,0.03602528218,-0.02314481007,0.02948749146,-0.01917007722,-0.01652215515,-0.02198487825,-0.02448064251,-0.02909878315,-0.0002432337695,0.03193470943,0.01713741749,0.01141103398,0.002902424123,-0.0291922972,-0.02905315257,-0.02561331411,-0.03901179498,-0.03857912897,0.03144532377,-0.0397340439,0.009612182243,0.01085119607,0.007991479839,0.002066778349,-0.017150674,0.03474755729,-0.0008479464537,-0.01217186451,0.009976364425,0.02971410824,-0.04908878671,-0.054542572,-0.05000411725,-0.03260521192,-0.03333636165,-0.003630842997,0.02462480507,-0.01266813408,0.006672968315,-0.03636089138,-0.03544532088,-0.01271426912,-0.05131192979,-0.007031095365,-0.00193070379,0.007788064344,-0.02038661007,0.006883663554,0.01019193111,0.004669972393,0.001951164216,-0.01004903797,5.838470487e-05,0.00336227072,-0.04926877887,-0.05062704735,-0.05217195067,-0.01585207555,-0.009787124124,0.02119063442,0.036194881,-0.05500933677,-0.0125158791,-0.01038452982,-0.01103685186,0.005007176245,-0.03011688664,-0.004983931136,0.02192148246,0.0003081735285,-0.01022786174,-0.02038661007,0.008836793174,0.01541807824,-0.0384945599,-0.01682967886,-0.01891111432,0.022821487,-0.008677483141,-0.0238218665,0.0002766199295,-0.003837881033,-0.05528099177,0.009354361033,-0.0301598635,0.01016804976,-0.002237188694,-0.05237663239,-0.04641642081,-0.01725417036,-0.05309075822
2007-08-31,-0.015685376,-0.036724074,-0.03602220347,-0.02584738644,-0.02481700519,-0.02129108137,0.01099585173,-0.008871270964,-0.002167267565,-0.01923891955,-0.02089299426,0.006324738081,-0.004449084222,-0.01928864986,-0.03109279337,0.01351240508,0.02625326247,-0.009609312068,-0.01838570476,-0.01276803995,-0.02026423056,-0.02289290443,-0.02852753773,-0.01093762755,-0.01330475855,-0.004788064278,0.01037917206,-0.004539345761,0.03075687835,0.03045267647,-0.02662008465,-0.02375415488,-0.004685508981,-0.01913955059,-0.02535763454,0.01212263608,-0.0182459519,0.02066173048,0.0115304865,0.01396421358,7.554522481e-05,-0.004466899686,0.01316389555,0.0001710557581,-0.01514713229,-0.0003016522343,0.01362168082,-0.02716324919,-0.01055627814,-0.0139894456,-0.0243535692,-0.02251408197,0.003177478391,0.001463340782,0.009756815189,-0.01359753822,-0.0371480731,-0.03968494162,-0.01198666366,-0.0286904038,-0.002279687804,-0.008199964831,0.02744626607,-0.02761196629,0.002382713331,-0.01181646069,0.003448777694,-0.009492306357,-0.006394988555,0.002718495937,-0.007703644885,-0.03746783615,-0.04003258091,-0.03884191626,-0.04382534537,-0.02014191183,-0.004455263028,0.01369883343,-0.007564800529,-0.01463435398,-0.02948823978,-0.008671462262,0.01616327491,0.01020613712,-0.02282270076,-0.003220447905,0.004150887564,0.01014527211,-0.02761196629,-0.02615531626,-0.01718680003,-0.03376901187,-0.03474041478,-0.03554051458,0.01009632502,-0.01322470949,0.01016217027,0.005892495141,0.03677384357,-0.0101458398,-0.01156943595,-0.01281166758,-0.002316481456,-0.005053280588,-0.03067696539,-0.02606554766,-0.04051478851,-0.01532800555
2007-09-30,-0.004213242382,0.01613665301,0.008425615508,0.01426882255,0.01890500597,0.02218716528,-0.008617344889,0.0241199524,0.01856325408,0.03348473237,0.04383064508,0.01148472738,0.02947149368,0.0426946675,0.05264974263,-0.02180047276,-0.01653425483,-0.01605413499,0.024011422,-0.01566161083,0.02712858701,0.02416373219,0.02322383455,0.02147891398,0.02046102573,-0.01432587688,-0.01509618043,0.007062284863,-0.02649058337,-0.03822574037,0.04598520873,0.03779860992,0.02837915075,0.04673401435,0.0528266834,-0.02488425917,0.04497296392,-0.03604991685,-0.01687266142,-0.02217108987,0.004568206709,0.008989072839,-0.02528005833,0.006970322469,0.01677370168,-0.02086952912,-0.03347483485,0.022662026,0.03681881107,-0.003664925085,0.01101430888,0.002941391579,0.0161261794,0.002754213475,-0.01179623786,-0.004955052764,0.01803731801,0.01607990869,0.01928191212,0.04472080592,0.02065494769,0.02777624336,0.02986641318,0.008468342894,-0.002785099684,0.006070899134,0.004072089908,-0.01109694561,-0.01527642334,-0.01373591295,0.004484595338,0.03601675825,0.03824530425,0.04180233417,0.02463540233,0.04264428072,-0.003881270098,-0.01772459419,0.03774551042,-0.007899202708,0.03358541176,-0.02153804157,-0.02134201386,-0.02219155375,0.01833995875,0.006890505593,0.007189684605,-0.01019995867,0.008468342894,-0.005812751484,-0.004216722776,0.0129637156,0.02381243223,0.02763978892,-0.005645618394,-0.03627770267,-0.0450256182,-0.04860436695,-0.0193425997,0.03773091112,-0.004484261065,0.00463818684,-0.01366810454,-0.00776678694,0.04379789412,0.04126821965,0.02800903581,-0.0001917389329
2007-10-31,0.003355124228,-0.01165319421,-0.009839132185,-0.01857256107,-0.01079776815,-0.01294873998,0.01078849078,-0.009023277945,-0.01918308672,-0.01420198411,-0.02541457308,-0.003483937223,-0.01265407069,-0.0268606403,-0.02782493805,-0.002954280263,-0.001811228415,0.00106135329,-0.02095731497,0.007483346421,0.007437940142,0.0004068917814,-0.007405954416,0.02612825737,0.02549758072,0.01049652656,-0.00198548894,-0.02019908475,0.01591200664,0.01930996079,-0.02754936331,-0.01417022508,-0.02037567726,-0.02908119846,-0.02655580107,0.01535581023,-0.02664936962,0.0198149757,0.004687641889,0.004863426124,-0.001408745264,-0.0008335262764,0.01546572656,-0.008119000092,-0.02244883752,-0.001062446474,0.01137942176,-0.02148672322,-0.01587375351,-0.004431507148,-0.001939351388,-0.01517362068,0.001429484525,0.0004987466166,0.001835472481,0.002106439293,-0.01714340744,-0.01775714889,-0.01958316944,-0.02491778484,0.01071801735,-0.007155331566,-0.004850943757,-0.0006309384023,0.005073846468,0.01248628706,-0.002208553088,0.01848604133,0.0277347804,0.02356171113,-0.005333027003,-0.01973627686,-0.01912916034,-0.02250074609,-0.01648975256,-0.01397761199,-0.01031464192,0.003330480296,-0.01610543766,0.01709933223,-0.003096218882,0.02603797081,0.01826413499,0.02026379754,-0.00841565439,0.00403026526,0.007044800171,-0.001341477169,-0.0006309384023,0.002564154483,-0.004492137369,-0.02062325006,-0.01098396215,-0.01777152508,-0.01699779523,0.01353587602,0.02185240615,0.02262237691,0.01742077758,-0.02175856893,-0.006528871018,-0.006812792831,0.005670801583,0.004924976874,-0.02474919155,-0.02073124711,-0.01847924864,-0.005641071186
2007-11-30,-0.002296660367,-0.04478123771,-0.04288477795,-0.06372384253,-0.04635613318,-0.03781624616,0.03067298003,-0.05366540769,-0.04423075219,-0.05901334681,-0.09246869404,0.003331040592,-0.03255634617,-0.08634028527,-0.09003459437,0.04663868071,0.04277076464,0.0402239746,-0.01001150548,0.03680513774,-0.02215665167,-0.03164493202,-0.02757874391,0.02416343267,0.02195594825,0.02202512852,0.03434070102,-0.004056387601,0.04463101412,0.04706698702,-0.09711532892,-0.07531821114,-0.0568356881,-0.09587137204,-0.09370233825,0.0404888155,-0.09029492204,0.05117973361,0.003773598974,0.02360960862,-0.01409984942,-0.008171494268,0.05461901488,-0.01124683415,-0.02225640312,0.00964144193,0.06190875962,-0.09409861604,-0.04279827361,-0.06581279683,-0.05875587701,-0.06383292739,-0.002314757423,0.03266460524,-0.002745411992,0.01274391567,-0.08730921787,-0.08366317783,-0.04182476758,-0.09693946249,-0.01165904929,-0.0007950747117,-0.02312882281,-0.04006146957,-0.007887992367,0.009459758161,0.01501779462,0.050411753,0.01199141016,0.03390609634,-0.008509127538,-0.08949135247,-0.09013196419,-0.09450013063,-0.06154367325,-0.02974815925,-0.0392253125,0.01654701813,-0.0420403631,0.03676149201,-0.004534927106,0.01622671626,0.05349408323,0.05792065494,-0.03806649363,0.02804077672,0.0100850253,0.0003946501665,-0.04006146957,0.03307650622,0.04865853501,-0.0827518883,-0.04854368652,-0.05354163777,0.06541530225,0.04687886604,-0.002780357934,0.06835126978,0.06105391428,-0.05559249202,-0.01437916718,-0.04408401068,-0.01195934901,-0.03190090966,-0.09535664389,-0.08379556798,-0.06874521536,-0.06983259366
2007-12-31,-0.006258255017,-0.03283319912,-0.0271945726,-0.02132137272,-0.006503406492,-0.006564735606,0.006225699542,-0.01683046321,-0.02439183733,-0.04017178165,-0.0299223858,-0.00198856645,-0.03308601159,-0.02702324783,-0.02741002479,0.02563876384,0.009441402672,0.01923286479,-0.02606085979,0.01868755224,0.01315879163,-0.002959802791,-0.02751525306,0.01335767959,0.009631363171,0.01075401241,0.007428600992,-0.01426533153,0.03206896254,0.03985555873,-0.03241423524,-0.02114089987,-0.01429829169,-0.02995799283,-0.03556948733,0.01513379833,-0.02874870822,0.02737628635,0.002629683151,0.006178043367,-0.003096552313,0.008599399,0.0266158496,-0.006205998709,-0.02054900289,0.001949790887,0.02241817651,-0.03309170235,-0.03506516095,-0.01336942937,-0.01652637419,-0.027235909,-0.02864484898,0.005454455761,-0.0006882310353,-0.003350951925,-0.0354741523,-0.03454214049,-0.02833316489,-0.02935842556,0.02032674294,-0.01166379523,-0.005783989262,0.001690906046,-0.02222281505,-0.003936570809,-0.01031370544,0.01557674561,0.02698262187,-0.009636139173,-0.004449105407,-0.03235169445,-0.03084473231,-0.03756857597,-0.0434190817,-0.03371412385,-0.03994426523,-0.00308061552,-0.03254207653,0.01206585696,0.00500623967,-0.01583341602,0.01520186629,0.02111256217,-0.01344664686,-0.001045355258,-0.007881104981,0.001856163104,0.001690906046,-0.00681063857,0.005189782917,-0.03748734376,-0.03508206425,-0.03577074904,0.0318679275,0.009554588318,-0.02393645728,0.01958632374,0.02601459617,-0.0261516951,-0.002087173067,-0.01682546281,-0.009671973065,-0.01773187095,-0.03071749501,-0.02779671735,-0.03976674839,-0.01359624707
2008-01-31,0.03026826099,0.04900393578,0.03662077108,0.03078580037,0.03006929899,0.03043777257,-0.01639710837,-0.01167784677,0.02617352589,0.02159268631,0.01589721032,-0.007553161958,-0.005079238919,0.02534749474,0.02879418752,-0.01565853999,-0.02623067232,-1.828495694e-06,0.0360865628,-0.005915246733,0.002128129081,0.01245585789,0.03988308078,-0.001672973254,-0.0004306368014,0.01866343178,-0.01998073856,0.01969464919,-0.04663352953,-0.0501658978,0.02766718233,0.0310842146,0.007312330471,0.02461624166,0.02982824305,0.0157496439,0.02511260555,-0.03855708624,-0.01978489415,-0.02208417467,0.02382891397,-0.008505972613,0.01459286533,0.04155177422,-0.009656516587,0.001168164685,-0.02990015867,0.02885068663,-0.01915129866,0.01282171469,-0.002330515869,0.02265115782,0.005916174122,-0.04141780888,-0.005368465895,0.01077227082,0.03255476745,0.03393329717,0.02341787545,0.01402757141,0.007530349845,0.007353634755,0.03436700709,0.02163659012,0.03436380052,-0.04034510633,-0.01241626034,-0.03544998604,-0.05406956199,-0.06458785854,0.008859856062,0.01126235014,0.01309348698,0.01745707589,0.06175948229,0.04067607885,0.03697442051,0.003114758594,-0.02073575379,-0.008743402005,-0.02580688568,-0.03204378852,-0.01860882904,-0.006659346985,0.02114912501,-0.003373939954,0.02069046043,-0.005827265745,0.02163659012,-0.005968529199,0.003101289941,0.03759912519,0.03560758991,0.04917692193,-0.02077757191,-0.01651077867,-0.02241171519,-0.02075233494,-0.05147143046,-0.01366773027,0.02397188636,0.0174096723,0.01752961826,0.01340088284,0.01915204764,0.01395298093,0.05405875578,0.003219686605
2008-02-29,-0.006252645646,-0.00724319703,-0.008617554002,-0.01695199814,-0.02140228123,-0.01471842029,0.002648007963,-0.01303096245,-0.02100871872,-0.02543706019,-0.01366957452,-0.002513814308,0.006200671691,-0.01265971438,-0.01477128594,0.00381549257,0.01425105934,0.01158398072,-0.01407742184,0.002717624495,0.008866939703,0.01908632507,-0.002098095997,0.02529433212,0.02128685375,0.007128598653,-0.02343828976,-0.01739763512,-0.03227277521,0.01370143564,-0.02435292261,-0.01276165931,-0.006725642965,-0.01471062978,-0.02282151334,-0.0184616985,-0.01327882285,0.02507436375,-0.002130940544,0.01548266788,-0.005600906786,-0.007476080775,-0.01515347397,-0.01739059778,-0.01852818916,-0.004348230535,0.007724204041,-0.02629881922,-0.01541542407,-0.01500850877,-0.02314517257,-0.009571371428,-0.02022598508,-0.0001121409678,-0.005315251548,0.002346391696,-0.01352477241,-0.01485389668,-0.01379190433,-0.0156587927,0.03195503249,0.02506973753,0.02624183253,-0.01741277437,-0.004991943638,0.005424121699,0.006103283866,0.01754803165,0.01816598938,0.03250619182,-0.0136804017,-0.01107510657,-0.01165160413,-0.006320526594,-0.007029568114,-0.006924651514,0.0005118438462,0.01490351411,-0.01884202449,0.03187992501,0.03124958399,0.02099340828,0.02172546359,0.03171011254,0.005406883053,0.01567896511,0.005916940645,0.002880568686,-0.01741277437,-0.003928981754,-0.002033819294,-0.02196214949,-0.005802153841,-0.001907387026,-0.009004400424,0.02450997232,0.02296824959,0.01622156863,-0.01481138689,-0.01249471871,-0.01307725086,-0.01231054112,-0.02233419008,-0.02878935318,-0.02485504821,-0.01397007062,-0.009752965962,-0.01542649028
2008-03-31,-0.01854736434,-0.07703363519,-0.0644017343,-0.03586763511,-0.03980044693,-0.04072542635,0.005864169459,-0.03969175884,-0.04992828697,-0.07826436964,-0.08236341465,0.01956210144,0.01419844043,-0.07697729653,-0.09919603128,0.05084310818,0.04576249078,0.03952267996,-0.04585860442,0.03267579671,-0.003776977617,-0.01650152055,-0.04166890237,0.01406146061,0.01129350679,0.01774921607,-0.07008326961,-0.069051949,-0.06625313268,0.0943594986,-0.1115061694,-0.05369533577,-0.02197253338,-0.09166302011,-0.097450127,-0.01574808054,-0.07340181869,0.07879776236,0.002380322113,0.02825409536,-0.007123516966,-0.009386507631,0.0200407244,-0.02470445154,-0.02274003416,-0.01782140395,0.0413661442,-0.07415334859,-0.04073305352,-0.02562090484,-0.03221899754,-0.03923664918,-0.01008082096,0.01107590743,0.02766624968,-0.01005842161,-0.07348164253,-0.07010886998,-0.05405825249,-0.08878135311,0.0164654881,-0.02877277197,-0.01231556654,-0.06680327926,-0.02301190209,-0.02472945263,0.005558046825,0.06298509214,-0.0847206574,-0.004298625369,-0.02357531566,-0.0849412223,-0.09018433062,-0.09411298557,-0.08782323109,0.007834082733,-0.0235337391,0.01565753175,-0.03717305317,0.06360441658,0.02709910542,-0.01059452107,0.05708709406,0.05864409519,-0.06283993431,-0.02702278687,0.004722212239,0.01923396783,-0.06680327926,0.01361640518,-0.001585383978,-0.06301562868,-0.07371283095,-0.07851169082,0.00418608361,0.06248178948,0.04209539984,0.06989861049,0.09653899541,-0.05411760984,-0.005865734385,-0.01646340029,0.00656041803,-0.002679093818,-0.09228131802,-0.08786837519,-0.08899145726,-0.03269539884
2008-04-30,-0.008973139372,0.04491705296,0.03742955211,0.05324440533,0.02728103666,0.0290501139,0.03357440806,0.0275000598,0.0711704696,-0.01805918822,0.0855867856,-0.002039445175,-0.0337920008,0.09655027415,0.1073600716,-0.05458037235,-0.04360339107,-0.05056811778,0.04006752726,-0.0560228632,0.02584373098,0.04084065054,0.07025739941,0.05531400725,0.04807370212,-0.01786421569,0.02616173545,0.02461680078,0.03202532248,-0.08069402597,0.1104831292,0.09549727073,0.0269230076,0.1041455258,0.1030786789,0.03602267026,0.09500442425,-0.06625951173,-0.01807589556,-0.03997633426,0.01338911819,-0.006891736137,-0.03274750976,0.02956236283,-0.03723970032,-0.01418344998,-0.09161213396,0.08788752198,0.0387076168,0.05277981603,0.05458322313,0.04914122566,0.05779957865,-0.04848044032,-0.006571455292,-0.0005611346274,0.07165676974,0.07203585057,0.05990796417,0.09525823173,0.03571279447,0.06474718007,0.02324722407,0.0154571927,-0.01615475073,-3.82522648e-05,-0.002270937572,-0.05059120389,-0.03001208017,0.02275699368,0.00410626846,0.07210706622,0.08064455835,0.09456232301,0.06510000668,-0.02767224024,0.04118808664,-0.02175971944,0.03215853327,-0.06512577855,-0.03615289053,-0.006326943344,-0.07261330888,-0.06903683321,0.04394342612,-0.004443141763,-0.003987321628,-0.009429082953,0.0154571927,-0.0102029218,-0.0236948025,0.07147463036,0.03676799116,0.05384282787,-0.07709816071,-0.09120372358,-0.1021792372,-0.09713699607,-0.05897213154,0.05476687956,-0.003724483039,0.01634394587,-0.02216989664,0.01247865081,0.09515271527,0.09600537577,0.0709690456,0.06934007936
2008-05-31,0.001221416318,-0.005181548836,-0.0002008320993,0.007534374657,-0.004675435916,-0.002405243931,-0.01375861077,0.01985526995,-0.009827963454,-0.0215784232,-0.009451372276,-0.004323868564,-0.01191142193,-0.01474527466,-0.01790887831,-0.01267584117,-0.01622483608,-0.01280697826,-0.0305610001,-0.005379791623,0.02336066849,0.001127461974,-0.009736783512,-0.001417936719,0.001072929331,0.005355165873,-0.03052309155,-0.02699327344,-0.02770231575,0.005848782796,-0.01215942939,0.007763258698,0.001156608638,-0.008777506565,-0.01946884836,-0.02331700929,-0.01669704921,0.02005034237,-0.01386217674,-0.01633256003,0.01214713796,-0.006157700807,-0.001929527497,-0.0101148173,-0.01523280743,0.0002358383436,-0.02150217904,0.01160672809,-0.01383014533,0.02584710839,0.02714639689,0.0120012448,-0.008461504473,-0.01360609661,-0.004073338224,-0.006894974985,0.006026306951,0.004363541952,0.003446102857,0.01010259183,-0.01725171929,0.008684314118,-0.01650533027,0.003134905842,-0.01446438617,-0.008291469422,0.01087030155,-0.0008948774764,0.0126821916,0.008615690998,-0.002343168348,0.005590191512,0.00628496335,0.004808006884,-0.009581700317,-0.006505897018,-0.007436903205,0.003854829223,-0.01406440268,-0.007262658129,-0.00867480256,0.002111887373,-0.007377240122,-0.008857809569,0.004568822972,-0.001188066972,0.004585940625,-0.00537305001,0.003134905842,-0.01348510157,-0.01239630888,0.0105096213,-0.006417774028,-0.0004113237768,-0.006681404471,0.004605252922,0.003602399325,0.002698368306,0.0008847887283,-0.01172422407,0.01559926216,0.01715058701,0.02068638814,0.02289688711,0.002131566061,0.006460531269,-0.001002145448,0.02157079093
2008-06-30,-0.01593230506,-0.0893397371,-0.07172417906,-0.07641047481,-0.07328725486,-0.04134733591,-0.07869384883,-0.02957355216,-0.1160133335,0.07945521714,-0.1638706501,0.01694105043,0.01552292619,-0.1719276192,-0.1838091871,0.1215153605,0.125237434,0.1059037928,-0.02321296715,0.1168067219,0.04232497682,-0.09506071933,-0.1393192336,-0.07840704059,-0.04520080405,0.0007684728606,-0.06641939965,-0.07835748626,-0.05836549134,0.1351163594,-0.1804668062,-0.145839797,0.01577973592,-0.1744610156,-0.1733656322,-0.1253494239,-0.1684263048,0.1296113853,0.04951020051,0.08707942929,-0.02382785944,-0.03036678037,0.0324568198,-0.06675647535,0.1191739095,0.05466404265,0.05521589833,-0.1382535229,-0.06347829379,-0.09668331346,-0.06443333332,-0.06977007588,-0.03151712581,0.03509682036,0.04115365451,0.01304089252,-0.1191097674,-0.1127930518,-0.07947625019,-0.1380774198,0.01549494773,0.08286383313,0.03319221352,-0.06733626946,-0.02707877211,-0.04001675786,-0.00658452705,0.1512318362,-0.1520484012,0.09218071185,-0.03052363252,-0.117244921,-0.1386309557,-0.1539711172,-0.1269134748,0.02702059523,-0.04761825394,0.02994585311,-0.05918027422,0.1072864227,0.05758166162,0.0390573245,0.06453737865,0.1014090197,-0.08644048382,-0.004294785541,-0.00095700833,0.04937169203,-0.06733626946,0.02197945732,0.0168316055,-0.1052864816,-0.1035335145,-0.1190191927,0.03337922997,0.1265922713,-0.1554089649,0.04157686093,0.1371310171,-0.08184255261,0.005384038469,-0.01342743534,0.02158027353,0.003417487069,-0.1528444011,-0.1323088751,-0.1314314445,-0.1208433135
2008-07-31,-0.01512735192,-0.03738671952,-0.03177821801,-0.03985404227,-0.01718396008,-0.002423240069,0.006231659719,-0.01910820976,-0.04451353153,0.04864082648,-0.06345783137,0.01634134754,0.01365875437,-0.06238513511,-0.06086078492,0.04139331027,0.04850393179,0.03620721488,0.02870214033,0.04332092911,-0.002840455218,-0.0305140497,-0.04785428433,-0.02200364096,-0.01619609887,0.004893629787,0.013982932,-0.01751276316,0.006342134245,0.02604800912,-0.05718125532,-0.0578245691,-0.04034728582,-0.06424562167,-0.05579423058,-0.0260651217,-0.06438884054,0.01514934075,0.02407525279,0.04024437001,-0.02588140973,-0.02377870303,0.0003707739963,-0.04044696047,0.04156080721,0.02590424498,0.03972676391,-0.07378654961,-0.008619706848,-0.06556201382,-0.05554235208,-0.03234712018,-0.01423351595,0.04458694788,0.0001838355062,0.02142605774,-0.05356514349,-0.05353643771,-0.03551725744,-0.05878544471,0.02900650422,0.02689339811,0.02944953575,-0.01272811106,0.03572504797,-0.0002195054908,0.006766759823,0.06128144071,0.01443261925,-0.03349443136,0.009097647011,-0.04618922521,-0.05411118728,-0.05698074356,-0.04323911477,0.05192693938,0.00843880377,0.02064076278,-0.004431871935,0.0652769412,0.03714969518,-0.02784733771,0.04653618445,0.05868014237,-0.03275088598,-9.56397221e-05,-0.005740756224,-0.01094736967,-0.01272811106,-0.0002445147564,0.02812990179,-0.0548393779,-0.03490746454,-0.03824825838,0.05234265752,0.05941914619,-0.05072388406,0.03396414783,0.04091215644,-0.0230236384,-0.01337023745,-0.03625936865,-0.01926652742,-0.03418027069,-0.05975996986,-0.06013479478,-0.04900817868,-0.07108895795
2008-08-31,-0.00667984554,-0.06168067719,-0.06105798857,-0.039217413,-0.03066470359,-0.0050348269,0.02059216287,-0.06134330783,-0.05098154623,0.03554852411,-0.05580154323,0.008708729157,-0.003000893799,-0.05209693153,-0.06734721581,0.03780568787,0.02600502512,0.05077919247,0.03766117519,0.05234773837,-0.01046617348,-0.03805793455,-0.02237714463,-0.03648171322,-0.01808581355,0.02488756433,-0.02029013645,-0.03677024882,-0.02435349934,0.01915082686,-0.0713154382,-0.04238578801,-0.03843700118,-0.0648418361,-0.05890643601,-0.0203149471,-0.05587147253,0.02201575994,0.003788418714,0.0470947517,-0.01850224095,-0.0292855759,0.005370357748,-0.008822285314,0.02438851202,0.03133514641,0.03612606967,-0.06826791124,-0.03240735527,-0.03296964409,-0.02351145337,-0.03804166704,-0.03699591893,0.04154790032,0.02369818861,-0.01130148105,-0.0624356828,-0.05997238335,-0.0603143239,-0.06806899291,0.06046951123,0.04904221926,0.05371608013,-0.03398077286,0.0441592825,0.00179086063,0.007199250718,0.05729847686,0.05572134155,0.05853080402,-0.02674195762,-0.06552878221,-0.06742400336,-0.06463306178,-0.0647199259,0.05468109509,0.01496182302,0.03074971627,-0.02594043182,0.07309451835,0.06111592476,0.05166249172,0.06214281316,0.06127733291,-0.06447506068,-0.01076798414,0.009006026223,0.01450322413,-0.03398077286,0.008645834451,-0.004076792911,-0.06067192104,-0.03155844419,-0.044264029,0.02283418828,0.05691881192,0.04426768869,0.04952880825,0.0612496437,-0.05225848579,0.02820012951,0.008908387691,0.02781813307,0.0178877906,-0.06797654264,-0.06286506283,-0.06925950182,-0.03601865713
2008-09-30,-0.04961988661,-0.1866326653,-0.1685922324,-0.1959246421,-0.07571502664,-0.02541563292,0.04751095532,-0.09022157341,-0.1323834954,0.1896842344,-0.2248262446,0.1181135657,0.0590676193,-0.2252266035,-0.2382094476,0.1865010788,0.1777151847,0.1747071219,0.1547077436,0.1834261409,-0.04895843724,-0.1674963718,-0.1997964142,-0.1200602455,-0.06281702145,-0.01964874382,0.0004560760007,-0.1101650343,-0.01547125608,0.113399498,-0.233429781,-0.2107313465,-0.136203444,-0.2302173288,-0.2074528578,-0.09670039657,-0.2353292106,0.08186451222,0.1271837075,0.1632268029,-0.1126773218,-0.06942693154,-0.002272856056,-0.08875114931,0.1835368784,0.02822196682,0.1881088462,-0.2396797907,-0.01971089662,-0.2190366509,-0.1702435161,-0.1862102126,-0.09988474445,0.2214403698,0.004250786338,-0.008667975381,-0.2207391032,-0.2179446906,-0.1487974869,-0.2361373271,0.1703889483,0.1864852439,0.1671335316,-0.1364781986,0.2081860169,0.001719452435,0.1192409278,0.2197809694,0.2113473314,0.2094376065,-0.003683124017,-0.2047706198,-0.2237530193,-0.2204905358,-0.2231737835,0.1611296104,0.0301981843,0.09030355836,0.01045799044,0.2229742501,0.1333421406,0.1998261181,0.1790688134,0.2155848106,-0.1256792135,0.01285129036,-0.0001261878987,0.02705736954,-0.1364781986,0.01595239314,0.03024182017,-0.2271567892,-0.1416156004,-0.1872843045,0.1453960426,0.220739877,0.2154119724,0.1584008857,0.1952553359,-0.1047593694,0.09537137858,0.02961873345,-0.005670568296,-0.05593824478,-0.2170857921,-0.2126493812,-0.2250007665,-0.2274838096
2008-10-31,0.06767534555,0.2870850886,0.2762317451,0.1855213122,-0.05932998767,-0.1874120275,-0.1565029883,-0.04785214905,0.08528388802,-0.2730201874,0.2059776365,0.02358638178,0.06512130796,0.3228351237,0.3044693424,-0.2692599064,-0.2601957167,-0.2863607423,-0.2903179067,-0.2929434142,0.2049539944,0.171667968,-0.2816744453,-0.05897250177,-0.05660944185,-0.1146204225,0.03115399875,0.2160180034,0.1579161276,-0.187943615,0.3117797434,0.3128043097,0.3210453594,0.2903206381,0.3095162282,0.01313598426,0.3077142528,-0.2415648824,0.06330655172,-0.002323485318,0.09287046054,-0.01459940703,0.1000601821,0.159125397,-0.2857018234,-0.2203897661,-0.3316498759,0.2304536509,-0.04127942193,0.1135446944,0.04424434217,0.1638444816,0.1140140714,-0.2464865658,-0.002949669489,-0.04518746318,0.200525028,0.2158050651,0.1667313935,0.2568851056,-0.1294754154,-0.06030056352,-0.2721066451,0.1415872168,-0.269641881,-0.1264142457,0.06123524299,-0.2405911736,-0.3118481416,-0.255592036,0.03928735969,0.1252521488,0.1679065366,0.2728374804,0.2959432466,-0.1976722202,-0.01789774604,0.0109566216,-0.0681716072,-0.1963565675,-0.07041794484,-0.169749453,-0.258790536,-0.2277660653,0.161037112,-0.04507279637,-0.003915842783,0.01170652505,0.1480963294,0.009912548691,-0.08616507198,0.2003215298,0.1530412663,0.2045764211,-0.2532165194,-0.2579871285,-0.2668235392,0.04041837174,-0.2454559143,0.08991563582,-0.1124496098,-0.09636850644,-0.1565213777,-0.1208134889,0.1972112893,0.2266313297,0.3061997379,0.1298546099
2008-11-30,-0.03501905864,-0.368152805,-0.3496799965,-0.2987390983,-0.3675971168,-0.3471539469,-0.2232018068,-0.3253269845,0.1951939457,-0.3258769967,0.2273787398,0.277065627,-0.3491417929,-0.1749979484,-0.4199660441,-0.2346001974,-0.2476655068,-0.2252484247,-0.245003666,0.3309064685,0.2299242418,-0.3764575363,-0.09737510597,-0.3123517023,-0.1060803902,0.2075735128,-0.3425894445,-0.3348566077,-0.3335035253,-0.3669332208,-0.420504219,-0.1680631191,0.009790544188,-0.2204864046,-0.3829305764,-0.2364408336,-0.1061185636,0.3197366816,-0.3399899217,-0.347911239,-0.08403067278,-0.3612859718,0.3200866206,0.3230143231,-0.2960321192,-0.1084945718,0.01853956656,-0.3395401439,-0.01805481313,-0.2373486626,-0.328774948,-0.2245536804,-0.2743447198,0.1768646073,0.0723535379,-0.09535809832,-0.4229983429,-0.3867769592,-0.3432333385,-0.3406790589,0.3972618557,0.3026761591,0.3661777555,-0.2107095228,0.3906023899,0.1603140453,0.01729523723,0.4023421033,0.4111064588,0.4071759791,-0.310681234,-0.3662488971,-0.4234619029,-0.420632379,-0.4088623348,0.362900137,0.1827152324,0.1350214524,0.04361255076,0.4047535085,0.3198932205,0.3477279543,0.390031017,0.3856718616,-0.3165566476,-0.04190812415,-0.01628066607,0.07701373326,-0.2107095228,-0.288606334,-0.2673235066,-0.4100004919,-0.1795024501,-0.2661545621,-0.1501988701,0.1655028285,0.2044943805,0.195419078,0.3519712421,-0.1797194082,0.0442277529,-0.1236407473,0.09761154516,-0.003541994159,-0.3788092251,-0.2969698774,-0.4468640247,-0.2540077435
2008-12-31,0.1556160352,1.143943266,0.9880425779,0.7890731386,1.281891988,0.6739003855,1.215307893,-0.6364271802,1.142264411,-0.4576767777,0.4645455884,1.095210332,1.191323662,0.2838488951,1.420258278,0.5861455801,0.1950851157,1.233372776,1.316615896,-1.171483095,0.9698102441,1.286123227,1.318208535,1.333444316,0.4381039367,-0.3028146093,0.8390256437,1.26144649,1.081100278,1.386958069,1.35013311,1.053368911,-0.4186304329,0.9198111437,1.356427376,-0.2456061929,-0.04430841723,-1.29424182,1.388968979,1.377533764,0.1528492734,1.343898645,-1.288103409,-1.255541618,-0.03135787225,0.184386807,-0.3625874144,0.9939764529,-0.4017453914,0.7147004806,0.6013246642,0.8335077901,0.2874292138,-0.703274745,-0.191593819,0.1447269296,1.035747432,0.9877624042,0.5621655855,1.132841816,1.161653857,1.29390833,1.017223161,0.7643640629,-1.087040376,-0.6304542694,-1.069841705,-1.03385999,1.486159189,0.05134695817,0.4400626137,0.9810810933,1.228532127,1.047682211,1.2256261,-0.8513696546,-0.3276867342,-0.3062485722,-0.5158450538,-0.4364540487,-0.5329625044,0.4975701093,-0.2170200236,-0.2935731575,0.8896829227,0.114413427,-0.141912194,-0.2081713536,0.808853503,-0.0223873516,-0.2656117126,0.9986782011,0.1549088235,0.3806525897,-1.09521914,-0.790674471,-0.7039702745,-0.6507559234,-1.255172322,0.3732289636,-0.3392145214,-0.07682992676,-0.8414368552,-0.7373620334,0.7296429284,0.8399040378,1.185307627,0.7440623986
2009-01-31,0.04412870138,-0.0340580303,-0.03351586328,-0.09198566015,-0.2018123487,-0.1844979611,-0.2355024893,-0.2365422018,0.2466893309,-0.2245982063,-0.08889589977,0.2390919407,-0.1939773055,-0.1949271323,-0.154233702,-0.177306891,-0.2246626988,-0.06698956927,-0.03614849593,-0.2087712761,0.221621453,0.1905192389,-0.1372158476,0.2204006366,0.1150016037,0.006537465635,-0.2012892799,-0.2038623683,-0.1927625369,-0.1436698609,-0.1185812784,0.2227074664,0.1311044101,-0.1452934229,-0.1973817834,-0.2430296143,-0.181534506,0.1700978542,0.2061441191,0.1943820785,0.1968758607,-0.2266811937,-0.2374924531,-0.2462084875,-0.2234403421,0.1259823311,-0.1564678793,0.0987122152,-0.05079979122,0.0700837257,-0.07135088352,-0.04513451307,-0.1497103852,-0.1390929287,-0.1464296913,-0.1047788657,-0.09386532341,-0.07898404846,-0.08410666497,-0.01066484055,-0.09839105456,-0.1218628922,-0.1971327667,0.01643258548,0.07023849413,0.09740616963,0.05249715345,0.09778138074,0.1131249234,0.09074463243,-0.06913523542,-0.1513971289,-0.1345874489,-0.09010877695,-0.05619821867,0.1106875608,0.09246714235,0.09765643078,-0.04076474548,0.0478828446,0.003158547361,0.05410251055,0.03704304402,0.04787005953,0.01009993147,0.1157755376,0.03384610917,-0.1501138645,0.01525064998,-0.03049096378,-0.1370792671,-0.121420131,0.09455341241,0.1420144167,-0.1202628612,0.07872961537,0.1165690929,0.1233518694,-0.0657102617,0.04335327707,-0.07297886402,-0.08634770261,0.1346509376,0.136635182,-0.02287255672,-0.04677716442,-0.04792243856,0.07569389571
2009-02-28,-0.0315765977,-0.1576871972,-0.1391148724,-0.1231489555,-0.2190951057,-0.1934274552,-0.2372260869,-0.2421793663,0.2452502743,-0.2355189963,-0.2802810783,0.2491939526,-0.2195538827,-0.2943051474,-0.3114477458,-0.2116711111,-0.2196328582,-0.1380614158,-0.08838593173,-0.1296196841,0.2494705305,0.1283306642,-0.1336210694,0.2616295082,0.2341650397,0.1189183199,-0.2323988653,-0.2562862951,-0.2233243925,-0.223792208,-0.2873570706,0.2133908579,0.1126869424,-0.3070037252,-0.290219108,-0.2593711975,-0.2851582856,0.2069769692,0.1972391196,0.08127465681,0.1941869777,-0.2261731761,-0.20156275,-0.2246929861,-0.2286265984,0.09001382296,-0.197673142,-0.1834277431,-0.002883387588,-0.1348805259,-0.2040450362,-0.08820216569,-0.06127772841,-0.01690457069,0.06256906906,0.03358123231,-0.1813144544,-0.1826192175,-0.1075824273,-0.2430065064,-0.216728645,-0.2268546258,-0.2287682008,-0.05920171517,0.2543218818,0.2933710779,0.1967882478,0.1167435853,-0.2576701004,-0.2373126232,0.04980915045,-0.2791123296,-0.2949147933,-0.2690021139,-0.1934635812,0.1832465784,0.210284525,0.1394869674,0.06203742464,0.1230519815,0.2159355072,-0.07344473298,0.01426759784,0.06998480754,-0.1375972867,-0.07317026734,0.01922281839,0.08561892291,-0.08468576024,0.1456398296,0.1305370712,-0.1684462226,-0.07497974164,-0.1213442762,0.1418131751,0.1958966733,-0.1942884642,0.2647952749,0.2296890492,-0.08575304175,0.1053211236,-0.09358147653,0.1688245105,0.1058918848,-0.2368127132,-0.1987303196,-0.2043624421,-0.1366188275
2009-03-31,0.02954397555,0.1630630622,0.155586522,0.1404090591,0.1028046169,0.04091770827,0.02142384241,-0.08193700688,-0.03620049677,-0.07575227026,0.09825532834,0.01130749715,0.1054071969,0.1045249101,0.1245087687,0.08767083854,-0.04128595762,0.1687362365,0.1144876778,0.1414518372,-0.03559005841,0.07192770332,0.1348644401,-0.01518794326,0.02120209334,-0.06820574034,-0.09380091053,0.009226141715,-0.1202567023,0.1178585244,0.1005038043,0.08710216197,0.1013230161,0.1172024125,0.03529680123,0.06982963139,0.1072661591,0.1072233547,-0.06618506849,-0.00905712013,0.1332378095,0.136226402,0.09761794953,0.07992027355,-0.09196852559,-0.06484925918,-0.1119454342,0.2146229776,-0.1798623517,0.2151771898,0.1991772292,0.130214862,-0.01807759262,-0.1316747535,0.01339398186,-0.02026316098,0.1541071795,0.1620996439,0.1039990504,0.1945741677,-0.001035180582,-0.01208420125,-0.01607717404,0.08919078207,-0.1312809064,-0.1252243831,-0.05267367653,-0.1284793795,-0.05405496474,0.02741205282,-0.1437395909,0.1552041386,0.1277267014,0.1397820398,0.1508815777,-0.1699556861,-0.1342716821,-0.1477305452,-0.1905787177,-0.1738975572,-0.1230898667,0.01040951856,-0.1491777303,-0.1729431554,0.09309959349,0.001410499552,-0.01443112403,0.01846725566,0.08919078207,-0.02611264885,-0.07832593698,0.1761809204,0.005056253637,0.06945352067,-0.1411341712,-0.2064143087,0.09126521055,-0.1556735248,-0.1477536345,0.004410977525,-0.00713473811,0.1131001041,0.06375887209,0.09248746257,0.177862248,0.1640935707,0.136185859,0.2051773768
2009-04-30,0.02242363136,0.2215486581,0.2352443148,0.2527795919,0.1444025349,0.09459944495,0.05201203158,-0.04252906973,-0.0565328614,-0.06443741652,0.215868211,-0.01424611877,0.09407352992,0.1945401845,0.2164831142,0.1250676536,-0.003091743563,0.140094066,0.1117334688,0.1080466984,-0.0727826784,0.063996859,0.1455001547,-0.05911088807,-0.1107045143,-0.08503741303,-0.06658175648,0.02327952208,-0.05857515128,0.1372120917,0.2148117221,0.08078369982,0.07247047428,0.1964635981,0.1200313833,0.1190403545,0.1757021218,0.02447498933,-0.07314823148,-0.009884887227,0.08117886626,0.1281458887,0.09841465051,0.09780571593,-0.07021236749,-0.1841521751,-0.1081762994,0.3377934695,-0.04095267917,0.304648696,0.2675321247,0.2312935887,0.1689544882,-0.1422196944,-0.007493181537,0.03387788383,0.2797668169,0.289371788,0.2334813294,0.3035333169,-0.08887099174,-0.1698456234,-0.08219112682,0.08039031062,-0.2124549978,-0.2027468712,-0.1817649762,-0.2300298528,-0.1912545361,-0.1802932543,-0.04209993985,0.2937795451,0.2946232202,0.2769925875,0.2333727451,-0.2417152348,-0.1539624319,-0.1615224256,-0.1054829668,-0.2810405069,-0.1472395726,-0.1950427605,-0.2547641002,-0.2670900773,0.1816543268,0.04124084373,0.01408515288,0.03278839005,0.1159549939,-0.0467173988,0.05942681723,0.2993637778,0.08899123271,0.1519408366,0.05489609767,-0.2275367196,0.06999978557,-0.0998712526,-0.2629706346,0.119278761,-0.07745328309,0.1845923615,0.05428275527,0.1417175646,0.2733848474,0.2812944068,0.2677283029,0.3143258514
2009-05-31,0.064116515,0.4198676837,0.3787575728,0.318971045,0.3740536957,0.3044274293,0.2827623905,0.2270417271,-0.219506633,0.2109009588,0.4043397109,-0.2364621707,0.3199780594,0.3701435925,0.455165466,0.2762536481,0.2142601485,0.2285945395,0.1141525025,0.2313204123,-0.2359507941,-0.06466941502,0.2860501459,-0.2502057048,-0.2605647694,0.005825730867,0.2161909095,0.2764102686,0.2204919982,0.3880906436,0.4123515383,-0.1754414448,-0.07626390996,0.4393693854,0.329738536,0.3074732163,0.3799958837,-0.08756678373,-0.1780850789,0.106319957,-0.07340402956,0.3921892716,0.2575477169,0.2627495028,0.2048181969,-0.03713196772,0.1204339023,0.5081017211,-0.02300244332,0.373366135,0.3476370487,0.2354410073,0.1550327293,-0.2115220455,-0.1851953424,-0.02495611514,0.3932221266,0.3751041599,0.3305524177,0.4715602918,0.1841089231,-0.1164909515,0.206288073,0.306637067,-0.1160574781,-0.4373522428,-0.05345908417,-0.3712204314,0.07469380349,-0.435637819,-0.09639082171,0.4668430125,0.4838110248,0.460167212,0.4816195524,-0.3255884168,-0.2509548543,-0.1840298733,-0.1070045974,-0.3511650629,-0.3388516589,-0.2770470107,-0.2427443798,-0.2780030535,0.3637743268,0.1471793689,0.009554925253,-0.1237766167,0.306637067,-0.2146078896,-0.03389284229,0.3698975441,0.2936368686,0.364597016,0.1192851396,-0.2812763455,-0.366118765,0.08858423528,-0.4980975508,0.2073376905,-0.2494992737,0.1603979544,-0.1822193937,-0.06750266772,0.4257514163,0.4478893029,0.494941505,0.3862419823
2009-06-30,-0.01301542952,0.06228024352,0.05809243188,0.06642532588,0.02498477147,0.007988778661,-0.008399725349,-0.03000433561,-0.004867241736,-0.0245441223,0.04470401127,0.01352296117,0.03031525983,0.03705346106,0.04461995605,0.01242322567,-0.01088340756,0.02856051005,0.01114844516,-0.007833125718,-0.002378835158,0.02430552634,0.02915687168,0.005187390917,-0.0006327647275,0.01367510475,-0.02238617406,-0.004611062095,-0.01451523059,0.04045869175,0.03795608702,0.009345294416,0.01669433424,0.03977127247,0.01090949675,0.01378033644,0.03363690056,0.02438167,-0.02259356115,0.003416757523,-0.0008357239653,0.02406592386,0.01059598875,0.001852975203,-0.03047184251,0.02283797297,0.0286153892,0.09064276368,-0.01084723654,0.1095803445,0.08327086914,0.06591271083,0.03713245195,-0.01896170918,0.01491680812,0.04104013949,0.06906462185,0.06707662578,0.05958083799,0.06937106084,-0.02168129568,0.01564493007,-0.001038831504,0.004501320448,-0.03681598007,-0.05460675683,0.02129427453,-0.03270117534,0.0252290551,0.03673417257,-0.009745499904,0.06857086864,0.06181852749,0.06133121184,0.06932718221,-0.04630470482,-0.04350390972,-0.0243895538,-0.01676234958,-0.04196133703,-0.03072077501,0.02975848527,-0.009743458013,-0.03149039074,0.04820878945,0.0177804754,0.009545148581,0.02218318555,0.008189196977,-0.0008456701576,0.04521616975,0.06510182946,0.04573725509,0.05198363749,0.02714094118,-0.02549209418,0.02549560172,-0.01123684758,-0.05905713707,0.005789191825,0.01464501084,0.06489705206,0.01930075552,0.0370783339,0.07459892093,0.05565633279,0.06635328875,0.1084992047
2009-07-31,0.008815090556,-0.04593437777,-0.03600790118,-0.005358197364,-0.02288344823,-0.03993492157,-0.05588482657,-0.04234743207,0.08779058938,-0.05715660233,0.02129205375,0.09102731545,-0.07895226203,-0.0322962836,-0.02109716646,-0.1173736991,-0.1138120267,-0.06846843119,-0.03170422557,-0.07202764947,0.05794915153,0.01407624962,0.03124653547,0.05188735715,0.0417897948,0.003940558676,-0.06869224912,-0.04964784952,-0.06276131599,-0.03850680145,-0.01138787987,0.03253424976,0.02568522718,-0.02408274109,-0.07674312921,-0.04013964866,-0.03337591861,0.09069416325,-0.01971654709,-0.03725478098,0.008821585709,-0.01699154945,-0.05350161028,-0.03427298821,-0.06784370945,-0.02007498164,-0.00811510309,0.02362141523,0.02964398589,0.01029679774,0.02829723693,-0.009782545484,0.01406645542,0.01999683486,0.03980392044,-0.0008511256612,-0.01035882181,-0.009107958401,0.009763055966,0.009066341961,-0.02746477478,0.05131150103,0.06975957318,-0.06946642025,-0.003007203851,-0.0345175526,0.04844684087,-0.09259732526,-0.02593164063,-0.02745549978,0.03679875841,0.01584679423,0.003118838522,0.001732636948,-0.05657366483,-0.02500622721,-0.03807619964,-0.02026053887,0.02478466129,-0.0138976905,-0.01978796731,0.01936295423,0.03933560434,-0.03819548334,-0.02840086934,-0.02875546333,-0.02118106799,0.0284968012,-0.06946642025,-0.00174782007,-0.006470320734,0.0004438509327,-0.06895295803,-0.05656661268,0.01402824159,-0.02757876693,-0.008289260931,-0.009606095646,0.08039774358,0.02616869161,-0.004485048665,0.004943774899,0.01564858826,0.01993945732,0.01530897892,0.01311511258,-0.05350292901,0.02304766981
2009-08-31,0.0007454579569,0.09633996295,0.08830271398,0.08765817188,0.03097875757,0.03096402971,-0.02202087366,0.02392237258,-0.03584509913,-0.01308146278,0.05762755598,-0.01406643234,-0.02758270159,0.04401582011,0.06711283497,-0.03277456114,-0.018403695,-0.02684861364,-0.06651507124,-0.05339886953,-0.01979791196,-0.06694998692,-0.0008049166717,-0.03099126271,-0.07019366049,-0.01226675838,-0.02774963988,-0.01819502516,-0.02121677106,0.01060251377,0.07935058699,-0.001311005359,0.06500638708,0.06293753179,0.0242124641,0.002872348556,0.05464757056,0.004811668049,0.02130936942,0.0530568057,0.04555099947,0.0077030114,0.02210046217,0.0152525478,-0.03468825263,-0.05221840691,0.01859144377,0.1496761164,-0.04401510219,0.1691878015,0.1539666944,0.07090272492,0.01430620551,-0.01622380349,-0.02249099526,0.0125815543,0.1026415243,0.1051439667,0.08162696542,0.1090422376,0.02615792429,0.07772033892,0.04771400407,0.06730670103,-0.08736013927,-0.09051637325,-0.1141607431,0.0639136002,0.06564116172,0.1106069768,0.001927123138,0.1104953367,0.1103253719,0.1014796911,0.0936034822,-0.1115551546,-0.08435855387,-0.06807510775,-0.05387266998,-0.07557978916,-0.05084630526,0.08415431142,0.03499183766,-0.0468088965,0.1006631663,0.06674287244,-0.01869630869,-0.002418257292,0.06730670103,-0.07387003849,-0.0295444615,0.09561382718,0.05910012597,0.09784204059,-0.03533459247,-0.02236837865,0.03558714114,0.02605797244,-0.09704246332,-0.01557302494,0.03377905155,0.1096750079,0.07337039951,0.08474591501,0.1073146924,0.09739494318,0.107545574,0.1625405878
2009-09-30,-0.001566819497,0.06964657084,0.07262313947,0.04602211491,-0.02774595261,-0.02696787403,-0.06068992247,-0.04045561219,0.01533962989,-0.0516609668,0.03834400401,0.05029897657,-0.05356802524,0.03974105425,0.06067055079,-0.04500012259,-0.03257069978,-0.0007079800781,-0.01433422152,-0.02901314374,0.03311826075,0.02350260295,0.008003176461,0.02265194815,-0.008445468075,0.004304992288,-0.04248892896,-0.0585019018,-0.04113375905,-0.0375223791,0.06514792152,0.01359579637,0.09044629663,0.0660860845,0.03603277767,-0.02313224933,0.04391074754,-0.008115256542,0.0470693337,0.01958743039,0.04338619678,-0.04208400691,-0.03129351242,-0.03212491466,-0.0563947861,-0.007371522288,0.0140745788,0.1471098033,-0.04089332422,0.1549595148,0.1211278675,0.04936487948,0.04654098338,-0.02800746538,-0.005634139803,0.01805493559,0.09200518608,0.09027000074,0.08164447764,0.1042511645,-0.05224600456,-0.007581004717,0.01937680312,0.05465723406,-0.06942235612,-0.07126047544,-0.041577239,-0.01700034706,0.0151604918,-0.002583420221,0.04383758448,0.0888125285,0.08627352159,0.0884995751,0.06434278542,-0.09289592176,-0.07600343963,-0.05248031704,-0.04037476171,-0.07238339325,-0.08201605589,-0.00147490343,-0.0185212209,-0.06043028941,0.07606298548,0.03105395551,-0.003617425097,0.0009727046937,0.05465723406,0.00126205367,0.0360599083,0.0980874808,-0.002026191773,0.03018833956,0.0356271799,-0.0255229266,0.05747891326,0.04115427013,-0.06424685373,-0.0006309556837,0.04755693052,0.09437256645,0.08207953214,0.09192851682,0.09078452562,0.1015081858,0.06867821265,0.1595760881
2009-10-31,0.0039329665,0.07049572438,0.05964947083,0.0370750219,0.02549841017,0.02432679051,-0.0007767737036,-0.009328483353,-0.01646361093,-0.008275790271,0.006178578985,-0.006083001519,0.01256970924,0.03055234406,0.03344212314,0.01801420646,0.007858236299,0.004982958409,-0.00721195079,-0.003717766107,-0.0136565852,0.01208650851,-0.008468199948,-0.01019013122,-0.02196416805,-0.01425719443,-0.009453488523,-0.007856160055,-0.009217427351,0.01734443824,0.03239408813,0.001131746246,0.02227290017,0.02697445846,0.03149593118,0.0157070053,0.03179631997,-0.01955502734,0.009977219029,0.02041514137,0.02102355379,-0.005067191648,0.009163141353,0.0177945052,-0.007621943016,-0.03598507174,0.01386942194,0.08195540974,0.02370912045,0.06189070062,0.01495653473,0.02248164371,-0.001124182442,-0.01142052842,-0.01943925903,-0.002457298016,0.0662678303,0.06528284764,0.03510319267,0.04136625046,-0.004715344897,-0.004097486788,-0.006816334804,0.05016198071,-0.002904049321,-0.0120961025,-0.003640281414,-0.0006281002034,0.008652929858,-0.02398629168,-0.00652435041,0.03549204456,0.03483780589,0.0365169237,0.0634799057,-0.02676708808,-0.01881502362,-0.01620632949,0.02326162227,-0.02272476414,-0.01651179093,0.004782436771,-0.009805200168,-0.01831122261,0.05814703512,0.02484220492,0.01282955812,-0.009573070963,0.05016198071,-0.03047405557,-0.001629609721,0.05846683851,0.01397930351,0.02745476092,0.04202407533,0.003706309355,0.01943599926,0.005241647284,-0.06544197668,0.03531536176,-0.03055759268,-0.003663905747,-0.008797396752,-0.0008961119953,0.03124269517,0.04313700187,0.06783527418,0.06915882115
2009-11-30,0.006128190781,0.038326678,0.03749385399,0.08917574597,0.01965501857,0.02047158262,-0.006907051024,0.00878483898,-0.0414603248,0.006918541342,0.006398240396,-0.02687669246,0.02735018474,0.03409497288,0.03792766269,0.02146970715,0.01637005681,-0.0115673764,-0.01403711092,-0.02321194774,-0.01876823064,0.01440765701,-0.004381173835,-0.007864621415,-0.01830443361,0.02629754486,0.004092176619,-0.01109372034,0.006433323152,0.004030689131,0.04221452359,-0.01979534626,0.04467068233,0.03062357854,0.03480536607,0.01714067704,0.03702521461,-0.03048388027,0.01366776188,0.03746399625,0.03056454542,-0.004543284257,0.03427928037,0.03134906068,0.005786382007,0.04099657474,0.01951257006,0.1033113512,-0.01537811118,0.09556323948,0.0616414325,0.08385312974,0.07641239571,0.01006106723,0.03593603935,0.0406158886,0.06530346309,0.0630009148,0.08100588509,0.05281138448,0.01604325796,0.04079017598,0.007517332912,0.02522918584,-0.03021300016,-0.006460271482,-0.02172872737,0.03504867112,0.02195510705,0.03835053345,-0.002597387788,0.04362946632,0.04159996915,0.04686051773,0.07135882594,-0.03622035038,-0.01655015855,-0.0115437418,-0.01993823587,-0.01102757615,-0.005093552626,0.05331649408,0.001014505281,-0.02537231685,0.02010386938,-0.02390930578,0.01213113392,0.0339314174,0.02522918584,-0.007649093175,0.0469153146,0.08487547498,0.02804067764,0.04226065508,0.06973387735,-0.001429165263,0.02022901992,0.006945991203,-0.101026101,-0.003750083107,-0.0387949984,-0.01497518595,-0.01255496722,-0.00441224463,0.03715698826,0.05232213806,0.06035530997,0.09930883646
2009-12-31,0.005381560707,0.05060677651,0.04758908747,0.05207143413,0.02341036687,0.02218411832,0.0191427659,0.02534746237,-0.005663097153,0.01946573112,0.07258306252,-0.02733923626,0.01147135945,0.06116010375,0.06632445664,0.01372401867,0.01718905624,0.01649979451,0.005256144842,0.009829014316,-0.02351736883,-0.007048795587,0.0342520426,-0.02252680806,-0.04199622415,-0.008308808244,0.01109767117,0.01628545924,0.007409272707,0.02536786719,0.06989676567,-0.04733556508,0.005384404045,0.06634592436,0.05109044815,0.03664136389,0.06075354171,-0.01236210372,-0.011743322,0.001377879852,-0.01361500293,0.02695611279,0.0161842859,0.0248278964,0.01928113428,-0.01029004421,0.06348377855,0.09333269865,0.04522030879,0.05509547756,0.03630630916,0.02994162057,-0.02372896224,0.002730545181,-0.02221190932,-0.01953079424,0.07311455158,0.07016593396,0.0445216507,0.08483825749,0.04435844238,-0.004085273586,-0.008396317378,0.04279758627,0.04136342407,-0.03299174397,-0.06119305095,0.06546598244,0.05303519098,0.0659147334,0.01094412521,0.07939068656,0.07656251271,0.07846172192,0.04821813251,-0.04179529869,-0.05431649257,-0.05302038954,0.04267236069,0.03705059895,-0.009485319815,0.0480711557,0.05419295382,0.04662952792,0.05740634723,0.0156126776,-0.01357940176,-0.01418478416,0.04279758627,-0.02107805681,-0.013739273,0.07035730086,0.0149338105,0.03447407409,0.02101165133,0.05258325082,0.06418697472,0.06870678243,-0.008626830363,0.05951346389,-0.01766036446,0.02953253221,-0.02831118094,-0.01868521711,0.07787143662,0.07342730129,0.06434125599,0.08235065561
2010-01-31,-0.004403990695,0.1039131087,0.09741264075,0.08160120443,0.01162771558,0.01167885639,0.009885172722,0.01679090471,-0.01479143165,0.004997889448,0.07555657894,-0.01292930409,0.03079670823,0.04791385685,0.0617021145,0.01578763816,0.006445949098,0.0715755675,0.0435591888,0.02001746687,-0.01725295012,-0.02056811057,0.06575985935,-0.02526606769,-0.02634374306,0.02420839383,0.001534844047,0.009755418826,-0.001699832001,0.01003717034,0.06886806318,0.001431106454,0.01777638636,0.05386494991,0.05374843513,0.04307689001,0.05015330364,0.007575083698,-0.002889861413,0.02933656227,-0.04217399533,0.03481708552,-0.003975866914,-0.005022264509,0.01137793538,-0.02703065934,0.06291757409,0.1098109329,-0.007606569957,0.08359919262,0.06542464395,0.06457373423,0.0267153156,0.0300984413,0.01489504628,0.0366755572,0.1141998482,0.1120322453,0.07880999221,0.09517171622,-0.03220274376,0.008722659058,-0.006962932164,0.1081776845,-0.06921453015,-0.03588173579,-0.02914748894,-0.0340875571,0.02382444487,0.1420620519,0.0002962369398,0.09291518855,0.09624562796,0.09800582549,0.1127391457,-0.0699082533,-0.07614209151,-0.07098333553,-0.009619106566,-0.03588332714,-0.03864561973,0.05033532219,0.03840643259,0.05389603661,0.0954524758,0.03080450397,0.04948557342,0.02263403231,0.1081776845,-0.06461659524,0.0165255324,0.1020891079,0.05184001052,0.09133864896,0.04954251345,0.02605461203,0.0369659684,0.04077950582,-0.1034998628,0.02937545785,0.02063828081,0.05030469762,-0.004911090199,0.001663004526,0.09014077826,0.09241502094,0.1147508817,0.09296985266
2010-02-28,0.01376472694,0.007483590172,0.004280616533,-0.001549828779,0.008943463731,0.005077955654,0.001753280104,0.002361749025,0.006850741379,0.001684175597,-0.006483644018,-0.004733644544,0.01495918724,0.0007683298801,0.005221388293,0.01012995386,0.008026746406,0.01106749451,0.00948194502,-0.01015635309,-0.01411329046,-0.001569846225,-0.003195607701,-0.0034914046,-0.005303973399,0.01117951028,0.01080697986,0.01364069289,0.004365035455,0.009223198987,0.000619501955,0.008422073152,-0.005244389933,-0.001833184034,0.0003010199063,0.0009590520624,0.001288400312,-0.001314787787,0.002973374064,0.007360296999,0.003481928227,0.005083057573,0.0004301064065,0.001938374967,0.0006884653951,0.002464636405,-0.01065606654,-0.008098177435,-0.002196374122,-0.0023640293,-0.003062863715,-0.001972387627,-0.005052664201,0.0002133092908,-0.002521121711,-0.0002157952846,-0.003058873386,-0.002164509256,-0.008790282781,-8.614265936e-05,-0.005982248742,0.004980992444,-0.007477725112,-0.005339076126,0.0004950260744,0.006078249157,0.007091378308,0.003254500615,-0.04485891584,-0.04713349842,-0.01048675676,0.0008843599066,0.0002690797524,0.003142745642,0.00836746976,-0.003476496405,0.003573756838,-0.0001727090566,-0.000975083117,-0.0006097437206,0.002402820499,0.002982979465,-0.002992332324,-0.006886118836,0.0008090277805,0.00315740493,0.001918269494,-0.005606883734,-0.005339076126,-0.002730035222,-0.0005651826663,-0.006868287452,0.01078169095,0.006651861343,0.005858647636,-0.002532534042,-0.004389016817,-0.007446901552,-0.005263381709,-0.004055305086,-0.008621830938,-0.008441054433,-0.00376979863,-0.003765085519,-0.002760898986,-0.0002106186595,0.002195138274,-0.01018387284
2010-03-31,0.003351951445,0.03615669064,0.03132644134,0.03246106161,0.04150581469,0.03001698411,0.02579353134,0.02786422029,-0.01394059818,0.02433173885,0.04822906584,-0.03138667992,0.01481184196,0.04820483097,0.05933508106,0.00824723676,0.006851578505,0.00865281831,-0.01469035942,-0.002003579074,-0.02931471994,-0.007008770621,0.02774040256,-0.03295388416,-0.03799553875,-0.001556045231,0.01865735258,0.02542135935,0.01256578388,0.03075737948,0.05659155245,-0.05675032075,0.01191471912,0.04981142095,0.03952066104,0.04199752508,0.05008363419,-0.00452599178,-0.005977197036,0.01586898989,0.00698383685,0.03026227133,0.03341440887,0.02914923485,0.02554226445,-0.007835122533,0.06183753326,0.06742745331,0.03316988735,0.04102577896,0.03671701941,0.02453727338,0.007638264471,0.02231098188,-0.002571860997,0.0004211925228,0.04947942938,0.04705748179,0.03395815933,0.06059409882,0.01435329032,0.007794457827,-0.004618834176,0.02945218811,0.0279129438,0.01254132875,-0.0502007172,0.05561332922,0.03442780616,0.05082722678,0.00796668867,0.0590222371,0.0613677757,0.06041640478,0.04314903389,-0.02009006316,-0.03860153242,-0.03759214928,0.03666149037,0.04672470177,0.02634600352,0.05304795228,0.05244537954,0.04440084972,0.03033378838,0.0001823361696,-0.003398510805,-0.003486096014,0.02945218811,0.001835853432,-0.003214124186,0.0484102831,0.03199738388,0.03666107045,0.0108008925,0.0439231528,0.04552755766,0.05127563608,-0.03040893266,0.03636419839,-0.01858573888,0.006817095259,-0.02779319761,-0.01885929885,0.0597698426,0.05586468868,0.04521442829,0.05749384564
2010-04-30,-0.0009916124184,0.008056086933,0.01019303982,0.02094443778,-0.01082695773,-0.009972975745,-0.01916628478,-0.01200571682,-0.001579108626,-0.01325408345,0.002377432182,0.01670825811,-0.0126063837,-0.00735865072,-0.0001451326745,-0.01356728888,-0.01122102067,-0.00708057406,-0.01279249987,-0.007681262662,0.01986599258,0.009631300354,-0.002670117008,0.02308363111,0.01783243664,-0.0004857090874,-0.01725740587,-0.01930395851,-0.01807470233,-0.01702359148,0.003797262856,0.002158061863,0.01644129783,-0.008348429418,-0.01323225543,-0.01391235586,-0.006339101529,0.01386412522,0.006810554809,0.004461195191,0.02392641577,-0.01929337017,-0.007107398602,-0.005711482666,-0.01380341983,0.01031180761,0.003481000651,0.02554348792,-0.003667342881,0.03762111403,0.021521864,0.01382939626,0.002821164292,-0.0157618434,0.006502461642,0.01264758815,0.02258093479,0.02184880985,0.01182993994,0.01458522522,0.01244731149,-0.004081507943,0.01196662411,0.01510250374,-0.0141735987,0.007233158689,-0.01165849497,0.04219200085,-0.01182220111,-0.009320235463,-0.003432753561,0.009358734815,0.007342222804,0.01017817278,0.001768602034,-0.008337400942,-0.003385571395,-0.0006572399608,-0.005239411349,-0.002139957876,0.00277719939,-0.009582456882,-0.004631856541,0.001115389743,0.007774637714,0.001481850869,0.002662689282,0.009146982954,0.01510250374,-0.009507238853,0.006338452803,0.02258376069,0.001242111828,0.008152178238,0.008039413405,-0.007035830518,-0.00756113354,-0.009121466252,0.00584860568,-0.003864267425,0.01612858373,0.01849300263,0.01634865235,0.01938018069,0.01739046544,0.01620590629,0.008118431057,0.03873149174
2010-05-31,0.009210619409,-0.001116589181,-0.007358441583,-0.0229476777,0.005105964679,0.01132676356,0.01490292581,0.01013083532,-0.004796335797,0.01071309376,-0.01717081865,-0.01177338381,0.007755121982,-0.006586409771,-0.01782486234,0.01318924826,0.01093580372,0.009265540169,0.003092234916,0.00703194254,-0.01557742275,-0.01474968378,0.001228781852,-0.01632055002,-0.007688900405,0.006925887941,0.01302869035,0.01780747702,0.01253309916,0.006152926507,-0.01809564586,0.01251351875,-0.01990886125,-0.0138543708,0.00234909917,0.005657229429,-0.006546000628,-0.01808449495,-0.0081341622,-0.005550851521,-0.009872791241,0.01196446439,0.01001416413,0.01024766046,0.0133294376,0.01354608588,-0.02659868368,-0.03795342199,-0.04691570604,-0.02221713298,-0.01084007835,-0.01983478514,-0.007904614879,-0.01181456664,-0.01365361836,-0.008847435601,-0.03222509778,-0.03105298631,-0.01462405742,-0.02948305335,-0.006358330455,-0.009461648383,-0.01257150916,-0.01480585365,-0.0006834708047,0.01144493361,0.02596740974,-0.004048095572,-0.04067547703,-0.0005999786978,-0.009248567235,-0.03020124089,-0.02666513722,-0.0299315762,0.001934285983,0.01472532306,0.02372048922,0.01984706552,-0.04714313582,-0.01590452753,-0.01006668584,-0.01620068548,-0.01848480189,-0.01581899317,-0.003999697613,0.01569499324,-0.002179066635,-0.01054421523,-0.01480585365,-0.007696378212,-0.02265904302,-0.03543030881,0.003789955861,-0.00485961837,-0.03214530517,-0.01532949185,-0.01425018735,-0.01183290074,-0.01500496722,-0.04868629229,0.02398849288,0.002358521786,0.02226667982,0.01630104743,-0.03537948473,-0.03131738186,-0.0005347042378,-0.0530057117
2010-06-30,-0.006988502607,-0.002181757426,-0.005399084829,-0.0126565601,0.009235735125,0.009991734677,0.007718249732,0.0120304018,-0.001983814832,0.01006066051,-0.005271916039,-0.01073542002,0.012527617,0.002652811452,0.003179610451,0.01094378754,0.01210139675,0.009767289667,0.002631703763,0.002356422735,-0.01258365002,-0.005077486052,0.003787436587,-0.01533297868,-0.01325606437,0.00691067199,0.01380766222,0.01306338828,0.008132398674,0.00820642841,0.004450603604,-0.003537795973,-0.006540989582,0.002153350682,0.008837744247,0.008288019122,0.004976061353,-0.01452431207,0.003149823268,0.006920728823,-0.007576947218,0.008205459378,0.007629112395,0.007667851527,0.007357110568,0.004480880923,-0.0007495337574,-0.01010028693,-0.01677623934,0.004373421738,0.001968495924,-0.01260295699,-0.007183139912,0.001883868967,-0.0004500443327,0.003198872216,-0.01366719394,-0.01325275145,-0.01180634491,-0.002706097021,-0.01164996431,-0.01530505841,-0.00880060734,-0.006842264781,0.01514579936,0.01174453381,0.0120976699,-0.01359982731,-0.007829395378,-0.003949371992,-0.0009620644607,-0.0007576509109,0.001950262072,0.001132389652,-0.004016967429,0.0009101309682,0.002782115257,0.0005062096005,-0.01664132215,-0.006617205852,-0.007809259616,-0.005131194841,-0.00255239712,-0.007374873786,-0.0007124008131,0.009184282435,-0.002752505768,0.001755064821,-0.006842264781,-0.001256627055,0.0009686732267,-0.01560354148,-0.001044277458,-0.003643638483,0.0197778358,0.002733817817,0.002647280747,0.00270815845,-0.003343219781,-0.01845521019,0.001551959563,-0.004510807137,-0.006683498,-0.006912683209,-0.001670748255,-0.003094517837,-0.005883748728,-0.009091059014
2010-07-31,-0.003982373357,-0.004276088623,-0.0004144152333,0.008000609295,-0.0001658185279,0.0006758323708,-0.001646067841,0.003954168856,-0.004785566594,-0.0003789556045,0.006136243757,0.004458407078,-0.001193411412,0.005212348806,0.007366334641,0.0002154594238,0.0005120651945,-0.001525294821,-0.001580027109,-0.0003892603905,0.006309917893,0.002107128582,-0.004510618322,0.002079905658,-0.0006955580346,-0.004910139831,-0.0003895635684,-0.00852010046,-0.00247792896,0.00104155294,0.007570820226,-0.005393240207,0.01111511606,0.006742692589,0.003283737587,-0.000293007961,0.007155951627,0.009089776124,0.00157976658,0.001756436439,0.007921900596,-0.0003788353026,0.00132142261,0.003780011809,0.001757202533,-0.01071968236,0.01319783078,0.01444659816,0.02186523353,0.009241387212,-0.001005214359,0.007573190519,0.00726672298,-0.006246392604,0.006380348477,0.002862013,0.007808973819,0.0084176788,0.007401469826,0.01572998088,0.008450906306,-0.008811186018,0.001235642005,0.005717250992,0.004290585973,-0.002457449799,-0.01851476898,0.009822781368,-0.01080900577,-0.005509869045,0.008016387882,0.01408190507,0.01081149697,0.01061911586,-0.0005501171502,-0.001668320788,-0.01032684613,-0.00522064614,0.02192160002,0.005929879996,0.004545316784,-0.02370007891,-0.007215283888,0.004164523958,0.0007522044382,-0.005347822224,0.002690015781,0.007279051511,0.005717250992,-0.003726594297,0.001246842291,0.01206097706,-0.003365810858,-0.004283446825,-0.005925302149,0.004269128386,-0.01107534626,-0.002283518457,0.01109969854,0.02214281631,-0.008075432294,-0.005165474704,-0.0009082022514,-0.0003200091859,0.01759452108,0.01452491624,0.001332187651,0.01750663652
2010-08-31,0.0003251961113,-0.004617744321,-0.005539828107,-0.01091724208,0.01697320792,0.01634406336,0.01897615552,0.01591988906,-0.009457297488,0.01558391767,-0.001758559227,-0.01753841256,0.004435266155,0.004044123032,0.0002247429509,0.01134324875,0.01854149361,0.003388275359,-0.000581085064,0.004810487631,-0.02466276862,-0.02135502261,0.006752876921,-0.02087331123,-0.02194484455,0.001364150896,0.0199492131,0.01024072943,0.01569356105,0.01767316867,-0.0002735360224,-0.01453118923,-0.01552368265,0.00110526096,0.0101535716,0.01333439362,0.005046124461,-0.01791604614,-0.007366126895,0.0005354976173,-0.01629710491,0.0198878949,0.01681892174,0.01809344271,0.01621354295,0.009523568776,0.002936053862,-0.01499699531,-0.02750510499,-0.007065894489,-0.005832433304,-0.01036461279,-0.0009549719533,0.02469634242,-0.01094705639,-0.002345674733,-0.01784305112,-0.018511169,-0.003288050415,-0.005341378226,-0.01168292902,0.03453113834,0.01062447262,-0.001662084513,0.01461845107,0.01284209284,0.0119102853,0.006703054687,0.003974559573,0.01296718454,-0.006665172576,-0.005456344213,-0.00262812993,-0.004310839626,0.007555282405,0.01004857109,0.008096342951,0.005301704455,-0.02584192451,0.01317526617,-0.001452471576,0.03647795567,0.02659617733,0.02376243345,-0.004377284155,-0.002508834399,-0.004377897675,-0.007675019243,-0.001662084513,0.002967882819,-0.008688049111,-0.01778007639,0.008419110862,0.005429786855,-0.01445857182,0.01037350556,-0.004264260197,0.01483093588,-0.01731634026,-0.0300752166,0.01630299497,0.01171857952,0.003730200483,0.00189787606,-0.008881595511,-0.005328382008,0.001469379577,-0.02818269472
2010-09-30,0.007020675605,0.003339891122,0.005786284847,0.02015415412,0.004440148402,0.004638501151,-0.00187160857,0.004441409206,0.0002308866232,-0.002681707824,0.009826922225,0.004425859764,0.0002493374299,0.01128780365,0.01580310734,-0.0007461061687,-0.004131443259,0.001625730687,-0.004002253526,-0.001264310344,0.004537195266,0.01581126344,0.0006462130635,0.004482815006,0.00333202264,0.00167044323,0.0002414954448,-0.001109976173,-0.001095501491,0.005424833795,0.01762857983,-0.003408558131,0.00402586436,0.01194523138,0.003736622567,0.003835473045,0.01093828411,0.005046331152,0.003415304204,0.005377080998,0.0009315799427,0.002860320245,-0.00202706829,0.002606318379,0.002201775028,0.0004026243976,0.01879446122,0.02229931299,0.02026220119,0.01113680151,0.009616947841,0.0241106341,0.009123922198,-0.0004134999529,0.007327489995,0.00130174812,0.01438220894,0.01296338327,0.003105074407,0.0173359722,0.01273014124,-0.001396693733,0.003059886885,0.003932925684,0.01282290962,0.00912401624,-0.005409646345,0.009740096851,0.007898889403,0.007690724335,0.008765480794,0.01482050057,0.01604973275,0.01752906808,0.007466509565,-0.0002366175043,0.0002140972026,-0.01011195857,0.02093664462,0.01174106419,0.02216148879,0.006812268171,0.005286145427,0.01158322869,-0.003181570044,-0.008473422269,0.003860877499,0.001317819276,0.003932925684,-0.008562694878,-0.005169835543,0.01578784459,0.008803406895,0.01076955991,-0.01242619952,0.005709518381,0.01429197553,0.003607389995,0.004228544926,0.01889964586,-0.009636891198,0.001764472486,-0.01297447298,-0.01219707608,0.02210086789,0.01738765675,0.004807333654,0.02051581229
2010-10-31,0.003876169634,0.004915967605,0.008388010014,0.01574717544,-0.01545647126,-0.0209116004,-0.02211955588,-0.01695406381,0.006973531624,-0.01758986205,0.006349995116,0.03160750939,-0.0212173385,-0.01086198016,-0.004392958844,-0.02677671702,-0.02768480585,-0.01837357005,-0.01353015593,-0.009897302129,0.03384842265,0.02650961118,-0.001345812193,0.03491098493,0.03140224979,-0.00621270086,-0.01916915743,-0.02658567902,-0.01602992336,-0.01604062523,-0.000457211323,0.007293394986,0.01616534944,-0.002769382404,-0.02349495961,-0.0199584688,-0.01127454306,0.03434251865,0.007271586254,-0.007936496662,0.01907741686,-0.01550427015,-0.0208858386,-0.01934385918,-0.01778343439,-0.006212640672,-0.003683072603,0.01172616184,0.01699635859,0.01114700284,0.01088679478,0.02057447815,-0.008012463657,-0.0127620102,0.002171278744,0.001020928279,0.01426285537,0.01393259276,0.008789995556,-0.00180474734,0.003475464435,-0.009102307958,-0.01671326627,0.01016051869,-0.01659706208,-0.01696234681,-0.005570205114,-0.01864376227,-0.01697630711,0.002513487502,0.02401225288,0.0009759300538,0.000396095821,0.0004434177747,-0.002604323862,-0.005001947268,0.004916267944,0.002691437852,0.01612711028,-0.02018758004,-0.009921907723,-0.01953576656,-0.03109797244,-0.03044493433,0.001590150814,-0.003403064512,0.004883563821,-0.002129714441,0.01016051869,-0.001770870086,0.008240295991,0.01541400912,-0.002196897192,0.001841993355,0.01931062206,-0.007646390593,-0.007882879567,-0.01006234366,0.01932107695,0.02383254086,0.003613127128,0.01537151652,0.0154697921,0.01655896617,0.006303453735,0.0009981738396,-0.002201956129,0.0295287721
2010-11-30,0.001994571851,0.01324206872,0.01199390947,-0.002400987049,-0.001964778192,0.005625827755,-0.005224318812,-0.001311723068,-0.003842287359,-0.002206413258,0.001565711569,-0.0002945198299,0.003492576298,0.002057394618,0.0008072912625,0.002176758444,-0.0002447444971,0.002097906708,0.00368116642,0.00358630322,-0.007009777503,-0.003467446716,0.002667025322,0.001678102431,0.001169502484,-0.007490054627,0.0002710513353,0.002576201276,-0.004625408223,-0.0015193809,-0.002078516083,-0.001545308452,-0.000348444335,0.0007727153992,0.002146441701,0.001946685179,0.005524309861,-0.004783598859,-0.003929479479,0.008894067226,0.001543608113,-0.001861627627,0.008943811039,0.005575977143,0.002900068254,-0.00338679511,3.285898776e-05,0.0104275039,-0.004961215414,0.008734698884,0.004624299103,-0.008308843592,-0.00715049047,-0.006298348911,-0.007177802961,-0.00213221573,0.009064900235,0.008359067102,0.009724768858,-0.002077402181,0.00950847138,-0.002942947378,0.002314543598,0.009253623253,0.006695194554,0.006486070177,0.01193293528,0.005391156556,-0.004180480427,0.003680326711,-0.003979008683,0.001973012737,0.001322375638,0.0005835809142,0.008972866623,-0.0007270677119,0.005493348279,0.001591228361,-0.001180050324,0.005300612293,0.01106129622,0.009562868677,0.006915750949,0.005267098451,0.01507828833,0.01145541856,-0.003114486881,-0.007400733773,0.009253623253,-0.009583266262,-0.01058304603,0.005702453069,0.004820823525,0.008694105705,-0.00513498709,0.009640126628,0.004862354581,0.005671761944,-0.01546327534,-0.004998795613,-0.001119355955,0.005850898485,-6.051974611e-06,0.0001056248931,-0.001988312044,0.0003279714762,0.01454275665,0.008264720959
2010-12-31,-0.009938256558,-0.006881202238,-0.006214492025,0.0148631982,0.003863858725,-0.0009656963576,-0.001025224665,0.003695146742,0.008602325313,0.00366836919,0.01796382954,0.002649850428,-0.01046015104,0.01431419459,0.01854677929,-0.01248491262,-0.009898432807,-0.005764608846,-0.007876973055,-0.01131622208,0.008542155368,-0.000796274303,0.003880093151,-0.001046001404,-2.366089029e-05,-0.01210323168,-0.004748321746,-0.006979560229,-0.01087085259,0.0046662536,0.01831157025,0.001784132807,0.005014121614,0.01682577373,0.005748104405,0.002653440323,0.01415408842,0.009462296323,0.001192212505,0.001526791676,0.009051858967,0.002524866608,-0.003068137928,0.001012894769,0.001925219855,-0.01724578182,0.01238721225,0.01432789,0.03093511724,0.01786403547,0.01474632588,0.01392791625,0.01338568904,-0.006931144061,0.009032933849,-0.003696402042,0.01099790101,0.01085613257,0.01576713421,0.01045113367,-0.003280672067,0.00622267807,-0.003304572718,-0.01137897471,0.007389467866,0.005045625071,-0.001392350063,0.005168544665,0.0139324346,0.02628363903,0.01059716409,0.01387983164,0.01029902874,0.01563919101,-0.009971603878,-0.0006387422945,-0.008713283083,-0.007249847469,0.03122864053,0.01095761502,0.0170665904,0.0228412188,0.004553734365,-0.001397133597,-0.0009229912841,-0.005940437664,-0.005873622082,0.01364802918,-0.01137897471,-0.00969355045,-0.01047828597,0.01924632966,0.0003421597461,0.0003772281323,-0.009620277129,0.004299036593,0.01020346193,0.003580631122,0.01230566131,0.03353134321,-0.008804353625,0.005912602615,-0.01087808913,-0.007432359069,0.01517752234,0.01098700786,-0.00586774058,0.0293821229
2011-01-31,0.008724910869,0.02023948567,0.01968062426,0.02669978161,0.006647297431,0.007180981552,0.003630689761,0.007336545307,-0.003654280928,0.00590180261,0.01650330538,-0.002778913012,0.00718789111,0.01488217201,0.02166925502,0.005172393088,0.004799245788,0.01223203198,0.008458569588,0.005913457227,-0.001480903367,0.001113936192,0.001969423473,-0.005095413207,-0.009676628202,0.001822361106,0.009631093285,0.01549579024,0.004470825266,0.0117921102,0.01557660257,-0.01006664204,0.003766323652,0.0199997942,0.01810079658,0.006758294164,0.01409363954,-0.01145121298,0.005738037801,0.01232201422,-0.00133690675,0.006461027943,-0.004207086076,-1.583788039e-05,0.006834447537,0.002863854601,0.01958137213,0.03441242963,0.02061992948,0.01424167523,0.01826972447,0.0268395477,-0.004229720852,0.0001448192279,-0.001052462342,-0.001742242979,0.02805679567,0.0292689178,0.01553229837,0.02660693378,0.004621744051,-0.004920039053,-0.007005624015,0.02438153867,0.008098834759,0.02183823274,0.001348604707,0.005572128094,-0.003268743518,0.0025996438,0.008158836969,0.02638127767,0.02453972421,0.02740402697,0.0254406271,0.001667082305,-0.0008357238328,-0.02682107633,0.01833034785,0.005296434742,0.003588476738,0.002969850619,0.002114557643,-0.005980158339,0.006104541066,-0.009301480393,-0.002398152966,-0.003030699907,0.02438153867,-0.008017991252,-0.006752866331,0.02977866671,0.01692429429,0.01983925057,0.004025232801,0.004269420427,0.01131221914,0.01094274777,-0.01298564475,0.02007476002,-0.02289980038,-0.00955429321,-0.02567159604,-0.02601939098,0.02838091536,0.02326307767,0.01940302548,0.02595290261
2011-02-28,0.003706478328,0.001566679698,0.003046576838,0.005207269029,-0.003823111988,-0.003359848597,-0.002551297739,-0.001066323318,0.004280465309,-0.002656189272,0.007086783897,0.004156464663,-0.01091524142,0.005578589132,0.007545033277,-0.0006134329034,-0.00163043829,0.004860358508,0.002302090853,-0.002166650357,0.004020551177,-0.001966977444,-0.004805024463,-0.004578276547,-0.005520146467,-0.003707846388,-0.006857781247,-0.005224490557,-0.008086303103,-0.005343176019,0.009200882637,0.004106326601,0.005785340703,0.009262499953,0.005379582052,0.0004350624593,0.004647425792,0.005164211764,-0.001164628159,-0.003094082028,-0.002289125022,-0.003495447479,-0.00197853064,0.0007673405531,-0.002010555415,-0.003873375987,0.007498447908,0.003767481907,0.01062322741,0.005275867175,0.004236254573,0.0006816775359,0.004199177005,0.003712943754,0.005170675561,0.003008139006,0.004649324399,0.003761562482,-0.001702704147,-0.0002375366791,-0.001648035338,-0.002960405161,-0.003138532769,-0.001052381133,0.005089876477,0.003175563798,0.01105034471,0.006196942036,0.004476283395,0.00446887268,0.00635548952,0.001366342162,0.0009382086329,0.001363546332,0.002976229548,0.01115372586,0.009167116482,0.009289342046,0.0114878976,0.01001275283,0.006362869645,0.00466022835,0.005836665012,-0.001260262638,-0.003729615289,-0.005694109719,-0.002537809174,0.004020252101,-0.001052381133,0.001846498007,0.003409824511,0.003774343675,0.004117127759,0.004139705021,0.001233847049,0.01078583449,0.009207801849,0.01287545966,0.006843978799,0.00981715968,-0.001792141585,0.004968012283,-0.002421850411,-0.0004873850334,-0.0002822869949,-0.001336522159,-0.001728668096,0.009017324156
2011-03-31,0.00104367777,0.0008705243265,0.0009629474686,-0.000603027542,-5.39618055e-05,0.001186421142,-5.388523173e-05,1.964946065e-05,-0.002120892975,-0.0004251993066,-0.00105399012,-0.00125775963,0.0009538043975,-0.0009303311377,-0.001513866381,0.002435867551,0.004697382009,-0.0006236380802,0.002404562614,0.003673831762,-0.0001473200383,-0.002132339207,0.000681670793,-0.0008678636588,-0.0004279037728,-0.002753468878,0.003727609587,-0.0003168568031,0.003681789703,0.001364754035,-5.476243364e-05,0.001937944279,-0.003083200895,0.0001259261071,0.0003852862146,0.001186978257,-0.001162446286,-0.008386732693,0.001454538162,-0.0009373977045,-0.001223538583,0.0007802846035,-0.0004478868525,-0.0009215242643,0.002527827274,0.002894215643,-0.002368326428,0.0001171268102,0.0007507036011,-0.001557427678,-0.002775207821,-0.001452444461,0.001502153627,-0.004247881967,0.000607151296,-0.002885575857,-0.002418407528,-0.0018740476,-0.001612772077,-0.003844295659,0.002483832298,-0.001279390598,0.003553625865,-0.001485835725,-0.001139346018,-0.001296330471,0.003300929228,-0.01746146518,-0.001363989519,-0.006333574788,0.001849502875,-0.002046599003,-0.001454265425,-0.00207115232,0.0008677377112,0.0002116428345,-2.263908077e-06,0.002692683469,0.0008023562165,-0.005397673319,-0.004074228514,-0.002269522908,0.0008535514224,-0.0008132409246,-0.00284536371,0.00391928561,0.0004208910665,0.0004761973917,-0.001485835725,0.0001268680145,0.0004272656478,-0.002510152476,0.003609264892,0.0007461572407,0.00244337928,-0.002531789133,-0.002802226588,-0.003121610126,-0.0009019970909,0.0006326098873,0.009431971679,0.006991729746,0.005889283749,0.006015958871,-0.001237739245,-0.002076064693,0.0006879416656,-0.001214038782
2011-04-30,0.0001610257345,-0.003031558692,-0.003852117567,0.005773781422,-0.009772205232,-0.009147951916,-0.003189975979,-0.007987471709,0.004221572195,-0.006705207311,-0.003661330804,0.0102467354,-0.006482991046,-0.00464019794,-0.004209928887,-0.004626427386,-0.006946668735,-0.0004748911271,0.001468702107,-0.000191289158,0.009671068015,0.007062880933,-0.004461288871,0.006917809219,0.006506181559,-0.001941424928,-0.009645816821,-0.0108829796,-0.00266742691,-0.005856353958,-0.00424889842,0.006910217329,0.005763810555,-0.004401311222,-0.002378078499,-0.0065863337,-0.004274631358,0.007416093594,0.002098181436,-0.003431581943,0.006953140619,-0.006816435224,-0.007355848018,-0.00682723493,-0.007714214931,0.003055601796,-0.002613712512,0.001756369066,0.00618133398,0.00135537688,0.002716820001,0.005977040579,0.002618226552,0.00557706541,0.003996360438,-0.001675245616,0.0008835231602,0.0009714177816,-0.0003660530222,-0.003267381901,0.007209268241,0.0113789646,0.01106869728,-0.005812761436,-0.007064147332,-0.009660183357,-0.005012269052,-0.003730020226,-0.002896434891,-0.002704729645,0.004434176504,-0.002906828941,-0.002999944898,-0.002599508816,-0.003587231931,-0.004286655134,-0.00744672069,-0.001016126692,0.005364052024,-0.00358272877,-0.00850732545,0.004389036092,0.002990884757,-0.001781497049,-0.004402742532,-0.003632354745,-0.000446673565,0.003903319276,-0.005812761436,-0.002158241769,-0.002080527573,0.001240250849,-0.003286413698,-0.002137202812,0.0003919116317,-0.009683028164,-0.005645960279,-0.005736609191,0.01124106786,0.00593532902,0.002421915783,-0.002227725108,0.002792236857,0.001170222253,-0.001392717312,-0.004281079214,-0.003586405494,0.002465302901
2011-05-31,0.01140585956,0.007177588396,0.005865360347,0.001050822902,0.004932563562,0.005638631667,0.01380913556,0.007799377977,0.004540588295,0.01167220144,-0.004045442946,-0.01050126886,0.009815717572,0.004543205221,0.003070837765,0.00803097724,0.01212961208,0.0007165426042,0.009329369805,0.0006022289064,-0.01290164436,-0.0008045101189,0.005688110422,-0.006505527854,-0.01129607097,-0.003295562562,0.004681954633,0.007608824611,-0.003809552714,-0.001175172588,0.002516262297,-0.006720114293,-0.007486332353,0.005068550981,0.01116594918,0.01003447963,0.005401467948,-0.01612708076,-0.005840575992,-0.00408977096,-0.004726596611,-0.0008587510744,0.01015742454,0.008191162498,0.01221360432,-0.003269638478,0.001957005224,0.0002548820805,-0.01463949109,-0.005646386692,-0.004075430299,-0.003428019679,3.895944239e-05,0.007036192035,-0.003555100473,0.00391402027,0.002710077014,0.002496471275,0.002028995914,0.001506948593,-0.006479800294,-0.003548098956,-0.01199185288,0.006170074227,0.007955773161,0.01047277244,0.009360379374,-0.001735354568,0.01505011844,-0.0003066715694,-0.0003205496337,0.003412786966,0.006378692801,0.003791158368,0.0065713743,0.006402043623,0.004263167724,0.002746550686,-0.01413513428,-0.001575989102,0.01080524689,0.0009928976467,-0.005006918662,-0.00833426814,0.005888169057,0.008146430804,0.001369657577,-0.002911409952,0.006170074227,-0.000866098886,0.001667597821,0.002082856217,0.009108415143,0.009302788677,0.006850927473,0.006521337626,0.005077770038,0.004268386814,-0.007792655841,-0.01447067532,-0.002048495036,-0.005033076802,0.003868652653,0.002391570148,-0.003483488755,0.000195803051,0.006883446031,-0.01371142172
2011-06-30,0.005567869198,-0.007332289332,-0.007621524563,-0.0102368457,0.003071266361,0.004881747726,0.006463800903,0.005804801051,0.0005507577981,0.006557969686,-0.004236688753,-0.001072425381,0.0037742901,-0.001415612218,-0.0004612727277,0.00474545999,0.008284798718,0.007322166444,0.008857475704,0.00576994083,-0.00837786969,-0.00179071523,0.003448295874,-0.005939490243,-0.004621516657,0.004862269781,0.006667196168,0.002735439888,0.004382776153,0.004758539944,-0.002679494753,-0.0009156179795,-0.0097365462,0.0006369020556,0.003295834975,0.001790188452,-0.0006594099336,-0.01144766485,-0.001533973138,-0.002020417319,-0.007984150498,0.001280272191,-0.000722378572,0.001451598029,0.005528434878,0.004895152169,-0.0003054038703,-0.01311598426,-0.001618698685,-0.0114740522,-0.0131613731,-0.006724305072,0.003819148993,-0.00619436106,0.001438595418,0.005103563596,-0.01602400452,-0.01585809087,-0.008523809063,-0.006669927027,-0.004323591194,0.002763614815,-0.0009401075871,-0.00291754158,0.0006185727953,0.002356420268,0.004147791396,-0.0002218916539,0.007444053423,0.009764008551,-0.000395523674,-0.00559697869,-0.004926549576,-0.004751006079,-0.006515287936,0.002553740715,0.006885670212,0.002731679836,-0.001108564875,-0.003576765836,-0.001527465992,0.004969938927,-0.0001787297278,-0.00903180049,-0.01178797591,0.001103891041,0.0001407805421,0.0011608859,-0.00291754158,0.006261496006,0.006189334167,-0.01552872635,0.001193617122,-0.003697678268,0.005514019816,0.005260270945,0.003856594257,0.002934391464,0.001731851425,-0.002687815599,0.006674178246,0.001519077264,0.007538975203,0.006662559199,-0.009501260635,-0.009591148732,-0.01004883932,-0.01540770034
2011-07-31,-0.009741369512,-0.008024142933,-0.005902027731,-0.01322615131,-0.002907167857,-0.002751761488,0.006719979741,-0.00579736246,0.009986880593,0.00281416499,-0.007112404438,0.004525780472,0.001363740064,-0.006381350433,-0.009969412367,-0.007932233044,-0.00524075867,-0.004249486844,0.003245622476,-0.0001636305957,-0.01152800193,-0.008255002478,0.008800348227,-0.005655290614,0.004075736009,-0.00528247289,-0.008336720985,0.006134636917,-0.004087015322,0.0008580746716,-0.01267337989,0.007717630045,-0.00360767396,-0.0118124333,-0.007492753943,0.0007967020852,-0.00726055729,0.004223184089,-0.003823201925,-0.005932524961,0.004980532463,0.005861827495,0.002895127006,0.0006559394763,-0.001288826151,-0.001532013735,-0.01025443983,-0.01518850188,-0.01892302323,-0.004525980859,-0.004065475773,-0.01249879134,-0.01138159257,-0.0002378916951,-0.002408426966,0.001275744055,-0.0147827597,-0.01365851931,-0.005783181026,-0.004089086839,0.001191607781,0.01130052473,-0.000421511092,-0.01960458646,0.0006517544384,-0.002718676149,-0.006421236409,-0.002399462384,-0.000541632249,0.006376160514,-0.00228097784,-0.009450248058,-0.01140049645,-0.01066199108,-0.01862298943,-0.008492995828,-0.00867671079,0.00317534871,-0.01874166092,-0.007966586218,0.002692888622,0.0005066938038,-0.006012682706,-0.009954227113,-0.002364882002,0.008409535478,0.002039793692,-0.00031646431,-0.01960458646,-0.003457510747,-0.001807503155,-0.01622498558,-0.01461267026,-0.01174000189,-0.003733622507,-0.01439757911,-0.01292978476,-0.01002357956,0.003430993188,-0.01283133515,0.01832162067,0.006707929136,0.01247304577,0.009619306531,-0.007158470999,-0.005508907206,-0.01553160784,-0.01300352529
2011-08-31,0.005530667381,-0.02128056009,-0.01991932678,-0.04503401378,-0.0002180595692,-0.0005356346806,0.01762790756,-0.01116829356,-0.0003697483637,-0.000163365004,-0.03546170371,-0.01106172577,0.01088255616,-0.01889031151,-0.03610898769,0.01757762263,0.02561438506,0.008773530338,0.03227033094,-0.001328632852,-0.02437029648,-0.02566620654,0.001156997613,-0.01264319227,-0.004189564581,0.02110383389,-0.002913211668,0.01641093259,-0.002094282217,0.003139960045,-0.04413352374,0.008658623113,-0.02029282273,-0.0329147472,-0.009838704055,0.0096126985,-0.02122149398,-0.02420001701,-0.01170330559,-0.004897580673,0.002786111545,0.002323549769,0.01998204147,0.01358942917,0.001490309492,0.02396128847,-0.02131612057,-0.06386932676,-0.06312759001,-0.03631648102,-0.02724887811,-0.04016356701,-0.006216921868,0.02793417568,0.004198070361,-0.0008588172227,-0.0620143895,-0.0615480078,-0.03557079777,-0.03451342864,0.009968646525,0.04339967522,0.0354236244,-0.02990320571,-0.01632822053,-0.01420412245,-0.01288818801,-0.002886003887,0.0239504333,0.02312025829,-0.01023647647,-0.03177371935,-0.02789619737,-0.03052795391,-0.02569902764,-0.03165848173,-0.01132099457,0.0242840982,-0.06247407393,-0.01289330395,-0.02968843929,0.06062057488,0.04344734724,-0.02087750064,-0.02802103362,0.00900787506,-0.01539324241,0.003940867341,-0.02990320571,0.0169878983,0.008254300731,-0.06185337419,-0.01491738692,-0.02296089394,0.03196156861,-0.009872991389,0.01461323844,0.001568024203,0.009436192309,-0.06743007901,0.06000977701,0.02703694775,0.05219065053,0.04385265954,-0.05164361583,-0.03473136458,-0.03470879221,-0.07550890911
2011-09-30,-0.01088279498,-0.01071330429,-0.009586611936,-0.05841237066,0.008153001576,0.01192244899,0.005456936351,-0.001674767466,-0.00828824013,-0.007868324629,-0.03467701662,-0.003508908194,0.01884229979,-0.02064310298,-0.02263611176,0.01726544784,0.02616212739,0.01329175988,0.02237034981,-0.006317080064,-0.0252615896,-0.009655028097,0.009302193716,-0.001290490459,0.008330652871,0.01498646514,0.01412935265,0.02803673393,0.008210970156,0.01466654423,-0.03425105495,-0.006158289845,-0.01213671867,-0.03026901546,-0.01332286345,-0.007191470117,-0.02412660559,-0.01052418488,0.006882801828,0.01451750057,-0.0002125295719,0.00565617056,0.0136870414,0.006007980835,-0.002064906543,0.02007010757,-0.03019726088,-0.06752985999,-0.03412794406,-0.04229536676,-0.04759182994,-0.04998186994,-0.02796656735,0.02889316148,-0.008737457853,-0.00936958535,-0.05741624156,-0.05393134434,-0.03675059275,-0.02888456704,0.0008263465587,0.03088173559,0.02348484463,-0.01482166847,-0.02395077753,-0.01819030311,-0.007953151269,-0.009846247026,0.01385794488,0.02792419385,-0.02012769478,-0.02748110646,-0.02393209237,-0.02526871586,-0.02123522871,-0.03503175591,-0.02865362467,-0.0009462295244,-0.03375500949,-0.03301314992,-0.05449203117,0.03952886251,0.03514069962,-0.01415295859,0.005306144861,0.02425307249,0.012583555,-0.004166984356,-0.01735575005,-0.008069131544,0.001635609885,-0.06724133992,-0.01023434995,-0.01524324805,0.06544029478,-0.01798843268,0.006902698748,0.003751737646,-0.00464113252,-0.03937276829,0.02391864425,0.02503418532,0.01869257082,0.01963626602,-0.03122808525,-0.03439419354,-0.02547723143,-0.06213539735
2011-10-31,-0.03016514891,-0.02820699249,-0.02242767736,0.02559189169,-0.005351740978,0.0004739629095,-0.0027673227,-0.00143837445,0.01203737284,0.006614425264,0.03549455314,0.01208083432,-0.004971055257,0.02982393524,0.03556802364,-0.001514404124,0.001795624327,0.01243646039,-0.007402177447,0.004610850277,-0.007034665115,0.002683285907,0.002099955696,-0.0009710383839,-0.006800257874,-0.02666538533,-0.003272505557,-0.001929145062,-0.008129334433,0.002641467857,0.03934880672,0.03758712242,0.01635520309,0.03983730316,0.02222343066,0.006555584851,0.0363697217,0.005602966708,-0.002593988692,-0.002553113334,0.009306501384,0.003110231622,-0.005812738894,0.01092676729,-0.01000758357,-0.02092936201,0.03218898719,0.03442319224,0.04509546473,0.02768794226,0.007614604351,0.03013923773,0.001904665771,-0.05218830909,0.02215462784,-0.01668892655,0.01462178111,0.01536121813,0.002714198475,0.01005353745,0.004508340583,-0.02177890977,-0.00519743939,-0.002541834546,0.004800606741,0.0181469696,0.01421542723,0.01594375581,-0.01721910776,-0.01433039676,0.01779347768,-0.001262022556,0.00351181908,0.006820213038,-0.02060265737,0.008170666717,0.02152161027,-0.009456267393,0.04592777875,-0.01106510721,0.04851709347,-0.05756086667,-0.04689479799,-0.03596803722,-0.02073545342,-0.0303079737,0.001770315849,0.02628162301,-0.002541834546,-0.02507202035,-0.04571420763,0.01730005181,-0.00140665982,-0.007713739857,-0.0664065046,0.004332845596,-0.03614401807,-0.02764241313,0.03373748217,0.0495152157,-0.04210518396,-0.03702671973,0.000169740792,-0.005773459725,0.03393808956,0.01906413281,-0.008098849026,0.03592591797
2011-11-30,-0.0116006808,-0.03105624956,-0.02473518582,-0.04665913535,-0.007904403614,0.00525669861,-0.01670275004,-0.01922828199,-0.009329668361,0.004513908893,-0.03821722381,0.006233224112,-0.0006080698056,-0.02754770009,-0.04111876642,-0.01404064148,-0.005875379829,-0.01775272978,0.005457627596,-0.009738471761,0.002372897161,0.007379599822,-0.003099511844,0.01361465642,0.01888847957,-0.005815978887,0.01470715691,0.002743495129,0.03019582261,-0.0110725018,-0.04438363248,-0.01134163204,-0.0182686309,-0.03770126303,-0.02023488037,-0.01829453457,-0.02422452215,-0.009250384242,0.00501562175,0.002411158179,-0.01958088979,-0.02212354837,0.007748832727,-7.363385196e-05,-0.01480508467,0.03593491762,-0.02442622351,-0.06273531663,-0.02545956669,-0.04470577235,-0.03863197536,-0.03641588906,-0.04592666399,0.06385069102,-0.008150225725,0.01612727725,-0.06157350072,-0.0596793139,-0.04537359868,-0.0493981823,0.0220377447,0.02978023053,0.02799744432,0.007172597504,-0.02721953583,-0.0196211761,-0.02575755613,0.02396677974,0.003183483014,0.02283008227,0.006696235174,-0.04019480851,-0.03384365581,-0.03430321342,-0.03199339627,-0.03376046875,-0.02073674314,0.02207130733,-0.02484239051,0.05219874826,-0.03671431665,0.06055858844,0.06119935937,0.06595272726,-0.02522773242,0.01189675375,-0.009076341058,-0.003496594693,-0.005039184683,0.01886942399,0.01439285764,-0.06526702217,-0.02187532572,-0.02130148109,-0.02098599011,0.004069026507,0.03967154282,0.03375199859,0.02386741884,-0.04266901904,0.06295226787,0.05523731258,0.01778466236,0.019544493,-0.06142941209,-0.04559317341,-0.04285422237,-0.05660279378
2011-12-31,-0.02151119604,-0.02982131993,-0.02794889753,-0.02342751226,-0.01983479705,-0.01065294814,0.001135522696,-0.003118718631,0.0006797730623,0.009118937708,-2.759149994e-05,-0.008672103973,-0.002970112007,-0.01458435844,-0.01555148444,-0.005782758977,0.01333705503,-0.0008249739625,0.01496265239,0.004418302163,-0.01755033787,-0.01034793013,-0.0049849488,0.001170879623,-0.003151261522,-0.00555108258,0.003959370744,0.006859556268,0.01166071406,-0.01322973193,-0.02720117514,-0.002086481954,-0.01067368755,-0.01338699881,-0.01790571135,0.004606837701,-0.01961050901,0.004177562157,0.006751104026,-0.002619737654,0.006563850584,-0.01201022325,-0.02155645395,-0.01490938246,-0.008384387176,-0.0113691845,-0.01377425133,-0.02618034357,0.01075704289,-0.01152725004,-0.01704066786,-0.01550952889,0.009457408149,0.004410220126,0.009077303275,-0.007896558475,-0.02115083657,-0.02156225379,-0.01235873469,-0.02736099002,0.02294300899,0.0277280286,0.03286670113,-0.01503696341,-0.003144606015,-0.008198274808,-0.01538197485,0.01316327096,0.02362871989,0.008986980113,0.005170314594,-0.032058833,-0.03164416337,-0.02921725868,-0.03249797055,-0.004782755113,-0.006764518239,0.003628902343,0.01088709695,0.02711730921,0.005166523521,0.02240021902,0.02283203865,0.02019157576,-0.01984241708,-0.009740700303,-0.01245309958,0.01133454295,-0.01503696341,-0.00901461911,-0.01545864136,-0.01980645693,-0.02340147623,-0.03179468327,0.005728063398,0.0084491719,0.01226460525,0.01591601309,0.04365474844,-0.0010473568,0.004291490659,-0.001429191644,0.02053851069,0.01804639002,-0.02290895043,-0.02778055329,-0.03164474406,-0.01505964577
2012-01-31,0.02176097977,0.04425554706,0.03970098178,0.03396285366,0.02289428669,-0.001498074208,0.01607871778,0.0314811891,0.04810444626,0.01799306343,0.05196193741,0.002800517141,0.01933005758,0.05450717896,0.0728417198,-0.01393673043,-0.008959303997,-0.02175690587,-0.02019032043,-0.03811039404,-0.01254723597,0.01384987102,0.04177820334,-0.02272038059,-0.02338260423,0.004087395182,-0.03919924395,0.001660025027,-0.05386901668,-0.005800485573,0.0724486501,0.03902658098,0.03376758728,0.05769656295,0.03784945357,0.03502070352,0.04596471985,0.03346371518,-0.01090272465,0.0008598131043,-0.005401325548,0.03392393775,0.01737792834,0.02677505654,0.03470324005,0.004479979161,0.06045248647,0.06112619987,-0.006520719734,0.04328004591,0.0363716546,0.01918872362,0.02351235205,-0.0584302927,-0.01156515989,-0.001921676876,0.0450486439,0.04420220583,0.04861764258,0.06333548651,-0.01815366698,-0.02782339361,-0.0111502093,0.03257898508,0.02936912741,0.05201481304,0.04781728642,-0.01504857236,-0.04473911085,-0.02266072108,-0.001377921354,0.06502666726,0.06796680801,0.0688176003,0.04799609413,0.01831508597,0.0472465976,0.007466021883,-0.004619041884,-0.03915896728,0.05148816684,-0.0190324828,-0.05730652175,-0.05388643712,0.03589399561,0.009224397432,-0.0123332225,-0.002392723344,0.03257898508,-0.02624027618,-0.01582508348,0.04285855028,0.03086756432,0.03943514403,-0.01009156696,-0.005948820291,0.03284211606,-0.04424388303,-0.04161490224,0.008126762584,-0.02607343342,0.003063590494,-0.03446139411,-0.03834068243,0.05953828655,0.06184320983,0.05051908283,0.04623761971
2012-02-29,0.009123053176,0.002241755278,0.004994919913,0.03086655776,0.004985056986,0.006749256113,0.001340310283,0.009825453044,0.01019944672,0.01619878708,0.01911369406,0.008470178878,0.009797923316,0.02461135317,0.020640277,-0.009394696617,-0.00195603345,-0.004654931313,-0.007316360519,-0.0001654782097,0.004877572603,0.008658972901,0.003518424016,0.001230137307,-0.005580796689,0.003357127424,-0.003491746656,-0.00476171895,-0.00743238962,0.008927263949,0.01869930559,0.01695366392,0.00801553585,0.02149765143,0.0103146912,0.02266305649,0.02180889989,0.01048678554,-0.006122034973,-0.008926230084,0.006604397173,0.01004175455,-0.00256491105,0.003879960068,0.006789146575,-0.009468394773,0.01194500015,0.03182174242,0.0309516604,0.0220418777,0.01376639089,0.026181358,-0.002751070728,-0.02530869283,0.009772180481,0.004004048119,0.02032658018,0.01998420561,0.01059797605,0.03191976857,-0.01015394998,-0.002873977225,-0.0104983277,0.01129420113,-0.01013186882,-0.004155837883,-0.003157069641,-0.005340621967,0.005005610081,0.002253659468,0.006110349346,0.02148444077,0.02107746151,0.02105289015,0.009744819716,-0.01722585614,0.01310907835,-0.004601052033,0.03114032735,-0.03976967566,-0.0206575628,-0.01634742758,-0.03562860861,-0.04074452311,-0.01098275841,-0.01886686624,0.005605344665,0.00841216729,0.01129420113,2.006774245e-05,0.01067492663,0.02539965972,0.004155342016,0.007931157214,0.01552651798,-0.01324001422,-0.02074541678,-0.02694657083,0.0004703303127,0.02903438253,-0.01945300457,-0.002179957156,-0.01338763172,-0.01352566421,0.04131661856,0.03500805386,0.007644421192,0.02773575591
2012-03-31,-0.005013563319,0.007451799373,0.008468947414,0.009431302775,-0.004227325087,-0.006122842209,-0.01502070133,-0.01244520423,-0.001861399749,-0.009774107688,-0.009508042572,0.01083419824,-0.005858111515,-0.006395389997,-0.006751916456,0.006186366946,0.008461594223,0.007730847861,0.0043372114,0.00482435642,0.01659623339,0.01326758721,-0.004443335659,0.01558958403,0.0161740802,-0.01102208899,-0.008238836941,-0.01401877724,0.002977337368,-0.006658782661,-0.003487778546,-0.005054062474,0.007313064701,-0.003379850836,-0.00417609616,-0.01128034387,-0.006575768617,0.005769244936,0.007314203348,0.003642820419,0.01780769051,-0.009200272658,-0.01496246381,-0.01309774926,-0.004150046531,0.002543124154,0.002136785999,0.01598230972,0.0001670895879,0.01944159258,0.01807307406,0.005092305701,-0.0006601221585,-0.01590650115,-0.003091110731,-0.000822259732,0.01397181563,0.01166835531,0.009572069293,0.009048797919,0.009669832907,0.01194292755,0.0001407317092,0.008197192466,-0.02057784486,-0.01017942575,-0.009764478092,-0.006155952212,-0.009105564176,0.001890401934,0.009107298846,0.003626404382,-0.002850113232,-0.002565775355,-0.003644172278,-0.01072608172,-0.01248835031,-0.008882617814,8.97560054e-05,-0.009812053001,0.002120071669,-0.008375932825,-0.009579832621,-0.00828087155,0.008981841106,0.008614906071,-0.001866509167,0.002666912412,0.008197192466,-0.005414234328,-0.00224649171,0.01529164869,-0.005376558369,-0.004412735595,0.001171328801,-0.007741478125,-0.01818151815,-0.01283766856,-0.002549599532,0.003863899953,0.01655412263,0.01117635594,0.01527500972,0.01537108921,0.01498530084,0.01487716402,0.0004820735679,0.01948394504
2012-04-30,0.0059157875,1.166866496e-05,-6.795583908e-05,0.0006007102934,0.01275466186,0.01489049933,0.01430802554,0.02142655371,0.009493250865,0.0183829564,0.01073496121,-0.01739534971,-0.00352437246,0.0100777828,0.008389856212,-0.01052177095,-0.008349920841,-0.007738059261,-0.004165832446,-0.003368943721,-0.02265006312,-0.02121916522,-0.005325419828,-0.0259129299,-0.02068780464,0.001508975269,0.01030736383,0.02503560791,-0.0007097636321,0.005488551584,0.007757683558,0.007640325374,-0.01072531182,0.007251040179,0.0138917436,0.01401063151,0.01196476081,-0.01539073194,0.003548700604,0.004162031763,-0.01887185487,0.001899125344,0.0173360035,0.01587513536,0.01836491066,0.0121774796,0.008015307968,-0.004026533878,-0.01930813773,-0.00355528345,0.0002936331415,0.0008860278605,-0.005119602546,0.002758224603,-0.001991497895,-0.0003050678363,-0.005388026732,-0.005273006357,-0.003267044631,-0.01199968006,-0.004940914527,-0.02065974164,-0.009803585819,3.909365039e-05,0.01040377401,0.02143580167,0.02445274003,0.01292926688,0.001468383598,-0.0007253694133,-0.002715510882,-0.003018046116,0.001261429883,0.002310115379,0.006473731779,0.02223267506,0.02422144542,0.01910911805,-0.02020499071,0.01957866277,0.007139266815,0.004061900156,0.00698198023,0.01818734577,-0.001639460791,-0.002258253728,-0.00182528759,-0.005031811565,3.909365039e-05,0.004675017215,0.002155057168,-0.003043796799,0.004359636673,0.002592649335,-0.006577566746,0.0210984654,0.01498977255,0.01478215225,-0.01021147972,-0.02299868701,-0.008170484525,-0.008742847114,0.001910541723,-0.002030439231,-0.01217062957,-0.01417351962,0.004127941026,-0.008207041113
2012-05-31,0.006786934744,0.01321724455,0.01458079758,-0.02419035376,0.005795396674,0.003274230875,0.0151107009,0.008964187161,0.001306639016,0.01708921783,-0.01501638613,-0.007761405025,-0.009281171358,-0.01225724283,-0.01362114488,-0.01544448344,-0.01796343712,-0.0146560532,-0.002463622807,-0.01312715372,-0.01211101756,-0.006355173931,-0.003878363656,-0.01220773084,-0.013049705,0.01202601494,0.006219551365,0.01610100899,-0.007333179654,-0.003882664558,-0.01333248479,-0.006885557581,-0.01142207553,-0.01846959052,-0.01203260865,-0.006780773818,-0.01084239484,-0.01641861929,-0.009259200743,-0.005422359512,-0.02007622243,-0.002583303247,0.0254090569,0.01739818484,0.008644628445,0.003539748376,0.002880498428,-0.02158230546,-0.0466776834,-0.01242828892,-0.004494606664,-0.02339935018,-0.006720137166,0.02384613217,-0.009607468293,0.001385795656,-0.009052667138,-0.01002547118,0.0009868046488,-0.03000375714,-0.004025215847,-0.01465379727,-0.009151277443,0.005907354621,0.01900684034,0.0112885665,0.01303262763,0.0144126208,-0.002658612408,-0.00108239929,0.004875355584,-0.007441467223,-0.001160847857,-0.004410965053,0.00477966426,0.0439704472,0.027058401,0.01335599629,-0.04470154405,0.04234156255,0.04594520606,-0.01626849548,0.004654399622,0.03566169412,0.02093199149,0.02618274542,-0.008736969682,-0.004316373003,0.005907354621,0.01153623378,0.01032651781,-0.01333305393,0.002046774296,0.00071046673,0.03164037275,0.02816778936,-0.00578636509,0.01059355862,-0.0184383474,-0.04687509173,0.0007796632466,-0.01143037458,0.009501981172,0.00939315474,-0.04080398645,-0.03215137204,0.007761322894,-0.02367993845
2012-06-30,-0.002549149145,0.0004621339462,0.005772286154,0.01228176272,0.003255479745,0.00667264314,-0.005794055815,-0.001843580178,0.007653414118,-0.0002934181803,0.01733292894,-0.007813595603,0.006656295919,0.009230223139,0.02184055573,0.001428317839,0.002835865451,-0.006676110553,0.005957561238,-0.002721237183,-0.00396941075,-0.0007002294008,-0.002794132934,-0.001026544135,0.0006855263195,-0.005338495536,-0.00703610673,-0.001127312363,-0.009719157772,-0.00304245366,0.0201692353,0.007648537319,0.006031610064,0.02099179595,0.0111821623,0.006481301251,0.01480579733,0.004286200355,0.002124743396,0.0008123649067,0.004012043642,0.00224202824,-0.007458418013,-0.004491323913,-0.005765057749,-0.005272022726,0.003742012464,0.0140260865,0.008789650385,0.01585230025,0.01471535849,0.01154932625,0.006573269883,0.002754074875,0.001928333081,-0.004967615927,0.00899112158,0.008390156102,0.005788838633,0.01573005306,0.006211290024,0.000896292993,0.00759864029,0.001997230059,0.001799353451,-0.001905536007,0.003708829654,-0.002469298924,-0.000180598994,0.002393158432,-0.002923598347,0.008628610008,0.007490828881,0.01057522778,0.004411913735,-0.005322926042,2.175102453e-05,0.002225426741,0.008580085058,-0.01315291679,-0.02325471102,-0.003569592062,0.01843190724,0.003885279182,-0.002646279867,-0.01212956741,-0.00490554038,-0.001380000928,0.001997230059,-0.003808705346,-0.009291915422,0.01372535658,0.004220105772,0.005196422978,-0.01349251249,-0.00552321606,-0.002104013119,0.01178846689,0.004553320338,0.01185865275,-0.002692890712,0.006890191869,-0.008296010075,-0.009844159767,0.01993858817,0.01555450898,0.001438478414,0.01489091164
2012-07-31,-0.01137058606,-0.003642784458,-0.005002007036,-0.003196744556,0.002794008733,0.001086052865,0.006558306753,0.007500618745,-0.007409967454,0.01423643988,0.005745847188,-0.008881336192,0.002351633421,0.005644301343,-0.002645273635,-0.006510494948,-0.002801845701,-0.007214564402,-0.009718478102,3.960248639e-06,-0.000797237468,-0.006856111041,-0.00732795011,-0.00877385581,-0.01131241422,0.000188569738,-0.004923892161,0.0009432022099,-0.003756749651,-0.00524490301,0.004953978108,-0.01187425751,-0.008268082136,-6.792220479e-05,0.001710259594,0.007390666915,0.00376760909,-0.007401634312,-0.002770684719,0.002005806437,-0.008946468252,-0.003003561572,0.00610293904,0.007069666249,-0.0008161977752,-0.001649451579,-0.004117380526,-0.0003861195538,-0.009853591736,-0.0005055808581,0.008468398733,-0.005147659555,0.005218113691,0.01654727068,-0.01045943232,0.006379850093,-0.0004694551321,-0.001298952514,0.001814066363,-0.00178704406,0.007740167247,0.008667934212,0.009180126993,-0.004083712637,0.0004453521811,0.0008590034502,0.007830138155,0.005797406782,0.007067948279,0.00316550951,-0.002377408091,0.001818257057,0.004284632336,0.002755744438,-0.003761487303,-0.0006644695834,0.006713011909,0.003950716269,-0.01038960508,0.009672629054,0.01078342577,0.0043665193,0.005412604074,0.00638800368,0.005657163583,0.002836861988,-0.001908598459,-0.005798525122,-0.004083712637,0.00693848503,0.01258721227,-0.004472260804,-0.003849093993,-0.003993255555,0.01080917198,0.009268894201,0.002931630556,0.004567445367,-0.003299524525,-0.009615695074,0.006757368576,0.001605764324,-0.0038241478,-0.00327917364,-0.001302134188,-0.001759412423,0.000208941366,-0.00109070777
2012-08-31,0.007071758533,0.006187121534,0.006374429277,0.02041691757,-0.007199513367,-0.0110175984,-0.00718299453,0.005400451339,0.008016543355,-0.01125934578,0.01169803211,0.005384282508,-0.008298411184,0.007912702648,0.01821056416,-0.005037054865,-0.005888161405,-0.00520221887,-0.005836436051,-0.002759242595,0.005475894094,0.002777092569,-0.005784030284,-0.000773199578,-0.003252976504,0.002707871725,-0.007046407701,-0.009212856727,-0.004765990431,-0.008328911011,0.01667811669,0.01159782911,0.008976361003,0.0148381746,0.01006055785,9.749010206e-05,0.00559049961,0.002659577561,-0.004922520696,-0.007082478648,-0.004707683675,0.0008098078277,-0.01315500124,-0.01092669528,0.003206303346,-0.004492073583,0.0141917127,0.02168784564,0.01930567241,0.01335128447,0.004248333745,0.01688046476,0.003361860873,-0.01478076443,0.001970265502,-0.004796621487,0.01445813708,0.01359736496,0.006891816606,0.0251487253,-0.01017378857,-0.002974902743,0.005419291266,0.01061346964,-0.008873182884,-0.00554955381,0.00226023339,-0.01540369072,0.002668715195,-0.005028070906,0.001235489391,0.0182914241,0.01845933357,0.01786469353,0.01380799315,-0.007097967196,-0.005456082831,0.0009854169521,0.01937899046,-0.01835052424,-0.02045756367,-0.007366739829,-0.001726748333,-0.01261088809,0.002245196885,-0.003611278353,0.002492149943,0.001846668923,0.01061346964,-0.009713476719,-0.005309174158,0.01638957503,0.0142357577,0.01392708935,-0.00589313786,-0.009263431776,-0.01391299833,-0.005980593731,-0.007914675259,0.02064041153,-0.005483422584,0.0004162095396,-0.007020823255,-0.006416266797,0.02319319507,0.02440778218,0.01361804493,0.01745884886
2012-09-30,0.005989955722,0.01041722175,0.01145095759,0.01874568875,-0.006709039706,-0.006030490236,-0.002482312002,-0.003805225874,0.009574299213,-0.00596428402,0.0109171719,0.006141216323,-0.008493869616,0.01807984736,0.02263823665,-0.008167465496,-0.008232160757,-0.004530938825,-1.843025948e-05,-0.01124525903,0.009925086989,0.005157607485,-0.006121410104,-0.0006270302495,-0.002625319914,0.003110966942,-0.01378866895,-0.01316143798,-0.01294166147,-0.004494382683,0.01699447475,0.008903842522,0.005475459863,0.02150226054,0.01435489668,0.01184303162,0.01456704776,0.008609659271,-0.005059078883,-0.008723955539,-0.0007854120019,-0.002413206693,-0.005424228096,0.003555141708,0.002103794175,-0.003182925799,0.009136964838,0.02072218815,0.002063658155,0.01999933724,0.01916266981,0.01713500638,-0.003494824484,-0.005917529738,0.004229301686,-0.00178873378,0.02045943619,0.02112243075,0.01333378212,0.02970830099,-0.00825157641,-0.008656811274,0.000201184031,0.01524340011,0.001036283635,1.376608099e-05,-0.0005524853416,0.003763716262,-0.0072065787,-0.001062391692,0.004007865952,0.02699025563,0.02482641355,0.02623408444,0.01432488224,-0.01062296074,-0.005471064412,-0.008510625874,0.0007452933973,-0.009290662837,-0.01260393043,-0.001469906527,-0.006792597146,0.001538932114,0.006615575493,-0.004431589918,0.0003706930026,-0.0008038676091,0.01524340011,-0.01007094733,-0.006492463474,0.02272973336,0.007902735534,0.01091532153,0.001304481015,0.00132845289,0.01205977578,-0.006605057822,-0.01126403471,0.003065575476,-0.004466873992,0.005952771705,-0.01045609274,-0.007531865025,0.02416909141,0.02685553355,0.01160064084,0.02044298781
2012-10-31,0.001940873731,-0.006765805741,-0.006854695629,0.002054181449,0.009692040112,0.01059608714,0.004871339082,0.00239547614,-0.007587303988,0.002233057886,0.001738932455,-0.01611853185,0.004592557918,0.01404256826,0.0009362621874,-0.007209055557,-0.008016999992,-0.001688359648,-0.005283399917,0.006611102977,-0.0004886468084,0.00517729362,0.009740596271,-0.002143745678,-0.001345382422,0.001045167372,0.003241249304,0.004190223366,0.00614029116,0.007110194625,-0.005447577122,0.002436547854,0.0002703983923,0.0009528532989,0.007654511357,0.008280198281,0.01366674571,-0.004155676757,0.0008817342012,-0.0009684894274,0.004055023031,0.009397679601,0.01138559064,0.01449869967,0.007378848565,-9.669447576e-05,0.00462054827,-0.004818120821,0.002720659914,-0.007392688769,-0.00778178538,0.0007857491651,-0.007416927462,0.007802629678,-0.001055976803,-0.002367312918,-0.005220452707,-0.004270583424,-0.004756860328,-0.004841405628,0.004667095462,0.007548135569,0.005622175001,-0.003165089405,0.008967312904,0.009572464445,0.0126209507,0.01342420399,0.002237729974,0.01005824188,-0.004543884858,-0.002486252163,-0.003619232422,-0.0004039779387,-0.003027193285,0.004383589912,0.006304819187,0.004931331171,0.00570235386,0.01131178608,0.009749532742,0.008432059245,0.005410405682,0.007678776582,-0.004148768681,-0.0002935561018,0.007116383779,-0.002234980048,-0.003165089405,-0.003178998683,-0.006042105644,-0.004242310797,0.0021572761,-0.002942403967,-0.007363693327,0.009700324514,0.004819241643,0.008243862276,0.002095316254,0.003488158545,-0.0075392021,-0.007501413305,-0.005346034415,-0.004533081024,-0.003086790167,-0.003127837742,-0.003724414221,-0.005117220044
2012-11-30,0.002096402026,-0.006089163201,-0.005047683769,-0.001573265609,-0.0004565162787,-0.001832938556,0.004499398358,-0.0146752984,-0.008981154225,0.01264660469,-0.0007316884509,-0.01351262544,0.01053026059,0.001022299177,-0.001022746871,-0.002118380605,-0.005799273607,7.682724864e-06,-0.009010378986,-0.0007359464269,-0.008493062044,-0.01235414353,-0.008694394755,-0.003576155984,-0.002282704133,0.001078018952,-0.004350050789,-0.003356184587,-0.006042979032,-0.009032780451,-0.005472607337,0.0001677657916,-0.003457641123,-0.002254393902,-0.005737703031,0.0001576415862,0.001502458539,0.005513207805,0.0002978809087,0.0006572963526,0.001062520475,-0.0002434325038,0.005955082967,0.004085119649,0.002519677259,0.004459953529,0.002104332173,-0.002345856815,-0.001700672113,-0.00109338798,0.002350472352,-0.0002247322082,-0.0001295891702,0.0004176205236,-0.001030388312,-0.005245784416,-0.001590212093,-0.001469193317,-0.002829637066,1.322996984e-05,0.01622006646,-0.006706928542,0.007981656862,-0.002855555175,0.005260917986,0.002865355589,-0.002803712632,0.002811283423,0.003724060629,-0.0009834899991,-0.002961077304,0.001224514553,0.001225120165,-8.979008457e-05,-0.004625433647,0.008809999214,0.006450390147,-0.00295896103,-0.001582019925,0.0111583074,0.004786441969,-0.003451111296,0.004529157685,0.008429990608,0.0003834249394,0.001146911909,-0.0009647465991,0.003091005399,-0.002855555175,-0.001600522409,-0.006081329544,-0.002622671099,-0.006457640392,-0.006218055243,-0.009193185553,0.002197944228,0.002186951361,0.002021010356,-0.001641665005,-0.00110322164,-0.003095545301,-0.00328390188,-0.00176666603,-0.002046735371,-0.001205453188,0.0009552118585,-0.003894819198,-0.0008430962972
2012-12-31,-0.0129736678,0.009185126462,0.01042893957,0.01859849918,0.004787477523,-0.00334696535,0.0009143447149,-0.02148712661,0.008575655914,0.005232163607,0.02614785172,0.005852540351,0.009932774076,0.01800457442,0.02900614037,-0.007397668028,0.001546422195,-0.01563570096,-0.008010584474,-0.01848092109,0.01595872135,0.008480628845,0.001959794261,0.005402074004,-0.002518071226,0.008918056597,-0.01541163172,-0.01627428313,-0.01901374408,0.003102012809,0.03019367895,0.01156104322,0.0009884415005,0.02756380947,0.01011136234,0.01658004828,0.02063218298,0.01357762846,-0.008930038551,-0.01034821658,0.01045289756,-0.000381826929,-0.01170207276,-0.001718161368,0.008099836171,-0.004534585771,0.007094976099,0.01968176001,0.003173929959,0.02506556335,0.02186422011,0.02246480055,0.01115227803,-0.01108384393,0.003824485629,-0.001128453773,0.02369558466,0.02433177655,0.01770196766,0.02883621183,-0.003297235965,-0.01189212826,0.001884328533,0.00727676043,-0.01482091728,-0.01436222612,-0.01375003261,-0.01268462523,0.005750958876,-0.0009501866544,0.005039292022,0.02505489857,0.02444675414,0.0246782423,0.008624033037,-0.01371201818,-0.02041203003,-0.01372078933,0.001883197646,-0.005277195792,-0.002716801153,-0.01113108515,0.0007377322027,-0.009893694144,0.01354116971,-0.006158889118,-0.003187082231,0.007616702504,0.00727676043,-0.003024994009,-0.008421688826,0.02569143148,-0.003327806948,0.001286814611,-0.01369074747,-0.000987471044,0.007381256613,0.003716305991,0.006557502071,0.003466941775,0.00474287066,0.0118941347,-0.005643569841,-0.00311498573,0.031312193,0.02900994255,0.01222672671,0.0266774355
2013-01-31,0.0175131988,0.02014000888,0.02276303772,0.02756532259,0.002952910942,0.004297265737,-0.02977965749,0.0001035242714,0.03424667116,-0.02752748934,0.02770691017,0.01518587658,-0.01678201007,0.01278069774,0.03392099689,-0.003141295722,0.006908242884,-0.002377451264,0.00771095574,-0.01309243124,0.01549036283,0.01120846682,-0.005575582151,0.01318893957,0.00966412148,-0.009918741291,-0.01681900858,-0.03370078267,-0.007355438759,0.0006568160193,0.03272052726,0.01455943738,0.02815501747,0.03523832802,0.01954514041,-0.0009169303384,0.009843708862,0.007255461476,-0.00986483446,-0.008433850869,-0.0065979488,0.003613878728,-0.02786878395,-0.01379784169,0.004984467371,-0.007109150358,0.008126581316,0.03557707155,0.02013871747,0.03696103378,0.03621166365,0.02527285499,0.005867092606,-0.01492208485,-0.002936580709,0.007395063186,0.03232913093,0.03219358254,0.01760421164,0.03926429917,-0.00531389484,0.00345938844,-0.01060475753,0.02556809574,-0.009881334392,-0.01138678706,-0.00840832659,0.003607848223,0.002022296609,0.01548766583,-0.008540040177,0.04032566802,0.04024839274,0.04137117331,0.0186775273,-0.02300657841,-0.02350562673,-0.01405718986,0.01876020991,0.007190437297,0.005639219321,-0.00511166469,-0.003738744663,-0.01684242965,0.01528219534,-0.003307229711,0.001221928856,-0.006406167771,0.02556809574,-0.004991420739,0.007489599496,0.0348901404,0.00687709408,0.01196123892,0.01539065873,0.005001582822,-0.007398257489,0.006496168895,-0.01449829933,0.02238381746,0.004094185228,0.01364927582,-0.01068165794,-0.007436556241,0.04463622066,0.0353154677,0.02156152879,0.03927734184
2013-02-28,0.007039849709,0.004793666976,0.004245215496,0.001266147517,-0.006653834378,-0.007005504184,-0.003739561039,-0.004556380943,-0.002433150681,0.00127567015,-0.0002444986586,-0.002075199981,-0.003648006382,-0.004503045283,-0.0003378280256,-0.006797641487,-0.01294182908,0.0004428919893,0.004011450046,-0.004464389923,0.004278829602,0.001606607468,-0.002065095755,0.004424329028,0.002499607882,0.002636928529,-0.01248321542,-0.006182526012,-0.009532011295,0.0004375282698,-0.004668208422,0.00288106884,0.007740324129,-0.00169557326,-0.006774940244,-0.009476682435,-0.004087950327,0.000765227637,-0.001518410682,0.0007727489878,-0.002517898907,-0.0004131262244,0.001834309359,0.0006941330862,-0.003428811024,-0.002847840722,0.001865826556,0.001686014459,-0.008745313478,0.00334055561,0.005307280868,-0.00163974749,-0.0001874757258,0.006275772933,-0.004576769898,0.0003549010198,0.0009718981271,0.000929371854,-0.001162422536,0.0002359478959,0.009806746697,-0.001555245491,-0.001667945201,0.006369495782,-0.001614778105,-0.002426822807,0.004565348057,0.009213094298,-0.004613309152,0.01013402353,0.002726484969,0.005276335825,0.004590954412,0.002245411198,0.004377634857,0.007904963931,0.006763705355,0.008797459346,-0.009316584686,0.01710033847,0.02005002672,-0.002069574858,0.002150436706,0.005288755018,0.002460374238,0.00577870857,-0.000741377476,-0.003012010149,0.006369495782,0.003276029322,0.004099917212,0.001626196147,0.003752529262,0.003482972261,-0.003069352537,0.009276000447,0.01060738535,0.008576507625,-0.01038238732,-0.009519064125,0.004248650144,0.003710296959,0.00312470444,0.001946329446,-0.0003256773937,-0.0001142988964,0.004002200941,-0.0002302431387
2013-03-31,0.0070258768,0.005869762994,0.003760025351,0.02657359342,-0.006466000427,-0.005929506105,-0.01516405694,-0.005521520118,-0.005580669489,-0.0152423338,0.007690495344,0.01010259188,-0.00144486534,-0.01129472347,-0.000622256702,-0.003125418373,-0.0105221771,0.001356011474,-0.001671102906,-0.01013818495,-0.005353904893,-0.004240822725,-0.003778964773,0.01617085546,0.01160600528,-0.001991761091,-0.02398572817,-0.01294020709,-0.01247843258,-0.006397571253,0.000835397045,0.01540113213,0.0155291044,-0.002614398304,-0.004216382358,-0.01005967313,-0.01232483745,0.01348084348,0.001225326034,0.005470965975,-0.01080839719,-0.005215843732,-0.01399040693,-0.01122207475,0.00541399212,0.004377147918,0.008495197835,0.02593195631,-0.005690900085,0.02999150317,0.03038962762,0.02363980395,0.005010008224,-0.008581171909,0.01176518673,-0.005698940271,0.02398388884,0.02356260199,0.0171610299,0.02611103977,-0.004637876032,-0.01020606491,-0.003484510752,0.006030356652,-0.01759538219,-0.01659439617,-0.01068743979,-0.006674550267,0.01479405115,0.002981266624,-0.008109486436,0.02907793651,0.02912706239,0.027438854,0.008949736558,-0.02072758558,-0.01868826867,-0.01348122141,-0.005103437188,-0.01264981081,-0.01763872756,-0.003115580584,-0.004801242937,-0.01345136902,-0.006123257293,-0.01419206523,-0.00153686251,0.004223634791,0.006030356652,-6.419376151e-05,-0.006392215963,0.02477053469,0.009883608955,0.01711827291,0.01686888531,-0.007372152882,-0.004626960977,-0.005251883334,-0.01676397615,0.001625682867,0.01028107998,0.01636309035,-0.00403844443,-0.002962492158,0.02410891765,0.02555951712,0.01828078908,0.0274018815
2013-04-30,-0.007068340018,-0.007937371361,-0.007406535298,0.007829934641,-0.003965701485,-0.004485805794,0.001270310574,-0.0002332790898,-0.003791282838,-0.003571160854,-0.001239028371,0.00154019629,0.002170681137,-0.00402783562,-0.00404057643,0.003996023247,0.003787442483,-0.0004043952376,0.001528336663,-0.001321211471,0.004160185811,0.004304618869,0.004519188057,-0.0008261034613,-0.00204570068,-0.003000400235,0.0002373426115,0.0009734935748,-0.002948775611,0.002988504941,-0.001198034652,0.004554697801,-0.01050283141,-0.002257974632,-0.001256180475,0.002398823109,-0.004953503163,0.003429502804,-0.004303751905,-0.003806761694,-0.006127337125,0.0006100909813,-0.005581983285,-0.002845784689,0.007332144745,-0.00788977248,0.005568262063,0.004934944045,-0.00525337453,0.006375665603,0.007625845309,0.009271035687,-0.003875102121,-0.00414422371,0.003598945465,-0.0008278033716,-0.0009735332368,-0.0006738656588,-0.002500175387,0.002372556993,-0.01155890834,-0.003582477998,-0.01228933977,-0.005112845438,-0.009487207168,-0.006534011225,-0.009178321567,-0.01411380456,-0.003350024926,-0.002637413091,-0.00251969481,0.008289990999,0.006887145358,0.005354373874,-0.007258378832,-0.002494309688,-0.003510791943,-0.006647007526,-0.004486389513,-0.008081280239,-0.005187331367,-0.005705488379,-0.009279246929,-0.005039943384,-0.009851719167,-0.009275611472,-0.00118072306,0.002771979714,-0.005112845438,0.001295940729,0.001586619823,0.003439739285,-0.002940081517,9.911922308e-05,0.005366610789,-0.007753142392,-0.008344116568,-0.006904836996,0.007740095622,-0.004940259318,0.002316836468,-0.002725670375,-0.006335907163,-0.00693176964,0.003463815185,0.003497593822,-0.007360514271,0.007997315154
2013-05-31,0.02310661099,0.02037996143,0.01876968107,0.02539043965,-0.01127601848,-0.005389443364,-0.0183097218,0.01597855094,0.02435264288,-0.01490833532,0.03039181813,0.008235851952,-0.0176642491,0.01808262802,0.0343264363,0.0003114740815,-0.0008652195694,-0.004693899462,0.0004663909905,-0.008440633772,0.01103689935,0.005238982869,-0.008294725409,-0.00168776404,-0.004001908523,0.0005053813368,0.006420804095,-0.003606047066,0.0117467768,-0.006781566921,0.03400970797,0.001110252756,0.01347973972,0.0316539371,0.01210742507,0.005477061072,0.02137299208,0.01552941502,0.003558335434,0.0005321564799,0.0005488361909,-0.007811807538,-0.01641167726,-0.006633724172,0.008476241296,-0.004614220332,0.001580246782,0.03046031969,0.02729223948,0.02755511274,0.0260781476,0.0207571048,-0.002445143138,-0.0006678602654,-0.00665586079,-0.002131601463,0.03178362495,0.03233581864,0.01569252168,0.03942072804,0.007296101669,0.008131908713,0.01721729744,0.02437036134,-0.01227435452,-0.005041854986,-0.001117201397,0.007238016924,0.006987661598,0.01026933093,0.009234846843,0.03871183754,0.03884177128,0.03882315285,0.02510501738,-0.02281002221,-0.01535167871,0.001836369898,0.02628106553,0.008365829597,-0.00957247409,0.002632989385,0.01579624223,0.02152097818,0.01118148441,0.000548838701,-0.01028889217,-0.007568708132,0.02437036134,-0.01078981627,-0.007016677426,0.03126974758,0.01514440697,0.02024531561,-0.007080112615,0.006250369212,-0.007038261108,-2.873358505e-05,-0.02114114032,0.03189182972,0.001338390946,0.01831393371,-0.02007982699,-0.01497376902,0.04016113484,0.03690068354,0.0256734921,0.03566927084
2013-06-30,0.01085137659,0.003463401067,0.002936836063,-0.0143491783,-0.005217461155,-0.004317531168,-0.00193315114,-0.01679730883,-0.008996974573,0.01471269386,-0.002755963552,-0.001475209228,0.004708375521,-0.006804220273,-0.008034938691,-0.004568568804,-0.009661850844,-0.002922952073,-0.008030489938,-0.003082338301,-0.006425012512,-0.007807269835,0.0005299296966,-0.0004903603924,-0.003489617281,0.003421653411,0.001302948652,0.003920341832,-0.00497482757,0.0002707445459,-0.00866657098,-0.004876572287,0.008391524681,-0.007651049509,-0.01033248192,-0.007265439742,-0.00394739441,0.002853975039,0.00095468932,0.003320904636,0.006465994861,-0.009823179129,0.01115934324,0.004804146265,0.006614777273,0.005712015236,-0.003309059543,0.001563269074,0.004474647867,0.0003811234513,-0.004930246589,-0.01467571124,-0.006294196519,-0.02083889858,-0.008470319665,0.0012649611,-0.01133951056,-0.0100972495,-0.006495033347,-0.01034688727,-0.00699513798,-0.009048629498,-0.009339976626,0.001674931267,-0.004103728339,0.0134651319,0.01298895838,0.01084511511,-0.008526148833,-0.001747821588,0.0002179291487,-0.01450756556,-0.01403345241,-0.01278457234,0.00275724789,0.002509339331,0.005880099823,0.0127771292,0.004012855431,-0.008802564365,-0.003943202581,-0.01104816224,-0.00893029123,-0.01316464933,0.008956959392,0.01229733201,0.0007581133145,-0.00914809187,0.001674931267,0.001741659846,-0.002537023431,-0.0134636863,-0.0005139637933,-0.00409767999,-0.006530042151,-0.002218079722,0.002547854556,-0.000481506323,-0.01190020527,0.004161623842,-0.00227333002,0.00758814762,0.01228021661,0.01394655657,-0.01014062623,-0.009712049289,0.001069063919,-0.001995911398
2013-07-31,-0.00210047405,-0.005526164251,-0.00453017146,0.000745258442,0.001354083172,-0.0005082325727,-0.005667664307,0.00950824094,0.00342658285,-0.004321846633,0.001686998778,0.001258586584,-0.01111508806,0.006398529183,0.004301695821,-0.005941246955,-0.0004669730481,-0.005055640286,-0.00085686545,-0.01058607518,-0.002841717389,-0.004627016657,-0.002237699508,-0.002645214598,-0.001330902791,-0.001414925212,0.003233987167,0.003054829143,0.0009536561379,-0.002725507155,0.005427081625,-0.01543435733,0.01062708802,0.00602808336,0.002214512545,0.001641591577,0.005850596956,0.003800737342,-0.003798204243,-0.001955171713,0.002409694259,-0.00217218903,-0.001158056655,0.004108111701,0.0006858919096,-0.00233740794,-0.01576528142,-0.002916926127,0.007263751575,0.002933594341,0.0001429055324,0.0002505639574,0.004911603203,-0.00146451554,0.001695555722,-0.001031607203,0.002769286865,-0.001730781335,0.008944653427,0.000754235102,0.01245888878,0.009699512162,0.01336652749,-0.003962539323,0.003658682297,-0.002265282998,0.00118470517,0.007011701151,0.004481246824,0.01321221993,8.567525743e-05,-0.002583071169,-0.0001473901101,-0.002248414179,-0.005749235808,0.008383852201,0.005468187134,-0.001342330637,0.008137958357,0.017624076,0.009456254866,0.0100491412,0.01256652769,0.01631651223,-0.001979200708,-0.005883209671,0.002632660333,0.002578217317,-0.003329571058,-0.005899367856,-0.003422482082,0.004643842771,-0.002279970897,-0.005942307282,-0.009132206015,0.007002487267,0.006943353572,0.007103857678,0.006797039478,0.006539876062,-0.007316959765,-0.002751387197,8.124512613e-05,0.0009245290921,0.004505249338,0.0003639318314,-0.005534542938,0.003176554984
2013-08-31,0.001446902658,-0.0006530884489,-0.001417552022,-0.001903036834,0.001324511852,0.001247250701,0.001351509267,-0.004581539217,0.002483802198,-0.0002821302704,0.001605709187,0.006936097486,0.004292105064,-0.002362276386,-0.001063589198,-0.0004230478319,-0.0003050783562,-2.694878619e-06,0.0008806582828,-0.005416756159,-0.007818620574,-0.002649653391,-0.00112212202,-0.0002584213363,0.004430661337,0.001619386102,0.004702651219,-0.0004205997783,0.003002898634,-0.001234673633,0.00187745471,-0.002991054259,0.0006919004935,0.0001297362909,-0.002043202051,0.001703968864,-0.000749419034,0.005254037216,-0.002382972631,-0.004398974716,-0.006208443939,0.003912262315,-0.004064248778,-0.003862976046,0.005074983648,0.00373681065,-0.001831964075,-0.004825957218,-0.009311438371,0.005526946538,0.00512107156,-0.0004749090905,-0.00320629925,-0.0007743872659,0.00302539735,-0.001040525412,-0.001296480675,9.521611571e-05,-0.007482675508,-0.004466390507,-0.001350589783,0.0007115363784,0.0004250152096,0.005144935864,-0.003819795539,0.004781098656,0.001082778221,-0.004632132238,0.004607298035,-0.002348479732,-0.001108461663,-0.003313656597,-0.003616776398,-0.005204211842,-0.0003543067232,0.007677603214,0.006235437864,0.00304960906,-0.009979978442,0.001888573891,0.0007011387579,0.002433113766,-0.001259208431,0.008207681628,-0.001107302644,0.001931965735,-0.004685666669,0.004915801375,0.005144935864,0.0002645721324,0.000593990504,-0.001633913213,0.004927228665,0.002825283602,-0.005797537134,0.007964704715,0.005643648234,0.004652064171,0.002278286387,-0.005931566255,0.009664901276,0.01316239887,0.01902158132,0.01977539089,-0.005376034976,-0.005037799808,-0.0006179826714,0.001557290878
2013-09-30,0.006019334234,-0.001304154607,-0.001652917501,-0.001347713642,0.0004315236963,-0.0002806294851,-0.00531856953,0.004499517222,-0.007313966483,8.536560843e-05,-0.006984768801,0.01328189807,-0.00333753747,-0.003593859545,-0.004815977635,-0.0004011581799,-0.002286914302,-0.002800023669,0.003150623876,-0.00543049419,-0.001345112819,-0.003541427502,-0.006802873304,0.001170083751,0.006414877338,-0.00905960577,-0.005858989043,0.005989719582,-0.006661830266,0.006023438542,-0.005759545905,-0.002690627585,0.009029579593,-0.004803908911,-0.01006389311,-0.008426729648,-0.004985617367,0.01263797212,0.0008264877742,0.00430797846,-0.0005120014122,0.003668809606,-0.0003025141461,-0.00252521041,-0.001936161867,3.736177092e-05,-0.008132230341,-0.0004521570067,-0.006092785397,0.0003662204431,-0.00063095862,0.001904023439,0.005119680761,-0.005944160981,0.004436354558,0.001628041622,0.001408086777,0.0004640251157,0.0007864730893,-0.0004147640981,0.007610086451,0.002460278852,0.004493177921,0.006285214256,0.008072768487,0.005624658319,0.009750085605,0.007839692727,0.00275924771,0.002856050201,0.002047148158,-0.0001720099952,0.0001841968143,-0.0008335269971,-0.001906419832,0.006406925811,0.005046736731,0.01008034674,-0.007150103468,0.01080694526,0.008805201686,-0.0006357562195,0.003345221497,0.008822536643,-0.001564111509,-0.00373104071,-0.006865266474,0.003500118077,0.006285214256,-0.001168798022,0.002658815025,0.001087184922,0.007003028915,0.001373000935,0.001601349703,0.005542730022,0.007134227521,0.007475146013,-0.002746549903,-0.006847965139,-0.003741998845,-0.006707771469,-0.0006633911099,-0.0005907389749,-0.002487224452,-0.001580007575,0.0001558060608,-0.001015261134
2013-10-31,-0.009342264273,-0.002671927699,-0.002042287459,0.009836957983,0.0006384754367,-0.005991622819,-0.001317400557,0.004101475445,0.01546319515,0.005408723448,0.01243943017,-0.005465894596,0.006781288859,0.01961028135,0.02333679344,0.01521931273,0.01554417037,0.01133601412,0.007678386578,0.003493467002,-0.002054546684,0.008573762875,0.009789108447,0.001403105518,-0.001061823582,0.006251478188,0.01381009145,0.007190575259,0.01431276952,-0.007453274605,0.01560650937,-0.01282111331,0.003691823579,0.024102929,0.02161306347,0.003364989857,0.02029920468,-0.002633931706,0.0005036083397,0.003054281075,-0.003160572046,0.00840263077,0.001973230231,0.006125253677,0.003235971936,-0.007342882862,-0.01133165335,0.0092438958,0.003379057067,0.002121397296,0.004623487079,0.01054361492,0.01141615703,0.007029786776,0.002926313056,-0.002837446488,0.004785237168,0.003287262934,0.01433742382,0.01093327691,0.002551445386,-0.009561581101,-0.005558966946,0.003868928043,-0.009558144025,-0.007990556542,-0.006184623142,0.0008207791606,-0.0006276867089,0.004625684478,-0.001716793744,0.01146709064,0.0103189898,0.009768737648,0.0008727524511,-0.003374245264,-0.008063775665,-0.008356570331,0.004298484342,0.001172160856,0.009991322443,0.001962062382,-0.006330828304,-0.003987279335,-0.001077829531,-0.007751070851,0.007094282574,0.004953585247,0.003868928043,0.0001087915243,-0.004128577846,0.007498128561,-0.006678912477,-0.001963752955,0.0008448866062,-0.004793364817,0.009789327494,-0.004465440955,0.006639357324,0.007146937816,0.005902430927,0.01124304569,-0.005548074001,-0.004327854748,0.0143652397,0.01294368744,0.001015143591,0.004159539353
2013-11-30,0.01138616181,0.01286203535,0.0120061289,0.01238646864,-0.01372235912,-0.008269877903,-0.0004785960182,0.002316412342,0.01213365012,-0.01509202757,0.01290041059,0.005104374502,-0.01251015385,0.007653093605,0.01385215473,-0.0003238112992,-0.0004863998322,-0.003944356762,-0.005800579152,-0.007353156645,0.01385469261,-0.001241617691,-0.001120581388,0.002278454833,0.001695772643,0.002277789916,-0.001175110301,-0.002120446321,-0.004588514394,-0.013136491,0.01834919817,0.0158286101,-0.000567598801,0.01440326562,0.01156149044,0.008950811057,0.0119949917,-0.0006460158468,-0.002264888456,0.001895735519,-0.0008342102428,0.00287185109,-0.004596967686,-0.00197372884,-0.005831747013,0.0002716468238,0.01405072856,0.01088228661,0.002070197806,0.01509144765,0.01407800035,0.0106219277,-0.005340955682,-0.006816827156,0.002296176933,-0.002041316688,0.01216866272,0.01138103602,0.006900269964,0.01393163839,0.002466866399,0.0006075593151,0.008505540696,0.01122370433,-0.003838040013,-0.008856025236,-0.003583943244,0.0009805985599,0.001150075008,-0.003703092001,0.009071292796,0.01541820044,0.01594802455,0.01650764175,0.01133039264,-0.002683920027,-0.01183935035,-0.00213852505,-0.0001136036064,0.002832137079,0.0008763810584,0.002801139369,0.01075986246,0.002688404483,0.009611227087,0.0007625429848,-0.007014826576,0.003633446984,0.01122370433,-0.005596527442,-0.0002407225868,0.01211339204,0.001129996439,0.00539509925,0.002058483493,-0.0006895816104,-0.003009293099,-0.001195007709,-0.01312573303,0.001675425106,0.004100870202,0.002907640002,-0.004328227271,-0.001802940031,0.0144398553,0.01217045527,0.0131467481,0.0149194503
2013-12-31,-0.01264515418,-0.005878776198,-0.005034761408,0.00117099885,0.008794187017,0.007104760407,0.004525085214,0.004792536548,0.0007789964919,0.0003310254929,0.008965435137,0.000898410532,0.003044583143,-0.001175598557,0.00421811858,-0.004977896745,0.0005100131788,0.00218658373,0.002432498457,0.001623777341,-0.006493334298,-0.001184630843,-0.006488778997,0.001298459055,0.0005254942175,-0.002938023404,0.005674520353,0.002664168725,0.004939518671,-0.001268147869,0.003026564689,-0.006226924272,-0.009721386612,0.003281442866,0.004295244189,0.002557981785,-0.0006436877831,-0.002937596545,-0.003087777447,-0.005061430764,-0.01097357846,0.005546294517,-0.01031888404,-0.009469766023,0.002925917009,-0.00873952925,-0.004332111998,0.0006601847281,0.01077312248,-0.003166596436,-0.00431939991,0.0001111824345,0.007345821484,0.005872576365,-0.0008629722084,-0.0003204498699,-0.0005515795989,-0.0008698231754,0.004575220162,-0.000824841024,0.007075256463,-0.0007335448556,0.00972433714,-0.004096156442,0.004473719459,-0.003663909598,-0.006884658485,0.008636675852,0.004260582159,0.00888083425,0.00189106982,-0.002178656408,-0.0008606117186,-0.001715750441,-0.005980285942,0.003000636205,-0.008104804365,-0.01089876653,0.009468514418,0.006374452318,0.002466507093,0.002757243415,0.006576124631,0.0002107246658,-0.002182110118,-0.001532615045,-0.004641962348,-0.0009762995959,-0.004096156442,-0.0009598362265,-0.001517955018,-7.95424679e-05,0.00113881757,-0.001473306103,-0.001234616792,0.004791539546,0.004659528261,-0.0007235598445,0.007251613876,0.01486849717,-0.004705910339,-0.0001934211641,-0.002081277081,0.0003458984382,-0.0003112910727,-0.0008883431079,-0.005590665843,0.001234287476
2014-01-31,0.002666828969,0.005089655117,0.007244354095,0.0009290337107,0.001030924069,0.0001206365186,-0.008779987646,0.006356608775,-0.0141701564,0.004161289987,5.111752457e-05,0.002003365723,0.009168626049,-0.009321439193,-0.00397576089,-0.001740282419,-0.004284476403,-0.00844925058,0.007326972138,-0.009728475601,-0.0005778940613,0.007742432677,0.001757723329,0.006853597477,0.006947684922,-0.002873839011,-0.004644797897,-0.004337102408,0.002540602198,0.01060603243,-0.002274913828,-0.006156669943,0.006714247817,-0.005592831673,-0.01109160374,-0.009375929565,-0.009906646165,0.003578906895,0.0002713668789,0.00101875406,-0.002976459269,-0.002391001665,-0.00189484084,-0.003119178977,0.002516739543,0.01055892132,-0.01004323683,0.0004829982413,-0.03101626226,0.01199595311,0.01518023983,0.0006934886784,0.0002739220255,-0.002623128577,-0.002743923847,0.0004979093827,0.003142189033,0.002161679484,0.01261792033,0.00280644652,-0.009960720698,-0.02683360034,-0.01676006242,0.0008571016259,0.007930645143,0.01072520765,0.00311507099,0.0009080116873,-0.01532757066,-0.01055843181,0.0018606561,0.005842195437,0.005198030695,0.004706625534,0.004434791637,0.006991987212,0.006291226999,0.006281884799,-0.03171749724,0.002192672389,0.01197039419,-0.01841844244,-0.005003897069,-0.01024001307,0.01198429056,0.007668624605,0.009768023188,-0.002775203215,0.0008571016259,0.0006174169696,0.005212353451,0.001506438587,-0.004087552055,-0.001401418547,0.004157928665,0.008476793773,0.001429565773,0.005177582714,-0.01002718152,-0.02476964476,0.0118057747,0.006081523306,0.01366691616,0.01326683816,0.005090802397,0.002614644474,0.006294947774,0.001889740451
2014-02-28,-0.00148023005,-0.001791437496,-0.001654227258,0.01665751598,-0.0028302901,0.003228443713,-0.007655843821,0.003485691584,0.001805879643,-0.004733535481,0.003391300036,-0.001248927264,-0.00827761895,0.006045124573,0.01019854885,-0.004345126483,0.0007146398283,-0.01170777533,-0.0009616038439,-0.01694150397,0.006581851877,0.008428060315,-0.002960505901,0.006643255367,0.002925615587,-0.004233061243,0.004541815388,0.005352816979,0.006284765217,0.002874760013,0.007457400684,-0.004467132107,0.007383101025,0.005414690447,-0.008103263198,-0.006190247318,0.007410313983,0.01720746765,0.008281242246,0.0003302901807,0.003831512356,0.003191388286,-0.005471031464,-0.006875188768,0.003327518919,-0.007840357155,-0.00828152461,0.01683703458,0.03019939291,0.002589202206,0.001671529909,0.01984448482,-0.004197092202,-0.008129932205,-0.002134632314,-0.007522907355,0.007152145227,0.008055038279,-4.931362877e-05,0.009597629485,0.008458013775,0.005536235287,0.00658981885,0.01152277237,-0.0004757214236,-0.005336480997,-0.002202276125,-0.001619551484,-0.005006105491,0.01065985405,-0.009249028188,0.01443447497,0.01300244612,0.009865097284,0.01095784075,-0.006268796745,-0.01314947578,-0.0145100461,0.02956558937,-0.00859062297,0.001257461609,0.006882397159,0.00438240154,-0.003073589784,-0.004871987697,-0.01256029573,-0.002552003851,-0.004800298253,0.01152277237,-0.002538926576,-0.009095468377,0.01257827262,0.02040829765,0.01529635279,-0.02213691134,-0.01633411118,0.00312806729,-0.009926181562,0.002042473397,0.02716707914,-0.01073245207,0.00203605865,-0.008105432226,-0.00613106572,0.01309808189,0.009930921874,0.004797935991,0.009939999388
2014-03-31,0.004440630115,0.004120118428,0.003933857444,-0.004217068084,-0.001218046134,-0.001768674427,-0.003044269788,0.006671435142,0.0006447405293,0.002510709115,-0.003685003984,-0.001822833416,0.0009166950829,-0.004298831237,-0.002865439435,-0.006817088485,-0.01093269295,-0.00710488189,0.0007533360538,-0.003606536267,0.008786002292,0.006846782795,-0.0002267016415,0.004876659431,0.00409735328,-0.008671381552,-0.006914413495,-0.002979303071,-0.007595686967,-0.001226394847,0.003270553385,0.00623867456,-0.003268600192,-0.00197597837,-0.0005080166317,-0.00325224969,-0.005067183633,-0.002298543975,0.002753913606,0.002234337686,-0.008297592319,-0.003996789437,-0.01238269723,-0.01216882295,-0.004747719029,0.005060283016,0.006603567919,-0.0059910067,0.004944815235,0.001185203995,-5.866990638e-05,-0.006548499461,-0.0005441878925,0.002944253052,-0.000696891812,-0.001223712225,-0.002517622386,-0.00353256499,-0.002577953715,-0.002606282767,0.001809111602,0.005893263418,0.003913615189,0.006007280716,0.00951187994,0.003944007712,0.005333873637,0.01032843489,0.006457025036,0.006843418122,-0.001994474767,-0.002760067964,-0.003248767416,-0.003176561624,0.0008521616615,0.01280657592,0.009110145953,0.01002186768,0.004713018956,0.01061101483,0.009220331393,0.007881021175,0.004272588498,0.01196050775,0.006341434664,0.007521409012,0.001584976939,-0.001357523248,0.006007280716,0.0009482356155,0.001327556111,-0.00348588135,0.003446531592,0.0001730604315,-0.007238660469,0.01288701713,0.007632482772,0.01088175905,-0.005123126674,0.005297523207,-0.007147366695,-0.002234298202,0.002441113568,0.002454019091,-0.004209560479,-0.003277080419,0.0006489751817,-0.0008564898023
2014-04-30,0.009468069016,0.0007677049412,-0.001474246087,0.005296890984,-0.009223464546,-0.004943500762,0.001621820888,-0.007902425433,0.007241969499,0.00260144312,0.007441482944,0.001734518359,0.004340322395,0.009358637765,0.009343396811,0.009903130674,0.006836601428,0.003063802122,-0.005846923435,0.001490635627,0.006303574576,0.005101315651,0.0006291295667,0.00150139497,0.001164194152,-0.001162756222,0.003248427153,0.001699443726,0.00385497576,-0.005753215977,0.007619116991,0.001174482251,-0.0003234863361,0.009445647986,0.004490013932,0.005798208254,0.01059001074,0.003378715569,-0.004402837935,-0.006458690153,0.003500020796,-0.002817359767,0.001514897192,0.00148859858,-3.274099473e-05,-0.004088394379,-0.00126765313,0.003777544974,0.001931414152,0.00211838708,0.002353881818,0.005749818739,-0.004886780579,-0.0007778587839,-0.002161074908,0.007453468363,0.003490065973,0.003488501645,-0.002281808475,0.006665968281,0.0008290994304,-0.002614694343,0.004827396489,0.007735076049,-0.005522797354,-0.005117125195,-0.003670787498,-0.006833634728,-0.004806602629,0.0006339348342,0.003715056612,0.008690627226,0.008443914943,0.006799920461,0.005291822606,0.002722746703,0.002451713652,-0.003748777693,0.001613329192,-0.003814563204,-0.006907894952,-0.003006354997,0.004149981385,-0.001636599506,0.0008413554741,0.002876697242,0.001873626443,-0.001813256248,0.007735076049,0.0007936450875,0.007895693747,0.003436261166,0.004721885611,0.004699383461,0.0001429358901,-0.00160357653,-0.0002810674068,-0.0004453887454,-0.005418769495,0.001576345307,0.008113356023,0.008561724104,0.000635145996,0.001548731029,0.005665335697,0.005972498201,0.00331041315,0.003199902196
2014-05-31,0.004850699639,0.0005192474303,0.0006426714105,0.002788922205,-0.003237144484,-0.000796409936,-0.003776154202,-0.005474396597,-0.001548526,-0.007742334586,-0.0006946140608,-0.0001370686463,-0.001798106061,0.001530159002,0.0001600961983,0.001911490485,0.008837523083,-0.003672007207,-0.004648426286,-0.007784254385,0.003437535641,0.001287526501,-0.006204675877,0.003557846824,0.001516298947,-0.0007111413024,-0.002430542258,-0.001410286712,-0.004271448572,0.001606800453,5.88205566e-05,0.001991773351,0.007876481029,0.0001121755744,-0.005686503032,-0.00139353366,0.0003934685496,0.004930140712,0.003333382153,-0.0002368022666,0.005040949975,-0.001195603115,0.001471625595,-0.001354546587,-0.008815026648,0.001445431014,0.004057093305,0.0007216752824,-0.0008592771866,-0.001439678515,-0.00248958329,0.004552573663,0.003869042016,0.003464007066,-0.0005727040516,-0.0001596923078,-0.0006808166646,-0.0005277350108,-0.001151313611,0.001045177295,0.009041998545,0.0108873734,0.008472881798,0.002748814844,0.002701311428,8.532165458e-05,-0.001822727968,0.003493064708,0.006177336156,0.006589309157,0.002727678946,0.002288756591,0.002252496368,0.003558538758,0.004485058059,0.003391980099,-0.001564265607,-0.002639159866,-0.0007443177826,0.003979761056,0.0007615289432,0.009975454361,0.008400427715,0.008782130663,-0.002431704378,-0.003527910004,0.0007694442722,-0.002253329348,0.002748814844,-0.0001357639893,-0.0007692286361,0.0002427091337,0.002438479038,0.001122911901,0.001381191313,0.000731038057,0.0009345729622,0.001246646376,-0.001844966895,-0.001284085486,0.006806682495,0.002638134931,0.001773153972,6.893417679e-05,0.001669569413,0.002693091449,-0.0006900936124,-0.001603059245
2014-06-30,-0.0004026560682,-0.001515660298,-0.0005739759791,0.009154083355,0.0003759288506,-0.0002070118765,-0.0006761154725,0.005946516347,-0.0001158262942,-0.002017647213,0.00538487033,-0.008669162433,-0.005464742261,-0.002464753703,0.003219765395,-0.00517625588,0.002615453497,-0.003914324442,0.00169773621,-0.00411002106,0.001369656945,0.006359731301,0.002140015784,0.004801181039,0.006194412429,-0.0008976189588,0.0004382551069,-0.002216733807,0.003450350152,0.006477987342,0.002313537176,-0.0006495788459,-0.0009139214314,0.003147444184,-0.002464893009,-0.006355113937,-0.0007900957847,0.00485406489,0.002540658684,-0.003657647799,-0.0009537941273,1.219168759e-05,-0.003292488239,-0.003131862121,-0.002095078114,-0.001047566987,0.00256098894,0.007471317061,0.0157853444,0.006905129111,0.005458558184,0.008445086813,0.002922190217,-0.001570970422,0.002079441315,0.0008034663536,0.007430899063,0.008078066515,0.005883714908,0.005736807148,0.004531611535,0.003781895049,-0.00308260621,0.00353977857,-0.002239644534,0.0009763763048,-0.006257643931,-0.00126672435,0.0003655540599,0.001017369825,-0.002660322326,0.008249043845,0.008972564368,0.006588578362,0.003849460231,-0.001956802094,-0.003880692674,-0.009140282049,0.01546080436,-5.157146278e-06,0.001678780391,0.001060973782,-0.003407505885,0.000152272261,-0.003355261423,-0.004561589761,-0.0006945645846,0.004028295976,0.00353977857,0.001751593279,0.004182779194,0.008737676466,0.00463542444,0.006257006826,0.002395840743,-0.007761411478,-0.008912412025,-0.005643618344,-0.0005805312643,0.01574005503,-0.002504074945,0.003029085371,-0.004242884101,-0.004440265476,0.007813146035,0.005091971705,0.00473713006,0.0090150018
2014-07-31,0.008701390031,0.005911055159,0.005322186904,-0.00653214453,-0.01371509528,-0.01197070315,-0.008667698848,-0.007358203125,-0.0006792709403,-0.007108012622,-0.01066398932,-0.001022797661,-0.004567541032,-0.0149307418,-0.009101481043,-0.001191130452,-0.001511951485,-0.008668262949,-0.001652642511,-0.007094207757,0.006710139981,0.00573864545,-0.002571213997,0.008036776865,0.001730588648,0.002601656803,-0.01725071446,-0.01122373676,-0.01691346286,-0.005821422567,0.0005310063425,0.009086241844,-0.003904975709,-0.01266810323,-0.01176960354,-0.0103421599,-0.01481832363,0.005726036624,0.00570019614,0.00694032032,0.003538819534,-0.009073627016,-0.002035533726,-0.01021888783,-0.01273429543,0.00224898583,0.01394502601,-0.001007405808,-0.00678898999,0.004079910635,0.003668202354,-0.007136773283,-0.004376431929,0.003952391855,-0.007855001744,-0.003619101609,-0.002186383073,-0.00291331801,0.0009557406295,-0.001658001287,0.01017180857,0.005933360916,0.00689480555,0.001172306274,0.009610995992,0.002982657827,0.001170214873,0.006247352108,0.01203644915,0.0113444837,0.007485134677,-0.003596782152,-0.001532974473,-0.003084578056,0.003193671094,0.0093625354,0.003218991245,0.0008499483754,-0.007230749186,0.008373210517,-0.00638784221,0.006603362576,0.01187910997,0.00734635002,0.01433888913,0.01323470391,0.003819726866,-0.00481606126,0.001172306274,-0.002628111541,-0.002846047272,-0.005217280588,0.001143162775,-0.001959522421,-0.008017229327,0.001904594817,0.01280254992,0.01530876326,-0.01586188652,-0.006293297435,0.006629657488,0.004224522427,0.004935160459,0.003914073929,-0.006218590882,-0.001808913435,0.003989968226,0.001375119965
2014-08-31,-0.01556988291,-0.01867483679,-0.01881649977,-0.00733772195,0.005189629358,0.00165723647,0.006713841253,-0.01755098248,-0.01912017054,-0.006051621296,-0.01108218242,-0.005819347687,-0.001200016769,-0.001383552604,-0.007109812016,0.001577845142,0.001098309676,0.01193769037,-0.01543649853,0.01293065063,-0.01246439706,-0.01494280804,-0.009711349791,-0.01685158085,-0.01600611524,-0.007068189524,0.009921444529,0.008970517366,0.002581772606,-0.00105475401,-0.01561192027,0.0004932834095,0.006319518424,-0.004433453492,-0.01263697677,-0.004514986405,-0.001594562746,0.004327108788,-0.003136462592,-0.003067837464,0.01687975289,-0.00431909999,0.01905190628,0.008077796276,-0.007960931638,-0.007805646715,0.003914586633,-0.009635099784,0.0005961658674,-0.01201122597,-0.01598698253,-0.00684008751,0.001642597073,4.337812912e-05,0.007677055389,0.005066844237,-0.01584501797,-0.01513503327,-0.01585897678,-0.02094460216,0.01083620842,0.01504070884,0.01462432691,-0.01212425085,-0.003299735308,-0.004537795655,0.00176301638,0.0003040798838,0.009494982614,0.009623632543,0.009465204107,-0.02329605987,-0.02316217497,-0.02123485261,-0.01575428593,-0.005674909582,-0.0005228748728,0.007055188931,0.00186389305,0.007268940346,0.003605905569,0.01241630714,0.009715423244,0.01404705785,-0.01586037357,-0.009999673489,-0.0008103079096,0.00665629203,-0.01212425085,-0.006707994854,-0.00259443588,-0.01225432649,-0.01144939322,-0.0148084375,-0.001458864429,0.0001383767616,0.006036241695,0.001110154089,0.01567322417,-0.001620053032,0.004024293346,-0.0005853151845,0.007158747116,0.008533930662,-0.01981718033,-0.01937172136,-0.01640636119,-0.01291170129
2014-09-30,0.00792230238,-0.003331093747,-0.003748341371,-0.02331731894,-0.007564014334,-0.007698035919,-0.003191688422,-0.01772490843,0.006048425798,-0.009563512032,-0.02058102232,-0.006872162996,0.006557511273,-0.01074617671,-0.01682627256,-0.006630231422,-0.002157870351,0.001422312537,0.004427974782,-0.005975681671,0.0004954836311,-0.01042801598,-0.008073539491,0.0007534044211,-0.00353570352,0.0002549329752,-0.01691040428,-0.01026388727,-0.01063875764,-0.006514675771,-0.002208204665,0.01855044643,-0.01632431914,-0.01833926908,-0.007134850038,-0.006466487363,-0.009481077185,-0.01289726439,-0.00684727558,-0.005580527932,-0.01503669151,-0.003075753461,-0.003093457098,-0.006456064899,-0.01193551481,0.002517511341,0.02138953402,-0.0261383484,0.006471183097,-0.02202414799,-0.02867149457,-0.02233387417,-0.004355465073,0.02113855579,-0.008271354953,0.000547997342,-0.0214356469,-0.02146259408,-0.01211006002,-0.02266057335,0.01088516154,0.01884750544,0.02612850433,2.422426235e-05,0.005961728348,0.004435134406,0.001841503241,0.01115268739,0.01272601941,0.01137633858,0.01324495168,-0.02397507239,-0.02467857998,-0.02262627085,-0.01275602365,0.003039671851,0.004911547486,0.01306273974,0.007072539401,0.01065744298,-0.004225733565,0.02692036299,0.02803271017,0.02748122829,0.008460469809,0.01608406368,-0.004145940955,-0.005126552502,-0.002293449361,0.009913540294,0.002986193947,-0.02397759733,-0.008842342945,-0.01179938435,-0.007030694896,0.01804503669,0.02116706373,0.02136202336,0.003823842299,0.00348160027,0.01328646814,0.007128250895,0.01047825295,0.009226238483,-0.02620678959,-0.02422124688,-0.0119028636,-0.02261589855
2014-10-31,-0.008278305411,-0.01441486627,-0.01384903501,-0.01354632483,0.007200135878,0.005795868417,0.01932371433,-0.01709838903,-0.006212276553,-0.01324628076,-0.01719028226,-0.01411071046,0.01614754883,-0.01363936743,-0.0135800369,0.01746043756,0.01318481131,0.01302797431,0.003379751887,0.005348375473,-0.01746673357,-0.01316363857,-0.005780274212,-0.01040192815,-0.01457464968,0.01188546568,-0.004243103257,-0.008201679362,-0.007840103067,0.004846974783,-0.01455772576,0.000159824437,-0.01336378422,-0.01596802437,-0.01876327124,-0.00413933219,-0.01509115518,0.007717968086,0.003096738894,0.003040397948,0.01273422019,0.01066769483,0.01050706545,0.008153165619,-8.592699772e-06,0.01122729941,0.004192517586,-0.01947454494,0.0106662605,-0.03432124639,-0.03426883681,-0.01320826276,0.02983506876,-0.001769437115,0.0026446621,0.008124201611,-0.0252064323,-0.02640668273,-0.01603739598,-0.02210184751,0.0005200664004,0.008964157766,0.00106216148,-0.01183304797,0.00152817879,0.002936672537,0.001417157369,0.002725812639,-0.001045096251,0.01272667272,0.00919777255,-0.02511659764,-0.02461434189,-0.02263346368,-0.01865704251,-0.0004277788829,0.00543927793,0.001563359613,0.009982322346,0.01329310827,-0.007309526931,0.01444505647,0.009917887233,0.01142249359,-0.01351505783,-0.005950348066,-0.004693290143,0.001271332161,-0.01337558085,-0.01184214624,0.002519857392,-0.02352344628,-0.008635432766,-0.01393832019,0.009409441569,0.01631254398,0.01479419703,0.01316713545,0.01802977966,0.008590380974,-0.002626355207,-0.008558048688,-0.001312491602,-0.003785356167,-0.0213639739,-0.02179916502,-0.02535482402,-0.03621455316
2014-11-30,0.007929844722,-0.001693719609,-0.003834313297,-0.02883730294,0.009938520047,0.01122547901,-0.0004175709966,-0.01958771487,-0.002079587009,-0.001106538856,-0.02356711078,-0.01316719695,0.01927173794,-0.01633156657,-0.01708231936,0.02317809184,0.01536406491,0.02334543189,-0.009435046047,0.0009574701853,-0.01433823252,-0.0005746231656,-0.004864559128,-0.007306293389,-0.006024540801,0.02659403275,-0.02084442579,-0.01410645327,-0.01394648605,0.003277971266,-0.01794470087,0.001931544559,-0.00745079799,-0.01880844687,-0.02050980065,0.003466178459,-0.01937363795,0.003719163433,-0.004466640155,-0.001159822879,-0.001427174193,0.01419219626,0.007538212156,-0.00310921235,0.01413072941,-0.005832982695,0.01274660698,-0.0290848295,-0.008154728166,-0.02310546897,-0.01464210322,-0.02516003134,-0.0152414827,0.01934681121,-0.01200780617,-0.005237366388,-0.02970620862,-0.03046999574,-0.02318435802,-0.02224395694,-0.003723514341,0.01143690863,0.004237020141,0.011147666,0.003385277184,0.0064310765,0.0053187432,0.008966343126,0.02866778415,0.02598941382,0.01584108023,-0.01919799042,-0.02029311479,-0.02113243314,-0.007517909768,-0.005819119778,-0.0002069134313,0.005278536484,-0.007305795443,0.009666656698,-0.01129506619,0.02111913595,0.01824563655,0.01195100617,-0.002964153124,0.01347032247,-0.004852956935,-0.009315721677,0.00309011267,0.01833754353,0.01138326462,-0.03330586869,-0.0124553847,-0.01783637614,0.02843421454,0.02260967986,0.02745231799,0.029176964,-0.001964235054,-0.01092015095,0.01906570818,0.004608330186,0.005796594109,0.004680459817,-0.0236349211,-0.01974406638,-0.01793291688,-0.02631982625
2014-12-31,-0.01172208516,-0.03307702507,-0.03286104424,-0.05886335018,0.04482496365,0.05533970747,0.01960093924,-0.05007145765,-0.02880746048,-0.00960393662,-0.04731423664,-0.04888260932,0.07512780542,-0.03268191116,-0.05072118695,0.06875017645,0.06243047171,0.06848041235,-0.0490710986,0.02393194599,-0.03849175723,-0.03452298906,-0.01871943287,-0.0267367887,-0.0284280264,0.03081612152,-0.03487656773,-0.02608654109,-0.03177673689,0.02316413957,-0.05871143772,0.02542783835,-0.01266649143,-0.05020033546,-0.05254300938,0.01124186692,-0.03534322442,0.03325087441,-0.01302167244,-0.004376309573,0.003639037481,0.00569736334,0.03191541929,0.008240528813,0.0458008451,0.02658465127,0.03415106283,-0.07225392533,-0.001814304761,-0.07008145206,-0.06805577629,-0.04827356041,-0.0302684409,0.05632823177,-0.009009328675,0.02140613413,-0.06805976264,-0.07073428133,-0.0409872026,-0.08041308468,0.03593313497,0.06169967527,0.05786015924,-0.02818992647,0.01096322994,0.0154520922,0.01736972516,0.06786508225,0.07253081708,0.07157723076,0.05348717309,-0.07738595588,-0.07522904453,-0.07773227541,-0.04702818757,0.009230657749,-0.001903987232,0.0102797972,0.001597162728,0.07232886558,0.02896512927,0.06552086271,0.07472245985,0.06078725325,-0.02764280089,0.008509970636,0.007832928361,-0.005035789578,-0.02818992647,0.006871922781,0.03279651946,-0.071819153,-0.02445835995,-0.04239257818,0.04579675462,0.06376421288,0.06293036452,0.06429749331,0.03282178478,-0.01095908782,0.03924665707,0.001960193268,0.01101460085,0.00354398236,-0.07282534575,-0.08363727526,-0.05318376273,-0.0749294214
2015-01-31,0.02071124257,-0.01087437637,-0.0100785195,-0.02051963146,-0.006951665001,-0.004655561412,-0.009910458408,-0.0007043038453,0.01447899608,0.03120576981,-0.01737463492,-0.01079509671,0.0116814141,-0.008503005029,-0.01261670478,0.01339078627,0.009789093212,0.006875408784,-0.04420819643,-0.008132343196,0.02348686753,0.004172285474,0.01022536545,-0.0107497252,-0.002209120155,0.03578401533,-0.001334730318,0.0018244855,-0.002038638749,-0.004294177002,-0.01694409957,-0.01392023189,0.01005760723,-0.01491552762,-0.01816049882,-0.01503895244,-0.006859195034,-0.01260774539,-0.02207059908,-0.02576454915,-0.02145600682,0.01127036763,0.001192300531,-0.003875936172,0.01178430123,0.009982883436,0.002601661516,-0.02589524993,-0.02214714293,-0.0249856415,-0.01648218732,-0.01083260791,-0.04319245661,0.01826625093,-0.005177699153,0.01072999777,-0.02840243372,-0.02899838369,-0.03334377314,-0.01596055731,-0.02072620511,0.00408902418,-0.01088444382,0.0186245378,-0.002898909119,0.01121588233,0.01020923049,0.02007115284,0.01206456706,0.01762158271,0.01738209773,-0.01058796913,-0.01029494289,-0.01156460866,-0.008146740343,-0.02100136873,0.005393787245,0.002792327754,-0.02105251173,0.01753703846,0.02655894754,0.02112429628,0.02496028989,0.01678229866,-0.004212518819,-0.0006245282907,-0.008810959732,-0.004534911027,0.008796405304,0.003403338,0.0208556066,-0.02593856331,-0.01101215446,-0.007224391606,0.03481665551,0.01870265695,0.0225054101,0.02053259666,0.01098442848,-0.03380877527,0.04007468769,0.01142378428,0.0001453840229,-0.001877366446,-0.009985340506,-0.01448576826,-0.02377900875,-0.02941081864
2015-02-28,-0.009544474904,0.01304026449,0.01372640858,0.04450864177,-0.01624245412,-0.01916990086,0.0006038722197,0.01551896834,0.03120008333,-0.0472661301,0.06898400411,0.04551106538,-0.05010818595,0.04204505178,0.06263319949,-0.05553351183,-0.05313155874,-0.05741969593,0.03431246075,-0.02879534767,0.007144000115,-0.03056321086,-0.03456883648,-0.02504302671,-0.02999315049,-0.02310943171,0.027276282,0.02009383813,0.01363609957,-0.02189750091,0.05374684585,0.01936132143,-0.01519834974,0.06165002269,0.05797746954,-0.01540938541,0.04570589265,0.00726703197,0.03582549463,0.03492208897,-0.02010085749,-0.02353629644,-0.04351074739,-0.02909543081,-0.05557805124,-0.0302001913,-0.02313187547,0.05663855541,0.0203697226,0.05310341301,0.03717732994,0.04552839437,0.02204559398,-0.05645843257,0.0135153198,-0.007454362477,0.04580993847,0.04731004016,0.03034368604,0.06505870609,-0.02716214341,-0.05259612914,-0.0536779168,0.007037348489,-0.03153542868,-0.007826802256,-0.0178658199,-0.04367580026,-0.04802631009,-0.04784226018,-0.04197543037,0.04914861662,0.05334024371,0.05695285218,0.02540317296,-0.02320539143,0.006152545479,-0.01085973144,0.01803908696,-0.05519331804,0.03007226036,-0.06308738393,-0.06189466815,-0.06504405046,-0.00676612561,-0.02400335202,-0.01384849742,0.01505802882,0.007037348489,-0.01898049348,-0.02819010332,0.05198707555,0.004755113701,0.02147017972,-0.04916787117,-0.05690309043,-0.06605904078,-0.0657007378,-0.01809959804,0.02666677811,-0.04543016692,-0.005776052018,0.003729575427,0.01004326168,0.05921380818,0.06497907595,0.03288611452,0.05630025212
2015-03-31,0.008273010824,-0.0003180009346,-0.002579857216,-0.0262990184,0.01356355446,0.0136804582,0.002019740791,-0.01979819874,-0.009593514595,0.02269604607,-0.04428070378,0.005620368183,0.03376943373,-0.03756184409,-0.04430205005,0.01842855173,0.01577931979,0.02205450642,-0.02390060484,-0.002651732401,0.04075594269,0.02010597789,0.03120063559,0.02324959217,0.024167901,0.02699348812,3.661445151e-05,0.008374053453,0.002085322306,-0.02423586936,-0.03179328128,0.002909805905,-0.01920296057,-0.04107084777,-0.0288905345,0.01131252756,-0.047301483,-0.01033961157,0.004117028571,-0.002412244914,-0.01675897545,0.02490290252,0.009278920876,9.134409391e-05,0.00687116625,-0.02442363153,0.01178656165,-0.03081817656,-0.0009666687263,-0.02481544262,-0.02579284553,-0.02427725969,0.01953509328,0.0352626174,-0.01036493797,-0.01164354225,-0.02387306953,-0.02638611251,-0.01480892906,-0.04163353811,0.02704065914,0.02730714211,0.0361906877,0.006848995905,0.02906942392,0.00774366125,0.01430666207,0.02867072846,0.02586493245,0.03313773801,0.02654292591,-0.03295496317,-0.0358086667,-0.04009415953,-0.007171313655,0.0204133109,0.003266192973,0.01345823856,-0.0001789436766,0.03892813808,0.00279540172,0.02781547428,0.03684695337,0.0400122132,0.01778751749,0.02860457855,-0.01044355568,-0.00617073321,0.006848995905,-0.003878645705,-0.01580514535,-0.02988743769,-0.001323098944,-0.004340145915,-0.03103229563,0.03879467939,0.04178602378,0.04174790323,-0.002005972326,-0.006143297151,0.007328295875,0.002563424546,0.00962470046,0.007233498036,-0.0393755822,-0.0405036614,-0.01536389863,-0.0265071395
2015-04-30,0.003952493884,0.01925414599,0.01799926239,0.02278182546,-0.02466933777,-0.0251387193,0.005641062088,0.0009912555281,0.02585956607,-0.02443903384,0.04185500677,0.001605011284,-0.03733695748,0.02149984743,0.04307508127,-0.02494517288,-0.01996850629,-0.02984190558,0.02839750433,-0.02974968087,-0.01938536761,-0.01296583458,-0.006766375731,-0.008349871171,-0.02450159071,0.007079144782,-0.00652057155,-0.01664570161,-0.01353219498,0.01969824221,0.03927302251,0.0161747924,-0.01039785621,0.03944567432,0.03344159549,-0.01321631837,0.02657177828,0.005329791966,0.01915438964,0.01723451616,-0.0217284345,-0.01825937107,-0.03086947977,-0.02558410892,-0.01941159493,-0.01346152324,-0.00904077119,0.03902717168,0.008335858283,0.0349696517,0.02882407944,0.02047693572,0.005115904069,-0.03651250694,0.004893918016,-0.006355598171,0.03291660144,0.03239794153,0.02052125108,0.04436605241,0.00183271635,0.01602051265,-0.02483470466,0.009301537203,-0.02682159262,-0.002855596027,-0.00318586542,-0.0283376312,0.03089469173,0.003884521404,-0.01792830811,0.03637005609,0.04011812474,0.04040661582,0.01916379166,-0.03673496215,-0.002279721688,-0.01251755422,0.007916397924,-0.0337173248,0.009016743414,-0.002133588969,-0.03156154934,-0.03562231597,0.008670520802,-0.006120922539,0.005260895866,0.006664922241,0.009301537203,-0.004390810283,-0.01201521043,0.03407131148,0.008591122871,0.01331665228,-0.01635336497,-0.03876295609,-0.0125348269,-0.03881393469,-0.01217629704,0.01246371874,-0.008190337811,0.01144986706,-0.009426271294,-0.008533757428,0.04473351374,0.04404309105,0.02661926817,0.03640608137
2015-05-31,-0.0007683544663,-0.002243906353,-0.0006816638426,-0.00677415923,-0.003699294754,0.001269167003,0.002098172126,-0.001413697513,-0.0009887419684,0.003713628526,-0.01409691886,0.005335166559,0.004594915231,-0.02375282951,-0.01446901937,0.002181672994,0.01005520219,-0.006676837691,-0.01194745623,-0.01325892645,0.01892348279,-0.01080514858,0.007277072712,-0.005697562679,-0.004468479006,-0.006651206411,-0.0005117343669,0.001894639336,-0.001956972021,-0.02777058929,-0.004151842966,0.01007432611,-0.02003843792,-0.01647994903,-0.006169101191,-0.003414435838,-0.02503177776,-0.01199262028,0.005065917924,0.0003440449895,-0.01607177529,0.009834533292,-0.004899380305,-0.01636033261,0.009228847796,-0.008797397503,0.009236282758,-0.0006172579868,0.008695166897,0.0005834072778,-0.006289232757,-0.00945737301,-0.00882722401,-0.0001319002402,-0.005661848296,-0.0008562935933,-0.005827777412,-0.005764462747,-0.004233378568,-0.008061521604,0.005870731315,0.0137883926,0.0112312209,0.002665551386,0.003789316102,0.004191173055,0.01306887481,0.002640640753,0.01662422148,0.006949107349,0.02044266614,-0.01144808779,-0.01070831268,-0.00970208439,-0.00293116253,0.00249516397,0.001532414239,0.003443563153,0.009899123441,0.006149332035,0.01036600687,0.009665069943,0.008021104901,0.003672450026,0.008567864711,0.009913990349,-0.001307391434,-0.001228244277,0.002665551386,0.001579388609,0.002425804405,-0.00703579228,0.00155500226,-0.003195808331,0.007420143289,0.004063153739,-0.0157783216,0.002990715896,0.006406548399,0.003426258663,-0.001897375983,-0.0008339414018,0.001398399217,0.00086198492,-0.009147768211,-0.008996790222,-0.002680467574,0.0002835764462
2015-06-30,-0.002113588587,-0.01262111891,-0.01260660771,-0.03960903392,0.0180473166,0.02684100335,-0.006425485967,0.01453932271,-0.007243529625,0.03345709619,-0.04331072095,-0.002468972878,0.0216960788,-0.04964936359,-0.04110142321,0.0301603863,0.04624611223,-0.008261403561,-0.04078155405,-0.01614377911,0.02074968552,-0.01565721884,0.01875883675,-0.004732544439,0.008945274671,0.0003787032048,-0.01328325022,-0.0061568238,-0.01467082615,-0.04825186062,-0.03630996601,0.0002435899944,-0.02306132998,-0.04157374699,-0.03200734915,-0.005266429346,-0.04986470298,-0.01677124418,-0.0008823475608,-0.00751667907,-0.02228710672,0.02407511193,0.007488082719,-0.02278603935,0.04502818878,0.0008308241296,0.01711251089,-0.04308316505,0.01369229814,-0.03675601971,-0.04127074998,-0.04053579229,-0.009839114331,0.04302872206,-0.005429907544,-0.001361071259,-0.04010640087,-0.03713118464,-0.02824923036,-0.06029413603,0.03466659306,0.0306111225,0.02754901487,-0.004998670407,0.03457661282,0.03026719162,0.02341953087,0.03801308597,-0.000898186425,0.02044724212,0.03355269705,-0.05896481044,-0.05691849433,-0.05763288275,-0.02310902655,0.04799725766,0.03749459836,0.02818412786,0.01636588785,0.04885625864,0.03763214618,0.02998390566,0.0336651195,0.04659487517,0.01211432576,0.02248303398,-0.002410687305,-0.003446381051,-0.004998670407,0.005707572494,0.01711267791,-0.04243069489,-0.008115057949,-0.02462243257,0.03198726328,0.05103260163,0.04818985104,0.04802188375,0.01509158566,0.004860444155,-0.02280958925,-0.03096926775,-0.006384445312,-0.008118080202,-0.06008189031,-0.05819931534,-0.0271977207,-0.04022944968
2015-07-31,-0.01591366238,-0.04032125821,-0.03613157112,-0.06405423931,0.0783780999,0.06168826045,0.01199545989,0.004605309511,-0.05385964338,0.06582828899,-0.1053015652,0.02288318257,0.06105977563,-0.08699389479,-0.1050855104,0.02024839808,0.05394159674,0.01798146632,-0.05313180583,0.01057846778,0.06117157523,0.03276855707,0.0555571737,0.0366700977,0.05062636776,0.003069003452,-0.004542617626,-0.01682472131,0.01497063322,-0.01216732118,-0.09551753584,0.001012390343,-0.05321592734,-0.1007772498,-0.09315068466,0.02625665562,-0.09126337105,-0.001916890575,0.03359498506,0.01524317762,0.004578283497,0.07190296878,0.04411318262,0.002680637475,0.04833276458,0.005135196796,0.02676186422,-0.09522872747,0.01709605394,-0.09029042282,-0.09825536449,-0.06226485822,-0.002338177876,0.04784534613,-0.01633061258,-0.00327057986,-0.07695732409,-0.07710341597,-0.04439231648,-0.1184950924,0.02097954559,-0.01978916295,-0.01566112433,-0.02453543951,0.07684565031,0.07509074959,0.0310121176,0.08225492058,0.01261876512,-0.02826135677,0.04958008021,-0.10745712,-0.1110442632,-0.1139878825,-0.05553523404,0.09199598736,0.08733507462,0.04857439665,0.01892494787,0.1049179428,0.09409944124,-0.01013344964,0.02550778136,0.09807116799,0.0003079833809,0.01689742045,0.008160052968,-0.01685317591,-0.0246475417,-0.002755676652,0.0183516564,-0.07861875118,-0.01822951278,-0.03517241032,0.05554130978,0.1048528849,0.05078608999,0.08131198523,0.05069583367,-0.005139227526,-0.04593803851,-0.07463327397,-0.0009290801411,-0.009460840843,-0.1116778347,-0.1181662344,-0.06407235066,-0.09361055519
2015-08-31,0.003000496858,-0.02671346351,-0.02645063475,-0.04706093202,0.04340422159,0.04724964306,-0.01585967291,0.01111531684,-0.04127747033,0.04755970322,-0.07264223481,0.007051931985,0.03937234613,-0.05577594908,-0.07329791608,-0.01079880406,-0.005098884104,0.01524770085,0.03372049097,0.02834773927,-0.0403377431,-0.0009147529012,0.0006201720694,0.01648122623,0.03228139401,0.01629990025,0.005531305972,0.01464248302,0.006090223125,0.03096663486,-0.06395298099,-0.003726259397,-0.01769613112,-0.0680863818,-0.0710526303,0.02149601654,-0.06459077804,0.03429508214,0.05620407045,0.05647494586,0.01848905262,0.02196493321,0.03709569852,0.008215968956,0.01834504229,-0.004401832886,-0.001670002187,-0.07336209079,0.007575951581,-0.06948348427,-0.06198487688,-0.03868727834,-0.006339852226,0.04255660238,-0.01372798697,0.008129753881,-0.06527173123,-0.06529164939,-0.04549569155,-0.07651547316,-0.01064641027,0.006299260186,-0.02921694859,0.0001564799185,0.05596167333,0.05293355516,0.009136682167,0.06205311892,0.05151298915,0.04667197806,0.01765042859,-0.06795021701,-0.06981953547,-0.07221456142,-0.0274684692,0.05508025515,0.05944639427,0.02244592545,0.01072592815,0.06133293228,0.06628553477,0.01831070286,-0.01639148193,0.05473066742,-0.03295806588,-0.007627189966,0.005365288601,-0.01692219172,-0.005085035801,0.02873007047,0.04749167093,-0.06684588748,-0.01514038344,-0.02690635094,0.07257017819,0.06893474121,0.06983310261,0.01529241529,0.02381847629,0.004443566322,-0.01447781598,-0.02831457699,-0.007145324055,-0.009689175313,-0.07525952111,-0.07528748772,-0.05661136245,-0.07061040728
2015-09-30,0.005820369257,-0.01007922024,-0.01393566759,-0.05435539605,0.04718881898,0.04259840897,-0.02468004653,0.01396617401,-0.02559351495,0.05143559184,-0.07529438063,0.02336509836,0.04721627388,-0.06849560074,-0.06682403021,-0.0159035345,-0.01782575594,-0.006232072015,0.02842903392,0.000121530139,-0.02671765631,0.003051004567,0.004463331928,-0.0001999392364,0.01943775455,0.03954784675,-0.004759334124,0.01263898722,-0.001596030407,0.0247599244,-0.05728277045,0.004531607377,-0.02917239894,-0.06931948248,-0.07059502474,0.01338693146,-0.07225616055,0.002868872478,0.04169597314,0.04866488929,0.01378596822,0.02068989047,0.05141392967,0.00534813329,0.02981359833,-0.01170667294,0.0002035459468,-0.0629524179,-0.005453904776,-0.05991474939,-0.05627199186,-0.05365467211,-0.03344801282,0.06331752062,-0.01213135019,-0.01005661863,-0.05797121631,-0.05779143976,-0.04004203344,-0.07245239612,0.02134727022,0.05711481917,0.02243502231,-0.02319300338,0.04470748554,0.04431079014,0.01445696942,0.05932073974,0.06086301997,0.06298793319,0.009777889741,-0.06122370589,-0.06670040028,-0.06495224198,-0.0242564055,0.05363743321,0.04820329111,0.02038530814,-0.003839967423,0.07589766927,0.07408668101,0.06575009873,0.06825044073,0.07456704017,0.01462144133,0.03189506023,0.01532279835,-0.01171978175,-0.02319300338,0.00235048523,0.006820359415,-0.05973280287,-0.002426569433,-0.01906287158,0.04200039005,0.07618104162,0.08055459278,0.07467084767,-0.003195947322,-0.01935949325,0.02969143558,-0.01186604557,-0.001193258367,-0.007915836045,-0.07452928963,-0.07076454215,-0.03981997179,-0.06337714123
2015-10-31,-0.01406722751,-0.0234755289,-0.02125454642,0.01702112889,0.01715085751,0.01753449265,0.01485294448,0.005536726666,0.01098164947,-0.02462425122,0.0196846406,-0.001658245946,0.004780233934,0.01546652953,0.01616543114,0.02706405912,0.03651223914,0.01357405803,-0.02711735239,0.003861174113,0.006014510053,-0.02232611793,0.009207112215,-0.006792282361,-0.003080206071,-0.01345750649,-0.008007139067,-0.02621921364,0.01724236705,0.007487795368,0.01030125826,0.008204340792,-0.002294628703,0.01694455628,0.01176998731,0.01244377415,0.02051863836,0.02193485904,0.004484427328,0.002775701726,0.001264559496,0.02810261962,0.00183613229,0.00974954335,-0.005054502264,0.0005058791234,0.01373329832,0.01470165267,0.03165947717,-0.001479495447,-0.0175194508,0.01272769079,0.01767296328,-0.01985027316,0.01048169699,-0.01418696252,0.00430415574,0.002342169986,0.0115144352,0.008850082225,0.01849602376,0.0008266652595,-0.01321203056,-0.01821037659,-0.003904099564,-0.00730403924,0.01409746834,-0.004339571266,-0.01514001385,-0.005339656657,-0.01608292409,0.0004512934261,0.00431007024,0.006172668862,-0.01817315887,0.00572524692,0.005751007276,0.01004207619,0.03181853586,-0.002738967923,0.01141341702,-0.007887804688,-0.01423778713,-0.003970091726,-0.02114581069,-0.02109729549,0.003514096095,0.02058351018,-0.01705321919,-0.009735379573,-0.01404013129,0.009798604137,-0.009275059647,-0.01769246918,-0.01870875018,-0.009550606855,-0.01680388303,-0.0112503602,0.03229705521,0.02345628071,0.001784442395,0.01381638874,0.009921411102,0.009209208609,0.005698459496,0.006752890096,-0.01224664173,0.003160424355
2015-11-30,0.0001364129824,-0.03204515348,-0.03040304048,-0.06822224956,0.01262885727,0.03094357711,-0.03946595717,0.02053951065,-0.004871442248,0.07052949815,-0.08406651953,-0.001296243752,0.06205971947,-0.06634233663,-0.07147078672,-0.04465405424,-0.03700875588,-0.029516952,0.05074099054,-0.03117871012,-0.0642693581,-0.01405933793,-0.0004320664432,-0.02968889343,-0.01314028664,-0.00472785644,-0.01719412254,0.02122377057,-0.03337187216,0.004964120666,-0.05903281954,0.001472963706,-0.01445002522,-0.06937719202,-0.06057939339,-0.03526858071,-0.07551712407,-0.01079801439,0.07347121611,0.07249398843,-0.01746096498,0.02077428993,0.01225559498,-0.01656348259,0.05621133998,-0.01618365823,-0.01085585399,-0.08241564812,0.0189231229,-0.08612290655,-0.07705042017,-0.06812189476,-0.0314567126,0.07527183331,-0.01311328949,-0.02229465884,-0.0720218721,-0.07131652277,-0.05836564562,-0.08674535105,0.07473921561,0.0543462276,0.0731703155,-0.004147811645,0.05521620682,0.03773970883,0.004467213872,0.06975477918,0.06675293942,0.06109986666,0.05124154058,-0.0690007963,-0.07554260725,-0.06935621342,-0.04359126828,0.08528939609,0.04833771097,0.03402558825,0.02319779596,0.09048062573,0.07359797636,0.07295180473,0.08542042777,0.08748794788,-0.03652724234,0.01042850224,0.005345396771,-0.007360207108,-0.01121900044,0.04399850293,0.006847918368,-0.0751452475,-0.01908694335,-0.04450705619,0.009546748367,0.08904979757,0.08804771769,0.08850206413,0.03484306769,0.007000717948,-0.003305481554,-0.02774791813,-0.008400333301,-0.01359272914,-0.08356923607,-0.08240819524,-0.05340000274,-0.08820942457
2015-12-31,-0.02679897023,-0.08217520462,-0.08299558067,-0.09526710666,0.03347887032,0.06777496887,-0.06093339749,9.017831437e-06,-0.03531848616,0.08705735559,-0.1140120088,0.00965787274,0.09956658713,-0.09710632538,-0.1306561666,-0.02341613465,-0.05388220824,0.006683751796,0.06452864377,0.01339823586,-0.07388661355,0.01754505133,0.0363977718,-0.005758308677,-0.009545316945,-0.01392812512,-0.01761969622,0.02838247603,-0.02591453349,0.03148470761,-0.1411415595,0.01736021131,-0.009414815568,-0.1173265427,-0.1268686838,-0.007676791834,-0.09981702963,0.03237465256,0.1051169752,0.1305964919,0.008465673097,0.0720036009,0.06903072553,0.02009760832,0.05910666501,0.05122822042,0.01730519114,-0.1300817118,0.03976545377,-0.1305057471,-0.1312388395,-0.08893357526,0.022474729,0.1184000425,-0.003827267295,-0.01815580772,-0.1156179001,-0.1147851755,-0.06655029513,-0.146932406,0.07023701983,0.02655359987,0.1062202237,-0.03857485451,0.1464418774,0.123961666,0.09917936465,0.1430375595,0.01284014085,0.1068139975,0.05978002542,-0.1386852968,-0.1413922524,-0.1422846623,-0.08925887866,0.1364888073,0.1076824641,0.0895060598,0.04624384797,0.1286245059,0.06271957938,0.04938257015,0.1293924359,0.1130270274,-0.08517863897,-0.01252197743,0.01269991194,-0.005652586382,-0.04940520051,-0.01534449304,-0.003833695957,-0.1145731066,-0.013498441,-0.06296214181,0.04422828438,0.1266553634,0.1060318743,0.1264788652,0.08167697733,-0.001254551355,-0.0119461907,-0.04653267422,0.006711739836,-0.002847359669,-0.1457052932,-0.1457044834,-0.1052638442,-0.1302200436
2016-01-31,0.001878654891,-0.08009778257,-0.07814583612,-0.08438378123,0.07510158759,0.08884069412,-0.06384768614,-0.02844651901,-0.06048298781,0.08300220252,-0.1093841616,0.002962205469,0.0938460982,-0.08890794177,-0.1210858885,-0.01239344475,-0.03819594107,0.0374035797,0.06876318169,-0.0021400312,-0.07363747467,-0.003294569185,-0.02059181214,-0.02027444979,-0.0216152276,0.04041405354,-0.03442417272,0.03037990735,-0.03979182779,0.05999393371,-0.1271834596,0.04771764936,-0.05402152474,-0.113048487,-0.118003527,-0.02084232957,-0.09405467645,0.04421877063,-0.001065312195,-0.005578609348,0.005063367988,0.08263357104,0.06099334917,-0.001453215219,0.05050430983,0.04746621827,-0.03210228018,-0.1091454005,0.01653050019,-0.1025280237,-0.102171885,-0.0768206954,-0.06831980498,0.103327038,0.0004462261763,-0.002422232458,-0.1136617159,-0.1120693128,-0.08837185717,-0.1100779543,0.04166362041,0.05935547477,0.079797239,-0.04332041526,0.1044970907,0.1020355897,0.09200876063,0.08459793425,0.07177721183,0.0549606193,0.05896479105,-0.1077341785,-0.1105326296,-0.1079716829,-0.0841976021,0.1055442718,0.08909447801,0.07260871275,0.02766821348,0.09315917582,-0.006430824374,0.05411033953,0.1042429922,0.09075318461,-0.04133782191,0.01839759392,0.02335746616,-0.005373723719,-0.05477299458,0.01636985601,0.02977612491,-0.1141840088,-0.01879690815,-0.0604331058,0.1218125423,0.1060844135,-0.02440435586,0.1097475046,0.0795282858,-0.02370775305,0.03528996853,-0.0107361771,0.02075392166,0.009630683443,-0.112218597,-0.1091448094,-0.1048043811,-0.1032455402
2016-02-29,0.008180902991,-0.04230330742,-0.04162457618,-0.04450712603,0.05264883763,0.0611500782,-0.04410590826,-0.03877174548,-0.04945032841,0.04521276962,-0.04936802567,-0.006475937652,0.04120881925,-0.06375816529,-0.05765514257,-0.002295306571,-0.007161561827,0.003581230883,0.03308953076,-0.01556114632,-0.04160127826,0.01841849176,0.01998064333,0.00468521325,0.01018400008,-0.01124867584,0.009437815336,0.0458585113,-0.007996559699,0.03657959097,-0.06586706103,0.02565722352,-0.04854804192,-0.05847583613,-0.05559106071,-0.03209685462,-0.06059329634,-0.02735798385,0.01566647472,0.02273946805,0.01404731045,0.06370914392,0.0299349398,-0.01785652813,0.02212789465,0.02719142546,-0.03886005595,-0.06387687287,0.04131050741,-0.05978125256,-0.06395347125,-0.037863369,-0.02466074631,0.02261105894,0.0001678302493,-0.0250542188,-0.06098674756,-0.06194329687,-0.03233881236,-0.06566788708,0.005950502032,-0.005119080102,0.01966217116,-0.02663346012,0.06647285585,0.07832645375,0.07273652623,0.04549555109,0.05744812379,0.05571079712,0.01594146053,-0.06591330242,-0.06145669842,-0.06812264185,-0.04388030567,0.05981913471,0.06451860273,0.05127616733,0.05089845378,0.04701591675,-0.02044101,0.02281362951,0.04538013255,0.05319634606,-0.04170682737,-0.01730425192,0.01163553436,0.01210484205,-0.02935677314,0.002064306069,-0.00898082274,-0.06022281936,-0.01796809583,-0.04288014741,0.05315783103,0.05906069578,0.05267704308,0.05570717245,0.06158475655,0.008390088541,0.05970646718,0.01714722414,0.009930257281,-0.001030185395,-0.06623833384,-0.06893623824,-0.06325428853,-0.0602558102
2016-03-31,0.03512062875,0.1706152114,0.1729399284,0.1952442679,-0.2092738872,-0.2134611766,0.1426704443,0.05587525239,0.149147577,-0.255203658,0.2235339759,0.06114509891,-0.06002020122,0.1941355548,0.2489646656,0.08176235042,0.144204202,0.01058281172,0.1084780259,-0.05951224151,0.09280182932,0.05014965962,0.1240206665,0.09887144056,0.1130003317,-0.1359077114,0.03621246183,-0.09340996953,0.08740996245,-0.2056327106,0.2540230065,0.04962793467,0.05739618724,0.2372846643,0.2113727164,0.04772948428,0.2063615193,-0.01382546329,-0.1677932569,-0.1718590137,0.03017953051,-0.2097685489,-0.09181860193,0.00850144265,-0.1465381888,-0.1445787903,0.2049822857,0.2646420081,-0.110357894,0.2544792695,0.2268050256,0.1763003735,0.1607134416,-0.2517931975,0.05668374317,-0.05057270255,0.2484671162,0.2374681842,0.2086916901,0.2759356543,-0.1137584711,-0.1676917367,-0.1754183192,0.05684091111,-0.2273244198,-0.2314709564,-0.1887929659,-0.2154891943,-0.2243097914,-0.2347890366,-0.1892134776,0.2537341569,0.2535137501,0.2424941644,0.1789562497,-0.220697113,-0.2176107539,-0.1306462869,-0.1295192938,-0.2471991733,-0.1208248917,-0.2370937153,-0.2413644767,-0.2525120643,0.1003922312,0.01589048216,0.02022095565,0.06921870419,0.08907478016,-0.05532249214,-0.09876845284,0.2421681736,0.01333926768,0.1304945314,-0.1605599701,-0.2668116096,-0.2462098456,-0.2699942271,-0.2026050358,-0.009253240436,-0.04983942065,0.01457342204,0.1142543863,0.1422419048,0.2452187742,0.2689253956,0.2277115592,0.2562899553
2016-04-30,0.004804152909,0.07131015657,0.07148984127,0.1376154094,-0.07089959565,-0.07469172633,0.08278657319,-0.01979191956,0.0128577417,-0.09878215506,0.1364359211,0.01794376119,-0.07009479866,0.1339250039,0.1406455769,0.04010754428,0.08938621417,-0.03218586349,-0.01047960959,-0.0116610049,0.028188601,0.03222873266,0.07886812511,0.04781002729,0.07426431195,-0.0643142225,0.01355917364,-0.03439430706,0.06458293048,-0.06909754933,0.1390326169,-0.07405414831,-0.03352021306,0.1394330223,0.132597614,0.1176529176,0.1343291105,-0.06867704779,0.03560571234,0.02130809485,0.05863021689,-0.08529686898,0.007145444712,0.0833095123,-0.03486229128,0.04623227322,-0.04534081254,0.1645182815,-0.01434779458,0.1505414345,0.1406330732,0.1229642907,0.1238706555,-0.124602437,0.05129011792,0.03625360894,0.163199841,0.1561324366,0.1414636145,0.1655314891,-0.1141205044,-0.02078032697,-0.09237330727,-0.04343861299,-0.1426099946,-0.139851091,-0.1233059846,-0.1288693878,-0.07471064126,-0.1037201956,-0.07072663154,0.14953007,0.1579247792,0.1546380028,0.09296860155,-0.1507363357,-0.1337015843,-0.0800720704,-0.02442723121,-0.1631733439,-0.1061819677,-0.08939971969,-0.1374844971,-0.1640033966,0.02040414078,-0.03724520553,-0.01124882929,0.05069980867,0.003512691961,-0.03897087636,0.04822802723,0.1687532328,0.01631540292,0.068982465,0.1132154164,-0.1561658916,-0.1461224859,-0.154917564,-0.07924930892,0.01267148352,0.02580060992,0.07276169642,0.03646468051,0.05673423521,0.1559891791,0.1639232539,0.1292272852,0.1517479012
2016-05-31,0.003021366665,0.02994224208,0.02706750085,0.02587056909,-0.02490414795,-0.02550123918,0.02015154122,-0.006396053358,0.02156052656,-0.029308803,0.02900004717,0.001032443742,-0.01434177986,0.02655888419,0.02992589107,-0.002130512232,0.004746531,0.006933209586,-0.002023474383,-0.004271774856,0.01670551542,0.007862716359,0.007352229332,0.01221286513,0.02288384196,-0.0293025522,-0.00880098379,-0.01700077622,0.01690595629,-0.02884018854,0.03114648519,0.001934636986,-0.01173143327,0.0292091756,0.02595097325,0.02279981161,0.02840010093,-0.01271872736,-0.007340687922,-0.01169185398,0.01058564888,-0.02722115145,0.003897339514,0.02007758012,-0.01751530185,-0.01364730015,0.0002258771921,0.0360225003,-0.03700171177,0.04406797454,0.04318572957,0.02396828255,0.008733707526,-0.03970721861,0.007285073238,0.01603566238,0.03412469648,0.03429407015,0.01819788891,0.03172598779,-0.02102013699,-0.008213717504,-0.01885392846,0.002404497679,-0.0306900033,-0.02608988179,-0.01333272599,-0.03951203372,0.03478362683,0.02712948507,-0.01809171571,0.03571025626,0.0346546433,0.03503512001,0.03131615943,-0.02529651777,-0.02429534817,-0.01380336477,-0.03803816812,-0.03000360002,-0.0197289547,-0.008734827489,-0.03925214434,-0.03200346655,0.01936743345,0.01311911186,-0.002651176646,0.0114733768,0.003407361962,-0.01907755564,0.00950203166,0.03237790811,-0.003801248405,0.01982097799,0.01137883149,-0.02411689495,0.02074984624,-0.02524971784,-0.03255853676,-0.02168888977,0.02040140808,0.01866149345,0.03292558012,0.03043395567,0.0311071813,0.03277926459,0.03376968634,0.04341960922
2016-06-30,0.02638077728,0.03558100526,0.03485121128,0.04969802569,-0.01964923351,-0.02711013667,0.04182879291,-0.0100804979,0.008776402833,0.008247140358,0.05138141461,0.01414073096,-0.05210763422,0.0483237949,0.04977801811,-0.02767787007,-6.879166132e-06,-0.03719046563,-0.03410765447,-0.02537185906,0.01731544952,0.01414265335,0.02583227035,-0.009282661172,0.02130524636,-0.007345860235,-0.03182819525,-0.01040424075,0.005910986923,-0.02609354385,0.05483297197,-0.03745516435,-0.01242051106,0.04999200116,0.04806454634,0.04809478393,0.05097685815,-0.03846099484,0.03284514519,0.03208898011,0.02005396397,-0.03863497879,0.01368995814,0.03316285617,-0.002284213428,-0.01670213381,-0.0509484819,0.0555664585,-0.03746838231,0.05692985498,0.06182115968,0.05039713526,0.01909269408,0.01314212391,0.01844711318,0.01265298018,0.05032234712,0.05008915591,0.04566967688,0.05726784892,0.01456545129,0.04464501451,0.04121556031,0.01307565065,-0.04863042547,-0.05061909056,-0.03390867354,-0.02562585093,0.04917094729,0.05378258433,-0.0005332222211,0.05278888267,0.05418203414,0.05745945957,0.04465108515,-0.04895097278,-0.05020323673,-0.0161265554,-0.04090435954,-0.03791930982,-0.05012645168,0.04080976584,0.02642225597,-0.003710524754,-0.006729842803,-0.01677988114,0.0007276062986,0.01364081796,0.01464638226,0.004884121552,0.01008830459,0.05347881778,0.01983272296,0.03403969164,0.007406994032,-0.03081986923,0.05252596319,0.02612717889,-0.04225735626,-0.03018055347,0.0003430775121,0.01009651606,0.02348610262,0.02625413195,0.05024216909,0.05443296461,0.04619064777,0.05374633934
2016-07-31,0.006724245046,0.02080629778,0.01908324853,0.02626934825,0.001807717751,0.002518779224,-0.005864506117,-0.02077380314,-0.005293198384,-0.01021902411,0.02602357416,-0.001989688387,-0.0257814154,0.01470472564,0.01935705267,0.003210887547,0.01413505756,-0.01137004264,-0.02638683265,-0.005815777314,0.02489177052,0.0196548267,0.006445291004,0.0209280594,0.01132025797,-0.005271734794,0.006921023458,-0.006647816446,0.008971173642,0.006157783912,0.01780817384,-0.00446805309,0.02406419412,0.01766745084,0.01337219278,0.0004107496403,0.01573610356,-0.008003402558,-0.004600034545,0.00121468437,0.009016931407,-0.00733600719,0.002585215944,0.005490277491,-0.01445179652,-0.01191270134,-0.006376371854,0.03683798486,-0.00367042411,0.0364142665,0.02947149966,0.02261803797,0.01061326086,0.003274055215,0.005466659883,0.008564374378,0.03220048655,0.03164496905,0.01960010778,0.03055832836,-0.004889425808,0.01517284811,0.009761101421,0.02075739537,-0.009257017865,-0.006003839803,-0.0001812591174,-0.002520920397,0.0138335907,0.0127009156,0.00907120018,0.03192785214,0.03140159036,0.02569246678,0.02965631507,-0.02521379538,-0.02723937059,-0.01676936293,-0.003751939775,-0.02687725719,-0.03037681429,0.009481361862,-0.003273674395,-0.01055346558,0.01227684009,-0.0004515500601,0.002646655782,0.009578645581,0.02209654073,-0.005688037354,0.007293960797,0.03163985405,0.01322518966,0.02721413099,0.003871082414,-0.0287464044,-0.0003131712659,-0.01454380318,-0.01957025137,0.008323637582,0.009136610799,0.02548355741,0.0132438264,0.01843697547,0.03250476418,0.03067316638,0.03341019462,0.03860988202
2016-08-31,0.01387624736,0.021863978,0.02167538642,0.04830708071,-0.020160235,-0.02262534136,0.01238083959,-0.0002373592969,0.03287146937,-0.02284316659,0.05451364855,0.03329562077,-0.03497474109,0.04101053912,0.04932110374,-0.02777855596,-0.005606674072,-0.0295528684,-0.02873663468,-0.03683302672,0.03653213588,-0.007390118092,0.0306387091,0.01498467858,0.02098214662,-0.000871342472,-0.02036488312,-0.01713790493,-0.01316661823,-0.02346594303,0.048834234,-0.03144533896,0.03211711721,0.04728327157,0.03921001695,0.02214369564,0.047862328,-0.02343891268,-0.007086999571,-0.008661894432,0.02757547917,-0.03938094877,0.000356347101,0.01343247167,-0.02575242558,-0.002441680284,-0.03418549516,0.06284076661,0.0002655433576,0.06097231342,0.05872819152,0.03966595278,-0.008077779494,0.02457805076,0.008528308167,-0.003939250882,0.05215638076,0.0510526031,0.03728097225,0.07161965489,0.004667467928,0.02778045931,0.027766338,0.007932236785,-0.03878120079,-0.04390295828,-0.03754873823,-0.01737173176,0.01587756189,0.02705298639,-0.001571964662,0.06983908764,0.06851202807,0.06836842241,0.03114731687,-0.05839921201,-0.05703656323,-0.04943680999,-0.000640980416,-0.04331859682,-0.05192292894,0.01762096015,0.01721464826,-0.02089353113,0.01273016358,-0.0115934971,0.007710315268,0.009276463698,0.01452022135,-0.03296282482,-0.00692082198,0.05349223985,-0.0003531666273,0.02207635696,0.02238441006,-0.035899643,-0.04962557351,0.02106692827,-0.0287484144,0.01765634005,0.017924762,0.03600993592,0.01054719759,0.0182972916,0.06851040965,0.071488428,0.04221659885,0.06290472802
2016-09-30,0.01233597643,0.01734321549,0.01591113443,0.02651508775,-0.01770585758,-0.02514864712,0.01511148445,-0.009421055957,0.01250050508,-0.001781384545,0.03641561932,0.01445656909,-0.03435376984,0.02874897662,0.03219885573,-0.02898482244,-0.01182675825,-0.02950988261,-0.0289593491,-0.01949787919,0.02071571998,-0.007760362922,0.006031420249,-0.005550603733,0.006695247243,-0.007238340376,0.002753331701,0.009469105211,0.007190734373,-0.01531693655,0.03195869885,-0.03658303667,0.02219640112,0.02835868631,0.02618512978,0.02541309035,0.03113798311,-0.02824489156,0.01184145223,0.004780610775,0.02499948985,-0.03375151135,0.0149700405,0.01892895178,-0.01260689022,-0.003645545214,-0.03906604788,0.02956330518,-0.0193006061,0.03083645978,0.03955323037,0.02366416721,0.001708390326,0.02329306563,0.002406941297,0.01126580889,0.0250404375,0.02556724205,0.01883166574,0.03828109403,0.02647408211,0.01899935176,0.03462988539,0.007910835769,-0.02669544704,-0.02927178369,-0.03066568583,0.003315358291,0.008314947946,0.02831141187,0.01055081571,0.03902612574,0.04019007828,0.03989325965,0.02026194627,-0.02877312828,-0.03416302584,-0.03070822877,-0.02037391115,-0.007977170532,-0.03416111839,0.02330563556,0.02864426335,0.004460256538,0.003229325521,-0.003764511122,-0.0006717554261,0.005505926813,0.007910835769,-0.00569961419,0.01257387114,0.02765420801,-0.001491901687,0.006578538363,0.03359031891,0.009849900667,0.01343811978,0.02049798635,-0.01238388505,-0.01217026816,0.0009458118557,0.01237156852,0.0007418960143,0.001524771696,0.03484424846,0.0361599186,0.02107821024,0.03020162895
2016-10-31,0.009510168252,0.02508075067,0.02375614644,0.02436823032,-0.006403236772,-0.01271431468,0.01853932849,0.002089321418,0.02749266097,-0.0169419016,0.0396815013,0.01318686399,-0.01874753756,0.04141109799,0.04379607437,-0.01403233793,0.002716462053,-0.02033475402,-0.01262633825,-0.01534996952,0.02570823839,-0.001657847496,0.02388249167,0.004769279218,0.01303866195,-0.0088981539,-0.009408875117,-0.005768785969,-0.01109612984,-0.01694975173,0.04479383378,-0.01876723109,0.003060415382,0.04219647958,0.03994364296,0.0300964765,0.03846468895,-0.0233992122,0.005891462569,0.005857364623,0.01290095802,-0.02534224668,-0.008307005712,0.01306300382,0.002371633885,-0.01676156496,-0.01983406884,0.03162811092,0.01189477446,0.02990718761,0.03158642864,0.01626490179,0.01154928235,0.01006633996,-0.007138706786,0.002211361974,0.03648250324,0.0352357331,0.02056209354,0.0402260768,-0.01046116295,-0.01402500531,0.002847566157,0.01627123462,-0.02528186785,-0.02697972829,-0.02412297411,0.00832720776,0.02358822316,0.01149639269,-0.0005774663876,0.03705968811,0.03788053382,0.04013378934,0.02184092272,-0.03128450947,-0.02932740625,-0.02356456916,0.01289201624,-0.002583664317,-0.03352241307,0.009920243875,0.01926333054,0.009411793718,0.02000956972,0.004865330097,-0.002937464577,-0.003982341288,0.01775853386,0.003407995974,0.006556213465,0.03477536345,0.01018774989,0.01776840758,0.01690229281,0.01959266059,0.03977001199,0.03830906313,-0.02842314928,0.0147381889,-0.0001408034491,0.0225818225,0.0007474879034,0.006235680189,0.03517436825,0.03972420938,0.03077100577,0.03458839945
2016-11-30,5.172026468e-05,0.003418720099,0.004174145788,0.009827515136,-0.004358314797,-0.00581684883,0.004982708872,-0.005787240922,0.01448366543,0.005522768038,0.03606053922,-0.001446228485,-0.0126224786,0.03135824926,0.0323074864,-0.008869429521,-0.01626751082,-0.0166996285,-0.00583491777,-0.00365936783,0.01358915694,-0.0077333502,0.01036096921,0.002955292112,0.006202362414,-0.01143485875,0.0006501692646,0.008711776929,0.004589257939,-0.009555770207,0.03020963755,-0.02504538927,0.008090250344,0.03312832452,0.03283905947,0.01670025469,0.03148363295,-0.01011879259,0.00369100864,0.001550006447,0.00535438459,-0.01216344037,-0.001591713889,0.008801868362,-0.004583229336,-0.005690545355,-0.02916320428,0.01657058015,0.01703864718,0.01441091878,0.02335737917,0.009360781159,0.00686635665,0.01079163253,0.00667400512,-0.002300014485,0.008497951437,0.008883826645,0.006558707933,0.02948695243,0.008363064684,0.01310552774,0.01170701451,0.0008409165267,-0.01037603559,-0.01456479185,-0.01720024928,0.01715333658,0.01932177437,0.02562808949,0.009032098476,0.02721124282,0.02894758468,0.0291004954,0.001820153231,-0.01532335037,-0.01534115002,-0.02070854178,0.01611829844,0.01561673844,-0.01255451508,0.02852895454,0.01889089534,0.02101934609,0.001163956539,-0.0008369845584,-0.0009271675148,0.006861409154,0.0009302243235,0.0005624140347,0.006816993695,0.01007612754,0.009992345677,0.01141797752,0.02407142662,0.01905261602,0.03278779619,0.02688799734,-0.007382606658,0.01917687941,-0.006840547702,0.01042895976,-0.01274931047,-0.01051985049,0.03055015409,0.02858242119,0.005609239455,0.0180606108
2016-12-31,-0.006085553118,0.01439748941,0.01441296951,0.02378632899,-0.01585371316,-0.01863986403,0.02699217302,0.01270287489,0.02894482422,-0.02177536266,0.03743578348,0.02190412845,-0.01663661549,0.03745998873,0.03995349088,-0.0297772439,-0.00567106205,-0.02534717323,-0.008806764637,-0.02065241421,0.0243754077,-0.01352452161,0.0184854604,0.004129679648,0.002012278044,-0.0141240569,-0.013159133,-0.002650421567,-0.02203360276,-0.02392120284,0.03901167989,-0.03008224614,-0.01476157459,0.03918588124,0.03648554838,0.03661705332,0.03765929172,-0.02083037163,-0.01581135911,-0.01913823427,0.02041549833,-0.03059170686,0.0009510113911,0.01502285546,-0.01693087758,-0.02070960387,-0.02822569727,0.0365021616,-0.006708285406,0.04775361637,0.04286989401,0.02280844555,0.01019650937,0.005855362245,0.002689944039,0.001999570794,0.03254411666,0.03130000043,0.01518514169,0.0380332818,0.006300815884,0.01511118612,0.01091526206,0.01081626192,-0.02897961108,-0.03458027595,-0.02290660938,0.01706292063,0.01976227076,0.01984502562,-0.009257904802,0.03110598191,0.03440704004,0.03806490946,0.01496393486,-0.03938110198,-0.04219010416,-0.04012728003,-0.005702806626,-0.001211421033,-0.02094526083,0.01996896582,0.0195450234,0.03162794784,0.01460581011,-0.001646552027,-0.007423952384,0.001733654653,0.01248551769,-0.000755555517,-0.0009494375411,0.03264079693,0.01088112788,0.01524513044,-0.005956261507,0.01157866327,0.01364875039,0.02090129682,-0.01109111637,-0.001817784732,0.007303607673,0.02733133492,0.00815865269,0.01316771317,0.03734254262,0.03911914952,0.02354092202,0.04571491397
2017-01-31,0.006405066695,0.003582119402,0.005339885668,0.01830731845,-0.002915244504,-0.007348295674,0.005840253015,0.004875549875,0.01526037086,-0.01546193243,0.01891907147,0.01599506336,-0.01468362294,0.02211014124,0.02041666259,-0.01532485682,-0.009556294593,-0.02174062133,-0.008216177784,-0.008499846365,0.01941700576,-0.01130759058,0.01100100053,1.279531097e-05,0.002494122833,-0.003708195359,-0.002904735521,-0.005072490313,-8.445281187e-05,-0.01011616723,0.02093628201,-0.01109823955,-0.0004725858699,0.01900997129,0.02107812459,0.0164145928,0.01967851799,-0.02144040053,-0.002202640952,-0.003197390383,0.009682670998,-0.01960765468,-0.002411839955,0.01165805332,-0.01092860116,0.00165378025,-0.01427302707,0.02283139263,0.002460625425,0.02052885809,0.01925334554,0.01581276443,0.00697859325,0.001565673092,0.002366551415,0.004224072147,0.02180778501,0.02019085923,0.01384910027,0.02525216044,0.009768200103,-0.0006540084825,0.001881454778,-0.003617273637,-0.01852034981,-0.02210860154,-0.01765662155,0.01368827513,0.005755570457,0.01531000688,-0.006524932642,0.02179390675,0.02241904819,0.02375054976,0.008183112047,-0.02352508307,-0.03187959789,-0.02780078711,0.002017334317,0.006408651532,0.002058279904,0.008554832501,0.01567187574,0.01408590296,0.001783983625,-0.00588261172,-0.004867641092,0.005485084267,-0.002079535724,-0.003137262425,0.003676893315,0.02029959541,0.004387719372,0.006809194406,0.01754501966,0.01005646959,0.01450413178,0.01897398667,-0.005964190955,0.002677705057,0.0001046420311,0.0148329415,0.008872125144,0.01156858537,0.02406276553,0.0255389822,0.01301049014,0.02200534545
2017-02-28,0.001209775638,-0.0005988732114,0.0004549214309,0.01285103105,0.01363165629,0.01102420409,-0.01603687327,0.0008573219352,0.004884481635,-0.01100358951,0.006422791009,0.009669388986,0.003730268168,-0.003238937012,-0.003535735205,0.007679449993,0.006142965183,0.008938828579,0.009176198692,-0.008915734446,0.008097405125,0.006422114462,-0.005164826199,0.01110675865,0.006271174066,-0.001715709047,0.0004608787803,-0.001632234393,0.006949043574,0.003602595206,-0.003491815438,0.01181265218,-0.0052929689,-0.002323961519,0.002946586943,-0.003846191779,-0.001396976125,-0.004897201748,-0.006941966274,-0.003638697249,-0.01174127122,0.01484319843,-0.0111374668,-0.0108309971,-0.008917964577,-0.001979167338,0.006623317947,0.01733808274,-0.001517614517,0.0192887025,0.01321408841,0.0112132266,0.001431287334,-0.01213891571,0.006293205887,-0.007022721665,0.01460294612,0.01381530648,0.006584543166,0.008054813675,-0.001779450395,0.01220541277,0.01542405522,-0.001440448872,0.0005556516026,0.002748122888,0.007996132951,-0.01237916306,-0.009145367795,-0.008667988709,-0.005984706766,0.008132626973,0.007795020775,0.00702719215,0.001967419617,-0.01044209045,-0.01116229933,-0.01025621268,-0.001504951401,-0.01068529852,-0.01396331489,-0.002239997288,0.00176391289,-0.003720114827,-0.004528806718,-0.006343716118,-0.004109132895,0.003993636789,-0.001360014947,-0.008103497349,-0.006296148119,0.01516272224,-0.00332574154,0.002130993633,0.001146770169,-0.008477135576,-0.003908733088,-0.01139679842,0.00656818896,0.003960475742,0.006461337635,0.01726799684,0.009687145255,0.01400067557,0.01069968889,0.00898407798,0.006549874678,0.02055281872
2017-03-31,0.0007389543174,-0.004096956762,-0.004070575357,-0.004418816868,-0.004507261656,-0.006789663574,-0.001843955825,-0.002686504676,0.003157018857,-0.004393146699,-0.005985988481,9.024559511e-06,0.003326004624,-0.006275900765,-0.003410710121,-0.005320638764,-0.0146972904,0.002519604965,0.008506478663,-0.003665052729,0.00266162295,0.004931600043,0.003933672566,0.004203864794,0.004102448521,0.002455619123,0.00755240639,0.006280139242,0.0001203691409,-7.373212046e-05,-0.0002218928268,-0.003111075871,-0.00375815529,-0.004137515142,-0.001325413061,-0.003517104059,-0.00680671008,-0.003808823525,-0.00158063724,-0.003051583878,-0.007144065262,0.00826872463,-0.004320691966,-0.007320108748,-0.008379295029,0.001463619114,-0.001639163517,-0.01173657748,0.003858732926,-0.01045763478,-0.01165837862,-0.002647899011,-0.006270317583,-0.001828594136,-0.0004699635697,-0.006248176702,-0.008216254879,-0.007606124894,-0.009411236619,-0.01110175014,0.003364038856,-0.002980137045,0.005419098651,-0.005596683733,-0.0007779531755,-0.001664031107,0.003055274318,0.005352594875,0.001622489206,0.007163013655,-0.0006402019801,-0.01091939986,-0.01037297884,-0.01070649185,-0.001898970137,0.007055849119,0.008131491058,0.01266728477,0.003211583432,0.003549127036,-0.0009962888779,-0.001431406776,0.003166086136,0.006085107657,-0.006089922689,0.001628373653,-0.005794131345,-0.002038156202,-0.005596683733,0.004303136312,-0.004958074528,-0.009762601111,2.058874518e-05,-0.0004286390567,0.001268879129,-0.001745535499,-0.002887552322,-0.002146499282,0.003484380381,0.002346070088,-0.003086607199,-0.004194937234,0.0006456546333,0.001798498689,-0.01240289506,-0.01130647885,-0.007741831935,-0.01163749252
2017-04-30,-0.002560214738,-0.000991342922,-0.0009173759295,-0.004672638467,-0.006556397213,-0.004922286392,0.001831494456,-0.00404733916,0.001026939949,0.004256823336,-0.002107751366,-0.005740891112,0.007593354944,-0.0009297151101,-0.0005577932827,0.0008905571203,-0.003814557585,0.005949489596,0.005470460166,0.004514789708,-0.002506600546,0.002288406261,0.002383744019,-0.0005740331777,0.000531997412,0.0009504229138,-0.001244152732,0.003730300694,-0.002812547176,-0.0007238351464,0.0002958712294,-0.004374049277,0.00036920023,-0.0008612464428,0.001888673149,0.0004459658026,-0.0007161083992,0.002789857166,0.0002579831714,0.001458620531,-0.0002224160711,-1.748224539e-05,0.00099514111,0.001616417315,-0.002404417001,-0.0021869846,0.0005826283296,-0.004048681315,-0.003265207212,-0.002471179359,-0.003474909097,-0.004321009827,2.458593523e-05,0.0004619681245,0.003077165852,0.004666458365,-0.006750750187,-0.006695970998,0.00025279148,-0.003277589639,-0.003991423149,-0.007920951257,0.0003449367579,-0.0009555775216,0.001919731385,0.003280512552,0.0003631179109,-0.0002433335478,0.001232222566,-0.00513079581,0.001531518223,-0.00475326065,-0.003924894665,-0.003109907979,-0.001741920061,0.002363722605,0.0009319791409,0.002925756682,-0.004316770801,-0.001106474004,-0.003073692591,-0.008645457648,0.002081891977,-5.292892861e-05,0.0006908341473,0.003827494176,-0.001571785104,0.001589918558,-0.003244929631,-0.001839005234,0.002690701479,-0.007486975476,0.002746339113,0.002823900583,0.001534230119,0.0006968046687,0.0002052629084,-0.0003821362995,0.0007489278084,-0.003756162646,-0.002738454126,-0.001798761016,0.002899072963,0.002313676681,-0.003280897137,-0.004288294984,-0.002287235574,-0.002614868982
2017-05-31,-0.002971537121,-0.003133254612,-0.002463189469,-0.001580799252,0.006529589182,0.006832283165,-0.005329875667,0.008949494352,-0.002315072505,0.003385087371,-0.01302464336,0.002246072471,-0.004020062712,-0.01390189948,-0.01530531046,0.0071176195,0.003311371089,0.007273114643,0.0007847271367,-0.00106781061,-0.006356575336,0.006325284005,-0.004366235861,0.003309660971,-0.001822984313,0.0008168806385,0.001586435493,-0.0006545092446,0.001005849693,0.006259444027,-0.01584478939,-0.000732381236,0.008599283211,-0.01599739226,-0.00811553493,-0.0104079806,-0.0141104651,0.004091183428,-0.00172942788,-0.0001712007776,0.001275309298,0.0001818163645,0.002790718137,-0.006150779894,0.008550635451,0.005357878399,0.01394753691,-0.004389411584,-0.009173761066,-0.001603902531,-0.002980022577,-0.001907303639,0.001894007723,-0.002830843304,0.003540642201,0.0001268415141,-0.006159058134,-0.004303353024,-0.001993065131,-0.00889375505,-0.001384520368,0.003838255947,0.002450565646,-0.00528390189,-0.005294256696,0.007613427088,0.00962773686,-0.01365452433,-0.002708989307,0.0013140856,-0.00279968004,-0.004779960331,-0.005798305486,-0.007784090135,-0.002858702851,-0.003684767469,0.005597500181,0.003626665776,-0.007980627307,-0.01285259707,-0.001155118308,0.002992085196,-0.008045358814,-0.01435471174,0.00127599546,0.002991987648,-0.003024479145,0.0002728637328,-0.00528390189,0.0003714928683,-0.0005940128361,-0.004596487094,-0.007134069247,-0.006290994213,-0.002370628546,-0.01780133062,-0.01492070052,-0.02017682022,0.001584644193,-0.0093145632,0.002705122505,-0.0009710389194,-0.002970824553,-0.002952991707,-0.007376624645,-0.007700142935,-0.004092620285,-0.002946917277
2017-06-30,-0.01005883478,-0.01551412458,-0.0138279698,-0.01847517847,0.01002102156,0.01337634762,-0.02621174745,-0.007457902696,-0.01056723863,-0.01275847713,-0.03421794072,-0.0004170048915,0.01260698218,-0.03340756481,-0.03491238944,0.0123280023,0.002647626682,0.01820749416,0.01205810629,0.007903836695,-0.007178223834,0.01432617108,-0.01468476596,0.01654566985,0.007596033977,0.0001410902979,0.0111271017,-0.0002860835001,0.008764875487,0.01678819855,-0.02919794194,0.02305470878,0.01268792985,-0.03309779588,-0.02583087354,-0.03570743832,-0.03536530571,0.01177168883,-0.008284303421,-0.002014567911,-0.01751181639,0.029723104,-0.005738489246,-0.02471592384,-0.009797683409,-0.001330611037,0.02905019994,-0.02804493107,0.01016550983,-0.02403367788,-0.02423290902,-0.01277319556,-0.01281413066,-0.005921503411,0.005249471274,0.004592177383,-0.02571499114,-0.02493586723,-0.02265791184,-0.03304864149,0.01138608505,0.01490344248,0.01404679986,-0.001333117248,0.01034470823,0.01986847811,0.03119455024,-0.02037693295,0.004793799079,0.006491403255,0.001406657499,-0.02940484888,-0.02908356561,-0.03425766709,-0.01573135589,0.01264752505,0.01231816725,0.02468726338,0.01138265333,-0.0152850735,-0.01124625878,0.01573410915,-0.003655568343,-0.01748876469,-0.01207055717,0.0003322247443,0.003533082047,0.004780297571,-0.001333117248,0.0108511546,0.0108403866,-0.02410240459,-0.006973090175,-0.01031034553,0.01246697448,-0.02497953316,0.01455772917,-0.02177723415,0.01259972214,0.008490541545,0.008395062168,0.0001335973203,0.002002152662,0.00239539913,-0.03055122807,-0.03225444118,-0.02116740291,-0.02423116852
2017-07-31,0.005200450703,0.01029808349,0.008326587498,0.01241075144,-0.007019158764,-0.008360263258,0.007114325415,-6.677897812e-05,0.0036281346,0.004826688998,0.02207092423,0.00369410753,-0.003167851713,0.0185410049,0.02017241138,-0.004214125104,0.01268808639,-0.004431362114,-0.004035368879,0.00591761149,0.0006627800532,-0.005061623647,0.003263543012,-0.006142402311,-0.005150278773,-0.005713073495,-0.006890310455,0.00300579381,-0.004969685227,-0.01362243694,0.01782593137,-0.01564905509,-0.005692258367,0.01938547196,0.01379398598,0.01511256201,0.0199592722,-0.004323786666,0.005410030948,0.0067483771,0.01169517238,-0.01754083981,0.002477035242,0.0106506749,0.008929592809,-0.003164700906,-0.008555114316,0.02037622155,0.002272339498,0.0210200014,0.02055114768,0.006360506967,0.003767464193,-0.002952339267,-0.003100026547,-0.004777803423,0.01871180381,0.01832609891,0.01345642289,0.02583049698,-0.0003397304181,-0.009471450833,0.0002810395308,-0.000545754953,-0.002537712383,-0.001463953982,-0.01018775898,0.001540371887,-0.007924137979,-0.006594239319,-0.004691559593,0.02741106378,0.02733112576,0.02868097386,0.008213771007,-0.005976686048,-0.00677747658,-0.01208678171,0.0006525252071,0.007041448121,0.01051790998,-0.008031607894,-0.002173820533,0.007743071621,0.01136401409,0.008998903398,-0.003015143696,-0.001353048007,-0.000545754953,-0.007995876233,-0.0143497865,0.01839628804,0.00361278119,0.004912979716,-0.0149608015,0.003414299925,-0.003168233233,-0.003330179189,-0.009664483197,0.008140663211,-0.0008458446621,0.009347210287,-0.00947003814,-0.008060782765,0.02630181777,0.02543088539,0.01600066844,0.0217532218
2017-08-31,0.0002991196529,-0.009543203627,-0.007760194037,-0.01650161133,0.005666006562,0.007855333679,-0.007188424155,0.002701201009,-0.01970653337,-0.001015557555,-0.02077569998,-0.006885205513,0.006643092271,-0.01957962234,-0.01900949247,0.005340395375,0.001831889382,0.004082898477,0.001373484131,0.01104378201,-0.008899615277,0.01790343376,-0.01194264429,0.003919384326,0.001287603799,-0.006568693051,0.005305780529,0.001130475582,0.01285536422,0.009825157492,-0.01711470536,0.01238299181,0.01372884021,-0.01954372349,-0.0201054077,-0.01731136738,-0.01940486853,0.0164850264,0.005759379159,0.005935869986,-0.006473308716,0.0145383553,9.319153354e-05,-0.008689065132,-0.002372884607,0.01142770679,0.01486538422,-0.01744331449,-0.01081045741,-0.01731647438,-0.01747960856,-0.01142327829,-0.01083356917,0.01625450594,0.001838584905,0.003335147792,-0.01672130873,-0.01608967991,-0.01151334948,-0.01622539287,0.01006070432,0.01891670655,0.008132659967,-0.003432210166,-0.006337987966,-0.0028884055,0.01405768508,-0.006743479402,0.0154822822,0.01399376979,-0.00756428615,-0.01734549892,-0.01714115903,-0.0188417416,-0.01004914186,-0.003635947791,0.005061236877,0.01356956031,-0.01092513593,-0.01239302112,-0.02240559313,0.01665053388,0.01141112423,0.001109482196,-0.008963267141,-0.00198468965,0.004283970721,0.004321177691,-0.003537866933,0.004787211623,0.006349637535,-0.01694362705,-0.008874066811,-0.01006319949,-0.0002932822566,-0.01848596954,-0.01495015053,-0.009914230841,0.009477083702,-0.01365953646,0.008407791398,-0.003234099122,0.01090280607,0.0086400607,-0.0176694962,-0.01716559708,-0.01425666008,-0.02064070798
2017-09-30,-0.002315600498,0.0114710833,0.01090033319,0.01280264626,0.002503653424,-0.006004398634,0.01237578451,0.0005739202748,0.03529573731,-0.003404523085,0.0313143823,0.02028670895,-0.002268642055,0.03620101158,0.03615589576,-0.01170982833,0.006453418241,-0.01513232985,-0.007316159344,-0.02536386721,0.01798785676,-0.01289339118,0.02967335081,-0.008469032686,-0.002291335991,-0.004227100543,-0.01183086353,-0.01353143174,-0.003535017212,-0.01597662155,0.03864269494,-0.005502155069,-0.02281450874,0.03765565205,0.04024448055,0.03016914408,0.03402549016,-0.03221854921,-0.01280732441,-0.01267897997,0.0003213035951,-0.02462102312,-0.01555873244,0.005736480276,0.007678735656,-0.001943454652,-0.01545260455,0.02272467128,0.01748184484,0.01872264591,0.01753023273,0.01476544043,0.005586429565,-0.02151629493,-0.003290328098,0.002764102623,0.0181451966,0.01741392202,0.007003986997,0.02940374701,-0.005491179218,-0.01254210627,-0.01759927149,0.01085309993,0.006881044236,-0.008292886354,-0.03923797512,0.01345608564,0.01506069105,-0.02065357391,0.0006847562589,0.02784908911,0.02909828592,0.03135717454,0.01090763773,-0.006802424771,-0.01241245685,-0.02578129919,0.01785730811,0.01137688453,0.03186561756,-0.01070982284,-0.0210347463,-0.004156894391,0.006212453454,0.0002607931861,0.004309780291,-0.004823655235,0.01078431675,-0.005012984005,-0.007424861893,0.01721698983,0.007399972932,0.01104503871,-0.01733312043,0.02296955492,0.02865294395,0.009999865869,-0.01110300086,0.01810417133,0.006642712384,0.01351087861,0.001592657144,0.002433896033,0.02776586463,0.0297789033,0.01353156391,0.02113589016
2017-10-31,-0.000174736153,0.002563499545,0.001252392244,0.008184566325,-0.01217431035,-0.01203441259,0.01152736252,-0.005054464676,0.005442712773,9.236985525e-05,0.01104245887,-0.00123564983,-0.007370405082,0.0111341131,0.01247037039,-0.004744448791,2.636386816e-05,-0.002056637027,-0.009471495419,-0.006707372989,-0.002026262452,-0.00246489569,0.004617564417,-0.00785814454,-0.006571946822,-0.0003990483494,0.0002134622465,-0.001283287677,-0.002927666966,-0.01325959181,0.01407172005,-0.004073854592,-0.002611951752,0.01016985225,0.01134946756,0.009543341143,0.008521482654,0.00227891854,0.004882975405,0.002131502779,0.005402785514,-0.007927878759,0.002557238972,0.008888787854,-0.00129790589,-0.007705962168,-0.004882954653,0.007968531799,-5.030450928e-05,0.01002306829,0.009286574561,0.006154070438,-0.002331573009,-0.009750738471,0.003355092383,-0.0006524470593,0.005564170623,0.006080440307,0.003979148565,0.007880726469,-0.002823284907,-0.0005839545217,-0.006413022996,0.001564964453,0.003165602621,-0.002047536835,-0.00226120101,0.007564010118,0.001197407591,0.001886228308,0.0007760449595,0.007199851933,0.006610210766,0.006715863672,0.00303571727,0.005721359637,0.000250110503,-0.0005367134517,0.0002218170024,0.00126685037,0.009841431065,0.00188940707,-0.0009724534921,-0.0005212284583,0.0005453826447,1.922855114e-05,0.005327380766,0.0004060882536,0.001564964453,0.0006469949801,0.001052841565,0.006015473427,0.003693457576,0.004057221731,0.0002989417533,0.00646915735,-0.00686092672,0.002498154573,-0.005720447664,0.0007246498512,0.004200332195,0.008212125388,0.008601919921,0.00880431503,0.008504469312,0.005361319334,0.006152771769,0.009449504799
2017-11-30,-0.00601028406,-0.0003392656459,-0.000836463386,-0.01001365234,-0.002298714395,-0.006146478932,0.008369083293,0.008716303822,0.01622422838,0.002574877696,-0.0003716995738,0.008674055254,-0.002939171557,0.003945711425,0.008330653154,-0.008928056811,-0.008655240697,-0.00652382317,-0.002749114576,-0.003358124039,0.003949558523,-0.006161408929,0.00798303228,-0.0077374457,-0.006815256098,0.006320662001,-0.01008472234,-0.01047739052,-0.007455720956,-0.008626004757,0.008917040105,-0.001312774383,-0.009054974283,0.007218212469,0.0105607759,0.003753254811,0.001001800952,-0.00998583398,-0.005365028637,-0.007449222187,-0.01101383013,-0.008409508804,-0.01830431348,-0.006200146156,0.006514073079,0.01004953679,-0.0054004077,-0.007546085283,0.001763484166,-0.007947595989,-0.008241127323,-0.005796419229,0.001546173083,0.01239903539,-0.001494495832,0.001548665437,-0.005683112391,-0.005472260305,-0.005686448339,-0.003366042118,-0.000424807693,0.002417274426,0.001952338056,0.000462839498,0.005183952069,0.009545901976,-0.002994737805,0.004594331471,0.008297287943,0.005125112722,0.01117560917,-0.002788883769,-0.002479406333,-0.002855680493,-0.003878391894,0.006612321925,0.009278348461,0.006062456153,0.001283277817,0.01148064393,0.01092528389,0.003827096858,0.006591284069,0.008660503245,-0.0008041718732,-0.001744194747,0.0002732320376,0.001912956823,0.000462839498,0.001494122232,0.00438204101,-0.005593653968,-0.003808374419,-0.004373600698,0.004260758957,0.01690210753,0.01623254537,0.01543910296,0.002487699698,-0.004295604664,-0.000566503144,-0.002362581799,-0.0001935827125,-0.0006527781926,-0.004415885288,-0.004274524226,-0.004510392408,-0.008452660403
2017-12-31,-0.0006488569992,0.002288842088,0.001330445213,-0.001014004095,-0.006104771228,-0.007170452957,0.008750925828,0.004470246531,0.01175162946,0.0001690591803,0.008325605086,0.008875823509,-0.005055865222,0.00590672743,0.007640806171,-0.0009790421715,0.007056769321,0.0005254361939,0.005664075243,-0.00557818173,0.003480952146,0.0003318685885,0.006835384595,-0.00196222842,5.404385685e-05,0.004622244273,-0.003357201016,-0.008139151162,-0.001103556759,-0.006929962348,0.008915714127,-0.0001873441451,-0.005990743485,0.00851425134,0.01373181486,0.008915248042,0.004287820182,-0.009186379257,-0.001241907012,-0.005454546016,-0.002615398692,-0.00722649246,-0.006981018473,0.0001607366372,0.004365992197,-0.01215344672,-0.001428083885,0.004275317935,-0.001315490713,0.009781611332,0.009202572043,-0.003705707464,-0.001749790071,-0.004630879864,-0.000287072104,-0.00343073956,0.002356206237,0.002452679234,0.005291883545,0.006837200373,0.002371433552,0.003483973333,0.001234936684,-0.001683721171,0.006684400435,-0.001160967076,-0.005891324001,0.007272332484,0.01436407088,0.008587652472,0.003630293466,0.01039069577,0.009486085191,0.008453462827,-0.002165605161,-0.003963944081,0.001716850966,0.001840507292,-0.001904645019,0.006723522235,-0.002317637869,0.009318123177,0.00506390155,0.001201197717,0.009759695188,0.007501093109,-0.0008773507305,0.0003777534223,-0.0009511155324,-0.0002424866402,0.00210484614,0.001876589984,0.000244491657,-0.002139635089,0.008672506391,0.01203863324,0.008503374096,0.01231261427,-0.004227646398,-0.002967060627,0.005871516653,0.009428642785,-0.003267672141,-0.002759856343,0.007618483977,0.007045795152,0.0006543476124,0.008795910218
2018-01-31,0.01387953644,0.008169052135,0.004944584611,0.02925779968,0.0003025280716,-0.003179056132,0.010425469,0.005414414566,0.01143086654,0.008604072681,0.0242172152,0.01124003255,-0.008060408407,0.02115152967,0.02451928632,-0.01294759239,-0.001994596454,-0.009759736214,-0.01065848544,-0.006963110979,0.008704656969,-0.01151017058,0.0151238863,-0.006954351629,-0.002979249019,0.001710436573,-0.006076307363,0.008734550539,-0.01278041137,-0.001427284382,0.02640708939,-0.01567902725,-0.00781744604,0.02416934893,0.02690723855,0.01336602942,0.0195178603,-0.01801208706,0.004790714402,0.006217880379,9.323762495e-05,-0.01061397477,-0.005219771934,0.00447195579,0.01573317393,0.007733635531,-0.004076925354,0.0310960224,0.01880029077,0.03815444916,0.03595310386,0.02804381697,0.006045059707,-0.01820348829,0.0001980110539,-0.002078050819,0.02737280832,0.02752342434,0.01431709629,0.02945585569,-0.01626656369,-0.007267138136,-0.008841264141,0.01327835751,0.01473246245,-0.007193386588,-0.009153144956,-0.01115035264,-0.01123732607,-0.003818747001,-0.00554439531,0.02997744127,0.02839570152,0.02903063243,0.01533848294,0.004427424863,-0.008868676993,-0.01371485156,0.01736795806,-0.01461580245,-0.006381886945,-0.006008615464,-0.004866404137,-0.02300697948,-0.002440833592,-0.005926249197,0.004820289015,0.001270320076,0.01327835751,-0.002013749142,-0.003494314631,0.02961727952,0.01897700589,0.02204917195,-0.006815705643,-0.003221838692,-0.01432869087,-0.003272936608,-0.01515073689,0.02212301738,0.005908388747,0.02339845916,0.009264721287,0.01269381637,0.03090820024,0.02942552569,0.02162822448,0.03885729571
2018-02-28,0.003338412743,-0.001214095983,-0.0008079325548,-0.00299595034,0.006700684361,0.008216138283,-0.01351005458,0.001954460859,0.005914158586,-0.001896379349,-0.006285327584,0.006441013686,0.002872847213,-0.008011167353,-0.009875980334,-0.004909640014,-0.004100923185,0.004968706922,0.006518571844,-0.0005761487041,0.003645000051,0.0035567366,-0.0003587778538,0.00598211305,0.004920343588,0.01118335397,0.005205041576,-0.001192499693,0.0006209879338,0.009733021809,-0.007708177787,0.01122481065,0.001630792937,-0.00471686608,-0.0007546341682,-0.01092105038,-0.01027729077,0.0002251508397,-0.009349595341,-0.005327887677,-0.00992425978,0.0103200962,-0.007029952175,-0.0102218401,-0.003632776022,0.01518991508,0.01041650016,0.001659379353,-0.003007230173,0.004827144023,0.004084095458,-0.003836728086,-0.01053880847,-0.008391287347,0.002072156139,0.002019138046,-0.004766230734,-0.00407250665,-0.007362746899,-0.009357122052,0.006124340912,0.002069143062,-0.0003870539761,0.001647179436,-0.006618097884,0.002491661639,0.007297603057,0.006351928708,-0.008469926673,-0.001496485425,0.00189755737,-0.006064120563,-0.00731426516,-0.008327362865,0.0003886110289,-0.004093826137,0.00789619734,0.00908558309,-0.0008314811431,0.007143976811,0.002493331503,0.002193614244,0.001470506996,0.004210855669,-0.003583405163,0.001155839793,-0.003475116826,0.002513793332,0.001583157491,0.0005869017312,-0.002028951431,-0.004661595412,-0.003296273019,-0.003037979322,0.001571097347,-0.004951443502,0.001174120058,-0.003437761804,-0.0006484699142,-0.005691479096,0.00735822372,0.01019802179,0.01486736026,0.01411708459,-0.009148196154,-0.0098991908,-0.002442379168,0.004313467641
2018-03-31,-0.001171431017,-0.007086014691,-0.005626290887,-0.0138736128,0.004854332954,0.004503445445,-0.000413749468,0.001002220943,-0.00348706754,0.002405876157,-0.01035601273,0.0003987898321,-0.003564520131,-0.01239262307,-0.01286823722,-0.002853958125,-0.007118139365,-0.004359295959,-0.004028992393,-0.008865884484,-0.001546570555,-0.01107274177,-0.007287610769,-0.00442899997,-0.006610019059,0.008535800462,0.001343058943,0.001706811084,0.0008233276778,0.004199932731,-0.01400384221,0.002930216381,-0.001561180479,-0.01289227365,-0.006871841382,-0.005903431282,-0.01094170819,-0.001169952441,-0.003094399165,-0.001408702884,0.002649515436,0.005476080309,0.007503436232,-0.0001982677779,-0.004589463333,0.01173508429,-0.002330104539,-0.02019172847,-0.02097231174,-0.01404896922,-0.01127824146,-0.009855225951,-0.01255576663,0.01484717207,0.001398748716,0.0007732699182,-0.01931036242,-0.01738623623,-0.01291109104,-0.01639981165,0.005412248743,-0.007395976807,-0.000936772854,-0.00244670131,0.002060863061,0.00519722649,0.002896781312,0.007261537906,-0.002409984754,0.0002642491288,0.0008800275454,-0.01547152925,-0.01505452779,-0.01578935678,-0.007971119461,0.006233935046,0.01799401172,0.01577538624,-0.01948597001,0.007606865563,0.009419282618,-0.004281140985,-0.001039072181,0.003325902767,-0.003124846404,0.002004483189,0.0002829496575,0.000878847026,-0.003572097074,0.004001096949,0.008688125132,-0.02063487398,-0.008580201441,-0.01006790653,0.01072244413,0.00355561764,-0.00465538213,-0.002763032595,0.004383382742,-0.02428183077,-0.006881221201,-0.01759928205,0.005749200324,0.004366551901,-0.01876344821,-0.01720078205,-0.01535695048,-0.01633284391
2018-04-30,0.0157467693,0.00953876013,0.009573787443,0.01997758107,-0.003282739422,-0.003637825884,0.003026404031,0.00712107189,0.02110419563,0.005833570306,0.01053647847,0.00236362601,0.005754652625,0.02180437095,0.01687096144,-0.007901243294,0.006353076421,-0.009227373531,0.001577390194,-0.0005200225593,0.004374649889,-0.008266208826,0.009213732488,-0.01084730679,-0.009501811768,-0.007566756777,-0.01596997942,-0.003993381308,-0.01591223046,-0.01237681132,0.01449564952,-0.0140116258,0.00282817835,0.01898660462,0.01747882408,0.01479567567,0.01867217493,-0.0100381093,-0.01855013424,-0.01677922761,0.01133376738,-0.01700258834,-0.00266123688,0.01027783851,0.01109839616,-0.007513196488,0.0006300500111,0.02451903596,0.009522956057,0.02771897764,0.02802802129,0.01364116916,-0.0001800020848,-0.00420550054,-0.003004656359,0.001546074773,0.02032466275,0.0206428024,0.0136306871,0.03196372463,0.001990342911,-0.001135961264,-0.005699977335,0.005310562929,0.001060824796,-0.005460706095,-0.01334837716,-0.008978029897,-0.005450081425,-0.002724032942,0.0007212920122,0.03093482446,0.03176350941,0.03249792524,0.01170546404,-0.002775312988,-0.01365412339,-0.02053696217,0.005428709853,-0.004397048174,-0.005498381726,-0.002965411438,-0.00499170357,0.004404244326,0.004479192085,0.003815814121,-0.004353813936,-0.002413340638,0.005310562929,-0.001876948828,-0.005499377584,0.02098253256,0.01175595332,0.01527703441,-0.01801689753,-0.005392935728,-0.01204006724,-0.009503058376,-0.01268833532,0.01561663927,-0.002517435116,0.0141929653,-0.01230514768,-0.01220849246,0.03350457494,0.03291754645,0.01468364045,0.02886410232
2018-05-31,0.0105698219,0.009091566343,0.009036245048,0.01307984565,-0.0009679323704,-0.0006251632764,0.008000319874,-0.0009944484953,0.002072948065,0.00319784041,0.003416362223,0.003886301467,0.005251748329,0.003373607313,0.001096963883,-0.008001588502,0.001441370864,-0.00040905462,-0.0006879853169,0.005877886618,-0.002467235392,0.001277086441,-0.002766320284,-0.002942130296,-0.0006838348847,0.0009565526141,-0.003857975809,0.003811679082,-0.008379651752,-0.009701777319,-0.001310831372,0.006468912474,-0.009188957991,0.003132434813,0.005986060003,0.01146669331,0.00406836235,-0.009296464473,-0.004492405638,-0.006029756866,0.01035493805,-0.006791612937,0.001176504756,0.004317266464,0.003800415501,-0.0070242074,-0.01227270485,0.01230103844,-0.01866984541,0.01306158424,0.01528411686,0.01200485125,-0.003957686936,0.01196489173,0.0001377678059,0.0002037811856,0.007838182881,0.008654202625,0.003532351217,0.01362694883,-0.01039138649,0.005633650668,0.001121312016,0.009072950328,-0.002043512908,4.417065146e-06,-0.007753800284,-0.003069578865,-0.001702903471,-0.0004433158494,0.00835220747,0.01567489541,0.01627847962,0.01422419189,0.01096908893,-0.003735182711,-0.007502276034,-0.0138109658,-0.02103112269,-0.01154652348,-0.005281217074,0.002804110001,0.001868819665,-0.004012636672,0.002208706895,-0.006103610389,0.001185313574,-0.001566085262,0.009350245354,0.002860045693,0.01141522446,0.008920904195,-0.002188426257,-0.0001221951374,0.008813252035,0.001099278294,-0.002200632834,-7.87406192e-05,-0.01016386322,-0.01769456492,0.01479161918,0.007445517693,0.004853865921,0.004425497656,0.01360684387,0.01337942224,0.008694397488,0.01128844123
2018-06-30,0.002323840083,0.0006089373777,8.011742411e-06,0.005423602131,-0.002959596684,-0.003310268497,0.002722798931,0.0003094397007,0.007330739983,-0.002440636547,0.006645341375,0.00431357971,0.005388507486,-0.0002736078024,0.005101271034,-0.002662042346,0.0001379883326,0.001110579643,0.008404913046,0.004215416837,-0.002011954296,0.002118217794,0.002087465231,-0.005452753098,-0.004684660292,0.0003681107659,-0.001964012342,-0.002260123993,-0.001315430621,-0.004528888826,0.005330005043,0.006128005262,-0.005206973331,0.005752162674,0.004490234039,-0.001424452393,0.001101629079,-0.001585253227,-0.004947187811,-0.003511666635,-0.002968159776,-0.00102021693,-0.007548134273,-0.00443641788,-0.00143392277,0.002136567625,-0.001969958699,0.006567902389,-0.005229275973,0.009800842586,0.01027178808,0.004995686089,-0.001789167596,0.006520792516,0.002834421337,-0.004469494108,0.00612673423,0.006388203584,0.003658358431,0.007518536514,-0.0005652363118,0.009151100078,0.00583915133,-0.002710593235,-0.00503391971,-0.007488964566,-0.005548243651,-0.002711825793,0.005854009058,0.0006968354436,-0.0027686341,0.006758177453,0.008522678251,0.005381685719,0.0009641415744,-0.006925108323,-0.01186419446,-0.01381577954,-0.005152641239,-0.007755309315,-0.01127723938,0.005068083926,0.001053271967,-0.00259860842,-0.00129675896,-0.003232031123,0.001852844541,0.005545207768,-0.002710593235,0.001459305614,-0.0004929207278,0.008410202287,-0.002893723745,-0.001434458758,0.008680712371,-0.004932013358,-0.002607696392,-0.007094435773,-5.390360249e-05,-0.007306429853,0.01155190695,0.01083311266,0.008570067806,0.008665756258,0.008447450324,0.008274144813,0.003653909688,0.009024992525
2018-07-31,-0.001830322403,-0.005284239064,-0.005458999955,0.007842664797,0.003689683914,0.002210808681,0.001651739588,-7.290295673e-05,0.003517065425,-0.00387397239,0.00539641743,0.002894182815,-0.006306624368,0.009715769103,0.006992266621,-0.00315425973,0.002296599452,0.003759116187,-0.003232897149,0.007355740358,0.007772119287,0.001967174604,0.009446372435,0.002628584314,0.001921654231,-0.00679937355,-0.0004040278111,0.006357985422,-0.001691709671,0.004407380435,0.01022449678,-0.007820509708,-0.003067440767,0.006919595623,0.007822638337,0.01041051158,0.009054379637,-0.007842283076,0.005128278307,0.0001137002526,0.00712455774,0.002301668882,0.001787349062,0.003411196294,0.002357187866,-0.004022133244,0.003574811539,0.01190127307,0.006209697423,0.01004012453,0.007047432072,0.00605287361,-0.006615855232,-0.007001339552,0.004207460539,-0.003662365839,0.009016672083,0.009586649082,0.00313488297,0.0124494894,-0.007996285874,-0.00381832376,-0.005377458378,-0.008929493164,0.006702697694,0.007089408433,0.002016757506,-0.004220604881,-0.002164199801,-0.002648736068,-0.003273678366,0.01021145878,0.009583755655,0.01174285449,-0.003401393538,0.006961088869,0.00607377162,-0.001654067249,0.006415338561,-0.01023945412,-0.002576157034,-0.007355915853,-0.01093059242,-0.01021581756,-0.0009703079758,-0.00318192018,-0.001872544808,0.00461572835,-0.008929493164,-0.001296840502,-0.006244939419,0.009705159495,0.00136053139,0.003993643823,-0.007145098783,-0.008002416728,-0.01073679906,-0.01163380672,0.00528817361,0.008824967248,-0.0008336591906,0.006134865505,-0.003480778174,-0.00313175568,0.01254725709,0.01138772631,0.003647520894,0.01098982148
2018-08-31,-0.004081996496,-0.004353347262,-0.002677120351,-0.00636724865,0.002414051272,0.002657317602,-0.003504889226,-0.001650232814,-0.001373777933,-0.00360432937,-0.007967139207,0.0009019693334,-1.322285932e-05,-0.005958995667,-0.006967684691,0.002247706861,0.001240741102,6.624615372e-05,0.000985015425,-0.002420200807,-0.001503808428,-0.002828277054,-0.008576587557,-0.00142288043,-0.001099500889,0.004824233817,-0.0002603425609,0.002790640045,-0.0008327754889,0.004434268008,-0.005732165414,0.005351475328,0.006516429441,-0.006998758351,-0.006082766313,-0.005131945185,-0.006444247794,-0.002496133995,0.003849535612,0.001662425334,0.002893734479,0.001407894692,0.002062891973,-0.001848394506,-0.002036157455,-0.002387669541,0.003421221212,-0.01015584208,-0.005047412525,-0.0103264213,-0.01024310362,-0.003497920626,0.0002315624466,0.001816105894,0.0005514278346,-0.003397169025,-0.0113128527,-0.01142754892,-0.007766555775,-0.01280826109,-0.003613681507,-0.002424618698,-0.003478109251,-0.005083211222,-0.007224940976,-0.00497392,0.009289012343,-0.00281468491,-0.0004791862656,0.0003497191988,0.001112544218,-0.01282706131,-0.01158537787,-0.01142628491,-0.003282975578,-0.0008137107284,-0.0013697563,0.009312982357,-0.004549971761,0.004062655084,-0.0009347537502,0.001604638268,0.004603362243,0.001816536406,-0.00475458382,-0.003858858517,0.001913523718,-0.001996475909,-0.005083211222,0.003294290081,4.756067692e-05,-0.01261639526,-0.004755073901,-0.005130749904,0.002014386187,0.008884974386,0.01136294452,0.01160997444,0.003830968937,-0.007504499185,0.0006701970387,-0.004085008472,0.001254300426,0.000877815899,-0.01366217266,-0.01194005081,-0.008973624618,-0.01043390396
2018-09-30,-0.002375771598,-0.002098230546,-0.003543465291,0.003705000269,0.002714317037,0.001286612399,0.001517162757,0.0003784732452,0.0124318057,-0.003956280714,0.01487797504,0.00988031178,-0.003564142739,0.01106105384,0.01301035176,0.005274730116,0.008430971255,0.001034233165,-0.00502763694,0.002626954308,0.002303674161,-0.002262129613,0.01242634956,-0.00570903366,-0.006340248787,-0.009143059964,0.005164328765,0.001333942873,0.004439008278,0.0004373849988,0.01110407438,-0.003647230037,-0.005773288027,0.01351445385,0.01132053801,0.007145520098,0.01146414025,-0.003877463989,-0.0008616708698,-0.0001683435974,-0.007909605657,-0.001950126427,-0.009727353563,-0.0007670061584,0.0004944633943,-0.007267584818,-0.0003820361907,0.009862893091,0.01096309696,0.01325041205,0.01034959341,0.001602513067,0.00164621111,-0.00329363683,0.0007786287257,-0.001774287377,0.008376939147,0.008552528581,0.003055180661,0.009248639413,0.004723038015,-0.002255238726,0.003819075211,0.001813061017,0.0104763472,0.008864647553,-0.008608742069,0.01005964873,0.007914956932,0.007564222652,-0.001831908027,0.009024411131,0.008612470299,0.009355133772,-0.0003633296635,0.008036683382,0.007764167268,-0.006307635454,0.01057196394,0.002533005428,0.009936289027,0.004452275342,0.001447407757,0.002622874271,-0.0003884627538,-0.0002655822027,-0.002119878895,0.002080549685,0.001813061017,-0.007577054269,-0.003397791185,0.009329430056,0.003194392074,0.003583747996,-0.005036555838,-0.00118280525,0.006911512132,-0.01035170312,0.001243846665,0.01026730472,0.002030845412,0.01135634046,-0.000969574689,-0.0006929201296,0.008744025759,0.007794645522,0.004232513024,0.01401969044
2018-10-31,0.002047454953,-0.006504240844,-0.005530331064,-0.01346311567,0.003113230083,0.003117627204,-0.009080998298,0.006343193659,-0.007008374789,-0.003646660535,-0.01046404131,0.0001282239784,0.001518452812,-0.00663102722,-0.01236813326,0.0106439673,-0.001469435226,-0.00413678109,-0.003467999323,-0.008153028948,0.008029867886,0.002961705437,-0.002972355537,0.007033680568,0.004674819622,0.006292974293,-0.0009220180911,0.001985550798,-0.000649879444,0.006544760468,-0.01557050201,0.0006922201751,0.009245482138,-0.01273872706,-0.009423588032,-0.008181490998,-0.01055179649,-0.003718168732,2.284740743e-05,0.002394800789,-0.006505199857,0.008426841124,0.003301775358,0.001327299003,-0.006520604881,0.005315165161,0.001795993835,-0.01810103618,-0.004352515582,-0.02140581677,-0.0201380092,-0.01027137074,0.001893320644,0.002491966143,-0.004535618475,0.002481523741,-0.01456226723,-0.01398613208,-0.006496034511,-0.02051056405,-0.002323604614,0.004878345472,-0.01121810382,-0.001926833585,-0.005430004812,-0.00733230823,0.006815026513,0.006504077294,0.005922251038,0.00833412441,-0.002082064121,-0.02063979897,-0.02106666755,-0.01858270127,-0.007776022573,0.001523171495,0.0017188937,0.009608943649,-0.004006326587,0.006602031474,0.01266400648,0.003647441977,-0.01021425015,0.002165934666,-0.002109289289,0.0008253377399,-0.0004648129139,-0.002526169968,-0.001926833585,0.003849055979,0.002060245645,-0.01600445161,-0.003097213003,-0.007074499776,-0.003619600125,0.01008650326,-0.01154254065,0.007444735788,0.007597498221,-0.006675850558,0.005407202061,-0.008497717442,0.002699621097,0.001723757621,-0.0231137685,-0.02049292355,-0.0116009536,-0.02150098368
2018-11-30,-0.001158349887,-0.02055935451,-0.01779584911,-0.02183381161,0.005940574093,0.005602306685,-0.009090246376,0.002449966491,-0.02825904211,0.006954717571,-0.04141579063,-0.01982688035,0.007030606825,-0.0394936413,-0.04436223489,-0.002899102786,-0.02682223002,-0.001376865147,0.01078418569,-0.01573675115,0.01372788402,0.0003574771708,-0.02395184766,0.009603560321,0.008625067239,-0.002939215849,-0.005504990669,0.005110382787,-0.01063387998,0.01788038312,-0.04407099785,0.01995745135,0.01023390304,-0.04303698111,-0.0362426164,-0.02112673934,-0.04049021943,0.003892794259,0.002136363083,0.001152395233,0.004318028343,0.02642745068,0.01222657888,-0.007019639792,-0.01242954583,0.02946168292,0.0021609096,-0.0332687056,-0.008009626536,-0.04039405493,-0.04224965624,-0.01640461131,-0.00637842508,0.006442269222,-0.01005761215,0.006420827684,-0.03702719263,-0.03701791886,-0.01202871161,-0.04078131906,-0.01250379867,0.01725243305,0.0001322980057,-0.00180278458,-0.02375839244,-0.02480437153,0.02352891449,-0.01261096076,-0.01596664399,0.008731860453,0.004387615741,-0.04165013426,-0.04176013856,-0.04058859173,-0.01575797208,-0.01505013046,-0.01330127143,0.01715688325,-0.007394820047,-0.01018975807,-0.005305681166,0.004496335732,-0.004089499943,0.00391319473,-0.02274926457,-0.004102303604,0.006843564209,-0.0122101698,-0.006925699687,-0.002375168414,0.01198796628,-0.03792587845,-0.01584295755,-0.01942774601,0.02327616689,0.00888672082,-0.01508876762,-0.0004163809082,0.01547156287,-0.01298747743,0.01130897522,-0.01380345584,0.0004680271241,-0.0007016447815,-0.04522417628,-0.04085220152,-0.03153008802,-0.04136491724
2018-12-31,-0.008705425037,-0.03275683424,-0.03033256294,-0.05289277551,0.004341806741,0.01241011885,-0.01288280448,-0.01290926508,-0.04247906548,-0.0061695386,-0.05079626419,-0.02690892447,0.01194221699,-0.04904278799,-0.05356585867,0.01249936313,-0.01375025066,0.01179899613,0.008927025348,-0.006910283058,-0.004019124081,0.01091019211,-0.04142209396,0.02765940876,0.02501015834,0.0281375238,-0.005952941375,0.005217010476,0.002531424835,0.02058355396,-0.05047823399,0.03583197616,0.01843219814,-0.0535575135,-0.05604057627,-0.03104906947,-0.04925558277,0.01707737726,0.006813183268,0.003165765799,0.007851603584,0.02572346549,0.02480351328,-0.003824634928,-0.009444047848,0.01509667667,-0.01640704782,-0.06807764786,-0.01264492893,-0.07257976243,-0.07099116844,-0.0386556541,-0.02791796558,0.04534838823,0.001618415841,0.01089797941,-0.06368890025,-0.06102001496,-0.04948100307,-0.06646727805,-0.02713985803,-0.007290959133,0.007243871593,-0.01334066328,-0.009848504549,-0.02953245275,0.02272048576,-0.007640867489,0.02038104854,-0.009518406404,0.00677513211,-0.06742239937,-0.06918381665,-0.06648224732,-0.0323274776,0.003405590914,-0.009467623326,0.03245175699,-0.008849259226,-0.001534827161,-0.0121835848,0.004093355315,0.008623630493,0.002793824618,-0.0363617771,-0.000260885761,0.001456066307,-0.0009917253983,-0.02180651348,0.01358946937,0.03213427822,-0.06715954541,-0.02109222433,-0.02539799002,0.05726463707,0.03095723036,0.03426200813,0.02028468355,0.03288312703,-0.02047030266,0.01827277856,-0.02425131836,0.005736830844,0.004347997055,-0.07530375875,-0.06633152203,-0.05066445787,-0.07408020138
2019-01-31,-0.003309493428,0.01357747312,0.01335846515,0.0417094451,-0.004485345955,0.000137794826,0.004806940129,0.005011726678,0.02099923952,-0.004682494451,0.05415361719,0.01884952762,-0.01975227001,0.03678556721,0.04031949762,-0.03293060255,-0.01470464867,-0.02924768848,-0.02292757948,-0.02267901156,0.002242517116,-0.00175402028,0.01618777316,-0.01247372986,-0.008358321357,-0.02468486148,-0.02215795762,-0.03566354628,-0.01491849147,-0.01247850703,0.03968616949,-0.03589869166,-0.01051144227,0.04385350639,0.02810518921,0.01046146064,0.0384772478,0.02794849853,-0.01150965202,-0.01215133857,-0.01795783386,-0.005302849514,-0.02880162834,-0.006929028213,-0.007485331023,-0.02459892751,0.05260079862,0.05418563307,0.01898122332,0.04696522921,0.03470175517,0.03314707474,0.03637539237,-0.04135238102,0.008812146738,-0.009544407323,0.04491972246,0.04040469201,0.0421599253,0.05043840303,0.01942899797,-0.002208145498,-0.01544724353,-0.002094597772,0.009028171309,0.01042150565,-0.006080471663,-0.003948824041,-0.02474040383,-0.02567003878,-0.003295344763,0.036665987,0.04034915614,0.03932734127,0.01783572864,-0.005650926301,0.001452608427,-0.0185652816,0.01927889432,-0.02192525156,-0.0002293549273,-0.0421770295,-0.03043199091,-0.01898672674,0.003613261116,-0.01458449697,0.003503618261,0.008379970936,0.004518160278,-0.009179693472,-0.0246523639,0.05030805623,0.005785201643,0.01034267653,-0.06075651068,-0.03798697558,-0.0491396255,-0.03080032581,-0.005008783859,0.02408787086,-0.01611596062,0.01258429176,0.0009554025552,-0.001024225065,0.05309358893,0.05088307155,0.02800709544,0.04697958024
2019-02-28,-0.007626846556,-0.006944381173,-0.00728637127,0.002923970566,0.005879032332,0.00561202286,-0.01864803462,-0.01411003564,0.004855370661,-0.01896350617,-0.0007120391201,-0.01198449337,-0.008637071885,0.00506047883,0.006841762824,-0.01217277243,-0.006457575791,0.01029434658,0.01050087525,0.0001238216426,0.01682412159,-0.00310806115,-0.003245587467,-0.002166321236,0.001494955211,0.005707509679,-0.01003274013,-0.008493981392,0.00288998185,0.007489867154,0.007952407476,0.00370542518,0.01658132964,0.008958253612,0.007342249289,-0.006546317468,0.005263961842,-0.002407431164,0.007296967599,0.00257609909,0.007466834939,0.001743987581,-0.005495380932,-0.006530188447,-0.01061457264,-0.007346521081,0.01216657844,0.005611820112,0.02776627128,0.003328512967,-0.001842416344,0.001608050303,-0.00134688912,0.005150157781,0.005577948136,0.0009691022899,0.003748912857,0.004006514669,-0.002981505937,0.007207756533,0.001166858435,0.00562289834,0.01046922189,-0.009140504168,-0.00779933021,-0.004261085124,-0.002639964132,-0.001364641909,0.003166677459,-0.0009698797372,0.0009083067623,0.0009640065114,0.0002099166347,0.002688958538,-0.005583748786,0.01144367656,0.006874935792,0.004901513208,0.02716134591,-0.003733899729,-0.01527121382,-0.005526459078,-0.003121906029,-0.001841799281,-0.002814697401,-0.002089866791,0.0005862823993,0.005225390835,-0.006477179977,-0.001420525968,-0.001070889304,0.003630555344,-0.0009615607275,-0.004076244686,-0.006543886896,-0.005972443416,-0.01149459302,-0.006388069761,0.004200502596,0.02598252117,0.005144705479,0.01751072441,-0.001143468016,-0.001222439677,0.00677237418,0.00700491881,-0.001165641899,0.003806412321
2019-03-31,-0.003132577018,-0.01770063633,-0.01688490479,-0.01975355443,0.002822217969,0.005705802071,-0.008419453499,-0.0001262528005,-0.01842705646,0.007331346837,-0.03236057309,-0.02227859264,0.007673570344,-0.02436549947,-0.02906829945,0.00695732296,0.005445888098,0.005412820838,-0.00110529297,-0.0009136086737,0.003931953728,-0.005917262761,-0.01196027764,0.01079361212,0.01498202666,0.008484777841,0.006166900403,0.01693973974,0.002763396636,0.005028256523,-0.02834176299,0.02004318386,0.01379754359,-0.02839810078,-0.02173961039,-0.02153375447,-0.02688706186,-0.002747993724,-0.001825686875,-0.007397186244,0.02135700831,0.007157729339,0.02301002536,0.008008469644,0.002113420212,0.005303429967,-0.01912165247,-0.02042618366,-0.0007169325566,-0.02432635493,-0.02802225311,-0.01460815613,-0.01008953309,0.01481130252,0.002186942949,0.001046720556,-0.02498972742,-0.02560599893,-0.0213835022,-0.03022951145,0.000252554611,0.01538087674,0.01534311008,-0.008317491627,0.006108914483,-0.01993726906,-0.005313642543,0.01140947833,-0.009519649809,0.0127540141,0.007924094549,-0.0289560322,-0.02713280737,-0.02997479814,-0.01777178715,0.01301911314,-0.008779864956,0.008583412562,-0.000594239431,0.01958124608,-0.001104620246,0.01415288866,0.01914449293,0.01735185608,-0.01520506644,-0.001390002981,-0.0001513707749,-0.004476687277,-0.009177548388,0.02160830369,0.01296910416,-0.025266198,-0.006296540628,-0.008316038506,0.003446316188,0.01734483413,-0.002965132557,0.01832231163,0.014430265,-0.004404543739,0.002592786872,-0.01201395367,0.002135059995,0.001559677424,-0.03001592159,-0.02737931364,-0.0215537415,-0.02481420695
2019-04-30,0.001561422783,0.006851819237,0.005754151823,0.01067650669,-0.006020333867,-0.00241672126,0.00126158247,-0.0005591854832,0.01640662256,-0.00840890981,0.02085000986,0.001763375234,0.005305687275,0.01130473115,0.02150104333,-0.0006433398714,0.003189117405,-0.002877472289,0.003574042592,0.002175317272,-0.00716514998,0.003457532389,0.01760490132,-0.0026459004,-0.007697219569,-0.001979683726,0.005686312359,-0.00699970143,0.01068562745,-0.0005151676989,0.01888818377,-0.005855187508,-0.005822450804,0.02161255773,0.01920008762,0.006700971416,0.01350164546,0.003573545261,0.000959859749,-0.005515549764,-0.01176094209,0.003298172492,-0.02260600176,-0.01502215774,-0.002112504934,-0.008113494214,0.005841549787,0.02499308506,0.02494972804,0.02289502866,0.01861348094,0.006647829434,-0.007064471471,-0.01473741346,-0.003038212855,0.002799155683,0.02069305989,0.02113224654,0.0122362422,0.0286274644,0.003647228764,0.008373155974,-0.005035278081,0.001089279188,-0.01013847851,-0.004332445871,0.00166725806,-0.0123684277,-0.001356609222,0.003023747067,-0.005744711698,0.02234512319,0.02127083576,0.02282954493,0.005834815656,-0.02320221024,-0.01533525179,-0.01901730378,0.02380767006,-0.01400452917,-0.008110930449,0.01177058128,-0.01597843212,-0.012903077,0.0114448244,0.007153396813,-0.0004932339127,-0.0001269130077,0.002049341322,-0.01224093549,-0.002616255521,0.02187660136,0.00460458285,0.00687042171,-0.008977668786,-0.02512752406,0.01026758001,-0.01904439765,-0.01032620541,0.02454074798,-0.00786660706,0.01119915409,-0.001821982882,-0.003867056946,0.02939874535,0.02573855252,0.01717216897,0.02419035953
2019-05-31,-0.0007583528288,-0.01161206144,-0.01159954389,-0.03667368751,-0.01677995976,-0.0151102498,0.0004923860914,-0.006392495185,-0.03253780409,0.03033918136,-0.05810495527,-0.01647849837,-0.005118451195,-0.06098636297,-0.06321188573,0.006812191229,-0.01255359215,0.01018893214,0.01830408663,0.002207972338,-0.02112477011,-0.01228816706,-0.02506423122,0.01865773914,0.01440579808,0.01110191546,-0.004302086996,0.01578864645,-0.01639542019,-0.001296594894,-0.05982954429,0.03285296384,0.006019840605,-0.06452312785,-0.05600598766,-0.02730631584,-0.05789653553,-0.006661907031,0.01559278152,0.02141427329,0.01586744463,0.01131719254,0.03582591807,0.01755143749,-0.0006692952536,0.008762519474,-0.03090932184,-0.0466758812,-0.0256570805,-0.04315571064,-0.04742055624,-0.03283963809,0.01097779008,0.03287760712,-0.009470262251,0.0003022220044,-0.03651918347,-0.03591067194,-0.01825628877,-0.06313176212,0.02410264748,0.005263735971,0.024538432,0.002462203949,0.03528141155,-0.00339763325,0.01878537404,0.04587772597,0.03481748858,0.007440365689,0.01699450296,-0.05064793126,-0.05055928425,-0.05419638338,-0.01564796502,0.04644677143,0.01035529697,0.0159090246,-0.02341896758,0.0452631552,-0.002312690505,0.00638570699,0.04289638158,0.054158722,-0.007793050383,0.01273817714,-0.001147681633,-0.009220664191,0.002462203949,0.01274861471,-0.002930156509,-0.040048426,-0.008247343094,-0.01623056505,-0.02650251488,0.04690548667,-0.005786067819,0.04839550641,0.01035403983,-0.02949575929,-0.0002929084249,-0.02781597773,0.01633705443,0.01541230674,-0.0619333698,-0.06023048495,-0.02280705224,-0.04515438611
2019-06-30,-0.001532788701,-0.01929206396,-0.01631423403,0.001497823933,0.01196679469,0.01164118783,-0.0001696036379,-0.01225552874,-0.002569790433,0.006887371914,-0.007491556774,-0.02236435691,0.004598715405,0.003133462015,-0.001691703211,0.01130287612,0.005290839393,0.004471146217,-0.005675640274,0.006496188026,-0.01301606774,-0.01519877408,-0.007015566306,-0.01802550037,-0.01747378834,-0.003288183752,0.00586877796,0.01159905073,-0.00145965673,0.01492252416,-0.00303789318,0.001691649957,0.006419820529,0.0003686100894,0.001030760166,0.005662522395,-0.0006755167727,-0.0001189981516,0.009342763877,0.01128142178,0.0217385758,0.006364465886,0.009671466387,0.01201555205,0.000102442102,-0.009557953113,-0.001533853164,-0.008527454644,0.02554515886,-0.01770170179,-0.01891446929,0.005370897286,0.005546422689,0.008297830017,0.001673053516,-0.006163400485,-0.008684396165,-0.008097129299,-0.007240099254,-0.002444393442,0.02056058067,0.02136409528,0.0268727279,-0.01100341008,0.001114475408,-0.01374036909,0.005534110086,0.01219436616,0.001421767267,0.009134147426,-0.003794279028,-0.01068834485,-0.01068597381,-0.009994042298,-0.01577399104,-0.0005184988999,-0.01415455094,-0.00625520523,0.02653695608,0.009018293931,-0.01000073872,0.01663531789,0.02715908923,0.01272428284,-0.02338393522,-0.0186800382,0.002364824666,0.001459949346,-0.01100341008,-0.01310663799,-0.008996077988,-0.003199576215,-0.010302479,-0.01336978921,-0.01342978676,5.70666843e-05,0.002479130805,0.003783201665,0.02139359438,0.02205527403,-0.01500727787,-0.00875275919,-0.01055256983,-0.01007464931,-0.001312477623,-0.001390222885,-0.01835412158,-0.01679294294
2019-07-31,-0.00107869276,-0.009975999037,-0.01066582436,-0.008713815406,-0.00286287763,0.003726353288,0.005947368865,0.02041092069,-0.00355133284,0.01590280591,-0.01634009088,-0.007113380319,-0.01602829321,-0.01175818045,-0.01602807436,0.006108219051,-0.001514203261,-0.004239305393,0.0005915803745,-0.01415358558,-0.008561900965,0.001007439798,0.001434501506,0.007531042595,0.008052423643,0.003138637766,0.004676787006,0.01596771617,-0.008033208704,0.004110246567,-0.01651907549,-0.003991166286,0.007591413773,-0.01555569894,-0.01138665015,-0.007886373884,-0.01297355722,-0.01546643315,0.007907550452,0.009574289042,0.009297339242,0.008408973626,0.01628077512,0.009279273787,0.0141249886,0.006477766513,-0.0211653953,-0.01951468834,0.008128751639,-0.01561865819,-0.01308027949,-0.007098472043,-0.009630184954,0.01584613631,0.0004205499957,0.004770555416,-0.01359382193,-0.01253586081,-0.01388488259,-0.01683486245,0.01425180282,0.02180671071,0.01259652441,-0.0006015675182,0.006027259236,0.01612078278,-0.0006725864318,0.02357374653,0.02111299355,0.02083401919,0.006691761845,-0.01288848913,-0.01323810768,-0.01443800852,-0.008857580088,0.00689221198,0.01436556883,0.008117755512,0.01003656162,0.02365109054,0.01441648369,0.02125516826,0.01436591578,0.02307632371,-0.006499893829,-0.0002394507761,0.004551951207,-0.001265009344,-0.003221305735,0.01333810275,0.01187010249,-0.0144854831,-0.003843802088,-0.004992602661,0.003562518953,0.02068594303,0.02085196684,0.0004871729405,0.006476362464,0.004820638692,0.00249024288,-0.003436648208,-0.005779126129,-0.005637271443,-0.01704490269,-0.01681242886,-0.01304296926,-0.01522907579
2019-08-31,-0.009836403441,-0.02130493137,-0.01910211554,-0.04184788459,0.01056982076,0.01529382081,0.02579755066,0.01732662851,-0.03907583694,0.04386017774,-0.05540434446,-0.03342641342,-0.00529537144,-0.04153104614,-0.05844041408,0.02144331411,0.02383062894,0.006392177229,-0.02653371357,-0.006549518654,-0.0003419915015,-0.008075008364,-0.01274374222,0.01070460357,0.01378796629,0.01225732614,0.02944231857,0.04385054787,-0.0009500519897,0.03126975937,-0.05991528755,0.009580698747,0.01904695693,-0.05609635272,-0.05533924484,-0.0005651218202,-0.04548085326,0.004760831012,0.007921286449,0.02984385686,0.0455749931,0.01191211959,0.05414477505,0.04364249952,0.0425263024,0.01278474962,-0.04827777074,-0.05036684491,-0.01719083818,-0.05452302605,-0.05728967787,-0.03226063759,0.01457213932,0.04904243631,-0.004371299293,0.0008251965542,-0.05414974092,-0.05398399341,-0.03097780393,-0.07278422147,0.04160063075,0.03239020408,0.04419876943,-0.02256360488,0.006440435609,0.02807475647,-0.01462604712,0.04689333707,0.0106089889,0.04198661192,0.01977230482,-0.06595894419,-0.06672774487,-0.06902726638,-0.02769718275,0.02661620539,0.04064018828,0.02145262906,-0.0160145368,0.06075373028,0.05138186912,0.04487734796,0.04418685453,0.05754272496,-0.02307664772,-0.008743353529,-0.006103066924,-0.009041675693,-0.02256360488,0.01644901838,0.0156828661,-0.05263182312,-0.01430948876,-0.02228687747,0.02711488875,0.042852355,0.05760277714,0.02063425569,0.02655458929,-0.02895091034,0.02148363774,-0.01899002984,0.004944558857,0.0003173062494,-0.06983359201,-0.07014084884,-0.04414342896,-0.05710524494
2019-09-30,-0.005430515959,-0.002548166027,-0.002690178341,-0.01295848887,0.008474247539,0.01919487023,0.01626131555,0.02286994625,0.002384340392,0.02054844074,-0.01472921016,-0.03155981309,-0.02145690286,-0.01034423164,-0.01540609081,0.01974820893,0.007018227414,0.02175977414,-0.01618529409,0.008945938079,0.01785822164,0.008354226768,0.004156470029,0.00224789549,0.008725586064,0.004196857883,0.01059615654,0.01834694101,0.0007898982353,0.0126254856,-0.01481658476,-0.01704705581,0.002705470756,-0.01733859503,-0.006785571001,0.008469010149,-0.01560832982,-0.0149599624,0.009700115322,0.01401973841,0.009917681533,0.01038347909,0.01090073243,0.01393604787,0.02324832335,0.01115021873,-0.02043560244,-0.01687124517,0.01571742925,-0.01021200064,-0.01174891238,-0.01261246737,0.004272981662,0.01413607325,-0.001155349847,0.002484035733,-0.00868612257,-0.008440363116,-0.005187494726,-0.01319089751,0.02559884019,0.02759214391,0.01489336697,0.01234143617,0.01231835763,0.01325938001,-0.0162426392,0.01539889281,0.02649423386,0.01866045171,0.0021597973,-0.01423516147,-0.01545661138,-0.01471126159,-0.008311598993,0.007475968637,0.01253278478,0.007883758979,0.01629145468,0.02372372368,0.02066208715,0.0226956752,0.01563596147,0.0227493849,0.00622531518,0.003442253462,0.0007149129705,-0.001248621833,0.01165244418,-0.004769080991,0.007621573415,-0.009832966934,-0.004879143302,-0.008702751663,0.01195521892,0.01430828608,-0.004286841889,0.01295549653,0.01121662059,0.01033888691,0.01348024622,0.007952712475,0.0004797532858,0.0005564148448,-0.01370625553,-0.01410369027,-0.006842425439,-0.01014331876
2019-10-31,-0.003661989986,-0.01206093838,-0.01413425537,-0.01956073456,0.0172289027,0.0115460769,0.02033225871,0.00343437813,-0.01124044515,0.02635992712,-0.01248865923,-0.019709489,-0.008397685125,-0.007175606837,-0.01465199547,0.02377961012,0.02209270825,0.02557555486,-0.01252709733,0.02249068048,-0.01041936392,0.006232145713,-0.003360020693,0.005981383595,0.008236801344,-0.006378386901,0.03181314826,0.03229411446,-0.002179331255,0.00727470778,-0.01831278592,-0.009882444798,-0.0117897169,-0.01403418023,-0.02204676693,0.02089631149,-0.008594806742,0.006144160774,-0.0004029932159,0.01563201988,0.0205927353,0.01644767381,0.02399403984,0.02251983103,0.02573686804,0.007476635151,-0.02387141788,-0.02262464638,0.01102627097,-0.02166221468,-0.02189832353,-0.008905391706,0.01202272904,0.02271269738,-0.00625959936,-0.01283923445,-0.02072181363,-0.02116317905,-0.01519015746,-0.02132751599,0.03200184539,0.0275766792,0.0212130766,-0.01229843938,0.007931837911,0.01683720235,-0.02289670358,0.0271611212,0.02220450232,0.02409736274,0.003681342019,-0.022587865,-0.02296386326,-0.01947368968,-0.007319900159,0.001987395144,0.004804396815,-0.00191060657,0.01282105823,0.02804326321,0.01920304516,0.02606800143,0.02126603284,0.02739374047,-0.01418619492,-0.004012146043,0.003713416194,-0.006095896024,-0.01281243095,-0.001213340014,-0.003876888912,-0.02022363052,-0.002629042834,-0.005405932162,0.009598414592,0.01964877334,0.01887830287,0.02035077322,0.0106731323,0.008622368016,0.01346424122,0.006554190357,-0.005292995269,-0.004321716063,-0.01985189206,-0.02099223021,-0.01809713577,-0.02158613913
2019-11-30,0.0009008956449,-0.01219495038,-0.01029773931,-0.008126989507,0.01579266605,0.01257969588,0.003362582087,0.01890724574,-0.007585345397,0.01515545341,-0.007668669455,-0.02164347777,-0.007792513246,0.004514360391,-0.003068852707,0.01642420269,0.02327215536,0.01540708305,-0.006943060928,0.009564254848,0.0004558086836,0.004048941547,0.00587758446,-9.146927967e-05,0.008498168086,0.005987041218,0.01283706632,0.01930815594,0.002255910784,0.005975000711,-0.005501026937,-0.01122880364,-0.00310397966,-0.001148631024,-0.003477475704,0.008695929338,0.002868655968,0.004366914574,0.01785561159,0.01927681436,0.01392151733,0.009629186169,0.01120179989,0.01432432109,0.01955004186,0.006427379754,-0.02174590728,-0.01617005724,0.01679038791,-0.01917365724,-0.02063148856,-0.005620734399,-0.0009976200148,0.01484437068,0.001142327828,-0.006861218953,-0.01425548139,-0.01397918593,-0.01365661063,-0.01135519971,0.02555714655,0.01623424213,0.01544636853,-0.002531093846,0.01269460225,-0.002026974822,-0.01225851447,0.01866064794,0.005458779369,0.01871993017,-0.0006068257859,-0.01547042375,-0.01801788767,-0.01892068036,-0.01025485881,0.01141146397,-0.003484930421,-0.004062284515,0.0180016616,0.01386755723,0.007110979039,0.01447176059,0.008587449875,0.02274666624,-0.01842944126,-0.005348372165,-0.004203333619,0.001450976979,-0.003860908977,-0.001582843935,0.00313415047,-0.01143625211,0.0003712564575,-0.008188874936,0.01246377512,0.007538883376,0.002962195934,0.007178596575,0.01385427361,0.01225699099,0.004180730137,-0.0008983126149,-0.007602675359,-0.007501936523,-0.00999471365,-0.01361702808,-0.01731842288,-0.01875424868
2019-12-31,-0.004211554331,0.03943357824,0.03569344763,0.05999569088,0.005703078657,0.003318553823,-0.02347295902,-0.02755809655,0.02265232959,-0.04393261302,0.07601585008,0.03614209781,0.01571912697,0.03924721255,0.06827870679,-0.05314702732,-0.04845985827,-0.05294754673,0.01944019544,-0.04883745349,0.005406862768,0.01116233602,0.03137440971,0.006249041521,-0.02147297872,-0.01300087052,-0.04399486731,-0.06104475564,0.01295105526,0.002771809458,0.07019587335,0.05911395638,-0.01399037383,0.06706720862,0.05506086677,-0.01654751686,0.04888786494,-0.006116854724,-0.03177870854,-0.0350052374,-0.04774700238,-0.009706050203,-0.06123928754,-0.0561871318,-0.05994955849,-0.01177600229,0.06355936404,0.08021712252,0.007848825624,0.08312360867,0.07336131954,0.05699825167,-0.01060768295,-0.08051672457,0.02368342308,0.006653781884,0.07860603902,0.07982021832,0.05195126784,0.08483860905,-0.05404067078,-0.04059981535,-0.05870896694,0.01117263893,-0.05671678837,-0.03911965267,0.03518015706,-0.0524260847,-0.04766037254,-0.04404283445,-0.03487629606,0.08026330207,0.08217716089,0.07926354675,0.04082866894,-0.07260944614,-0.03771329869,-0.01142160889,0.00422860925,-0.07349561259,-0.02295731456,-0.04330809811,-0.06239824438,-0.06835301775,0.05808552751,-0.01549088457,-0.01080907923,0.03029359624,0.01851370086,-0.02271306571,-0.0150441234,0.08057531475,0.0116914656,0.02569476893,-0.01448580963,-0.06276758931,-0.00426876673,-0.04966402942,-0.03775986993,0.01657674642,-0.003321910816,0.03511052991,0.01023948917,0.01242468561,0.0847364503,0.0821156806,0.06774977247,0.08357639814
2020-01-31,0.01854192179,-0.001161562929,-0.0004552533612,-0.01780540835,0.007669185819,0.002524143325,0.0134357684,0.03666224165,-0.01335012609,0.01822140311,-0.03436443228,-0.01621565339,-0.01527353589,-0.01654457271,-0.02960757195,-0.02190321699,-0.01456798849,-0.01796912605,-0.02135131866,-0.01347830914,0.005304151523,-0.01200946659,-0.01375748533,-0.008926269569,-0.007301408949,0.02643088989,-0.003393484527,0.01296592741,-0.01430448511,0.004927216929,-0.0313821016,-0.01671587559,0.0008141885517,-0.03166071413,-0.03181373102,0.005313349874,-0.01953040648,0.008023815006,0.01204933455,0.01177370174,0.01352421435,-0.01748162633,0.0309853864,0.02919852139,-0.01076581727,0.01064004691,-0.02683568774,-0.01138162462,-0.01943582394,-0.01767661873,-0.02034944437,-0.01685761604,-0.007952224481,0.02584428989,-0.009673226115,-0.002054524746,-0.01593495421,-0.01650304447,-0.004006033387,-0.02669380989,0.0301281648,0.006846976563,0.02005951116,0.02265302205,0.02088296356,0.01603080166,-0.02292385928,0.02271523196,0.008623663809,0.0191290217,-0.00936154892,-0.0189314034,-0.0181068724,-0.01997777341,0.0005349586671,0.02619672287,0.01480545806,0.005857891129,-0.01866632929,0.02281178649,0.007460722161,0.006981947287,0.02293932889,0.02985978038,0.005044833292,0.02134349122,-0.00113576191,-0.007262196102,0.02133837568,-0.000595203951,-0.01076105373,-0.01770896153,0.001780426319,0.001257888983,-0.0238919331,-0.00723116646,-0.01406259508,0.01605302044,-0.008733446613,-0.01716827701,0.002763087762,-0.01302805226,0.002249558058,-0.0005071740528,-0.02802172651,-0.02347071116,-0.01038656903,-0.01756956398
2020-02-29,0.005690585338,-0.02294935676,-0.02226740071,-0.05191655398,0.006428359325,0.003234333098,0.02842805577,0.04749563873,-0.04522506111,0.02943897687,-0.06593286599,-0.04133501465,-0.02882161009,-0.04781870576,-0.07138748746,5.953619909e-05,0.004194594568,0.002386242324,-0.04496562948,0.01400885411,-0.009413056927,-0.03884928247,-0.01397471482,-0.03612740491,-0.02059268127,0.04410348705,0.02492079452,0.05052190115,-0.0154974205,0.01189230487,-0.07357715998,-0.03449200788,-0.007974059171,-0.06818787007,-0.07441329855,0.02419294941,-0.05551895396,0.03107293071,0.05181211077,0.05232301458,0.04135005728,-0.02134826408,0.06229114252,0.05057691919,0.01603725174,0.004243301333,-0.05823498194,-0.05363070745,-0.0230964471,-0.05522287358,-0.04806247843,-0.04827577132,-0.02643544768,0.04303881562,-0.009125316524,0.001108514666,-0.0628690214,-0.06414682767,-0.03826584168,-0.0680209849,0.05705070832,-0.03605508267,0.01355295041,-0.007032573213,0.05819899597,0.04495487375,-0.07159437887,0.05558024803,-0.06430924021,-0.03786281141,0.01299892959,-0.05560906634,-0.05595263726,-0.05660928763,-0.02912382676,0.07335900799,0.03553570558,0.009273089466,-0.02052869001,0.05040471704,0.04434514896,-0.0455844131,0.02531907991,0.05741682387,-3.328977499e-05,0.01522952406,0.005242847575,-0.0103616975,-0.008014741664,0.005374129153,0.01835812185,-0.06536388035,-0.02984963823,-0.04276131506,0.05235088513,0.01664446637,-0.04161220759,0.01377312874,0.02330271272,-0.02626915943,-0.02223710418,-0.04546132753,-0.01172644494,-0.01420682072,-0.06673059498,-0.06686381078,-0.04666072368,-0.05604069596
2020-03-31,-0.04387798835,-0.1704948489,-0.1625062065,-0.2094248299,0.03283252491,0.03997439532,0.1127951475,0.08070483627,-0.1419115352,0.1543605033,-0.2581514191,-0.2030893508,-0.002537047617,-0.1327661791,-0.2558428258,0.06190934785,0.04923640792,0.06363747544,-0.06699668957,0.06921445583,-0.07811804803,0.0565575002,0.1021191592,-0.02364682372,-0.00493422125,0.1822667564,0.1199833133,0.200622325,-0.03437043849,-0.02687966136,-0.2699314164,-0.1746374186,0.06934255989,-0.2475317769,-0.2360679923,0.05523388634,-0.1545871276,0.0504866858,0.0986723704,0.1120835372,0.1584952482,0.009048726909,0.2312345101,0.1923753571,0.07422371585,0.2054089929,-0.197454486,-0.2361953695,-0.02882633807,-0.2489331584,-0.2413395968,-0.1694037826,-0.166941519,0.1060228731,-0.02610462234,0.01600572185,-0.2847278266,-0.2810759371,-0.2303209119,-0.2867432935,0.1223222454,-0.1808575212,0.03531790961,-0.0007598953878,0.2216068936,0.164000522,-0.188275627,0.1930537071,0.06215593132,-0.130684616,0.02981332978,-0.27663623,-0.2844448958,-0.2778057896,-0.1945990101,0.2272564929,0.1112682328,0.009906816291,-0.005881446872,0.1722841952,0.1604830462,-0.1216651311,0.06023227758,0.1612889441,-0.1065422817,-0.01534016274,-0.01493478882,-0.04629528396,-0.08449129768,-0.009114205185,0.06295626694,-0.2841905447,-0.1163109544,-0.1479081218,0.1773911438,0.1541118958,0.1564762284,0.01578255977,0.1780855503,-0.05939724855,-0.01408066314,-0.1591517432,-0.006616889186,-0.01085668198,-0.2733852001,-0.2682618438,-0.2716434962,-0.2535692232
2020-04-30,-0.03164425323,0.01802985836,0.01679740731,0.0452064742,-0.07142584141,-0.06928217347,-0.07215443603,-0.04589337381,0.06227897071,-0.05860207268,0.06354723536,0.06616915723,-0.08359632955,0.06943562672,0.07562033829,-0.1032592093,-0.0982979457,-0.09874064068,0.05815221634,-0.09737035771,0.07066233909,-0.03944431801,-0.00823014473,0.008208487965,0.01546143563,-0.03713613007,-0.08161879368,-0.08003776843,-0.07912654552,-0.06179382722,0.07057258856,0.07361913651,0.06511297621,0.07047291406,0.06633065558,-0.0343576726,0.06476355999,-0.08204109277,-0.1071509156,-0.07269868468,0.03843230214,-0.0778611467,0.07862830389,0.08757267889,-0.1073004822,-0.09566049557,-0.001833665714,0.08344679321,0.08763615182,0.03859385029,-0.07565911992,0.03249698662,0.02472794117,-0.07538126887,0.03532006269,-0.09390358002,0.06050037568,0.05510876833,0.01937138629,0.06170894632,0.01136818332,0.08180547165,0.03384044033,0.05516216932,-0.05458719462,-0.05683860245,0.05456101943,-0.06867675482,-0.02580828435,-0.02694275292,0.001237683067,-0.001289803069,0.00861402805,0.02628035309,0.002000659818,-0.0350637715,-0.02321662723,-0.021426128,0.076466479,-0.04095856084,-0.03656348243,-0.01548392437,-0.02215037884,-0.03974183169,-0.01479232883,-0.009623812596,0.0007910653531,0.06073919292,0.05671611824,-0.04005393562,-0.1127201435,0.07573896766,-0.001617286977,0.009118590937,-0.09578990237,-0.06460026737,-0.08271683438,-0.07539143964,-0.001849966362,0.06354074544,0.08299766856,0.08715558987,0.04728698539,0.04591806794,-0.01785345256,-0.005623295264,0.02318478147,0.04046736139
2020-05-31,-0.004488279107,0.0734364037,0.07440314121,0.08404602837,-0.02291604305,-0.0006107091338,-0.09245275399,-0.0622274884,0.1192733399,-0.06772749169,0.1537533625,0.06948283204,-0.07222859023,0.1210438411,0.1448803391,-0.04424572724,-0.0430204272,-0.06592198823,0.07922462638,-0.0681945438,0.06219946364,-0.05459315614,-0.03464809999,0.04339970159,-0.04730232578,-0.05367659336,-0.05140233555,-0.0782871888,-0.04972525433,-0.08559791874,0.1113143915,0.1224308783,0.1473853064,0.144534684,0.1489748054,-0.01381975637,0.1220188536,-0.1167271454,-0.09550490417,-0.06434754948,0.04506121477,-0.03703253775,-0.02871718385,0.02708440377,-0.04509663206,-0.02551328082,0.006990263852,0.1288216749,-0.00311416815,0.1243907592,0.09945680474,0.06072248203,0.07972499648,-0.08838290944,0.005916882483,-0.01063387314,0.1270390937,0.1196592159,0.1019978561,0.1473453995,-0.03529524528,-0.06491884368,-0.03457813539,0.00894109705,-0.06869833991,-0.08541157877,0.05347904626,-0.1122381729,-0.1203934732,-0.1177952787,-0.0112331396,0.09162839919,0.1170905083,0.1084781914,0.07348895813,-0.07506142832,-0.08955113015,-0.02766501313,-0.01181874843,-0.1450665687,-0.09626155316,-0.1406128821,-0.134773218,-0.1318408393,0.057626496,0.0143734349,0.01756264791,0.006949844968,0.0386015586,-0.05888997702,-0.02011912502,0.1269611066,0.01907608202,0.05098262148,0.008842354701,-0.1525238535,-0.1476479795,-0.1511677883,-0.07906733073,0.02559438441,0.009209304877,0.04769370598,0.03106896653,0.03825030455,0.08822119368,0.1055834113,0.1126273965,0.127689578
2020-06-30,0.01304384122,0.04884395764,0.04619343342,0.04165394831,-9.682646992e-05,0.009257105626,-0.06018069306,-0.01906254502,0.05949650652,-0.04190342111,0.0379264195,0.02713006229,-0.04412580944,0.02679678159,0.02823671347,-0.03060690467,-0.02927834953,-0.04284871569,0.03026499616,-0.03501749831,0.04005060567,0.00388703215,-0.01385278944,-0.007497565494,-0.01075126178,0.004972729057,-0.03143794539,-0.05014033536,-0.03004776653,-0.0285872513,0.01873250931,0.05188812288,0.04214646409,0.02877134993,0.04576071494,-0.02174848716,0.03050961239,-0.0581331024,-0.04327177365,-0.0324377067,0.0302005184,-0.02243315857,-0.01268080536,0.005648828069,-0.02617797373,0.002746559407,-0.005504778482,0.06808147171,0.0036922404,0.0623357424,0.03694940306,0.03183280762,0.01583586024,-0.05912306945,-0.01069103354,-0.001750345535,0.06125984128,0.06125523974,0.02835719006,0.04339448741,-0.03704342673,-0.04350106721,-0.03480216013,0.02614530543,-0.002327419512,-0.01181930708,0.002527295078,-0.03171319608,-0.004689253052,-0.03647717406,0.008894621624,0.04062813245,0.03855734676,0.03792221089,0.04769077241,-0.001902368233,0.01170959055,0.01043720072,-0.0005242093835,-0.04639757899,-0.01140614029,-0.05650534175,-0.0511206225,-0.04908858266,0.04248177033,0.03058527667,-0.02283881842,0.004664167834,0.03516708475,-0.04314390432,-0.01356552168,0.05428149766,0.02636162031,0.03948258633,-0.00288234776,-0.04904518385,-0.02998816114,-0.03755167054,-0.04788942701,-0.003141891607,0.0450556733,0.06146527773,0.02675214984,0.03306404747,0.01536067703,0.02167301052,0.06039945097,0.06398699353
2020-07-31,-0.01325059198,-0.036489824,-0.03411502591,-0.005147146982,-0.003826767368,-0.00134577636,0.02173292123,-0.00731083007,-0.009096376285,0.009071004819,-0.00207782862,-0.01142257364,0.0236737571,-0.008518782451,-0.005191317441,0.01341777077,0.001828169829,0.02260874221,0.001378967257,0.01730229248,-0.01834738839,-0.01848314596,0.00905800101,-0.01745376543,-0.01101423501,-0.02847500642,0.005959402165,0.007579857756,0.002763507657,0.007586289404,-0.005606334161,0.001831289386,-0.006415660886,-0.005483355111,-0.008347057454,0.01700261632,-0.01081497572,0.03168365535,0.01228940023,0.009679525317,0.02198319832,-0.01084593472,0.01420069271,0.01820719397,0.001730517611,-0.01500530643,-0.0207690182,-0.0103919452,0.03859899093,-0.01816243931,-0.01864243717,-0.009104248066,0.02421810097,8.156959936e-06,0.01959036276,-0.004364443178,-0.009090787761,-0.01530136586,0.005874331998,0.001467412868,0.01935344965,0.01304048268,0.01085355992,-0.03538428122,0.009604005212,0.0124598206,0.01072385115,0.004664157576,0.004439051674,-0.006918781755,-0.008054107509,-0.002184931725,-0.0004234846528,-0.00224759619,-0.02765378162,0.003531496888,0.003426152063,-0.02101616975,0.03963485156,0.00773152235,0.01714625065,0.0306709669,0.004514015389,0.01031546983,-0.03620083914,-0.02792309578,0.01493859054,0.01419905048,-0.03143916123,-0.01872854392,-0.01729442207,-0.004401440803,-0.01743718528,-0.02517370987,-0.0153088428,-0.004300992125,-0.01390283547,0.00161681582,0.03963323667,0.01678399137,-0.02260524042,-0.007066649291,-0.004880296234,-0.007771428107,0.003138453042,0.002730444029,-0.02123327328,-0.01651221587
2020-08-31,0.006788405694,0.02706197993,0.02536711731,0.03788957839,-0.009015811143,-0.0068879131,-0.01408915294,-0.02178486861,0.03151627213,-0.008934736493,0.04467718611,0.002426971825,-0.008025210596,0.03959508597,0.04461914012,0.0050326521,-0.009957632232,0.002825332833,0.01089982489,-0.0001181430388,0.00121173931,-0.009943678975,-0.009642306064,-0.01413142319,-0.01973395366,-0.003410268391,-0.01509466124,-0.01670797545,-0.01443750673,-0.02693133439,0.04727262766,0.01742347653,0.03765919802,0.04749466181,0.03919854303,0.002419368605,0.03977658656,-0.01783176378,0.03447028357,0.03230177502,-0.02671506093,-0.02704908205,-0.02716233002,-0.01075428957,-0.009686550742,-0.01851689668,0.01421680401,0.04186526315,0.001908634773,0.0444731005,0.04142563275,0.03061378924,0.001168177713,-0.01542353406,0.004232159022,-0.008746041728,0.03889083332,0.03904043532,0.02138915534,0.04893279897,0.0009039400666,0.002331743668,-0.004200693613,0.009814135543,-0.02688929479,-0.01644380962,-0.00880315381,-0.02512853438,0.01555203721,0.02621453396,-0.01247465936,0.04693118389,0.04691500775,0.04808448541,0.03486921366,-0.03819408869,-0.02576674939,-0.02196637425,-0.001714807399,-0.03563561406,-0.01185798208,0.004646643879,-0.03310745948,-0.03444559004,0.01229808589,0.01221815975,-0.001138743108,-0.001543637547,0.01256133006,-0.03700706871,-0.01787870144,0.03741934167,0.016391775,0.02706936426,-0.0129026911,-0.04011443341,0.02917609758,-0.04302442609,-0.03339641699,0.01346571998,0.01419863027,0.03736646541,0.01080495896,0.01074451792,0.04776967417,0.03800386138,0.03372477792,0.0468527052
2020-09-30,0.004154042598,-0.001151948177,-0.001477485878,-0.009719931515,-0.01334857268,-0.01232477764,-0.01015872478,-0.01577438257,-0.00241782569,-0.01974769612,-0.03215321688,0.02946404375,0.001827426663,-0.02654636988,-0.03086460202,-0.02422155997,-0.01999706608,-0.01645586839,0.02048096833,-0.0214103009,0.00899819006,0.02266883784,0.01038502265,0.03493038173,0.02795179676,-0.005264493362,-0.02432762745,-0.020311576,-0.02351433678,0.003635095779,-0.02875160481,0.02068814353,-0.02637963313,-0.02974558021,-0.02533581308,-0.01246132602,-0.02539799697,-0.001341942598,-0.002015576651,0.000861021715,0.00687416697,0.00894945998,0.008852862387,0.0001586970573,-0.0230012426,-0.009364793617,-0.01961591299,-0.003993444262,-0.0207685119,0.003494945243,-0.00311950957,-0.01290188431,-0.005520115154,-0.0008711847936,-0.01123056151,-0.001341141165,-0.006153762971,-0.005233841573,-0.008070772706,-0.0253983727,-0.01121261311,0.01392334367,-0.0199020239,0.002973982296,0.01904429799,0.02901538066,0.0111074168,0.01986236392,-0.008173534593,-0.008784464996,-0.01531408439,-0.01727836008,-0.02069631166,-0.02359052633,-0.001640980794,0.01784426198,0.0264287365,0.002579479696,-0.01976567125,0.01261186869,0.00658101454,-0.008820023448,0.004989360726,0.01331250828,0.01005632818,0.01405403379,0.003250258128,-0.003281715341,0.003075057448,0.002527775024,0.002095409063,-0.007556724598,-0.002460625684,-0.004352773406,-0.002234856038,-0.0001164377756,-0.028248385,0.0003455474015,-0.006062845647,-0.01970827806,0.006478658437,-0.003440916409,0.01519271237,0.01831206149,-0.02185515481,-0.01813583366,-0.0003853656398,0.00224404709
2020-10-31,0.006387203718,-0.007105607664,-0.007725186768,-0.006039487953,-0.0003796190406,-0.003849129324,0.0007679394892,0.01788604804,0.0005634519617,-0.005151787694,-0.002218447672,-0.002428511986,-0.002482757068,0.00177583702,-0.004179712451,-0.001708987651,-0.001377952328,-0.007257144667,-0.007976566012,-0.004953492229,0.00640911364,0.0001522746926,-0.005577012166,-0.008437403623,-0.007046502318,0.004639385699,-0.0004844403769,-0.005517745236,-0.0002711798298,0.01023574888,0.008512147166,-0.009639721231,-0.007119933007,-0.003238073237,-0.005566383825,-0.003357493161,0.002676923597,5.765114452e-05,-0.0107759389,-0.01085143649,-0.009367625658,0.006946819723,-0.007516370923,0.0002986423421,0.007112229009,-0.00420695149,0.001374427187,-0.01603752,0.01947148025,-0.01541472878,-0.0114462156,-0.003578090727,0.005817728464,0.001124315493,-0.001269100149,0.003370514864,-0.00629195093,-0.006377867248,-0.0048042443,1.243311954e-05,0.007994689864,0.0128781952,0.009481970116,-0.003496785281,0.008048581336,0.01178258189,0.001645223813,0.01289368209,-0.01197426285,0.00255908205,-0.002899152415,-0.000284066579,-0.003300900146,-0.001663413837,-0.003979846923,0.003097188572,0.003496757986,0.004485779527,0.01837730707,0.0153845757,-0.002284642806,0.01491071898,0.004441436257,0.009989194465,-0.004772350351,0.003023860188,-0.001533683744,0.002429037925,-0.002586134627,0.001412535424,0.006833137115,-0.004685753923,-0.01023415238,-0.009733296322,0.008186982625,0.003780912895,0.009520335717,0.003911553778,0.007482674983,0.02050157107,-0.02751551543,-0.02020198362,-0.01502806721,-0.01404917982,0.005879759357,-0.0004850860815,-0.008292802168,-0.01313517873
2020-11-30,0.02120480362,0.07704355659,0.07787415956,0.1113535565,0.01340790586,0.004206476911,-0.08709034085,-0.05025026683,0.1050481065,-0.05884846849,0.119006386,-0.0005268209357,-0.07954393658,0.09180293011,0.1165240552,0.0008306775379,0.01034908983,0.002372886374,0.0224819831,0.007649812143,0.05694904436,-0.05896246903,-0.05471046671,-0.05100604636,-0.05822737916,-0.06348078507,-0.05335593247,-0.06672986521,-0.04886117847,-0.05354683493,0.0881317955,0.0660846797,0.1255768154,0.1057725285,0.1071304283,-0.02680523959,0.09464767168,-0.04277847887,0.06263266151,0.06520711203,0.01615454348,-0.01426377902,-0.06154687245,-0.01971700896,-0.04558738997,-0.06217005059,0.001363790452,0.1281896943,-0.01641525268,0.1203283216,0.1167409199,0.0909540121,0.02617313653,-0.00921967628,0.0086803388,-0.009214964094,0.1270528858,0.1247035945,0.09796554896,0.1368044265,-0.02630191129,-0.001819472111,-0.002987094327,0.03930527821,-0.1071244497,-0.1088096004,-0.06292610723,-0.1039988992,-0.05147298428,-0.03994141673,-0.0001917404006,0.131434759,0.132207616,0.1270341835,0.08157982974,-0.1333651446,-0.1251272183,-0.03822567129,-0.0246730101,-0.1266211619,-0.1153371561,-0.03892138856,0.01087065158,-0.1361502097,0.08001575148,-0.0008867567424,-0.0004466425149,0.0164989838,0.05255694591,-0.03275138517,-0.0449069791,0.129455245,0.0431548067,0.06120920713,-0.04449687642,-0.1285570526,-0.1201125811,0.02762007489,-0.06829831146,0.02607568228,0.06248006617,0.09852622641,0.001823629341,-0.0003623103676,0.1197201808,0.1162765444,0.1108565066,0.1237101419
2020-12-31,0.01534333103,0.03822129782,0.03489387184,0.05413845407,0.009086751663,0.01133161821,-0.02775964705,0.008056777612,0.03997143458,-0.01060607388,0.0645284677,-0.03648556874,-0.03940307363,0.06305975671,0.0674689574,0.01315275958,0.003419573137,0.008121165776,-0.009813936209,0.02176515667,0.002939594094,-0.02933610036,-0.002550539845,-0.04082295166,-0.0467378886,0.01243587705,0.006037205262,-0.00336168672,0.00781579937,-0.008981818441,0.06620873495,-0.009252168693,0.05818501971,0.0658075621,0.06929685132,0.02167930676,0.0603192003,-0.01232538527,0.03479300529,0.01191738804,0.002533675962,-0.01021391449,-0.02634289757,0.01144209691,0.012879767,-0.01493453268,0.03534025929,0.0615138099,0.00657487798,0.0639124833,0.06657362635,0.04323670483,0.001564086694,-0.01204208839,-0.0006073314589,0.009391240959,0.06244846711,0.06183785666,0.03424487234,0.06836690678,-0.0001239578316,-0.0143026625,-0.01465643866,0.02596511926,-0.04722239985,-0.04683695082,-0.04344464723,-0.04119142769,0.004248199793,-0.03940644231,0.03341735859,0.0721038874,0.07130600634,0.06857157094,0.04171286499,-0.06252742456,-0.0631337874,-0.0266580642,0.003259691939,-0.05298038612,-0.05656397292,-0.02059632365,0.00425971837,-0.06002158198,0.0435570134,0.009368292182,0.005660400184,0.0044508621,0.03190862389,-0.04244970154,0.01138549835,0.06466075874,0.01417220914,0.0343440001,0.05387614364,-0.04614303953,0.01920951651,0.05403537143,-0.0402294421,0.01836543062,0.001235950768,0.02964483393,-0.01619085446,-0.01457014703,0.05869890617,0.05577662548,0.05568819951,0.06613807883
2021-01-31,0.01835253661,0.05332258377,0.04888046898,0.05298797891,0.03440089468,0.03465677539,-0.04683041893,-0.03095144534,0.05551986014,-0.04192948354,0.06843922483,0.02409953116,-0.05308980664,0.06464691645,0.07051840695,-0.03667707495,-0.03913321361,-0.03079798202,0.02624887923,-0.0256042207,-0.01775586328,-0.03950912449,-0.02115424962,-0.03533785098,0.01510749056,-0.01199200722,-0.03311043808,-0.005817440971,-0.03198716532,0.02559362347,0.06859825877,0.01680513877,0.06527027639,0.07017399178,0.005627590106,0.03898406948,0.06428964611,0.02764147924,0.009157713897,-0.006707197506,0.03284271936,0.025403079,0.00225141316,0.03699526499,-0.02148530406,-0.04042479056,0.0391133374,0.05615515811,-0.01534655488,0.05450970884,0.06071974179,0.04916492136,0.009588342071,0.006773032019,0.01423697284,0.007073427354,0.06209876768,0.06153215625,0.04760221329,0.07109395399,0.0328517047,0.03718940803,0.02540138347,0.02952371906,-0.04545355679,-0.04858266304,-0.0356759433,-0.04386096347,0.04561427999,0.04260176132,0.04132728949,0.07197215855,0.07012673105,0.0682370589,0.05126452053,-0.06484794697,-0.06699086481,-0.03104869735,-0.01806083528,-0.05500518086,-0.06186881217,-0.001417594497,-0.006927357455,-0.01401567439,0.02942399834,0.002504160662,0.02535318124,0.01811338169,0.02959208968,-0.03751639491,-0.005713545556,0.0614798181,0.02677928257,0.04800231968,0.003156049771,-0.03371698878,0.06597898435,0.06147453706,-0.04864405939,0.01362979473,-0.01283860935,0.03221834051,-0.03801656587,-0.03845547854,0.06836493066,0.06406083199,0.06026547042,0.05901892201
2021-02-28,0.01018605725,0.02129388828,0.01945077806,0.0323351503,0.01072305341,0.006255593702,-0.01010171838,-0.007041995681,0.02890076946,-0.007352255287,0.04399472964,-0.01537573886,-0.01812385792,0.04050271183,0.04616959195,0.002912435755,-0.01047178237,0.01095418671,-0.01116991304,0.01794324101,0.0137187604,-0.00862294192,0.02035418301,-0.02169169497,-0.02087812128,-0.01229430271,0.00436916109,-0.005727394905,0.004992104867,0.0007035645172,0.04357627011,-0.02144743614,0.04020496811,0.04419666018,0.0385673954,0.01373894502,0.041075589,0.001612160116,0.02492092401,0.008766926752,0.002114200528,-0.003193996633,-0.02479866901,-0.002484399341,0.009928777421,-0.005595845104,0.02735589577,0.02794132213,0.01930714836,0.03101556721,0.03274458277,0.02739844385,-0.002457955082,0.02054886143,0.002902781368,-0.0005556874587,0.04042517777,0.04007732053,0.02443148736,0.04425817732,0.01317205661,0.02789922275,0.01992134517,0.002206675103,-0.02586695792,-0.02772532515,-0.02299438213,-0.01658842983,0.02836011203,0.03042263152,0.01075126597,0.04391478759,0.04283266551,0.04173735533,0.02493519689,-0.03457190921,-0.04302934649,-0.02166021951,0.0187003433,-0.026526301,-0.03875797297,0.03909811308,0.03300550099,0.03702050098,0.01473063324,0.0001947991745,0.001796974736,0.004860113801,0.002206675103,-0.001648454316,0.00418078002,0.04032289875,0.01685540905,0.02435615281,0.02516321522,0.02145451079,0.04370339993,0.04097374981,-0.02068891521,0.02453362589,-0.01673264538,0.006190420176,-0.01727908428,-0.01569406893,0.042941055,0.03827149263,0.03522078306,0.03684905784
2021-03-31,0.005663457156,0.005211805544,0.004656979238,0.01173267886,-0.0005350951123,-0.00123147778,-0.01508247236,-0.003861599705,0.01563359419,-0.0156772385,0.007325204433,0.01260490488,-0.007218822905,0.002922146103,0.01230936072,-0.005958558097,-0.01287860914,-0.004967289314,0.0114728024,-0.005174320406,0.01409476858,0.008811005797,0.001090093007,0.007235450945,0.007250514776,0.003404374007,-0.01090525396,-0.01406399934,-0.011892781,0.003431471311,0.007050626201,0.003812432914,0.01090395822,0.006928478736,0.001353310444,-0.01225471097,0.002981950589,0.001604624687,0.005134689805,0.002296619282,0.001833698509,0.007166716214,-0.01477243906,-0.008682466539,-0.00698412651,-0.002954131512,0.01234224427,0.01268675993,-0.0005839274405,0.01856571654,0.0167083888,0.01093620338,-0.005602520911,0.005834670788,0.001104458454,-0.002341114605,0.01173903904,0.01170788771,0.008991585935,0.01454137207,0.0004958219194,0.006613273909,0.004655360936,6.276637574e-05,-0.008430344547,-0.008110557311,-0.003214245418,-0.005104835478,0.001723226658,0.004675428726,0.0009903653264,0.01735784392,0.01698614031,0.01393665489,0.007805186663,-0.01151613088,-0.01418330724,-0.008752069188,-0.001086555903,-0.006514206353,-0.01268479204,0.003662083992,0.005649280287,0.003294945782,0.004348144903,-0.003324982243,-0.004650934415,0.001131241556,0.001244632702,-0.001366972095,0.001213808308,0.01148734966,0.004501254611,0.008467730813,0.008951732265,-0.001513289292,0.000142378858,0.0007673789033,-0.007776415924,0.0008778683211,0.004951154091,0.01112234039,-0.001987644671,-0.001698410889,0.01534910984,0.01448077356,0.01013674735,0.01980531514
2021-04-30,0.003980773847,0.008515800617,0.0074766807,0.01166032391,0.006326725005,0.006430009032,-0.005029739886,-0.005511544563,0.01079077238,-0.003607991751,0.02004440052,-0.007665894098,-0.012109794,0.01869807633,0.01930371358,0.0005399354001,-0.005008998258,0.006227491026,-0.002827857155,0.007053629132,0.003879956597,-0.005211382684,0.005422257617,-0.008360783155,-0.008542420411,-0.00462307873,-0.001105975493,-0.0002218776151,-0.00149717107,0.001137567419,0.01937273579,-0.009635141496,0.0173076266,0.01935002937,0.01623199304,0.007620156143,0.01835724039,0.002007777825,0.006850832307,-0.00310415721,0.006804405321,-0.0008031518246,-0.005371918483,0.005074587242,0.003194054555,0.01103926135,0.009062853925,0.01118553334,-0.0014108889,0.01091196739,0.01576649677,0.009128208213,-0.005432257548,0.01229996897,0.001503637017,-0.004911456185,0.01455953102,0.01530311343,0.003474217799,0.01908835022,0.01548772594,0.007974707568,0.01109097577,0.002564883731,-0.009587501024,-0.01271970577,-0.01591907061,0.01734592524,0.01614349252,0.01458118468,0.00995470557,0.01984796917,0.01924689313,0.01942060688,0.009118786539,-0.01429528676,-0.01472258848,-0.01307515351,-0.00166305247,0.01349206361,0.002229922245,0.01199187306,0.01595440378,0.01543670377,0.003508834028,-0.0002127524063,-0.002255153807,0.00231842245,0.003631569255,-0.004238509185,-0.0068639237,0.01483831408,0.005116960654,0.006627279093,-0.006131155314,0.01392902397,0.01931979541,0.01794879012,-0.005644998193,-0.0001777861357,-0.003435994168,-0.002128125993,-0.003279960181,-0.003420069385,0.01507186465,0.01278381587,0.01246350858,0.01082352766
2021-05-31,0.008089854361,0.00823433106,0.007483116418,0.00504685874,0.007022960689,0.003795844625,-0.007004057385,-0.001682998914,0.007995624107,-0.006123320691,0.01173870576,-0.002253092902,-0.0109884871,0.007830016575,0.0107317364,-0.00235048413,-0.005108109095,0.0004813289795,-0.00303112779,0.002156411522,0.0008610005998,-0.005267650551,0.002662534338,-0.008035193768,-0.008030601737,0.0006791801989,-0.005080396103,-0.004234539944,-0.004428066414,0.002964734631,0.009568027118,-0.002567223908,0.008462391769,0.01059188752,0.008430763348,0.000373453455,0.008268485716,-0.001655621788,0.006929796301,0.001440434406,-0.002400291911,0.004583798515,-0.01107417259,-0.003954683956,-0.0009826113914,-0.001239497335,0.007542893762,0.003250515185,-0.003637426435,0.007289791977,0.01085319826,0.004545385136,-0.0005059319994,0.006714477863,-0.00280890037,-0.001686110705,0.007250617958,0.007262040054,0.004795509703,0.007909928035,0.01169560275,0.002671546969,0.005765042383,0.008844509842,-0.008230541641,-0.008555833691,-0.008217777447,0.01064804483,0.001108062607,0.007395354361,0.009446770565,0.008659505192,0.009084538215,0.009218780337,0.006575746882,-0.005289325693,-0.006811555043,-0.00615542021,-0.004154848595,0.008640929353,0.001487559605,0.004830755303,0.006737160793,0.009812479312,0.005967791594,0.004115310715,-0.003678834729,-0.003345284364,0.008714273889,-0.00267346824,-0.0004088615913,0.006253484829,0.005036812914,0.005442689616,0.008294991025,0.009735062164,0.01085745396,0.009741945195,-0.006369347174,-0.002064706061,0.002697549899,0.001373585608,-0.001656528289,-0.002151688935,0.006231540743,0.004273422754,0.007752682023,0.006680365109
2021-06-30,0.0005832254992,0.004380882869,0.004623930645,0.01136880133,0.001047073634,0.003150582881,-0.005190908198,-0.006313211863,0.01176465061,-0.003896378048,0.01643236911,-0.007395526642,-0.009458792281,0.01631591827,0.01731965937,0.0009417933074,-0.002817670661,0.008077246432,0.001336438957,0.009250900561,-0.00244840306,-0.004928427225,0.008793531454,-0.01119105777,-0.008522513891,0.00750690558,-0.0005583430921,-0.003149177719,0.001463773992,-0.00026917604,0.01762843979,-0.01149087821,0.01582200946,0.01893961177,0.01724600068,0.01014402295,0.01678502467,0.0008844138328,0.005045537085,0.0001824575745,0.009077494187,-0.002938393812,-0.004052724661,0.009436089515,0.007420160148,-0.002240766345,0.01098956843,0.01446423667,-0.006954780856,0.01412365402,0.01549003358,0.008042281613,0.0002434016596,0.01286504134,0.0001295712029,-0.005311031293,0.01321814603,0.01320971471,0.009809574237,0.02032526526,0.006983508777,0.003198483629,0.01074161117,-0.002306087852,-0.01018966629,-0.01114276151,-0.01107517034,0.01579941716,0.009731977382,0.01075297909,0.01026908991,0.02003607361,0.02058698565,0.02148686776,0.008951285207,-0.01777599505,-0.01999187714,-0.01940437278,-0.007332818422,0.01216437258,-0.004114732359,0.01120887964,0.01351481889,0.0133371822,0.004503707318,0.001564113495,-0.001502007964,-0.001451446286,-0.001438072815,-0.003985187944,-0.004922797889,0.01397547516,0.006375919839,0.006371409654,-0.005213486128,0.01186233428,0.01085861215,0.01233979832,-0.00562733666,-0.005343847603,0.001395124481,0.003918443956,-0.009160531235,-0.008759172915,0.01889430455,0.01768666889,0.01070825723,0.01213954697
2021-07-31,0.002287670589,-0.0008310790491,-4.910018413e-06,-0.008473150934,-0.01079644332,-0.00665644621,0.001799773973,0.011831947,-0.01235280929,0.008227797257,-0.01457037177,0.0003449283526,0.009261864064,-0.009994410178,-0.01429643891,0.006044502422,0.009501679816,-0.003263364356,-0.003748537824,-0.004717769198,0.0005493969516,0.007058910756,-0.001241759439,0.007421510863,0.008147193274,0.0001505126552,0.006573049867,0.005437521779,0.007667271625,-0.009045117217,-0.01304627205,0.004100940646,-0.010159713,-0.01273179427,-0.004652643635,-0.004138749654,-0.01048709123,-0.008888077434,-0.002581511164,0.005451160336,-0.005074811902,-0.007370022167,0.008351731776,0.0003603922864,0.006647643445,-0.002299348454,-0.009927900609,-0.009191370647,-0.004273575672,-0.01228069008,-0.01281721936,-0.006784164879,0.003180494647,-0.005331436871,-0.006301059119,-0.003619485456,-0.00793535406,-0.008542418719,-0.004880817805,-0.01419436566,-0.00833177924,-0.007972857793,-0.009878401556,0.001299229637,0.00935091537,0.0104154101,0.01038101002,-0.008626144119,-0.009638651905,-0.01055432176,-0.003014614509,-0.01341395563,-0.01344996485,-0.01352880967,-0.004350843949,0.009663270313,0.009663436722,0.009213946009,-0.00376800755,-0.01129499279,0.005423682382,-0.01010093151,-0.00986303892,-0.01428054298,0.003659235708,0.006393271734,-0.002017376676,-0.005500212295,0.001299229637,0.004636600748,-0.002379050333,-0.009326858765,-0.003495303782,-0.003980593121,-0.001886111156,-0.009449276207,-0.004853865752,-0.008686716637,-0.0005858806931,-0.006322316907,-0.00155362938,-0.007771260779,0.007706651784,0.007320506689,-0.01521514791,-0.01379939578,-0.006640396547,-0.01240203192
2021-08-31,0.0004630843042,0.0009801087021,0.0009549443109,0.002134800162,-0.004974938188,-0.004836899113,-0.001877880162,0.001526901355,0.00147040163,-0.002150940917,0.005705385233,0.002843164943,0.0004270484284,0.006891213513,0.00751107813,0.001285059875,0.003972955514,-0.001500263766,0.003716515249,-0.001058629474,-0.003172747836,0.001362461236,-0.0003078919597,-0.001391928126,-0.003385925974,-0.002403895968,0.003606978669,0.004189918376,0.00199769404,-0.003687976587,0.002377303001,-0.004436269086,0.003424598413,0.00552334168,0.005726537818,0.002969199761,0.006311763009,-0.001249580373,-0.001014173695,0.0004619700715,-0.001590759766,-0.001978164497,0.003178630616,0.004136690804,0.006141160089,-0.000809036048,0.004703394366,-0.001412506529,0.006766546455,-0.002506389277,-0.002390574288,0.0006939800781,-0.001987318416,7.780537887e-05,-0.0001300199515,-0.001676506682,0.004874244923,0.005035036128,0.002581959933,0.005736365503,0.0001821274439,-0.002481443352,-0.0008841343924,0.0001027583243,-0.003955050009,-0.004006479547,-0.004628443085,0.006780830129,0.006608731458,0.007958505803,0.003036482116,0.003436192173,0.004656990643,0.004763341587,0.001850704533,-0.006708702217,-0.007034096238,-0.004100316633,0.006835565445,0.001160833112,0.0001941451193,0.001955788742,0.005403749141,0.00667378177,-0.000922744224,-0.0005696987465,0.004880262648,0.0005158005388,0.0001027583243,-0.001818207995,-0.0003246896936,0.004927865773,0.001442427209,0.0009006577034,-0.002262422944,0.0007880334483,0.004058800305,0.004945209112,4.974986621e-05,0.006825148529,-0.003693625953,-0.002484007108,-0.004501776858,-0.003739317862,0.002609453802,0.001565385369,0.003175977882,-0.001673285497
2021-09-30,-2.129508459e-05,0.01246780191,0.01207126804,0.01050167176,0.004714048464,-0.0008004313694,-0.00132487019,-0.01035960961,0.008057469089,0.005470835083,0.01380095479,-0.01397567274,-0.004786336774,0.0138248267,0.01892142564,0.01085122246,0.0008910121169,0.01382150367,-0.008474943142,0.01139992296,-0.001294538986,-0.003614273004,0.009410124023,-0.01145180686,-0.01159457355,-0.00735975666,0.0009785401054,0.004588477873,0.001079350536,0.003899885782,0.01770501895,-0.0001431315677,0.01209244103,0.01825333044,0.01359373292,0.005611603475,0.01355814519,0.001915646843,0.007799246084,0.000814658526,-0.002549937535,0.00170572706,-0.01038130747,-9.450665277e-06,0.0001901300635,-0.0121038034,0.005077761647,0.01418660662,0.002711678934,0.01953015176,0.02098678082,0.008924470062,-0.005861437365,-0.004172015928,0.001122391778,-0.001908206634,0.01908313828,0.01910975578,0.01282039926,0.0204869355,0.01108425084,-0.0011560223,0.0006756967109,0.006527032793,-0.005169119554,-0.005915596636,-0.008094342604,0.006714196764,-0.006494051352,-0.006444932331,-0.001170856875,0.02162745885,0.0214165595,0.02221718094,0.01232724526,-0.001787370389,-0.009014386574,-0.01645289855,0.001887515422,0.01417686758,0.01643499984,-0.002314792378,0.00979882161,0.0175412082,0.01340316274,0.004468631141,-0.003112781462,0.001788914121,0.007476325979,-0.005108618464,-0.00605086546,0.01877103593,0.006425474044,0.007375675219,-0.005343333842,0.008198745586,-0.00104881782,0.003980571164,-0.0104632676,0.004607570717,-0.002869393367,0.00422965757,-0.004308495348,-0.003417236945,0.01609458026,0.02053333667,0.01844799836,0.02125815611
2021-10-31,0.004310652368,0.004930098606,0.003402156742,-0.001234940654,-0.00123906824,-0.0006513952531,0.003077104005,-0.004030391577,0.001123545309,0.003859282433,0.003436074817,-0.005961957023,-0.00145382621,0.005795186792,0.003877939581,0.007120050125,0.002381092625,0.006669474556,-0.002363094058,0.007715696495,-0.002777266424,-0.003220607577,-0.0008717460647,-0.005413330305,-0.005151880097,0.004350398386,0.002019491292,0.004787662218,0.0007467139305,-0.001089715172,0.006386922825,0.001641832024,0.004366136293,0.003999450421,0.004859268103,0.008653345417,0.005502854277,0.0004594660719,0.001272080527,0.001611360718,0.002164344806,-0.001348629011,0.002796755583,0.004588382536,0.001667992131,0.003486721905,0.0008307693674,-0.000102785865,-0.0102093633,0.006314778859,0.008845897372,-0.001504322487,-0.005393798809,0.002294869151,-0.00156677962,0.003938443194,-0.000917873116,0.0003810595746,-0.005255312999,0.005588661098,-0.005572829458,-0.001415697577,0.002834511027,0.005907722428,0.001401473431,0.0008744042303,-0.001066433194,0.003277586645,-0.003438067417,-0.001198816685,-0.0003041785935,0.005574861815,0.006105072795,0.006937177014,0.004012676893,-0.002579912116,-0.002144248596,-0.001126851663,-0.01036024094,9.775927877e-05,0.0008933273076,-0.002611049946,0.005267733886,0.006376692518,0.00107673724,0.002202233071,-0.002819628042,-0.001148255712,0.005324656664,0.003043633028,0.007041197266,-0.001551716229,0.002158855872,0.001067185091,0.00323185435,0.004701376215,-0.002677558761,0.001862464725,-0.008109676346,-0.008748364796,0.006721453088,0.005226769101,0.00728849561,0.007168918178,0.00277952984,0.0052663347,0.001673893535,0.003688226609
2021-11-30,0.004368097842,-0.0004575649208,7.037631466e-05,-0.01378941332,-0.009914094189,-0.007969172087,-0.0005868673362,0.01275976771,-0.01429977232,0.005367564467,-0.01558332837,0.01038226958,0.007297821984,-0.01146132952,-0.01408442886,-0.00552687196,0.004638634279,-0.0110908384,0.0004015980815,-0.01157241347,0.003338962956,0.005852260324,-0.004685674942,0.01028398455,0.007990606843,0.004517561585,0.004908836591,0.0005408210278,0.008171972247,-0.009160362499,-0.01246718426,0.006060665817,-0.008992391945,-0.01340490086,-0.009342814953,-0.01095207516,-0.01155101341,-0.0093225177,-0.00326230327,0.00157543082,-0.003760479478,-0.005545061389,0.00770572264,-0.002533583873,0.007421964441,0.001929518264,-0.00779175898,-0.006323518848,-0.01835892562,-0.002458656815,-0.001353637353,-0.01252344666,-0.00421932652,0.0004706260521,-0.006800448337,0.001494131111,-0.01564107762,-0.01551050098,-0.01036564164,-0.01258156255,-0.008916594932,-0.009482698192,-0.005747344235,0.000476313199,0.006476911648,0.0101199644,0.01062625062,-0.006752767112,-0.009561089659,-0.007758728592,0.0005594158687,-0.0146926376,-0.01451611628,-0.0143728974,-0.004314423247,0.007574029936,0.01001446016,0.0119377682,-0.01820307659,-0.01471802786,-0.01930153144,-0.01199047006,-0.001107702772,-0.003894051811,-0.0008459721009,0.01264928159,-0.004920690739,-0.005270343291,0.000476313199,0.003334243175,0.002038216073,-0.01703632992,-0.004498621193,-0.00551998692,-8.871133357e-05,-0.01123486108,-0.006412763402,-0.001910371261,-0.006870768266,-0.01819519447,0.005689816336,-0.001359280349,0.01384088373,0.0123184472,-0.01482299794,-0.0132000405,-0.009511704741,-0.005986975296
2021-12-31,-0.01229549257,-0.008277666432,-0.008529879322,0.009894763605,0.00261892704,0.001872417312,0.00298226784,-0.002312253611,0.003814869417,0.002643852573,0.01155640139,-0.005753969266,0.0005958242438,0.008662299887,0.01112927953,0.002630745145,0.005340735468,0.004672095108,-0.006293408248,0.006642738301,-0.00280166288,-0.004390249328,-0.001772392341,-0.008762458486,-0.007302505306,-0.002850544416,0.005510177814,0.002456292301,0.002732628877,0.001656818835,0.004673486029,-0.01302073935,0.001021109421,0.01004179867,0.007621418306,0.01125721677,0.008441084013,0.007445226372,-0.001774541632,-0.003143206022,0.0128574022,-0.002853782957,-0.003133961545,0.005252159549,0.006093862893,-0.01174907453,-0.006628151935,0.01090959457,0.01611271043,0.005724173722,0.001149960807,0.007475105065,0.01058620839,-0.01016501943,0.009024720388,-0.004624368279,0.01044560486,0.01034723712,0.009411345361,0.004725463013,0.002441893339,-0.01257995854,0.001987692178,-0.00981650203,0.004340317615,-0.005224981578,-0.005763554326,0.008369370922,-0.003942669393,0.005327179276,0.001348811268,0.006525300791,0.007546688144,0.006198087349,-0.004472032839,0.003444460571,-0.004444024826,-0.004836440768,0.01560398495,0.004047551789,0.00649506255,-0.007782927503,0.001699736751,0.001809180603,-0.003435267527,-0.0144048663,0.002157338347,0.008306131528,-0.005999119602,-0.006315540616,-0.01026507019,0.01350658713,-0.006828197635,-0.005452364738,-0.02250303959,0.002699126565,0.0004377087725,-0.001197144178,0.01529035718,0.01673860007,-0.008714242737,0.0004466520014,-0.005916535017,-0.003882851388,0.01119024602,0.007061921418,0.003475267896,0.008553284408
2022-01-31,0.00477358365,0.006477189652,0.00423612641,-0.01108964627,0.0001971720522,0.003128000741,0.004566323035,-0.005390203137,0.0004799665005,0.003298161473,-0.002959581466,-0.009362105595,-0.007803922232,0.0003251799923,-0.002861727701,-0.000295116886,-0.006699444099,0.000774596638,-0.00427229964,0.0009829695943,-0.0001251099477,-0.007313552325,0.001491578307,-0.003788609618,-0.004714447736,0.00666715104,0.00184249712,-0.007033080523,0.003017193937,-0.001206249168,0.004410979511,0.002102343325,0.0004289417124,-0.00316254937,-0.00316429534,0.001755793534,0.0001006758689,-0.001482738026,-0.003368157476,-0.001506824683,-0.002283392723,0.001413658005,0.001662214471,0.003394559126,0.004234843558,-0.005047145288,5.782353309e-05,0.002021008778,-0.02200771919,0.01864154331,0.01980191453,-0.01226696375,-0.005606721012,-0.005855484858,-0.003095144641,-0.005582273365,-0.01004054882,-0.009571539659,-0.004558053652,-0.000976524344,0.007124869213,0.01323415504,0.00815178908,0.007005255637,-0.001890910015,-0.004979607767,-0.005262329949,0.009329569011,0.004311120065,0.007300991722,0.002181198004,-5.668175166e-05,-0.001214085624,-0.002356577609,0.0003638209198,-0.002535206297,-0.0003985001453,0.005818540777,-0.02256711371,0.0142018618,0.01013516391,0.02088699722,0.01508195161,0.01648298985,0.009497599928,0.01602407833,0.002434893997,-0.003337293875,0.006416045963,0.0019558031,-0.007545006164,-0.01511117426,-1.021868824e-05,0.000628774833,-0.01760950279,0.008810117522,0.007675242559,0.01175313331,-0.01314108806,-0.02056275297,0.01288124668,0.01121950556,0.01878164557,0.01860241872,-0.006781087235,-0.003187370808,-0.0004414619689,0.01403110918
2022-02-28,0.005842332598,-0.003792254396,-0.00211510594,-0.001730747583,0.0006920508663,0.001436706098,0.00236179538,-0.003641648155,0.003226668404,-0.003480036211,0.001468425699,-4.972352732e-05,-0.002583100849,0.001037888969,0.001065433298,0.001198494869,-0.003760383799,0.001884433366,0.001441901005,-0.001428999473,-0.001610002825,-0.008241437942,0.0004412122866,-0.002722769653,-0.006122487266,-0.0006167440315,-0.002498678508,-0.001298921898,-0.004295959996,0.002088721877,0.005105126467,0.003385259312,0.005016637218,0.0009234151139,0.0001398069915,0.007089568685,0.001150089026,0.004284450777,-0.0006935152369,0.002269462991,-0.005925694068,0.003046723915,0.0007994395884,0.001451268159,-0.003968611289,-0.002832037967,0.00969939115,-0.003773232611,-0.01964984435,0.003790246736,0.008626298055,0.0007106676967,-0.007507474229,0.01211735414,0.0003919032295,0.003990031659,-0.01060983853,-0.01028015351,-0.002982247054,0.005118178229,0.005041852743,-0.002123814409,2.584208562e-05,-0.00301780585,-0.00300916928,-0.002494583005,-0.005815031842,0.01031646184,0.002227812437,0.00635046166,0.002696132886,0.003110519579,0.003080863071,0.003017288539,-0.002159909938,-0.001089918845,-0.003835185942,-0.0003647129327,-0.02017457561,0.01411391775,0.01092406497,1.316764875e-05,0.008958545986,0.01424743863,-0.004765329482,-0.003148326854,-0.0004730576996,-0.001132037036,-0.003131870833,0.006663295159,0.01133829545,-0.01092818816,-0.001796128426,-0.001473258951,0.01041959355,0.006792954045,0.007133981057,0.007827271847,0.002271318621,-0.02044706701,0.008697912936,0.002201147035,0.007114452361,0.007093896129,-0.001132487462,0.002900112847,-0.01088181628,0.0003739945787
2022-03-31,-0.004057505444,-0.006676007426,-0.006838915636,0.001330577689,0.008715853338,0.008388893472,0.003329886067,-0.001110307828,0.005206839481,-0.004713596692,0.008548675813,-0.001496404624,-0.00161804809,0.009211829089,0.01126485101,0.007407485567,0.005639350254,0.008168334634,0.002711192063,0.01296483785,-0.01098803443,-0.01532561363,-0.004177320992,-0.01221561288,-0.01051245516,-0.006639045293,-0.001372757528,0.006310210102,0.0009518885456,0.007857096356,0.004818001258,-0.01175007057,0.006593194329,0.01150790596,0.01041102116,0.007001676436,0.009220218254,0.006125693652,0.002065081142,-0.003156760303,0.007461269417,-0.0008225272393,-0.00332410358,0.003468840091,-0.000133116066,-0.0002586244425,0.008830642318,0.005020551004,0.00918545334,0.01100395872,0.008293130833,0.001543605172,0.001579325994,0.002038696087,0.007725025766,0.004843460412,-0.001976998677,-0.00194915405,0.000389824924,0.002696442723,0.01983442839,0.0228787787,0.007250066219,6.611943918e-05,-0.0009332965005,-0.01025991087,-0.007927795447,0.01450220512,0.01026623846,0.01516417597,-0.0006753819086,0.002328306523,0.0008408724801,0.000808187481,-0.0009183294039,-0.001380853081,-0.0004723793671,-0.01160545002,0.01011995152,0.01560496981,0.008375256198,0.01613945438,0.007263421673,0.01138567537,-0.008658266653,-0.006757456185,0.001891569101,0.005829600612,0.0005868403457,0.004913926074,0.004900427157,0.0007280026089,-0.0009149614108,-0.00394276041,-0.001122866019,0.005093239886,0.004030441572,0.001985439765,0.007728859854,0.009307591773,0.005603994365,0.00994323308,0.008058801337,0.009571445359,0.006560017048,0.003925221624,-0.005744903346,0.01221624621
2022-04-30,0.01237138457,0.008725032028,0.008232653271,-0.004731443575,-0.01149022757,-0.007845033769,0.004032445781,-0.001566315519,0.01399390902,0.003128011761,-0.0008075076896,-0.01142053114,-0.009925679951,-0.0005967526446,-0.001917577611,-0.0009843912041,-0.009156026635,-0.001468863227,-0.002332987491,0.0008051390331,0.01334342272,0.0009698545937,0.006606924151,0.007229366803,0.005979617124,0.01773053868,0.005957532601,-0.007246374191,0.008014507655,-0.009651808792,0.00830755161,-0.002895451456,0.001329842911,-0.0009368762944,0.004418046748,0.003434520601,-0.0008477879676,-0.006355054201,0.001443014309,0.0007683240197,-0.02416232753,-0.01528618011,-0.00501635635,-0.009764365226,0.009282161207,0.0131381707,0.004426701454,-0.01169066335,-0.006743858448,-0.001899024526,0.003362736801,-0.002315979119,-0.02411736913,0.01127890509,-0.003306699734,-0.003807372501,-0.009503855704,-0.004360910352,-0.01363243569,0.006744585919,0.0003513781685,0.01989487236,0.0178541211,0.01427818272,0.008343287712,-0.0004483289909,-0.005736190318,0.002908639588,-0.004219309013,0.007341568966,-0.003225200012,0.008732964421,0.008227120058,0.006504025782,0.006759428872,-0.004705587563,-0.002293678689,0.00856759601,-0.007196084186,0.006481480308,0.0007437251978,0.0263759575,0.009484566198,0.01066502579,0.01089300088,0.01142612811,-0.003081950565,-0.002641673583,0.008930776046,0.0004998402208,-0.003487237178,-0.01106743987,0.005926777879,0.002742314038,-0.00195215474,0.003610762227,-0.002092453867,0.002564514316,-0.01702937595,-0.00370905671,0.01728522769,0.01398810934,-0.0005352026439,-0.0001834208952,0.002615275692,0.00569217345,0.0007842571237,-0.00152605874
2022-05-31,-0.002387477102,-0.0137425787,-0.00995748092,0.006401546742,-0.001847645226,-0.007197683052,0.02487870664,-0.007052672844,-0.01331550844,0.01304426143,-0.01200025355,0.004139494132,0.01189688582,-0.01755677667,-0.01085006408,0.01701910884,0.01061308035,0.01210357432,-0.01201941203,0.008392761394,-0.007724061716,0.007487802819,0.007951257088,0.0002521202064,0.001697619133,-0.006207034865,0.001672926461,0.01388699518,-0.001367465079,-0.006037368738,-0.007214808813,0.007759435248,-0.01575962724,-0.01210660698,-0.002950860998,0.01294144388,-0.01569234707,0.004642979422,0.002781464862,0.002169721739,-0.0001165407959,-0.01326705884,0.005166699491,0.003147183303,0.0008499795012,0.01131924665,-0.00387320025,-0.001888277113,0.0142654393,-0.03770518751,-0.0357979823,0.01059367454,0.01553681894,0.003001962976,0.0059585952,0.006633899463,-0.01377845665,-0.01661225085,0.01573901443,-0.006359926218,0.01048734311,0.006437712648,0.002581837053,-0.007411553234,-0.01151098564,-0.008881973839,-0.008872952978,-0.0003008976269,0.001942206952,-0.007021382209,0.0002267454133,-0.01239668749,-0.00978207776,-0.01075211047,-0.005562762474,-0.01241335853,-0.007575309072,0.00182799642,0.0133513929,-0.00414974429,-0.003129221653,0.001544412512,0.0005789665897,0.0008272158569,-0.02517533467,-0.02644131625,0.005434031707,0.001141798015,-0.007452050817,-0.008050228754,0.0002872610268,-0.004758012559,-0.01095398512,-0.009706045321,0.001334895018,-0.009667287094,-0.008570263705,-0.006769615278,0.0173751046,0.01062367682,-0.009030610558,-0.01090687658,-0.01972618113,-0.01891908049,-0.005663457125,-0.006209759382,-0.01970628923,-0.03611416617
2022-06-30,0.02262821276,0.001367700038,0.000276206508,-0.02884561901,-0.01271337807,-0.01293155926,0.009838341369,0.002771138771,0.0033637729,0.01043142476,-0.01395203311,0.008489101059,0.005626934044,-0.02229462207,-0.02098159726,0.001725846542,0.004086656761,1.414718008e-05,-0.001082122147,-0.008860440337,0.01082774024,-0.005629851751,0.001850100355,0.004471410611,0.004689233051,0.03613737175,-0.001495344017,-0.001790128295,-0.003672215761,-0.01705034203,-0.0009033800037,0.02159040063,-0.01437562925,-0.0220103002,-0.01127725691,0.002843489204,-0.02724845035,-0.0258383993,0.00414355243,0.00476686816,-0.01977969201,-0.01503932922,0.00159136256,-0.01804592277,0.006005512391,0.04654524286,0.01172404684,-0.04505797082,-0.03670640481,-0.02729499935,-0.01039914269,-0.01940525493,-0.04692228205,0.02553207489,-0.02214391731,-0.00729139023,-0.04600453504,-0.03876715085,-0.05151234549,-0.01027147991,0.007848496416,0.01930886277,0.01246434317,0.03422402277,-0.007675652949,-0.001399129313,-0.01026702782,0.009299833521,0.01693132962,0.01916264794,0.003478401403,-0.01089989717,-0.01123561345,-0.01272690261,-0.003663220994,0.006373103193,0.01481635745,0.01890198919,-0.03699708062,0.0368867114,0.01297194668,0.02382118699,0.02724581522,0.03885809927,0.01210932797,0.02389331816,-0.009678747499,-0.01943589099,0.01735459525,0.003290310188,-0.004186398275,-0.05141609473,0.00810743799,0.004586342488,0.005097724591,0.04013643595,0.02914584822,0.0362901971,-0.01465643962,-0.03641768752,0.02037242908,-0.005281633921,-0.001406884361,-0.002686543921,-0.02832954113,-0.02054804202,-0.02783634774,-0.03002197955
2022-07-31,-0.01953629424,-0.02386527279,-0.02584896971,0.008723372103,0.005511803532,-0.002470421492,-0.001920806701,-0.003347400018,0.002840214429,-0.007207001692,0.002476250145,-0.004896542054,0.0152363865,0.002323677184,0.006777390901,0.01164844063,0.007202195167,0.005866821663,-0.006415923141,0.001003604814,-0.01296287344,0.02073679678,0.01098813236,0.01827945048,0.01998716022,-0.02512245622,-0.005979184989,0.003022085919,-0.008547553625,0.003062611196,-0.02920826244,-0.01805618053,-0.0002154001154,0.005672190949,-0.0006011769081,-0.009116103566,0.004650370882,0.01294794464,0.001747512953,0.01190575397,0.01658123405,-0.004733662987,0.01595157814,0.01679959204,-0.01229474934,0.001028504422,0.0155827861,0.01712710949,0.01028451301,0.004633267868,-0.0116103623,0.01209063564,0.02645343269,-0.02452668815,0.02311192824,-0.01711103155,0.006796911208,-0.00347339672,0.02533987859,-0.006097848588,0.02821493729,0.01821675303,0.01006886109,-0.0231095014,-0.01182814699,0.003457572309,0.00988367071,-0.01238171272,0.004439760135,-0.006366950978,-0.003646151848,-0.0199887056,-0.01670448893,-0.01406129116,-0.01409218585,-0.01480180612,-0.002282314987,0.002950916508,0.01121434672,-0.009459889028,-0.01460440779,0.005968134848,-0.01193307785,-0.008806678428,-0.02751117607,-0.0389326526,0.003631473982,0.02125829724,-0.02146604042,-0.008525888088,-0.02656627988,0.0171626655,-0.01951256478,-0.02046322182,-0.04075655207,-0.02791416552,-0.02618092005,-0.0252148221,0.03393807199,0.007677038437,-0.0189961297,-0.004807169724,-0.000901573952,-0.001402993986,-0.002093394404,-0.001813211714,-0.01275602577,0.003825465009
2022-08-31,0.01349995133,0.02978815188,0.02713695666,-0.005541372239,0.008906178076,0.006924502355,-0.02402042945,-0.02535783801,0.03309349107,-0.02151794089,0.02285736276,-0.02769455494,-0.03627418469,0.02053702075,0.02071705681,-0.0147109938,-0.02487105018,-0.002612034947,-0.005922381174,0.002031350411,0.01804929159,-0.01735387832,0.0008172591673,-0.01412696116,-0.016427743,0.003290537089,0.007411988509,-0.02808616462,0.01594189223,-0.01362758822,0.03686791517,-0.03059388143,0.02495119494,0.01862420505,0.02458775658,-0.01775439256,0.02101391828,-0.02097965708,-0.01666246362,-0.02292751581,-0.02786423957,0.003858350983,-0.03867180352,-0.0276346465,-0.00097103749,-0.01238718085,0.04094925771,0.01967010689,0.001341875279,0.03160250118,0.02672656531,-0.004868236313,-0.002263472684,-0.02222171774,-0.008503782287,-0.007227274342,0.02004466337,0.0204439865,0.01484529299,0.02758828902,0.01593777951,-0.006315558109,0.005458650722,0.01931826237,0.02347247408,0.005004613057,-0.01024707952,0.01458110022,-0.003714898814,-0.005501835932,0.006155159031,0.02958511591,0.03066104662,0.02694520225,0.01751226186,0.02736488654,0.006893673861,-0.002079073328,-3.949985288e-05,0.006736076209,0.01064811147,-0.009519139216,0.001139711045,0.001303575986,0.03183646159,0.03237365558,0.0005138365013,-0.007053298488,0.01997631091,-0.02628700065,-0.02588200224,0.007674788589,0.02342252429,0.02527304887,-0.04003145278,-0.004589588671,-0.0135645865,-0.009203264644,-0.03769856638,0.006729347209,-0.01001424387,0.001680232186,0.01403190109,0.01291774197,0.02308343599,0.02203334786,0.0267291347,0.0329882806
2022-09-30,0.0008916580413,-0.007972389111,-0.008165076508,-0.0197953923,-0.003038388511,-0.002474089808,0.01383116803,-0.002429808938,-0.003666923587,0.01131032137,-0.01301615603,0.006345513898,0.01589505167,-0.007328664827,-0.009420688383,0.01680270107,0.01642213519,0.01248670957,0.00650258426,0.009295490284,-0.01026494204,-0.003485614707,-0.009254578642,-0.006768323047,-0.009983323478,0.01247982185,0.01015146235,0.01566517415,0.002466066144,-0.001448357442,0.006912040979,0.01368816053,-0.007252399162,-0.006783638712,-0.00297154092,0.008219950758,-0.009947504356,-0.008333664698,0.0002014394301,-0.0007880943786,-0.007297402927,-0.00354757565,-0.0003907631104,-0.002282922401,0.01293076061,0.01384900457,0.00886561911,-0.03256979565,0.0009102052009,-0.03128596399,-0.026086742,-0.0187709035,-0.01367295578,0.02499789364,-0.006360105423,-0.005714445531,-0.0224676611,-0.02087550496,-0.01602164777,-0.01344647376,0.02261866793,0.01385595589,0.02464829536,0.008273548219,0.006636202487,-0.002176959053,-0.005296167702,0.02060518342,-0.002569984405,0.01367176491,0.006818679942,-0.01257057349,-0.0134013051,-0.01714770994,-0.01293445362,0.02615860904,0.01585804577,0.01285992744,0.001565371741,0.03414967276,0.0121077786,0.0197403763,0.02987526866,0.02910566807,0.001135742537,0.008533894215,0.0008787847001,-0.005268962521,0.0009767698036,-0.009667439438,-0.009236527071,-0.02495774195,-0.00351163305,-0.008432346621,-0.009366400195,0.02498685605,0.02265878218,0.02402991688,0.003737147439,-0.004082498643,0.002505948315,-0.004585265549,-0.00487866789,-0.001357204331,-0.02048522192,-0.01995916807,-0.01514478574,-0.03020668733
2022-10-31,-0.02088025924,-0.01979792224,-0.01466764011,0.01588871708,-0.001908130853,-0.009615920671,0.01318320679,-0.007852310438,-0.001069359102,0.003525283582,0.010680455,0.005267666246,0.01678914641,0.01507851657,0.01844629378,0.01765700535,0.008854602233,0.02718258037,-0.001204924955,0.02605850924,-0.03040990164,-0.003211549026,-0.002217858707,-0.00778015629,-0.001591805659,-0.02122457401,-0.007597359151,0.01512337622,-0.01354090094,0.002402014944,-0.0138210899,-0.0005271136204,3.180284268e-05,0.01672013604,0.01404297025,0.030728023,0.01165954479,0.002483757982,0.0116605219,0.008490087368,0.005774099278,-0.007008358629,0.0001925792486,0.01021877482,-0.008286456482,-0.03480410329,0.005674656714,0.0157662873,0.03359294781,8.758019863e-05,-0.006210777359,0.01292643614,0.03317994308,-0.004807202391,0.008161300165,-0.001813903253,0.004202801036,-0.0006174392766,0.02513857827,0.002658849622,0.01613819282,-0.001990915669,0.009863882748,-0.02848918968,0.01006315734,0.001450657902,-0.005736598769,0.01071780097,0.001443164675,0.01030183022,0.000625085203,-0.004976640328,-2.942780868e-05,0.002740948699,-0.008137852657,0.001034982603,-0.004079135566,-0.0129438578,0.03295496711,0.006984043069,-0.01023211739,0.01455107919,-0.001521546885,0.007062177186,-0.02338399824,-0.02812638768,0.001560396456,0.003471040395,-0.02209264855,-0.006021751946,-0.009956282191,0.01172908974,-0.01535439624,-0.01711219626,-0.01289975964,-0.003481042019,0.02081847743,-0.00436921937,0.02188313641,0.02966645596,-0.01086677323,0.0009183900483,-0.006346804857,-0.007556738374,0.005948590376,0.008528405604,-0.01026449326,-0.0009311160075
2022-11-30,0.009102110493,0.01708183871,0.01207882978,0.0004465680421,-0.01291029408,0.00469106496,-0.01532130279,-0.02460729552,-0.0005380482463,-0.02626521346,0.003648474889,-0.00523039834,-0.01989948508,0.0005390246701,-0.004969131969,0.006920009022,-0.002825041257,-0.005117309448,-0.008170482408,-0.01699566311,0.01639317362,-0.003688520725,0.01117684055,0.00473519241,0.008837220803,0.01429908399,0.01180981285,-0.02742530551,0.02124639835,0.002015856166,-0.001694718416,-0.03785998149,0.004561113423,-0.002145268169,-0.005647436323,-0.008307589763,-0.0009041939011,0.004277877941,-0.01299174698,-0.008215951651,0.02189375671,-0.003907068818,0.02135119174,0.02886118099,0.02437234092,-1.05647984e-05,0.02717097051,0.01673078126,-0.02031473943,0.02591551918,0.02187124585,-0.009612923654,-0.009674984148,-0.03155631222,-0.001833532286,0.006071304756,0.01150159331,0.01566266663,-0.009551736452,0.01399075231,-0.00784983862,-0.005878779994,-0.01297125546,0.01333798492,-0.000996354814,0.004743978585,0.01319471258,-8.173120738e-05,-0.00563550789,0.0007416261842,-0.008498608464,0.01566587567,0.01264504526,0.01263995145,0.002233800862,-0.01532354883,-0.008054441639,-0.002283219068,-0.02157929957,-0.02398478537,-0.007065862383,-0.01935094875,-0.02151644946,-0.02497999614,0.0168686065,0.02059015701,-0.00457219588,-0.003826693514,0.01576353555,-0.02289660918,-0.02209324165,0.007352475699,0.01461409487,0.01954323874,-0.03545795773,-0.02173966481,-0.01920641222,-0.02941098871,-0.008081618796,-0.01763123067,0.02695289601,0.02531636227,0.03684343417,0.03600089632,0.01152100087,0.01421597007,0.01278981286,0.02688744325
2022-12-31,0.001691104704,0.00397377659,0.004363033357,-0.008506494809,-0.0002854776213,-0.0003235244107,0.007425914854,0.0081830906,0.001173241113,0.006564704759,-0.006519235137,-0.001789903249,0.001667234817,-0.005447789088,-0.004511249604,-0.004161236219,-0.0001745408487,-0.005168848945,0.003348217109,-0.000339069818,-0.003594955273,-0.005107444094,-0.005841807912,-0.004510144768,-0.00655447779,0.002767181676,0.0004851785297,0.006358114681,-0.00191629606,-0.00644416624,0.005084420214,0.008247430541,-0.006957205344,-0.002805766858,0.004309107361,-0.007191251223,-0.003360976251,-0.01287574936,0.003905498494,0.001081775518,-0.01437397203,0.001819842586,-0.01468500072,-0.01449691246,-0.01013788398,0.00134890811,0.001286748875,-0.009388023442,0.01197114122,-0.01269911522,-0.0127592003,-0.007536156531,-0.007634684091,0.01007054571,-0.002349226666,0.006947892875,-0.004594147925,-0.001024284002,-0.01286767005,-0.004648984938,0.002200199374,0.003033528278,0.001905682282,0.01110915335,0.005771574551,-0.001459708768,0.003198668079,0.0137673155,0.01085649659,0.01234126726,0.006722989364,-0.0042398588,-0.004782266874,-0.002224161412,0.004880073346,0.008120711857,0.003361141212,0.001027090815,0.01150019626,0.006351057634,0.009212353149,0.004835415935,0.004753075911,0.008408613389,0.005861641653,0.01084837422,0.006340394137,-0.001995467467,0.008698322421,0.01428132309,0.01074345303,-0.004262377618,0.002252708482,0.0003056881835,0.006058057424,0.009983189015,0.01134292597,0.01221822057,-0.006420273619,0.00690611262,0.00108802836,-5.233404072e-05,0.0001356419415,0.0005836342905,-0.009212750369,-0.006881130348,0.000986952908,-0.01269992879
2023-01-31,-0.01058103397,-0.0002603346592,1.012263764e-05,0.01113864349,-0.001117710071,0.0002739197324,-0.007535916282,-0.01555530306,0.007194061099,-0.02078715636,0.01329431028,0.0157639948,-0.01024420721,0.007853543285,0.01056604294,-0.005316029307,-0.01040179821,-0.0004567137225,0.001848637725,-0.009383578371,0.00534081391,0.003004200684,0.01505764936,0.007768084388,0.01084074321,-0.01465477858,-0.01278025048,-0.01667314017,0.002013337205,0.012278976,-0.007634293639,-0.01766035323,0.002524374784,0.01060242376,-0.003761090261,-0.003977942112,0.01157474279,0.02196010309,0.00427359738,-0.002741493784,0.0009477544071,0.00291978251,0.0006816237166,0.006651176567,-0.01448082929,-0.002092745377,0.008749990287,0.03063810037,-0.002172751514,0.04009062972,0.03504289268,0.005888961162,0.03069767782,-0.02930529224,0.007578126959,0.0009197340778,0.02168145275,0.02034962524,0.02094288635,0.01557959502,-0.008859929868,0.00131644947,0.007548870786,0.004427764058,-0.004269800576,0.004607308979,-9.683073262e-05,-0.01574578383,-0.004716536628,0.002501455371,0.003211231053,0.01659602837,0.02004314768,0.01720454413,-0.000463398854,-0.01488157054,-0.006892249019,-0.01956765292,-0.001156302079,-0.02590332125,-0.02341321917,0.009634286307,0.003418783264,-0.0284515375,0.01499920819,0.003862574799,0.004405080887,0.004392627912,0.008697332226,-0.01340888925,-0.005789055359,0.02215329509,0.001896371026,0.0004407735614,-0.01189452964,-0.01667936813,0.00283959738,-0.0008525032213,0.0009581734152,-0.001568921256,0.01660381579,0.02544966628,0.02413412722,0.02297640281,0.02160655303,0.022309208,0.01416247536,0.04031142291
2023-02-28,0.02028297715,0.02857747879,0.0290634628,0.02607030405,0.008887036113,0.01048771612,-0.02969752272,-0.001356953686,0.003769694744,-0.03346548081,0.02810986207,0.003514529139,-0.03460273522,0.008193822355,0.005345564971,-0.02738981581,0.0092514216,-0.03499770803,-0.0186005672,-0.03261182506,0.02977037846,-0.01139579431,0.02402618976,-0.0183608626,-0.02060243584,-0.0126628415,0.01738589987,-0.03261656704,0.02069597868,-0.004829985883,0.01000683963,-0.02337493649,0.02726655046,0.007787372122,0.01109476355,-0.002832601879,0.01133909004,-0.005551338723,-0.02228443258,-0.002307843448,-0.01660180546,0.01051419938,0.006418461029,0.01597283011,0.01963402957,-0.01353546596,0.02546467259,0.0275705019,-0.02537944527,0.03626686059,0.03571766143,0.02653421997,-0.01732612874,-0.0001488985079,0.01830481134,-0.02042489782,0.0316943981,0.03112884544,0.008727730271,0.03455376497,-0.03136975584,0.02581014908,-0.01327158604,0.02711630772,-0.02124003718,-0.02029796327,0.002074217682,-0.02840425228,-0.02577121539,-0.02675183512,-0.02468515956,0.03518414161,0.03345911815,0.03111142623,0.02801320587,-0.02270705355,-0.02072858755,-0.008384894164,-0.02603868962,-0.02830744901,-0.03069088787,0.007530466485,-0.018195866,-0.02832027572,0.03008103799,0.006819178309,-0.006491940985,0.02022208043,0.02876471112,-0.02271725201,-0.01916818277,0.02884246838,-0.003563917673,0.01151922947,-0.02019730973,-0.02373692911,-0.02342467279,-0.02200266372,-0.03507730129,-0.004227693426,-0.0004086524492,0.004683892088,-0.01814495019,-0.01861628066,0.02913977626,0.03098961905,0.03019720662,0.03667623909
2023-03-31,-0.0131110334,-0.025206111,-0.02135192617,-0.03318396992,-0.003524623938,-0.004194885924,0.01842730853,0.02055442738,-0.007016385961,0.01594730459,-0.01941071694,0.0121365486,0.02327377368,-0.009668060236,-0.006953396503,0.01791320122,0.02393611943,0.01242727863,0.01697304153,0.004753273641,-0.02096643003,0.004141690376,-0.001212450816,-0.001897763799,0.003671184687,0.001447980517,-0.008395933516,0.01321633852,-0.02041282041,0.0035612602,-0.01125460688,0.01073239413,-0.01243099836,-0.008812049126,-0.004985198735,0.01710015546,-0.01494429072,-0.003345357525,0.006525514971,0.009447751621,0.005853750082,-0.002796084163,0.01130726613,0.009041081258,0.006486913762,0.02095968298,-0.003277877597,-0.04382979438,0.00402073804,-0.05319122326,-0.04673354387,-0.0336875886,-0.003448366214,0.04019523751,-0.01101383818,0.005101540944,-0.04459031548,-0.05044926693,-0.01209340255,-0.03428159778,0.02937636727,0.004655576347,0.01840549079,-0.005349673937,0.02829562987,0.01651459863,0.001340998787,0.02932809829,-0.00942942627,0.002924806962,0.001691814219,-0.03876426743,-0.03967254587,-0.0381505709,-0.03278695406,0.04316412647,0.02704190121,0.01731132165,0.004759229608,0.04515538032,0.03688061575,0.01167616856,0.02543774941,0.02796682592,-0.0183341834,-0.008432513928,0.0006337927763,-0.01499746375,-0.01595132281,-0.00644116987,-0.0003519652019,-0.04467029246,-0.02658995897,-0.03323267762,-0.001099797968,0.02629576231,0.01578906813,0.0196999537,0.0278517111,-0.008046753154,-0.0232693482,-0.03774154277,-0.02842452408,-0.02712535121,-0.04846097956,-0.04077756966,-0.04022859451,-0.05255536404
2023-04-30,-0.003754504231,-0.0001092520478,0.0007238913211,-0.003417058538,-0.004346590248,-0.005820280642,-0.01171716233,-0.002486267174,-0.002491481402,-0.008969394097,-0.002397956623,0.001124492527,-0.007111879757,-0.001721410424,0.007613866969,0.007470130902,-0.003719893332,0.003984332238,0.003721813007,0.007713837865,0.002679608994,0.009345506697,0.002881277961,0.009954763828,0.009642093734,0.0008558494141,-0.004923809453,0.003823381824,0.001952980472,0.005166485176,0.00271142906,-0.002752270273,0.004901341831,0.001705273801,-0.00928217094,-0.002927939518,-0.001021909944,0.002944077448,0.001218368541,-0.002007180691,0.002165891463,-0.004949279503,0.009155127416,0.008397203873,-0.003924491472,0.00527030794,0.006863762703,0.005675473121,-0.0008998793291,0.01237277602,0.01157261887,-0.00483244302,-0.003150959985,-0.003464715426,0.005474142891,-0.003187065791,-0.001675168798,-0.0007308438255,-0.00365229767,0.00324214033,-0.003903131945,0.002630165999,0.001246240979,-0.008957353551,-0.001067664532,0.001134997181,0.0007424944421,-0.0002947130596,-0.003700570886,-0.005257709326,-0.003467827893,0.002918005638,0.003240316378,0.003131601978,-0.0006661435182,-0.000101775517,-0.003146073662,-0.001935899389,-0.0004964354931,-0.0002597566669,-0.001959351145,0.001751450782,0.0115955441,0.005219397374,-0.0001584726003,0.001221023472,-0.007308904792,0.004965105711,-0.008559580139,-0.01512243183,-0.01169855941,-0.0016218438,0.003787533227,0.002357723387,-0.004398425882,-0.005985571338,-0.006945111992,-0.005874801494,0.000241526766,-0.006537885483,0.002120306744,0.005541878833,0.009781372454,0.009952754189,0.003702077061,0.002365342551,0.001192603117,0.0123960503
2023-05-31,0.004565888728,0.00335497646,0.002931798306,-0.002148039479,-0.005495547918,-0.004574130791,-0.006496683172,0.003043163876,0.001063147299,0.001521985666,0.003572230151,-0.009195904008,-0.01140476268,-0.002165390231,-0.009014051485,0.0003391722411,-0.002663459753,-0.01010491536,-0.003606015645,-0.009389047704,0.003389351591,-0.0005451453463,-0.005641162127,-0.003662331316,-0.002452052924,-0.005886815346,0.001359271804,-0.004473802809,0.0006186805479,-0.00610764614,0.005504534942,-0.002348287205,-0.00530260939,-0.009517985379,0.001931192139,-0.01260573881,0.002811381418,-0.01172132656,0.0008994960265,-0.005916079514,-0.01263561304,-0.001687781555,-0.009648813893,-0.01225439493,0.002755686989,0.002792853707,0.001287716831,-0.001657900605,0.00131711504,0.004341320762,0.007891347422,-0.001307546854,-0.003148479568,0.0004331238784,-0.005861580225,0.006157475619,0.001604753615,0.001527692502,0.00440976692,0.002663091158,0.003980597833,0.01173864498,0.005697561411,0.001260357512,-0.0009151792142,-0.0009503970649,-0.01334589238,-0.003416055995,-0.006138473175,0.004211870691,-0.002902786245,0.003203173426,0.002571212237,0.003323329688,0.002954664785,-0.003421060721,-0.005872940014,-0.002544094158,0.001128864834,-0.0008273436433,-0.001603325487,0.006563222651,-0.001198967428,0.002988210313,0.005664194949,0.008799028478,-0.0001005666887,-0.003681416166,0.003130400052,0.0008780080079,0.00347370278,0.0009292293161,-0.0004498084716,-0.004077463062,0.001346379327,-0.006287170034,-0.002232099601,-0.005324300568,-0.00541487863,-0.0009927585592,0.003541409718,0.006800472087,0.006986864242,0.004714067355,0.001535759831,0.0007079336442,0.00402301577,0.005270972355
2023-06-30,-0.003234639381,0.006779997127,0.006730067715,0.0175958095,-0.01137272459,-0.006162570462,-0.007994793127,-0.006195600432,0.0210950078,-0.02049533723,0.0138711552,0.001673829326,-0.003408048588,0.01723889656,0.0171002732,0.009197056071,-0.007346463945,0.007198488348,0.01062732854,0.002960984322,-0.00653570989,0.005897789611,0.01509323187,8.310297914e-05,-0.0006144050912,-0.005566823935,-0.0001710308729,-0.009850805129,0.01043975487,-0.002443625169,0.0004678473462,-0.01124311805,0.01497102773,0.01717557843,0.01674511106,-0.004966427823,0.02233073527,0.0014561254,-0.00160531999,-0.002221027079,-0.009241470168,-0.01077122348,-0.0135096742,-0.002386250321,0.002702536213,-0.007631854747,0.006903836391,0.02756219953,0.008990754838,0.03384204088,0.02808864701,0.01814072999,0.003396197658,-0.02131098417,0.006984077532,-0.002021467206,0.02371220146,0.02358377484,0.009775897928,0.02800381026,-0.01282530237,-0.01964818193,-0.005278621336,-0.00303327285,-0.00733225159,-0.003017492815,0.003003558581,-0.01299020507,-0.002299711599,-0.01363505925,-0.008135412808,0.02441179216,0.02357189791,0.02305258255,0.01069317048,-0.02277133252,-0.01584623796,-0.01584154517,0.008084855086,-0.01570990766,-0.008376112245,-0.02131346857,-0.006560265496,-0.01580863234,-0.003713747749,-0.008203284639,-3.384424768e-05,0.01010329274,-0.001061050254,-0.000978256675,-0.002537649636,0.02527644478,0.007102882316,0.01029033131,-0.007257130219,-0.01620207614,-0.01904349082,-0.01431226846,-0.001377063565,0.01144027722,-0.004393656781,0.01246520475,0.01495718593,0.01494069617,0.02862257582,0.02621666418,0.01673283313,0.03226224764
2023-07-31,-0.003495517358,0.004027890988,0.003525661921,0.008365326186,-0.0008441943334,0.001573603098,-0.003635773101,0.0007055788061,0.01752678634,-0.006448406277,0.01393414134,-0.008621451058,-0.01927964458,0.01047355983,0.0101349603,-0.004668400198,-0.01084618585,-0.004178778949,-0.008625674479,0.001886698224,0.004740401796,-0.003678181205,0.004564499547,-0.003225148113,-0.00354856769,-0.0008323800272,0.001434231127,-0.002527489247,0.001887424037,-0.009949714522,0.008409294877,-0.0009171775313,0.008457588639,0.01110547372,0.01252750233,-0.001218696544,0.01261149409,-0.006149785659,0.002958746953,-0.0002118340616,-0.005212284222,-0.01003137317,-0.005821702045,-0.003212969454,-0.0015475087,0.002323423243,-0.002137789429,0.02027461865,0.01435531492,0.02131064284,0.01627589254,0.007262075867,-0.0009091353491,-0.01408469629,-0.0001136246857,0.0002151613756,0.01850231807,0.01850086189,0.006880626839,0.02099656506,0.0006471039206,0.001804607502,-0.002598293478,-0.0002482811423,-0.007456102936,-0.0005560344017,-0.005316963646,-0.0006051133868,-0.003978570434,0.002118112049,-0.006720148008,0.02159040986,0.02124047205,0.02255067321,0.008847562461,-0.01226574768,-0.008632922002,-0.01684375549,0.01430035251,-0.002253663716,-0.0009792953934,0.001047960218,-0.006366939236,0.0009776406236,0.006259195562,0.00272670459,-0.0001130121814,0.001701526118,0.003700597361,-0.004607433701,-0.001066948027,0.01836454167,0.002573848212,0.005685081925,0.004743257089,-0.0004908161071,-0.006341179024,-0.00572290689,-0.00256779486,0.01598747106,0.003891752897,0.01778461608,0.008259504056,0.007871949498,0.02230210618,0.01986903981,0.01498030333,0.01924344308
2023-08-31,0.001431332568,-0.002208973109,-0.002159360818,0.001670034166,0.001174719147,0.000193116123,0.004400284175,-0.002911195039,0.002010797522,0.001342499213,-0.0003380128827,-0.006887043792,-0.005116422311,-3.500194314e-06,0.000317132165,-0.003251764969,-0.006410316299,-0.006594415115,-0.001526324568,-0.004936399766,0.0007651736319,-0.001811055659,0.0004453320306,8.22028361e-06,0.002052859892,0.004785707853,0.004755861602,-0.002634200338,0.0033693229,-0.0006964253607,0.003283145524,-0.002347828706,-0.003266973781,0.001282610386,0.0003314145994,-0.003264341981,-0.0008297182228,0.001542160201,-0.001905652535,-0.001523120223,-0.004460433672,0.004728228627,-0.006763788299,-0.00685245031,0.003724935631,0.0009481493082,0.002231495732,-0.000492948516,-0.0008910832662,0.007763940544,0.006283531154,0.001095321887,-0.001355511877,0.002191766763,0.002866576573,0.000152868017,0.00193167606,0.0008847726565,-0.004533129221,0.005337052486,0.004403341582,-0.00361794597,-0.00148767204,-0.004596906242,-0.001028227511,0.000487302137,0.0006340243803,0.001758373476,0.003219522917,0.002044694261,0.001190360074,0.005806241742,0.005865790405,0.008076497184,0.0008614928056,0.003183755209,0.00149811583,-0.001441488857,1.508281697e-05,0.001944160206,0.002496100928,0.001325119837,0.003031266415,0.003605670334,-0.0004075664124,0.00112499881,0.006892181253,0.001452659061,-0.003109056563,-0.0002988392566,0.0003825071707,3.009649367e-05,0.002249914092,0.003611923134,0.001597385024,0.007555566414,0.006039166108,0.006247362776,0.002098850916,-0.001688551577,-0.006757312392,-0.0005013113086,0.002086712801,0.001689616773,0.003998391407,0.004545881723,-0.0007585772312,0.007735689937
2023-09-30,0.003661388634,0.007249040993,0.007833558188,0.003124313599,0.003539638426,0.007118144961,0.00791489778,0.00754071828,0.00790185535,-0.002177250355,0.0002217567115,-0.001158673102,-0.007035575069,0.003792915061,0.000676649025,0.001472121535,0.001997547104,-0.0006410648752,0.008259488001,0.002929449131,-0.008505952399,-0.0003658846611,0.004634151356,-0.007202906042,-0.007647665846,-0.002460677031,-0.0006340697014,-0.007662075572,0.0002739037768,-0.001732223809,0.007409783076,-0.006451185196,-0.009085479192,8.576226379e-05,0.01104368203,-0.005830819494,0.00275678067,-0.01135465875,-0.004572702186,-0.008065963046,-0.01223817178,0.003279288863,-0.01645975576,-0.014649724,0.01137458136,-0.00536249294,0.01288118772,0.0005834835181,0.007575219429,0.006142518139,0.003112880066,0.001914447564,-0.005029889932,-0.00567826652,-2.705134176e-05,0.002964837145,0.008658145028,0.009015123938,-0.002520293144,0.006300252274,-0.006924368891,-0.001291207724,-0.00908036934,0.0073950417,0.001400546296,0.008303750714,-0.001754234786,-0.003064340618,0.003427443097,-0.002730991986,-0.0009347727417,0.009546149779,0.007561846496,0.009592785685,0.006485822209,0.002724209245,0.005789919418,0.003485047217,0.006286288161,-0.002435633629,-0.000629719898,0.000125543566,-0.003806019048,0.002491328004,0.007977206259,0.009664722821,-0.002572428001,0.001443003074,0.007445258021,0.001456659094,-0.0007732832569,0.007770208835,0.009442486944,0.009048774004,0.002188509909,0.003883354615,0.001782818858,0.004878621138,-0.009599756522,0.01040702735,0.00171109048,0.004970656776,0.002644424463,0.002074241539,0.007614889992,0.008513288183,0.008562735166,0.005719402585
2023-10-31,1.188050932e-05,-0.008855099208,-0.008469992964,-0.007333997645,0.01810114106,0.01705078423,0.006446476782,0.004034254265,-0.01169299519,0.007655567426,-0.007900728292,-0.001117428457,0.01345635963,-0.006891385358,-0.006346734166,-0.006149764474,0.0050416397,-0.001329235795,0.004985077866,-0.00198410138,-0.01014299441,0.005284824449,-0.003144932013,0.003352259955,0.003337922987,0.003589663451,0.00431066148,0.003853564799,-0.0007495515274,0.004155448834,-0.005416574666,0.001051344523,-0.01052235227,-0.01066074293,-0.008974000489,0.001506106455,-0.01390303946,0.001094022419,-0.005289751546,-0.008327124469,0.0005286138369,0.0175847018,-0.0007660768004,-0.005696989619,0.01081794521,0.008720435671,0.007504949323,-0.01581449036,0.006611754738,-0.02601681024,-0.02730614733,-0.006643560075,-0.003769552045,0.002516527295,-0.003179506615,-0.004472537277,-0.01596850207,-0.01725319939,-0.006793769555,-0.0196223073,-0.007550704249,-0.006758766931,-0.00775142331,-0.002479814992,0.006062555827,0.009902105561,0.004441387929,-0.001399760238,0.001431809908,-0.0009318346549,0.0043168495,-0.01668220057,-0.01872894459,-0.01798344078,-0.009816306879,0.01615540773,0.02066853084,0.01072955951,0.00718783223,-0.0003917127253,-0.004532878571,-0.005200982676,-0.002931073593,-0.001193591952,-0.009923852303,-0.005225941848,0.00167776444,-0.0008665289723,-0.003042601405,-0.009156193933,-0.006727852302,-0.01585800902,-0.004292053038,-0.005818725059,0.00553359314,0.01142020492,0.01069446598,0.01058393296,0.003177493866,0.005227141757,-0.005043399297,-0.00887835014,-0.00270685643,-0.003002557007,-0.01937115427,-0.01918909455,-0.01564791834,-0.02656130558
2023-11-30,-0.002576657837,-0.003887742472,-0.002859958263,0.007389343645,-0.00373797454,-0.003248861169,-0.004021073937,0.0007686682367,0.007882438687,0.00135211319,0.01779744241,-0.0101380409,-0.003032516552,0.01513131647,0.01826932524,-0.01230073404,-0.003321260436,-0.01220471002,-0.01113811097,-0.0100266116,0.01067586732,0.0001115824515,-0.004200303188,0.008053535782,0.008237351407,-0.007649350894,0.01048086354,0.01542978568,0.004118971256,0.00226074497,-0.003382826694,0.004362632291,0.023052676,0.01964749889,0.008634702928,0.01164858926,0.02055687459,0.01843308181,0.003584601437,0.006449932181,0.01497386328,-0.006527363549,0.01010802152,0.01482047722,-0.004889229671,-0.01423889329,-0.02007757971,0.01891664191,0.01443620844,0.0116528128,0.006609897227,0.009195257953,0.01526822537,-0.01123872339,0.007857586756,0.005154217244,0.008941738688,0.007507529638,0.008954686718,0.01089984581,0.009676723854,-0.01054090094,3.992314735e-05,-0.01542722942,-0.01083693632,-0.0151240364,-0.007731464173,0.007121117787,-0.02147834612,-0.02384617917,0.003766993887,0.005974856888,0.005793858114,0.004202318964,0.004013287927,-0.006050364932,-0.01273923702,-0.01499169229,0.01393062776,0.006629042954,0.007962157656,-0.01065722231,0.005662628646,-0.004044456594,0.001353611222,-0.01394273626,-0.002041399989,0.004830719649,-0.01163081409,-0.007283813317,-0.002956070005,0.01199480436,-0.000854009074,0.0006003853611,-0.01328234793,0.005001584265,-0.005303107919,0.008684059613,0.006140872357,0.01222742306,0.003840317906,0.01470274057,0.001341062118,0.003882240576,0.01073424907,0.01037847855,0.005015684293,0.0109705298
2023-12-31,-0.004008201551,0.01005749788,0.008875697348,0.01644183998,-0.01768652801,-0.01768402921,-0.008949343986,0.009376065452,0.01851015659,-0.01224543317,0.02575547452,0.01047766648,-0.005968338446,0.02144569966,0.02504974815,-0.0005718238329,-0.008639035753,0.004629927095,-0.003959592218,-0.00319217819,-0.001510863724,-0.00205609802,0.007986815569,-0.00656311601,-0.005183582591,-0.003566730805,0.002750192261,-0.004563872673,0.01271345104,-0.004353760165,0.007611384364,-0.002516851342,0.02758628908,0.02435092513,0.01827943335,-0.0002997414144,0.02613783705,0.006003201264,0.004108239885,0.007844575005,0.001251509984,-0.02238648446,-0.001869120091,0.01515732985,-0.001073805458,-0.006505054804,-0.01427193303,0.03450245373,-0.004006829105,0.03584101247,0.03614185089,0.01210634465,0.003921607676,-0.02464193192,0.007046818365,-0.004351854277,0.0302373875,0.02992645323,0.01564931742,0.03287549484,0.001536139269,-0.02097515161,-0.002421306046,-0.002910992977,-0.01384074721,-0.0120524333,-0.01126205413,-0.01174076978,-0.01895079049,-0.01198414548,-0.004272324876,0.02805622638,0.02992384908,0.02753141965,0.01040174491,-0.03040127081,-0.03596120471,-0.02714601955,-0.004995265853,-0.01826729327,0.001262086337,-0.02725352652,-0.009469288615,-0.02578458724,0.0120683368,0.003437751939,-0.01215490772,0.004324755007,0.006608299004,-0.02676686216,-0.01069633002,0.02900252419,0.0007900443103,0.01008712023,0.003577164965,-0.02462511464,-0.03575782121,-0.01258581532,-0.0028295933,-0.001277366557,0.002453461722,0.02071964787,0.006702771772,0.00821558414,0.03376958042,0.03191556057,0.02463132746,0.03520472229
2024-01-31,0.004242222087,0.008028697492,0.006894140579,-0.002071607968,-0.002406608468,-0.001564979317,0.0006135608275,-0.009373687919,0.00965353956,0.0004198155739,0.001383823713,-0.01186219435,-0.01418796352,0.004866300678,0.002517898402,-0.00866454123,-0.01178664546,-0.001727073108,0.003799870105,0.006865406613,0.006293813838,-0.005401535082,0.003601107636,-0.0007157342633,-0.002072632959,0.002825714773,-0.00509832048,-0.009536189281,-0.006049821253,-0.009332967123,0.01136820564,-0.002305866425,-0.006902949632,0.002968096823,0.008000674598,-0.00493580371,0.001101667729,-0.01526236469,0.005560518984,0.003302120224,-0.01033566112,0.0009002884732,-0.01202226018,-0.01178586048,-0.006224577989,0.009724539415,0.005385572028,0.0002673274313,0.003435677012,0.005140256019,0.0007048625626,-0.008599805473,-0.01115471994,-0.0003682480188,-0.009232041591,-0.004444844756,0.0009298851783,0.002582022707,-0.004490612795,0.00342079154,0.01009205366,0.01300334719,0.01296987284,0.00409824868,0.004052972363,0.002764747975,0.002810682079,0.01022344584,0.004347071674,0.01022142905,0.002182127755,0.008034968025,0.007769657899,0.00746486161,0.001918800062,0.01005081836,0.007358517305,0.005579657371,0.002945209586,0.005721379523,-0.0008320243377,0.009748253749,0.009257931598,0.007318917617,0.006054259044,0.01690753349,-0.004163237492,-0.005089249908,0.003713449845,-0.000850977126,-0.001276205858,-0.001010920995,0.002015643267,-0.001335756228,-0.004025347868,0.00936244669,0.008358220029,0.007465933276,-0.01309200812,0.006711878633,-0.0005967829622,0.000920522319,-0.005905431392,-0.005719397445,0.003078779584,0.003729542951,0.003284002916,0.005935590404
2024-02-29,0.003291069144,0.01076351266,0.01046906427,0.009456737435,-0.009568904965,-0.01012408073,-0.002440804177,0.006460943535,0.01169255645,-0.005618647255,0.01050745472,-0.003401036213,-0.009040615711,0.003684844842,0.0008200187827,0.001197494506,-0.004697760874,-0.003733949448,0.001681310098,-0.001339212495,-0.002349314236,-0.0034462987,0.003960472772,-0.008537842104,-0.007874941178,0.0009560289263,0.0059690762,0.002710757105,0.01310866694,-0.001072321038,0.007287639835,-0.002402465884,-0.0004164995657,0.002389373094,0.004698735572,-0.00200344691,0.01007823692,-0.0008510830062,-0.01655624675,-0.01159658169,-0.003383641456,-0.01407591567,-0.008598696518,-0.001334713472,0.00746823867,-0.002222520192,-0.003093547149,0.01140584152,0.004946321259,0.02387806726,0.01974076536,0.01237181009,0.002818310526,-0.01679624955,0.004415738982,0.008377527455,0.01819201816,0.01651938464,0.007316405094,0.01434069429,0.005265813226,-0.003992511961,-0.002063055674,0.007120021054,-0.0004633519213,-0.001481240369,-0.0005226628954,-0.003065668764,-0.00279724038,-0.003689013488,0.008706838325,0.01569176267,0.01558787261,0.01669046162,0.01248662863,-0.009564156977,-0.008406887593,-0.01024602287,0.004824985193,-0.002517523598,-0.004485860363,-0.009374628034,-0.0006188573894,-0.0008826938151,0.007082504711,-0.0008942414243,-0.005214845773,0.008779815735,0.008486911123,0.001762176627,0.003088818952,0.01741731453,0.009058435831,0.00883946887,-0.0009763914947,-0.005348580293,-0.00355599122,-0.003340232739,-0.007021345049,0.006359100015,0.006361230444,0.01326452242,0.009117295971,0.01214705609,0.01677277808,0.01549427077,0.01614417599,0.02225170031
2024-03-31,0.002728028763,0.004711101366,0.005446104571,0.004805233386,-0.002455985103,0.0001261786213,-0.0003638283879,0.004727524509,0.004130746337,-0.00519163076,0.002719367659,-0.006280365567,-0.007917412374,0.003308285157,0.002720991546,-0.001989648668,-0.003776211526,-0.005318027323,-0.002661031095,-0.001926658554,0.002348918925,-0.006282604288,0.0001503049786,-0.003968338908,-0.004314947923,0.003787723419,0.0003342519797,-0.005990230666,0.005672549643,-0.001254894461,0.008188234599,0.001870000417,0.003687882618,0.0009752100053,0.002286075396,-0.005110801487,0.006178354809,-0.00451886708,-0.007685644638,-0.006243511723,-0.005064867376,-0.0005724648869,-0.006071315518,-0.00399449373,-0.002159515721,-0.000617723931,-8.379085598e-05,0.006122994368,0.003255154715,0.00828749641,0.00767446007,0.005476980698,0.00167268844,-0.003498133415,-0.001819734741,-0.00659778794,0.006487303983,0.00595461322,0.004039907742,0.008113256538,-0.002396008554,0.007112156364,0.001369649158,-0.0004235198151,0.004774796208,0.005942167646,0.003484718333,0.002725659644,0.006502824215,0.003920996333,0.0004830016769,0.009679241559,0.009502524508,0.009510248701,0.003664850092,-0.000990585836,-0.004886119609,-0.002996492681,0.002667525221,0.004761544776,-0.002639183478,0.01022600441,0.004138689577,0.005678271345,-0.0001499109625,-0.00167503085,0.001861838989,-0.001195914217,-0.0002372867269,-0.002408909748,-0.00351543231,0.006090324755,0.005757338451,0.004915097924,0.001658175991,0.0009723940451,-0.0003380334847,0.002101404345,-0.002421611349,0.00315901301,0.00186112448,0.005605226153,0.001887335409,0.003284951098,0.009721858133,0.008425026857,0.003184377046,0.007837699027
2024-04-30,-0.008468967698,-0.007775298392,-0.006734636254,-0.008963681569,0.01150109841,0.01126312376,0.005842913486,-0.004274286223,-0.004398272958,0.003545892966,-0.01300872662,-0.01194319243,-0.002612012979,-0.01391141905,-0.01379618975,-0.007620484933,-0.007042535869,-0.0005774397288,-0.01126783985,0.006030826352,0.008148993176,-0.004863493303,-0.008985113557,0.002386072391,0.0009271507967,0.0007860517102,-0.005351988036,0.001396234902,-0.011596016,-0.001534864909,-0.004504274634,0.00786504927,-0.01148853431,-0.0129166774,-0.005633407349,-0.0002650564315,-0.01364580747,-0.009037497638,0.007471936705,-0.001194406738,0.0008865760901,0.0100914763,0.004446938746,-0.004349866681,-0.008899699954,-0.002956497068,-0.005743770051,-0.01819209657,0.01110976508,-0.009508550684,-0.00973613769,-0.009567689988,0.00545596278,0.005549791377,-0.002894416883,0.001848489557,-0.01228004135,-0.01330340556,-0.00667315068,-0.01586744488,0.004973584866,0.004893377233,0.006848160669,0.001581221755,0.007287590475,0.00705607886,0.007184021865,0.007757147711,0.01086090118,0.01114819189,0.00579942326,-0.01300431385,-0.01324295614,-0.01389516296,-0.008652629619,0.01969559181,0.01831569079,0.01360529629,0.01136140682,0.01208996703,-0.001335566031,0.01172014983,0.008837729719,0.01512007779,-0.005894783829,-0.002678224535,0.007523641881,-0.00417863262,-0.001418900671,0.01143834629,0.005252856211,-0.01233694698,-0.00303309717,-0.003728768721,-0.002399877804,0.01145613185,0.01865226719,0.01310325623,0.007325232058,0.008845973907,0.001981965828,-0.002684025013,0.003137944948,0.003452998326,-0.01458496131,-0.01653423685,-0.01284101472,-0.01044927307
2024-05-31,-0.00254283816,0.002526012258,0.0013523742,-0.001929344797,-0.001129026887,-0.002392165065,-0.001984366398,0.002600828966,0.004776955665,-0.003796985853,-8.074558664e-05,-0.003148833736,-0.00776456296,-0.0009661401127,-0.002883050205,-0.005987525696,-0.009204462647,-0.001000867411,-0.01352114653,0.003397017612,0.004070296626,-0.0129852793,-0.007969609101,-0.01153086926,-0.01184187112,0.001093006789,-0.002609112322,0.002036982601,-0.002950641681,0.001466051254,0.0008861718832,0.003576617118,0.00126684308,0.001040047277,0.001545611203,0.00455715678,0.001622868018,-6.978239256e-05,-0.00165560949,0.008080313536,0.005034349205,-0.006767009452,0.009353701337,0.006234238542,-0.004522792067,-0.006150766277,-0.001643180599,-0.001659044679,-0.003849330635,-0.000354366293,-0.001132172566,-0.002926012179,-0.005004942268,-0.000152090121,-0.001344011817,0.0007292304799,0.0004997696779,-0.0004055039113,-0.004502430724,-0.002742465029,-0.009080527386,0.001828480301,0.005326679348,-0.004458535396,-0.002339064665,0.0006350792963,0.0008070199197,-0.01050945018,-0.01092480323,0.002641584335,0.003961504148,-0.00163413654,-0.001352891817,-0.0005105451527,0.00121490665,0.002578178193,0.005184224657,0.0006888296932,-0.004041454849,-0.003726076049,-0.01190844262,0.004495945655,0.003393817509,-0.001427323748,0.007972015013,0.00864458615,0.00663476776,0.0002859844144,-0.003271796085,0.003970350697,0.001198753902,-0.00148169933,-0.005001126653,-0.006172724238,0.001730450586,0.0005400562328,0.003371572301,-0.0009622401866,0.0008382471768,-0.004099146591,0.003980421372,0.002311983262,0.001943546512,0.001952384277,-0.001278053501,-0.002318693136,0.001842566341,1.833661396e-05
2024-06-30,-0.003750566699,-0.007906581602,-0.007324249465,-0.006548148822,0.004690434028,0.004819998155,0.005049921523,0.006842190486,-0.005141231899,0.004375289682,0.0004483131618,0.001605026814,0.006902544437,-0.008696806266,-0.007016409498,-0.003398647267,0.005337793197,-0.004385808853,-0.002996040377,-0.007610902897,-0.002798605469,0.002651533849,0.001168713401,0.00272873808,0.002094156581,-0.002604201064,0.006568639585,0.0064788563,0.002530269806,0.002684254082,-0.01032863134,-0.0002576737364,-0.007142242058,-0.005184807235,-0.005133841264,0.005063990765,-0.007725836349,-0.003499420072,0.005508401283,0.006526680773,0.0007192802761,0.004786441962,0.000480804962,-0.001204245845,0.002928550399,0.002407702029,0.003401032302,-0.006062698307,-0.008995814042,-0.006905308676,-0.00810651572,-0.007184785868,0.002490854746,0.005720137481,-0.0003872839907,0.0005358494323,-0.007808410025,-0.007838631703,-0.004443165063,-0.008036271943,-0.01143151739,-0.001795975183,-0.004619365114,0.0002451543777,0.002020229489,0.004738064474,0.001145068419,-0.005290870856,0.001275213773,0.0002693319611,0.001602368553,-0.009126038099,-0.008512550769,-0.009366128581,-0.007354372606,0.006250414065,0.008344530394,0.008489056726,-0.007829203305,-0.003724211776,-0.002415784248,0.001276411918,-0.002955861273,-0.001734865165,-0.0004955223696,-0.001628235865,0.0002877368973,-0.0003665629677,-0.001930271664,0.005603363359,0.002153873093,-0.008006822416,-0.007679986301,-0.007625569006,0.003872111382,0.003297002008,0.003582990672,0.006170103321,0.007611636945,-0.01084662731,-0.00145553866,-0.0047209254,0.003353875726,0.003866908557,-0.008719054377,-0.0096905671,-0.008771061455,-0.00697720071
2024-07-31,0.01867506224,0.02745171135,0.02790778256,0.03033527811,-0.02895178902,-0.026316686,-0.01154625627,0.002228543989,0.0184117282,-0.02009821832,0.02688494103,0.01473421574,-0.005014938291,0.02511571133,0.01934516519,0.0319641716,0.01364936537,0.006820439347,0.02800211078,-0.007167165975,-0.01212489395,0.008219484123,0.02114767531,0.0008331013805,0.002684648517,0.006930321441,0.007135511414,-0.01317685342,0.02811620026,-0.01147813583,0.02045578019,-0.02753449182,0.02258124397,0.01801440583,0.01020882509,-0.008092147614,0.03318391878,0.003861388887,-0.02753883938,-0.01355588293,-0.009734050299,-0.02915446354,-0.02023768706,-0.0002745645966,0.01696884158,0.01189465201,0.01840473284,0.0359981031,-0.01388253771,0.03581136407,0.03871441697,0.02765987589,0.02251477815,-0.03566700919,0.000230646098,-0.001123534916,0.03571823177,0.03563559753,0.0268826935,0.04180054866,-0.01427357429,-0.01568055919,-0.009104403547,-0.003447239276,-0.004800706691,-0.01036978362,-0.01137844705,0.0003055404623,-0.01681729995,-0.02404331339,-0.01022491712,0.04124248617,0.04090243522,0.04134252375,0.02851583901,-0.03551743313,-0.03593864241,-0.03321973133,-0.01390684768,-0.02694208356,-0.01522712104,-0.01707830865,-0.01316866262,-0.02137989328,0.0146809374,0.007375648767,-0.0100178637,0.001243550036,0.003020417197,-0.0269363934,-0.01900386839,0.036509776,0.02020321819,0.0228562311,-0.01322615269,-0.03192192188,-0.03466037125,-0.03418432418,-0.02408401852,-0.0005562511517,-0.001376847652,0.009133849067,-0.005148559768,-0.004349622233,0.04230178431,0.04165602579,0.03366604564,0.03684531507
2024-08-31,0.005186842797,0.0101691166,0.009815467941,0.01539278812,-0.01519800432,-0.01144251548,-0.01799087425,0.008012314352,0.01588658394,-0.01846204546,0.01292348861,-0.007418145075,0.003572196022,-0.00807536779,0.006739557917,0.01940280905,0.01190785655,0.01411085252,0.01577349005,0.002165124527,0.003460849162,0.01097915679,0.01933840104,0.009992425299,0.009731591885,0.01046223812,-0.004360970636,-0.01187645506,0.01856512074,0.001475527494,0.01103215944,-0.01170803718,0.0184379322,0.006859400172,-0.005444141866,-0.004732855908,0.004383218514,0.01238756185,-0.01451146929,0.003767456995,0.01706851172,-0.01377433523,0.009045549256,0.01170030139,-0.01238469983,0.008312670383,0.006549733408,0.02040125701,-0.002452327712,0.01688744572,0.02061605655,0.013686776,-0.006615254563,-0.008539357396,0.003570667377,0.007918788579,0.01404806359,0.01358971826,0.007015379978,0.01906971353,-0.01597678471,-0.001803830303,0.01194625834,-0.0009532165245,-0.01984647072,-0.006176631155,-0.006470646411,-0.004286410769,-0.01150827826,-0.009428115459,0.008500099919,0.01810577015,0.01785182393,0.01779848189,0.0113552354,-0.02225945516,-0.02336640122,-0.02387896072,-0.003033829947,-0.02137518085,-0.0156774098,-0.004356141398,0.001474733274,-0.01080607683,0.005473850826,0.0006601356336,-0.003354677902,0.006095076635,0.001502121814,-0.01307569374,0.01181607769,0.01481248469,0.004400984569,0.006919696184,0.015440446,-0.01818567558,-0.02248396364,-0.02171405612,-0.006956338121,-0.0008713766142,0.0006324779274,0.004797654536,-0.004423639995,-0.003887906446,0.01886046894,0.02076470655,0.01224928616,0.01562408803
2024-09-30,0.01154760762,0.02322408476,0.01859550287,0.02514302796,-0.02429283077,-0.01756734379,-0.01279082573,-0.002913062527,0.02419887277,-0.02107065237,0.02900522228,-0.01908250594,-0.005186918953,0.0108776408,0.01438373506,0.01228069441,-0.007630358604,0.01111555124,0.01043949436,0.00405180804,0.01715370495,0.01990832523,0.01630640206,0.01638583071,0.01560063035,-0.01901272462,-0.01230550459,-0.009643211895,0.01256094317,0.004272026492,0.01537778357,-0.001188177418,0.02548855733,0.01718631017,0.003960404842,-0.000578842544,0.02387928477,0.02097013889,-0.01410337411,0.0009080865822,0.01689142281,-0.009525329075,0.006622784989,0.01331957978,-0.01936608229,-0.01825832745,-0.009377320711,0.03791893359,-0.007802903793,0.03597592585,0.04024371087,0.02280070473,-0.009472074658,0.008813405964,0.001733941657,0.007842120075,0.03373226977,0.03387621864,0.02495550621,0.04457419594,-0.0006846238837,0.02872231263,0.004904699288,0.008272579272,-0.01855644072,-0.02117619194,-0.02179446973,0.002487255476,0.02600639499,0.02134410872,0.003915405726,0.04399152804,0.043522155,0.0416450644,0.02257403574,-0.03080706622,-0.0407798165,-0.03778395753,-0.006601349282,-0.0155703277,-0.01968697992,0.01941422095,-0.003865994651,-0.006079994949,0.01899768604,0.007785542659,8.077417453e-05,0.005889827818,0.01322721701,-0.01078351837,0.006592263154,0.03262362586,0.01891837512,0.02202258519,0.01440679081,-0.02543039584,-0.02759605533,-0.02823120598,-0.01067285369,-0.007015044709,0.01195595857,0.01978624326,0.0006187751854,0.00248433967,0.04419242377,0.04290773436,0.03252813597,0.03574828352
2024-10-31,0.001605555873,0.003621085252,0.003547994674,0.01038977401,-0.008219820775,-0.00677405222,-0.005019755556,-0.003309865798,0.006904598118,-0.0005599629608,0.006421985029,-0.003890303294,-0.006689504587,-0.004879816839,-0.002859168319,-0.00102639765,-0.0006577138023,-0.003454230295,0.004490201945,-0.001611849808,0.01363705235,0.00594134722,0.004874951801,0.006231542094,0.006601250162,-0.007301273871,-0.003913454543,-0.004580786491,-0.001311017673,-0.004138503896,0.01089137721,0.001039027453,-0.001255832609,-0.00393998978,-0.004427030644,-0.01074525483,0.0006810135553,-0.001136391174,0.003535896472,0.001408577708,-0.004768966048,-0.006264858432,-0.006218969968,-0.007154037873,-0.005125456847,0.002129077987,0.0009649454534,0.005788364516,0.008038817179,0.01721838515,0.01530554377,0.007277711271,0.005805355354,-0.0003975236238,0.0007802435031,0.004100623905,0.01079964958,0.01083158414,0.006307765589,0.008327842871,0.004262171515,-1.136732412e-05,-0.0007325249659,-0.005198854744,-0.001446173306,0.002063365426,0.001195208644,0.004869865506,-0.002638223717,0.001414876964,0.006445603406,0.009961296823,0.01089949102,0.01191134374,0.005199455293,-0.003844568933,-0.003159091649,-0.003306465903,0.007409603922,0.002494898361,-0.002300478969,0.0005403050613,0.005202257338,0.009002693077,0.006852336793,0.003956519461,-0.0002431665981,0.001745949587,-0.002545695536,-0.005007056909,0.001890420717,0.01030974682,0.005632505229,0.005695310598,0.003913532312,0.002110901192,0.006383189716,0.006496515203,-0.006502223895,0.009192436155,0.002910715786,0.01044179057,0.00210912897,0.002729668202,0.01049270205,0.008578759227,0.01012803782,0.01690367596
2024-11-30,0.003075725463,0.004668454517,0.004540589786,0.01037489953,-0.0109759463,-0.01062656838,-0.008129993327,-0.002041054833,0.009968176715,-0.007468143322,0.001633382294,-0.009143170853,-0.001970934101,-4.370616155e-05,0.003633272143,0.000564895046,-0.004251382567,0.001562979535,0.002788032428,-0.00152038835,0.004240072377,0.006404976413,0.002041967882,0.005073082816,0.003505203412,0.004182220158,-0.008951442701,-0.007430713505,-0.002617787756,-0.003937916746,0.00658539446,0.003136866662,0.009358286324,0.003498551879,0.004020009922,-0.00309100288,0.001053289971,0.001433763879,0.003575908599,0.007288965746,0.01123733471,-0.009833489265,0.00262547042,0.004857048391,-0.007593553077,-0.001169299195,-0.002722095695,0.007868055385,-0.001847020661,0.01080538814,0.009109016149,0.007631683853,0.000250446891,0.006458703613,0.002608148904,0.0007778724608,0.00971795488,0.009705122149,0.006235439193,0.008940820454,0.005231447078,0.008467471664,0.01352668291,0.006025468313,-0.005146851866,-0.003804422975,-0.003846866504,0.00106852843,0.009427023968,0.007526107056,0.002324769021,0.008947605072,0.008853196407,0.008727002233,0.007084159345,-0.004485899709,-0.007930904061,-0.008802288834,-0.00158696481,0.001320728529,-0.004092146654,0.005135164123,0.006663828376,0.001720924015,0.006341760047,0.0007441718235,-0.004013402074,0.00209831659,0.006684646726,0.003707078772,0.002131919847,0.009696132494,0.002853346893,0.005517172585,0.00033295106,-0.001607374236,-0.0004065132846,-0.002311305314,-0.005292929427,-0.0003677886784,0.002037184888,0.007170172267,0.00264562756,0.003318828262,0.009889483303,0.01025932523,0.007379109315,0.01065979123
2024-12-31,-0.001873586204,0.002373280787,0.002012793305,0.002271137523,0.002314208637,0.001533689328,-0.001075466519,0.003052749592,0.001794250057,0.007300042621,-0.002649993763,-0.000470325051,-0.005876935515,-0.0009984203083,-0.003175983476,-0.006747523603,-0.00531723868,-0.007062881329,-0.005166658398,-0.004254272638,0.004510587613,-0.001909267492,-0.001141916711,-0.0001526880517,0.0002486349786,0.001604120262,-0.003517104138,-0.001041456886,-0.003613820037,-0.003002030466,0.004670295685,0.002209635414,-0.004195127414,-0.002334815901,0.001587082379,-0.003851091241,-0.001123681367,-0.005985580658,-0.0003303043676,-0.00398590634,-0.004751725117,0.002975131781,-0.005481539054,-0.006052639454,0.001329154346,-0.004212957041,-0.001461649059,-0.001490809484,0.008824001422,0.005413938605,0.005206282598,0.001014223076,0.002209001735,-0.00498393205,-0.002695435716,-0.0008410661698,0.00221238314,0.001887094618,0.001821756464,0.0008590355652,0.000767442847,0.002575696292,-0.006319973713,0.002726474844,-0.0007624223097,-0.0008004092831,0.002657728846,0.0001155207941,0.00172322462,0.000862763508,0.001874866713,0.004921106102,0.003735054352,0.004081874456,0.0005190239769,0.002806931084,0.004074297097,0.002957582434,0.008880451447,0.001268483761,0.006905494724,0.002330690113,-0.004169784852,0.001181844883,0.001950213275,0.003200204281,0.001686175939,-0.0005175213925,0.002543347875,-0.0003208320519,-0.0002982816457,0.002324750665,0.003663767685,0.003019715335,-0.0006382138622,0.003756450487,-7.690274195e-05,0.005435337184,-0.001347758387,0.01037608153,-0.0003462617862,0.004627527365,0.001673436703,0.001466872328,0.001906483445,0.001732951269,0.002354601699,0.0059832324
2025-01-31,-0.001717443989,-0.002116347077,-0.002945137245,0.005524154505,-0.004323192298,-0.001807511153,0.001571521164,-0.003314569593,0.002087287856,-5.140317227e-05,0.003837280178,0.001880279949,0.002391551398,0.004845920998,0.006957597129,0.001701914668,0.000944149025,0.00133748878,0.002819159755,-0.0007587201159,-0.001226071012,0.004185444304,0.001885415284,0.003604151675,0.00312876436,-0.00283194423,-0.00172759773,-0.0003356665496,-0.003939073733,-0.001953889865,0.0004353794685,0.001237724472,0.003848344317,0.005406372844,0.005209947216,0.003335796383,0.00512968575,0.002723552984,-0.004339522226,-0.003064611313,0.004177141381,-0.002665445818,-0.003480152544,0.002884012247,0.002721800554,-0.009259131729,-0.004397335963,0.007763348746,0.004009354676,0.008682386323,0.006307417749,0.005039079397,0.005308326995,-0.005912458301,0.006071577263,-0.002411049715,0.006112967991,0.00546898927,0.005045133144,0.004723601432,0.0009267910073,-0.001298732111,0.00333155141,-0.0005467128476,0.001560774773,-0.00184516445,-0.003794196554,-0.002450787442,0.003689190823,-0.000875744665,-0.005810197916,0.004231393339,0.004933775454,0.004690288388,-0.0004518991767,-0.00199870171,-0.003129951009,-0.005086130933,0.004466368553,-0.003098910414,-0.004772309452,-0.0004492392369,0.003085535292,-0.001182596943,-0.002517465977,-0.006380876777,0.00166233739,0.005573634658,8.250812405e-05,-0.003048309939,-0.005868406739,0.007125982562,-0.0001063267344,-0.0001008362581,-0.008435455017,-0.006892782826,-0.002435310617,-0.005025428394,0.003461015138,0.003486654165,0.00559018923,0.008672706212,0.005843433965,0.007631340049,0.005619091263,0.004532454417,0.002681795201,0.00899819394
2025-02-28,0.00208972801,6.299104788e-05,0.0005933710937,-0.007555820291,-0.003459511109,-0.002276873256,-0.001287909374,-0.001789222436,-0.002198797356,-0.001496644079,0.002650036981,-0.004425156323,-0.003117513812,-0.002354919637,-0.002872802117,-0.003671441519,-0.004630243137,0.001214106918,-0.00593833334,-0.0004891715045,0.003990029572,-0.008958390516,-0.004384270598,-0.004465441153,-0.003286427031,0.003089527038,-0.004938779691,-0.0003516496522,-0.003029576491,0.001624762769,-0.002048806043,-0.001273187277,0.002213274271,-0.002069951019,-0.009181247437,0.004179134217,-0.0002317307028,0.00963818423,-0.003970316789,-0.002957054116,0.01022208612,-0.004449521052,0.01458500789,0.009030223776,-0.003439982965,0.005335228186,-0.005763955846,-0.00144786938,-0.01753852724,-0.002414183848,-0.003293491233,-0.005318219422,-0.007768073823,0.004643928002,-0.004260472126,-0.004025992647,-0.0080585286,-0.005903373878,-0.009078737648,-0.001321943358,0.005129384566,-0.0003028201807,0.002447890427,0.00755009522,-0.0003538998207,-0.0004453568317,-0.006175060713,0.003312518043,-0.004694925492,0.0009845635149,0.004026739028,-0.002594730525,-0.001958050175,-0.003581089949,-0.002396120062,0.0009251035146,0.0005303466167,-0.002684972569,-0.0175856495,0.003584256901,0.006646255972,-0.001393689403,0.00119994076,0.007945157925,0.00370051313,0.00874570256,-0.003286511134,-0.003151916341,0.004508432593,0.004303798617,-0.001675041845,-0.007846972892,-0.003374224369,-0.003966716592,-0.007256967795,-0.001678354961,-0.002644628151,-0.002532354159,0.003999894949,-0.01737201128,0.004719388219,-0.002074347804,0.003154371223,0.001623150735,-0.00122638379,-0.00102658377,-0.004527037713,-0.003607013561
2025-03-31,0.01141200124,0.003189506812,0.004730056575,-0.0135643643,0.02042551109,0.01326775322,0.007570821437,0.005606065451,-0.01404712953,0.004432544431,-0.01573479953,0.01614154566,0.01282074274,-0.009041685216,-0.01666191492,0.005049838246,0.01314098745,0.008121651378,0.001675277579,0.002127572221,-0.009401932221,-0.005108284988,-0.004858153069,-0.002931137323,-0.003075973992,0.01161501022,0.00847593718,0.008599348565,0.003555723431,0.004293297726,-0.007252659981,-0.008942887033,-0.01116176928,-0.0170961045,-0.003106157716,-0.001887666249,-0.01396247261,-0.0157049213,0.01152997521,-0.003221883063,-0.009407284492,0.01538502674,5.69926855e-05,-0.01478481162,0.009360769409,0.005962632888,0.02177811227,-0.01449254955,-0.005103940557,-0.02941485572,-0.02943526726,-0.007497181816,-0.01094573196,0.01172889326,-0.007829420144,0.01083901948,-0.01956687344,-0.01833220392,-0.01455803711,-0.0190195565,-0.007870273183,0.004892592278,-0.0001487314046,0.009052548182,-0.004013661123,0.001125644661,0.003169885736,-0.00371109991,0.009676492093,0.003677421946,-0.005335068096,-0.01869896064,-0.01933460463,-0.01978626739,0.0008996838575,-0.01128534833,-0.001417658606,0.01240493999,-0.005099383708,-0.003050554506,0.004807675373,-0.0007045807551,-0.002683357206,-0.004220984032,0.001220762165,0.008515932601,-0.004651415694,-0.005468683208,0.006893754738,0.01893000972,0.01680174821,-0.02028788585,-0.002041357931,-0.002153483944,0.01995729161,-0.0004502695558,-0.004522388815,-0.005799984915,-0.0001958061942,-0.006626581867,-0.009250430272,-0.01920739415,-0.01351878571,-0.01697380393,-0.02236024082,-0.01929185539,-0.01189771171,-0.02958439424
2025-04-30,0.003354886755,-0.01568156727,-0.01171262789,-0.02504506758,0.002909985741,-0.003899902467,0.009528965993,0.003019972806,-0.01265842166,0.0008647034982,-0.01436742183,0.002505673621,0.01933808268,-0.00560973114,-0.007188616676,0.009202522399,0.01000308602,0.01124596442,-0.009375857674,-0.0009834595193,-0.01080116729,-0.005088092323,-0.00872579508,-0.005617905595,-0.003588377386,0.01106864485,0.02067821556,0.01852909982,0.01800494054,0.007408422524,-0.01753554534,-0.01173638924,0.004497607641,-0.008999405289,-0.01177706601,0.01356602521,-0.01420232366,0.0127973209,-0.00829237265,0.001459345645,0.02182006646,-0.001921548265,0.02753756023,0.01921712476,-0.002789811566,0.0141804088,0.002606804768,-0.01802422755,-0.0103732362,-0.02976297333,-0.02864320093,-0.01879042801,-0.009661251782,0.0018529754,-0.007998634603,0.00805596131,-0.0335386279,-0.03219712203,-0.01903463273,-0.02371675366,0.008518826186,0.01535092816,-0.002152971361,0.002749553324,-0.005331559098,0.0007035355274,-0.007605202198,0.004561516314,0.01237650486,0.008208153116,0.004934489137,-0.02804398098,-0.02778876369,-0.0295576929,-0.01937356065,0.0004973241221,0.008429881783,0.010660664,-0.008815175066,0.01613133948,0.01478318295,0.01287945713,-0.0006278283027,0.01607084834,-0.01470269334,-0.01141703822,0.003923943967,-0.008848276899,-0.003311228047,0.00164045516,0.01277787181,-0.03255280705,-0.01875192118,-0.01880664736,0.01628960638,0.009170286349,0.009365595268,0.008728624888,0.01642791412,-0.01406315466,-0.009856089883,-0.02128809226,-0.01142928538,-0.01297192644,-0.02672130914,-0.02442631445,-0.02870234818,-0.03188574149
2025-05-31,-0.004309175964,0.000678254141,-0.002345487537,0.01295768795,-0.01241284277,-0.01428305558,-0.01090733807,0.0005878361502,0.01208607165,0.001422863375,0.01364599185,0.001051298096,-0.007633386266,-0.0003628359673,0.007808697607,-0.001030908982,-0.01747888715,0.003414182733,0.005658398715,-0.005571739608,0.008118240413,-0.001607191069,0.001965889511,-0.0004028117266,0.002322202594,-0.003234556518,-0.01432406679,-0.01532478573,-0.01431081866,0.001911879105,0.006653991522,0.003945072899,-0.001640091621,0.009826312569,0.01319505443,2.052351744e-05,0.01026319236,-0.01147063302,-0.002470090374,-0.0003116677694,-0.003476008563,-0.01424453116,-0.004265810924,0.002718128636,0.005766568517,-0.01752260232,-0.005027159803,0.01275267029,0.01661065365,0.02007237268,0.01606612839,0.01154228262,0.01946533783,-0.004511970935,0.001978924635,-0.007271872347,0.02171477474,0.02000793895,0.01533592381,0.01838974371,0.01129041138,-0.003002632554,0.01081145558,-0.0006959559158,-0.001057114684,-0.00472790716,0.004177771152,-0.003221256522,-0.004665791377,-0.008429910755,-0.002693260809,0.01729906911,0.01695019521,0.01859784778,0.005844079628,0.005092240703,0.007608984146,-0.00226421305,0.01610534364,0.001549004929,-0.001468033654,-0.007186827934,0.005420105412,0.0002791052605,-0.0001933851827,-0.002412547094,0.006757982383,0.005715862295,0.004458142766,-0.01056719535,-0.01533124995,0.02113792618,0.0006967183905,0.002868406475,-0.01360187915,-0.004714513471,-0.009233875987,-0.007182233337,-0.003799038699,0.01755593151,0.001013625637,0.01427288636,0.003499789368,0.005728366871,0.02160333315,0.01985082663,0.01540270965,0.02137044855
2025-06-30,-0.004073581038,0.0002070838654,-0.001856596995,0.01414765586,-0.005643006284,-0.004428901938,-0.005936660375,-0.001604254782,0.01287125407,-0.01096110485,0.01525394941,0.000897847715,-0.01144800423,0.0088316139,0.009388094679,0.002157079158,-0.0002348518961,0.000341496493,0.000506171349,0.004131319643,0.002582568154,-0.001677189883,0.001852664587,-0.003367788574,-0.003513014102,-0.01588266118,-0.008688488092,-0.007331197407,-0.008909289912,-0.009621409368,0.008983779226,0.00827164119,0.005570155485,0.009413053308,0.01388743577,-0.0003181135226,0.01275830785,-0.0002443540926,-0.004678854923,-0.003433410262,0.001268700096,-0.01361713428,-0.01012408242,0.0009757958658,0.0002241429878,-0.007468577035,-0.007396475564,0.01232329366,0.006308654706,0.0158850983,0.01096952396,0.009826078386,0.003921464676,-0.01365176297,0.007415094904,0.00745390302,0.01587097403,0.01598701377,0.003539134338,0.01442024925,-0.003368694034,-0.01313405479,-0.007195671306,-0.01334339861,-0.000653854285,-0.001361173678,0.00285898651,-0.01187760567,-0.00618831114,-0.008641165603,-0.004340394761,0.01157982551,0.01232306226,0.01316675339,0.004710899695,0.002313180582,-0.002768914531,-0.004779612593,0.006307233077,-0.009084946966,-0.00284340412,-0.01677490984,-0.0124206556,-0.01108622493,-0.003597129669,-0.005370206951,4.156639019e-05,0.00472973143,-0.009018262693,-0.009533536524,0.003365720884,0.01666574682,0.004063608739,0.007205215585,0.008376876371,-0.01041203326,-0.01172812831,-0.01014943963,-0.005048007074,0.005448605714,-0.003089966714,0.006914840711,0.01046257891,0.009609191036,0.01480667476,0.01462478063,0.01223430939,0.01529408979
2025-07-31,0.003050644289,0.004695317992,0.003972901544,0.00496856979,-0.009238712864,-0.00240276064,-0.002467365478,-0.001479711054,,0.000968182856,0.01104900633,-0.01103673488,-0.01055083167,0.005174971861,0.007897212835,-0.001116491808,-0.00717428971,-0.0002963817841,0.004398168323,-0.00146184964,0.009911571911,0.002374933537,0.008604708899,-0.0004707317088,-0.002532079727,-0.0001210939606,-0.008771625874,-0.008136198645,-0.008368635588,-0.009454329381,0.01194611669,-0.001702184171,-0.003307341805,0.008746272676,0.00818383246,-0.00264134952,0.01313773412,-0.00449961678,-0.004810419668,-0.003602348485,0.001616290646,-0.008998018502,-0.006828221332,0.0005356013823,-0.003565365151,0.001841646472,-0.002949465799,0.009025628864,-0.001874532805,0.0184347806,0.01787695239,0.006551141216,-0.0042542506,-0.01104342454,-0.001481894795,-0.001396620056,0.0111206576,0.01048461199,0.005063063424,0.01224122961,0.0007437707534,-0.005440235606,-0.005817450664,0.007484459354,0.01233628139,0.01362662143,0.00102362893,-0.002482106176,0.0002229620842,-0.01268956427,-0.001423402152,0.01369769076,0.01286462022,0.01452089472,0.006698998008,0.01161334827,0.009771240075,-0.005608373403,-0.002333173093,0.002155292426,0.01007478499,-0.005125568087,-0.004813552676,0.0002254388192,0.005793055631,0.003670844067,0.007568308599,-0.003480956131,0.008425161821,-0.008517984806,-0.006189836603,0.008844268636,0.0119453719,0.01350197521,-0.001182470974,0.003094822451,0.005991151954,0.001092187734,-0.007224053556,0.0005383535336,0.001086047142,0.006575875582,0.004894620489,0.004884194848,0.01095100231,0.01169218039,0.009827484851,0.01657125377
2025-08-31,0.005727352173,0.006135549242,0.004650959747,0.01072574902,0.002959894899,0.004767225435,-0.01026155622,-0.006516879666,,-0.004978186003,0.006628945607,-0.001148511359,-0.00932794021,0.005470259084,0.007209389908,0.001993749106,-0.006579082717,0.0003122488184,0.0008144597717,-0.001108737886,0.007743567948,-0.004062136967,-0.0006144603257,-0.00435949127,-0.004827530012,-0.005735401372,-0.006430097632,-0.009072801335,-0.00747968285,-0.008486912268,0.010865287,0.001989554332,0.006528729598,0.008572589094,0.004276332851,-0.005262653172,0.00959299695,0.003324846149,-0.004176234532,-0.002016823291,0.006043022499,-0.01079651412,-0.00384291588,0.003026674947,-0.009046715069,-0.01077200977,-0.00450848086,0.01007017661,0.001625983573,0.01006118283,0.009512122177,0.00743910134,0.008291854833,-0.007442484782,-0.0001855317441,-0.001555609462,0.01213110509,0.01163287231,0.00875619045,0.01167221302,-0.003368756788,0.007602397842,-0.001773785218,0.003729541551,0.003744072499,0.009238369076,0.0002571228532,-0.003841201666,0.006745438406,0.006860575768,-0.006127737165,0.01199586065,0.01132408955,0.01093355431,0.00562408036,-0.0001398943742,0.009309592061,-0.002952129203,0.001413841248,-0.0006186382793,0.001954648904,0.01203994315,-0.006201571429,-0.001436523683,0.001520362203,9.388575441e-05,0.001621367914,-0.000422845845,0.004856475729,-0.001005495073,0.001621771009,0.01231481035,0.007562323422,0.007778692544,0.00855528676,-0.001444952892,0.00828055958,-0.003782528588,-0.003918102929,0.002584262759,0.005885626038,0.006802656796,0.0007723808146,0.001193904613,0.01285477111,0.01142796057,0.008491528809,0.01106148956
2025-09-30,0.0009480980556,-0.004616632022,-0.006325511724,0.009928060677,0.002307789634,0.008498135251,-0.001647934634,-0.008796037103,,-0.01269538302,0.003529623064,0.003545362173,-0.009331319729,0.01155112764,0.007319221714,-0.009207885844,-0.01462100358,-0.008320649004,-0.001574892354,-0.000939352906,0.006927899839,-0.01099391602,-0.01178791577,-0.0126915024,-0.01187498334,-0.003991889999,0.009750325391,0.005829512555,0.01043756376,-0.004819190668,0.01378203849,0.006983819024,0.005081442433,0.002430213063,-0.002516186011,-0.002002036756,0.00699147081,0.004434173735,-0.008823449558,-0.01014967216,0.0103947821,-0.003850492569,-0.0007648450414,0.005892858481,-0.01769186233,-0.0001438700754,0.006593264405,-0.001521136094,0.008632156823,-0.0009674196,-0.006360344512,0.01260030771,0.002468762037,0.009981958516,0.005180516038,0.007158538846,-0.0005014545473,-0.0008578233159,-0.004060445825,-0.0008937263759,-0.001713605096,0.01339310777,0.005670714372,-0.00446788127,0.01406603259,0.01394423563,-0.001719195654,0.01616874571,0.007743089696,0.01275653715,0.009344736611,0.0007524253973,0.00077118674,0.0003945085236,-0.001584577842,0.006173134642,0.01324058016,-0.0006868175128,0.008451941375,0.007322308928,0.008375235646,0.01913799517,0.01017222531,0.01178101794,-0.01191088561,-0.01315475046,-0.005723257224,0.002856220329,-0.004271101956,0.007193733022,0.01539882006,-0.0008445066095,0.002381199347,0.00307311446,0.02829125303,0.01818675132,0.01544140597,0.01689376036,-0.004558670694,0.009800592925,-0.00550324694,-0.002314817037,-0.006522107416,-0.005778117582,-0.0008560880501,-0.003869351479,-0.002954855401,0.001101756382
2025-10-31,-0.002688199699,-0.005777053289,-0.003203433961,-0.01643417891,-0.01534842042,-0.01518435852,-0.005179277647,0.007255117714,,0.005389613927,-0.01743803801,0.008166948282,0.009628646467,-0.007978985187,-0.01538828324,-0.007676577961,0.008693741927,-0.009985923809,-0.006292905845,-0.01192313569,-0.0007313004296,-0.00126174061,-0.008205219295,0.003544715065,0.004203169889,0.006010239583,0.01604928227,0.01575144832,0.01528864418,0.001823185258,-0.01161498138,-0.002236967412,0.002141829002,-0.01998655925,-0.009401357007,-0.01802894384,-0.01791404749,-0.01697790046,0.005529070264,0.002131483703,-0.01585828613,-0.007835875116,-0.00240899914,-0.0188158763,0.007236554951,0.005621535846,0.008719295606,-0.01401410426,-0.0004910346287,-0.01776326234,-0.01777733092,-0.01834608385,-0.01001530771,0.01221701398,-0.002450460839,-0.002534398739,-0.01688701716,-0.01636520694,-0.01250470463,-0.01832528925,0.01608870519,-0.0008505536568,0.01020664848,-0.001986236078,0.0009743457138,-0.001879089601,0.01002813687,0.009297412636,0.0006692465756,0.002032920085,0.00623048135,-0.01501990689,-0.0155120323,-0.01660695218,-0.008512416529,0.01749859651,0.006440074232,0.01634088643,0.0003530635914,0.01594327674,-0.004201564008,0.00110552969,0.01187077994,0.01881708294,-0.001054874338,0.00745047163,0.002312578798,-0.00124961778,-0.005866164815,0.007602515829,0.004433957722,-0.01725404248,-0.01034228949,-0.01146672139,0.001934372376,0.02031750943,0.01163583943,0.009482740725,0.006805579207,-0.002373832045,-0.00765964708,-0.01371642547,-0.003350863243,-0.002960785995,-0.01804805189,-0.01810447066,-0.01321550396,-0.01800951282
2025-11-30,-0.00469885766,-0.01089655293,-0.009613135191,-0.009128664683,-0.008208757171,-0.009146409861,-0.007774488189,-0.001018324994,,-0.00888835745,-0.01076839542,0.008003607036,0.006440910212,-0.0004811109017,-0.00376196359,0.006010670915,0.01154320285,0.008336626465,-0.001216433998,0.004266719519,-0.007513871721,-0.007605338826,-0.003452381047,-0.005538181624,-0.005036408706,0.002873622855,0.01419803045,0.0133971118,0.01359132541,0.00174320638,-0.00686411627,-0.003613342136,0.0106721903,-0.003689405546,-0.005200147664,-0.01050955261,-0.005006138924,-0.006598517739,0.005782546587,0.003722553239,-0.00298367691,-0.003516628579,0.004989264654,0.001667647171,-0.004069042531,-7.914109715e-05,0.01602895371,-0.009198136185,-5.911553307e-05,-0.01161566399,-0.01491137725,-0.009103168405,-0.004835253486,0.01223930142,-0.002671233115,0.002870294287,-0.01134537613,-0.01141159747,-0.00362630996,-0.01397030247,0.0201187671,0.002396003694,0.009948432758,0.001766635622,-0.004704528584,-0.003692535978,-0.009104414236,0.006682654622,-0.003670935963,-0.002580577065,0.001917240346,-0.0128814824,-0.01251371602,-0.01330286182,-0.00864723644,0.005244192013,-0.004924511273,-0.001884795745,0.001327042526,0.01529462986,0.008186396814,0.002686393162,0.009617342201,0.01538690113,-0.01286732357,0.001133365597,0.004256582634,-0.004894861907,-0.001956971479,0.004701476587,0.008938390391,-0.01084603298,-0.004050016386,-0.005983640543,0.00975983592,0.00740440266,0.006767647794,-0.003150689446,0.003831125504,-0.003883869858,-0.001446362141,-0.00790825463,-0.01061923912,-0.01286322494,-0.01320858377,-0.01319332223,-0.01315908603,-0.01170390441
