date,age,ami,ami_v,ar_sprd,b_amd,b_amd_m,b_coskew,b_cpi_vol6,b_cptlt,b_credit,b_crf,b_dcpi,b_dcredit,b_defb,b_drf,b_dunc,b_dunc3,b_dunc6,b_duncf,b_duncr,b_dvix,b_dvix_dn,b_dvix_up,b_dvix_va,b_dvix_vp,b_dvixd,b_epu,b_epum,b_eput,b_illiq,b_lrf,b_lvl,b_mktb,b_mktb_dn,b_mktb_mkt,b_mktb_up,b_mktbx_dcapm,b_mktrf_mkt,b_psb,b_psb_m,b_rsj,b_rvol,b_term_dcapm,b_termb,b_unc,b_vix,b_ysp,bbtm,convx,cs,cs_mu12_1,cs_sprd,db_mkt,dcs6,dkurt,dskew,dvol,dvol_idio,dvol_sys,es_90,idimom12_1,idimom3_1,idimom6_1,ilq,iltr24_3,iltr30_6,iltr48_12,imom1,imom12_1,imom3_1,iskew,ivol_bbw,ivol_mkt,ivol_vp,lix,ltr24_3,ltr30_6,ltr48_12,md_dur,mom12_1,mom12_7,mom3_1,mom6_1,mom9_1,p_fht,p_zro,pi,rkt,roll,rsj,rsk,rvol,spd_abs,spd_rel,str,sysmom12_1,sysmom3_1,sysmom6_1,sze,tmat,val_hz,val_hz_dts,val_ipr,val_ipr_dts,var_90,var_95,vov,ytm
1973-01-31,,,,,,,,,,,,,,,,,,,,,,,,,,,,,,,,,,,,,,,,,,,,,,,,,,,,,,,,,,,,,,,,,,,,,,,,,,,,,,,,,,,,,,,,,,,,,,,,,,,,,,,,,,,,
1973-02-28,0.001006334019,,,,,,,,,,,,,,,,,,,,,,,,,,,,,,,,,,,,,,,,,,,,,,,0.002692577655,-0.0002162018686,-0.002191745076,,,,,,,,,,,,,,,,,,,,,,,,,,,,,-6.672609209e-05,,,,,,,,,,,,,,,,-0.004782516059,,,,0.001930567819,-0.001335322794,,,,,,,,-0.002247307205
1973-03-31,0.00182977024,,,,,,,,,,,,,,,,,,,,,,,,,,,,,,,,,,,,,,,,,,,,,,,-0.001486994745,0.001262571214,-0.002250721207,,,,,,,,,,,,,,,,,,-0.002772539254,,,,,,,,,,,0.001182991657,,,,,,,,,,,,,,,,0.0007295426368,,,,0.002727895944,-0.0005290684954,,,,,,,,-0.002510227912
1973-04-30,0.003276214576,,,,,,,,,,,,,,,,,,,,,,,,,,,,,,,,,,,,,,,,,,,,,,,0.003939276849,0.004556733559,-0.0007884032093,,,,,,,,,,,,,,,,,,-0.002326710974,,0.006455239167,,,,,,,,,0.005126171635,,,0.009021196022,,,,,,,,,,,,,0.002175326877,,,,-0.003553661478,0.001581040243,,,,,,,,-0.0006407133473
1973-05-31,0.002774057442,,,,,,,,,,,,,,,,,,,,,,,,,,,,,,,,,,,,,,,,,,,,,,,-0.003163911391,0.01058312444,-0.01061421013,,,,,,,,,,,,,,,,,,0.005655532636,,-0.0007995004725,,,,,,,,,0.01038774471,,,-0.001600136003,,,,,,,,,,,,,-0.002644927815,,,,0.003318740368,0.003066119511,,,,,,,,-0.01065802385
1973-06-30,0.00144423513,,,,,,,,,,,,,,,,,,,,,,,,,,,,,,,,,,,,,,,,,,,,,,,-0.0059406764,0.002543249691,-0.006018128576,,,,,,,,,,,,,,,,,,-0.00325456577,,-0.000981206277,,,,,,,,,0.001707427506,,,-0.001952129104,,,,,,,,,,,,,0.01026144634,,,,0.01166112844,0.0005068099185,,,,,,,,-0.005691140606
1973-07-31,0.003869993453,,,,,,,,,,,,,,,,,,,,,,,,,,,,,,,,,,,,,,,,,,,,,,,-0.01238604981,-0.01206926684,0.0148200955,,,,-0.006660276747,,,,,,,,,,,,,,-0.006723209471,,0.002660906059,,,,,,,,,-0.01302900316,,,0.003074534829,-0.001869780083,,,,,,,,,,,,0.00630338209,,,,-0.002796193457,-0.007214275783,0.01216446061,0.008616528247,0.006344745019,-0.003619489559,,,,0.01406442882
1973-08-31,0.0224371461,,,,,,,,,,,,,,,,,,,,,,,,,,,,,,,,,,,,,,,,,,,,,,,0.04236693707,0.03384253693,-0.02011326202,-0.03024797969,,,0.0001551107049,,,,,,,,,,,,,,-0.01968656052,,-0.01397175471,,,,,,,,,0.03934484051,,,-0.0142212812,-0.005003830355,,,,,,,,,,,,-0.01978649688,,,,-0.01286486366,0.01382578137,-0.01961677569,-0.01058142981,-0.003203757535,0.01673757032,,,,-0.01878892466
1973-09-30,-0.02771400516,,,,,,,,,,,,,,,,,,,,,,,,,,,,,,,,,,,,,,,,,,,,,,,-0.02345473919,-0.01529237924,0.02268977786,0.01745851378,,,-0.02776048072,,,,,,,,,,,,,,0.001312709209,,0.009387249858,,,,,,,,,-0.02154894707,,,0.003759582618,0.002799457371,,,,,,,,,,,,-0.03254064555,,,,0.0112382721,0.003399576477,0.01626346,-0.0002976955126,0.01157180789,-0.002031867238,,,,0.02313350734
1973-10-31,0.001388314547,,,,,,,,,,,,,,,,,,,,,,,,,,,,,,,,,,,,,,,,,,,,,,,-0.005418058699,-0.006532781968,0.009044118119,0.008102849715,,,-0.008686870827,,,,,,,,,,,,,,-0.006975257753,,0.002636091271,,,,,,,,,-0.007713434895,,,-0.001746290459,0.000271706078,-0.0003115089853,,,,,,,,,,,-0.001460537366,,,,-0.001890042447,-0.003749904877,0.006084975643,0.002443589165,0.004099190119,-0.000908787365,,,,0.009170174305
1973-11-30,0.008796445245,,,,,,,,,,,,,,,,,,,,,,,,,,,,,,,,,,,,,,,,,,,,,,,0.01655795385,-0.003605010853,0.001820922053,-0.0002926406315,,,-0.005338665134,,,,,,,,,,,,,,0.001357702025,,0.002340696969,,,,,,,,,-0.001011458281,,,-0.000849001784,-0.006155431183,-0.005275057896,,,,,,,,,,,-0.0007887633073,,,,-8.413988528e-05,-0.004134377299,-0.003546014684,-0.009200170023,-0.001770843646,0.001803158624,,,,0.001294589243
1973-12-31,-0.02201639388,,,,,,,,,,,,,,,,,,,,,,,,,,,,,,,,,,,,,,,,,,,,,,,-0.02990707143,-0.01012920723,0.01565002227,0.009147902071,,,-0.007834575126,,,,,,,,,,,,,,0.003702553548,,0.01119373971,,,,,,,,,-0.01528826763,,,0.02665236788,0.01187745934,0.01366525213,,,,,,,,,,,-0.02849238231,,,,0.01161951147,0.004503042617,0.009331335244,0.008953623674,0.004740494665,-0.003354552403,,,,0.01457902654
1974-01-31,0.0161246143,,,,,,,,0.008089935039,,,,,,,,,,,,,,,,,,,,,,,0.0157219239,,-0.002164097056,,0.004865467367,,,,,,,,,,,-0.01507004551,0.01237530474,0.006897188519,-0.01103198459,-0.01394798234,,,-0.01554064232,,,,,,0.008144042237,,,,,0.004112726704,0.004112726704,0.004112726704,0.002259863375,0.003749293644,0.0006204463723,,,,,,0.002740683019,0.002740683019,0.002740683019,0.01005179633,0.01112963596,0.007307278648,0.009026984185,0.007984122121,0.0109122845,,,,,,,,,,,-0.009628283409,,,,-0.001208800959,-0.00392255012,-0.002363488661,0.005944321247,-0.0007085929218,0.005859596938,0.005064333386,0.008274032903,,-0.0103420532
1974-02-28,0.001284174075,,,,,,0.01166697772,-0.004470141423,-0.01282215945,0.0135925558,,-0.003114582126,0.009717955148,0.007292786265,,0.004227023221,0.01635517355,0.01397724391,0.01993995328,0.002895444876,,,,,,,,,,,,-0.003078408703,-0.004088081144,-0.001966853155,-0.006617967953,0.001864625995,-0.004838105671,0.00248468876,,,,,0.003521267888,-0.003764012055,-0.004681673298,,0.008181288291,-0.0009168141756,-0.006661570313,0.01759280923,0.01179555089,,,-0.02042015605,,,,,,-0.00525474777,0.01600911598,-0.008175467963,0.005293399553,,0.004653909313,0.004653909313,0.004653909313,-0.008149558912,-0.006469004538,-0.008246999131,-0.0003707705462,,-0.004050796435,,,0.008980391196,0.008980391196,0.008980391196,-0.007969884875,0.002564146149,-0.00166672294,-0.006459193244,0.002755774304,0.0003606713847,,,,,,,,,,,-0.01348583055,-0.004209910094,-0.002029199498,-0.004190502165,-0.0104838338,-0.002409864921,0.006923155825,-0.006616624137,0.004160038572,-0.003865509418,0.003288791124,-0.008775820599,,0.01874159055
1974-03-31,-0.01302547027,,,,,,0.006497296453,0.004145986995,0.01185845067,0.01567035176,0.02681267015,0.01699490798,0.02164602885,-0.01808384127,,-0.01462868416,-0.001175881575,0.004256180665,0.002151721083,-0.01411265815,,,,,,,,,,,,-0.004478247139,-0.02735259394,-0.01894553009,-0.02724677468,-0.02146856317,-0.02786989851,0.01970785746,,,,,-0.006090002694,-0.01739709024,-0.01387167701,,0.009769542966,-0.02560235325,-0.01658182393,0.01222719894,0.0173421703,,,0.01847706387,,,,,,-0.02186068497,-0.008792146852,-0.001035573378,0.01214993021,,0.003820643817,0.003820643817,0.003820643817,-0.002404814658,0.006596478704,0.008280950738,-0.01528716186,,-0.0001250515675,,,-0.003058491743,-0.003058491743,-0.003058491743,-0.02101225428,0.006594154961,0.01070094564,0.001955628848,0.01585331262,0.005376728392,,,,,,,,,,,0.01139673321,0.01229892672,0.01459158791,0.01545598757,0.006001789665,-0.005445255382,0.01267099248,0.005917526559,0.001292777867,-0.009190666087,-0.01845283482,-0.02256629581,,0.01054235223
1974-04-30,0.003137909497,,,,,,-0.009898049875,-0.01178967144,0.01579679724,-0.02366812351,-0.01988189817,-0.02111995139,-0.02085655159,-0.01333764649,,0.0209736514,-0.03597900989,0.001725656816,-0.03919473999,0.003209049441,,,,,,,,,,,,-0.006553175426,0.003698356839,-0.003267573993,-0.001182890418,-0.008737449775,0.0069219271,-0.01574456095,,,,,-0.02239569979,0.0002775069854,-0.01677952851,,-0.008606321628,-0.00588228773,0.01985096767,-0.04428060523,-0.03241166074,,,0.003570634856,,,,,,-0.01771867957,-0.009430210258,-0.005827226044,0.0006669345396,,0.01479120109,0.01479120109,0.01479120109,-0.01766506112,-0.001319083401,-0.006715321516,0.01629753546,,-0.01995406041,,,0.02297197754,0.02297197754,0.02297197754,0.01722501043,0.01745292857,0.01695052489,0.004508480212,0.0173843013,0.01108470183,,,,,,,,,,,-0.003327383877,0.01829370688,0.01715459393,0.009430984419,0.01050063511,0.007029982682,-0.003155129067,0.01539094413,-0.01758821515,0.01122142296,-0.02057586596,-0.0169520334,,-0.04496290776
1974-05-31,-0.004133131501,,,,,,0.02305830559,-0.0247848023,-0.00629004819,-0.01904140712,-0.009410499801,0.00750596787,0.02193720977,-0.01982801679,,0.001301607467,-0.006459866248,-0.02370600862,0.003110146613,0.007761395614,,,,,,,,,,,,0.02041462251,-0.02197907662,-0.02485379278,-0.02618414284,-0.0002438860112,-0.02331325557,-0.02033695428,,,,,-0.01042693846,-0.02458215558,0.004604593562,,-0.01821627953,-0.01884595012,0.01923889014,-0.01135682568,-0.003989719631,,,0.02214286068,,,,,,-0.01920237441,-0.02045111997,-0.002088578844,-0.01204433774,,0.004170088062,0.004170088062,0.01134428359,0.01418185525,0.0137417262,0.004778571531,0.01728246073,,-0.003002493431,,,0.01795292918,0.01795292918,0.02157852417,0.01612932385,0.02740888164,0.008113775289,0.03053460629,0.02651057134,0.02855383191,,,,,,,,,,,0.01409540275,0.02824914051,0.02758122622,0.0288865027,0.003083791297,0.008140263408,0.01185674542,0.02602758666,0.0009163479218,0.007157320751,-0.01690162372,-0.01824301709,,-0.01200088457
1974-06-30,-0.007907621132,,,,,,0.03729978666,-0.02926439489,0.01222089154,-0.02409746328,-0.03656748506,0.009116189431,-0.0137328933,-0.04132828606,,0.02437779857,-0.05546125215,-0.025935458,-0.01244991085,0.02994562315,,,,,,,,,,,,0.03193965985,-0.01408681015,-0.04914844095,-0.0161513763,-0.0196356437,-0.007308432272,-0.00791255347,,,,,-0.05715734076,-0.038014101,-0.01457631671,,-0.04111485786,-0.02954089673,0.03499156753,-0.06601125757,-0.05312821385,,,0.0338220022,,,,,,-0.04502894697,-0.004741570716,0.03768439456,0.0484851071,,0.007882806522,0.007882806522,0.02263759933,0.02784880053,0.02439395022,0.02858230504,-0.0001654147542,,-0.03592836981,,,0.03973702488,0.03973702488,0.05281304314,0.03590684415,0.04819994398,0.03249088914,0.05665870062,0.05710420362,0.03648178486,,,,,,,,,,,-0.001179227326,0.03687365274,0.03057722505,0.03483484576,0.03266604132,0.01384563183,-0.003721726536,0.0254399388,-0.01442484518,0.01285374167,-0.04511794316,-0.04560368006,,-0.06583757158
1974-07-31,0.006150183024,,,,,,-0.0289170289,0.005871258431,0.02298633391,5.817281881e-05,0.02182401786,-0.018224917,-0.01421522401,0.02919508989,,-0.01201102987,0.00850409847,0.001607032328,-0.006405911158,-0.01965391318,,,,,,,,,,,,-0.0270492479,0.02851914107,0.03494036937,0.02877587974,-0.001074263948,0.02736989317,0.004470945155,,,,,0.02663244956,0.01909611203,0.0004494190501,,0.02541016509,0.0110692818,-0.00426881734,0.02352088994,0.01105649159,,,-0.01474308148,,,,,,0.02554375281,0.01194801093,-0.008757885734,0.01217103019,,-3.116622694e-05,0.01373400105,0.01344742586,-0.004230701764,-0.003954568373,-0.008321067871,-0.002318207779,,0.01329634065,,,0.004959227278,0.005466029764,0.004599489048,-0.009227508902,0.001651362758,0.01818807901,-0.009563763138,-0.0003193035297,-0.002900517416,,,,,,,,,,,-0.03297646782,-0.01009898632,-0.02066751953,-0.0192774618,-0.01196728389,0.001372045628,-0.009682285427,-0.01081924244,0.0005711558776,-0.003075543978,0.01155460251,0.02850551604,,0.02326234627
1974-08-31,-0.003055642611,,,,,,0.04747450751,-0.002985203439,-0.04973177728,0.01656849653,-0.03701829665,-0.004215284028,0.01778486132,-0.06085232706,,0.05539829798,0.01398215365,0.04113734777,0.006393358929,1.066392923e-05,,,,,,,,,,,,0.02529116332,-0.06028220611,-0.06153296583,-0.06111816156,0.01628928926,-0.0594233886,0.01355427966,,,,,-0.02736171832,-0.01799775713,-0.07177930718,,-0.02490013693,-0.01930298014,0.01417824244,-0.04160108456,-0.03333917381,,,-0.00816622596,,,,,,-0.0633911941,0.001065910877,0.01182340926,-0.03174757783,,0.0131282788,0.001521712198,0.001664229627,0.02147215744,0.01304782426,0.02379223063,-0.03369655165,,-0.04481198604,,,0.0450974492,0.01699150147,0.0166721621,0.01610166415,0.05678834971,0.009070437863,0.04799228646,0.04275013256,0.05555867602,,,,,,,,,,,-0.05250215929,0.05048721561,0.05671912533,0.05524115115,0.03122538358,0.01058374518,-0.006793213667,0.008036105503,-0.008686481599,0.007662693239,-0.03094380002,-0.06194210345,,-0.04302453402
1974-09-30,0.005346738134,,,,,,0.003892476228,-0.0151561378,-3.030226897e-05,-0.03862302752,-0.01267123401,0.02004521456,-0.001027420863,0.002737805863,,-0.03978351533,-0.05072365844,-0.0436957574,-0.03846558119,-0.04740135229,,,,,,,,,,,,-0.01042831265,0.007333786348,0.01274898061,0.007982075698,-0.01637076493,0.007791973629,0.01590726119,,,,,0.01558812456,0.02988618279,-0.01063360108,,0.02585664135,0.005287798056,0.002987590754,0.004174409088,-0.008684818108,,,0.01294617963,,,,,,0.006670683628,0.05773175129,0.007459668853,0.05873562149,,0.001568805706,-0.0002567709552,0.001818294205,0.007210386046,0.002743909841,-0.003600593738,0.009054976179,,-0.003066834996,,,0.01177343766,0.001207695521,0.006184373146,0.003191940828,0.0122439391,-0.01304527422,-0.008618308683,0.01441103496,0.0106346767,,,,,,,,,,,-0.05048491082,-0.005820490362,-0.006983063989,-0.006227098795,-0.01988267095,-0.003443461264,-0.01484550989,-0.01205245386,0.01297802777,0.01579159323,0.005062148591,0.004397089977,,0.004497120321
1974-10-31,0.01112263118,,,,,,0.0266579881,-0.006725751925,0.002281439954,0.01390462205,-0.01992332656,-0.04629348236,-0.01305828627,-0.0007254076528,,0.04623049976,0.03700290925,0.02099315198,0.03851804445,0.03963954906,,,,,,,,,,,,0.00679819006,0.002161527105,-0.0153779613,0.001348877981,0.03324504611,0.002979612103,-0.006849900023,,,,,-0.0210712643,-0.02226286197,-0.006623446484,,-0.04143778868,0.02132826088,0.007655868675,-0.006533013596,0.0008842788472,,,-0.003221554154,,,,,,-0.004498329456,0.009135300127,0.03365773052,0.01824792433,,-0.01440109439,-0.01653162657,-0.016080054,-0.0007904231968,-0.00520647859,0.00023181633,0.002560654239,,-0.01998412673,,,-0.006991634062,-0.02499138674,-0.02363029615,0.011374151,-0.002923321655,-0.009119207919,0.0322507633,0.0008590017872,-0.002655445092,,,,,,,,,,,-0.03159031329,-0.002032241956,-0.009678707172,-0.001119517425,-0.002471327567,0.008562029581,0.0111866159,0.01677143642,-0.002015840602,0.005251216911,-0.006067544508,-0.00434741112,,-0.005677455054
1974-11-30,-0.002868063231,,,,,,-0.02861407047,0.01617163225,0.006471949407,-0.03706753248,0.02623934209,-0.01500015087,-0.02288557267,0.008957103697,,-0.03176214186,-0.00506460617,0.01014222217,-0.01094591395,-0.03750181539,,,,,,,,,,,,-0.03641439256,0.004523272373,0.02829927843,0.01025365693,-0.02761690046,-0.001251773867,-0.02907984299,,,,,0.009809585614,-0.01292992771,-0.03658841537,,0.01650853127,0.001887772164,-0.01949552484,0.0348798898,0.02384742238,,,-0.01659682461,,,,,,0.02675640203,-0.006097748467,-0.0364461494,-0.01477790016,,-0.0004791199596,0.002830601093,0.001308386778,-0.0005238153355,-0.004050186573,-0.003125275129,0.002706490431,,0.03583215637,,,-0.005943465755,-0.01515715168,0.006892068032,-0.026458936,-0.02217828668,0.007092958389,-0.02415385474,-0.02326844859,-0.02051839458,,,,,,,,,,,-0.03032443544,-0.02083345096,-0.01809977844,-0.01798641928,-0.00643598146,-0.006144565763,0.00996397256,0.001174478456,0.01240311957,0.007220055877,0.01474099449,0.02750892036,,0.0347589515
1974-12-31,0.002348100063,,,,,,0.02548952077,-0.043328137,-0.02280073824,-0.01359354835,-0.04387329438,0.01723574465,0.001672241742,-0.01997004308,,-0.01394914693,-0.02532167571,-0.03617204483,0.02673565622,-0.006539871641,,,,,,,,,,,,0.04580415073,-0.01861997142,-0.03695242188,-0.0145776719,0.01646983633,-0.01613407397,0.001750668018,,,,,0.002432130143,0.004089325202,0.0107691257,,-0.01997977767,-0.01481568666,0.03838319594,-0.05053479662,-0.04733948551,,,0.01140657645,,,,,,-0.04780971687,0.03487885664,0.03416395754,0.03382367081,,0.02093734054,0.01468013114,0.01621344375,-0.01028545533,0.02030085888,-0.002863804534,0.01053170557,,-0.04205346019,,,0.03366752506,0.026410281,0.03391608046,0.04325521433,0.0449864201,0.02708148497,0.03709468046,0.04704295204,0.04600670295,,,,,,,,,,,-0.01347496815,0.04540966729,0.01265975621,0.0460766513,0.01177903918,0.007760442491,-0.0139215871,0.004707911667,-0.02600973625,-0.0003843134274,-0.03410006881,-0.04092615593,,-0.05213703127
1975-01-31,0.003833719237,,,,,,-0.03808813583,0.07010325858,0.07360351117,0.02690760183,0.08353664398,-0.02292868831,0.03696816111,0.05897071255,0.08642395663,0.01960347014,0.04038259921,0.0457798249,-0.0458365171,0.01978924025,,,,,,,,,,,,-0.09412463413,0.06295051878,0.07624577852,0.07009991842,-0.01373767104,0.05338730708,-0.004322717543,,,,,0.03073127965,0.02972633887,-0.003395406413,,0.03943401876,0.05548342006,-0.07305772732,0.09359383511,0.09837876424,,,-0.007579600029,,,,,,0.09822552247,-0.04200632165,0.02696044556,0.004996612142,,-0.02824990968,-0.03083313383,-0.0338415644,0.008454999986,-0.03270821718,0.01115260087,0.0006899759831,,0.08114509726,,,-0.08469299856,-0.06641133107,-0.08615035392,-0.08273736394,-0.0816368349,-0.04853144497,0.01512992937,-0.01028278843,-0.08383184113,,,,,,,,,,,-0.05970766259,-0.08514822539,0.008585325579,-0.06676325838,-0.03170850346,-0.009337078683,0.0320497411,-0.001800964478,-0.0001564941139,-0.02336961847,0.0953235636,0.08980324771,,0.09374173165
1975-02-28,0.005681011381,,,,,,-0.03374425221,0.003963492746,-0.0001474209284,-0.01855041017,-0.0007285667065,-0.01094522134,-0.01540048448,-0.01846085103,-0.0154741357,0.02007486861,-0.008759919248,-0.006786006312,0.001667931263,0.003098375347,,,,,,,,,,,,-0.001191851008,-0.02104381045,0.01784484506,-0.006534830127,-0.02639953037,-0.02039047333,-0.02537323791,,,,,0.0007253512018,-0.005621725186,-0.02459087401,,-0.02616933895,0.01686387201,-0.00413161468,0.01280103337,-0.001729072509,,,-0.01897268012,,,,,,0.005738249159,-0.005694040915,-0.01102681599,-0.01524969738,,-0.009394042433,-0.00868785606,-0.003452995023,-0.01089478664,-0.007669163686,-0.01018341578,-0.002361982787,,0.006484982995,,,-0.004265385916,0.005906285033,0.0003081522697,-0.007520009612,-0.01436701141,-0.01343098298,-0.01289850336,-0.01622238502,-0.01081732573,,,,,,,,,,,-0.02390676936,-0.01132003763,0.008015392891,-0.01536200265,-0.009009097431,0.0001549588767,0.001289052021,-0.00279650102,0.01895808265,0.0169352862,0.008131695116,0.002079996001,,0.01547758714
1975-03-31,0.004040319496,,,,,,0.00434659945,0.003377034305,0.00755073642,0.003879914672,0.001994970515,-0.009173121098,0.008762610396,-0.002725955355,0.006212021495,0.01455399714,0.01457511914,0.008373720749,0.01317553325,0.0160905413,,,,,,,,,,,,0.001370266754,-0.002778870684,-0.002973630006,0.0005546909877,-0.008998004489,-0.003841062401,-0.007617539803,,,,,-0.000540750658,0.0004624428864,0.01002285531,,-0.006614877425,0.001893789265,-0.00520150914,0.003200592731,0.002605726247,,,0.002569108859,,,,,,0.001777694165,0.003692663275,0.01514545767,0.01310402361,,0.0103586697,0.01305894086,0.01174219757,0.008736139277,0.01071313655,0.005128210415,0.002289050288,,0.01745177596,,,0.0007318805152,0.003003865489,-0.002741591147,-0.004280548523,0.003331340003,0.00525841755,0.007893678221,0.007383124842,0.00612973333,,,,,,,,,,,-0.02518065542,0.003674793907,0.001523965676,-0.001687573936,0.006407570551,-0.007576654762,0.008723777389,0.009646993793,-0.004615539205,-0.002351390795,0.0007306887951,0.007786087268,,0.00122136658
1975-04-30,-0.009871975372,,,,,,0.006770086179,0.005351544805,0.010180541,0.0066384341,0.005819904678,-0.004226163313,0.005404606844,0.00873586115,0.01114736097,-0.002061041094,0.004199584939,0.008613597337,0.006902112075,0.002212106993,,,,,,,,,,,,-0.001840892144,0.0108778994,-0.009668028948,0.005733042855,0.0100816683,0.01183818678,0.01252579588,,,,,-0.009387595839,-0.0003932066762,0.00631445845,,0.00637941379,-0.01114152952,-0.006676189444,0.009967969978,0.008660291118,,,-0.002071597093,,,,,,0.0001405899197,-0.00335759217,0.001324436427,0.008305941953,,0.004986951626,0.005128717375,0.00631557974,0.00266017446,0.006698412841,0.006152047083,-0.003708898726,,-0.0001373784366,,,0.0001525785578,-0.000137188083,-0.0005513857266,-0.008828529176,-0.003819425371,-0.002050344452,0.008088507183,0.003655658595,0.007548368047,,,,,,,,,,,0.0004919137506,-0.00109139044,0.007923316024,0.005729422649,0.007627094156,0.003547137659,0.01209679804,0.01307572847,0.003844029031,0.0007844186836,0.004230822894,0.005450042713,,0.008381207717
1975-05-31,0.002007953916,,,,,,-0.01972052522,0.02316419149,0.01182910521,-0.01080614063,0.02155891455,-0.01575159014,-0.001109142831,0.009037144981,0.009551280411,-0.001373183239,-0.005468201521,0.003986946962,-0.01449968904,-0.001201427775,,,,,,,,,,,,-0.01858150679,0.009982165228,0.02615270362,0.02125390641,-0.007987256195,0.008413684137,-0.02022495897,,,,,0.005035463649,0.0003300315086,-0.01692450929,,-0.006558746733,0.0217322221,-0.02695975135,0.03601808759,0.02784852534,,,-0.03302233858,,,,,,0.03571699976,-0.02794879412,0.0102346908,-0.007549612776,,-0.01185690118,-0.0114610133,-0.01171472194,-0.01160823647,-0.01269410592,0.002579715281,-0.005130174085,,0.02721380436,,,-0.02630587186,-0.01473607172,-0.01413262476,-0.02887312688,-0.03241973273,-0.02434134664,0.001312371798,-0.008192024942,-0.0303585677,,,,,,,,,,,-0.01861600127,-0.03136378331,-0.03386345851,-0.02810470536,-0.01779239096,-0.01072963444,0.008294497801,-0.006325859174,0.01781797011,0.007359670668,0.03339036181,0.03023823376,,0.03810466318
1975-06-30,0.005848499744,,,,,,-0.01895175071,0.02297032591,0.01717933757,0.004784022719,0.03863166793,-0.01808661661,0.01244564284,0.02168988752,0.02265521607,-0.0148895409,-0.008699742091,-0.0005667473116,-0.017806906,-0.01387497977,,,,,,,,,,,,-0.0304364325,0.02595206241,0.02827017365,0.02811174718,0.006980869042,0.02640938813,-0.004310190132,,,,,0.005548357551,0.0147466901,-0.003599693937,,0.02553397198,0.02084261824,-0.02548700566,0.03849904205,0.03637933149,,,-0.02935282623,,,,,,0.03622109934,-0.02219347526,-0.001709820111,-0.007417177227,,-0.008196495998,-0.01051058119,-0.01004241994,-0.006716332832,-0.01003936439,-0.006456955872,-0.006546705923,,0.03173455512,,,-0.0329889242,-0.03435713101,-0.03254782351,-0.02961188072,-0.03042336624,-0.03794061489,-0.01666419735,-0.005184494804,-0.004914905437,,,,,,,,,,,0.0312320197,-0.02814210018,-0.03179040873,-0.007527686471,-0.01533771186,-0.01499842442,0.008999432449,-0.005906781106,0.009265851711,-0.00502212444,0.03739069747,0.03435041987,,0.03768652937
1975-07-31,-0.000691482806,,,,,,-0.008938538893,-0.006603040254,-0.009073957631,-0.006874988321,-0.00531726441,-0.005801412713,-0.003372838673,-0.005691017302,-0.004922497877,-0.003817000704,-0.004020970385,-0.003990942633,0.0004644078783,-0.009518762446,,,,,,,,,,,,0.001886793942,-0.007255909681,-0.001247976079,-0.005994282033,-0.01141842451,-0.005763444143,-0.007044533993,,,,,-0.009084484717,-0.01321615963,-0.005358210326,,-0.007998379976,-9.627524579e-05,-0.002534729567,0.007304869751,0.0003476526089,,,-0.008186969034,,,,,,-0.003113530728,-0.008388736225,4.515516262e-05,-0.003618575306,,-0.002190967168,-0.00212133949,-0.001982556698,0.0005536253456,-6.018331063e-05,0.0006032719706,0.00162945377,,-0.002084628523,,,0.002502132664,0.005187845074,0.00530397899,-0.004355212653,-0.006029431697,-0.00694351581,-0.00478511297,-0.001912570656,-0.01191780054,,,,,,,,,,,-0.002646426226,-0.008205978188,-0.009977817473,-0.01090783316,-0.0002053267585,0.001208512205,0.009773252503,0.01152423548,0.008701950309,0.005559907757,-0.002837412227,-0.002556058286,,0.006890473413
1975-12-31,0.008541287214,,,,,,0.002439496262,-0.01638905138,-0.001331538541,-0.01499168561,-0.01865814,0.002908489569,-0.006285123807,0.0002654251333,-0.002155756883,0.01393493,0.01643734639,0.01460597058,0.0135761889,0.004395706126,,,,,,,,,,,,0.007788219426,-0.001596761244,-0.002587202671,0.001764523656,-0.0001055855529,-0.0006593426914,-0.0135476366,,,,,-0.00374861368,-0.005548149613,0.01173299323,,-0.01295331997,0.006901063671,0.02249395893,-0.01365962615,-0.01454848796,,,-0.007947886023,,,,,,-0.008551456017,-0.002995253643,-0.006429066309,-0.008891603016,,-0.00194964723,0.001564345971,0.0004473634609,-0.001291946573,-0.002171304838,-0.01403492855,0.00279660975,,-0.01214596656,,,0.004907175201,0.007272273354,0.008249329314,0.02343087488,-0.003387305586,-0.001354086104,-0.008113085804,-0.006109321575,-0.001598605377,,,,,,,,,,,-0.01965728824,-0.0003629721709,-0.002064361695,-0.000179057325,0.005966141386,0.01090083456,-0.00772108332,0.003769482938,-0.0006781072328,0.008239767885,-0.004915745961,-0.007276347476,,-0.01299085304
1976-01-31,0.01946630776,,,,,,-0.01325139499,0.04870581655,0.04437585807,0.03115169943,0.07492685665,-0.04112112002,-0.01153723712,0.05021874079,0.05300587784,-0.03720074303,-0.03125624846,-0.00825278347,-0.02497198646,-0.03120503514,,,,,,,,,,,,-0.04876075047,0.05790281836,0.03795828976,0.05637324574,0.02365438529,0.05912162131,0.03108535129,,,,,-0.02041292088,0.01423819054,-0.01499333116,,0.0570662554,0.04275791052,-0.05856192287,0.08142906487,0.07825915877,,,-0.04714461953,,,,,,0.07536594903,0.03131927333,0.06038468373,0.05517440126,,-0.02628863863,-0.03501454069,-0.03307973335,0.04115329854,0.02769308594,0.04692929165,-0.01497440888,,0.05488929947,,,-0.04920508337,-0.05752779675,-0.05767801285,-0.0625227373,0.02637363828,0.01105746962,0.04309834818,0.05675114549,0.05461808211,,,,,,,,,,,-0.04589993761,0.02826936618,-0.05581513654,0.02887788051,-0.03479052353,-0.03062438966,0.03025423759,-0.001423943443,0.00650694112,-0.0196774614,0.06322236381,0.06895368564,,0.07820447372
1976-02-29,-0.001612832465,,,,,,-0.004218824204,0.01622887992,0.01090497267,0.01747654417,0.0271675734,-0.01528643328,0.004818741304,0.01639354947,0.02130016762,-0.01074750857,-0.009436210818,-0.009074769249,-0.004691828502,-0.007549786092,,,,,,,,,,,,-0.02056052411,0.0185972728,0.01478555727,0.01507809368,0.008288081202,0.01787281216,0.0177289526,,,,,0.007871333134,0.007864994072,-0.005827727058,,0.02314840551,0.005713246667,-0.009949917027,0.02385797564,0.02665513729,,,-0.002149119277,,,,,,0.02637669537,0.00805317043,0.01174232124,0.001722401281,,-0.0128271635,-0.01384457233,-0.01500357742,-0.00379572821,0.007048757389,0.009070146906,-0.001610286602,,0.01851746357,,,-0.01428891699,-0.01380533971,-0.01323872743,-0.01189317015,0.01075983098,0.005935574567,0.008867570783,0.01139168016,0.01077938435,,,,,,,,,,,0.02110093125,0.006576760865,0.0008601061691,0.01218794231,-0.007279850571,0.0001349133639,0.01155339659,-0.003588475432,0.005019784852,-0.00434280005,0.02061086938,0.02306075757,,0.02549290502
1976-03-31,-0.007620822111,,,,,,0.002220949999,0.001162393298,-0.00200149802,-0.003628799715,-0.001642444286,0.003498859316,0.002173825176,-0.00368283559,-0.006037908696,-0.004113549314,-0.002550376161,0.001607361368,-0.002604205315,-0.0009461718947,,,,,,,,,,,,0.00276208335,-0.002835051818,-0.004807155421,-0.002562304532,-0.001101867157,-0.002544619353,0.0007950423807,,,,,-0.001794230812,-0.0009544810951,0.003874585525,,-0.005084395236,-0.006127322327,0.002750556962,-0.004247486806,-0.004898370597,,,-0.006580654935,,,,,,-0.003843734576,-0.003478396857,-0.006759534114,-0.00334815814,,0.003610190668,0.005401736118,0.005599764367,-0.01077270227,-0.007170224568,-0.01098076561,0.0001416243313,,-0.002780157151,,,0.001361133652,0.004095179667,0.003065266467,0.002591675438,-0.001648294854,0.0008968058011,-0.007032776315,-0.005011675924,-0.002512887177,,,,,,,,,,,-0.006672619102,-0.001589185132,-0.0008603313922,-0.001896897631,0.007972674031,0.002485309732,0.001109138739,0.002386462861,0.0003293505418,0.003820049016,-0.00350982372,-0.003204601247,,-0.003369859232
1976-04-30,0.002516717758,,,,,,-0.005561648434,0.005726172422,0.004702165477,0.009753425284,0.01356398815,-0.009013364092,0.007689933641,0.006656389387,0.01193842949,-0.003250441551,-0.00256591375,-0.007253678483,-0.0003886667868,-0.00275701038,,,,,,,,,,,,-0.008918125188,0.008287088722,0.009367804155,0.005799349993,0.002711661559,0.007355615808,0.008530878427,,,,,0.004470090538,0.008738132189,-0.00577805415,,0.01135061427,0.005882917789,-0.00514404626,0.01090362105,0.01238158484,,,0.0008402523185,,,,,,0.01294108821,0.01018190528,0.01229753448,0.009425343004,,-0.003909414524,-0.002257606258,-0.002992262315,0.01532108017,0.005976423257,0.01215739356,-0.002060131426,,0.01329756528,,,-0.006546240196,-0.00604871973,-0.005779857925,-0.006531364904,0.01153574108,0.00463815388,0.0125648745,0.009956862746,0.01110531698,,,,,,,,,,,-0.008608716446,0.007853385212,0.006553154071,0.003882698282,-0.005059174855,-0.0003263054659,0.002068321443,-0.007920463186,0.004163818351,0.000234686288,0.009971489958,0.01196483374,,0.01089657622
1976-05-31,-0.006810073034,,,,,,-0.003307303663,-0.00767657689,-0.005682455059,-0.01182035889,-0.01028684422,0.005084945754,-0.004300961926,-0.007764623643,-0.007726761299,-0.003469039185,-0.003459799235,-0.002505760218,0.002717525254,-0.002520330769,,,,,,,,,,,,0.01111231372,-0.008235035981,-0.001694678714,-0.004225537225,-0.005407028916,-0.00761258111,-0.003187245825,,,,,-0.003527727599,-0.007118926062,0.002797387107,,-0.01178030794,-0.009768575578,-0.004089372825,0.004677925138,-0.002438027059,,,-0.01360753156,,,,,,-0.009154171972,-0.001898487989,-0.006837592799,-0.006569163662,,0.008857565263,0.007605180341,0.005275804169,-0.00672927452,0.005246544884,-0.003322926791,0.002904691493,,-0.006810490518,,,0.01356727253,0.01612988204,0.01413198535,-0.007930339256,-0.001822445182,0.0006679180893,-0.005689771903,-0.006960759373,-0.003313615622,,,,,,,,,,,-0.01092819456,-0.003970688455,-0.005336429297,-0.003941257697,0.001803620742,0.002516652515,0.00968776808,0.01498651138,0.00342104496,0.002220549531,-0.005194367505,-0.00730715136,,0.004168957787
1976-06-30,0.00339639073,,,,,,0.002398706081,-0.001656677742,-0.002490716829,-0.0005174335565,-0.005754496296,0.004311181407,0.004328911797,-0.003976510541,-0.003627144754,0.00318560478,0.003296786467,0.005722618682,0.0005326485194,0.001773912223,,,,,,,,,,,,0.002381442391,-0.004229433713,-0.003204022795,-0.004192092307,-0.002383754582,-0.004679368053,-0.00574519476,,,,,0.002446225104,0.00173288724,0.006940520889,,-0.004421198239,0.004265912839,0.004138927636,-0.00666463832,-0.006736481804,,,-0.007896362884,,,,,,-0.00330038987,-0.004679246512,0.006152829402,-0.001768525472,,-0.003395052874,0.003567715917,0.004971229102,-0.002934186456,-0.005640682986,0.005242584992,0.002854079091,,0.001593385524,,,-0.002139008801,-0.002493704285,-0.001240655473,0.005626412691,-0.005750831331,-0.0012491452,0.002011883521,-0.00364276571,-0.005643285933,,,,,,,,,,,-0.01070801323,-0.004062207973,-0.004377063694,-0.003882527463,0.002637288758,-0.0008986563387,-0.001752978419,0.002260086681,-0.001875440566,0.003731339705,-0.003330052655,-0.003826403112,,-0.007193602565
1976-07-31,0.002251722697,,,,,,0.001178253856,0.0002739642475,0.000556928465,0.002041754355,0.001456757946,-0.0007563781809,-0.0005854239351,-0.001005199596,-0.0003765798144,0.003580071973,0.0009117615126,0.0003224371141,0.0008381773471,0.001507131814,,,,,,,,,,,,0.0001827234205,-0.0009884096552,-0.0011322392,-0.001274575075,0.002265220959,-0.0009986586261,0.001757248407,,,,,0.0001686732675,-0.0001342531453,0.0009381564502,,-0.001892427864,0.0004207126345,-0.003026906193,0.001796280929,0.0009112462292,,,0.0008446878127,,,,,,-0.0007281399487,0.001052009354,0.0006510597732,0.001949137303,,-0.0007696517522,-0.001568286764,-0.0007786329956,-0.001421184867,-0.0003188273105,-0.0001624935127,-0.002495793462,,0.0006137843581,,,0.0003516938375,0.0006010857988,0.0003736457086,-0.002284329148,0.001333238521,0.004061253873,0.0006192666277,0.0009196109265,-0.0006731441395,,,,,,,,,,,-0.003406744366,0.001559460807,-0.0009802127698,0.001772454181,0.0002244992766,-0.002047114267,0.0002479241526,-0.002498814247,-0.002317430284,-0.0006955692216,0.0008272916323,-0.0003091826995,,-0.0009322564326
1976-08-31,0.003973370099,,,,,,-0.01159787668,-0.00215871143,0.007090029699,0.006435424349,0.006146140803,-0.004375048695,0.0002171096317,0.0152253321,0.01213153468,0.003256461215,0.002918132836,-0.0007147379614,-0.002772665586,0.001102836962,,,,,,,,,,,,-0.01439017848,0.01273669652,0.01367910759,0.01611300154,0.001034602142,0.01277847215,-0.002680184335,,,,,0.009730806518,0.01234320441,-0.004226367938,,0.004282957479,0.01122106381,0.008381496058,0.01267576944,0.01128679715,,,-0.004421383835,,,,,,0.01700490459,0.00548185506,0.002099090768,0.003190510416,,0.009323406918,-0.004954515525,-0.007119906588,-0.006981068052,0.001328659785,-0.003694556398,-0.003755291959,,0.007009689361,,,-0.0001789353677,-0.005565352776,-0.004610471013,0.006837192095,0.009203573801,0.01029431491,-0.0004232056707,0.005707475972,0.01191097577,,,,,,,,,,,-0.002025181123,0.01062830678,-0.008882573507,0.008873173557,-0.004315180732,0.005753023029,0.001512678234,-0.005838444541,0.006758280299,0.007825186952,0.01443545288,0.01646525814,,0.01383287663
1976-09-30,0.002462625594,,,,,,-0.006462203426,0.01038794574,0.01345411709,0.02188686717,0.02326147253,-0.01543435133,0.009917955301,0.01231369232,0.01816638619,-0.01132633303,-0.01022067312,-0.01580704728,0.002012263281,-0.00957849828,,,,,,,,,,,,-0.01621640648,0.01237959188,0.01174056789,0.01143109608,0.009056336978,0.01213452483,0.01495349511,,,,,0.003762707417,0.005656811723,-0.008070419363,,0.01753607445,0.006908660105,-0.01478757611,0.02184035147,0.01826621641,,,0.001723512001,,,,,,0.01842779474,0.01965470207,-0.009292315338,-0.01009562657,,0.004719884115,0.00598065095,-0.006643443826,0.001125426711,0.01296006524,-0.004914663427,-0.004251653674,,0.01386297389,,,0.006239658079,-0.006416544613,-0.01052489143,-0.01556362875,0.02015959515,0.01875808296,-0.005823520311,-0.003593114955,0.01344504807,,,,,,,,,,,0.01136155727,0.01362017774,0.01389484444,0.01394725123,-0.008509335013,-0.007413472687,0.005432407192,-0.008605865661,0.002844495085,-0.004290894319,0.01582285526,0.01775678839,,0.02177275415
1976-10-31,0.006296461817,,,,,,-0.002193642772,-0.001780330397,0.001128431935,0.001110814975,-0.0007807526476,-0.001242535405,-0.00110534769,0.001455148482,0.001706766525,0.004811391513,0.003779133768,0.0008214073472,0.002922189815,0.004266047623,,,,,,,,,,,,0.001360844076,0.001453839461,0.002681269871,0.0002562531292,-0.0002679651397,0.001718795707,-0.004835807985,,,,,0.002110698961,0.001623866225,0.004009417388,,-4.839574251e-05,0.00721456438,-0.0001950203528,0.003084116447,0.002959615056,,,-0.002994090853,,,,,,0.002360025957,0.0001048317761,-0.00227745967,-0.001648597779,,0.001107729213,8.103409971e-05,-0.003156252036,0.0008085952862,-0.0003677625818,-0.00288421675,-0.0004498612872,,-0.0007699759547,,,7.463760738e-05,-0.001704819996,-0.003146331996,0.0007025504524,-0.0007519804374,0.002183986247,-0.003019081339,-0.003121953271,-0.0007946449478,,,,,,,,,,,-0.0009734160228,-0.003512540394,-0.001771556102,-0.003362887431,-0.005697181982,-0.002656614113,0.0012454542,0.00169087312,0.002301401371,0.002031716813,0.002263744423,0.002443689,,0.002582102274
1976-11-30,0.009405257624,,,,,,0.005002067628,-0.009257050891,0.006233324403,-0.008106671811,-0.005727546366,0.003664354777,-0.001898805378,0.007020845649,0.004516167562,0.01130138694,0.0108561447,0.008165416037,0.007675232332,0.005115176293,,,,,,,,,,,,-0.002483968746,0.005762020706,0.001017100271,0.00798663215,0.009693320557,0.005449282399,-0.01131535349,,,,,0.004399263804,0.007512834004,0.003558968935,,-0.00115002508,0.013007414,0.01771637522,-0.01344693866,-0.01340021474,,,-0.005489067607,,,,,,0.001898291021,-0.006168795919,-0.001006789637,0.001291287906,,-0.004357125181,-0.002990213495,-0.001611823084,-0.01197911649,-0.009271079341,-0.007970239328,-0.0004716561938,,-0.004551357767,,,-0.002434044979,-0.009856130149,-0.01023950521,0.02178902632,-0.005270869725,-0.006201781879,-0.00145677959,-0.0009679999698,-0.004532410358,,,,,,,,,,,-0.0001054982138,-0.001378247315,0.003343237763,-0.001728949598,0.002458184869,0.009270417095,-0.01142207016,-0.003783979096,-0.005972564508,0.007084312336,0.004991093329,0.0007262978999,,-0.01251577717
1976-12-31,0.006913904235,,,,,,0.006412213751,-0.008585432962,0.002792911973,-0.005509263366,-0.002063199735,0.00829348726,-0.001489560419,0.004078573737,0.005547789626,0.007764520349,0.004423951502,0.0007280776814,0.01209632134,0.006407259795,,,,,,,,,,,,0.000842194566,0.001873781814,-0.002383187535,0.002135806927,0.005303006978,0.001431083829,-0.004683393292,,,,,0.002226145643,-0.003525275169,0.003630544571,,-0.0007575769652,0.01565321157,-0.005128017536,-0.005809792502,-0.008301394921,,,0.001050234522,,,,,,0.001162699016,-0.004276958252,0.0002902516925,-0.001109313515,,-0.0006232280589,-0.005291407048,0.0004531374806,-0.001670032841,-0.003760242417,0.003858876334,-0.006004919732,,-0.007425208237,,,-0.001520289403,-0.001274556739,-0.003864410111,-7.327684768e-05,-0.0009904020799,-0.001680513711,0.0008662972095,0.0004051284581,-0.001109410959,,,,,,,,,,,0.003170069383,0.003254439071,-0.001346835817,0.003479145943,-0.009851681269,-0.004592125714,-0.00916291393,0.001719673105,-0.01117476265,-0.00224170738,0.0006696165985,0.001917807093,,-0.0065885592
1977-01-31,-0.01493604636,,,,,,-0.006492920545,0.03303711551,-0.004398552414,0.01977129812,0.01685463327,-0.03206249407,-0.006531605638,0.002516686048,0.002301409905,-0.02421133353,-0.02899107064,-0.02871324524,-0.01738352657,-0.01581784223,,,,,,,,,,,,0.002965160579,-0.0009039718834,-0.003150328516,-0.003174647687,-0.003945118501,-0.001101983772,0.01511728389,,,,,-0.0215562316,-0.01711466846,-0.003361441757,,0.004431671343,-0.02151486903,-0.03002650184,0.04120743786,0.03363394663,,,-0.0306164646,,,,,,0.003467047608,0.01062648072,-0.03383191422,-0.01582962803,,0.01547545492,0.01118237671,0.008225372298,-0.01617173234,0.02481932545,-0.01137546727,0.01053562274,,0.02128199118,,,0.008191890822,0.01276567524,0.01041479294,-0.0380377015,0.008223221889,0.03492387651,-0.03312683912,-0.009686022788,-0.003968752266,,,,,,,,,,,-0.03028620137,0.007447544624,0.01102756071,0.007246706885,0.003597132469,-0.01116533721,0.02129640475,-0.01386368643,0.01929753477,-0.006616032216,0.002208693398,0.003658150054,,0.03856606582
1977-02-28,-0.002242098498,,,,,,-0.005730278627,0.004995662993,0.004857694746,0.00983835646,0.01366082069,-0.01316458622,0.001351513475,0.006862044371,0.008748333111,-0.005398040255,-0.01187311252,-0.01231992633,-0.003552712647,-0.005143998425,,,,,,,,,,,,-0.006351029426,0.007366728928,0.004809807151,0.005375557442,0.002473541799,0.007137782476,0.007038214269,,,,,-0.004141839949,0.0001449170802,-0.004656605383,,0.008757091017,0.00287149657,-0.01482934215,0.01532101041,0.0166385221,,,-0.0002283212769,,,,,,0.007573386962,-0.005251039025,-0.01074845535,-0.004751371722,,0.006640072128,0.00257157515,0.002701315127,-0.0007754827395,0.0003246456684,-0.00891778551,-0.002401451587,,0.008840384774,,,0.01116857557,0.003953755677,-0.0002032858526,-0.01626846447,0.007376689306,0.00775050556,-0.01022290208,-0.0008425397358,-0.003098971938,,,,,,,,,,,0.009806001427,0.01036542535,0.01025280699,0.01047819204,-0.005872939794,-0.008500949524,0.007690206818,-0.004234330228,0.003751209533,-0.006324414938,0.00577824317,0.007658798459,,0.0146263948
1977-03-31,0.001869872609,,,,,,-0.001718758989,0.004459058452,-0.006510812428,-0.002892753611,-0.0103479576,0.001635467839,-0.006114816929,-0.004321530734,-0.005964613719,0.002685811283,-0.002736454803,-0.001656248498,-0.001220105364,0.002345691594,,,,,,,,,,,,0.008774246297,-0.00393146357,-0.006598913749,-0.004174861161,-0.005120005316,-0.006707282697,-0.002826977708,,,,,0.003117147182,-0.006294232223,0.001258529623,,-0.007491205229,0.001342789769,0.004792848603,-0.007715806066,-0.01144135713,,,-0.008475079805,,,,,,-0.008240592504,0.002117577774,-0.001531041971,-0.003587851647,,-0.005298766444,-0.002493695451,-0.0003617975956,-0.003529379772,-0.002013096934,-0.004567545387,-0.001742592304,,-0.00674410009,,,0.0002322858445,0.002731129628,0.004456965808,0.006463692658,1.93886413e-05,0.004892069233,-0.00152041976,-0.001672704632,-3.677260162e-05,,,,,,,,,,,-0.005580780097,-0.006103718663,0.001067259408,-0.004046127054,9.113239386e-05,0.002342028386,-0.0004714290322,0.005444566417,0.002069335245,0.006486583202,-0.007948653169,-0.007743439333,,-0.008421040777
1977-04-30,0.002636446604,,,,,,-0.002204735733,0.006892802814,-0.0006725935784,-0.001386375682,-0.006520182937,0.004947335762,-0.001306084929,-0.00528980768,-0.006513843888,0.001529596721,0.001886482461,0.002311282502,-0.003050863506,0.004993710286,,,,,,,,,,,,-2.570261611e-05,-0.002659243826,0.0006094021111,-0.001128037333,-0.004633504944,-0.002485947953,-0.004422656942,,,,,0.00578044646,0.001898477243,0.0001381658146,,-0.00150338186,0.0055868017,0.007505222906,-0.003485587282,-0.007210533644,,,-0.001103236969,,,,,,-0.002620954059,-0.00522772144,-0.008927589627,-0.004765320267,,-0.006252432908,-0.00395336938,-0.002917035883,-0.00408774296,-0.004323005388,-0.00563251857,0.0003524431876,,-0.003607328923,,,-0.004283495694,0.0004101593484,-0.002461404988,0.008074254231,-0.004363608153,0.001771893113,-0.008796199005,-0.008881656456,-0.006648740818,,,,,,,,,,,0.001336016581,-0.005180198367,-0.004901449523,-0.004785061608,0.001278899858,0.005190143597,0.0004104053846,0.002916816108,0.006000189205,0.008710653085,-0.002691984121,-0.00199213103,,-0.002836601883
1977-05-31,0.004937212916,,,,,,0.002401971881,-0.002215493742,0.007007097129,0.00466016279,0.002341645298,0.0001721252624,0.002471312353,0.005411439745,0.004263789769,0.003524529075,0.00452107268,0.004179500114,0.002624703142,0.003273387357,,,,,,,,,,,,-0.003037884522,0.005546980076,0.0004416165311,0.003929719295,0.008073307161,0.005615629082,0.003025589006,,,,,0.007092531856,0.005416023402,0.001680587513,,-0.0002501790109,0.01088617182,0.004085290871,-0.003849164511,-0.002808489826,,,0.003146151579,,,,,,0.004995769092,0.0002947581938,0.0009535430252,-0.001709388011,,-0.004157218165,-0.004158859844,-0.003511588078,0.002879931754,-0.002809586531,-0.0008779164582,-0.0004613025581,,0.004323194967,,,0.000119510375,0.0009863984269,-0.004632494046,0.006246085015,-0.001369147528,-8.215038412e-05,-0.001014316432,-0.001467570068,0.001025044608,,,,,,,,,,,0.0003198241916,-0.001157356826,-0.001388067922,-0.001355580275,-0.00290305288,0.0006612620137,-0.0055004008,-0.004232292143,-0.002948921595,0.0001911612366,0.00576086682,0.003923441912,,-0.002966164778
1977-06-30,-0.0006933703799,,,,,,-0.00351259647,-0.004015196574,0.00829750966,0.0127863225,0.01642026057,-0.01470091265,0.002646279354,0.01131466399,0.01447762131,-0.002037331313,-0.003247174659,-0.008888068809,-0.001502937749,-0.002713856252,,,,,,,,,,,,-0.0120399575,0.01109074654,0.008370146965,0.009238281457,0.009158439034,0.01109858294,0.008371923787,,,,,-0.001468170149,0.006412923841,-0.006432049936,,0.01316685739,0.007189075667,-0.008761512556,0.01146709097,0.01083090377,,,-0.007465743589,,,,,,0.01415038358,0.003555091734,-0.0119813288,-0.001221879828,,0.007389284168,0.004514803889,-0.003466865893,0.0002838738233,0.006823779167,-0.002664626861,-0.002748589783,,0.01323795339,,,0.0129092535,0.007391778147,-0.005428764607,-0.009177236693,0.01068108004,0.009848743289,-0.006383014318,0.006078928942,0.009562196098,,,,,,,,,,,0.000213381446,0.00857228683,0.008927934324,0.00925394736,-0.005580711313,-0.003878068475,-5.09017371e-05,-0.01148613589,-0.000277934542,-0.003498725331,0.01483092147,0.01385663742,,0.01169443139
1977-07-31,0.004213228404,,,,,,-0.007989195877,-0.002333780241,0.004777731195,0.005773324818,0.007439627149,-0.007701705736,0.002209522286,0.00541801922,0.006698068494,0.001496620643,3.791556977e-05,-0.004062978362,0.002881833759,0.0006316864853,,,,,,,,,,,,-0.008641962325,0.006147702929,0.008916710686,0.008499824669,0.003649365803,0.006314654887,-0.001097663953,,,,,0.002338020747,0.006441319737,-0.001599413581,,0.00705838915,0.003129442109,0.0001801263978,0.004274352741,0.005189584186,,,-0.001684406908,,,,,,0.005685156307,0.003141987136,-0.002058659629,-0.0008655956464,,0.007361783414,0.009015342682,-0.005865485435,-0.004756099233,0.00996608638,-0.005579577016,-0.001246497313,,0.0008911343192,,,0.008839275497,0.008489161189,0.0006979039199,5.523660508e-06,0.01143228052,0.01201990986,0.003298458091,0.006908566465,0.007361066559,,,,,,,,,,,0.008454183142,0.009651421243,0.01004526103,0.01018242516,-0.007455757841,-0.0003725898456,0.00268800829,-0.001214369029,5.320075177e-06,-0.003380948834,0.004520765066,0.005635911416,,0.003596077378
1977-08-31,-0.001127147678,,,,,,-0.001790118851,-0.0001107492969,-0.00282339773,-0.004182093224,-0.006449074111,0.003962542003,-0.002773457245,-0.004804656667,-0.005485691796,-0.003226494406,-0.001327524354,-0.0001606749857,-0.000555779948,-0.00260744075,,,,,,,,,,,,0.003555455564,-0.003245563505,-0.0001699410144,-0.002964980378,-0.0037681268,-0.00353940764,-0.006767779874,,,,,0.003071547683,0.000663454233,-1.170628112e-05,,-0.00365991449,-0.001503102318,0.003977671462,-0.00249145309,-0.003571110831,,,-0.0009617444627,,,,,,-0.00534899538,0.002638335931,-3.720265283e-05,0.001930227369,,-0.005002905624,-0.005152350188,-0.0003784943165,-0.005838399181,-0.00407615274,-0.002803211363,0.001200433667,,-0.004271568856,,,-0.002083654171,-0.00282402234,0.003355939358,0.005571254588,0.000712403935,0.00387813614,-0.0009376018865,0.000768545129,0.0002327932532,,,,,,,,,,,-0.004859621221,-0.001705126139,-0.002092110814,-0.00145027699,0.00461009294,0.002563321045,0.00192416277,0.0047321775,0.001343825199,0.004335324208,-0.005978274649,-0.00464345499,,-0.002235325675
1977-09-30,0.001177985743,,,,,,-0.003672003933,-2.750678922e-05,0.0009432083568,-0.004604485654,-0.003944046237,-0.0028351076,-0.0006995922007,-0.003034224987,-0.002013572216,-0.002172704654,-0.001228954662,-0.003730327964,-0.0009776930793,-0.003534490599,,,,,,,,,,,,0.001310307333,-0.002453514762,0.0007717629827,-0.002150306378,-0.004661999327,-0.002168924478,-0.004536366396,,,,,-0.002822529407,-0.004363560624,-0.004346986454,,-0.004828551945,-0.006527930099,0.000877916665,-0.003203340156,-0.003095688453,,,-0.0001255488657,,,,,,-0.005281817428,0.003570612494,0.005142998559,0.003555956544,,-0.003238596928,-0.0001637660595,-0.002030553673,0.008441099366,0.001202310465,0.002852352809,-0.00198688055,,-0.001437193386,,,-0.0006746524716,-0.0001907949676,0.002952809518,0.001374166706,0.004964280138,0.0005830734382,0.004856353136,0.003323447961,0.006121455847,,,,,,,,,,,0.001038433842,-0.0002965531945,0.001205797599,0.0002754642272,0.0003784128566,-0.002269675339,2.467721578e-06,0.001541640737,-0.001158845152,-0.003566651504,-0.004393134858,-0.004609157682,,-0.003491903263
1977-10-31,-0.003783162089,,,,,,0.002963279644,0.0003808690245,-0.005006369669,0.002882270765,0.001471055613,-0.003340459465,-0.002942529239,-0.005346923104,-0.0043086887,-0.001803223242,-0.002630301221,-0.0001031610597,-0.004357079109,0.0004024213837,,,,,,,,,,,,0.0102076853,-0.003724165322,-0.008567266884,-0.005206154116,-0.00406882772,-0.004471710726,7.24535921e-05,,,,,-0.007263123801,-0.009694963566,0.003665452894,,-0.001452757644,-0.007231761743,-0.005224071798,0.01205218214,0.009687058158,,,-0.009074778349,,,,,,-0.004939187824,-0.00492223232,-0.001610122749,-0.006018061746,,0.008367180218,0.008118311437,0.007598130041,-0.002150423028,0.0004286550773,0.004015117779,0.001221808061,,-0.000358022146,,,0.002488978471,0.001648060646,0.01316630678,-0.007860061092,-0.001410089511,0.005037666153,-0.000672731634,-0.00405963485,0.002425914397,,,,,,,,,,,-0.0008933268343,0.0006624511246,0.0006823689943,8.320091656e-05,3.421761921e-07,0.0001934289909,0.008535574028,0.002908867049,0.007659998027,0.0008274103903,-0.007279119235,-0.004755725278,,0.01259695788
1977-11-30,-0.002178558015,,,,,,0.001331037333,-0.0003396488116,0.0003883767677,0.003800438526,0.003782754798,-0.001519529111,0.003149555379,0.002400522947,0.004806163414,2.569661659e-05,0.000629004402,-0.0001208314696,0.0001419216509,0.0002892360014,,,,,,,,,,,,-0.003839737979,0.003539299727,0.001690085528,0.00210272833,0.003177583029,0.003553236974,0.003528837393,,,,,0.001257891388,0.00374430459,0.001583314486,,0.004239652651,0.002707838266,-0.002999746866,0.003912827139,0.003176474309,,,-0.003796147327,,,,,,0.005603966661,-0.002129338627,-0.002233158232,-0.00126502825,,0.001688151072,0.002457153,0.0009578017388,1.295337462e-05,0.000738046285,0.0003453155412,-0.002093547912,,0.00399209388,,,0.002624900738,0.00302942087,-0.0006233549586,-0.003530244009,0.001586259844,0.002268446886,-0.002236309997,0.0009748060478,0.0008276651747,,,,,,,,,,,-0.0005701155509,0.003418878077,0.0001180276696,0.003409518492,0.001839513947,0.0007816287289,0.000903605951,-0.004782238416,0.003244697606,0.001986446996,0.0031253181,0.006012100124,,0.004287366887
1977-12-31,0.001414817863,,,,,,0.005241634948,-0.004226513139,-0.003909334328,0.01015419618,0.008994532171,-0.007465693022,0.003667632656,-0.01140425839,-0.004594403594,-0.002374644314,0.003765205575,0.003812517291,-0.00740151184,-0.001305794295,,,,,,,,,,,,0.008284140025,-0.004419612019,-0.01338139771,-0.007855078542,-0.0004878059272,-0.004014530448,0.003250533312,,,,,-0.005319029018,-0.00591727096,0.007475072486,,0.005508971354,-0.005252631992,-0.01643590995,0.01308317777,0.0134574645,,,-0.002363868112,,,,,,0.001214046404,-0.0002568723393,0.009156334945,-0.002471882411,,0.002659845844,0.003928257384,0.01408623701,0.01224965623,0.005627686128,0.01114657954,-0.00329896722,,0.005073104765,,,-0.004450155509,0.004657772771,0.00934262274,-0.01714589521,0.002592665347,0.008935834637,0.01062404058,0.003210667225,-0.006537705556,,,,,,,,,,,-0.0009117545639,-0.002270397308,0.0008334920896,-0.002015419402,-0.0009829438623,-0.009511904302,0.0118051925,0.003597804179,0.005008237994,-0.004701123203,0.0006687969619,0.001575755057,,0.01145390307
1978-01-31,-0.01227645942,,,,,,-0.003287976457,-0.002685987581,-0.003475361888,0.002781972885,0.008143502426,-0.01193561639,0.0001640110729,-0.001770700075,-0.001101509065,-0.0005009794289,-0.002561528326,-0.001541758001,-0.003163506941,-0.001937179501,,,,,,,,,,,,0.003676431044,-0.0003974257854,-0.002999764319,-0.0006386770293,-0.004150430446,-0.0008986103315,-0.001994892691,,,,,-0.008435628806,-0.006585043015,0.0007976087646,,0.003587392656,-0.01517053691,-0.005102008678,0.01008152494,0.009074304838,,,0.001518217597,,,,,,-0.002957067445,0.002775244029,0.00345946851,0.001181150652,,0.002201985729,0.001697000616,0.0001499327036,0.001167553369,0.007058105578,0.003281459126,-0.0008611979237,,-0.001280049872,,,0.003016610426,0.003693343969,0.004775020972,-0.008801286031,0.009269847356,0.006971925556,0.00698178789,0.007518442592,0.002983269548,,,,,,,,,,,0.004423394104,0.003225313959,0.003662940161,0.004727146368,0.004439549335,0.0009705867359,0.008417196551,0.001483714827,0.007287771899,0.0001152978463,-0.003995176836,-0.003457723512,,0.009995106191
1978-02-28,0.009218004992,,,,,,0.00523512352,0.002748985804,0.001208520847,0.004844218279,0.004732357784,0.001338423835,0.003158197207,0.004587076051,0.005519918494,-0.0006938214049,-0.000636478867,-0.002692513626,0.00326096414,-0.001657124272,,,,,,,,,,,,-0.003272262066,0.005010215081,-0.0004150225506,0.003855695088,0.005635128622,0.005089621952,0.007569630709,,,,,0.002854146986,0.003279697131,0.003068720801,,0.003877306823,0.008850327501,-0.001836943175,0.006631991361,0.003421526749,,,-0.007431672471,,,,,,0.004832868956,-0.002228686537,-0.004763087964,-0.005886599466,,0.001772608966,0.005434469121,0.002917874432,0.003685759916,0.003709673762,0.0005048999945,0.001206529015,,0.00375303108,,,0.008052471661,0.009226568286,0.0002311886203,-0.0008400676934,0.005133313967,0.007089786334,-0.001798394933,-0.0006304812864,0.003787053575,,,,,,,,,,,-0.005647723124,0.00627031023,0.005166732176,0.004888396479,-0.008684471728,-0.00159221125,0.0007807980767,-0.005592440299,0.003401414611,-0.000531368939,0.001988969579,0.004356729773,,0.006519078427
1978-03-31,-0.0007846596585,,,,,,0.0001603669409,0.002326672147,-8.678697534e-05,0.002522842905,-0.002091449024,0.002632213346,-0.00101225608,-0.00142418142,-0.001667480721,-0.003664669728,-0.001551545967,0.001026380691,-0.001090242378,-0.004501007984,,,,,,,,,,,,-0.001197547029,-0.002216126302,-0.002437293625,-0.002344007635,-0.0001083916734,-0.001861512692,-0.0007575223135,,,,,-0.002207410139,-0.002128589015,0.002005999465,,-0.0008522948457,0.00214289439,-0.002417555927,-0.0003738792126,-0.002392955702,,,-0.003131924306,,,,,,0.000153099612,0.000980931163,-0.004811173336,-0.003700202386,,0.0006326853819,-0.0007867592741,-0.0005052981912,0.0004270007017,-0.0005119600645,-0.0001081963987,0.001417004346,,0.001009921875,,,-0.002702009546,-0.003168185067,0.0007079612508,-0.002243623961,-0.003319200687,0.0009533197367,-0.003594418023,-0.002136933041,-0.003568998147,,,,,,,,,,,-0.0005401764969,-0.00322341754,-0.001372709211,-0.001006891627,0.001165816905,-0.001211678452,-0.001788388118,0.002413659596,-0.001055227264,0.001184386109,0.0008654975928,0.001020649059,,9.089212251e-06
1978-04-30,0.0002703205241,,,,,,-0.00413365761,-0.001644993559,-0.002625483885,-0.004950536734,-0.004564291499,0.0004565606324,-0.005147708337,-0.00883814101,-0.008634987241,-0.003606628506,-0.001614615268,0.002278245112,-0.006222261819,-0.002310388361,,,,,,,,,,,,-0.0002700618409,-0.00795355531,-0.001488291592,-0.007638311717,-0.006639829528,-0.007681361964,-0.007932112688,,,,,-0.005169611783,-0.007439047106,-0.004550384455,,-0.007969402594,-0.004341886168,0.002474908242,-0.003641141696,-0.003000833428,,,0.001445204608,,,,,,-0.002441630576,0.008791390904,0.0003393342167,0.003349664018,,-0.001097812878,-0.003817031878,-0.002478644596,0.001376554439,0.001326642044,0.0001601192849,-0.0008409463207,,-0.0001322710877,,,-0.0009292631545,-0.00401693851,0.004030860762,0.002538791839,-0.0006361263287,-0.004284337163,-0.003277671552,0.002706876625,0.003162270519,,,,,,,,,,,0.001064474423,-0.005222558927,-0.00415378504,-0.00244554379,0.006135351802,0.0006525894205,0.000994725449,0.006606882179,0.00150155298,0.004048431051,0.002325393286,-0.002092138469,,-0.004242763906
1978-05-31,-0.007023671787,,,,,,-0.00257928728,6.700827921e-05,0.003626942817,-0.0007401656931,0.002155866186,-0.003635691687,-0.006148436384,-0.004558719273,-0.006199977029,0.007665390745,0.002954177374,0.003542742147,-0.0009189346517,0.008585998221,,,,,,,,,,,,0.004813241385,-0.005680606379,-0.007213797088,-0.005502831794,-0.00652758889,-0.005137885918,-0.009050451121,,,,,-0.008756332934,-0.00868003669,-0.002774615773,,-0.007104043711,-0.01303023968,-0.003496616351,0.000554216647,0.00144229363,,,0.005591779679,,,,,,-0.007725315914,0.006730438865,-0.005389282683,0.006753568578,,0.005336531741,0.001340641678,0.003029094661,0.004714191887,0.005184109569,0.002815443899,-0.001431656163,,-0.001756015046,,,0.008250970099,-0.0003722731331,0.008279622634,-0.005177119716,0.009215998168,-0.0006236359177,-0.00533479227,0.007555217221,0.01273879242,,,,,,,,,,,0.002114017129,0.004753340367,0.003152411628,0.00532802277,0.004395569831,-0.001189200616,0.002066197035,0.001836813861,0.002085238736,-0.0004811497998,-0.009060892554,-0.008044770697,,0.0005361410368
1978-06-30,0.004411256524,,,,,,0.003624574386,0.003438686388,-0.001989467897,0.007018524084,0.0002513675762,-0.004733425093,-0.003003795577,0.004686383519,0.005494768255,0.001367691927,-0.0006250328119,-0.005409257437,3.338443292e-05,0.002789908269,,,,,,,,,,,,-0.008495689596,0.008158911295,0.00405141287,0.008876904103,0.006324838443,0.007968344431,0.001680248293,,,,,0.005134884228,0.006651579526,0.005299446523,,0.00810636221,0.007551600661,0.0009324496943,0.004964389901,2.624582312e-05,,,-0.008453223693,,,,,,0.004472596578,-0.004595012592,-0.003005333195,-0.005891624012,,0.001626893514,0.0005433645375,0.003156187426,-0.004354425201,-0.0009056711368,-0.00372363332,-0.0001289743176,,0.002550987866,,,0.004707915147,0.006985589607,0.001178812402,0.0021337202,-0.0006321903789,0.001282518973,-0.006131166502,-0.004436575268,-0.003771056917,,,,,,,,,,,-0.01197334035,-0.0002368976529,-0.001456879797,-0.001415271472,-0.00178557258,0.002311724059,-0.001599480452,-0.004097420091,0.0002559656648,0.002314484235,0.004912580672,0.004162693784,,0.005075775314
1978-07-31,-0.00352910862,,,,,,0.003106548166,0.003509170676,-0.001095832519,0.003119547359,6.615988762e-05,-0.00545235552,0.0007254944157,0.001563560628,0.002825083815,0.00230578494,-0.0018806337,-0.004995401798,0.0001359484308,0.002784049751,,,,,,,,,,,,-0.001044110948,0.001315178781,0.0006898088727,0.0009780569973,0.002513064257,0.001105387803,0.0008770990198,,,,,0.001771848676,0.002403268201,0.002663540346,,0.002360057028,-0.0007896697492,0.0009761861485,0.008293047033,0.005962085443,,,-0.005668130533,,,,,,8.900287412e-05,-0.001831486512,-0.003451125917,-0.001440006289,,-0.0009922858372,-0.0003303363511,0.00210306883,-0.001181595859,-0.00178001353,-0.003001767183,-0.0009817825632,,0.0005824854823,,,0.001089682785,0.001162704568,-0.0001453136922,-0.001463066703,0.0005896723702,0.00203183785,-0.003028552308,-0.0001645283371,0.0005352615514,,,,,,,,,,,0.001443792897,0.001270743234,0.001163704992,0.0007657565647,0.002182185978,0.003467659568,0.004497717844,0.00066554798,0.004511736731,0.004161500833,-0.0004806082287,-0.0001771102047,,0.008318403546
1978-08-31,-0.003157704312,,,,,,0.008623133593,0.00186404071,-0.004044007834,0.005746394604,0.006804129233,-0.006433564931,0.002754060018,0.004938944786,0.008098071904,0.007122996982,-0.0007030314685,-0.005763968615,0.001138721661,0.007376021867,,,,,,,,,,,,-0.0008154416553,0.005408142595,-0.002144068313,0.004843474032,0.005969467914,0.004856166552,0.005712565686,,,,,0.002776361708,0.003620486023,0.005828911229,,0.008195633464,0.00144371529,-0.004577283217,0.0110354957,0.008737069927,,,-0.00823469097,,,,,,-0.0032580197,-0.008482325899,-0.004339623967,-0.00887802967,,0.003648665064,0.005512648425,0.006782189349,-0.0009622390536,-0.001594796758,-0.002023288771,0.002945713921,,-0.002741397013,,,0.003533825967,0.006013544506,0.004600152616,-0.006187694271,-0.001215830217,0.0006176510572,-0.0002451019048,-0.005562793686,-0.0004969409537,,,,,,,,,,,0.004276614422,0.00341752883,0.004743197902,0.00433609884,-0.004023416567,0.00138332977,0.004259611776,-0.002345271611,0.003542469787,-0.00153050491,-0.004151920903,-0.003172947644,,0.01085373515
1978-09-30,0.0008237825804,,,,,,-0.003416639499,0.0007134786185,-0.001825775118,0.005057785395,0.004995636168,-0.005092371912,0.002138434332,-1.918693437e-05,0.002153691161,-0.003352378532,-0.003554127365,-0.00255947974,-0.004782533996,-0.002440662748,,,,,,,,,,,,-0.003454949606,-0.0008976958934,0.0002851145247,-0.000844825968,-0.0006591284107,-0.0005711453719,0.002975409567,,,,,-0.002124243591,-0.0004726383102,0.001644788216,,0.006415099803,0.001964335442,-0.001238596753,0.004992371878,0.002657828973,,,-0.005524592107,,,,,,0.006840068675,-0.004313068856,-0.005134769248,-0.003517730974,,0.002739624902,0.0006201549106,-0.001108920855,-0.003291795617,0.001770813779,-0.001702235314,1.954284915e-05,,0.008032252726,,,0.002906315354,0.002611240404,0.001349598702,-0.002376198532,0.001397473278,0.001625445562,-0.003111519672,-0.001356657733,-0.0006208318677,,,,,,,,,,,-0.004697096435,0.002467767872,0.001015896058,0.002248925986,-0.002269043719,-0.0008851386862,0.00512496562,-1.19788277e-05,0.006521819872,0.0003867004857,0.005087555916,0.006258114413,,0.004959872508
1978-10-31,0.004717692821,,,,,,-0.009417935031,-0.001069244465,0.001849347377,-0.01151962376,-0.01470396736,0.009672398768,-0.007717531711,-0.006794506343,-0.02022204106,-0.001749280734,-0.003320994246,0.005223561312,-0.01247029794,-0.0005466366755,,,,,,,,,,,,-0.001012609565,-0.002825084308,-0.0007500328738,-0.00323958215,-0.009992389008,-0.002577391478,-0.01318445929,,,,,-0.006293388994,-0.00769436985,-0.01007661136,,-0.01162751675,-0.006357056716,0.006286329442,-0.02024348942,-0.01712289099,,,0.003469447451,,,,,,-0.0126709647,0.004506089077,-0.007660592347,0.01031737983,,-0.002132772316,-0.003192128302,-0.008192037139,-0.01611406429,-0.003532795211,-0.013935049,-0.0009156117223,,-0.01241873235,,,0.002131746409,-0.0008563125531,0.0006539859357,0.01260969608,-0.002687922543,-0.004371795299,-0.01340368031,0.001224998955,-0.0003635872219,,,,,,,,,,,-0.004254364638,-0.00635931656,-0.01144771155,-0.00875901023,0.005984175679,0.0004663357885,-0.001244850834,0.008996949371,-0.004753049677,0.005229516691,-0.01132520282,-0.01272817109,,-0.01966205017
1978-11-30,-0.0042846825,,,,,,-0.001071954086,-0.002716983066,0.003354516498,-0.004462444187,-0.009356962565,0.003228121942,-0.003503962669,0.003420731763,-0.0006978394487,0.001079620158,0.003333888511,0.006023958627,-0.001085616472,0.0007217981228,,,,,,,,,,,,-0.0004387667787,0.00613337161,0.003538230292,0.00651895538,-0.0007778067826,0.006559672132,-0.004810679847,,,,,0.001697406661,0.003675040113,-0.003228399456,,-0.001060403462,-0.001706215478,0.01102028541,-0.001332968147,-0.001683708659,,,-0.004435166388,,,,,,-0.005838566121,0.006445580866,-0.005428259186,0.003715838203,,-0.00177746521,-0.0006641922745,4.345967883e-05,-0.003588634905,-0.004142354672,-0.00506792966,-0.002652503183,,-0.01095095169,,,-0.000877362367,-0.001643761558,-0.002759313856,0.008921599618,-0.001113259494,-0.0007250372748,-0.007642593627,-0.0007428831481,6.079758005e-05,,,,,,,,,,,-0.003528634187,-0.006393976299,-0.003443342535,-0.004892335734,0.005485268923,0.01166129436,0.001358326592,0.003876583209,0.003403177946,0.007705722097,-0.004417912742,-0.00585833745,,0.0001548256442
1978-12-31,-0.003701266858,,,,,,-0.004179620327,-0.0007751620748,0.002948222,-0.002504326536,0.0003620713941,5.32968277e-05,-0.0002353090514,-0.007868788706,-0.006422256267,-0.00757244731,-0.004172370048,0.01050826209,-0.006184462696,-0.006564026458,,,,,,,,,,,,0.003776326415,-0.007032674332,-0.002916536735,-0.007123449202,-0.007913041822,-0.006651984818,-0.005097549721,,,,,-0.007055855754,-0.007225779612,-0.002959115058,,-0.003103026335,-0.003436456225,-0.003534442648,-0.001458881544,-0.003348648626,,,-0.004052971801,,,,,,0.004906163222,0.007885993161,0.0005309432973,-0.004185382263,,0.0006781385856,0.004203593052,-0.006082687792,0.00855544398,0.005894984499,0.004434712202,-0.006604817053,,0.00522112314,,,0.0009491685569,0.0005875426573,-0.004839672626,-0.004753399473,0.003848176993,0.009735765674,0.001794927375,-0.007795708834,0.004958048347,,,,,,,,,,,-0.0003162109711,0.0005397749504,0.002175918316,-0.003844606089,0.00520523408,-0.002165691057,0.00178644224,0.005426313021,0.0005643254291,0.002715455001,0.002451042649,0.005136184453,,-0.002762256351
1979-01-31,-0.002616963396,,,,,,-0.001725189736,-0.004386986732,-0.002195957812,0.002327258954,0.003561082208,-0.005638432856,0.00616640452,0.00768691767,0.005411197752,0.0006167122197,0.004975767542,0.0001007956629,-0.0004994821652,0.001977022804,,,,,,,,,,,,-0.009053756979,0.00829563423,0.009467618338,0.005900011982,0.007637077397,0.006158276616,0.009581359194,,,,,0.01071745299,0.009893522489,0.002376374344,,0.01046811947,0.00530223873,-0.002748494316,0.01238125821,0.008832949989,,,-0.006615415898,,,,,,0.005872366037,-0.00182907482,-0.008671106725,-0.00295549356,,-0.001516450703,0.0005335621089,0.004656199463,0.006350390928,-0.005192621962,-0.01130958223,-0.0002257274672,,0.003291968937,,,-0.005358460327,-0.00353330941,0.0004366692329,-0.006582187698,-0.005730875697,-0.003322378192,-0.01404109431,-0.006633699131,-0.008245538753,,,,,,,,,,,-0.003789780848,-0.005587611873,-0.006859412925,-0.006169888572,-0.001152985679,0.002468083365,0.0003215164055,-0.00325312188,0.005914333758,0.004386156205,0.007801081901,0.006046391371,,0.01242914178
1979-02-28,0.006903756345,,,,,,0.005193157278,-0.001767463135,0.001920070871,0.004874472535,0.006325527845,-0.007299331749,-0.006574435365,-0.005023974886,0.001036978917,-0.009110772754,-0.006838403746,-0.001520927219,0.0002385844007,-0.00740020363,,,,,,,,,,,,-0.007226291408,-0.004386761444,-0.0037112535,-0.004247719265,-0.00332909193,-0.004028351991,-0.00273837127,,,,,-0.005741911306,-0.00689255127,-0.0005423297184,,0.009292347978,0.006041713634,-0.009756936028,-0.0001777035563,-0.002390757774,,,-0.006264559331,,,,,,0.009280824377,-0.00323976022,-0.003886692093,-0.00439656469,,0.007129417862,0.003409781037,0.003149316359,0.006900217297,0.0001339440292,0.003974071464,-0.0009715500358,,0.0124025596,,,0.003553071872,0.004627765751,0.003991321705,-0.007570229015,-0.001168982262,0.002237700261,-0.001415860422,-0.002405513148,-0.002502009405,,,,,,,,,,,-0.009079925478,0.001916481181,0.003112592827,0.00179923642,-0.003669094916,-0.01214451662,-0.001869284651,-0.002904460592,-0.003292505048,-0.004622779532,0.007595798173,0.008803190714,,-0.001698883545
1979-03-31,-0.00374486558,,,,,,-0.002044578878,-0.003278710532,0.0004369105204,-0.001171783672,-0.003890210909,0.0002084232666,0.004614124157,0.002008900428,-0.006632948513,-0.0005317149498,0.001165459565,0.0007509309977,-0.001813483355,0.0001830220881,,,,,,,,,,,,0.001699918635,-0.001323178489,6.530229738e-05,-0.001327249718,-0.0008069682658,-0.001814198176,-0.001928520266,,,,,-0.001277461725,0.0004393021306,-0.002268322135,,-0.002613674507,-0.004428296599,0.00265318066,-0.0001490059697,-1.640666808e-05,,,-0.005192799565,,,,,,-0.008028171972,0.005386601659,0.003749128013,0.004267398462,,0.002127394814,0.002644349335,0.001014728017,-0.0008728342461,-0.0002792641031,-0.001399559711,0.002638767693,,-0.008096877513,,,0.0008828531304,-0.00240842552,-0.003087311695,0.001531212247,0.004338312678,0.003007260081,0.002720481666,0.003416351503,0.002242727145,,,,,,,,,,,-0.006376485272,9.382406911e-05,0.0008978181973,0.0008925168636,0.001793162134,0.004079456163,0.003586512214,0.00509395796,0.00471948694,0.003928377674,-0.007561235481,-0.006965265098,,-0.0006381761783
1979-04-30,0.01180202345,,,,,,-0.005418455719,0.003766383196,0.006635281864,-0.0001674249206,-0.004448066028,-0.002363912923,-0.00439875749,0.002253194897,0.01302874165,-0.010238534,-0.006165982598,-0.003125098775,-0.0003873422784,-0.009731195495,,,,,,,,,,,,-0.001933616995,0.002031851364,0.007475742786,0.001372170108,-0.004665766019,0.001208419043,-0.0006691756989,,,,,-0.0003751663732,0.001091069149,-0.001766381064,,0.002047647181,0.01326754864,5.6160652e-05,-0.003512343404,-0.005893056834,,,-0.002232197029,,,,,,0.009238538886,0.002009808152,0.006252429249,0.007969565521,,0.001589463914,0.001045757579,0.0009146006084,0.00230380103,0.006916701713,0.008030758226,-0.006474864979,,0.007991791395,,,0.0008425088693,0.0007455752746,-0.0004923490134,0.0009554171248,0.0005772559393,-0.007765776428,0.005823454917,0.00427899236,0.0006956155143,,,,,,,,,,,-0.01308168203,-0.002587527246,-0.00149924331,-0.00132188809,-0.005039173853,-0.00652326418,-0.004146385399,-0.0014130538,-0.003437755029,-0.0007675504673,0.008471447603,0.007700770521,,-0.004985083314
1979-05-31,0.001214723653,,,,,,-0.003385350901,-0.005200286054,-0.0001433348909,-0.00444664877,-0.008433045763,-0.004597543049,0.0003034295374,0.01246333676,-0.006022916561,-0.005901777486,-0.007679957322,-0.0128727761,0.007871365656,-0.00697321358,,,,,,,,,,,,-0.01172694562,0.005114495316,0.006234648951,0.006019662537,0.004338669174,0.004674027178,0.00257086346,,,,,0.008467304332,0.01030947398,-0.01389296351,,0.01019424495,0.0006627969517,0.006509501021,0.005096205359,0.002339192542,,,-0.01300484244,,,,,,-0.008769732641,0.005290192644,-0.006585911873,-0.00381130713,,-0.003692848295,-0.0009354502054,0.0003739982583,0.008456236123,-0.008975309023,-0.008636901077,-0.001819857137,,-0.01110140703,,,0.003794286648,0.003534633293,0.002018759822,0.006987494419,8.591956927e-05,0.005533625534,-0.007111620175,-0.007731985157,-0.002588960934,,,,,,,,,,,-0.01268315801,-0.00489273008,-0.004788090837,-0.00477639026,-9.770744884e-05,0.007737129678,0.002501526964,0.001285542456,0.005742313582,0.007993982364,-0.005814034574,-0.008672302839,,0.005160647689
1979-06-30,0.0005651919491,,,,,,-0.002584536926,-0.0005948491755,0.001198771431,-0.002515671992,-0.000508904944,0.0002534391641,-0.002186891397,0.008179973482,-0.003110374382,0.001921054214,0.003901986371,-0.00116523687,0.003997224542,9.420019145e-05,,,,,,,,,,,,-0.004415294882,0.004272798092,0.005524298994,0.004785542508,0.00602496319,0.004208699563,-0.000455796154,,,,,0.00660455401,0.006845417755,-0.002080439445,,0.0003715358454,0.003007048547,-0.0003194858689,0.005430352351,0.005601087257,,,-0.007672079667,,,,,,-0.00425822469,0.0001734867763,0.0001410317409,-0.003712585043,,-0.002415629536,-0.0008569290489,0.001127507769,-0.004575767968,-0.003898341374,-0.0034574217,-0.0006006012338,,-0.007704883873,,,-0.001943518949,-0.001601141154,-0.001461711951,-3.504785944e-05,-0.003704761835,0.004840112435,-0.0008714894505,-0.007277740911,-0.004809502273,,,,,,,,,,,0.007436567589,-0.004193146668,-0.005435057709,-0.006409864122,-0.001722665077,0.001515851444,0.001736194109,0.001566208751,0.005023221729,0.003970524309,-0.002842877936,-0.003429294592,,0.005591649016
1979-07-31,0.007305635831,,,,,,0.000107316757,-0.005968357395,-0.0110958841,0.001999554585,0.01069647725,-0.01037712938,-0.01593678916,0.008970370517,0.001661620365,0.001373457082,-0.006539133997,-0.008659586922,0.009761025949,0.001639550317,,,,,,,,,,,,-0.01533521002,0.01022800272,0.005483839379,0.01259287217,-0.002409502432,0.01245369885,-0.008282155675,,,,,-0.002557251019,0.002217083038,-0.008880251755,,0.01893209775,0.009207587666,-0.004744339403,0.01071246656,0.005829189782,,,-0.007685108333,,,,,,0.01128048303,-0.01185766581,-0.003474353149,-0.008057191331,,-0.006671669604,0.001153649287,0.004846363098,0.002043355644,-0.006635052141,0.0004233740092,-0.005899038155,,0.00874273631,,,-0.004268113624,0.003303805437,0.01386006619,-0.002541527102,-0.01093417283,0.0001180816455,-0.001205837646,-0.004456501644,-0.01282871287,,,,,,,,,,,-0.004862286175,-0.005545645491,-0.005576373114,-0.005944028667,-0.01142989409,-0.004910685105,-0.002282104455,-0.01058215092,-0.0003540721928,-0.005055206573,0.005930928598,0.006492683603,,0.01042687131
1979-08-31,-0.00163377804,,,,,,0.001965357769,-0.002359203563,-0.005752600636,-0.0002517924849,0.005192124255,-0.005289881873,-0.004830069419,-0.004915539791,0.0004715073383,0.0003946935379,-0.004051999945,-0.0001825199826,-0.004091737569,0.001867212376,,,,,,,,,,,,-0.0007216617591,-0.001231847513,-0.003146548493,-0.002543236735,-0.001904728474,-0.001822119906,-0.004397020014,,,,,-0.006334062723,-0.004871683591,-0.004287546213,,0.002222836367,-0.001294029799,-0.008084843387,0.005922467251,0.003742961097,,,-0.005123251314,,,,,,0.003780847839,-0.004119407371,-0.005095203828,-0.002380986715,,0.005547997835,0.005207671875,0.0006599126101,-0.005204019566,0.002665116896,-0.00445368017,0.001057350191,,0.007380716995,,,0.006623489344,0.003719462452,0.003459874987,-0.009444190221,-0.0003324665022,0.004466865664,-0.006211702816,-0.000856155485,0.001800836278,,,,,,,,,,,-0.00425452508,0.005755091262,0.0001643806508,0.004602454974,0.0003143675188,-0.005021082532,0.00251096834,0.0004580684132,0.001499290134,-0.0009725736642,0.001789335681,0.003753459674,,0.005166948983
1979-09-30,0.005650921516,,,,,,0.01602892428,0.00844748043,0.009279945876,-0.01428193605,-0.02667791608,0.008713803386,0.01503413592,-0.02254722964,0.004711063916,-0.007559203232,0.00143105428,0.009729520051,-0.00316425275,-0.002720925116,,,,,,,,,,,,0.0247498518,-0.02974150039,-0.02531210563,-0.03069615729,0.002216013832,-0.03011929038,0.00344144097,,,,,-0.009060421143,-0.0179352579,0.003587698445,,-0.02444505709,-0.005656138841,0.006018039087,-0.0358764211,-0.02950799475,,,0.01296586857,,,,,,-0.02192763865,0.005806881998,-0.01831200118,-0.005100676692,,0.01740783045,0.003818338754,-0.01127948071,-0.006242872158,0.001395984843,-0.006617050197,0.009770436621,,-0.01115682927,,,0.02042962626,0.008871109391,-0.01515757596,0.01103696512,0.01949389643,0.02171153841,-0.01876188305,-0.002031904745,0.01000534935,,,,,,,,,,,0.001971520243,0.02067277701,-0.02373987309,0.0007182828999,0.01303215222,-0.004207964267,-0.005848928853,0.01451252689,-0.007786722335,0.009336817362,-0.009394507225,-0.01150622563,,-0.03649713418
1979-10-31,0.0031136282,,,,,,0.01234937296,0.009915454816,-0.01061011429,0.001448879617,-0.02397941136,0.01272617223,0.009856886781,-0.01704304569,-0.01649741648,0.003942396845,0.005385877864,0.01770794007,-0.008238041488,0.006073824232,,,,,,,,,,,,0.02115573023,-0.02833640899,-0.02573362751,-0.02789881056,0.002774247968,-0.02780197152,0.002855436061,,,,,-0.009652753748,-0.02488431608,0.008594638784,,-0.02130264163,-0.01325248246,0.001260932843,-0.02752133633,-0.0189555316,,,0.01299624047,,,,,,-0.02335977323,0.004005906179,-0.01044866713,0.002061030032,,0.01253429404,0.009158363288,0.001256595142,0.004140692421,0.01192313041,0.007675514556,0.0142752848,,-0.01138772046,,,0.037952041,0.02369581122,0.003509837305,0.004704453148,0.02988902198,0.02680045187,-0.01185854752,0.009945096985,0.0162911508,,,,,,,,,,,0.02337971423,0.03234974338,-0.01332504484,0.009029984311,0.01268125435,-0.001920328494,-0.004024586405,0.002923643294,-0.001649975524,0.009874537657,-0.01280588574,-0.02133203377,,-0.02833182536
1979-11-30,-0.006746834525,,,,,,-0.01082931306,0.009670090639,0.006112771036,-0.004701386224,-0.006488674853,0.007156613412,0.01029334303,0.00416533274,0.008925594708,0.002597656823,0.0167849992,0.01151344937,-0.006404175959,0.00118911841,,,,,,,,,,,,-0.01473957222,0.01707804397,0.01705150051,0.01080520185,0.01940224036,0.004285776887,0.022592597,,,,,0.0281515684,0.02115155926,0.01046459807,,0.005646189668,0.0081883582,0.008625212282,0.01076699965,0.004942322396,,,-0.008845372782,,,,,,-0.000256647799,0.02597915219,0.01143848319,0.01030789711,,-0.0003452533736,0.000282098404,-0.0026140033,-0.002758196559,0.0007200602598,-0.002000091795,0.006490563443,,-0.01478629569,,,0.004541336409,-0.005355144307,-0.01087506852,0.005905261167,0.01307276723,-0.001685172806,0.00233156477,0.00553910002,0.00612841753,,,,,,,,,,,-0.01757128135,-0.008244570845,-0.01342303969,-0.007307592154,0.005278157534,0.01467025187,0.006734243825,0.009407702518,0.01132051461,0.01443875697,0.009150301713,0.0009587881082,,0.009820268988
1979-12-31,0.001160573356,,,,,,-0.004294197167,-0.01147640272,0.009167969009,-0.008224666288,0.02228091982,-0.01114411131,-0.01065553446,0.01741430084,0.0001805739028,0.002037277159,-0.0008798470861,-0.002334326677,0.002892185363,0.002853834186,,,,,,,,,,,,-0.01778938976,0.02178523691,0.01341998046,0.02321932864,-0.01753391582,0.02262251053,-0.009428914218,,,,,-0.004215113005,0.007968542169,-0.01130395215,,0.01938636348,0.005517329996,-0.01659959927,0.01669829763,0.01318873898,,,-0.01580917287,,,,,,0.01466920289,-0.008936589183,-0.0101508836,-0.005152905544,,-0.0006045736105,-0.002642982284,0.006441049549,-0.006097953346,-0.007643078175,-0.00563127745,-0.002927104971,,0.007970901888,,,-0.007028758507,-0.003794644144,0.0114923919,-0.02019420448,-0.01428019051,-0.007694048246,-0.01522724095,-0.01157272031,-0.012544697,,,,,,,,,,,-0.01907366223,-0.01396434391,-0.01896229993,-0.01471295188,-0.006899872687,-0.009254541178,0.004122667175,-0.003905122565,0.006072547587,-0.001345385924,0.00851793878,0.01344541309,,0.01643696458
1980-01-31,-0.001320580498,,,,,,-0.005319854927,-0.03171389602,-0.005041240307,-0.006221867321,0.026344442,-0.03654160793,-0.02630935882,0.02128111521,0.008345720352,0.020334896,0.001306807892,-0.002093873669,-0.006797561677,0.0233010852,,,,,,,,,,,,-0.0354623475,0.02934854832,0.01781447085,0.02836572037,-0.02315904307,0.03009983989,-0.004810842069,,,,,-0.004952753361,0.01381840281,-0.02517432108,,0.03898520546,0.01826113271,-0.02666163605,0.0440876118,0.03100823332,,,-0.004336957601,,,,,,0.0453042785,-0.01669514944,-0.01363440111,-0.01229267811,,-5.734802318e-05,-0.0001048918174,0.01376453639,0.003358532663,0.004192130653,0.001792022159,-0.01157269042,,0.02962344255,,,-0.01740325277,-0.01541771126,0.0107473487,-0.04413337715,-0.02128241943,-0.008022283064,-0.02593843761,-0.01907930046,-0.02458560344,,,,,,,,,,,0.01269105471,-0.03047466901,-0.03032028655,-0.03060551195,-0.01510028332,-0.009580235664,0.01061415172,-0.002015943779,0.006265967548,-0.008629326001,0.03484532761,0.03693827129,,0.04332171681
1980-02-29,-0.01480451573,,,,,,0.02148800346,0.007809885219,0.01634182625,-0.02829844147,-0.0262732333,-0.02958916005,0.02723731293,-0.02887642999,-0.03400900016,-0.003597049984,0.01138762955,-0.02438557512,-8.908510437e-06,0.006273788814,,,,,,,,,,,,0.01167035673,-0.02865455441,-0.02706404151,-0.02839918583,0.0245071192,-0.02849446427,-0.02600045205,,,,,-0.006797816449,-0.01792861102,-0.032135614,,-0.02098113172,-0.02694325474,-0.008611069821,-0.01157670163,-0.01593636741,,,0.002558781331,,,,,,-0.02506029364,0.0135708111,-0.02120755826,0.03012239128,,0.01323274467,0.01069833779,0.01063538992,-0.0004110296982,0.01376192313,0.005177222099,-0.01945082596,,-0.02121800333,,,0.03054753965,0.03019638041,0.002717896148,-0.0105067281,0.03005779595,0.01496659075,0.001345905332,0.03838382041,0.0365819933,,,,,,,,,,,-0.02628801021,0.03037859652,0.03333786004,0.03319751188,0.0146694074,0.0002453676498,0.008717551332,0.007217183857,0.001688243111,0.004810988555,-0.02010328964,-0.02394783978,,-0.01274766534
1980-03-31,-0.008881975566,,,,,,-0.01763928121,-0.02688531115,0.02346795361,-0.03185637405,-0.004046686259,-0.0351360879,0.02682498418,0.02042859658,0.0009135325405,-0.02787781189,-0.02565285701,-0.02997255068,-0.01052817969,-0.022688287,,,,,,,,,,,,-0.02418727945,0.008032601912,0.01268553771,0.008986839705,-0.01887172146,0.01026877459,0.007068502261,,,,,0.01854047533,0.01129489573,-0.03648795038,,0.02257748008,0.005316917526,-0.01605819497,0.01370140716,0.008320914272,,,-0.02136948613,,,,,,0.004197711723,0.0106721606,0.005739206794,0.01696880694,,0.002797649681,0.005835211367,0.003113527202,-0.005973768514,0.0008995144367,-0.005316274257,-0.003394075615,,0.005691981615,,,0.002046709474,-0.005274398826,0.003605501505,-0.01772210973,-0.007626832257,-0.01381688111,0.00158203722,-0.00563617515,-0.007201196922,,,,,,,,,,,-0.02694586879,-0.00517811694,-0.00523228022,-0.005922686683,0.002423249365,0.003166801372,0.003092899244,-0.00129395669,-0.003867815635,-0.00214007875,0.002029604995,0.003867896901,,0.01307712418
1980-04-30,0.0112187056,,,,,,-0.008322549944,0.01412709868,0.0217084124,-0.04383021059,-0.03687104521,0.01236009076,-0.0153914351,-0.02380009272,-0.02480870376,-0.05867994219,-0.02440783391,-0.04881711292,-0.01613243372,-0.06419897984,,,,,,,,,,,,-0.03205269155,0.03411992239,0.02050021075,0.04003529145,0.05043615176,0.02849634849,0.003589889008,,,,,0.04255648862,0.05483812431,-0.03622214573,,0.01790494788,0.0202769305,0.05360633022,-0.02793480927,-0.04041282884,,,-0.02505420642,,,,,,-0.04714263702,0.05317364132,-0.05740036856,-0.01308697371,,-0.005241914046,-0.0197433328,-0.02428579134,-0.01351174802,-0.01196015078,-0.03465778007,-0.03208904481,,-0.07845225962,,,0.01763824533,0.0122234958,-0.0238207887,0.05657052906,0.007739522158,0.06844694661,-0.06876321956,-0.03087185409,-0.006726082597,,,,,,,,,,,-0.02155085983,-0.02702551348,-0.03573743254,-0.03623884338,0.01450913363,0.03113773055,-0.03196781701,-0.03209438682,0.0234990416,0.03930303498,-0.02285848274,-0.0388766331,,-0.02172768604
1980-05-31,0.02256438568,,,,,,-0.005718429796,-0.005329628901,0.008933402316,0.00732928647,0.00100718819,0.007322583872,0.001141033831,0.005731983884,0.02010921526,-0.01023188851,-0.00640655326,-0.00156993173,-0.01012542816,-0.01154484303,,,,,,,,,,,,-0.01806349141,0.02391406382,0.02040873076,0.02177844747,0.0128366331,0.02083984252,0.01390254244,,,,,0.009956708407,0.02159660205,0.002776349541,,0.01027793153,0.027808717,0.004217629702,-0.0005612737505,-0.005223291881,,,-0.01565771348,,,,,,0.005646388394,0.01579259028,-0.01470721144,0.009068772,,-0.01936370574,-0.01855545137,-0.006091923819,-0.01367004738,-0.01363302304,-0.01590435028,5.64562629e-05,,-0.01859771841,,,-0.003926359675,-0.005106416741,0.002551292837,0.008824029937,-0.01427206011,0.01051788247,-0.02012712949,-0.02189349197,-0.02386709789,,,,,,,,,,,0.01464540589,-0.02714288904,-0.02530802321,-0.0252069655,-0.01535186093,-0.004497410562,-0.003096732171,-0.006252462349,0.01761559415,0.009836725229,0.004817681781,0.006856006819,,0.0001370470824
1980-06-30,-0.0003169463789,,,,,,-0.0318130291,-0.02844657511,-0.02259698203,-0.03767402389,0.03647513564,-0.03213182528,-0.02645649161,0.01714454032,-0.004246133561,-0.02832862921,-0.03806482584,-0.03648240155,0.02784241892,-0.02550967059,,,,,,,,,,,,-0.03370767485,-0.02117116579,0.01639531985,-0.0197821855,-0.03178927755,-0.008997033267,0.01154217594,,,,,-0.02815817004,-0.02441152096,-0.03917190408,,0.01095374634,0.01826421377,-0.02795295959,0.03780527998,0.02600642757,,,-0.03572492486,,,,,,0.02160543853,-0.02714017191,-0.02779715867,-0.03056812423,,-0.00351043134,-0.005640847291,-5.966874141e-06,-0.00831426792,-0.009554857269,-0.007863714169,0.002080969695,,0.02321769049,,,-0.02189189189,-0.02029268453,0.003996073648,-0.03380540596,-0.032080609,-0.01390814234,-0.02762637485,-0.03218340733,-0.03451429744,,,,,,,,,,,-0.01181940994,-0.00673281667,-0.02695460624,-0.00816199368,-0.009453905443,-0.008997083743,0.02094596454,0.002928027891,0.01762359458,0.009011872374,0.02341170458,0.02020758714,,0.03685281182
1980-07-31,-0.007866293959,,,,,,-0.005386292167,-0.01068094377,-0.01301065799,-0.03754656928,-0.002109840235,-0.0258193982,-0.01005422989,0.003214587701,-0.02403246946,-0.003646502164,-0.01622222455,-0.03001305176,0.02732483752,0.001417994029,,,,,,,,,,,,0.006566424074,-0.04229559605,-0.009182530314,-0.03835332298,-0.02977209043,-0.03464759305,-0.002242471083,,,,,-0.02230052831,-0.03567675121,-0.03772699091,,-0.01064998467,0.01176719588,-0.01196886968,0.01860720762,0.009546560715,,,-0.03269433053,,,,,,0.0115633073,-0.03294121008,-0.01984805389,-0.01698639569,,0.01050363178,0.005923430705,0.01146201045,-0.006379145909,-0.009273440553,-0.01423070037,0.005238514771,,0.01079507508,,,0.005947832562,-0.00792031315,0.0003736913999,-0.0184472961,-0.01682359866,-0.003591819872,-0.03168807937,-0.01956084571,-0.01334998773,,,,,,,,,,,-0.01008819431,0.007583440009,-0.04410346151,-0.03003187537,0.003890704348,6.108241121e-05,0.03202542387,0.03870226134,0.01870241882,0.006089005966,0.007731091777,0.01487111339,,0.01582421886
1980-08-31,-0.00915832567,,,,,,-0.03252176184,-0.02698958765,-0.00217027565,-0.02510313105,0.04111802316,-0.02420519019,9.885835631e-05,0.003092004471,-0.00574009247,-0.01033465817,-0.005130036877,-0.02431101717,0.01750445644,-0.01882050994,,,,,,,,,,,,-0.03084758497,0.003359386327,0.01936662312,0.004399128718,-0.01519998305,0.006952216635,5.1689936e-06,,,,,-0.01304897341,-0.003423534286,-0.03236204467,,0.0022785033,-0.002885354572,-0.03571544016,0.04425221788,0.03324023031,,,-0.03851503466,,,,,,0.02565489718,-0.004949862098,0.02305714948,-0.01190491654,,-0.0105606228,0.0005037946562,0.003757957265,0.02392799755,-0.01107434551,0.01923553023,-0.01992064478,,0.02816868342,,,-0.01865541728,-0.007321970926,0.01480593903,-0.03776889586,-0.01544859128,-0.01534539686,0.01632320943,-0.009378207728,-0.006558675997,,,,,,,,,,,-0.02664571738,-0.01380179852,-0.0005109916896,-0.009503729845,-0.01486224329,-0.017225856,0.0224560783,0.008101234865,0.009290408442,-0.006114696123,0.02569843673,0.02067481092,,0.04231253314
1980-09-30,-0.003294144693,,,,,,-0.01141631896,0.004802284659,-0.006635025473,-0.01514472408,0.01534344422,-0.01235069172,-0.005728763964,-0.0005484961022,-0.007820689608,-0.01002249315,-0.01366669004,-0.01333712032,0.01123687122,-0.00756813605,,,,,,,,,,,,-0.004438690028,-0.00959724104,-0.001075370229,-0.008797192358,-0.01467857916,-0.008629279155,0.0006353610041,,,,,-0.01015349443,-0.0125372532,-0.01520976433,,-0.001201967922,0.002575075681,-0.01725666011,0.0102737672,0.007581613428,,,-0.01420111746,,,,,,0.01097704247,-0.01824624279,0.000518279362,-0.007136718173,,0.01217381628,0.008382318459,-0.001220206423,0.01453401629,0.01605474781,0.01064806938,-1.082273045e-05,,0.01823184289,,,-0.00689632159,0.002412072446,0.003675770252,-0.01952427392,-0.01063138114,0.002066967357,-0.0008940738698,-0.01249318031,-0.0100999687,,,,,,,,,,,0.005937276533,0.008775608534,-0.007830366202,-0.006906468418,-0.002789275356,-0.01170986404,0.00970151047,0.004468706596,-0.0004181484953,-0.005883526169,0.007795953457,0.00795466335,,0.01011495718
1980-10-31,0.002489120336,,,,,,0.0001401009206,-0.006524520441,0.002890910967,-0.005549730155,0.00688856415,-0.001579882083,0.007296123972,-0.001557781097,0.006205418666,0.007930173033,0.007366238111,-0.002024462214,0.002602414886,0.002535732575,,,,,,,,,,,,-0.01201465307,0.003580739211,0.00572000882,0.004201447583,0.0004521915882,0.004941147264,0.002941653003,,,,,0.003425938023,0.004040824255,-0.007320719655,,0.002755111754,0.004965067336,-0.009325815086,0.02508276749,0.01863752936,,,-0.01233983909,,,,,,0.007165139166,0.003918507166,-0.008086900351,-0.006475548235,,-0.005502794656,-0.01152286608,-0.0127458015,0.005373034918,0.007125968282,-0.006853954444,-0.01394938067,,0.001686535079,,,0.002828589723,-0.00438687382,-0.001957491879,-0.01071459947,-0.004434372872,0.004965876473,-0.006733514755,-0.0030034603,-0.002851954595,,,,,,,,,,,-0.0119344859,-0.006804942761,-0.008391720509,0.002235505866,-0.009869186236,0.002993231743,0.01353305794,0.002388180087,0.0100794239,0.001388810055,0.0134232134,0.005860556658,,0.02571391186
1980-11-30,-0.009322538969,,,,,,-0.001634652051,-0.003920156291,-0.001966741017,-0.008463998242,0.0008051309767,-0.002094191506,0.00163970452,-0.007139246914,-0.01147159418,0.002453624869,0.001592067688,0.0001070742491,0.007856895037,0.002066508176,,,,,,,,,,,,-0.005867031049,-0.006702888355,0.0009390794231,-0.007433856018,-0.0070385068,-0.007126046814,-0.006937962418,,,,,0.0008473709597,-0.006315192998,-0.009534031947,,-0.006898650181,-0.007166391527,-0.002927571537,0.01178131615,0.005415467069,,,-0.01249412838,,,,,,-0.0005253930252,-0.006202136826,0.002218730904,-0.002109837465,,0.005279934799,0.003955120196,0.001998634464,-0.003575455831,0.0006787551782,-0.004991498794,-0.004199875248,,-0.001829154108,,,0.004822144124,0.009017748881,0.003334222144,-0.01010962784,-0.002250012806,0.009060763927,0.002136225549,-0.00119472998,-0.001805116736,,,,,,,,,,,-0.005745854007,0.004980243428,0.00518244405,-0.001932055194,0.00572279893,0.007178465559,0.008498157593,0.007306020032,0.006894962676,0.007331157148,-0.002335687331,-0.001173426604,,0.0138601142
1980-12-31,0.01412965148,,,,,,0.02472768964,-0.03213369339,0.02058449879,0.001532721458,-0.03543934567,0.02134047189,0.01240729817,0.002347777286,-0.0059817926,0.02580398347,0.03463631791,0.03327959455,0.004722451064,0.01352048305,,,,,,,,,,,,-0.01205684237,0.009441725507,0.005507484805,0.01455531764,0.02343631034,0.001153660211,-0.01892626722,,,,,0.02533390123,0.02008386903,0.004049875133,,-0.006403161333,0.01748261869,0.02734644401,-0.03695462531,-0.04190350148,,,-0.02717474557,,,,,,-0.01976710967,-0.02175041355,-0.03266406091,-0.03214861255,,-0.001725054163,0.01160927177,0.004129342459,-0.02175940653,-0.01055146736,-0.03282709717,-0.005923250437,,-0.01790166638,,,0.008357658834,0.02812254445,0.00815225612,0.0352075201,-0.01910385549,0.01352558684,-0.0342523845,-0.03338917029,0.006528844162,,,,,,,,,,,-0.005983588715,-0.007563999053,-0.005091975034,-0.003421578451,0.01011062251,0.004894493643,-0.0101796859,0.01161469308,-0.0004730422467,0.01810518891,-0.0244443509,-0.0199787058,,-0.03615490862
1981-01-31,-0.001511997378,,,,,,-0.006537113134,-0.007738694417,-0.01678735523,-0.01455730122,0.02456619114,-0.01954582684,-0.006091153457,0.006821048681,0.01199985213,-0.002954753497,0.003395785967,0.009557026275,0.0006298545383,-0.001582946797,,,,,,,,,,,,-0.01463219349,-0.0006831026679,-0.001768677336,-0.000417083188,-0.006875982585,0.00319397954,0.007508963214,,,,,-0.01079225787,-0.003988937161,-0.007248480968,,0.01227379504,0.00489468227,-0.02085889584,0.03180810463,0.02584282438,,,-0.02169564892,,,,,,0.005602228104,0.01721883552,0.007851858964,0.01321505759,,-0.002237793538,-0.00352269072,-0.005580460701,-0.008625764804,0.00328779716,-0.008210017585,-0.01514004758,,0.001978336644,,,-0.002649757319,-0.01202753172,-0.005521502112,-0.02439204741,0.001731516768,-0.005361935097,0.001320896223,0.00729117738,-0.003845085862,,,,,,,,,,,-0.0286224336,-0.01801443241,-0.009259574378,-0.01729069084,-0.01156707162,-0.002519230003,0.006996614501,0.0001267544267,0.009811868747,0.002735221217,0.01302173587,0.006622326534,,0.03072526155
1981-02-28,-0.004758638047,,,,,,-0.003779071235,-0.006098674908,-0.02133523738,-0.01936610895,0.01108473301,-0.01152816143,-0.01364509096,-0.005971912688,-0.0001669554118,-0.007886572773,-0.01124779584,-0.009006034946,0.01084832007,-0.006281634697,,,,,,,,,,,,-0.001740171221,-0.01476215749,-0.01366615547,-0.01925741184,-0.01508273302,-0.01128755576,0.01207029829,,,,,-0.01653902293,-0.01879070413,-0.01796575777,,-0.004643717472,-0.004561343429,-0.01017722139,0.01107096103,0.001772726928,,,-0.005221846507,,,,,,0.01091457751,-0.0007024045611,-0.01259730186,-0.001998929249,,0.00524531597,0.01794469958,0.008829754459,-0.0102212806,-0.001664806951,-0.01008102835,-0.006758026754,,0.01903465148,,,0.003847039362,0.004399407113,0.009100944761,-0.01310559428,-0.008222261528,-0.0154200262,-0.01161272074,-0.002272063646,-0.006225006417,,,,,,,,,,,-0.00366269423,-0.01446953723,-0.01018290764,-0.01244739956,0.0004601354947,-0.002729381092,0.007686372339,0.002937770231,0.0106870635,0.003539201131,0.004879437377,0.008348744692,,0.01057621447
1981-03-31,-0.001251205164,,,,,,0.003048567971,-0.007174628583,0.004687196139,-0.009135723165,-0.00900278351,0.005340739712,0.005887347111,-0.004501602903,-0.004541298905,0.007824280724,0.00836224086,0.01369426003,0.001250359652,0.008666696285,,,,,,,,,,,,-0.004529577763,0.001371386991,-0.0008281138548,0.001127824612,0.001503363576,-0.004414115806,-0.005197926605,,,,,0.009498236833,0.004113592885,-0.002239090792,,-0.007879748484,0.001062471847,-3.462994364e-05,0.002465625462,-0.003491430603,,,-0.009444803552,,,,,,-0.004487788345,-0.003527419228,-0.006258811578,-0.009250750056,,-0.0004452199925,0.0008289472743,0.002532691865,-0.001134064327,-0.004469725577,0.001585636507,-0.002912472295,,-0.005329514183,,,0.005728807938,0.008837804956,0.004513569015,-0.002425557839,0.0008246787602,0.005715848429,-0.006010900107,-0.007337942823,-0.005178173591,,,,,,,,,,,-0.01610336481,0.002020458032,0.002464222691,0.001223675076,0.004662227315,0.0004827832543,0.002442078376,0.003264481241,0.003997454464,0.005214193442,-0.005939747132,-0.004468946887,,0.002500894893
1981-04-30,-0.007143007184,,,,,,-0.01872288739,0.01998828507,-0.0285887206,-0.005435707111,0.03400243057,-0.03307382273,-0.01852367917,0.005944579042,0.008367150495,-0.02262025286,-0.02881143325,-0.01922698569,-0.003573781992,-0.0166050887,,,,,,,,,,,,-5.842499282e-05,-0.02876855463,-0.007155262465,-0.0297254389,-0.03072109767,-0.01940868343,0.01223301358,,,,,-0.02431096382,-0.02921479795,-0.005715228205,,0.002697365111,-0.004091920695,-0.0286023732,0.0263230846,0.02193869364,,,-0.01668223905,,,,,,0.02354429159,0.01121662924,0.02348931491,0.005070172082,,-0.001203303855,0.005877485159,0.003458845236,0.01098952977,0.00435545906,0.02672647513,0.001274082107,,0.02674680468,,,-0.01405204404,-0.004973957038,-0.004763789497,-0.03153628164,-0.01362125611,-0.01138255419,0.02004554192,-0.0005890753601,0.01598137685,,,,,,,,,,,-0.005991374328,-0.0266681905,-0.02427681341,-0.02567220049,-0.006364953904,-0.01840577318,0.004632516003,0.001076477821,-0.001293028939,-0.009669294152,0.0176353939,0.02078100094,,0.02439300652
1981-05-31,-0.007597412456,,,,,,0.0008159787776,-0.001392109088,0.01928876546,-0.01097685249,-0.01724481698,0.0118551039,0.01506115963,0.007935394655,-0.01478752054,0.01279441002,0.01680191309,0.01464610885,0.01099988111,0.005126916339,,,,,,,,,,,,-0.02477410084,0.01625583189,0.0197792297,0.01839431908,0.01364605766,0.01519654314,-0.006274762764,,,,,0.01758543083,0.01891998798,-0.002748665683,,0.003329735117,0.001933148184,0.01065629189,0.009895563765,-0.004517132546,,,-0.02191751067,,,,,,-0.009918546643,-0.01181244632,-0.0120642185,-0.001299982896,,-0.00178568331,-0.003992667696,-0.008576094516,0.003031058749,-0.01981454433,-0.01061311647,0.0003322770567,,-0.01244967463,,,0.005556916292,-0.0005529711283,0.007218057318,-1.291738077e-05,-0.004584777997,-0.005269243214,-0.01094360585,0.001622823298,-0.006257074444,,,,,,,,,,,-0.03158898423,0.005173253664,0.004155635492,0.000739571773,0.006344519683,0.01781740003,0.01255196586,0.01170304178,0.01471587845,0.01679415525,0.0002641753688,-0.006528898731,,0.01174193562
1981-06-30,0.01001439969,,,,,,-0.005074849277,-0.006452472913,-0.009561929571,-0.002503979515,0.001436496756,0.002730690955,-0.003700184518,-0.0003662718192,0.004619172307,0.0007980187988,-0.001053956717,-0.001828924995,0.001615943735,0.002498434111,,,,,,,,,,,,-0.002138559021,-0.01429696857,-0.003661838488,-0.01626261227,-0.01055011499,-0.01157502889,0.005312333507,,,,,-0.006300100353,-0.01222193149,-0.009158178849,,-0.003513153617,0.01461995349,0.007014072027,0.008347951483,0.004141524197,,,-0.01067967464,,,,,,0.01258940514,0.003501720284,-0.003006615781,0.007102753983,,-0.006363630801,-0.004894883016,0.001515791284,0.005889622414,0.0001754949433,0.007343235875,-0.00489016231,,0.006753512103,,,-0.01209775529,-0.01016465033,-0.01243275075,0.00354253403,-0.001419526244,-0.00182467633,-0.0002138091025,0.005450749581,0.001834572644,,,,,,,,,,,-0.02080127015,-0.01830974963,0.00616316088,-0.00933387832,-0.003084666181,0.002664110836,-0.002040484801,-0.003307909686,0.007983512688,0.009027485055,0.008830492554,0.009073861571,,0.009790566739
1981-07-31,0.008312643433,,,,,,0.001115752841,0.01010594832,-0.003167044119,-0.0007893814792,0.01307739288,-0.001073220797,0.001068531886,0.00530851777,0.007253813646,-0.005942905438,-0.002619289803,0.005595795575,-0.005604426076,-0.006255399087,,,,,,,,,,,,-0.009167653337,0.004698011251,0.002364886035,0.003280026926,0.0005053993849,0.007306369887,0.00736534849,,,,,-0.00445533296,-0.0003804753896,0.006502424997,,0.009788885144,0.004365858622,-0.01125313884,0.01671907409,0.01415262133,,,-0.009314978534,,,,,,0.0003182024444,0.0047713092,0.003752741898,0.003295847298,,0.004697022561,0.01031129532,0.01113605002,0.003411827083,-0.006457651765,0.0005609545034,-0.003868383956,,-0.007841654205,,,0.001249914673,0.001602475031,0.00128522383,-0.004853029602,0.00582731528,0.0113705601,0.001354285414,0.005175588392,0.003422898025,,,,,,,,,,,-0.01451832594,-0.0003210347638,-0.004868035938,-0.001964407685,-0.01426748415,-0.004169193213,0.006608377592,-0.0001869246321,0.008165808428,0.0002071713359,0.003987961495,0.002458566276,,0.01680761721
1981-08-31,-0.02043459717,,,,,,-0.005121924008,0.009557648531,-0.01487213746,-0.003377409449,0.01241758937,-0.01376490599,-0.01277294394,-0.002680237788,-0.001900379779,-0.01455497242,-0.01817298159,-0.01416414212,-0.003003596471,-0.01431632718,,,,,,,,,,,,0.000274727629,-0.02158420551,-0.006316028759,-0.01983187614,-0.01732238989,-0.0187198158,0.002267607323,,,,,-0.01246441316,-0.02201228729,-3.020166641e-05,,-0.008374269449,-0.01808415781,-0.01726386901,0.01161321866,0.006019519438,,,-0.003544899363,,,,,,0.008606923696,0.01709158245,0.007681162722,0.01276540013,,0.01207951334,0.0009219093656,0.01406847739,0.01136180156,0.01344115009,0.001200936879,0.0004893286197,,0.01942854182,,,0.005442351989,-0.0001608413792,0.005102085464,-0.02648893628,0.01115552241,0.005575079918,-8.905835842e-05,0.01055717287,0.004552705169,,,,,,,,,,,-0.01800549074,-0.01065299347,-0.02016100514,-0.006950803824,0.01191484597,-0.01180643361,0.01098058048,0.006741285348,0.004691937965,-0.003913245049,0.001927336146,0.007771538452,,0.01090075322
1981-09-30,0.01374109001,,,,,,-0.0009080167428,-0.005315279161,-0.005264087452,-0.001205763558,-0.001863291846,-0.005496399136,-0.003904683489,0.001306442127,0.007528604229,0.002158342204,0.000686046453,0.0001770279713,-0.002226665606,0.001774570404,,,,,,,,,,,,-0.01198046007,0.006283873653,-0.002389960649,-0.003128458478,0.001045075671,0.007689606494,0.005569897866,,,,,-0.006872148782,0.001925167711,0.001588059814,,0.008373106108,0.01248697384,-0.007658930025,0.00803236195,-0.000580183925,,,-0.001108918793,,,,,,0.004468408992,0.001259541275,0.0109276542,0.01066006054,,-0.004522209277,0.001976679193,0.002227287706,0.01813121124,-0.001156236268,0.008799201951,-0.01003712742,,0.0005813169641,,,-0.002487763735,-0.0001180661335,0.0086429123,-0.005364441918,-0.001349060533,-0.0006749712286,0.0117821263,0.01461755749,-0.002430350083,,,,,,,,,,,-0.01503090288,-0.002508305681,-0.00135373282,-0.00446080427,-0.01214006312,-0.006388283004,0.01145652398,0.008332638568,0.01219468696,0.006567723265,0.002648371173,0.003755946604,,0.006886498629
1981-10-31,-0.002625234669,,,,,,0.0155233216,0.008999764209,0.01830628936,-0.006245216649,-0.003493121585,0.0170757774,0.006742961674,0.008131178897,-0.006886340146,0.01096171211,0.01321701211,0.006498077307,0.001467833486,0.00168084598,,,,,,,,,,,,-0.02651131238,0.03799255576,0.01667075777,0.03722903145,0.02521524163,0.03803585374,0.006123381535,,,,,0.009245669724,0.03078091299,0.002164882184,,-0.003667689155,0.0101789991,0.01232531516,0.02582291492,0.005324235801,,,-0.01897594595,,,,,,-0.0135040678,-0.008499141847,0.005310594957,-0.005238792524,,0.003774329132,0.008612988616,-0.0170351498,-0.02863013561,-0.01442977783,-0.01316265075,-0.01275593172,,-0.02339338347,,,0.0008361035047,0.002428847752,0.002426718685,0.005910457863,-0.007804499006,0.006105466579,-0.007857571806,-0.01306681384,-0.01612074758,,,,,,,,,,,-0.02010845177,-0.001760349107,-0.0347821934,-0.03177166004,-0.001803651213,0.03380666946,0.005060530077,0.0003772970312,0.02442017998,0.02172397593,0.002554269502,-0.01059356891,,0.02614646122
1981-11-30,-0.005474741464,,,,,,0.01294289748,-0.02201098014,0.01906937234,-0.0175221218,-0.02894045864,0.01621372964,0.01544879125,-0.004775340012,-0.00685032338,0.02149690662,0.02842781263,0.02112095017,0.01223417028,0.01314045857,,,,,,,,,,,,-0.02373999968,0.01986498599,0.007596259912,0.02069498704,0.02182550892,0.01045425771,-0.01037951288,,,,,0.02269895367,0.0260017134,-0.004097304367,,-0.01827416837,-0.007896092827,-0.01170793444,0.00122778825,-0.005661139925,,,-0.02071786016,,,,,,-0.02771187318,-0.01468652729,-0.006861275081,-0.01070535807,,0.0008410359448,0.00288523888,-0.00865216335,0.002835198971,-0.00910105401,-0.007366869566,-0.00193026786,,-0.02356899248,,,0.001219859676,0.01793663065,0.01220782555,-0.01230342472,-0.01772887374,0.002120014906,-0.01393322182,-0.01286113168,-0.02303793795,,,,,,,,,,,0.007895427229,-0.01262945939,-0.02070430114,-0.01391541683,0.003668292249,-0.02426026128,0.01687337088,0.02470586796,0.004762973416,0.01291797502,-0.02797275844,-0.02382114823,,0.002607018609
1981-12-31,-0.01784636953,,,,,,-0.02034341217,0.01409828153,-0.01689885488,0.003325842059,0.01317920094,-0.02130718586,-0.0331382463,0.001954983147,0.01366733983,-0.02681489392,-0.02933465741,-0.01849772099,-0.005314106394,-0.02161676643,,,,,,,,,,,,0.0037105174,-0.03478104686,-0.007966929822,-0.03266332957,-0.03590391786,-0.02126604351,0.0006101029652,,,,,-0.02723746712,-0.03711041254,0.001503036522,,-0.01914660362,-0.0125918221,-0.02832162082,0.02151346655,0.01176286711,,,-0.009201388185,,,,,,0.01922124844,0.000190309909,-0.03166836567,-0.006917909178,,0.01240830669,0.008057041302,0.01267215393,-0.01951330605,-0.00191554309,0.003170849979,-0.001437896232,,0.02762412721,,,0.01871658079,0.001269383421,0.002651633647,-0.03113287558,0.002947465017,0.01950101958,-0.02521969073,0.000829296435,-0.001869163733,,,,,,,,,,,-0.02826649353,-0.005741033226,0.02485827944,0.01461527924,0.004342007425,-0.01684385706,0.008631708731,0.001367274327,0.001458715689,-0.002897032223,0.01461371003,0.01957591973,,0.02065317346
1982-01-31,0.006478813963,,,,,,-0.01035434658,0.002912309585,-0.003025351307,-0.004863160404,0.02377472884,0.001498554505,0.001195652534,0.006424586383,0.008018381354,-0.01288405387,-0.003517019578,-0.003229622738,-0.005957033152,-0.009856730233,,,,,,,,,,,,-0.001325766335,0.006796002306,0.005368933686,0.006407965891,-0.007350828151,0.009875636348,0.006285057494,,,,,-0.00689937638,0.0002868514437,-0.006193733857,,0.008526828827,0.01013908376,-0.01769841875,0.01710919047,0.0166315681,,,0.00554070215,,,,,,0.004125360315,0.006442061742,0.005013979565,0.00461675493,,0.005705345699,-0.007915183295,-0.01149474544,-0.0007377597382,0.01060073906,0.005172906626,-0.01017644352,,0.0003034935256,,,0.005931065558,-0.00238141953,-0.005474432399,-0.003025310229,0.00707708303,0.009032332759,0.007417150274,0.004267403717,0.003846409861,,,,,,,,,,,-0.01563612874,0.0006443816038,0.007453285722,-5.630611866e-05,-0.01726581768,-0.00992901216,0.01073925387,-0.002641600973,0.01130267537,-0.0009321799634,0.007027168378,0.003253002964,,0.01573737496
1982-02-28,8.225959064e-05,,,,,,0.007558562087,-0.01008857314,0.01588015415,-0.004923653527,-0.02233950848,0.009688634247,0.0153065575,-0.002222146221,-0.01183968314,0.01127950321,0.01040732776,0.004965227644,0.007220689811,0.002935816203,,,,,,,,,,,,-0.008792975175,0.002930657831,0.00319897907,0.005778188116,0.01450759342,-0.005288240879,-0.005325303363,,,,,0.0162690026,0.01058790751,-0.001476259331,,-0.004135294331,-3.739938948e-05,0.005791215006,-0.004236950515,-0.008629067474,,,-0.01413183824,,,,,,-0.01334598894,-0.003042439073,-0.0008931430948,0.001428733095,,0.0005965125865,0.0002300446693,-0.001918047272,-0.003872252079,0.004466865291,0.001114082297,0.004798302125,,-0.01064442348,,,0.002618859246,0.006662527591,0.009592910962,0.002844255883,0.003789950651,-0.005199251712,0.004333122455,0.004796035098,0.006355019657,,,,,,,,,,,-0.01283384105,0.002190590419,0.003555365513,-0.001019421406,0.006161329481,0.001037061294,0.006512504402,0.01367246684,0.004826805667,0.01116617769,-0.01173376702,-0.01325641191,,-0.00369657922
1982-03-31,0.003824749528,,,,,,-0.0004552180228,-0.01234673745,0.005666368852,-0.01010724385,-0.01143713598,0.0173956347,0.01003605959,-0.001216439924,-0.001518687635,0.006796353632,0.00513984801,0.005707451434,0.005673652079,0.001534937671,,,,,,,,,,,,-0.006729226863,0.004869811215,0.008310564594,0.00592125901,0.005198316156,0.005591781827,-0.003226991457,,,,,0.006760959198,0.004408087229,-0.004632009031,,-0.004577212171,0.0006534107389,0.009203147194,-0.007006420932,-0.01393233997,,,-0.004833600494,,,,,,-0.009608309233,-0.008553598311,-0.01196396417,-0.004162763217,,-0.008562017416,-0.005460334216,-0.003902064379,-0.006913606677,-0.014520939,-0.004956360999,0.002726811047,,-0.01461903206,,,-4.977026741e-05,0.002319434112,0.004825493437,0.0101769477,-0.007025342471,-0.006023147182,-0.011779072,-0.002293133982,-0.005867122959,,,,,,,,,,,-0.005782212433,-0.005855488803,-0.00799390878,-0.005982962558,-0.0005864047122,0.01025889212,0.002746529316,0.004997908786,0.008769198398,0.007865200892,-0.009610520672,-0.009852988047,,-0.007143472481
1982-04-30,0.01803720609,,,,,,0.002297512198,-0.01432850816,0.01541492872,-0.011367326,-0.009086702865,0.00981810954,0.008308446797,0.006637774686,-0.01007608374,0.01491028886,0.01510960004,0.01313686994,0.0004876486998,0.01007352422,,,,,,,,,,,,-0.003639682896,0.01818253367,0.01648674679,0.01867695808,0.01474838663,0.01329739662,0.0001427909896,,,,,0.01593986651,0.02073437359,-0.00187583716,,0.01064030786,0.02235705511,0.01193431532,0.00440045385,-0.001453277193,,,-0.007600310139,,,,,,-0.00686718955,0.0009032027476,0.009295595677,-0.0001660580096,,0.0008321828569,-0.001630724361,-0.01408849963,-0.001914575398,0.008196440423,-0.00324301955,-0.007722136951,,-0.01278770591,,,0.003094334233,-0.005299330267,-0.004950934926,0.01908080012,0.000824351795,-0.01370745385,0.0116475547,0.004434821074,-0.001542871841,,,,,,,,,,,-0.004498489158,-0.003501896266,0.008648372883,0.01371088256,-0.00914027608,0.01140211567,0.007830727482,0.006506595786,0.01763282905,0.01770002766,-0.006083614335,-0.006909836011,,0.004207890912
1982-05-31,-0.004502108726,,,,,,0.007134963176,0.00145750432,-0.005756343693,-0.00108673669,0.008546714659,0.003603963984,-0.003844063229,0.004607921093,0.003677824485,0.002278852989,-0.0001459315381,0.001919895138,-0.005182371242,0.003103831846,,,,,,,,,,,,-0.002287598345,-0.00691982945,-0.007332450394,-0.00842277169,-5.085730306e-05,-0.006843777695,0.005770193734,,,,,0.0006945404139,-0.005089043138,0.00726916416,,-0.003116395652,-0.004177245346,-0.01671990729,0.01646061738,0.02210434945,,,-0.005082121009,,,,,,0.003175843374,0.0007707896778,-0.004178834618,0.002554960578,,0.01029961554,0.01056595971,0.007965404528,-0.0005777360351,0.0002605814692,0.002877843414,-0.001011868303,,0.003523606455,,,0.004194466352,0.008808902125,0.003943897768,-0.01824868957,-0.0009334503755,-0.001535740688,-0.007507112398,0.001691276675,-0.0006637878487,,,,,,,,,,,-0.007620141282,0.001011434229,-0.003118496614,-0.001572714672,-0.00351839188,-0.00939712719,0.00688641764,0.004010419914,0.007427514664,-0.0008974909873,0.002520955208,0.002039381122,,0.01592022154
1982-06-30,-0.01416311969,,,,,,-0.007495860417,0.01051142492,-0.01607874032,0.004725962179,0.01141995163,-0.002704253609,-0.01377301827,0.002734300018,0.009773888006,-0.007841810009,-0.00878579229,-0.003238673045,-0.0002303069952,-0.004994319719,,,,,,,,,,,,0.0050310886,-0.0179120931,-0.005742801277,-0.02021966279,-0.01545041446,-0.01380282877,0.004403534752,,,,,-0.0113878232,-0.01671446481,0.0056034071,,-0.009654240797,-0.01574500728,-0.01253302845,0.02127051891,0.01544075587,,,-0.007007312849,,,,,,0.003382669153,-3.642418122e-06,-0.002622180949,0.001908777247,,-0.00158460218,0.001377601036,-0.001744439286,0.003154119626,0.002301089441,0.001059008137,-0.001135465425,,0.007495312302,,,0.009018815403,0.00788575462,0.003904349681,-0.01713976722,0.002765431604,0.005031712199,-0.01185690101,-0.003329715618,-0.00490064426,,,,,,,,,,,0.001789085503,-0.003710102956,-0.01319731912,-0.007640330503,0.002705693874,0.000652834389,0.007535607557,0.00632871431,0.00788496091,-0.002736456201,0.0009101360259,0.002005820069,,0.02130656207
1982-07-31,-0.003426903905,,,,,,0.007748846422,-0.013122365,0.01450846379,-0.01013899139,-0.01822234607,0.00713701095,0.009726555044,-0.0002029395991,-0.0139100443,0.01114135488,0.01693781328,0.0105949066,0.003171216867,0.008364816491,,,,,,,,,,,,-0.007290352695,0.008973146989,0.004891198164,0.01049484918,0.01790077141,0.001000879699,-0.001994364781,,,,,0.01772959825,0.01596429651,0.002787379074,,-0.0009390096993,0.0002603047256,0.01018802295,-0.006955227213,-0.0181299388,,,-0.01516511783,,,,,,-0.01235440347,0.004661071166,-0.007148784573,0.0006511597393,,0.002443514409,0.001923055685,-0.002030181858,-0.01117146682,0.00738944883,0.005712657691,0.00240374306,,-0.01289616123,,,-0.0006227883983,-0.0003432999026,0.005677140957,0.004859829019,0.009540227715,0.00632373744,-0.002296892899,0.00585297339,0.009571756256,,,,,,,,,,,-0.01202693816,0.01031524001,0.009512344922,0.009075641769,0.01041730919,0.007285923861,0.008944757758,0.00583434479,0.006859410951,0.01177531318,-0.0115983317,-0.01240904358,,-0.005596867484
1982-08-31,0.0407166365,,,,,,0.005226499148,-0.02646209782,0.01901724508,-0.0156651818,0.008234591607,-0.009316292653,0.01250036839,0.005647325597,0.005729102687,0.0171555657,0.01722223214,0.006796335116,-0.01723876055,0.01591633,,,,,,,,,,,,-8.151259158e-05,0.02592924801,0.01002312415,0.01910555904,0.01177565366,0.0247389168,0.02273829282,,,,,0.009004941227,0.0182529217,0.002203244638,,0.009906094246,0.04433861542,0.01308848843,0.01397684636,0.01237485553,,,-0.025324276,,,,,,0.01174170042,0.005879570815,-0.01981430753,-0.02796563154,,0.008122634513,0.004285718158,0.001406346069,-0.01403787421,0.004495918831,-0.007707723153,-0.01250119189,,-0.002458563086,,,0.0101291456,0.001134297732,-0.0136160531,0.01243445546,0.002742592538,-0.003812238517,-0.02338998119,-0.009992948018,0.005634180922,,,,,,,,,,,-0.01401030361,-0.004940603296,-0.01164068152,0.006522881954,-0.02425235707,0.0007616382135,0.003627375618,-0.006918520285,0.01653127553,0.02204539098,0.01016021891,0.009364574713,,0.01537414486
1982-09-30,-0.002202555172,,,,,,-0.01282271473,-0.03670641366,-0.01444808374,-0.04399228883,-0.02192543052,0.01979829975,-0.01340035375,-0.01022749868,0.0008415902688,0.0002670157928,0.01030509297,0.02775721412,-0.01358671659,-0.004126629967,,,,,,,,,,,,0.01394944965,-0.01465257468,0.001675302019,-0.01325748321,-0.01621978699,-0.01778549207,-0.02377068787,,,,,-0.007660176263,-0.009560188961,0.0168730889,,-0.03545362808,0.02497020588,0.01153554457,0.02009771779,-0.01293874783,,,-0.03203879396,,,,,,0.006867215854,0.01920394401,0.02075722081,0.02340535938,,-0.002758292422,-0.005387686552,0.004796837408,-0.001231288071,-0.005115679576,-0.006017219542,-0.02503993665,,-0.005387685294,,,-0.02392644285,-0.01955339654,0.009994912476,0.003683558797,-0.006478300993,-0.01514588191,0.004656097373,0.01139777387,-0.006629687951,,,,,,,,,,,-0.03622964319,-0.02110112677,-0.02681592631,-0.01576716822,0.0003770918596,0.01835033734,0.00632505145,0.003052242854,0.04068662796,0.043513658,-0.01013289723,-0.01014807884,,0.01945127718
1982-10-31,0.02305840691,,,,,,-0.002155126972,-0.004253369029,0.01280625228,-0.00905613322,-0.001345386792,0.0106857367,0.005795760054,0.001089666445,-0.005503807885,0.0003144940378,0.002370274115,0.002785236174,0.001171620372,0.003896587301,,,,,,,,,,,,0.01099831844,0.0131429619,0.00948022144,0.0102026544,0.00855338793,0.01033564444,-0.002849633072,,,,,0.00708820342,0.01062220019,0.003367536641,,0.01172465967,0.0395882415,0.01624743434,-0.01288025196,-0.0172204163,,,0.003554772105,,,,,,0.01143815666,-0.003525668877,0.006677825743,0.003776398374,,-0.003881243511,-0.001729740906,-0.001191515071,-0.01534508695,-0.001139236927,-0.005804008158,-0.0009626967323,,-0.0007785505293,,,-0.00805744001,0.005292178252,-0.01784965391,0.02009770788,0.003330061579,-0.001426285724,0.009765880597,0.003789434682,0.007768592366,,,,,,,,,,,-0.004143507969,0.0007592429229,0.006668332499,0.001364910168,-0.02206989762,-0.008032714998,-0.01026580287,-0.00501114637,-0.002558865138,0.007233718735,0.009126483226,0.01073265129,,-0.0160172786
1982-11-30,-0.02052513478,,,,,,-0.003751932746,-0.006413523479,-0.01719315215,0.002901600699,0.0196652956,0.0004634369834,-0.01112872884,0.006582760647,0.007625641898,-0.01320487214,-0.01271138263,-0.007032029718,-0.002586672162,-0.01145764711,,,,,,,,,,,,0.007997391542,-0.01654135422,-0.006556843594,-0.01418285182,-0.01683985939,-0.009187970226,5.765827369e-05,,,,,-0.01826492159,-0.01915362703,0.007142811658,,-0.01297853533,0.004104035699,-0.002194584758,0.03350751512,0.0291723216,,,-0.01961991434,,,,,,0.01902289818,0.004863680283,-0.0006124185007,0.007993623738,,-0.01254443896,-0.0008596623366,-0.002963599619,-0.01021710422,-0.002558410609,0.002145652924,-0.009685890258,,0.019643492,,,-0.008310410007,-0.01173714667,-0.008516974669,-0.006072835323,-0.01864815781,-0.02098389325,-0.01343428406,-0.008258553639,-0.0198176606,,,,,,,,,,,-0.01773019076,-0.02465872701,-0.0175336449,-0.02436020461,0.007718571077,0.01058245977,0.01437226232,-0.01414442142,0.01717114346,-0.002544959975,0.02368814425,0.01959883144,,0.04048501143
1982-12-31,-0.002495690926,,,,,,-0.00603539019,0.0001310941082,-0.009933999632,-0.005054663721,0.01306623324,-0.004267446062,-0.002022226054,0.0006460016472,-0.003214889943,-0.004865288337,-0.004464185518,0.0008899823888,-0.007518972383,-0.001172834895,,,,,,,,,,,,0.01084561907,-0.0113931565,-0.006417735712,-0.01031496937,-0.01017980928,-0.006916683209,-0.00175046745,,,,,-0.0102792298,-0.01221020337,0.00652124504,,-0.006450132791,-0.006656020622,-0.0236564732,0.02321118155,0.01384646549,,,-0.01748008282,,,,,,0.004339882616,-0.004116616346,-0.01028678002,-0.008787677536,,0.004272050905,0.01368202579,0.01076063595,-0.01514535965,-0.003021520252,-0.01242499257,-0.005216268934,,0.004517436024,,,0.002952554466,0.01204102769,0.003866493376,-0.0242807688,-0.00539583492,0.005469954406,-0.01296115053,-0.01186308337,-0.0124614194,,,,,,,,,,,-0.01097870647,-0.001991933117,-0.006292016619,-0.003829876713,-0.009837578447,-0.01635316435,0.01311526885,0.0006053941183,0.004274484851,-0.00435436055,0.003021532103,0.003827136586,,0.01715663987
1983-01-31,-0.01339036379,,,,,,-0.01035297066,-0.0002784243894,-0.0238191242,0.001733102758,0.03306487435,-0.01502737768,-0.007380038897,0.009445892409,0.007743792317,-0.01742682647,-0.01338936026,-0.008505477219,-0.01211791571,-0.01584221313,,,,,,,,,,,,0.007738922413,-0.01692000497,-0.01336159916,-0.01954583643,-0.02216553046,-0.002680012286,0.007963429254,,,,,-0.02872642638,-0.02481515571,-0.006126541385,,-0.01055788898,0.005263862498,-0.01375143852,0.04786612922,0.04134842139,,,-0.03238295588,,,,,,0.02119713308,-0.007768823258,0.0006211303156,-0.003953760801,,-0.007373282509,0.001446158532,-0.002780638025,0.01906397975,-0.002458099172,0.001113987871,-0.01014700288,,0.03379979694,,,-0.003953384404,0.006955603008,-0.004232711205,-0.01661920366,-0.02281625225,-0.01631830949,-0.007714026999,-0.02427725426,-0.017293477,,,,,,,,,,,0.009756505716,-0.01841010473,-0.01869738618,-0.01967411894,-0.007848505254,0.003997984448,0.02091893437,-0.01136942211,0.02135295643,-0.001125613818,0.02423740218,0.0214482548,,0.04609619903
1983-02-28,0.01856034734,,,,,,0.003793055192,-0.001174159749,0.006225487436,0.006972488005,-0.004117698348,0.002460121637,0.005656854581,-0.003240142532,0.001245933658,-1.483231722e-05,-0.001802549889,-0.002973395324,0.008511204947,-0.001638843693,,,,,,,,,,,,-0.005891732068,0.008594920268,0.004132501494,0.007699691678,0.008569925701,0.00581796253,0.001070471431,,,,,0.00616541427,0.008655631721,0.006298862495,,0.006411167789,0.01194810474,-0.00045149419,0.001352650212,-0.002929035854,,,0.005660256879,,,,,,-0.001560656831,0.001553168209,-0.007447789606,0.005507319492,,-0.0005628774099,-0.002073320259,-0.003017146259,0.0004840162513,-0.001782646298,-0.001440135141,-0.0003637034106,,-0.006920980016,,,0.004821764835,-0.004885441999,-0.005175091987,-0.00136296663,0.005281694784,-0.0006973610332,-0.007048040511,0.008020146821,0.003366029378,,,,,,,,,,,-0.01109685827,0.003348813983,0.001634896968,0.005021504157,-0.008936817332,-0.009049984571,-0.005109623976,0.003253530986,-0.003491142234,0.001862671353,-0.001614179636,0.0001808251527,,-0.005324268265
1983-03-31,0.003096839168,,,,,,-0.009320509036,0.0008635927758,-0.01201664061,-0.00116696685,0.01633113413,-0.008626970862,-0.005935445533,0.006111535082,0.007930661793,-0.001307246742,-0.009536550432,-0.004451977705,-3.338477763e-05,0.002978405561,,,,,,,,,,,,-0.002120938203,0.0003490506667,-0.003520187199,-0.007205502458,-0.005764705804,0.009718097313,0.009561482258,,,,,-0.01430712694,-0.006767072549,0.00224708085,,0.002331920159,0.01109458915,0.0007820788716,0.01802153854,0.0155521657,,,-0.008801284166,,,,,,0.01563210821,0.001929513145,0.0160149906,0.005744486384,,-0.004072034406,-0.003200000341,-0.002418031953,0.01300953771,-0.001753341104,0.01250084466,-0.007773680362,,0.01121011543,,,-0.004597325412,-0.006454114841,-0.006892105025,0.001153124876,-0.001603861293,-0.01016491462,0.01570680899,0.008518778281,0.003121655858,,,,,,,,,,,-0.009808051333,-0.001953593881,-0.004192519275,-0.001712185658,-0.005193398648,0.006686109158,0.0050217803,-0.01611414173,0.009150964071,0.004307206301,0.01615364788,0.01521297386,,0.01969994067
1983-04-30,0.00702428667,,,,,,-0.005865628449,-0.003929934051,0.0121678857,-0.003270651925,-0.008944578759,0.006896914391,0.003231162273,0.01397810342,0.004469382933,0.000705363277,-0.002499850524,-0.005779818917,0.007524148719,-0.003148291703,,,,,,,,,,,,-0.01614244569,0.01731335894,0.01768023835,0.01398555658,0.01070530434,0.01649104019,0.009023862954,,,,,0.007844876519,0.01727040331,0.002228630079,,0.009117651547,0.02430076174,0.0310330934,0.004508103244,0.003139362645,,,-0.008881336989,,,,,,0.007764058755,-0.003108602031,-0.003570262973,-0.00445667518,,-0.005432526633,-0.001798688326,-0.0105532567,0.005349115755,0.002363171045,-0.002117300325,-0.001823944648,,-0.007734932997,,,-0.006549315831,-0.005782754258,-0.01652245339,0.02811660645,0.006516726043,0.0008113059654,0.002934867345,0.003377223954,0.004209901781,,,,,,,,,,,0.0125174133,0.01110537283,0.01169526719,0.0104076757,-0.00429624098,0.02120779337,-0.005226132822,-0.01648281343,0.009042209428,0.01154069453,0.01137299726,0.008939704078,,0.01029175123
1983-05-31,-0.01164053752,,,,,,0.006692403903,-0.002069866722,-0.01169607934,0.006531042274,0.002453403051,-0.008590335233,0.00236839199,-0.01130107422,-0.0005225598705,0.003820166638,0.00670253344,0.01332065315,-0.009117021658,0.003147133612,,,,,,,,,,,,0.01280655336,-0.01873771558,-0.02054946576,-0.01495463441,-0.005539305323,-0.01580521999,-0.01007130207,,,,,-0.00810447996,-0.01541563933,0.005652503793,,-0.01679412284,-0.005955817536,-0.01918056373,0.01717828229,0.01254582164,,,0.006958453915,,,,,,-0.004567780792,0.003618806005,0.006575002312,0.008273439451,,0.001009954052,-0.003465783875,0.002671009267,0.006262586353,0.003841255435,0.001397669143,-0.007481897434,,0.005383636803,,,-0.01015415579,0.0005045374995,0.01030776939,-0.02209574258,-0.007494578209,-0.004926865396,-0.005224328147,0.003559837792,-0.009012533346,,,,,,,,,,,-0.02219832115,-0.01564850149,-0.01970542445,-0.01647243797,0.0002445479853,-0.01200030952,0.01656415184,0.01294593747,0.01482347885,0.004038439922,-0.002625806803,-0.002159679488,,0.01508811019
1983-06-30,-0.0109516758,,,,,,-0.002423350582,0.000581690643,-0.00368311447,-0.0009728107443,0.001181604687,-0.00169748367,-0.001825255841,-0.0009727248303,-0.002560572187,0.001732482093,0.001978665911,0.003003973209,-0.005571266337,0.0007844388286,,,,,,,,,,,,0.00845609658,-0.005207977549,-0.003493835674,-0.002864950346,-0.003312135288,-0.00519818701,-0.008321340153,,,,,-0.001520176577,-0.004544719555,0.003876640601,,-0.00663865433,-0.01289898208,-0.009122743177,0.008782972238,0.004407344416,,,-0.008039416328,,,,,,-0.006710773619,-0.002321064628,-0.001445144045,-0.002310358873,,0.005656351865,0.006444804393,0.002909439971,-0.005233909882,0.001202168514,-0.006997379492,-0.002420218638,,-0.004723627504,,,0.0009878410665,0.00479082257,0.01287565678,-0.01102715901,-0.004268822796,-1.699340852e-05,-0.005252208565,-0.003577777069,-0.004199438439,,,,,,,,,,,-0.002211075851,-0.001296310114,-0.003339879141,-0.001363709611,0.00577002351,0.00217997336,0.01217096844,0.010943766,0.01047307672,0.004675178333,-0.00888501365,-0.006906132437,,0.009702437895
1983-07-31,0.004832424646,,,,,,-0.00179005031,0.003979282797,-0.01246011748,0.01472918122,0.0123934213,-0.01138462699,-0.009663826144,-1.142139921e-05,0.01349869998,-0.004681456864,-0.006264643406,0.006278354706,-0.01443654732,0.003712689479,,,,,,,,,,,,-0.001203597761,-0.01857905889,-0.01974065516,-0.01978645512,-0.01155924927,-0.006501647043,0.007462290882,,,,,-0.02184533056,-0.02071230957,0.001344773176,,-0.00782432922,0.006023721226,-0.01660727263,0.03779639153,0.03643553361,,,-0.003462669216,,,,,,0.0257658393,0.01390039061,-0.001136372317,0.01634163774,,-0.001338383764,-0.003039240807,0.0001784564831,0.008635751594,0.001934867898,-0.0008372898061,-0.009052555738,,0.02765190419,,,-0.01281406403,-0.01312218512,-0.0162074218,-0.01875611893,-0.01569971712,-0.01321143197,-0.01093439196,-0.001593444916,-0.0008728852991,,,,,,,,,,,-0.006235242669,-0.02690516296,-0.02523840972,-0.02634205661,-0.005013845271,-0.009319517567,0.02541053727,0.00878974611,0.01920697943,0.004411875262,0.01786155462,0.02053834903,,0.03591784961
1983-08-31,-0.005120131741,,,,,,-0.004258591851,-0.0009836016846,-0.006498398726,-0.002969222629,0.008717832877,-0.0008966924983,-0.006059059343,0.002021076326,0.003578046015,-0.0007109914853,-0.001236781292,0.001162133257,-0.004298231924,0.001376107127,,,,,,,,,,,,0.001063629973,-0.005787398219,-0.002056923313,-0.006403765458,-0.009482704398,-0.0001467144603,0.001336410754,,,,,-0.009858611528,-0.008808990058,0.001243753656,,-0.004044642837,-0.003944969961,-0.006442351426,0.01334530923,0.009996030165,,,-0.0009630142629,,,,,,0.0006876435284,0.003782664319,-0.000874599419,0.005126347319,,-0.0009817306474,-3.922984933e-06,0.00265520079,0.001960520897,-0.0004045001192,0.004753907,-0.003640455326,,-0.001013069357,,,-0.0004854354766,0.0002483463131,0.001787581292,-0.009047698831,0.002166928216,-0.002497258886,0.0008919653158,0.00414959901,0.006633424574,,,,,,,,,,,-0.00242613062,0.00154405029,0.008319756807,0.001782350782,0.0004201175593,0.002374949347,0.007709795707,0.001951894616,0.009767650254,0.003681013977,-4.150933063e-05,0.0003907998086,,0.01288045267
1983-09-30,0.006656234996,,,,,,0.001979721816,-0.0056693015,0.003250698264,-0.0006334797979,-0.01010932371,0.01455202918,0.009403129088,-0.006563143896,-0.01156657274,0.002755151558,0.006191626436,0.009963081011,0.01317036595,-0.007181440379,,,,,,,,,,,,0.01006700023,0.007428457796,0.0101995956,0.008021101789,0.009571092768,0.001873898629,0.002634905588,,,,,0.01531466357,0.009943890238,0.01718814654,,7.060805383e-05,0.00255756264,0.004622455349,0.002845813565,-0.006558343734,,,-0.01871244873,,,,,,-0.01289529318,-0.01917383489,-0.015917156,-0.01726866802,,-0.004923222296,-0.0005858911704,0.005383450506,-0.01631695197,-0.01519121333,-0.01384370264,-0.002888871888,,-0.02111867113,,,0.009554670304,0.005561456434,0.00759793426,0.001269605433,-0.01585674782,-0.006679657607,-0.01722550405,-0.01736550415,-0.01799201179,,,,,,,,,,,-0.004384337727,0.0020931512,-0.004702865574,-0.001832439449,-0.0005241823452,0.009529364558,0.008463457526,0.004941776149,0.009682348188,0.007724485207,-0.009167798482,-0.01141313904,,0.002604482289
1983-10-31,-0.01413263024,,,,,,-0.006432711808,0.006606656272,-0.005134978338,0.008905960192,0.01371631561,-0.0121795113,-0.01288874363,0.00339094629,0.009698039091,-0.002040106805,-0.005332732478,-0.002103285635,-0.0127056731,0.008798986929,,,,,,,,,,,,0.002919538718,-0.01438194462,-0.01185965619,-0.01445794764,-0.01473005314,-0.006845445367,-0.001127229665,,,,,-0.01834287361,-0.01583031484,-0.006678096445,,-0.007079357417,-0.002308610993,-0.005143496497,0.01999099221,0.01643516603,,,0.007475957043,,,,,,0.011770167,0.02194722098,0.008428574827,0.01094532729,,0.00490041658,0.003263702416,-0.001944601103,0.004702100735,0.01043674952,0.0109477404,-0.003993910216,,0.02161405467,,,-0.007569347271,-0.0005162934876,0.004345655615,-0.004577152008,0.01447646024,0.01151401449,0.01166100718,0.009420320982,0.01185852967,,,,,,,,,,,-0.0221548983,-0.006598573226,0.009201296125,0.003940139469,0.005740079195,-0.002270325746,0.01309721418,0.004770495429,0.01841268578,0.009168828003,0.010954129,0.0135842816,,0.02018877645
1983-11-30,-0.008362984076,,,,,,-0.002979625472,0.007977329517,-0.001298197587,0.005148572,0.003643070923,0.004941282554,-0.007684161551,-0.0005835705898,0.002562303749,0.003841082147,-0.001911466645,-0.004362126886,-0.005395027675,0.004330420922,,,,,,,,,,,,-0.0006678400332,-0.003444435687,-0.003732965456,-0.006110681562,-0.008702994537,0.0001226101343,-0.001979311514,,,,,-0.007855495026,-0.007745420135,-0.0008628306342,,-0.0006412295451,0.002970504539,-0.00178343476,0.01362878281,0.01084004079,,,-0.003555552211,,,,,,0.002911991927,0.003330539483,-0.0001596236193,-0.0002343295341,,-0.0006015538314,-0.0005133688812,-0.002034136992,0.00190730008,-0.0003144743642,0.004824067581,-0.01066831551,,-0.0007517206358,,,-0.0003365543722,-0.0048891913,-0.000536293032,-0.005213158286,0.005713639221,0.006208179472,-2.837820912e-05,0.001324177143,-0.003186301544,,,,,,,,,,,-0.006593616028,-0.004281867478,-0.003820653186,0.001123133546,0.002928403009,0.003901688353,0.006168601204,0.01270839482,0.01021608468,0.01227341519,-0.0002742306143,0.003295070789,,0.01468766525
1983-12-31,0.005157694096,,,,,,0.001922675124,0.004430798306,0.003833441775,0.002903550581,-0.004595448131,0.0003773367368,-0.001822028809,-0.004992346868,-0.002784962428,-0.005933894588,-0.002257344022,-0.007767963632,0.0004358127891,-0.00199305043,,,,,,,,,,,,-0.0005140292327,-0.008132652184,-0.009784349474,-0.002499005245,0.002731684497,-0.007224700518,-0.009456883063,,,,,-0.0008665744722,-0.004431897445,-0.007704992003,,-0.0007686250645,-0.004663538769,-0.005318446406,-0.001735183429,-0.005798532611,,,0.007959885577,,,,,,-0.00262111294,0.007649635523,-0.0003030089901,0.01081494635,,-0.0007160581763,-0.001476559298,0.001785123556,0.0028163721,-0.002722566809,0.002749732193,0.005616191212,,0.0006058827212,,,0.00327397202,-0.004247310681,-0.004778440139,-0.005671886013,0.008000967862,-0.0132440632,0.004870024769,0.01230385415,0.00506168848,,,,,,,,,,,-0.0007388530794,-3.68292761e-05,0.003728608858,0.004672518593,0.007496183108,-0.005900861593,0.006711633424,0.01574675678,0.003871591502,0.00966047527,-0.005580725964,-0.005227995976,,-0.003480911473
1984-01-31,0.04077673614,,,,,,0.02560874243,0.0157442004,0.003971624519,0.03870414608,-0.0009464355357,-0.003636816489,0.01038917994,-0.0186247741,0.002493201863,0.03402081272,0.02288950856,0.02408867746,0.02461516405,0.02532111045,,,,,,,,,,,,0.007977274787,0.02555535273,0.007994800756,0.007538905697,0.04004607614,0.01005675167,0.03533684719,,,,,0.03683752704,0.02873988047,0.04674961844,,0.002863993874,0.03530489873,0.003096472951,-0.00343141116,-0.01055880688,,,-0.04814407593,,,,,,0.0002967332055,-0.03955630036,-0.0470640089,-0.03917111993,,0.002115547064,0.004002719558,0.008134751192,-0.01089019379,-0.005396182123,-0.01339104897,0.005071762811,,-0.002310970034,,,0.02295247677,0.02563730283,0.01797410373,0.00437419557,-0.03400043143,-0.01018006727,-0.04729803763,-0.04209281436,-0.04423110536,,,,,,,,,,,-0.06101413918,0.0008606958784,-0.01083283621,-0.01020578958,-0.03242979036,-0.007419987694,-0.001874859458,-0.01218023035,0.01899426283,-0.002519999132,0.02492125662,0.003200070506,,-0.0008360807651
1984-02-29,-0.005635530524,,,,,,-0.0002221316031,0.01272952301,-0.009804092316,0.009236046368,0.01405072719,-0.00595398808,-0.008433333707,-0.007778368258,-0.0002680600867,-0.01117741197,-0.00369087199,0.003067861608,-0.006057194896,0.002925528767,,,,,,,,,,,,0.01013048213,-0.02177304596,-0.01883175231,-0.0247477152,-0.007848675371,-0.01210046126,0.00312447656,,,,,-0.01412611214,-0.0198155457,0.01298138748,,-0.01828009799,0.002573189083,-0.02715384612,0.02505929425,0.02304993168,,,-0.01485657528,,,,,,0.01951520497,-0.005623544327,-0.001870997948,-0.01047574862,,0.003238518344,0.004003621196,0.003858456068,0.008556333334,0.01105072079,0.009249092327,-0.01374672738,,0.02979203261,,,-0.0069135941,-0.00414973325,-0.007124729869,-0.02897008694,-0.006942085667,-0.002720788506,0.004152652378,-0.00765623578,-0.0007549857582,,,,,,,,,,,-0.02479777303,-0.01007313612,0.008198485977,0.001288434653,-0.005160137407,-0.01298265689,0.005173869662,-0.002171955768,0.02309953548,0.00540405125,0.01338228176,0.0154323299,,0.02371053784
1984-03-31,-0.004238327174,,,,,,0.006248297631,0.01714702284,-0.005019029662,0.01515279521,-0.003829714022,-0.006607963065,-0.01874272371,-0.005097835203,-0.00625260621,-0.02029901266,-0.01795930765,-0.01666012136,-0.01556179627,-0.01318421284,,,,,,,,,,,,0.01232298706,-0.01400530685,-0.01337214609,-0.01872206262,-0.009317938408,-0.008215350747,0.01476045272,,,,,-0.009116125014,-0.01845605089,0.01465849976,,-0.01971578252,-0.004649976265,-0.007652824967,0.007999260225,-0.0003443805076,,,0.00301438358,,,,,,-0.0002904411973,-0.009116535036,-0.01425963834,-0.01510797438,,0.007670959278,0.006657072226,0.009685263749,0.008328861592,0.002505479602,-0.0003331476153,-0.01035706236,,-0.009259999144,,,0.01027543552,-0.0008600941318,-0.0003687804763,-0.008916658726,-0.006540854841,0.006765119292,-0.01017163398,-0.004743221042,-0.004629720718,,,,,,,,,,,-0.003724195677,-0.006834460965,-0.007165790709,-0.005424142998,0.0006973113933,-0.002179562337,0.007009119258,0.006822469257,0.006451302738,0.006114077685,-0.007588497954,0.005835358317,,0.00582945821
1984-04-30,0.006769860535,,,,,,0.002276305073,0.01164716618,-0.01400472011,0.006252203345,-0.002015717394,-0.00329568203,-0.009502648358,-0.01111106012,-0.0145526565,-0.01144080114,-0.0109874706,-0.01568294041,-0.009429069124,-0.008167076805,,,,,,,,,,,,0.01120762217,-0.01842122635,-0.01297269925,-0.01576390666,-0.007955818324,-0.01292724737,0.006758621316,,,,,-0.01053899527,-0.02008261691,0.00267835848,,-0.008906004226,-0.001243508138,-0.005491459294,0.009616920693,0.002045959336,,,-0.005296571974,,,,,,-0.006339881406,-0.007941199179,-0.01289607186,-0.005678732073,,-0.005182061505,-0.006561016154,-0.009664717601,0.003859885548,0.003034009883,-0.005002452548,-0.01021133047,,-0.008064453549,,,0.006031176139,-0.002698027099,-0.007174722745,-0.004991548305,-0.005652828267,0.00624441208,-0.01222734841,-0.002945190503,-0.0021161028,,,,,,,,,,,-0.001132766144,-0.007257923614,-0.01122815573,0.0002310302826,0.005836950491,-0.005719741968,-0.0008483427367,0.006245179989,0.007533642744,0.01019282887,-0.007014138917,-0.001798284637,,0.008507077884
1984-05-31,-0.01015431994,,,,,,-0.01408404822,-0.004967681281,-0.01567746209,-0.01143971395,0.009784227407,0.002401493157,-0.01019512295,-0.01269712583,-0.01735070586,0.003083636654,-0.006816642066,-0.01344386927,-0.009161513605,0.007260421389,,,,,,,,,,,,0.01305534197,-0.02289652951,-0.009361895401,-0.009455995411,-0.01962337343,-0.01527631332,-0.01549106925,,,,,-0.01567899015,-0.019845837,-0.007744202318,,-0.004906271765,-0.02625657465,-0.0230461316,0.02396555893,0.03145855269,,,0.007777696432,,,,,,-0.007177919095,0.01791432344,0.004111919709,0.005688838885,,-0.002688831514,-0.0008316615185,-0.008565154966,-0.003498478703,0.01159825137,-0.00120140639,-0.002631051463,,-0.003304056155,,,0.0006726414638,-0.005677149621,-0.006192824954,-0.02735050385,0.01427697425,0.01590890734,0.006417972527,0.009976632195,0.01021128263,,,,,,,,,,,-0.01079118861,0.01037607222,0.0129648043,0.009805912827,0.01092479456,-0.003154637628,0.008278533814,0.006495115763,0.009936625869,0.004192025642,-0.007082417985,-0.004110824258,,0.02196597226
1984-06-30,0.004927797113,,,,,,0.002418401457,-0.002760619359,0.007312172346,-0.0008364574391,-0.02011955334,0.006548614428,0.01021333566,-0.002738840852,0.001120661571,0.002792506904,0.00206714495,0.002733691448,0.001640465255,-0.0005844075838,,,,,,,,,,,,-0.008209664228,0.0112122904,0.01258667279,0.0148868237,0.009153559152,0.00208183779,-0.008951925588,,,,,0.01566609814,0.01163353786,0.00806399053,,-0.006809837186,1.652688107e-05,-0.00237483322,0.01023325551,-0.009766950275,,,-0.01679679439,,,,,,-0.003451844072,0.001663685441,-0.01164935693,0.00227949873,,-0.003084856378,0.001055565989,-0.0001077964909,-0.004044762113,-0.001362906467,-0.00331287181,-0.002687376298,,-0.008869933754,,,-0.01001072999,-0.0111699146,-0.009233428447,-0.005002974365,-0.01221198343,-0.007547114772,-0.01635784974,-0.007206001231,-0.008928665998,,,,,,,,,,,-0.02508813925,-0.01374097099,-0.01410313999,-0.01358004014,0.008379183442,0.003187592087,0.01282947301,0.02843894536,0.01522141255,0.02390234808,-0.00399758301,-0.006393644621,,0.009981683214
1984-07-31,0.009445432365,,,,,,0.00750679174,-0.0006614901696,0.01150515428,-0.0004948669217,-0.03125265743,0.01861899082,0.01081802437,0.001147809105,0.001496555738,0.003850194868,-0.001540515577,0.009460149724,0.0174356461,-0.006355005815,,,,,,,,,,,,0.008338345695,0.01635485205,0.01710661978,0.01307880572,0.0232947588,0.003505865105,0.009439723193,,,,,0.02333919277,0.02194128945,0.01665816478,,-0.01167187139,0.0178018795,0.02690734785,-0.001374038061,-0.01203310941,,,-0.02311896985,,,,,,-0.02548190902,-0.0121360723,0.005632617559,-0.007099952639,,-0.002910689463,-0.003467916756,-0.002604454202,-0.003735797717,-0.02003271924,-0.006742976662,-0.0091437584,,-0.03943515752,,,0.0008767996747,0.0121438167,0.003757316871,0.02423269802,-0.01185893047,-0.006937044076,-0.006817648033,-0.01580267303,-0.007051553487,,,,,,,,,,,0.009945383352,-0.02247421692,-0.02131353911,-0.02397142391,0.005775457712,0.02305932365,0.008909989613,0.01418759085,0.005687777458,0.01083324194,-0.02413173447,-0.02979501801,,-0.001143950835
1984-08-31,-0.004935919301,,,,,,-0.01274527157,0.0100585147,0.01815837028,0.007160359129,0.003166080061,0.01279135502,-0.008530006779,0.01457963488,0.01231728659,-0.01167429113,-0.004783299693,-0.01403356633,-0.02063211381,-0.0142923633,,,,,,,,,,,,-0.01812382177,0.01452600001,0.0153534601,0.002288183533,-0.01116184307,0.01582686024,0.01305763917,,,,,0.002873202776,0.01416746256,0.01654310563,,-0.01377122749,0.01071669313,0.01350380602,-0.0001050821972,-0.01716867216,,,-0.02451677248,,,,,,0.003902003608,-0.005132046592,-0.01556925805,-0.01653322379,,0.01162614773,0.009756794386,0.009946579268,-0.01521381679,-0.001049487298,-0.01939682677,-0.00737584743,,0.002688015012,,,0.00402075275,0.00969981755,0.005435749913,0.01382848562,-0.009678147121,-0.0008000704134,-0.0185097633,-0.01978793641,-0.01461152089,,,,,,,,,,,-0.01358581316,-0.01545223501,-0.01675355604,-0.01718973639,-0.00957710089,0.008746726399,0.01645861019,0.01752201363,0.015854185,0.01488625905,0.007496266342,0.005486331292,,0.001486752754
1984-09-30,0.005882574087,,,,,,0.005043074222,0.01795830416,-0.00551702408,0.005982066518,0.01375294201,-0.008626971332,0.001492008402,0.01460395471,0.005653677121,-0.001210171187,-0.01340916014,-0.009498423829,-0.01433836233,0.001095312103,,,,,,,,,,,,-0.001593978561,-0.00275059066,0.001270722011,0.01099015883,0.001784913469,-0.003386090178,-0.0118581923,,,,,0.00489323808,0.0002395491053,0.02641161566,,0.002735674875,0.0179240386,-3.303253989e-05,0.0217785695,0.01023142469,,,-0.02387686173,,,,,,0.01924780521,-0.007992198362,-0.0005087456862,-0.002805098329,,0.0005748442126,-0.001716192795,-0.001214367817,0.00278757723,0.004689576745,0.008482492548,-0.02062174447,,0.007420768399,,,-0.001214494064,0.00167701983,0.01000834802,-0.0001974504873,-0.0162386279,-0.007146077309,-0.0008779428249,-0.007113769379,-0.01276601186,,,,,,,,,,,-0.02177884511,-0.01669703545,-0.01656045906,-0.01479260425,-0.003210108113,0.008460855069,0.003000692553,-0.002445893645,0.02568332456,0.01070766471,0.01150351019,0.01750185349,,0.02239984311
1984-10-31,-0.00282698933,,,,,,0.00319082975,-0.0007744632819,0.01128025912,-0.0004045930739,-0.02210709572,0.01150017779,0.01174623045,0.01499153907,0.006801077175,0.01291382764,0.009523800587,0.007734139598,0.01909445269,-0.003224409393,,,,,,,,,,,,0.009116608797,0.02692400932,0.02400896258,0.02068452898,0.0175628908,0.01187413194,0.0003025181045,,,,,0.02125968329,0.02998593523,0.00259603829,,-0.01168043557,0.02649721933,0.02613351697,0.005110691108,0.001532187735,,,-0.000550085986,,,,,,-0.0007843811767,0.01052312691,0.01214701302,0.0103137808,,-0.01338648778,0.001711252773,0.004682733597,-0.003626313693,-0.006991482522,0.02307967203,0.0006395900604,,-0.01115795601,,,-0.01256807467,-0.00206540131,0.00477625873,0.02732780505,-0.006356102699,-0.003715150843,0.02168002868,0.00695628022,0.003270738503,,,,,,,,,,,0.007938078479,-0.01477376682,0.02664767534,-0.009656147746,-0.005998995853,0.02104083641,-0.0003138604302,-0.00386369172,0.0025453364,-0.001056226025,0.002866817866,0.0001649814453,,0.004879206795
1984-11-30,0.004895668028,,,,,,-0.001127175694,0.007473580405,-0.001385541943,0.008269276376,0.005279432739,-0.003540958416,0.006161671632,-0.0008635645379,-0.001717808887,-0.0004590801098,-0.006593778906,-0.006628071933,0.002586150303,0.004949445356,,,,,,,,,,,,0.001567071576,-0.003303518432,-0.002807781642,-0.003600883177,-0.001784757408,-0.003368667999,0.003462111226,,,,,-0.002960866256,-0.004155496801,0.006974702178,,-0.004459808892,0.006734556703,-0.008595724585,0.0004407747099,-0.001447419765,,,-0.01269622791,,,,,,-0.0002528698028,-0.004334960043,0.001540591274,-0.0002405708242,,-0.001344866977,0.002102148502,0.001881743812,-0.009478309566,0.0006503374371,-0.0009490767169,-0.001615310823,,0.003923399493,,,-0.003781603748,0.001741972601,0.0001326927857,-0.008605088835,-0.005026513055,-0.0068121196,-0.002223531827,-0.002296409624,-0.003493652825,,,,,,,,,,,-0.006808320158,-0.005070383721,-0.002404011822,-0.006127709408,-0.007551397089,-0.007714709816,-0.00215929719,0.001230401541,-0.002060883814,-0.0007389220124,0.0007645497387,0.000452221883,,0.001134447904
1985-04-30,-0.006306255414,,,,,,0.001580882066,0.007613577489,0.003776705546,0.009153501945,-0.02373415027,0.003519073052,0.001488430558,0.002906265454,-0.006794275611,-0.01144126763,-0.002200256905,-0.003761313883,0.004536623423,-0.008791542181,,,,,,,,,,,,0.01505653513,-0.001029439976,0.001486914125,0.005084711775,0.0008730131488,0.001106509805,0.004426972233,,,,,0.007240757119,-0.0001323804314,0.001289934705,,-0.02107103731,-0.005894998114,0.009254245131,-0.01007015049,-0.01270005699,,,0.001149360457,,,,,,-0.01554591403,-0.005327982985,0.004075159955,0.0127587463,,-0.003911930515,-0.004334998638,-0.002159386763,-0.004703115783,0.01070090709,0.001512762795,-0.0006727261656,,-0.01721037259,,,0.001227897853,-0.001577489868,-0.004060124883,0.00989746607,0.0003447478766,-0.01139110298,0.001125389331,0.006615119397,0.01674408639,,,,,,,,,,,-0.01331853341,-0.0006597188359,-0.002639072945,-0.003731173317,0.006778635392,0.010928072,9.381949865e-05,0.01252415077,0.00344550611,0.0163438718,-0.01569854658,-0.01735438375,,-0.01106421366
1985-05-31,0.0162743759,,,,,,0.02839905471,-0.01173374519,0.01152013421,0.0005004918855,-0.01569620545,-0.01015861336,-0.01544546953,0.01161899867,0.0279133521,0.01151777676,0.005353804999,-0.002743968959,0.02201925649,-0.004522621518,,,,,,,,,,,,0.008866563324,0.04351300805,0.004002566312,0.03598922845,0.03588938229,0.03130957807,0.004122215361,,,,,0.01463446332,0.0357510154,-0.005445048644,,-0.02493883974,0.05243077124,0.03382650505,9.059705518e-05,-0.003588910301,,,-0.01199158448,,,,,,0.01148542241,0.04309529242,0.00825806884,0.03276835849,,0.003782941195,0.006464526255,-0.004442603882,0.00415896499,0.02587098634,-0.00595987963,-0.02408359995,,-7.504783431e-06,,,0.01737155213,0.01731314589,0.01425156681,0.03848735861,0.02486377643,-0.0294498909,0.008960571604,0.04076716501,0.04328109941,,,,,,,,,,,-0.04851460614,-0.009180062866,-0.003483123778,0.02954450993,-0.01141551788,0.0152795186,-0.00384270449,-0.01311746972,0.002972818598,0.005307065074,0.002014676347,0.01425813364,,0.001241249293
1985-06-30,0.01230587368,,,,,,-0.005952828907,0.00119317163,-0.001416763937,0.004804933384,0.02720903599,-0.0002395692849,-0.00280622682,0.009069650446,-0.005285863389,0.00805288808,-0.001740509659,-0.01141663515,0.001419183921,0.01370592716,,,,,,,,,,,,0.005458191713,-0.005067050793,-0.0005180216535,-0.0006494825427,-0.008311151819,0.0056812394,-0.01632308808,,,,,-0.01107851108,-0.006420327252,0.01384768166,,-0.0007762445489,0.02544168706,-0.008904633702,0.02419993806,0.01730312524,,,-0.02366321166,,,,,,0.02296372318,-0.006626645893,-0.002347381342,-0.004178714639,,-0.002341850352,-0.003697555067,-0.002625547724,-0.0005143391439,-0.01719752493,-0.001469667613,-0.002281014513,,0.02077038016,,,-0.01552826677,-0.01380594454,0.002036719627,-0.01009423815,-0.0209751511,-0.01379606808,-0.007358838819,-0.009083581643,-0.01624108874,,,,,,,,,,,-0.02574513105,-0.02478225057,-0.02575185998,-0.01501215919,-0.01782410105,-0.009283675839,0.005394661811,-0.006731886742,0.009578533803,0.002003373518,0.02086805173,0.0213641955,,0.02271732385
1985-07-31,-0.016504775,,,,,,-0.02267544528,-0.001533410511,0.01120574668,-0.002154566074,0.0202061227,0.01043687477,-0.02219683112,0.01105307728,0.01000492918,0.006227714169,0.005630456956,0.003011294282,-0.01543757229,0.02000652964,,,,,,,,,,,,-0.01671010206,-0.003059370327,0.01098818971,-0.002140775186,-0.02231264357,0.003421800445,0.002665335153,,,,,-0.01712219877,-0.007210573189,0.02348951279,,0.001885080234,0.0170908875,-0.0006403617298,0.03267945347,0.02795976608,,,-0.0165020611,,,,,,0.02671744502,-0.01700225338,-0.02255204565,-0.0004362559243,,-0.01825600157,-0.005331186477,-0.006611472655,-0.01666000713,-0.02712090426,-0.0141068932,-0.003968378085,,0.02667766043,,,-0.02097313836,-0.01593078222,-0.009844837372,0.001139104713,-0.03039181309,-0.02784446721,-0.02047701202,-0.007611986973,-0.01421447213,,,,,,,,,,,0.00151168296,-0.02005303517,-0.01491064799,-0.01544424348,-0.01546394818,-0.002044604982,0.01090777546,-0.00549610361,0.009274121698,0.000902734323,0.02994944701,0.02378407894,,0.03113052267
1985-08-31,0.01030741482,,,,,,0.01364807419,-0.0001409256633,0.006429827954,0.002592313975,-0.009364838482,-0.001813303402,0.001025925347,0.0007250342004,0.003354877512,5.742503706e-05,0.007838313376,0.001755657007,0.003124428897,-0.003806287187,,,,,,,,,,,,0.002259990616,0.004013832159,-0.006948071301,0.007373763966,0.01851800893,-0.007686484131,-0.005748829598,,,,,0.0152745131,0.009067693265,0.006692050475,,-0.006638812481,0.01206831359,0.002325421214,-0.003416263278,-0.007663049255,,,-0.00833383467,,,,,,-0.000321993427,0.004957912653,-0.0004183782027,-0.001646540081,,0.003694192744,0.001622604615,0.004466670949,-0.01171282255,0.01304152235,0.01111349384,-0.002248813938,,-0.003733765678,,,-0.002019945535,0.002879452424,0.006248182838,0.003259327632,0.003100663633,0.004964157601,0.0001372852985,3.112519695e-05,0.0001167773116,,,,,,,,,,,-0.01827921745,-0.003433326581,-0.002360754134,-0.003643965483,-0.007319759873,-0.001947859141,-0.001354083554,0.008783033953,0.0003342940394,0.01042224639,-0.001641361404,-0.002133681193,,-0.004034644296
1985-09-30,-0.0004918177469,,,,,,-0.004551787858,0.0004762644073,-0.005344664319,0.001227560965,0.01502728162,-0.00013223745,-0.007452957731,-0.003866161421,-0.001613960182,-0.00913466357,-0.00282820714,-0.007686197847,-0.008222435453,0.0007109850568,,,,,,,,,,,,-0.002629493418,-0.003001675622,-0.001428554975,-0.006516648379,-0.008450853468,0.0009473529365,0.003645961506,,,,,-0.01147140412,-0.006088114105,0.008257867766,,-0.003454346466,0.008816030093,-0.01004490453,0.0194407266,0.01459092121,,,-0.01354094645,,,,,,0.009915979021,-0.001201208592,0.007350385189,-0.0008156646355,,0.002606742212,0.002127849801,0.001567385145,0.01284708854,0.004109717101,0.01257825626,-0.005914743644,,0.01252134961,,,-0.008865947014,-0.005180105095,0.001120623432,-0.01138902492,-0.008679148454,-0.01117254355,0.006140728558,-0.002011543425,-0.0007479941175,,,,,,,,,,,-0.0151342173,-0.005986256149,-0.005807658515,-0.008367748321,-0.005455738997,-0.006741455316,0.009832562967,0.005074858945,0.007626301283,-0.001446148921,0.01066419053,0.01097657279,,0.01747722373
1985-10-31,0.002927270187,,,,,,0.0165190212,-0.001783796814,0.006953490548,-0.007488793013,-0.02086119739,0.001719077582,0.009900294743,-0.000725171927,0.004569374059,0.0005978466971,0.005873409286,0.007041596173,0.00483534641,-0.009378210344,,,,,,,,,,,,0.01001132366,0.01448221779,-0.001087023756,0.01278774273,0.02087405421,0.003590514579,0.001052081657,,,,,0.01695244224,0.01759672362,-0.008519987168,,-0.01066759275,0.003080091909,0.01159134892,-0.0105654988,-0.01593395005,,,0.005979578476,,,,,,-0.01412577925,0.008457418414,-0.004229633439,0.007997195475,,0.01133959429,0.002335212926,0.001889639779,0.006737891982,-0.008233816061,-0.0004514057444,-0.003401590396,,-0.01888114433,,,0.0155235877,0.009999156342,0.005045704721,0.01221830202,0.01466665146,0.01484897974,-0.00254927854,0.008440861104,0.009465939005,,,,,,,,,,,-0.01736616553,0.01129575953,0.0003523327997,0.005574481229,0.002629236319,0.006529748585,-0.004004238007,0.007651109012,-0.003319962332,0.008517275204,-0.01651913925,-0.01554820724,,-0.01108462974
1985-11-30,0.00127346232,,,,,,0.002990107399,0.004381538171,0.004277356505,0.001082195147,-0.01079439715,0.001330036865,-0.003326851796,0.007824665283,0.001573523572,0.001264751613,0.001821691679,-0.001960440482,-0.003123040125,-0.0005679551642,,,,,,,,,,,,0.0003475510567,0.001483299238,-0.0008677565522,0.005674519818,0.00543828702,-0.0002761624567,-0.002120232934,,,,,0.00339272974,0.004436682919,-0.001978819841,,-0.004529749396,0.01861893801,0.00482928021,0.006667861131,0.002494173987,,,-0.008852711683,,,,,,0.001501678856,-1.999578086e-05,0.005763876895,0.001384919443,,0.00221275333,0.002066747838,0.005203900081,-0.002929906698,0.003838361525,0.007570445685,0.0002858225237,,-0.001564195093,,,0.004934014378,0.00488579965,0.005173391403,0.005341468056,0.0032064918,0.007370492188,0.004982365347,0.0007835464476,-0.001084930928,,,,,,,,,,,0.001733683693,0.00173196413,0.001994460415,0.0001901759706,-0.008735754265,0.002774512614,0.004792356637,0.01372336518,0.0008157522608,0.007901635398,0.0004854129348,0.0001533937711,,0.008581811301
1985-12-31,0.001212878526,,,,,,0.001619342267,0.02253807197,0.03125620981,0.01341177934,0.001594876292,0.01494374016,-0.02490833141,0.03318136416,-0.002438802805,-0.02797479222,-0.02691283684,-0.01964264346,-0.01809606978,0.004396695156,,,,,,,,,,,,0.02404432683,0.004318069556,-0.01596550502,0.005083127028,0.005465177517,0.03858154756,-0.01714603922,,,,,-0.005831477111,0.001061974746,0.009151518044,,-0.02078948659,0.04588908187,0.009571573567,0.01929540184,0.01314934396,,,-0.03253383102,,,,,,0.02808820978,0.0007445269791,-0.01276524129,-0.02345566371,,0.002003311731,-0.009420578422,-0.01696058346,-0.01350019624,0.01081335612,-0.02051999855,-0.02333618868,,0.01514709752,,,-0.00323519835,0.002222641252,-0.008740447846,0.01198275044,0.0007067956586,0.03002467983,-0.01573634271,-0.02737532102,-0.0004411782374,,,,,,,,,,,-0.02042231146,-0.0124491984,-0.03009416931,-0.02455204836,-0.01639843268,0.006052403709,-0.03153615435,-0.03566834367,0.01178168748,0.02351543434,0.02118228666,0.02656191005,,0.02326099991
1986-01-31,0.008766255358,,,,,,0.01832698706,0.0001218158223,0.0103440125,0.00190954528,-0.003954562197,-0.0217569012,0.01256149252,-0.01128234739,-0.000237861453,-0.0004952861833,0.0135331284,-0.006293317598,0.006856096121,-0.01587860916,,,,,,,,,,,,0.003498547907,0.01148246999,-0.002571746998,0.02169409186,0.01718362134,-0.001091673228,-0.02213569969,,,,,0.01236424596,0.01173192126,-0.00389242701,,0.003893627534,-0.003631427977,-0.004147087785,0.0004571889737,-0.008485008267,,,-0.01602230824,,,,,,-0.004640376693,0.002069869143,-0.003888583221,-0.005690293682,,0.00775621818,0.01907462359,0.01445236467,0.001866494263,-0.03840581419,0.01479859162,-0.003352667015,,-0.006287889777,,,0.005602808948,-0.001167591217,0.003860550782,-0.004794455601,0.003780879228,0.0006697874557,-0.008088601904,-0.0004815965982,-0.003711500573,,,,,,,,,,,-0.01782839174,0.004762086642,0.006249571925,-0.004206902847,0.002614245794,0.004434634275,0.004758212433,0.003394785098,0.006711024505,0.01489389257,-0.004963592494,-0.004060578748,,0.0002457703444
1986-02-28,0.02136868757,,,,,,0.02238215793,-0.024070432,0.01571844148,-0.01255857935,-0.02075775743,-0.002793839912,0.006552449537,0.01811126397,0.0366724838,0.008248770983,0.02149719903,0.02648288647,0.001118179333,-0.004201088488,,,,,,,,,,,,-0.03196133254,0.03150886098,0.01271668112,0.02992765168,0.03944834954,0.01996343986,0.00112868455,,,,,0.03939403541,0.0394505504,-0.02730455351,,0.0006671830573,0.04280618518,0.0310284474,-0.01291569582,-0.01770493649,,,0.005006633449,,,,,,0.01100423081,0.04092863693,0.03195090176,0.03600651703,,0.01835258719,-0.001220750615,0.003704190957,0.0179886643,0.01796541488,0.02306303958,8.36278093e-05,,0.002019258177,,,0.01897302308,0.003263468025,0.009869321687,0.03806300377,0.03432320331,0.02969161397,0.03016856148,0.03154877257,0.03576379304,,,,,,,,,,,0.01090008004,0.01826639155,0.01375495094,0.0111903963,-0.01918480016,0.00327972952,-0.01737163534,-0.02390521028,-0.0139781244,0.006025080846,0.01170032805,0.01117040168,,-0.007684835221
1986-03-31,0.004399433146,,,,,,-0.006354397298,0.007554754611,0.0006294833441,0.01126090844,0.01230155793,-0.01202636619,0.002299430137,-0.002798667474,-0.0008080585131,0.004789889848,0.005936946344,0.009449817261,0.002730855183,0.009287938831,,,,,,,0.008037166042,0.00643825121,0.008270603506,,,-0.006981407907,-0.0128387016,-0.001105674845,-0.009010529512,-0.01579913505,0.002773877967,0.001282591939,,,,,-0.01784281388,-0.01140444946,0.007388297334,,0.001769945201,0.03027675241,-0.02019667957,0.01211889812,0.0118901297,,,0.00293405942,,,,,,0.01114780741,-0.001282502586,0.004999255112,0.008263093167,,0.0009863064548,-0.00659799287,0.01267710813,-0.0002449004839,-0.01327963283,-0.002352992009,0.005618094339,,0.01469204761,,,-0.009039703074,-0.01802316808,-0.01334198657,-0.02248003223,-0.00379152959,-0.01196997274,0.0007421761619,0.005478335147,0.004755903095,,,,,,,,,,,-0.007403243886,-0.00277715442,-0.001174656887,-0.00561783311,-0.009565518948,-0.02153248359,-0.004227593579,0.007664075361,-0.0007133568616,0.007588511345,0.01147613731,0.01228971004,,0.01004936776
1986-04-30,-0.001409679014,,,,,,-0.006891743453,0.008972187611,-0.004521247403,0.009372675495,0.01681471518,-0.003681660426,-0.009202402228,0.0003014890103,-0.00363412346,-0.01091755425,-0.01958952532,-0.02087426314,-0.006520891059,0.0005237769939,,,,,,,0.002016812572,0.004330052198,-0.0009665006301,,,0.01016202379,-0.004768487471,-0.008333406034,-0.0005285384682,-0.01213753681,-0.0002621603991,-0.01078086915,,,,,-0.02321290361,-0.009985465087,0.002691794404,,0.01327068651,0.0108654515,-0.007167645207,0.01974083493,0.01250806247,,,-0.01039789639,,,,,,0.007559090434,-0.01347865602,-0.009542881318,-0.02099653141,,-0.00323851796,-0.004455708311,-0.006614867919,0.005128873271,0.002838874092,0.01124970353,-0.004028427546,,0.00546084353,,,-0.01750815935,-0.00672743374,-0.008370555221,-0.008571893665,-0.0192869819,-0.008593510872,-0.01047889828,-0.0213645175,-0.01545193825,,,,,,,,,,,-0.01329323535,-0.008268261196,-0.008327560685,-0.009523751716,-0.002500067157,0.0008293830672,0.008859361853,-0.001501807437,0.01004238252,0.003159472846,0.006896711563,0.007361802359,,0.01725146447
1986-05-31,-0.006895930415,,,,,,-0.01339671193,0.009981840294,-0.006179609805,-0.002433261489,0.0145192794,0.002998997727,-0.01482035198,0.006001853864,-0.005067691158,-0.02164924567,-0.02740669815,-0.02609452468,-0.009753449272,-0.009569171959,,,,,,,-0.01057799784,-0.0007808632022,-0.01315736601,,,0.02240291772,-0.010558004,-0.004755125545,-0.002156392128,-0.01997742368,0.0005707231858,-0.01899415192,,,,,-0.0261206623,-0.0149791035,-0.01349792262,,0.02420811267,0.002099200418,0.001525655984,0.02915399976,0.0241352968,,,-0.01216428199,,,,,,0.01796809075,-0.02015337963,-0.03180255436,-0.02749880206,,-0.01205837862,-0.006338538135,-0.007537492,-0.007202143803,-0.01782750784,-0.01471578567,-0.008092423853,,0.01116704114,,,-0.01086028634,-0.008122506396,-0.008049552021,-0.003008572667,-0.02273944405,-0.006160437464,-0.03084866447,-0.03011183088,-0.02791130045,,,,,,,,,,,0.003133401331,-0.01648658477,-0.005549655543,-0.01619089716,0.004463005465,0.01377013072,0.01957700562,-0.006442630856,0.02586219361,0.005269688693,0.01720569995,0.01778820802,,0.02950383831
1986-06-30,0.0006113686909,,,,,,-0.008386585127,-0.008115480677,0.001201481936,0.00770130653,0.002555038595,0.008879682446,0.005863364258,-0.01715698831,-0.01402712299,-0.0001479782546,-0.003674870826,-0.005007200977,-0.0046924382,0.001441396272,,,,,,,0.003997193854,0.006734030571,0.007027527101,,,0.008302917461,-0.01285037285,0.002263246323,-0.01538327978,-0.006216517963,-0.0163594531,0.0031972906,,,,,-0.001055401701,-0.008660506008,0.001021407517,,0.004622491467,0.01095633285,-0.02475625324,0.008566791179,0.002058604556,,,-0.0102325565,,,,,,-0.00368263016,0.0009711611221,0.001182499702,-0.004119664315,,0.006093694297,0.005797604148,0.002485713172,0.00288245863,-0.003193989566,0.001266103533,-0.002586614847,,0.00344216513,,,-0.00847789367,-0.001771000175,-0.004692498847,-0.02311288644,-0.001768768141,-0.0005601226734,0.007420000241,-0.001950704114,-0.003262870005,,,,,,,,,,,-0.01889866574,-0.001794854963,0.01071932138,-0.0001018259255,-0.009022146517,-0.02511898532,0.000545629789,0.007256354145,0.0009566525616,0.009434222525,-0.00301494231,-0.002040073326,,0.006550019071
1986-07-31,0.005318986181,,,,,,0.01780265804,-0.008430827627,-0.001213381544,-0.01916536669,-0.01709085167,0.02977090257,-0.000523909934,0.03495637584,0.01367761713,-0.008674029735,-0.01131544314,-0.01696070112,0.00719110352,-0.01163191762,,,,,,,-0.003166392511,-0.006749848446,-0.001616431096,,,0.03313274676,0.0296576703,-0.009073225034,0.03479114028,0.009368598261,0.0297827495,-0.02353093033,,,,,0.002251387959,0.01175508489,-0.03636738244,,0.03113436805,0.0003356882751,-0.005825764115,-0.01154947124,-0.01528667257,,,-0.01091221606,,,,,,-0.002754548795,-0.03000799422,-0.02217765069,-0.03095023871,,0.0025267478,0.009442886615,0.01198665116,0.00147857607,-0.008191261804,-0.01763921415,-0.01390131716,,-0.003825300021,,,0.01270692806,0.01095771794,0.008497559976,-0.006564791047,-0.01794382038,0.004291806687,-0.02297871877,-0.01971877175,-0.01781353013,,,,,,,,,,,-0.007300499572,0.001292385067,0.007935986517,0.004620833849,-0.005914819263,0.003754242152,0.01113643437,0.02483092474,0.009079415463,0.01453576349,-0.004907552754,-0.003447467132,,-0.01171801068
1986-08-31,0.004406690042,,,,,,-0.0004713230924,-0.0118493794,-0.005055734518,0.01615443552,0.002380887121,0.0008215227146,0.001288764067,-0.01044121084,-0.005925566479,0.00799121073,0.01351732318,0.009542061893,-0.01484661898,0.006791618426,,,,,,,0.002031110296,-0.001748193541,0.006441061404,,,-0.00787929928,-0.01000510303,0.004846847602,-0.0161777547,0.004041176963,-0.009610401304,0.02191082497,,,,,0.01178206191,-0.00886796702,0.008338115076,,0.0008077331173,0.02051992215,-2.229929139e-05,0.004660830572,0.00320121693,,,-0.002996994488,,,,,,0.00930195899,0.01136792275,-0.01508734256,0.01524843435,,0.004543348999,0.001298362764,-0.002383571968,-0.0009665572346,-0.002342675981,-0.008322901168,-0.006349294047,,0.01110496059,,,-0.0005573504185,-0.001003200295,-0.0006536589437,0.003276107345,0.002356869862,0.0006047677711,-0.008220474246,0.01401519374,0.009514572054,,,,,,,,,,,-0.01318076308,-0.000977913361,0.0107048726,0.009041075099,-0.004254805363,-0.006828033202,-0.001831405184,0.003416013613,0.004144418704,0.01184742055,0.007845520548,0.007244990219,,0.002524365176
1986-09-30,-0.008747052926,,,,,,-0.01566414346,0.02154628972,-0.02145324712,-0.02045610646,0.04297204715,0.003673547126,-0.01607219902,-0.003554362631,0.01575678202,-0.02838944548,-0.02011027061,-0.01658847235,0.003074544053,-0.01717735097,,,,,,,-0.0190011274,0.02520889736,-0.0276020923,,,0.008473552103,0.001144160037,-0.01678613038,-0.001040659237,-0.02312784711,0.001781810295,-0.01242221046,,,,,-0.03600216747,-0.01668040794,-0.02585128263,,0.04278795041,0.0313783569,0.01231499505,0.07786532497,0.07189474618,,,0.02544306091,,,,,,0.05050510118,-0.009241741272,0.009941263915,-0.0002304191316,,-0.02279047165,-0.02939110825,-0.007328544372,0.0003068409766,-0.01922919957,0.01832780499,0.001710667095,,0.03607165161,,,-0.024605675,-0.03481450629,-0.01955919497,0.003379117047,-0.02217315269,-0.02002567553,0.01501830122,1.05623884e-05,-0.02539745201,,,,,,,,,,,-0.01083602671,-0.01516190949,-0.007983364392,-0.008588065972,-0.01930563974,0.01218078075,0.0350238106,-0.001414377005,0.04049362152,-0.01537427297,0.04963245483,0.04813991908,,0.0787600136
1986-10-31,0.004378230935,,,,,,0.02164612736,-0.0247257659,-0.003974569975,0.01430568025,-0.01473706854,0.002839334179,0.006523481914,-0.007875855879,-0.02208807872,0.006595321164,0.02186093292,0.0198446425,-0.01406007173,-0.009654884948,,,,,,,-0.02447092015,-0.01892955607,-0.02054257018,,,0.01330916465,-0.0113299009,-0.00390490155,-0.01545750893,0.01464470338,-0.01220942899,0.02014319305,,,,,0.01156271987,0.0019394905,-0.002431243578,,-0.005753996354,0.03330557575,0.007798303097,0.01936403499,-0.002332354248,,,-0.03593260581,,,,,,0.007676162762,0.01038892131,-0.004566761059,-0.01151098166,,0.00182056102,0.001454381204,0.001951735306,-0.002788325633,0.002907748432,-0.006290003818,-0.01503655583,,0.001815714394,,,0.001154403471,0.003922851598,-0.002354035816,0.005896941451,-0.001429817832,0.00557272543,-0.001842859976,-0.01160777692,-0.002728956359,,,,,,,,,,,-0.04111093063,-0.01629373776,0.0001715492995,-0.008089266969,-0.004248948611,0.00450820415,0.01290148263,0.004167153442,0.02633394165,0.0234549421,0.009646408313,0.005086252912,,0.02102952015
1986-11-30,0.006105343855,,,,,,0.01134385281,-0.01214710423,0.005888603591,-0.0005349756625,-0.007901840185,0.001463698077,0.002136862798,0.00594363074,0.01260004968,0.01399292515,0.004636108697,0.005402836188,0.01551026191,0.0163699163,,,,,,,0.01053762842,0.0168742608,0.006928407225,,,0.00310751166,0.009953508577,0.00285206593,0.01064138456,0.01239021032,0.01130505093,-0.002548594837,,,,,0.01178766046,0.00827749543,-0.0007918473594,,0.003508168617,0.01343951579,0.008733383185,-0.002331258291,-0.005362377793,,,-0.003359228273,,,,,,0.002307151101,0.01524589386,0.007419470092,0.007428581406,,0.01010473353,0.004754652952,0.005410840664,0.003075569681,0.01043359016,0.01019524677,0.003086633212,,0.0003019892085,,,0.01748546723,0.01273148459,0.007823699934,0.01145668188,0.01749998212,0.01496876617,0.01536696403,0.01297724956,0.01449133117,,,,,,,,,,,-0.02196929208,0.005750777076,0.01189368095,0.005291722611,-0.006226400987,0.00481427413,-0.002423340898,0.003347205955,-0.003623363568,-0.001069456057,0.002322042673,0.003594594947,,-0.001294787276
1986-12-31,-0.0005860744097,,,,,,-0.008328561361,0.01157809843,-0.004570829913,-0.008079697998,0.01570879227,-0.006193390881,-0.01778798958,-0.0125371598,0.001433671448,-0.01404091755,-0.01857434283,-0.008167947029,0.007309691129,-0.001642831361,,,,,,,0.01992110161,0.02268899194,0.009048297082,,,0.02104880555,-0.007633779284,-0.0194210873,-0.0107694322,-0.01256635622,-0.01007457113,-0.01203049673,,,,,-0.02071105824,-0.01686128862,-0.00433381667,,0.01603619203,0.02425434983,-0.002858823053,0.03623104335,0.02919087357,,,-0.01801330822,,,,,,0.03375751972,0.01297360274,0.009617881001,0.007614691341,,-0.006313240124,-0.008743114743,0.000347119747,0.01074205662,-0.00570993696,0.007922158133,-0.01642455697,,0.02631794667,,,-0.02673943702,-0.02042622343,-0.01383828505,-0.004012483984,-0.01446465165,-0.01094656948,-0.00373754207,0.000101727067,-0.003128932435,,,,,,,,,,,-0.02248264197,-0.03169781217,-0.01773565634,-0.01967884281,-0.007456480608,0.004223414204,0.01322996687,-0.005012244717,0.02617279331,0.01317793016,0.03209841262,0.03167695845,,0.03691713056
1987-01-31,-0.009955409838,,,,,,0.01939708499,-0.004117055785,-0.005738606864,0.004461830707,-0.002576527702,0.004529057241,-0.007930895803,0.002378249039,-0.001026479961,-0.001643957196,0.01254573316,0.01846853796,-0.009827780356,-0.004750058849,,-0.002732918403,0.01877252737,,,,0.02169936396,0.0097985995,0.01160454992,,,0.01742657966,0.002762312772,0.002433188618,0.0007432139047,0.02031598806,0.005144284646,0.02423350894,,,,,0.01841927444,0.01054974083,-0.005444091654,,0.006810465259,0.03446977711,0.01112188601,0.02721236079,0.001159137812,,,-0.02604068005,,,,,,0.01181780047,0.007788652618,0.003035189323,-0.003421506256,,0.002545960792,0.006711756784,-0.0003031117617,-0.007384359447,0.003802618344,3.259641052e-05,-0.01510147685,,0.006021271838,,,0.0109898107,0.0151954635,0.008912286092,0.0122551962,0.00580757277,0.01657758352,0.003703910272,-0.001440694857,-0.0007881858701,,,,,,,,,,,-0.01708365125,-0.01104508607,-0.01136462405,-0.01123736532,0.001477623175,0.01049781897,9.304388486e-05,-0.01503127177,0.01517728825,0.01675430331,0.01228012095,0.009026578248,,0.03242887036
1987-02-28,-0.002163166968,,,,,,0.002220264087,-0.00681515644,0.00797670933,0.008362369905,0.003274407963,-0.003214387045,-0.002174221161,-0.002226253556,0.002900634923,0.005620137994,8.191473835e-05,0.001762546763,-0.005896059746,0.003900369843,-0.00397798867,-0.006350779865,-0.0004864577658,,,,-0.004087901916,0.0002078416837,-0.01015668615,,,0.01465052681,-5.440126485e-05,-0.003955070972,-0.001093903563,-0.002583119347,0.002097707587,9.610603657e-05,,,,,-0.005107514921,-0.002361217587,-0.0001671765442,,0.004666045078,0.01560957364,-0.004082050122,0.02161647023,0.01152039528,,,-0.02399845863,,,,,,0.005165728709,-0.002557880428,-0.00369244779,-0.003625054875,,-0.003020069487,-0.005687041088,-0.001862416738,0.009371217155,0.0005498691901,0.003649448212,-0.01103684846,,0.002631437945,,,-0.01212472193,-0.01077959373,-0.004171762753,-0.004741896646,-0.01021705391,0.0007901804474,-0.01097761521,-0.01079760344,-0.008217675828,,,,,,,,,,,-0.004454655174,-0.01771036306,-0.01205345599,-0.01417964282,-0.003172370651,0.002232294701,0.009555318814,-0.008067591168,0.0130162728,0.01138292377,0.004774968091,0.005901686995,,0.02039846952
1987-03-31,-0.001861584071,,,,,,-0.005470401478,0.006739104549,-0.003586835941,0.004535027806,0.004502130376,-0.006639404312,-0.008258177227,-0.0005947957823,0.004333777423,0.0006725867356,-0.00169482733,0.003901970711,-0.005948814755,0.005532153362,-0.004103959981,-0.006446449152,0.001985384003,,,,-0.003201442712,-0.002949597275,-0.01074084794,,,0.0009578714436,0.001915528506,-0.0003273692584,-0.0003783074613,-0.006384077018,0.001707654982,0.001109412738,,,,,-0.00865894277,-0.002261526944,0.005051024768,,-0.0006420560146,0.005667555321,-0.004545464109,0.0142120348,0.008048695548,,,-0.01813980595,,,,,,0.004869565896,0.00531405301,0.01145429899,-0.006017280251,,-0.001372596348,-0.005708360651,-0.006592203006,0.004744899996,0.001852884824,0.01028639265,-0.01130402149,,0.0005879019491,,,-0.01000936393,-0.005996267043,-0.007637823629,-0.005219714723,-0.004732444376,0.008266994025,0.01022719589,-0.007120416938,-0.009908134487,,,,,,,,,,,0.001872991168,-0.01448033539,-0.003337462307,-0.007398167141,0.0002328062968,0.004195903672,0.01596058328,0.003144368779,0.01646487952,0.01149951683,0.00656458513,0.005348728592,,0.01682570307
1987-04-30,0.002719690149,,,,,,-0.02416718608,0.01085133519,-0.01847331242,-0.006943702548,0.02377045344,-0.01268270194,-0.01673319545,-0.01748214096,-0.004921339941,-0.01591168197,-0.01938640437,-0.01706878094,-0.011558916,-0.01183814976,-0.01277981799,-0.01583069725,-0.001637140884,,,,-0.02281022894,-0.01425323288,-0.02245199086,,,0.006375164834,-0.01316121747,-0.009899974753,-0.01300040302,-0.02947118375,-0.01668161729,-0.01851600963,,,,,-0.03539769972,-0.02695480151,-0.005729830692,,0.007350205604,-0.0108615624,-0.02764167729,0.03596803298,0.02564894888,,,-0.02176817055,,,,,,0.004503288329,0.01678360126,0.01108831165,0.008490225097,,-0.02064093388,-0.02839203157,-0.01106044781,0.01597874327,-0.005134002189,-0.002245954471,-0.01620460909,,0.00189526331,,,-0.03476090565,-0.03306990986,-0.02128480044,-0.03063644197,-0.01744584431,0.0001398993849,-0.008644612219,-0.01851012319,-0.02029353283,,,,,,,,,,,0.01321087817,-0.02946013218,-0.02536779605,-0.0290957063,-0.00271279707,-0.01137760976,0.03381671302,0.01541312666,0.02990262228,0.01350808058,0.004226512271,0.001540845328,,0.02808326855
1987-05-31,-0.007888022391,,,,,,-0.04920144182,0.01171313759,-0.01741836703,0.01140616583,0.04328842362,-0.02864390134,-0.03005071093,-0.004268649608,0.03847243773,0.01025585578,-0.02383420489,-0.02399954492,0.02035032277,0.02871163132,-0.007897615044,-0.02173983829,-0.008418416005,,,,0.01091595091,0.02506930298,0.009090835153,,,-0.03121601912,-0.0057899054,0.03343037711,0.0002189329052,-0.04735590621,-0.006983512397,-0.03689995349,,,,,-0.04948334705,-0.03281316986,-0.001248867349,,0.01303748926,0.02879414219,-0.01563280343,0.07312591275,0.06966041629,,,-0.0223940992,,,,,,0.06364490602,0.03730120428,-0.009721637114,0.01280103765,,-0.005902006674,-0.01003327569,0.004448734652,0.000803384748,0.006337153467,0.002903667969,-0.002647866132,,0.0630719373,,,-0.02045259104,-0.02509320531,-0.02551621629,-0.01686439885,-0.009672301789,-0.0004633028468,-0.01591978076,-0.02036777538,0.0145692761,,,,,,,,,,,0.004097716019,-0.01228401696,-0.01061361804,-0.01743428453,-0.01892011466,0.0007377062149,0.04101097431,0.01403988774,0.03229107978,0.005253647954,0.05839414434,0.06251374898,,0.07093759649
1987-06-30,0.002771255489,,,,,,0.02515407828,-0.006634266162,0.003130544598,0.02636563955,-0.03054979182,-0.003753713229,0.01177061761,0.003719844388,-0.02404191825,0.0136465127,0.02788898374,0.02461575397,-0.006765910103,0.006296282401,-0.005418046993,0.02152552291,-0.007805630035,,,,-0.001545510448,-0.007261611078,0.001177351609,,,0.01089743756,-0.004740256261,-0.01188611545,-0.009672201894,0.03064565232,-0.0009097411798,0.02711630857,,,,,0.02514243297,0.01564420424,0.01919934279,,-0.01628224988,0.02741701753,-0.0008434268558,0.005334599797,-0.01604887102,,,-0.03269325598,,,,,,-0.01941707362,0.004000942993,0.01503478313,0.007177926148,,-0.004242811816,-0.006735379367,0.003957117016,-0.005539743079,-0.01177957884,-0.004433884749,-0.01971601288,,-0.0252388849,,,-0.008063503146,0.001524478257,0.008967567587,-0.002063765093,-0.007100546947,-0.00578826663,0.00748599661,0.004664246792,-0.006515593697,,,,,,,,,,,-0.03629662957,-0.01808006548,-0.01818127434,-0.01475420324,0.0008651038849,0.001416028943,0.02215104836,0.02837330652,0.02364488027,0.03615030108,-0.01811762649,-0.0192987436,,0.007648277794
1987-07-31,0.002636790017,,,,,,-0.01425215552,0.01634580946,-0.007337128916,-0.02043766475,0.03382888485,-0.009673383061,-0.01848259762,-0.0178293428,0.0150058223,-0.01871216678,-0.01936641068,-0.004761244212,-0.0158144822,-0.007536995231,0.02348110048,-0.01607016449,0.009916175488,,,,-0.01045338808,-0.006616979598,-0.01050086983,,,-0.003679303241,-0.003095409202,-0.0146592272,-0.004639237774,-0.02664476896,-0.01030630132,-0.02261486133,,,,,-0.03314592023,-0.02761553381,0.004625737933,,0.009427020972,0.01387920837,-0.01266378019,0.03974585356,0.03259032317,,,-0.0154285519,,,,,,0.03485910704,0.0342099195,0.02882337411,0.01390257226,,-0.00224492553,-0.006836837439,-0.007083225037,0.0146814224,0.005707335407,0.02162428208,0.006049550303,,0.03310970157,,,-0.01571931362,-0.01601160618,-0.01668440184,-0.01280104917,0.01132393063,-0.01023028766,0.02807270035,0.007373886555,0.007666645042,,,,,,,,,,,-0.0295296391,-0.007103632558,-0.004178640144,-0.003485994241,-0.009224078424,-0.005226528783,0.02281999025,0.004347912894,0.02323210533,0.004149152358,0.03338521856,0.03377496432,,0.03924481521
1987-08-31,0.006875784132,,,,,,0.003864493767,0.002085059855,0.004572067596,0.00963236855,-0.00698476073,-0.004936468307,0.002277498679,0.005111254918,0.001365500957,-0.002127645228,0.009253303968,0.01748238333,-0.01954006043,-0.008338011867,0.013131906,0.01059083978,0.0005270528057,,,,0.01015329163,0.003822557023,0.01138958413,,,0.004493335104,0.003597745412,-0.00297723668,0.003680781655,0.01067460751,0.009808574441,0.002355157172,,,,,0.004982165905,0.007171392203,0.01375650428,,-0.01202196277,0.02072703488,-0.0008149723676,0.01226813767,-0.007008987184,,,-0.01813999028,,,,,,-0.007377977769,0.006149710617,0.001529590765,0.004198176083,,0.003968449568,0.001378984727,0.0003128658595,0.004711132267,0.004781130604,0.005631948023,-0.01151032541,,-0.005918796704,,,0.003275513558,0.0004492430464,0.002679723295,-0.002680926219,0.004264993068,-0.005628475413,0.002284679063,0.0045032864,0.001208072338,,,,,,,,,,,-0.01917132231,-0.004009809555,-0.007345940029,-0.01013757913,-0.003751995174,0.002361853433,0.01308791629,0.009447620407,0.01686377976,0.01965017005,-0.007049455959,-0.007239070108,,0.01209566852
1987-09-30,0.001428050068,,,,,,-0.02572353212,0.02396560674,-0.02327257516,-0.01886644822,0.03576358897,-0.0133739355,-0.02474356336,-0.01178630598,0.02933581137,-0.0168300297,-0.02999833705,-0.01652964259,-0.00519670161,0.001062984076,0.005778520816,-0.02647055025,0.01592789634,,,,0.001566836371,0.01119069027,0.006646026088,,,-0.01012435778,0.001255322641,-0.00146525177,0.00164349231,-0.0329231889,-0.00973697907,-0.02959231487,,,,,-0.03754140664,-0.02382945647,-0.001712617171,,0.01126149953,-0.008158845226,-0.027399517,0.03345557937,0.02624880207,,,-0.009271979396,,,,,,0.02517709345,0.03433197968,-0.01318466884,0.01853458039,,0.008494239468,-0.006346618312,-0.005896911896,0.02360944637,0.01172092035,-0.005882391667,0.008942978917,,0.02742825371,,,0.0009562187634,-0.01670080466,-0.01025659086,-0.02624316677,0.0156576227,0.002506133737,-0.01515744163,0.01333293371,0.009237984705,,,,,,,,,,,-0.02136339837,-0.004713922786,-0.003656306574,-0.003972368504,-0.009433917545,-0.02012418061,0.02115429519,0.001453942275,0.02190814376,0.005337151842,0.02682827061,0.02366829555,,0.02997752259
1987-10-31,-0.006764257976,,,,,,0.00650833842,0.005366923075,0.02148896637,0.03410449201,-0.04528039431,-0.005888775245,0.02514554761,0.03449718978,-0.005134047752,0.0208920153,0.01603486911,0.01152343854,-0.006622689786,0.01003719957,-0.02075216285,0.01686447494,-0.004598392841,,,,0.03690604857,0.03020001334,0.03190415666,,,-0.004853661082,0.01428513859,0.02922143548,0.01585367949,0.02456134425,0.01757162034,0.002591295605,,,,,0.03863100982,0.0444956955,0.01190605828,,-0.01161310758,0.004504088748,0.01980224739,-0.03644309395,-0.0479456861,,,-0.01881773582,,,,,,-0.03418746152,-0.02718618841,-0.02428029688,-0.02505631364,,-0.001414234964,0.01421848724,0.01637288242,-0.01716651695,-0.02127676377,-0.0278415648,0.004679608683,,-0.03684994703,,,0.0259974394,0.02962853504,0.03038421429,0.02248839247,-0.01638815199,0.01304359226,-0.02334993171,-0.02339618841,-0.02215210139,,,,,,,,,,,-0.0286708791,-0.007260958833,-0.008108326601,-0.0087545302,-0.006359851847,0.01401141171,-0.008912138024,0.005237058673,-0.01928308708,0.001225173191,-0.03271154376,-0.03039804891,,-0.03690373456
1987-11-30,-0.00335103184,,,,,,0.003985363287,-0.004559876949,0.01103083089,0.01233957196,-0.01459929482,0.009424321714,0.01118089533,0.01885895474,0.00839287971,-0.003047093066,0.003439915489,0.008731990105,-0.0153590119,-0.005535594147,0.001604966425,-5.346494932e-05,0.00974075821,,,,0.005476028329,0.003923075368,0.004852245112,,,0.002789411181,0.0140898276,0.005026612883,0.01482142613,0.01241217119,0.01788017032,0.007259785236,,,,,0.0189117796,0.02184614534,0.004442393055,,-0.004280630454,0.009317417324,0.01358994598,0.008634422197,-0.008830771929,,,-0.01765807333,,,,,,-0.01137154248,-0.01315126794,-0.0088523652,-0.01393251769,,-0.002113053263,0.005985967866,-3.413336484e-05,-0.01484375681,-0.003300145777,-0.01098514366,-0.005691841391,,-0.01341561114,,,-0.001378605257,0.003906577353,0.008843136976,0.01372533372,-0.00981539651,0.006060871261,-0.01467289526,-0.01305998279,-0.01157340475,,,,,,,,,,,-0.00469393283,-0.002339890547,-0.01436034362,-0.00947691503,0.006785724649,0.01294389886,0.008389789135,-0.00867460324,0.0130361012,0.007494629408,-0.01017289281,-0.009648901955,,0.005347865619
1987-12-31,0.001707634578,,,,,,0.004354790606,-0.01687908046,0.002983275057,0.01873747574,-0.0196524873,0.0003309939752,0.01292673095,0.005815290718,-0.0186177333,-0.0009035307146,0.006451653916,0.00660406163,-0.01555569436,-0.004878080492,0.02044249581,-0.02033762403,0.03323863872,,,,-0.0037276855,-0.005599429433,-0.006132945517,,,-0.001496333201,-0.005023135761,0.01158556667,-0.008917242802,0.01992962186,0.001948219143,0.031370911,,,,,0.03338652281,0.02342440271,0.004080825888,,-0.01230307916,0.01485057241,0.002514526875,0.008403772163,-0.01313313106,,,-0.02566617474,,,,,,-0.02058482137,0.001210383194,-0.02251939858,-0.00683946233,,-0.01115806007,-0.01369158424,-0.001077302786,-0.01400939561,-0.007171427223,-0.00606310485,-0.004854968135,,-0.02433722872,,,-6.40948761e-07,-0.001005053009,0.004606331006,0.002261915528,-0.006825242849,0.006552051872,-0.02322339385,-0.01096593765,-0.009345879388,,,,,,,,,,,0.01443272067,-0.01105672191,-0.005360059911,-0.007872694728,-0.005625453127,0.007165337429,0.00614096164,-0.005262227889,0.01904398039,0.01835130326,-0.01770457176,-0.02208361383,,0.001212684043
1988-01-31,0.00144310372,,,,,,0.004795220813,-0.0307222678,0.008059693909,0.01721459871,-0.0255972459,-0.001308640439,0.01232316444,0.01092570146,-0.01182680077,0.009213739545,0.03006861933,0.02335234107,-0.00844566548,0.004056139099,0.0275954553,-0.01749751842,0.03769712996,,,,0.01429167931,0.0131390337,0.006241030474,,,0.007738899014,0.008201352383,0.01192080302,-0.0001042573894,0.03118608124,0.01450163662,0.0189482087,,,,,0.03056019614,0.02686052014,0.01163964927,,-0.009328457616,0.02438112701,0.007613084287,-0.008967653245,-0.01313110969,,,-0.009927227123,,,,,,-0.01190718801,-0.01122760619,0.01402885035,-0.01797481248,,0.007941471028,0.008767463241,0.0009740806201,0.003116140012,-0.001369411438,0.004220400589,-0.01450375669,,-0.01524918208,,,-0.0122411474,-0.003019406515,0.01129030002,0.007808225908,-0.007052297958,-0.01241178537,0.01299505892,-0.01565972958,-0.01542061549,,,,,,,,,,,0.007253376242,-0.0002104881079,0.005045297449,0.005382390459,-0.005378580998,0.004410516476,-0.004278742243,-0.005417133654,0.004232334028,0.0182118112,-0.01251926725,-0.01253956063,,-0.008913967179
1988-02-29,-0.0008306657321,,,,,,-0.01237343749,0.01101258247,-0.01366927507,0.008031694836,0.01477784467,5.536784788e-05,-0.007980600508,-0.006033948465,0.007034647799,-0.006633553974,-0.00160656892,-0.005083397316,0.001016993307,-0.01019995846,0.01014847257,-0.002813594207,-0.006268461228,,,,-0.01495255371,-0.01704111289,-0.01078642219,,,-0.006249748441,0.00016251163,0.001336027322,0.003173872987,-0.009493112293,-0.001599734403,0.009855170057,,,,,-0.01120688378,-0.008383950592,0.01035090815,,-0.01182180182,0.02211585671,-0.01025864508,0.02503233794,0.01774886195,,,-0.0176277066,,,,,,0.01507964007,0.00446634168,-0.0009957017674,-0.01254625706,,0.003373037407,0.004801178311,-0.004184606191,0.002379421005,-0.004174442921,-0.003832985695,-0.002210200349,,0.01436966033,,,-0.0007034981172,0.006574981987,-0.002742289502,-0.01113642568,-0.008947338365,-0.001397930666,-0.0008356556554,-0.01658152066,-0.01326442899,,,,,,,,,,,-0.01294701364,-0.006100604174,0.001103643426,-0.007610052868,-0.005015754746,-0.003156701968,0.00268473003,-0.009709749919,0.01739341529,0.01240725257,0.01702099516,0.01561110488,,0.02163346016
1988-03-31,-0.000242660921,,,,,,-0.001930225565,0.005928978814,-0.01094501757,-0.001655754465,0.01659531826,0.002200949709,-0.01018002068,-0.005922630156,0.005956959026,-0.0144957558,-0.0164378452,-0.01220851436,-0.001966076908,-0.01136041213,-0.005523699873,0.007269868346,-0.009520677426,,,,-0.01848338229,-0.01786572174,-0.01698220492,,,0.006324199076,0.00300964907,-0.0210931078,0.0007476025695,-0.009827647429,-0.001998337491,0.0007847355415,,,,,-0.01542222953,-0.01237017153,-0.01079928139,,0.001841210382,-0.003212645925,-0.007183285207,0.01341830404,0.008884839646,,,-0.007812749977,,,,,,0.008543208908,0.0110670697,-0.009828549741,-0.01097761943,,0.007569622472,0.008262430501,0.0003128799324,0.004906689337,0.002628442538,0.004407398443,-0.00256862099,,0.006903592433,,,0.00529236571,0.004207799705,-0.0007055078473,-0.005943982401,0.00735215065,0.01905363133,-0.01362596701,-0.01344529402,-0.003749503595,,,,,,,,,,,0.002112901293,0.00169564574,0.003635569382,0.001146899144,0.000663035122,-0.00221995478,0.01277193006,-0.002378434388,0.0137295291,0.002537931596,0.009834237681,0.007394226525,,0.01246008796
1988-04-30,-0.003070864528,,,,,,-0.01866129109,0.008417042955,-0.01251597592,-0.006556885243,0.02275792885,0.005350831927,-0.0137206247,-0.009603051517,0.008999351785,-0.01050121509,-0.01972161444,-0.01020898664,-0.00492622591,-0.004353276256,-0.009133990967,0.001785757311,-0.01352582383,,,,-0.0158494961,-0.01570088255,-0.01341657742,,,-0.003357384534,0.001933628967,-0.01205852116,-0.0005538899789,-0.01792844193,-0.005340280137,0.004932544897,,,,,-0.01859501704,-0.01892831072,-0.009751153559,,0.002444018251,-0.001084977034,-0.01005684321,0.02133018673,0.01901222577,,,-0.01458481052,,,,,,0.01401273678,0.001638409275,-0.002378153938,-0.01048097876,,0.007448218782,0.006155491252,0.00344665638,0.01378617756,0.005932118817,0.008792791811,-0.005660808816,,0.01256023331,,,-0.001728346584,-0.003922956746,-0.009053651785,-0.01102067904,0.002651475853,0.01120916804,-0.002978143482,-0.01395772655,-0.003188760068,,,,,,,,,,,0.004628403168,-0.003447530113,-0.001605715212,-0.002529725087,0.0006714948097,-0.008210171862,0.01244518837,-0.002065628185,0.01253950222,0.002940822714,0.01291899072,0.01300591413,,0.01656859104
1988-05-31,-0.001398160354,,,,,,-0.006412283348,-0.0007118771355,-0.01275325323,-0.007231721484,0.01335931954,-0.001577849102,-0.008478296569,-0.008847196032,-0.003690434122,-0.01286052249,-0.013578706,-0.00801756454,-0.006705500166,-0.01199077007,-0.006037865695,0.0001945756416,-0.005631047646,,,,-0.01448291952,-0.01366243797,-0.01487907429,,,0.002992140479,-0.001822393894,-0.01217700772,-0.006078557723,-0.009942200712,-0.005509858353,0.006520441141,,,,,-0.0126650929,-0.01225646549,-0.009207067636,,0.002465986879,-0.004933949708,-0.002219424,0.01563286291,0.01466805367,,,-0.009405569118,,,,,,0.006641618765,0.00178000819,0.01141399946,0.004070447641,,0.002726540374,0.00211839278,-0.003264960559,0.008281695102,0.001540279433,0.00844198504,-0.006754089245,,0.005772610656,,,-1.051298267e-05,-0.001685366903,-0.004745205378,-0.003974176367,0.002857835144,0.005770033426,0.009990923895,0.005631848665,0.001214395675,,,,,,,,,,,0.0036079081,0.0008610946795,0.00135394563,-0.0003715535403,0.004880920428,0.001955310603,0.01258755158,-0.002584736268,0.0158084945,0.004475855594,0.004981704863,0.006427554293,,0.01252633639
1988-06-30,-0.001129203196,,,,,,-0.003676749497,-0.0004317336136,-0.004931130009,0.005430885981,-0.005049863505,0.005557250158,0.01184063702,0.002822860311,0.003871226813,-0.00643103957,0.001643967243,0.007292792539,0.004648200129,-0.005917872025,0.01106992002,-0.01538192284,0.00937195833,,,,0.00137505483,0.01170506521,-0.001325773023,,,0.001209780661,0.009016659098,0.008302935443,0.00957814857,0.0003523892399,0.01020888272,-0.003166195244,,,,,0.002302723692,0.006936895073,0.003812577939,,-0.002025537392,0.02040891289,0.008114644678,0.01591416591,0.009307604661,,,-0.01438287237,,,,,,0.009571026909,0.001368332572,-0.01606893063,0.001111109629,,0.001903354343,0.001422502965,-0.001092325445,-0.005533545875,-0.004242088221,-0.007981958763,-0.003004960431,,0.007227838658,,,-0.0006814917092,-0.002023929242,0.007795119622,0.005194504054,-0.004396786247,-0.003792595791,-0.01419014872,-5.379141874e-05,-0.005952157977,,,,,,,,,,,-0.01049552432,0.003562811775,0.006053811271,0.008782753548,-0.002190745887,0.006605777313,0.01158252566,0.003321343378,0.002531319999,-0.002295583735,0.01279094387,0.008286101099,,0.01675404914
1988-07-31,0.0001071011573,,,,,,0.003676297638,0.0001299600528,-0.006138373984,0.007893042364,0.007831411939,-0.004154549454,-0.005380068934,-0.002403771928,-0.005434109915,-0.006790010884,-0.002726374428,0.004010451202,-0.006686543706,-0.005667866746,-0.002701709962,0.002334734448,-0.002638434598,,,,-0.005426859521,-0.003540708876,-0.001801941589,,,-0.007346637496,0.0002157768805,-0.009637827406,-0.0009550036631,-0.003499599677,-0.002418654974,0.004911951363,,,,,-0.008394689235,-0.005656694372,0.005547728574,,0.00289645295,0.01125928864,-0.004132608582,0.01809544379,0.009911134153,,,-0.009780785393,,,,,,0.003056933085,0.007145181913,0.007667799967,0.01393788412,,0.006429762956,0.006019862855,0.0004656646268,0.009219957492,0.004892063666,0.01011489855,-0.009973866442,,0.001342430926,,,-0.0002490816873,-0.003592483038,-0.004793522555,-0.005652888426,0.002201447776,-0.006107797856,0.007029249366,0.01262748006,0.002920752337,,,,,,,,,,,-0.01574775304,-0.004686564907,-0.005471191072,-0.004159994656,-0.0002578904111,-0.001972875917,0.01127287387,-0.004466321819,0.01989443417,0.01050248086,0.002229339472,0.003026304759,,0.01634636365
1988-08-31,0.001250478531,,,,,,-0.007152565489,0.003962674847,0.004550043944,0.001768422233,-0.003695382628,-0.004324346731,0.002348053237,0.006209206298,8.587814524e-05,-0.005104559731,-0.002559460483,-0.002160839062,-0.008665909398,-0.006860559997,0.0005222090479,-0.008287185499,0.001273580578,,,,0.002619504144,0.002948230457,0.003699870605,,,-0.004931451035,0.001506506678,0.008948374529,0.00314881609,-0.0006992466787,0.00104084919,-0.005034108098,,,,,0.0008870652816,0.001308279251,-0.0006589030594,,0.002837813119,0.01407424877,0.002212704669,0.01768414355,0.006440313919,,,-0.0110985528,,,,,,-0.00592549808,-0.001391696523,0.001923927053,-0.002722908217,,-0.0005540141683,0.002286084529,0.002347263965,0.004942358923,0.0008459942597,0.005096773,-0.002982074277,,-0.007312720145,,,0.002129759355,0.00428777246,0.004149325242,0.0009545371411,-0.003313527136,-0.001557920312,0.002324073138,-0.0009665583094,0.006787716733,,,,,,,,,,,0.01130304207,1.874698063e-05,0.00183572812,0.00136163002,-0.002300818946,0.005465280438,0.01842178042,0.005458283071,0.01398007636,0.01210799529,-0.00312280282,-0.007983693804,,0.01868695434
1988-09-30,0.0001698252967,,,,,,0.004990793046,0.003301187909,0.006031695945,0.002739458798,-0.01467550611,-0.004148885808,0.00922601466,0.0008118940396,-0.003109649551,0.004328078826,0.009818628812,0.009317646056,0.007208623322,0.004720804358,0.004690074627,0.0006897689373,0.009089452282,,,,0.01182023113,0.01176533395,0.01053441155,,,-0.01107855957,-0.003817169208,0.006086144962,-0.002523189885,0.007023511115,0.0008783404882,0.0003621096646,,,,,0.01507600867,0.01074324289,0.006323488315,,-0.004129488125,0.0069520109,-0.003368794542,3.82277044e-05,-0.004294954968,,,-0.0137108177,,,,,,-0.01022547253,-0.0001418887144,0.002514130218,-0.005295570811,,-0.002708538164,-0.006978919568,-0.01152189667,0.003223746131,0.0006873401423,-0.006674435671,-0.002540706232,,-0.009706764288,,,-0.003849922453,-0.003031496489,0.001218857641,-0.004176933729,-0.004545406128,0.01102790673,0.0007772585368,-0.006201983541,-0.000580120061,,,,,,,,,,,-0.004537473987,-0.0110226999,-0.00689834824,-0.007531675284,-0.001188034104,-0.002995904695,0.003855174198,0.01307283694,0.004194220666,0.009808182044,-0.01040361475,-0.01218268149,,-0.001126219462
1988-10-31,0.004622943534,,,,,,0.005663843696,-0.002686547306,0.01184545993,0.004064785378,-0.01946325864,0.004276995199,0.01119842398,0.008188532392,-0.002808606414,0.01501775091,0.01837722197,0.01306208862,0.003267164645,0.01461169674,0.01013682618,-0.00526966056,0.009840446962,,,,0.01474136073,0.01376823814,0.01309780951,,,0.0009556461985,-0.000196755274,0.01226470476,-0.0003147196419,0.01253699378,0.006463509724,0.0004676956655,,,,,0.01943802615,0.01951710844,0.007690797493,,-0.002351312042,0.008091570957,0.006245734302,-0.006133921028,-0.005146772105,,,-0.004003095218,,,,,,-0.006264106896,-0.001204802904,-0.008198783226,-0.01281707736,,-0.004966440041,-0.001844424688,-0.001248925557,-0.005570057153,-0.004138322642,-0.004723427134,-0.001455484422,,-0.005919840309,,,0.002897211197,0.003320508201,0.01185389082,0.006228604536,0.003650043159,0.01189565213,-0.006121047237,-0.008671673829,-0.005515763354,,,,,,,,,,,0.01413208545,0.002677557025,0.002443394985,0.002441971591,-0.005098568607,0.004682483441,-0.0005082065347,0.001089861908,-0.001361204133,0.003276842579,-0.005608027146,-0.005622856713,,-0.00452013321
1988-11-30,0.003242887244,,,,,,-0.003267784239,0.006081891549,-0.005134519675,0.00138645492,0.01075123689,-0.002370254622,-0.001702683868,0.005081394804,0.01287315341,-0.01072916256,-0.01074653461,-0.01115813026,-0.002024767968,-0.01240149908,-0.004653392751,-0.0005207392041,-0.008856010516,,,,-0.0095034788,-0.01057841834,-0.00846414739,,,-0.0005221042428,0.009760375111,-0.005592033721,0.00952452791,-0.00977943616,0.004730061687,0.0006138882895,,,,,-0.009745205433,-0.005656346995,-0.006213708046,,0.007755116339,0.01472292475,0.001637812462,0.0245856262,0.01633332273,,,-0.005962244327,,,,,,0.009860021506,-0.0005447928052,-0.005748937647,0.003478364236,,0.003621264015,0.001396919215,0.004252691218,-0.007226709426,0.003444280219,-0.003638557245,-0.008113019006,,0.006782933084,,,0.004837148646,0.00727520671,0.005232582671,0.0008759527752,0.002616166675,0.004278072166,-0.006738697261,0.002536164172,0.007992651832,,,,,,,,,,,-0.01744323474,0.005257651821,-0.00350661121,0.001343013969,-0.009972879882,0.0063469779,0.008128175605,-0.003762104153,0.009363318306,0.001151678878,0.01087652613,0.01166689451,,0.02465394377
1988-12-31,-0.004346005663,,,,,,-0.0003888485915,0.0004440596649,-0.004518427762,-0.0005542132756,-0.00436593923,-0.001413865699,-0.002858107146,-4.792654376e-05,-0.001118926386,-0.001023125114,0.002665491605,0.002349026398,0.002041094569,0.004102137458,0.006089367233,-0.0009338415121,0.0004590034993,,,,0.004592434278,0.001606169774,-0.002373065005,,,0.0004753512713,-0.001232716125,0.003986934074,-0.0002209739578,-0.0001541851453,-9.276564414e-05,0.0006290462806,,,,,0.002648060498,0.004646201807,-0.0009481049977,,0.003390389502,-0.002182306718,0.003790705368,0.007351601247,0.001595351207,,,-0.0003531183219,,,,,,0.0003738715135,0.001760301042,0.0008828541831,0.007113016531,,0.005614222507,0.003009990487,0.0004884175371,-0.004378757305,0.0007052963403,-0.00563036802,-0.00438334482,,-0.001401256496,,,0.008553865767,0.007492932545,0.007606541014,0.002155235103,0.004268153883,0.001123578333,-0.0002673586652,0.004577414767,0.003927341581,,,,,,,,,,,0.001337150641,0.002010189763,0.0004045524223,0.002866495989,-0.0008464338512,0.003309789201,0.006257376112,0.0008187732975,0.00802195577,0.001001829176,0.001870033371,0.0008374844533,,0.007613954569
1989-01-31,-0.002778451108,,,,,,0.001823996614,0.01087476653,0.01053345571,0.006981833929,-0.007624541654,-0.008362263513,0.004049294143,0.006944824893,-0.003896570652,-0.009686347342,-0.008126379113,-0.003363308046,-0.001119098078,-0.007435605155,-0.0008322433016,-0.001834251837,0.006187819168,,,,0.008019696527,0.00479909287,0.003851364708,,,-0.01221696923,0.003223294669,0.003458560997,-0.0001331459628,0.00304136652,0.0008858713543,0.001824291579,,,,,0.005755564113,0.006996797621,0.0009611236374,,0.006730738618,0.01206579258,0.0004146380773,0.007318736756,0.00617720091,,,-0.01136287312,,,,,,-0.0002707740617,0.0002762812592,-0.01328550489,0.0007720025624,,4.283947221e-05,-0.001660247487,0.0061982627,0.002674133804,-0.0002942120215,0.002574758016,-0.0001757634037,,0.0004839779457,,,0.00227260524,0.006345543478,0.000143634874,0.001554035377,-0.003575223791,-9.393076355e-05,-0.01215308531,0.0007623542731,-0.0001276482588,,,,,,,,,,,-0.01304598989,-0.002931140705,-0.002485150483,-0.003215732101,-2.083286155e-05,0.0007212917513,0.007200151411,0.001086168544,0.009445379086,0.0123460576,0.0006158680939,-0.001338436501,,0.007361247187
1989-02-28,-0.001116953647,,,,,,-0.001655117108,0.005615186551,-0.006240216732,0.0006647460095,0.01034689904,-0.0003703646185,-0.005706296805,0.005169673221,0.009580640673,-0.01165822667,-0.01492289699,-0.007342863779,-0.0008699799834,-0.008867667609,-0.007294865324,0.002970040351,-0.004507193297,,,,-0.01038598161,-0.01023749574,-0.008841533185,,,0.001409168907,0.0120077123,-0.002396004375,0.01332473634,-0.007805994236,0.007277128276,0.00022525565,,,,,-0.008501383529,-0.004421415429,-0.002375860875,,0.00879917018,-0.0002982146039,0.001420425895,0.01361403239,0.01047149415,,,-0.008489217951,,,,,,0.01429620846,0.005380282192,-0.003419910541,-0.004886080449,,0.004266172317,0.005638964296,0.004291891871,0.003048467371,0.006018012951,0.00618604403,-0.005013875343,,0.01358045405,,,0.006356203723,0.003783580156,-0.00517357599,0.0004163997379,0.01079279553,0.01027538874,5.60171904e-05,-0.003277608104,-0.00062099173,,,,,,,,,,,-0.005532533418,0.004624205754,0.0097627616,0.003677078905,-0.0007217336687,0.004389199861,0.009692948163,-0.002589124545,0.01589605024,0.008994124962,0.01155914857,0.01302740099,,0.0127530411
1989-03-31,-0.000802268565,,,,,,0.0013392738,0.006388473874,-0.002328937425,0.01292825186,0.001084860979,-0.004677154513,0.002215451945,-0.004716313841,-0.006623771935,-0.005568725155,-0.008015390685,-0.01159958988,0.004185484175,-0.008227312472,0.001003242264,-0.005407443388,0.001015524983,,,,0.006222485167,0.004613419287,0.005816142193,,,-0.008967317837,-0.003617842779,-0.005825663703,-0.005648485244,-0.003448961925,-0.006568133523,-0.007334858716,,,,,-0.004503307188,-0.00615030214,0.008403808024,,0.01693279382,0.005525481108,-0.005321517481,0.004709526825,0.002573591551,,,-0.009904629946,,,,,,0.0009672382148,-0.002550010721,-0.003583552532,-0.002237255151,,0.001470452143,0.001706020948,-0.0005612314334,0.002598948307,-0.002293566195,-0.003931819904,-0.006027056026,,0.001535020682,,,-0.0034342396,-0.004650663708,-0.001469691732,-0.006365498504,-0.00790485718,0.001455007385,-0.004967966266,-0.003415949104,-0.006500133541,,,,,,,,,,,-0.01183996147,-0.007327446168,-0.007286882024,-0.00789936256,-3.248282833e-05,-0.001780714463,0.008264590386,0.00796174137,0.01183777891,0.009295117394,0.001433519849,-1.571687585e-05,,0.00515570982
1989-04-30,0.002252181441,,,,,,-0.00479861047,0.009804515873,-0.001163723334,0.008462303175,-0.01772333729,-0.005000304839,0.010370954,-0.003331416221,-0.01070524008,0.002234408014,-0.0003849916371,-0.004973803997,0.0002042345974,0.003241299639,-0.001748537537,-0.002572377307,0.005171154343,,,,0.01416469204,0.01047478884,0.006117117543,,,-0.007094339132,-0.01164007966,0.007868382179,-0.009893839717,0.004276964673,-0.005194013099,-0.004622871959,,,,,0.01093433545,0.004186570532,-0.002244609547,,0.008946377552,0.01208002703,-0.002508630429,-0.00666028704,-0.007708202112,,,-0.009108494972,,,,,,-0.008302334227,0.001257531565,-0.004664367431,0.003024094645,,0.001550359684,0.0003794829857,0.0006049506514,-0.01304116418,-0.01348394704,-0.009040968708,-0.003051542387,,-0.008652343466,,,0.000823343056,0.00417976769,0.006658307572,-0.003892766332,-0.004150882736,0.002006770556,-0.008611272029,-0.002409040688,-0.000785708693,,,,,,,,,,,-0.004056720498,-0.006654883456,-0.007342426556,-0.009002706688,-0.006111793673,-0.003341100857,-0.004252546195,0.007323703427,-0.0009915043266,0.006596111771,-0.008534650826,-0.01074461669,,-0.005507065458
1989-05-31,0.003106951887,,,,,,0.0001677375792,-0.005534300094,0.005597876136,0.001974016132,-0.01824321313,0.001290235516,0.004399369737,0.004737214209,-0.009444226564,0.0086110903,0.01594184744,0.01431963983,-0.007690442717,0.008639245241,0.006902851652,-0.0090654565,0.01091329168,,,,0.01382915921,0.01114320261,0.008298204921,,,-0.002542691455,-0.00496875738,0.008958523729,-0.004560820119,0.01678491182,0.004426800481,0.006936141962,,,,,0.01877993835,0.01291566953,0.007021364558,,-0.004881696367,0.007436574286,0.006853114858,-0.01575535426,-0.01882670651,,,-0.009333885572,,,,,,-0.01312410211,0.003125969211,-0.0074704569,-0.00265705726,,-0.003609919115,-0.001431899106,-0.001780697363,0.003121366039,-0.004646744616,-0.00317392101,-0.00364576089,,-0.01278270568,,,0.002813740142,0.000255165298,0.01103041587,0.00911264345,0.001961188013,0.002954136427,-0.007013156327,-0.003150473733,0.001488369186,,,,,,,,,,,0.003768999816,-0.005662876704,-0.003950067128,-0.004669771615,-7.663744953e-05,0.00291756447,-0.009795202069,-6.02917575e-05,-0.008138502002,-0.0004903296878,-0.01221125146,-0.0132248836,,-0.01614235001
1989-06-30,0.01012512263,,,,,,-0.009428847019,-0.006771038048,-0.001433303411,-0.01486804908,-0.02456332203,0.0009442674404,0.007739398476,0.007019216402,-0.007699746309,0.02729868961,0.02739483118,0.0261289346,0.001032833301,0.02413695497,0.007499411741,0.0003210619681,0.007001751432,,,,0.01782903782,0.023242582,0.01326997401,,,0.008265150847,-0.0003176060578,0.01762677442,0.0007801154031,0.01005690603,0.008889535082,-0.00149816199,,,,,0.02297178776,0.01795256142,0.01199159935,,-0.02028213464,0.009608388395,-0.0021171036,-0.02679524206,-0.028031752,,,0.003123085601,,,,,,-0.01543602756,0.009210920465,0.004223910783,0.01241474692,,-0.00573699432,-0.008075389935,-0.004363697446,0.009754938829,0.00211920188,0.00373762951,0.002688047893,,-0.01462826062,,,0.003299134066,-0.0026934851,0.006795670275,0.0006674327404,0.01249220291,0.009027166199,0.01274691559,0.01380649435,0.01596947409,,,,,,,,,,,0.01755476319,0.00218720929,0.009245603004,0.00527965466,-0.007473890735,-0.0008755232475,-0.01997048383,-0.006140646692,-0.01744856007,-0.007781819343,-0.01657215701,-0.01704265423,,-0.02795175795
1989-07-31,0.008328458952,,,,,,0.007478812682,-0.0005895201443,0.00432436834,0.003842917139,-0.005649541891,0.003379473447,0.0033968603,-0.008520430653,-0.01098014953,0.008926241584,-8.178437149e-05,-0.0004346475098,0.003231968521,0.0033408254,0.00685198676,-0.0008528587515,0.008735087137,,,,0.004337942074,0.00156253363,0.01058435804,,,-0.003610495291,-0.009333180829,-0.002072755678,-0.0135703708,0.009048571341,-0.009085127184,0.008647806847,,,,,0.005416500766,-0.001786032237,0.00142028674,,0.0018877844,0.01151162293,-0.01502946704,-0.009652230366,-0.01490200693,,,-0.006893948193,,,,,,-0.008961630284,0.00700347002,0.006432478747,0.0009569297926,,-0.001780491674,-0.002454808318,-0.005378306436,0.002356818271,-0.004429606083,0.005270980866,-0.001359742431,,-0.00890329431,,,-0.003177900542,-0.00784206206,-0.007121743184,-0.01162486502,-0.001731182235,-0.004102052704,0.001406895447,-0.003538480417,-0.0001651009882,,,,,,,,,,,-0.002614644449,-0.00823771042,-0.0009559453849,-0.001411565841,-0.009434872531,-0.01406481722,-0.007721103147,0.008991629198,-0.00528398637,0.005412219396,-0.006806016231,-0.007228521946,,-0.009625939969
1989-08-31,-0.004779011274,,,,,,0.007715996431,-0.0002832416672,-0.009446641837,0.01012295913,0.007578299115,-0.004949376932,-0.005494796009,0.01216935507,0.01662046831,0.001841100135,0.0003574758912,-0.005903553648,0.003057623713,-0.004372900058,-0.003028008387,0.0004794064848,-0.001109021216,,,,-0.001783515012,0.002241655086,0.004059233042,,,0.0009254534506,0.01609801206,-0.003240153859,0.01643766001,-0.003553334989,0.01373282629,-0.01421189721,,,,,-0.00646591627,0.005116345447,-0.003298673986,,0.01637743579,-0.003593007119,0.006139303601,0.01110391484,0.003277676956,,,-0.01108695528,,,,,,0.003901782641,-0.001729764692,-0.003430407298,-0.003236775617,,0.003797272428,0.0013440631,0.007270302244,-0.00774071805,0.002465678146,-0.002393389462,-0.00235103845,,0.002020888374,,,0.004991958381,0.01055258756,0.01376698502,0.004749717073,-0.00463963375,0.001393183745,-0.007749642401,-0.006284942677,-0.001100894134,,,,,,,,,,,-0.01892892639,-0.006350049937,-0.01233405018,-0.01212332175,0.003027447274,0.01090162528,0.01339110257,0.002922735334,0.01673939452,0.007745656321,0.00366185754,0.002921577729,,0.01191565465
1989-09-30,0.002333314608,,,,,,-0.0027737481,0.002386091913,-0.001393999563,-0.0070083183,-0.01339865453,0.00719969648,0.002803226718,-0.006382783482,-0.007840482337,0.01055771309,0.009809745745,0.009113458927,2.735401869e-05,0.007867607275,0.001486099047,0.006673484386,0.002638116051,,,,0.01126142038,0.01338069293,0.004950174512,,,0.002521660507,-0.008227143423,0.004222135717,-0.008538159315,0.004838903585,-0.005020397959,-0.001030779742,,,,,0.006774212872,-0.001132657638,0.005936467041,,-0.004600603904,-0.01516390601,0.001624112619,-0.01928341102,-0.02048220207,,,0.005234586035,,,,,,-0.01714514156,0.0073852495,3.742262907e-05,0.003738903498,,-0.004715770858,-0.005924754006,0.001284897242,0.003137326701,0.00683993674,0.005210475865,0.004181798121,,-0.01644382488,,,0.01358546671,0.00925706101,0.0138804007,0.002736569355,0.01221478128,0.01307112033,0.008240790962,0.007781557704,0.01036204431,,,,,,,,,,,0.003262219122,0.01156914551,0.01028126349,0.01099871373,-0.004506770198,0.00122999809,-0.002265692406,0.006594551594,-0.004680933584,-0.0009119627345,-0.01782991105,-0.01719519889,,-0.01935087407
1989-10-31,0.004937407625,,,,,,-0.006910315842,0.01398629218,0.0006258467426,-0.01629076068,-0.03124140682,-0.0004501095679,0.01119252025,-0.01713388612,-0.01851382827,0.01475003477,0.02212358568,0.02089871145,0.01091914708,0.01295306871,0.00902615295,0.003251913344,0.01006327347,,,,0.01566624952,0.01792479753,0.008112117802,,,0.005061016135,-0.02098228399,0.01307827264,-0.02009166064,0.01422823059,-0.01892760768,-0.005724430832,,,,,0.02113480229,0.001432274694,0.00295017424,,-0.01698119947,-0.008777431792,-0.004708863038,-0.0362316284,-0.03712600405,,,0.0189249145,,,,,,-0.0331775187,0.01852881759,0.008945797689,0.02514608492,,0.00659654645,-0.01752788611,-0.003438031945,-0.01259351807,0.01749154412,-0.003888155987,0.003362061557,,-0.03103854876,,,0.01112286664,-0.001850306974,0.006774082706,-0.000276404055,0.0164261943,0.004081316142,0.007099810327,0.0277553429,0.01454510725,,,,,,,,,,,0.01189655371,0.005577048767,0.007083742228,0.01103002185,-0.006743775908,-0.006060850628,-0.02187262783,0.006745480896,-0.02132086625,-0.007092366734,-0.03322123645,-0.03286444082,,-0.03623709967
1989-11-30,0.001607401676,,,,,,0.002397550639,-0.00310805463,-0.001565388397,-0.003271141093,-0.002447388652,-0.001886224184,-0.003130676636,0.0007054663443,-0.00370233833,0.004015797716,0.003601602941,0.001766139704,0.002870353559,0.006955782627,0.003674145003,0.004586310435,0.003544663647,,,,-0.003331538236,-0.003441247271,-0.003039899107,,,-0.001197758535,-0.002912359055,0.00119480879,-0.003920111187,0.001290264411,-0.0004515842797,0.0002986116841,,,,,0.0009935752922,0.001535154685,0.002374703356,,-0.0009840620743,-0.005573915326,-0.003497394588,-0.006986635471,-0.007089540727,,,-0.00189469144,,,,,,-0.007408230991,0.000619935454,0.004513042959,0.002334435064,,-0.0060077996,-0.006381625636,-0.002114372503,0.0006478556611,-0.001207925676,-0.002783882244,0.001390231998,,-0.007378503717,,,0.001227232245,0.004144428633,0.002472081403,-0.004051197435,0.005306588677,0.002753383438,0.004272775866,0.004407366063,0.00605077743,,,,,,,,,,,0.005496948856,0.004339815604,0.00626781892,0.004825091766,-0.002000889804,-0.003362345311,0.0007607028029,0.001594537589,0.0005801218143,0.001150968265,-0.008143428831,-0.007057177546,,-0.007399125955
1989-12-31,0.003488631447,,,,,,0.003772281841,-0.005795143878,-0.002547082133,-0.001681650794,0.0002392298215,0.00212355927,-0.006380570503,-0.0008138349334,0.001580729146,-0.0009626638004,-0.0004931159062,-0.003784862558,0.002431507148,0.0006519172202,-0.003902298055,-0.001417960152,0.0006002264972,,,,-0.002354971226,-0.002076064612,-0.005035363705,,,0.0008989760781,0.0006963539347,-0.002392383695,0.001692528357,-0.003035783067,0.0004662060348,-0.002216236312,,,,,-0.001628169763,-0.002141396764,-0.007028261647,,0.002297390844,-0.005864262568,-0.0001314109107,-0.004723711967,-0.0052248132,,,0.00199373897,,,,,,-0.003386300494,-0.006414465979,-0.004189168433,-0.00146142103,,0.01131356946,0.01017166988,0.004659190301,0.000623230588,0.0027861046,0.004625579103,-0.0006212010718,,-0.002161619127,,,0.00721646504,0.01205464005,0.007810911898,-4.458488351e-05,0.0009396103891,0.00410535362,0.0005057235604,0.0005479907422,-0.001353862939,,,,,,,,,,,0.007053863337,0.006643416603,0.0023581167,0.002283274505,-0.002314427706,0.00171364974,0.001332346602,-0.001316042114,0.003590022072,0.005925772344,-0.001924393051,-0.001904849326,,-0.0047722577
1990-01-31,0.001648908527,,,,,,-0.00457197842,0.001434474989,-0.01185732223,-0.0005766619262,0.007799378857,-0.002385684855,0.002786257824,-0.005950630843,0.006329122112,-0.005189520956,-0.008159751554,-0.01371204186,0.002915985675,-0.003596113931,-0.0065984143,-0.001326388158,-0.005063600281,,,,-0.01098507534,-0.01226956533,-0.01332840983,,,-0.002747638342,0.002316276465,-0.001012927465,0.00321542136,-0.01742479779,-0.003968170433,-0.007238559722,,,,,-0.01616133922,-0.01146172599,-0.002623363471,,0.00616516989,-0.01773601216,-0.0008116743087,-0.0008795966523,0.00117252634,,,0.004784717996,,,,,,-0.006822859507,-0.01183234374,0.0008256807922,0.005555175909,,0.007256910844,0.001272485303,0.006582953771,0.004639303754,0.0004916964281,0.002045481294,0.006902814243,,-0.006666864547,,,0.005444098679,0.007241356878,0.008412162404,-0.00288611208,0.001894628614,-0.002700146463,0.003389985609,0.008251690227,0.0008302555829,,,,,,,,,,,0.01205333254,0.01165965886,0.00492303478,0.00801234541,0.0003134551153,0.002558754956,0.006653891012,0.004918709868,0.008119545112,0.009221179597,-0.005110606476,-0.005938713671,,-0.001242168941
1990-02-28,0.001363558841,,,,,,-0.001463244243,0.001828649589,-0.001427911209,-0.00196585211,-0.008521183907,-0.001442719031,-0.003242347577,0.002475630557,-0.00205780534,0.006077591295,0.002979122103,0.004372743714,0.004494778279,0.00458777639,-0.002575740359,0.0005533272505,0.001366346517,,,,0.000552051118,0.002992161398,-0.0006279343997,,,0.005800462362,0.002603135069,0.004611198413,0.001944243621,0.006321964927,0.002377845959,-0.004666632241,,,,,0.007017535063,0.003931607995,0.004233852804,,-0.00169017278,-0.007833820475,0.001377625781,-0.01343111869,-0.01306714325,,,0.005292826571,,,,,,-0.00933690917,0.006954361438,-0.002573602099,0.001793438401,,-0.004676948413,0.005292688504,-0.0007106447911,0.01009143986,0.005104999442,0.0068950541,-0.002308194778,,-0.00708699272,,,0.006114247485,0.01100879699,0.006551986306,-0.002771804798,0.007629744561,0.007614722831,0.003484680335,0.01000970202,0.008864532491,,,,,,,,,,,-0.001269518813,0.004918049477,0.005223380411,0.006115321247,-0.003818222863,0.001204754591,-0.005686942379,0.001923888033,-0.002076333271,0.007820235787,-0.01190184332,-0.009408563012,,-0.01311903897
1990-03-31,0.003668386626,,,,,,0.005237902125,-0.02112312137,-0.007084482406,0.01329502371,0.01300071478,-0.01278123191,-0.001934402905,0.01040930759,0.0117736529,0.005526519516,-0.009734453578,-0.01035938502,-0.007698759686,0.008980209336,-0.004513525597,0.001579064294,-0.009007096274,,,,-0.007204836495,-0.004351502467,-0.0008308109467,,,-0.01134618221,0.01172777033,-0.001553806965,0.008971951724,0.001956844484,0.0120129579,0.005729440965,,,,,-9.819566671e-05,0.01123658791,-0.004872868443,,0.006726282438,0.01115047178,-0.005398756617,0.01358053456,0.01178042013,,,-0.01068122592,,,,,,0.01548808207,0.004006203154,0.008806629687,-0.0002808330693,,0.01116542237,0.01189109184,0.007593782905,0.006350814288,-0.0003695740515,0.01262570733,-0.004810834681,,0.01298772025,,,-0.005992842744,-0.0003405903011,-0.0004387496759,-0.006620606082,-0.005007432881,-0.006222381251,0.009855184254,-0.006297976301,-0.003937199528,,,,,,,,,,,-0.01669691277,-0.007577609973,-0.001617962174,-0.01046089153,-0.001473871608,0.002881536351,0.009260378037,0.006104034678,0.01092439956,0.007168898623,0.01570134719,0.01395427599,,0.01321378695
1990-04-30,-0.01377833997,,,,,,0.04664444401,-0.07815032519,0.06694872536,0.1050855464,0.08046935816,-0.02241113507,-0.03731971498,0.009854958512,0.06120178959,-0.0005149920289,-0.02064072924,-0.04182584216,0.01379527671,-0.008384919629,-0.04579952981,0.005742238169,-0.04323857002,,,,-0.01820406983,-0.04229625389,0.0101643671,,,0.03485773652,0.04106173595,-0.06625519367,0.04249670934,-0.0200923278,0.01164913246,-0.01426673415,,,,,-0.07177311313,-0.02190454458,-0.01504412529,,0.1037546622,0.1141320049,-0.03425131399,0.1440705822,0.1405447514,,,-0.1004890643,,,,,,0.1125699666,-0.1098257629,-0.02376989945,-0.06905470137,,-0.07292132453,-0.05415808245,-0.005343570195,0.009814766894,-0.06849253132,0.01739207848,-0.03568502099,,0.1123338982,,,-0.1053509299,-0.07328309984,-0.03130307385,-0.05018764106,-0.1161198887,-0.09470559168,-0.03476358662,-0.09858841415,-0.1089825588,,,,,,,,,,,-0.04041468424,-0.09172399239,-0.09691187961,-0.08771665579,-0.03166341065,-0.006408100874,0.09811918155,0.03404018032,0.1008254126,0.05510007747,0.1120616266,0.1122741976,,0.1434827547
1990-05-31,0.000361647047,,,,,,0.05961991837,0.03114289542,-0.04689104277,0.1000416317,0.1223631636,-0.03609681536,0.01587955086,0.08155275273,0.1063249505,-0.05787233449,-0.1086131383,-0.03202800849,0.05481848994,-0.07880134182,0.007641074036,-0.04289378977,-0.07440369009,,,,-0.1029072381,-0.07283342868,-0.03431275063,,,-0.1039560506,0.07220158244,-0.03649037798,0.08420688277,0.0007647188651,0.07226746725,0.05815939374,,,,,-0.0798052236,0.0532612972,0.01172390822,,0.07882709851,0.2210937421,-0.06632207956,0.213939852,0.1844622578,,,-0.0327150804,,,,,,0.1749495528,0.008588165328,0.1040133606,0.07970288745,,-0.01798546542,0.0531894995,0.003357628091,0.005916013239,0.0374274922,0.06358603854,-0.06092574269,,0.169380738,,,-0.1056457393,-0.04593744626,-0.07351791825,-0.09650468558,-0.04178907034,-0.0558418191,0.03152061971,0.02492828914,-0.03812158364,,,,,,,,,,,0.006564427416,-0.06470223323,-0.006659140048,-0.045856339,-0.1156542218,0.009603465252,0.1910933534,0.1738512648,0.1859335894,0.1583318078,0.152747897,0.1734093653,,0.2132214865
1990-06-30,-0.0015293529,,,,,,0.001802550233,0.0005789977423,-0.0004823707297,0.002389668113,-0.005194845147,0.003326077773,0.0032696635,0.003648901732,0.001032183463,0.003072539884,0.0007531343304,0.007035107997,0.0003896722664,0.002906975321,0.003571495361,-0.004889023084,0.005195410921,,,,0.008196194579,0.006818933395,0.005234814218,,,-0.003988488355,0.0003850253379,0.002692156873,0.0007927089866,0.003162543288,0.001719600202,-0.002443737301,,,,,0.006236745967,0.005858410211,0.004485446272,,0.00460815737,0.007002099932,0.001150315639,-0.002279448601,-0.002829481793,,,-0.0007290691912,,,,,,-0.001935771324,0.0007572849566,-0.003491782537,-0.002607853277,,-0.001170920354,-0.008673100286,-0.001690343304,0.00303002181,0.00336281372,0.001871223746,-0.001634657268,,-0.00177739548,,,0.003233010037,0.003464906462,0.001870188211,0.002278394729,0.002999653928,0.00583978459,0.0002140101208,6.465551213e-05,0.001203415693,,,,,,,,,,,-0.0006642277912,0.000645065405,9.291593046e-05,0.0008480500697,-0.001399739984,0.003512330065,-0.001262681037,-0.001604489888,0.002449930686,0.004622753032,-0.002421673525,-0.001347640213,,-0.002068605172
1990-07-31,-0.0003813555136,,,,,,0.003071368212,-0.006583883848,0.001200346439,0.00412998026,-0.005047330979,0.001552642133,-0.0004488159672,-0.0007379429004,-0.005146811765,0.004607440558,-0.0001572116827,-0.004097363701,-0.003177192145,0.003962513436,-5.830773068e-05,0.001314331599,4.139066569e-05,,,,0.006051158605,0.008545579621,0.006560508568,,,-0.0002514519781,-0.003261784039,-0.0005031409118,-0.002818091783,0.005495868897,-0.0007718650799,-0.001115035772,,,,,0.002414521973,0.003200047406,-0.007532440435,,0.001308406688,0.01203407378,-0.006806993105,-0.001537841293,-0.005272221543,,,-0.008658062566,,,,,,-0.008626962443,-0.009196445336,0.001053323535,-0.006581903744,,-0.0007294085475,-0.0013429615,-0.0001979921736,-0.001949984092,-0.004505788396,-0.001610706524,-0.003404326519,,-0.00804981923,,,0.0007680807254,0.002238875377,0.004144728918,-0.007471072465,-0.006569299832,0.001564625967,-0.000158681702,-0.004235550208,-0.005638757159,,,,,,,,,,,0.007428205869,-0.003391500322,-0.005090439842,-0.004513841262,0.00115416819,-0.005407553443,0.001097643165,0.007285639625,0.004864707491,0.01207555114,-0.007776917923,-0.009901136001,,-0.002749834387
1990-08-31,0.008716607963,,,,,,0.005361008935,-0.002010460839,-0.00400563895,0.005219349454,-0.009922167801,-0.001491747957,0.002097692148,-0.01128553251,-0.01170875693,-0.001761895364,-0.0005592101543,-0.004059311672,5.250978568e-05,3.286102806e-05,-0.002991349719,0.006257609408,0.003477685735,,,,0.005124298966,0.004476932234,0.001327233546,,,-0.003942251876,-0.01387518475,-0.0005116397387,-0.01483166043,0.003075972908,-0.01235596643,-0.005047649642,,,,,0.0009007327861,-0.007829491151,0.001723536473,,0.003217865716,-0.01203387219,-0.01149912158,-0.0154642012,-0.0249876787,,,-0.007006927878,,,,,,-0.02523494656,0.005509397286,0.003263522673,-0.0001352715785,,0.004891767595,0.00321262669,-0.001076229707,0.0003111818883,0.006743600727,0.00204495221,-0.00126743898,,-0.02470366324,,,0.01535326186,0.0136011793,0.01333238024,-0.01022428074,0.007059021244,0.01134105452,-0.002585600225,8.028644727e-05,0.003029221637,,,,,,,,,,,-0.01116180205,0.004909287225,-0.00851051538,-0.005362905981,-0.005954594947,-0.01014369409,0.002479535456,0.01266997963,-0.001042806656,0.01029752987,-0.02575399704,-0.02405385628,,-0.01741373021
1990-09-30,0.01260648695,,,,,,0.01627613095,0.02146229449,0.002448327003,-0.008314688939,-0.02615029311,-0.005831784234,0.01144284116,-0.004139422606,-0.002685632053,0.004713579205,7.770957024e-05,0.002908492582,0.01606065034,-0.004926567219,0.01916062758,-0.002573900344,0.02612777806,,,,0.006182344797,0.006836822821,0.002608022871,,,-0.01595849898,-0.01031654193,-0.001629129755,-0.01197557072,0.019812361,-0.003488551929,0.004584982314,,,,,0.01726031191,0.004371886349,0.01173221008,,-0.007034123665,-0.02505621382,0.001139528305,-0.04460572194,-0.04312014885,,,0.01833040687,,,,,,-0.0310319632,0.01745902268,-0.008617552298,0.003398752422,,0.02903060848,0.01338398196,0.006134105907,-0.004914043456,0.02393322596,-0.006851203517,0.01246652809,,-0.02532128903,,,0.03926362897,0.03183472957,0.02844433966,0.001571981089,0.03780615834,0.02872967785,-0.003481982667,0.01704286284,0.02507138942,,,,,,,,,,,-8.859478107e-05,0.03307178572,0.03166005501,0.01977475234,-0.01253452065,0.0002788964538,-0.02083154841,-0.00248843711,-0.03254737171,-0.01609928813,-0.03437171129,-0.0325362715,,-0.04569035062
1990-10-31,0.01126896297,,,,,,0.02219167203,0.02193095797,-0.00640702185,0.008602989827,-0.02987211137,0.02981743852,0.02547447638,-0.02099946483,-0.02970452968,-0.005579689184,0.005651916865,0.00572530828,-0.005666742741,-0.01786884154,0.007898917474,0.008499514425,-0.004560133146,,,,0.03115913266,0.02175660683,0.03113054036,,,-0.005086625171,-0.03180986407,-0.01512294687,-0.02979512448,0.01620312475,-0.0304997039,-0.01467301353,,,,,0.002014892754,-0.01628397295,0.02581198336,,0.009720073496,-0.03055553636,0.001359903579,-0.04681554682,-0.03916452937,,,0.02997733866,,,,,,-0.03746845291,0.005277266758,0.01031082875,0.01026177084,,0.02173029292,0.01454617938,0.01149249033,0.02714074601,0.017421197,0.0265669252,0.01748293052,,-0.03448550303,,,0.02784022722,0.01902928744,0.0190775804,0.003127322144,0.03246716103,0.02357284352,0.03561002583,0.02446257916,0.03121562775,,,,,,,,,,,0.04059237878,0.03996885606,0.03867367426,0.03450182945,-0.005536764128,-0.001251167778,-0.005964730167,0.01804114703,-0.0280794087,-0.005762532152,-0.0370466099,-0.03866689144,,-0.04879295776
1990-11-30,0.004487168645,,,,,,0.003896729492,-0.005869475719,-0.006390677499,-0.006841008948,-0.01114046844,0.005991098539,-0.002256165173,0.001668050936,-0.004134616315,0.001802476881,0.003818314302,0.005538888738,-0.006051016489,0.002969146422,0.005333863711,-0.003465623861,0.01034967108,,,,-8.601590661e-05,0.005709710633,0.002719938382,,,0.008193935367,-0.002533271241,0.01139445788,-0.003464813805,0.004672699237,0.00274340494,0.01313182239,,,,,0.01722669223,0.01034028007,-0.004433523346,,-0.006719660427,0.01416794069,-0.001228095068,-0.008895387206,-0.0135438279,,,-0.003829073121,,,,,,-0.009774262458,-0.008286717469,-0.003900295041,-0.001621892747,,-0.004615515615,-0.008200540722,-0.00450811441,-0.00441791641,-0.01014213242,0.002620765645,0.0001406226324,,-0.01010146429,,,0.002386303813,0.001834089999,0.0100246719,-0.001274096159,-0.005418995801,-0.0009198699453,0.006207263583,-0.001699666609,-0.004213726875,,,,,,,,,,,0.004785789957,0.001024818553,0.007504857606,0.002822359568,0.002314566076,-0.001651027413,-0.0002902412176,0.008246443488,0.005356516986,0.01269416992,-0.009472468554,-0.007512934062,,-0.004965882612
1990-12-31,-0.002717198685,,,,,,0.006977561389,-0.0005102635286,0.005488163585,0.002555903238,-0.006616580651,-0.002343858638,0.007795937533,-0.003370803965,-0.001450315205,0.006189519815,0.0008644761117,-0.0008057447272,0.002865551251,0.005247725642,0.006602209273,0.001432128334,-0.0002144814097,,,,0.004282232143,0.005333503522,0.0008177207519,,,-0.004006840421,-0.003819009821,0.0001790716405,-0.005006213973,0.005173387431,-0.002553599144,0.001093850347,,,,,0.002182454001,0.0009546428521,0.0005647104861,,-0.005738041782,-0.002460272117,-0.002970839783,-0.005161323737,-0.008238114519,,,-0.004199973109,,,,,,-0.01032747501,-0.003062776085,-0.002619266649,0.0009316384878,,0.001071581833,0.001492687281,-0.002165537636,0.001298177454,-0.001027645374,0.002766370717,-0.00149725486,,-0.009981311329,,,0.00711761145,0.002610696728,0.004840554101,-0.002759478082,-0.0002474081532,-0.002906298919,-0.001275794022,-0.002843765896,-0.0002491511901,,,,,,,,,,,-0.0002174126155,0.003107769143,0.001456087741,0.001515011424,0.005969233866,-0.002086196927,-0.004961923037,-0.002303631037,-0.0001167834837,0.002008973962,-0.009607969933,-0.009974440256,,-0.007129538394
1991-01-31,0.003577894988,,,,,,0.005879687976,0.01125717629,0.003278938995,0.02139130492,-0.01980349531,0.02350204525,0.006775832805,-0.01298332926,-0.01564542841,0.01478271405,0.01962613218,0.009358741971,-0.01065993039,0.009035579426,-0.003290140647,-0.01868190186,0.007734501228,,,,0.02506348572,0.02727412548,0.02552169634,,,-0.006526805593,-0.01676687635,0.004636287411,-0.01755706739,0.001937885558,-0.01316494247,0.0008329024758,,,,,0.003941638782,-0.005587317522,0.0156388375,,0.009531541338,-0.00874530865,0.01575931472,-0.02840515785,-0.02482701716,,,0.02231025696,,,,,,-0.02368149945,0.0165172137,0.030550289,0.02626697498,,0.014960892,0.01056515727,0.01389426513,0.02631111957,0.01482431916,0.02264576747,0.009900712994,,-0.02083915797,,,0.01163947389,0.01504114564,0.01314910597,0.01591847367,0.02114183749,0.01371038899,0.03701265791,0.03511743855,0.02224563131,,,,,,,,,,,0.009286205106,0.0191682106,0.02275116689,0.0229014938,0.006079342801,0.01404244798,-0.01314189228,0.003947640942,-0.01071830112,0.001987481958,-0.02198778948,-0.02247472908,,-0.02567714643
1991-02-28,-0.004548296081,,,,,,0.003333906309,-0.03554638512,0.008868987808,-0.03883421017,0.05027782777,-0.03576744316,-0.024360694,0.03004536918,0.05213525102,0.007329162854,-0.02294762618,-0.02536213369,0.01277852028,0.004644454975,-0.004632816063,0.01478281807,0.001097791736,,,,-0.04643233668,-0.04072854272,-0.04866166501,,,0.03275106773,0.05248239111,-0.007909050244,0.05230907182,0.01912386837,0.05044941548,-0.004899614725,,,,,0.00750432486,0.02410302789,-0.03864283036,,-0.0385854243,0.06100755193,-0.006108619879,0.05660758658,0.05061653382,,,-0.04926106157,,,,,,0.0620369098,-0.02163064284,-0.003091691157,-0.02059463299,,-0.02924077195,-0.02315832128,-0.02117346674,0.008515424079,-0.02716616378,-0.008384895768,-0.02934129894,,0.05406120727,,,-0.04828391059,-0.02787540924,-0.02568219404,-0.007776188854,-0.05153712153,-0.01593297705,-0.01012199473,-0.0623671266,-0.04741471455,,,,,,,,,,,-0.04820442622,-0.05374616812,-0.04019342569,-0.06217372039,0.0001311764061,0.005310595692,0.02120715982,-0.01276270559,0.04942063332,0.02932688589,0.06375591262,0.06175113901,,0.05987271515
1991-03-31,-0.006767155901,,,,,,-0.01678347477,-0.03871016211,0.01555487674,-0.03705623058,0.04490423764,-0.04037201012,-0.04000961225,0.02931578232,0.03157627475,0.003530209023,-0.0232693515,-0.02653260777,0.02948927726,0.005304448421,0.008269850883,0.02581534008,-0.01906602051,,,,-0.05193212618,-0.05043383063,-0.05067872456,,,0.01450106856,0.03823140039,-0.00634608405,0.03873205481,0.001677423738,0.03527612756,-0.02249719816,,,,,-0.01658245084,0.01925297263,-0.04594739033,,-0.0328292854,0.05252150137,0.003468297604,0.05470193338,0.04864081872,,,-0.05099488774,,,,,,0.04838577193,-0.04840035164,-0.01908758865,-0.04445430037,,-0.03792489374,-0.03346535822,-0.007803970876,-0.01690870688,-0.04198898468,-0.02035455485,-0.03392460111,,0.0438065234,,,-0.05155147452,-0.04052816472,-0.02130808543,0.003290145302,-0.05665598539,-0.01183454952,-0.02038491746,-0.05487767984,-0.05654867021,,,,,,,,,,,0.01667465233,-0.05557020861,-0.05143937259,-0.05243875653,-0.0005642973553,0.008850856055,0.04397406084,0.01014185294,0.05744416408,0.04522199464,0.0501860668,0.04947718679,,0.05503703976
1991-04-30,-0.004136533354,,,,,,-0.003195230311,-0.01251538673,0.01764913147,-0.008126011503,0.02303261423,-0.01531031887,-0.02284047168,0.01989467103,0.01925213973,-0.0038199423,-0.008429876581,-0.01016055394,-0.001033247038,0.001179633638,0.0003276205596,0.008098282591,0.004299724114,,,,-0.01081275042,-0.007426385368,-0.009549887581,,,-0.01462563401,0.02108458955,0.002453379809,0.02264452707,0.01476674643,0.02061641726,-0.005163766479,,,,,0.0001634449644,0.01885018646,-0.01020062824,,0.01334818918,0.03072283569,-0.00155218867,0.03062660478,0.02913473742,,,-0.01594106662,,,,,,0.02574493662,-0.01269594377,0.005584069368,0.0008606200109,,-0.01811207461,-0.02018990989,-0.006419548449,0.01198417174,-0.01752443212,0.002572356129,-0.01303867746,,0.02227876517,,,-0.0277610234,-0.02662637971,-0.02302004988,-0.002805897145,-0.02689815608,-0.008211687238,0.002999109082,-0.01355429137,-0.02299957979,,,,,,,,,,,0.01936343885,-0.02327503671,0.01423085509,-0.0175188332,0.005001817394,0.0002785275264,0.02246134017,0.01424925391,0.03108720556,0.02732417196,0.02426499781,0.0250788358,,0.02888496349
1991-05-31,-0.001715107786,,,,,,-0.007532161913,-0.01944329985,-0.01952530421,-0.02770920348,0.006077341407,0.01750979851,-0.01445630128,0.01158049631,0.01257443374,0.01472352166,0.01589708958,0.01487259104,0.01559392852,-0.01439828418,0.01305044417,-0.009196463095,0.002844701709,,,,-0.0234040925,-0.02746248476,-0.02098727901,,,0.02206838886,0.01412827946,0.0001432251914,0.01782537093,0.001638094083,0.01289531458,0.005928747978,,,,,-0.004833125592,0.00943195015,-0.01896363376,,-0.02452402878,0.02255723634,-0.02450105329,0.02269490832,0.02280237615,,,-0.02375627653,,,,,,0.02193566168,-0.0204844654,-0.01504166628,-0.02506190053,,-0.01427899472,-0.01092367231,-0.001463160993,-0.01199296844,-0.01724207601,-0.005755284707,-0.02017305759,,0.02144025762,,,-0.02094349328,-0.01562465132,-0.004940306218,-0.02583915116,-0.01900949895,-0.01522520695,-0.01190601938,-0.01973484101,-0.01979692791,,,,,,,,,,,-0.01119964893,-0.01871079416,-0.01548283982,-0.02155145244,-0.01581124663,-0.003456586438,0.01072448763,0.008714941329,0.01151340253,0.01080136689,0.02192349698,0.02249256672,,0.02147049135
1991-06-30,-0.001911567231,,,,,,-0.02145179066,-0.008460209572,0.002278329758,0.0228819838,-0.008428451561,-0.01443822429,-0.0168640434,0.01098351911,-0.00283854837,0.00777140238,0.02059455472,-0.01741404776,-0.02462634859,0.02222534336,-0.0001825314227,-0.02511746505,0.00930748046,,,,0.01900218458,0.02547316423,0.01696505204,,,-0.0264540183,0.0009382235861,0.0276780169,0.002907263001,-0.009423927098,0.0001221689523,-0.0009603155247,,,,,-0.0008748035533,0.01118785342,0.004477994208,,0.02231749011,0.02699612029,0.00540867356,0.01013935154,0.01017426959,,,-0.001280692698,,,,,,-0.005685044831,0.0276807182,0.02435961579,0.02454242708,,-0.01609915513,-0.01845829121,-0.01348018605,0.003387572325,0.005278122095,0.01904162698,-0.01600374984,,-0.008951452092,,,-0.02604901842,-0.02791202908,-0.01759603897,0.004891460707,0.01836973874,-0.009070059355,0.0281296917,0.03011909445,0.02002552426,,,,,,,,,,,0.002101583992,-0.02589767434,-0.004416551566,-0.006486503215,0.001776887702,0.009696115422,0.0147530644,0.008909872027,0.01515235968,0.01918782077,0.002341383154,-0.003502135451,,0.01066464125
1991-07-31,-0.0002871160255,,,,,,-0.008795644507,-0.005844732151,0.016687622,-0.0114053524,0.01485547733,-0.01745837513,-0.01449430916,0.0160335204,0.01265003294,-0.008081917399,-0.01240280263,-0.01348152802,-0.01199957072,0.0006277345851,-0.001801448137,-0.006515297981,0.002593971418,,,,-0.01531891575,-0.004069063483,-0.01789829557,,,-0.0161738908,0.01990725579,0.01537826791,0.01874418271,0.003469009387,0.02149155062,0.001935635356,,,,,0.006417063594,0.01745908799,-0.0129659557,,0.01368050576,0.01951588272,0.001098071971,0.01780229701,0.01863945015,,,0.002429617086,,,,,,0.01761666441,0.003840417149,-0.002690771829,0.006698985585,,-0.009670873536,-0.009764246809,-0.005972212858,-0.005885179394,0.002935825212,0.008381817382,0.0008148102451,,0.01605526578,,,-0.01504121437,-0.0211467627,-0.01271369796,0.0005975189472,-0.003335772564,-0.01973217885,0.0009783801768,0.009294973592,0.006919232954,,,,,,,,,,,0.01070491596,-0.008593687619,0.01463877986,0.01092311798,0.001812762419,0.005521109098,0.01739644247,0.01469227409,0.001381841488,0.0005456843487,0.01756465051,0.01863375309,,0.0159066851
1991-08-31,0.003811754001,,,,,,0.002988628148,0.001089736815,0.006704343679,0.004899165145,-0.003465580283,0.000576757303,-0.005992713279,0.003952816626,4.416577153e-05,-0.004200241578,-0.0023470111,-0.005139814751,-0.007003842739,-0.001385971435,0.001868840667,-0.0004145686376,-0.001352389809,,,,0.005222333161,0.007546257717,0.005806519002,,,-0.01010921797,0.001018539176,0.004155501509,-0.0007670931294,0.01095693912,0.004628212524,0.008241474711,,,,,0.01738026639,0.007584057448,-0.003655102536,,0.005346872063,0.02454925055,-0.002689959922,0.003197807702,0.005169787031,,,0.001769068449,,,,,,0.007699916356,0.0006229159629,-0.006721159584,0.005560866403,,0.0001676467182,-0.004270543996,-0.008309115486,-0.004332334508,-0.0009623521224,-0.0007393166383,-0.003724584105,,0.007553763478,,,-0.007420023785,-0.001930479225,-0.00155944608,-0.002375144984,0.002169040713,0.0004079190766,-0.004044852443,0.006523056796,0.004877244138,,,,,,,,,,,0.006149068875,-0.00247854708,0.004594520976,0.004997201351,-0.002499077226,-0.003788017742,0.006237614731,0.01363484435,0.001261282186,0.008526931425,0.00427557121,0.006202853567,,0.005596083987
1991-09-30,0.003294285437,,,,,,-0.00425056384,0.00107443652,0.003048807144,0.006159525649,-0.007595323158,-0.003168134498,-0.002827377771,-0.001732516054,-0.00738482275,-0.005893165646,-0.005096580231,-0.004034248833,-0.008112973631,-0.003480071935,-0.004739548531,-0.006421141924,0.0005481633729,,,,0.003607074049,0.005255076483,0.002568870247,,,-0.01114402115,-0.007317936845,0.01011477032,-0.007514901737,-0.001985103216,-0.00311603833,0.002088220466,,,,,0.001790456804,0.004133653353,-0.001161096517,,0.006377937943,0.005699919622,-0.004309398288,-0.006367320071,-0.006485057661,,,0.002326596439,,,,,,-0.00882620876,0.01375380676,0.00885916306,0.005705938453,,0.003967545273,0.001078425093,0.001568038044,0.00468569268,0.006731906003,0.007496324876,0.003020549461,,-0.00770014067,,,0.002457117147,0.00198563928,-0.003115822463,-0.003510969882,0.01537336478,0.006516988861,0.008611497042,0.004852268684,0.01200086798,,,,,,,,,,,0.009390161204,0.009788869392,0.008319058556,0.00335377907,0.0003868947462,-0.007006224994,-0.004897315555,0.003046052566,-0.00818301171,0.002833330701,-0.008891013168,-0.00761653152,,-0.01152057331
1991-10-31,0.003320667881,,,,,,-0.001798424423,0.0003294539636,0.01179420399,0.001543877443,-0.001260268027,-0.001330833839,-0.004236207852,0.00541909598,0.002891792397,0.006205559435,0.005693725541,0.0003554416393,0.0008306258163,0.005441209276,0.0007185740056,-0.007165578835,0.004914485663,,,,0.007891305523,0.008622113189,0.005865915353,,,-0.003594958722,0.003005274444,0.002289219336,0.005445121938,0.005403194436,0.005030442685,-0.001737454865,,,,,0.005309312751,0.005025524471,0.003704171783,,0.00232142866,0.0122567788,-0.00410465735,0.009230245777,0.008616989155,,,-0.004452943475,,,,,,0.00674136397,0.001766361031,0.01025823582,0.004420073397,,-0.00174896177,-0.00304201731,-0.0006513462992,0.001196595551,0.0006791964657,0.001259680127,-0.00751875425,,0.00618509694,,,-0.00977154661,-0.007111694706,-0.006257464186,-0.004696446199,0.0003406221934,0.003014924086,0.00702311302,0.007178208725,0.0003470728153,,,,,,,,,,,0.001742653286,-0.00465979852,-0.003558214206,-0.0007738968915,0.002773634363,-0.003671326584,0.01001255589,0.01423755171,0.006777201639,0.009656869608,0.004010869398,0.004254914805,,0.007871036624
1991-11-30,0.0006122099517,,,,,,0.005965792771,-0.003075982432,-0.0001822734936,0.006199237711,-0.01033115321,0.004658931659,0.003362355513,-0.003286752266,-0.004980108402,0.003374927821,0.00589715932,-0.0007503609145,-0.001147026469,-0.0006151860259,0.004146551934,-0.002787842827,0.002038480618,,,,0.002435409931,0.001850206307,0.0006894521618,,,-0.004839248282,-0.007110942806,-0.002430737275,-0.006282114266,-0.0005443236707,-0.005783496838,0.001037739529,,,,,-0.0008661578469,0.00110351871,-0.002489386197,,-0.0007678939421,-0.002185628595,-0.001108628917,-0.006176762225,-0.007405152416,,,0.003729570342,,,,,,-0.007715898506,0.003545953766,0.00440063559,0.005859543247,,0.005061875898,0.004401760401,0.003381270629,0.005782882278,0.004326814247,0.003541835994,-0.005495313813,,-0.007950895959,,,0.005355176158,0.004692492314,0.0005116542906,-0.0009623991899,0.005756948719,0.003904186706,0.006594483437,0.006371029756,0.001503022924,,,,,,,,,,,0.003014470325,0.001049023671,0.007634113132,0.004182426441,0.0002496908265,-0.001334593904,-0.001271935214,0.001069211868,-0.003466307784,0.002111303332,-0.008095211715,-0.00828304167,,-0.007187401788
1991-12-31,0.0001081308039,,,,,,0.009068400298,-0.0006812688271,0.0002885659699,0.0105208454,-0.01079556368,-0.0007345899165,0.00497001581,0.0003969862047,-0.007036238451,-0.001171427115,-0.006994826809,-0.0007513812944,-0.008907883779,-0.002805616794,-0.002341312607,-0.005968149758,0.0003298686985,,,,0.003388297741,0.002576563325,0.0001191999783,,,-0.006589019981,-0.008606522985,0.005597650812,-0.008610129394,0.01178207951,-0.003428392384,0.009906155065,,,,,0.01693959207,0.01186361471,-0.006347116471,,0.00231932598,0.01620648868,0.001724153144,-0.01316898219,-0.01077708037,,,0.008721023383,,,,,,-0.00376015394,0.00565924496,0.009811183707,0.007660092403,,0.002478305662,0.0009152259949,0.007136091113,0.003638280489,0.003813213431,0.006575902483,-0.002117817307,,-0.002506893805,,,0.004174249777,0.005948039407,0.006822199056,0.002771952948,0.01337802601,0.009162875263,0.01420436116,0.01018353336,0.007985033135,,,,,,,,,,,0.008815590627,0.005287417207,0.007761652537,0.007921665672,-0.002414556901,-0.005147349418,-0.01198219115,0.003399552899,-0.01247841077,-0.001660166429,-0.002320903313,-0.002808289406,,-0.01292377309
1992-01-31,-0.007352718679,,,,,,-0.02392443602,-0.001963957791,0.02110416916,-0.004067027415,0.03902588103,-0.01928221698,-0.02265269139,0.02178392708,0.03384993123,-0.01262851177,-0.00584510863,-0.005486938425,-0.00966733478,-0.003352166925,-0.007684225241,0.00269882802,0.004687467203,,,,-0.02381050504,-0.01832507092,-0.02069943163,,,0.005449433713,0.03390500892,0.008433210581,0.03870859218,-0.009976698206,0.0274337411,-0.02078157345,,,,,-0.01691967528,0.009974147286,0.0077733507,,0.008652847481,0.01762714341,-0.008221843137,0.04291152735,0.03774485557,,,-0.02302038881,,,,,,0.03348920167,0.008243339151,0.002704838761,0.005856640057,,-0.004572502039,-0.008626580753,-0.01003359008,0.0103569544,0.009814426869,-0.01004598148,-0.007758688256,,0.02961643093,,,-0.0150176228,-0.01272352386,-0.0196355128,-0.009988861971,0.009057004852,0.009779959395,-0.006048765703,-0.002039242105,0.01210824273,,,,,,,,,,,-0.03923749508,0.007740889559,-0.01710905378,-0.004611585113,0.002862262326,0.0002879160426,0.02869246793,0.003028143024,0.02831772319,0.006399757365,0.03300142581,0.03361501446,,0.03794148072
1992-02-29,-0.001347896488,,,,,,0.0007256273884,-0.01112726058,0.007995064768,-0.003067291217,0.01211277639,-0.008474875256,-0.0071449205,0.01797222675,0.01299518819,-0.01107564217,-0.007618128522,-0.01097689748,-0.002995676028,-0.004762984109,0.004466525032,0.00827868967,0.000873966003,,,,-0.009410876501,-0.006468117288,-0.008418635439,,,-0.01221300927,0.01595824432,0.006660269317,0.01159082261,0.007612189413,0.01875111427,0.001034998256,,,,,0.004610247773,0.01426127832,-0.01111967478,,0.0122851663,0.01416371163,-0.002418702489,0.01703011793,0.0182317462,,,-0.003136104458,,,,,,0.02145602398,0.01723917023,0.005033760601,0.01538660322,,-0.005598719023,-0.005642689173,-0.01022840275,0.0002444045773,0.01034945484,-0.002874394241,-0.004836549986,,0.02154318724,,,-0.009606217446,-0.01252405936,-0.01485034035,-0.002843978212,0.009826973367,0.01502995076,-0.005381853276,0.003464844496,0.004973765097,,,,,,,,,,,0.005607755303,0.008955592782,-0.01489491272,-0.01065490964,0.001329774179,-6.051073021e-05,0.003696594202,-0.003347707229,0.004593198569,0.001434895563,0.02066012854,0.02102296708,,0.0195344296
1992-03-31,-0.003090935623,,,,,,-0.01475073067,-0.0007487625193,0.004912098103,-0.005055603453,0.01637455749,-0.004912772616,-0.009185100587,0.006577039914,0.01243862146,-0.006620840141,-0.003345928685,-0.002020589941,-0.003315261398,-0.000526291129,-0.006765870782,0.001257619475,-0.006705198117,,,,-0.009002709059,-0.008301300362,-0.004900852721,,,-0.0008162878846,0.0131528884,0.003420637181,0.01552808276,-0.008992818701,0.00889564962,-0.0110831562,,,,,-0.01102486016,-0.0004419613863,0.00335850021,,0.005321348709,0.00908989399,-0.001593902716,0.02446470304,0.02340807222,,,-0.0100027885,,,,,,0.01800481107,0.005121720283,-0.004587113859,-0.001885499345,,-0.00407079555,-0.004903445069,-0.003271945101,0.01061233289,0.006148411581,0.005455322206,0.003164843139,,0.01558035787,,,-0.003244205985,-0.004892344342,-0.008115130572,-0.001720815334,0.003120921659,0.00813920803,-0.0002862939058,-0.00167429553,-0.004043015512,,,,,,,,,,,-0.0008179107245,0.005260650402,0.005303481302,-0.001361662562,-0.001066679822,0.001053468437,0.01883230379,0.00624029367,0.01416490616,0.003036755761,0.01722746917,0.01808364962,,0.02349304231
1992-04-30,0.00365119613,,,,,,-0.0002170539383,-0.006129119698,0.002300745239,-0.00597755045,0.006764144799,-0.003068402155,-0.006865792301,0.004887506274,0.005084386268,-0.003226440884,-0.002887332898,-0.00617845644,0.001381903617,-0.0007354536077,0.004014137776,0.004425943474,-0.001047716812,,,,-0.007667003655,-0.006843526912,-0.005832406445,,,-0.004991654097,0.003931437076,0.003033614144,0.004615678898,-0.001085193903,0.003951629529,-0.003337506186,,,,,-0.001969252,0.003814009575,-0.005462495069,,0.003125593491,0.005609311321,-0.004738937931,0.00422057702,0.003027350376,,,-0.002216853634,,,,,,0.006064670087,0.002881483529,-0.003886371908,4.394218494e-06,,-0.001803279302,-0.001182480456,2.504345713e-05,0.005530688857,0.004181381517,0.005374472923,-0.001544601938,,0.004850770162,,,-0.001027811329,-0.001645814636,-0.002282682926,-0.004381381096,0.004940226039,0.002141356722,6.263578145e-05,0.002544455419,0.004325503419,,,,,,,,,,,-0.001796073854,0.003362099396,0.004890505417,0.004408389797,-0.003281996461,-0.004807257324,0.001454646379,-0.00192698916,0.002672123222,0.0003829867533,0.006002361198,0.005037494101,,0.002759489548
1992-05-31,-4.745918975e-05,,,,,,0.004427154997,-0.003601389888,-0.0004554388254,0.007293246352,-0.003500707089,-0.002809487936,-0.002531925088,0.004151832981,-0.0008670789811,-0.003332222894,-0.002351629483,-0.006874363496,-0.005736941551,0.001225481516,0.001675818916,0.0020646966,0.004276929179,,,,0.005534292915,0.006606331802,0.001248778563,,,-0.007503393453,-0.0001294811367,0.008722051826,-0.001851674612,0.007175436623,0.004157402759,0.01012192997,,,,,0.01236300246,0.01009417199,-0.005030763393,,0.003135717995,0.01027332893,0.005927579052,-0.007006531651,-0.007310010504,,,0.0002045415307,,,,,,-0.0005899422624,0.008584806121,0.0009510113679,0.004069937995,,-0.003175468911,-0.003933430444,-0.002059635861,-0.004896699151,0.0001241790765,-0.001829638273,-0.004872996954,,-0.0002670803276,,,0.005050623169,-2.673533033e-05,0.001102539622,0.005544066727,0.008549732474,0.008902534123,0.001353594701,0.005301836855,0.01001317341,,,,,,,,,,,-0.001565710696,0.002125098524,0.001931111471,0.003583355552,0.003857823887,0.00497672269,-0.004849878069,0.00161598684,-0.006494518761,-0.001029031298,-0.001233572225,-0.0003075572327,,-0.005502524248
1992-06-30,0.005405376717,,,,,,0.006439445746,-0.009941002565,0.01186815744,-0.002737042221,0.00398253319,-0.006102570111,-0.01262281881,0.005950411086,0.001838326378,-0.011062755,-0.01082331348,-0.0119081498,0.008232241942,-0.008526981768,0.007859846544,-0.004933609009,0.003807359025,,,,-0.003921651682,0.0032086882,-0.006820569103,,,-0.01206429816,0.003898655377,0.004612119521,0.00313994099,0.01033706497,0.009148488225,-0.003617464844,,,,,0.007223540614,0.00980793101,-0.01175935879,,0.01144214655,0.01991219619,-0.008846318449,0.006712201664,0.005775274402,,,-0.001101746843,,,,,,0.008697518573,0.01274838048,-0.001237127012,0.006333013998,,-0.001920418777,-0.003881008039,-0.006216819266,0.009669244622,0.01239549395,0.007340947772,-0.0006539401318,,0.007242147745,,,0.001415938903,-0.007906292801,-0.01159094271,-0.008640306359,0.008031204429,0.0081193067,-0.0003617278475,0.01205684194,-0.0007786578972,,,,,,,,,,,0.002600559725,0.003007757818,-0.001169775383,0.004204111886,-0.003746318797,-0.008380397068,0.008697883762,0.01319744448,0.008208989572,0.006797046079,0.007362014855,0.009077403415,,0.004172807345
1992-07-31,-0.006402202845,,,,,,0.01320963324,-0.004192088347,0.002703467345,0.005596159396,-0.008157168219,-0.01013556455,-0.004257280338,0.003082261662,-0.007811671239,-0.004153464197,-0.008752066812,-0.01217491925,0.004856514159,0.002760515768,0.008588826615,0.003317041585,0.009102044867,,,,0.005044805085,0.004003823052,0.002728848889,,,-0.01389745288,-0.00832587414,0.005959478627,-0.01057483686,0.01170627671,0.0003183255072,0.01255451929,,,,,0.01521593278,0.01285431537,-0.01103452799,,0.004121860228,0.003397430594,0.001641917652,-0.004479123551,-0.006556670242,,,-0.007490378522,,,,,,-0.009031410939,0.01255351829,0.0004423863555,-0.006070020262,,0.004163044294,0.002206966527,-0.00102578806,0.005114331367,0.005248753649,0.00389580924,-0.004886224037,,-0.008737498697,,,0.01330811346,0.008345983938,-0.0003103349042,0.003053930213,0.01657165375,0.01419588442,0.005177047773,-0.0007440710519,0.01115632277,,,,,,,,,,,0.007764309134,0.005237471096,0.003097461603,0.002856114123,0.008424598109,-0.001564028432,-0.004599291197,0.00204660588,-0.001846855422,0.01005173766,-0.009344466674,-0.008003512487,,-0.01040283769
1992-08-31,-0.003821874076,,,,,,-0.01719443781,-0.02716150437,0.0008248706342,0.01802937242,-0.008945353786,0.006127821277,-0.03940136595,-0.03806948225,-0.04803498546,0.003768403229,0.01822798838,-0.03497901279,-0.01693377228,0.04801403,0.001640059602,-0.06037064394,0.007651741232,,,,0.06257819007,0.0577675585,0.0415972608,,,-0.01666044265,-0.03937692975,-0.001527231972,-0.006949784782,-0.02583538404,-0.03959696085,-0.04725892156,,,,,-0.03773400705,-0.03410998032,-0.01638299768,,0.03755250404,0.05046221063,-0.02186815639,0.01740335389,0.008820122427,,,-0.008646014824,,,,,,0.003481334511,0.01985121801,0.02631169526,0.007077665074,,0.003913439097,-0.004709762395,-0.02838674031,0.01588707058,0.01065790258,0.01306583566,-0.05117014295,,-0.009275108561,,,0.02813145435,-0.02478897312,-0.05042525636,-0.02804406616,0.001207699162,0.02871378124,-0.00277815409,-0.02358274693,-0.01616660355,,,,,,,,,,,0.02521338432,-0.03762818085,-0.03611122124,-0.04276509503,0.01380464438,0.00146959577,0.05607930523,0.08452398198,0.06043059446,0.08194439791,-0.004429349925,0.007934957587,,0.01756086032
1992-09-30,0.00268947767,,,,,,0.006405480442,-0.007750427981,-0.009399024126,-0.0004598563604,-0.009115713151,-0.005679509958,-0.005394168696,-0.006601945626,-0.01188302193,-0.00264892466,-0.007973240121,-0.01481426628,-0.006539108511,0.007312609248,0.001378028804,0.004647824673,0.001206821353,,,,0.007212295711,0.004659851838,0.006965955984,,,-0.01194750292,-0.01273678851,0.004717656603,-0.01389382664,0.001357941922,-0.008554694272,0.004932194239,,,,,0.00935396669,0.002233764911,-0.01383871489,,0.00749508213,0.006476801454,-0.004915897167,-0.00747793062,-0.008867118302,,,0.002977922556,,,,,,-0.008812523467,0.01163996233,0.009618176324,0.009469586262,,-0.003595320313,0.005956926062,-0.0003830972433,0.00298060628,0.003863079782,0.006549466362,-0.007825788644,,-0.009199602141,,,0.006458412471,0.003436341606,-0.0006838629029,-0.004655023051,0.00839207281,0.007791672838,0.01059019676,0.01012358049,0.006472153769,,,,,,,,,,,0.006457910555,0.002602608468,0.006426935709,0.00425109927,0.0002582516837,-0.007651245728,-0.002810609184,0.01030342495,-0.0005546994137,0.007663230921,-0.01053437994,-0.007404156689,,-0.009733788919
1992-10-31,0.0144020923,,,,,,0.006345205331,0.03294852203,-0.0008691976369,0.02317697811,0.02745599238,0.04088528549,0.02395850006,0.01532893979,0.02914295579,0.002792785166,-0.006877995255,0.01157065993,0.02058931216,-0.03059488254,0.01482073559,-0.0009096669926,0.008274850097,,,,-0.02772931268,-0.03467339207,-0.02303862294,,,0.0409420238,0.0275592652,-0.02022740389,0.03238633606,0.006420596318,0.01926433371,-0.008356964434,,,,,-0.007992195143,0.001728983628,0.031571413,,-0.02602840061,0.05592506832,-0.01386416649,0.05528120637,0.02564338439,,,-0.04737382883,,,,,,0.04314969738,-0.02327668039,-0.03722483788,-0.03576432179,,-0.0006376521958,-0.0006220555285,-0.0005409241468,-0.01015779611,-0.00920565136,-0.0105520784,-0.009747959509,,0.04078788862,,,-0.02385171915,-0.009445130208,-0.01353077659,-0.01411591041,-0.03493605459,-0.01775741135,-0.03890072602,-0.03974024361,-0.03370193013,,,,,,,,,,,-0.02976536668,-0.03507893546,-0.0301698356,-0.03692960778,-0.03205647043,-0.008691041153,0.02551001392,0.003230415841,0.02580790363,0.008288401767,0.03303816594,0.03463703899,,0.05386812063
1992-11-30,-0.008353872813,,,,,,-0.001694501113,0.01633577386,0.006353065152,0.03067636985,-0.00600708302,0.005239391785,-0.009403619099,0.006635959415,-0.004309152469,0.003019576281,0.008080328773,0.007937677449,0.008461155062,-0.002739689022,-0.02867353825,-0.02132671108,-0.01451389876,,,,-0.01312254128,-0.004792458746,-0.007655115414,,,0.02727142497,0.001489471077,0.002082160128,0.004777947286,-0.002554162122,0.002789301693,-0.02731513553,,,,,0.001156811607,0.003265543198,0.01763210451,,-0.02120415141,0.008880229428,0.02003329964,0.008359059937,0.008783012881,,,-0.01927591779,,,,,,0.01240557776,-0.007809211451,-0.001265989314,-0.01685697425,,0.003463917512,-0.005382368473,0.0105797357,-0.01698688003,-0.002165075638,-0.007113567908,-0.01222578168,,0.009124920375,,,-0.007417756532,0.007600789889,0.01105115715,0.0199508536,-0.005047969763,0.01313374395,0.002306682747,-0.01468103381,-0.007558643278,,,,,,,,,,,-0.0203372528,-0.02563579276,-0.01583175993,-0.02381279531,-0.007617073933,0.01873721376,0.00180213868,-0.01005624523,0.03060920027,0.01417113299,-0.004374731182,0.008576166926,,0.01490632651
1992-12-31,-0.001164662379,,,,,,0.007079334043,0.004810203477,-0.003217597382,0.001889655704,-0.006549107231,-0.0008813193653,-0.0009548862432,0.004405862682,-0.006360882269,0.0005085585341,-0.009785802192,-0.005434644928,0.001560087524,-0.0002518238052,-0.0009713525514,0.0022588551,0.001964939571,,,,-0.002763454817,0.0003562843874,-0.005742269465,,,-0.00420332681,-0.002206885892,0.007192159482,-0.005906496058,0.01101275367,0.003144430422,0.01277370796,,,,,0.01676753705,0.01264884047,-0.006779551951,,-4.299582443e-05,0.004195532552,0.005157992695,-0.006090305983,-0.007192568361,,,-0.001024216056,,,,,,-0.003516606404,0.002727659939,-0.007011208601,-0.0004954920628,,0.003437012509,0.0007849503396,0.003672706792,-0.00393786419,0.003362040408,-0.000636289691,-0.002716050175,,-0.004327599548,,,0.01036976518,0.007585643043,0.007755800782,0.005822797742,0.007053654552,0.004804488877,-0.00417440116,0.002804169792,0.005560687897,,,,,,,,,,,-0.007439988148,0.005481572382,0.004302230791,0.004670941659,0.003689036534,0.003657543347,-0.004249825637,-7.089423048e-05,-0.002313695453,0.002269649805,-0.004319240056,-0.00326389498,,-0.005425857393
1993-01-31,-0.00622852535,,,,,,0.01482765097,0.01297410915,0.001380307256,-0.004482134847,0.01597307563,-0.0244987405,-0.007875904388,0.01124961549,0.01661878325,0.01533871784,-0.01912261274,-0.007151027435,-0.005640706689,0.0149485093,-0.005767286068,0.0148502038,0.008266702834,,,,-0.01461076408,-0.003705723938,-0.01655735545,,,0.008862233819,0.01448246263,-0.01530708364,0.01577018844,0.01757000725,0.01532899967,0.0007150786158,,,,,0.001617538414,0.009348476054,0.007165365928,,-0.009108791591,0.03966227293,-0.01734018843,0.03150813361,0.03295408864,,,0.0002011225822,,,,,,0.03161649424,-0.01602928196,-0.0333494349,-0.01689268545,,0.003907361622,0.005668931842,-0.0127131144,-0.01164292433,-0.002631907688,-0.01205741683,-0.002777038048,,0.03082011952,,,-0.0007280029961,-0.004843300299,-0.01310108588,-0.02172685264,-0.02119308823,-0.01897746057,-0.02894657719,-0.01398905267,-0.01101445943,,,,,,,,,,,-0.0005094776952,-0.00150906059,0.003136684328,-0.002342040932,-0.002229018489,-0.005017934984,0.01229588383,0.01040376598,0.02100979106,0.02348139516,0.0322197696,0.03235132641,,0.02587351477
1993-02-28,-0.01186489558,,,,,,0.008520202453,0.004856020612,0.002996654672,-0.003666743665,-0.006771833068,0.005155160176,-0.006816230071,0.005393989876,-0.001736067281,0.001342503877,-0.002396968083,-0.001279382015,0.002241849727,0.003816275466,-0.0017299028,-0.002323425974,-0.001647902873,,,,-0.003832875526,-0.001920164821,-0.006684823654,,,-0.004168336363,0.002018963502,0.008641691788,-0.0003027955195,0.008907066358,0.007021759793,0.008670774165,,,,,0.01179394896,0.01444392831,-0.005683205852,,0.0008079222452,0.006784792853,0.007040906355,-0.003610280192,-0.002688407726,,,0.003019272856,,,,,,-0.002834074504,0.002203200871,0.002563139854,-0.00460122633,,0.004848110519,0.003385565838,0.001293169662,-0.002368999221,-0.00080707215,0.001364133795,-0.004149971298,,-0.003464482656,,,0.007315515217,0.01070202573,0.005457171056,0.00656766177,0.006169589378,0.008060244911,0.005605932091,-0.0007685606865,0.006879486263,,,,,,,,,,,0.01169999395,0.009385075626,0.006135696886,0.006321429855,0.01110451169,0.005159113718,-0.005722054628,0.0004451857017,-0.005201907486,0.0004292097944,-0.0004150907545,-0.003089978165,,-3.789880989e-05
1993-03-31,0.00382367847,,,,,,-0.002591746437,0.007256919727,-0.005560831007,0.004602659226,0.004963217775,-0.003968492996,0.004116309978,-0.0007351563172,0.005245014179,0.002602426971,-0.002340815269,-0.001245675424,-0.005002963567,-0.004558617664,4.435875838e-05,0.00277750359,0.002311826876,,,,-0.002794506279,0.003081380604,-0.004126984356,,,0.006282367606,0.003118144963,-0.001392810747,-0.0006857209285,-0.0008777825028,0.003035354804,0.0008980036877,,,,,0.002135828008,0.005197269179,0.007112675016,,-0.0006461040728,0.008313828962,-0.007771689497,0.009013631042,0.006251236149,,,-0.00692763818,,,,,,0.006463763881,-0.002479540423,-0.008826768214,-0.01247357958,,0.005714068445,0.002999724574,0.002826471732,-3.493799811e-06,0.001669388456,-0.001782855605,-9.409262215e-05,,0.006965932655,,,0.001556886189,0.002583861699,0.003536215727,-0.009110994635,0.0001034460545,0.003132214478,-0.004042934618,-0.00282599096,-0.002775502075,,,,,,,,,,,-0.005685660354,0.004799639518,0.004486945998,0.003703189175,-0.001202748413,-0.009380471896,0.004630187401,0.002200236965,0.004004623254,0.006944874478,0.005005181877,0.005271622712,,0.0084825941
1993-04-30,-0.0007974157648,,,,,,0.00313781319,0.005628028762,0.00491979232,-0.003701562758,0.006879479755,-0.004988880001,-0.005696082583,0.00621886216,0.003758732668,-0.001247964211,-0.004151405237,-0.002020586621,-0.005795358227,0.003988004498,-0.003988355223,0.004119646262,-0.005640380812,,,,-0.008343227657,-0.005750836333,-0.004926060794,,,0.001947472194,0.003120446274,-0.0009991589073,0.003836569957,0.005736480555,0.004952433448,-0.005952778844,,,,,0.00131785491,0.00347831145,0.004552443361,,0.0001845003627,0.006130504215,-0.006422931103,0.008897824701,0.006194274061,,,-0.002849462028,,,,,,0.006463381864,0.007286186698,0.008995483674,0.003125527318,,-0.00433770404,-0.0084157733,-0.002853561358,0.001155919617,0.0004129380204,0.006035263612,-0.003319424222,,0.003551493653,,,-0.001462908052,0.001348725243,-0.00575154259,-0.006440633699,-0.001438456267,-0.0009763501785,0.007077401108,-0.005892178676,5.724602366e-05,,,,,,,,,,,-0.002916948613,-0.005909867749,-0.003844138399,-0.004778905854,-0.0002039767344,-0.002947579437,0.008472129713,0.005481682046,0.006032014829,0.004095335156,0.004872273489,0.006384564785,,0.006626269936
1993-05-31,0.0004214888804,,,,,,-0.002979456459,-0.003836835168,0.01101843314,-0.001849126202,0.01034413719,-0.005171924046,-0.006545162189,0.004340757895,0.004793122638,-0.003967578853,-0.002508232099,-0.007194183028,-0.006708117193,0.003904036463,-0.002073015524,8.428759364e-05,-0.002830132472,,,,-0.0008386098751,-0.002426458047,0.0006186591467,,,-0.003200681123,0.004567978289,-0.003423667236,0.006217545354,-0.0004052757996,0.004102696423,-0.009029919153,,,,,-0.00398642298,-0.002219463779,-0.003511914387,,0.006657400696,0.0004522517107,0.001499791994,0.01505408771,0.01422892477,,,-0.002778296161,,,,,,0.01153740124,-0.0032978796,-0.0003444193479,0.001269534903,,0.003696816356,0.003998326651,-0.001917091738,0.001833687399,7.186548298e-05,0.003667353511,-0.0006337115003,,0.01172154999,,,-0.003344930757,-0.003001949792,-0.006248935163,0.001437676767,-0.004686781595,-0.007175356156,5.813615224e-05,-0.0001588661668,-0.003715592409,,,,,,,,,,,-0.0002077139475,-0.006471417142,-0.001632591143,-0.0009719494972,0.002603876078,0.0002870657209,0.007459656461,-0.002131049833,0.005319884552,-0.001148734502,0.01116129831,0.01098458785,,0.01157629534
1993-06-30,-0.01224098124,,,,,,0.01372577966,0.007087468218,0.00809546125,-0.004321241351,-0.002334760136,0.004676531817,-0.0113436042,0.01093090348,-0.0004722239266,0.003776577906,0.001197752886,0.008564316424,0.001705593399,0.005932993384,-0.009036891666,0.001936705956,-0.002918835384,,,,-0.009779965068,-0.00616457145,-0.0129456077,,,-0.004026393348,0.007062240426,0.008969074208,0.006170165663,0.01987484681,0.01370329756,0.01280525326,,,,,0.01996393907,0.02156328667,0.002403994829,,-0.005757468758,0.003831643567,0.0006646770376,0.0003128073504,0.001666457353,,,0.01070192958,,,,,,-0.0005929417269,0.01075493678,-0.003920088931,0.01490010582,,0.008339700721,0.003404345336,-0.0006434204771,0.005335629954,0.002959071266,0.002274486268,0.0002786908065,,0.0009990459323,,,0.01406055511,0.005585771681,-0.001552480764,0.0005525440534,0.0131771864,0.002483993088,-0.002557750043,0.01647300117,0.01093531845,,,,,,,,,,,3.615318529e-05,0.008604503768,0.01035035274,0.01168406728,0.01283476424,0.002382295426,-0.003039302597,0.0008180455918,0.0008250095405,0.005559476752,-0.002401655258,-0.001002393037,,0.001185070031
1993-07-31,0.002340143401,,,,,,-0.003170307701,0.001332132297,0.003243951009,0.002162812368,0.0007635963408,0.004223667975,-0.001635060687,0.003516646752,0.007008852705,-0.006171495115,0.00242413108,0.002564430922,0.005511861974,-0.004010863316,0.002334803116,-0.002225125642,0.001399735701,,,,0.004374922204,0.001130703507,0.002549437873,,,0.004456712661,0.007491004574,0.0006658722341,0.006492043225,0.0002899519589,0.005150794364,-0.001056786979,,,,,0.001396203397,0.002129307324,-0.0006047579658,,-6.514852705e-05,0.007398907086,0.009071191297,0.004241672525,0.003212601545,,,-0.005030070158,,,,,,0.007965577227,-5.835185557e-05,-0.002801062678,-0.0009662881458,,-7.05838843e-05,-0.001878946513,-0.0006257145157,0.0004522854779,-0.001729557223,8.58805463e-05,-0.001056080664,,0.007275273653,,,-0.001594648547,-0.002073194491,-0.002554449834,0.008900690982,-0.0007527999733,0.003019027539,-0.0003608393303,0.0007980688289,0.001767515561,,,,,,,,,,,-0.001029102835,-0.001528684885,-0.0002114640613,-0.0005881515689,-0.0009585166163,0.009768125636,0.000582765515,-0.001329717964,0.002802594008,-0.001522139821,0.009088178638,0.007940825209,,0.007812734079
1993-08-31,-0.01426955427,,,,,,0.01467740881,-0.000746297391,0.005168748939,-0.006979710371,-0.01268881537,-0.0005514689251,-0.01340735798,-0.003200370245,-0.01330236714,-0.004659555042,-0.001698756141,-0.001461010455,0.002464853004,0.001056219707,-0.007744844786,-0.005614166484,-0.004165420858,,,,-0.0110405507,-0.00238743467,-0.006906463004,,,-0.007018485926,-0.003396691336,0.003429792227,-0.003941892467,0.01301474127,0.00205053539,0.0008153719109,,,,,0.0140076157,0.00800681624,-0.007273141742,,-0.008341878921,-0.006037442099,0.01717337352,-0.01848203079,-0.0169686237,,,0.0006089501932,,,,,,-0.007251363825,0.01412869657,0.01229855583,0.01295977038,,-0.001184026852,-0.006667007752,-0.005637007912,0.006321837367,0.004116279825,0.001792413284,0.0003912654188,,-0.007003163534,,,0.01085323034,0.004492873237,-0.004469211978,0.01761664676,0.01420425826,0.00113152847,0.009730547423,0.01334919988,0.01294099453,,,,,,,,,,,0.003940003063,0.0104348189,0.008398030213,0.009881825848,0.01190902385,0.01541573673,-0.01008811158,0.001941640136,-0.007990112398,-0.001585765874,-0.008161565441,-0.006715963884,,-0.01424609055
1993-09-30,0.003154498205,,,,,,-0.0004189981797,0.003362602115,0.001908917913,-0.001651050705,0.005309644815,-0.003147430479,-0.000930597999,0.0003260706123,0.001926243488,-0.0008508211308,-0.002849449179,0.0009099152426,-0.005166767631,-0.00273554866,-0.0006673566613,0.005986116145,-0.000312702054,,,,-0.00335955028,-0.005817743864,-0.00572031873,,,-0.001181551574,-0.001615111128,-0.001322331166,-0.001881967606,0.0006939535558,-0.002332657719,-0.002026172812,,,,,0.0005531867449,0.0003291289115,0.0004965277066,,0.00595969492,0.002527557687,-0.01132394764,0.002031800204,0.002442015907,,,0.001423243076,,,,,,0.001011585566,0.002955769691,-0.00302771333,0.001752161458,,0.0005134686938,-0.001702110487,8.0013626e-05,0.0003776359848,0.001702873348,0.0006400728297,-0.00133505803,,0.0009530883263,,,0.005165005712,0.002904134601,0.0009635081505,-0.01147674603,0.003399596546,0.001735723858,-0.002555844574,0.00308085393,0.001825076627,,,,,,,,,,,-0.007267356304,0.002561087295,0.0007991097688,0.001642396479,-0.005017358521,-0.01056270504,0.0078658207,0.009331600153,0.004550421336,0.00764129794,0.000169570157,6.638883203e-05,,-2.682501741e-05
1993-10-31,-0.006796249178,,,,,,-0.001332848693,-0.004211599651,0.005786867572,0.0006828425497,0.007493929916,0.006271311224,-0.001000244153,0.0067889164,0.01108449347,-0.001450693535,0.004737624501,0.005084639956,0.002400670179,-0.002552590547,0.00111692249,-0.006624373286,0.003872006404,,,,0.007321865257,0.003289693949,0.003367798267,,,0.006461086024,0.00888759146,0.00155660534,0.007621526815,-0.001423299634,0.006680450414,0.001736806388,,,,,-0.002422297966,0.0008752173078,0.006893424653,,0.00813037341,0.006597044245,-0.002454888412,0.02199107576,0.02104488999,,,0.008754904105,,,,,,0.007056172919,0.0002018800902,-0.01077788346,-0.003438103896,,0.01085106436,0.01588419807,0.006902017149,-0.009678398362,0.007069237049,-0.006007562946,0.0001656355852,,0.007466087733,,,0.004453830709,0.002425681768,-0.001494040086,-0.002191049395,0.006438789667,0.006843614889,-0.01004791044,0.001833257501,0.004778628052,,,,,,,,,,,0.001053325172,0.00417302043,0.006555052348,0.007022284332,-0.001645559491,-0.0003864743653,0.003456902659,-0.005446757963,0.007409264746,0.004234591157,0.00896711833,0.008500002718,,0.01954913467
1993-11-30,0.01074735762,,,,,,-0.0148490576,0.01222848336,0.01731982799,0.02097897345,0.01031178469,0.001097557367,0.007570645922,0.00126864842,0.009047213771,-0.008500188274,-0.009846526715,-0.007494096553,-0.004542078634,-0.01303933056,0.008886594059,-0.02079459314,0.01163096336,,,,0.01131045703,-4.262411191e-05,0.0008706832458,,,0.0280463704,0.004200204119,-0.002895384855,0.003473440966,-0.003996806616,0.0002262592072,-0.003250387107,,,,,-0.01043182432,-0.004823021835,0.02320211615,,0.003378630238,0.04219688753,-0.0059267962,0.04552436467,-0.001144618767,,,-0.002358250663,,,,,,-4.991666382e-05,-0.02172424788,-0.01843105053,-0.01764461125,,0.00978230567,0.01467578424,0.00983495653,-0.004278776245,0.0046916672,-0.007821624426,-0.01152545834,,-0.005274530817,,,0.001323895595,0.008318489995,0.01054252034,-0.007583665871,-0.02000648056,-0.01110109615,-0.01612476806,-0.02100110093,-0.02106074972,,,,,,,,,,,-0.003799437065,-0.002853123669,-0.01291996235,-0.007377546806,-0.003715310548,-0.003755275648,0.01512502775,0.001759058296,0.02106432709,0.0130653563,-0.004805609373,0.000387529901,,0.03585333652
1993-12-31,0.003767371895,,,,,,0.00254133768,-1.158754391e-05,0.004746544745,-0.003130182928,0.006046747188,-0.001080622091,-0.002531097642,0.004303810379,0.006600601418,-0.002591665842,-0.00382569529,-0.001122742737,0.003942001082,-0.0007777642059,0.001176171768,0.003296684662,0.001140087882,,,,-0.002922666297,-0.003975576404,-0.002273077928,,,0.0007379647139,0.001710216704,0.005433796622,0.001681583905,0.001990449437,0.001434893741,0.0001046026298,,,,,-0.001395459821,0.005162977613,0.002503641911,,0.001188489172,0.004078842473,-0.003071169916,0.01099352373,0.005863487284,,,0.001990538626,,,,,,0.001539548568,0.001160131176,-0.001968275156,-0.001581845534,,0.002704992439,0.005904140797,0.003684088276,0.004115443613,0.002901924157,0.003702687754,0.0015117629,,0.001371133211,,,0.004496483392,0.004196282197,0.003796794526,-0.002894764993,0.007439462039,0.007561434542,0.003857090193,0.002793007455,0.003994651609,,,,,,,,,,,0.001293285931,0.005135938463,0.005614369358,0.005650113832,0.0009380899147,-0.002901370253,0.003990020614,0.001692927566,0.004259871181,0.005193531761,0.0007681073324,0.004515549449,,0.008558110266
1994-01-31,-0.01287124819,,,,,,0.008667289602,0.002859069931,0.004157344518,0.003012458974,-0.001168416795,-0.0006836365972,-0.01198810374,0.006633978393,0.002416656763,-0.009665205746,-0.01177849988,-0.005854124896,-0.001634697051,-0.01229943157,-0.001387023623,0.002849376823,-0.005917649737,,,,0.00505630981,0.00816124753,0.008459965658,,,0.004240156301,0.009298171843,0.01013026511,0.007207636133,0.007478041716,0.01074544896,0.006181558148,,,,,0.01508822809,0.01569456728,0.000989682116,,0.003415010291,0.007207850842,0.006915385302,0.006966755024,0.004428014978,,,-0.006835104312,,,,,,0.01318574977,0.008135586871,-0.005253500619,-0.003301771413,,0.0003923493708,0.003004823145,-0.002298551223,-0.001729402437,0.001863060941,-0.001425983957,-0.007808142085,,0.01111843514,,,0.0006333984887,0.0005015546947,0.0005715939877,0.006827283708,0.004351872321,0.002493001928,-0.002062255869,-0.002002177921,0.003020569936,,,,,,,,,,,-0.003695308768,-0.001357423354,0.003797519426,0.00106675172,0.01092229186,0.008642361434,0.004143650242,0.003248161749,0.006847227137,0.002206983958,0.01260153142,0.01348347232,,0.01229105577
1994-02-28,0.01358193427,,,,,,-0.02118320241,0.002048451747,-0.003128157298,0.003438296108,0.01343230953,0.00800003902,0.02047580428,-0.002896151679,0.01462131912,0.00212865611,0.005898054146,0.001675843664,0.004673166143,-0.002297602131,0.01473214891,-0.01007603986,0.01910819372,,,,0.002053926635,-0.003759584462,-0.004133760684,,,0.006706168976,0.001501310562,-0.01750537049,0.003688615309,-0.02134740721,-0.003812880942,-0.01363754242,,,,,-0.0234129477,-0.02192160361,0.004465918684,,0.007569204811,0.007829280497,-0.004472723571,0.02400256407,0.01943673962,,,-0.009724474201,,,,,,0.01454141981,-0.00542351364,0.01834509653,0.001626663771,,-0.006762158823,-0.003283758086,0.004712932238,0.008483223182,-0.003420977864,0.009147827334,-0.003244706803,,0.01298180139,,,-0.01795003928,-0.01444737275,-0.007323815761,-0.005237696119,-0.01520419046,-0.0177260173,0.01729387368,-0.002456779588,-0.01148219037,,,,,,,,,,,-0.01855695105,-0.01533905658,-0.01095179612,-0.01272242295,-0.01209849117,-0.003363971544,0.01388581754,0.001900037289,0.01363065083,0.006062153144,0.01640795291,0.01323083698,,0.02129111135
1994-03-31,0.0148861133,,,,,,-0.01292198621,0.002289032763,-0.003976594847,0.004903446368,0.008467709659,-0.004189662222,0.02018752706,-0.00715180123,0.0102332794,-0.005807804397,0.01064073964,0.009580148732,-0.001901823533,-0.01098633845,0.01220601817,-0.007699614858,0.0137301757,,,,0.003084814485,-7.815915398e-05,-0.0003167399076,,,0.01215664583,-0.001847944797,-0.01926386949,-0.000793637533,-0.01568269917,-0.009384867667,-0.01504393468,,,,,-0.01822179571,-0.01953920893,0.007992911878,,0.005954980395,-0.008488069433,-0.007383451509,0.01438734115,0.00990473106,,,-0.000768233704,,,,,,-0.0004426378357,-0.01040768093,-0.01691763057,-0.002394797445,,-0.007266556699,-0.01063429818,-0.00318660957,-0.00644375707,-0.01284388308,-0.009287202179,0.005711559994,,-0.003655168545,,,-0.02567091073,-0.02409967177,-0.01388256416,-0.008254130096,-0.02362668549,-0.01468478878,-0.02416556103,-0.0155453317,-0.02678821087,,,,,,,,,,,0.01778051821,-0.02048322656,-0.00984053132,-0.02007245044,-0.0136464003,-0.006924615987,0.02252849007,0.02176786384,0.01853245016,0.01489584126,0.0005950085146,-0.001516111583,,0.005340549466
1994-04-30,0.007092373097,,,,,,-0.01233415731,0.01491642893,-0.01136616984,0.008444566566,0.0117379872,0.005437211147,0.01571117946,0.006613639143,0.01799087012,0.007781235216,-0.004090189813,-0.002810258193,0.01222804288,0.006891632094,-0.004191646602,-0.01007372406,-0.003576548001,,,,0.003226185881,0.003369512688,0.0005590091665,,,-0.002975274971,0.005573244643,0.002871829965,0.008250916502,-0.01953008655,0.00498749901,-0.01823049792,,,,,-0.01930889068,6.0499416e-05,-0.004713988448,,-0.006129511003,0.003854422068,-0.009180365692,0.01411798474,0.01537782151,,,0.006337293032,,,,,,0.01372679901,0.01089425171,-0.005396746353,0.01488510076,,0.006720634913,-0.0004786268037,0.002353084382,0.004241665363,0.006976105103,0.00226104884,0.001521290301,,0.01403643885,,,0.004980446437,0.00426977855,0.006649044539,-0.009363120831,0.007802948646,-0.01642463522,0.01159826369,0.01122555994,0.01181386487,,,,,,,,,,,0.001029445684,0.008060885917,0.005930528482,0.006950664846,-0.01274236069,-0.002699221218,0.01620151207,0.01656593736,0.01596577137,0.01447040204,0.01215969474,0.01299329612,,0.01182620893
1994-05-31,0.0004299542802,,,,,,-0.006025817826,0.006838895583,0.002038443954,-0.01030401421,0.006314467575,0.006741254176,0.003756205427,-0.0003228267697,0.006213247036,0.003143595511,0.007120445422,0.005815192163,-0.0003366677927,-0.001006957846,0.006391015185,-0.005305295092,0.0009007091279,,,,-0.008653344113,-0.009899336399,-0.01240338283,,,-0.00119679887,-0.001128340226,-0.006051107344,-0.0002042651072,-0.004235180615,-0.0008302489561,-0.00325823449,,,,,-0.004233857548,-0.007007612193,0.005490028295,,-0.004927935565,-0.00440128945,-0.01020073745,0.009605476304,0.008217635436,,,0.002414419915,,,,,,-0.003534689986,0.00888109166,0.005623991048,0.004727988621,,0.00587731619,0.003652894701,0.001808066892,0.003726721771,0.005788362502,0.003796198791,0.005261179821,,-0.001260685065,,,0.0001325094358,-0.0001193175542,0.0001797804592,-0.01054776201,0.01216192542,0.001186198955,0.006868104259,0.009160057511,0.01386123704,,,,,,,,,,,0.003693066454,0.005787322842,0.004870568704,0.008217814661,-0.002184843677,-0.009782690465,0.003178085159,0.003444619844,0.005339273891,0.006310557114,-0.002566859104,-0.003878612364,,0.005441366998
1994-06-30,0.0009888374989,,,,,,-0.00365820572,0.004643984696,-0.0005564535492,-0.003791930591,0.004210968238,0.0005806184058,0.003028762925,0.0005822295688,0.005679112948,-0.0005713285473,0.004641829616,0.004359513131,-0.0002001080201,-0.002371637829,0.001030696057,-0.003546827314,0.00317530176,,,,-0.002485212467,-0.003761529724,-0.003688784576,,,0.0003696331807,0.0002346386231,-0.0007948343966,0.001649014619,-0.006002419425,0.0002198940817,-0.003389093512,,,,,-0.005618329396,-0.002185109612,0.002352991623,,0.002101599069,-0.002632661927,-0.00293433218,0.00659616984,0.006556709785,,,0.001836691953,,,,,,0.00185228238,0.003179062613,0.003826931834,0.004653245485,,0.002993332157,0.003918011124,0.003346621169,0.0007949354628,0.0009774397043,0.001564617393,0.0009920142432,,0.001653259745,,,0.001314722876,0.0007459845056,0.0004747049765,-0.002749683246,0.005936448452,-0.001962134449,0.001548914736,0.00579513534,0.006670350166,,,,,,,,,,,0.002352642702,0.004643868437,0.0006257419051,0.003687063757,2.614982969e-05,-0.002764353392,0.003130260805,0.0002919455549,0.005164554973,0.003227826898,0.0008527995062,0.001207539346,,0.004208395051
1994-07-31,-0.002502486735,,,,,,0.01316235966,-0.007419801805,0.00597795985,0.01097179999,-0.01106216496,0.004375004682,-0.008234816568,-0.002666444506,-0.01313979481,-0.0003514316138,-0.01321885236,-0.01277630559,0.002601437235,0.005105652181,0.0008695924529,0.01060932032,-0.007122315982,,,,0.01031901585,0.008886330356,0.01318908513,,,-0.01145948736,0.008533593959,0.003320041791,0.00451615067,0.02064904254,0.006155878675,0.0101675466,,,,,0.01511477986,0.01187715856,-0.00537066342,,0.00279058404,0.004464099063,0.01561214678,-0.01142441,-0.01485083436,,,-0.01031708736,,,,,,-0.0002452796762,-0.006367076265,-0.01246720789,-0.007872352854,,-0.005143967787,-0.007152428155,-0.005806161716,-0.009403980384,-0.003548457369,-0.00652301908,-0.0008317447017,,-0.004502551437,,,-0.001487233199,0.001080699228,0.003238633872,0.01532430244,-0.01170846287,0.002956537555,-0.01585353299,-0.01207906112,-0.01600020182,,,,,,,,,,,-0.01266188626,-0.01049056905,-0.01271072049,-0.01134455307,0.003724693595,0.01678326217,0.004883768607,0.004902166634,7.032613362e-05,-0.001113294755,0.0001893317343,0.001025985936,,-0.008926388225
1994-08-31,0.003155429123,,,,,,-0.005422528168,-0.0007676519153,0.001312477424,-0.007109610249,0.0088169127,-0.001874169913,0.003463500398,0.0002295153186,0.005018298529,0.003088965233,0.005260586277,0.005093698146,0.0001315307013,0.0008598269021,-0.001278619709,0.002956210472,-0.00238763047,,,,-0.002695888962,-0.005550955217,-0.0039069536,,,0.001591138838,-0.0004779430859,0.001569643431,0.0007334353625,-0.006439516243,0.0006149621498,-0.001624684523,,,,,-0.00310906455,0.0003124155846,0.00564642333,,0.0005383248071,-0.001986428423,-0.01193264214,0.0008736288583,0.002349342943,,,0.006061669632,,,,,,8.214323173e-05,0.0001840021343,0.00422448462,0.0007543346826,,0.002185536876,-9.465377512e-05,0.004183323148,0.007053652889,0.004678423246,0.002970795922,0.001348564327,,0.0007167624767,,,0.001378829028,-0.0003024175467,0.001602890205,-0.01186737609,0.00246269774,-0.0001953349673,0.005437085099,0.003567158943,0.006226435344,,,,,,,,,,,-0.006412166255,0.00494561001,0.005261448133,0.005462894753,-0.001150856117,-0.01079994674,-0.002527510255,-0.001725250337,0.001201532477,0.003039327143,-0.0003640651422,6.444309394e-06,,-0.00143183982
1994-09-30,0.003500427131,,,,,,-0.01336290256,0.008829851417,-0.003358213865,-0.008647129914,0.01469483836,-0.004703371661,0.01092822753,-0.0008002892757,0.01425201368,9.080664677e-06,0.01535641885,0.01367230037,0.003364375395,-0.006563214635,-0.001611162859,-0.008496829187,0.005875710164,,,,-0.0128812807,-0.0058032861,-0.0114895979,,,0.01063592009,-0.001913606193,-0.003829263649,-0.0009507130695,-0.02410443235,-0.0001069236903,-0.01477112571,,,,,-0.02193560553,-0.0151459216,0.00552553745,,-0.0007424167996,-0.002159730873,-0.01147267334,0.01739417132,0.01879202387,,,0.008447086826,,,,,,0.00904403013,0.01487625101,-0.01180420774,0.004843005946,,0.008910606074,0.004099584741,0.002322757193,-0.009344806456,0.01116356141,-0.005349649198,0.003343039338,,0.01162889341,,,0.006711518293,-0.002256156649,-0.002075734991,-0.01160671124,0.01834839726,0.009375175403,-0.0147198163,0.009671305611,0.01500199679,,,,,,,,,,,0.01414991301,0.01007007809,-0.0006747665628,0.01136888344,-0.0006411121001,-0.00945583517,0.006130419939,-0.003396926182,0.00520047106,0.001195958153,0.008565716328,0.008012222494,,0.01449291907
1994-10-31,0.00143294265,,,,,,-0.0007201988321,0.002319139455,-0.00334575784,0.0002992702745,0.003142195643,0.001375619615,0.003897998607,0.0004899625507,0.002053558444,-0.0007717213245,0.003377223683,0.00263991589,0.001808709162,-0.001036964881,0.003106324265,-0.001201755697,0.003026910122,,,,-0.001541438856,-0.0005512924514,-0.0005840322657,,,0.001376838937,-0.000683705573,-0.00128755112,0.0001891489927,-0.003791273512,-0.0009613682585,-0.004892675684,,,,,-0.004085932786,-0.002061821553,0.0009485506744,,0.001027262515,-0.005508470293,0.0001172997483,0.002251437221,0.0007635059361,,,0.002626133336,,,,,,0.00133262439,0.002448746757,-0.001092304662,-0.000243207919,,1.826783497e-05,-9.714838812e-05,0.001252096568,0.004334103398,0.003256758242,-0.0006639953544,-0.001547908039,,0.002589571396,,,0.004648621791,0.002050827358,0.0008993396729,0.001575896813,0.005417589049,0.002695919508,0.0009112868323,0.003161351726,0.005128780435,,,,,,,,,,,0.00525974443,0.003532735808,0.003505423006,0.002729153933,0.004028110358,0.0002808572821,0.002032187207,-0.002684431944,0.002863086907,0.0005885192231,0.0008713610931,0.0009726019966,,0.0003962681004
1994-11-30,0.004396839547,,,,,,0.006326248347,0.004149631428,-0.003799131917,0.005569145217,-0.01152640195,0.001222597904,0.002293776799,-0.001591886903,0.002972896672,-0.003466279968,-0.0007366560613,-0.0008608340368,0.001195931656,-0.002425128064,0.007714954742,-0.006210335679,0.007728757816,,,,-0.001040812553,0.004690654887,-0.0002255006055,,,0.003996409641,0.001115579465,-0.00320168409,-0.0002994477578,0.004969510853,-0.001675795335,0.001340261985,,,,,-0.000706802634,-0.0001276046783,-8.93852762e-05,,0.002205477694,0.0003203156515,0.008692837154,-0.004965735848,-0.005371555823,,,-0.001217484713,,,,,,-0.0007515722017,0.004276206785,-0.003614394087,-0.00120043054,,-7.213909497e-05,0.001536266736,-0.00733782082,-0.0008402339207,0.003148084244,-0.001186315484,-0.001121199561,,-0.002310807191,,,0.0007200204401,-0.0005572446687,-0.0011284758,0.008479488104,0.001324808754,0.003051894307,-0.003523716255,0.001136018005,0.00411667925,,,,,,,,,,,0.003215237647,0.0003770906199,-0.0004826216331,-6.971812337e-05,-0.004069006736,0.007509120019,-0.000188229693,-0.003199980967,-0.004342999115,-0.005957178723,-0.002674919257,-0.001125717032,,-0.003375973901
1994-12-31,-0.005852827799,,,,,,0.001721170237,-0.00118258386,-0.003423635089,0.001500032107,-0.0009929106008,0.002019286864,-0.001473992695,0.003174915418,0.0005082567382,-0.0003358865774,-0.002091876073,-0.001932843465,-0.0008190230265,0.0002942284591,0.0007720158224,0.003219616109,-0.003012927378,,,,0.002033135758,0.0008460498078,0.003196748949,,,-0.002246717486,0.0028170689,0.003520258619,0.00278576441,0.002836422152,0.002763294143,0.006942173373,,,,,0.004355038747,0.005543226813,0.002301169459,,-0.0007095190922,0.006597013502,0.002587482665,0.00877015866,0.002525049846,,,-0.005169556077,,,,,,0.004208910588,-0.006597946447,-0.0008103501918,-0.000167548209,,-0.0003842591199,-0.002774716057,-0.0008016582708,-0.002114677664,-0.001369381949,-0.001364394577,-0.0001836250939,,0.003260642151,,,-0.002929124057,-0.001935098982,-0.0006630682852,0.002495757922,-0.006168533818,-0.00634710236,-0.006018694627,-0.0038098161,-0.005094713405,,,,,,,,,,,-0.006044888361,-0.002802140265,-0.004119076272,-0.003109902068,0.0008586461333,0.00556907584,0.007708585232,0.003240838429,0.009945170156,0.008555721322,0.003465395392,0.005647568792,,0.008411123528
1995-01-31,8.219300387e-05,,,,,,0.002875473523,-0.0007796388444,0.001508145914,-0.00233240036,-0.006311205101,-0.005158330923,-0.003020809819,-0.0009848549028,-0.002780015432,0.0002151108585,-0.009077954259,-0.007428498788,0.0007077652628,0.002031101543,-0.003003525228,0.002573887722,-0.00519336866,,,,0.0005245239703,0.002350158254,-0.0007645861467,,,-0.00215333606,0.00147423147,0.00423689743,0.001126648659,0.009371262558,-0.001562142348,0.006676052593,,,,,0.01305743982,0.006658530156,-0.00441490117,,-0.005141120612,0.004288412992,0.002302567255,-0.003866951709,-0.008632361234,,,-0.002468786269,,,,,,-0.001510812294,-0.002459355461,0.002793898843,0.003114205113,,0.001568471879,-0.000513619255,-0.005987735361,0.002551849252,-0.002434961961,-0.0006143129955,0.002252884783,,-0.003769114125,,,-0.004854283031,-0.00534238935,-0.001434051027,0.002467120591,-0.004902822129,-0.007839609094,-0.001946266394,-0.001846963407,-0.006551314137,,,,,,,,,,,0.003660102133,-0.003994006161,-0.0041831963,-0.003916623919,0.0009301744084,0.00343647239,0.0009281134872,0.004570628983,-0.0009111543498,0.001035927126,-0.000828694104,-0.001539819863,,-0.003215971325
1995-02-28,-0.004260682469,,,,,,-0.009907332982,-0.01363676032,0.000654252665,-0.002865283144,0.007365258455,0.001464724277,-0.004903238099,0.007819749756,-0.008274056225,0.008745678096,0.00100060678,-0.007945923992,-0.0003186099495,0.01021047303,-0.009013410328,0.01438631547,-0.01148728853,,,,0.005381760422,-0.0006035850705,0.004532960399,,,-0.01126893363,0.01034107099,0.01385875348,0.007679616704,0.0001583159389,0.008372662676,0.008405729287,,,,,0.007997595614,0.009978744077,-0.003802953246,,-0.001256035458,0.009479758364,-0.0009622544563,0.006404248285,0.003885833191,,,-0.006781291706,,,,,,0.007703078218,-0.01273335768,-0.006048092116,-0.005253629695,,0.004119728567,-0.002206939614,0.005985684369,-0.000235871349,-0.004128220125,-0.004930788146,-0.002311704594,,0.005776170539,,,-0.002418177304,-0.003072046843,-0.001145216131,-0.0007840744137,-0.01580762417,-0.01300682944,-0.005002278993,-0.005097770488,-0.006043866035,,,,,,,,,,,0.00589806618,-0.009920382818,-0.003055221854,-0.008880825533,0.005202076433,-0.00127800196,0.000321338059,-0.0005446298548,0.005017148813,0.005208290905,0.009912247991,0.0072630578,,0.009406310688
1995-03-31,0.001249938676,,,,,,0.002388895462,0.002302072465,0.001602398731,0.001260031778,-0.003977098062,-0.00332125691,0.00244272776,0.001736735851,0.002920331085,-0.003840959465,-0.0003612657644,-0.001879827236,0.004149177617,-0.0009666226139,-0.000637614574,-0.001296664837,-0.004423794651,,,,0.001578911192,0.0006541213103,0.003326112876,,,-0.002168736778,0.006221734528,0.0002129074059,0.007934201592,0.004257284525,0.00322177563,-0.004655964777,,,,,-0.0005983380347,0.00476978431,-0.001448586342,,-0.0006306113211,0.003157173192,0.001508826711,0.003829287399,0.003210315443,,,0.0003578576637,,,,,,0.004151990867,-0.0006350772946,0.0008759294094,-0.0008410503029,,5.727430926e-05,-0.0001575103629,-0.0007885645576,0.0006569289996,0.0003064476158,0.001791245209,-0.002953824378,,0.002885488919,,,0.0007653640274,-0.0003673873396,-0.0008956692436,0.001734326342,-6.697967246e-05,-0.001005184037,0.003519403018,0.001356874139,0.003475522102,,,,,,,,,,,0.002401055203,-0.002396960601,0.002698637461,-0.0005482785735,-0.0006706289871,0.003224521572,0.002431595167,-0.000885717454,0.003326948725,0.001093040563,0.003938654067,0.003468099939,,0.003451574389
1995-04-30,-0.004678650945,,,,,,-0.005967943939,-0.005374347081,-0.001969370324,-0.000804168618,0.006845702507,0.003785688496,0.001604005131,0.007223170485,-0.002373781311,0.007686926741,0.0003025088363,-0.006338365126,-0.005246344351,0.002380805407,-0.004391372081,0.002354100338,-0.004008474155,,,,0.001785976977,-0.0001433049019,0.002331070369,,,-0.004055132619,0.00954230703,0.009764317922,0.005270518796,-0.0009469454243,0.01030139332,0.007452355916,,,,,-0.001553010509,0.004981515502,-0.004537337562,,9.6411147e-05,0.00646350808,-0.00025093557,0.009744513703,0.009182764339,,,-0.001073092017,,,,,,0.007164514027,0.0001480570886,-7.6987216e-05,0.0001577220342,,0.00238557537,0.002421303706,0.00318380972,0.004552969144,-0.001957998261,-0.0001473188624,-0.002080553069,,0.006483551823,,,-0.002728652147,-0.001144242082,-0.001939648346,-0.001021599242,-0.0008695603804,-0.003706628808,0.00334734315,0.0002845243929,0.001053749533,,,,,,,,,,,-0.001094207476,-0.0006918820798,0.006031573502,0.00472231421,0.004581743271,0.0005890382111,0.0004135879298,-0.004852401267,0.00380636181,0.002649807815,0.006658361082,0.007855112793,,0.01010104685
1995-05-31,-0.003190078148,,,,,,0.001923346553,-0.0187876158,0.01378775406,0.0001312437862,-0.009802983767,-0.01580787727,-0.01145957316,-0.001733834191,-0.01663720253,0.01166463608,-0.01887638264,-0.01813947419,-0.0194474547,0.01929374149,-0.0208837902,0.01859989765,-0.02711116654,,,,0.02218545549,0.0203075908,0.02318701325,,,-7.831836957e-05,0.01939717881,0.02189685332,0.01154050879,0.02953762385,0.001826931301,0.02063431165,,,,,0.03426455774,0.02858895765,-0.00865977171,,-0.01679046798,0.01179190309,0.008376813614,-0.01802850436,-0.0169488177,,,0.01452680966,,,,,,-0.002252719914,-0.00227800989,0.006485648508,0.01413397177,,-0.007749126895,-0.007616547765,-0.00199648331,-0.0006356032392,-0.006072062631,-0.001159395108,-0.003955169608,,-0.007507322629,,,-0.01917939575,-0.01520924637,-0.0108089882,0.0100205546,-0.007289806984,-0.01962810257,0.01447690474,0.0179025219,-0.006689014767,,,,,,,,,,,0.01281155542,-0.008818873682,0.01395525051,0.007663615604,0.004609932912,0.008484372977,-0.004731563835,0.009147002829,-0.012016765,-0.005782248344,-0.001661768485,-0.002301304727,,-0.01312050736
1995-06-30,0.001842549548,,,,,,0.004514503135,-0.009963149601,0.004727255492,-0.005771270341,-0.006261983278,0.001544642027,-0.00201619303,-0.001181723645,-0.006034350612,0.004610798637,0.002711240564,0.001222556278,-0.000637672873,0.008757188625,0.0003365634996,0.004271785224,-0.001147345642,,,,-0.002523864157,-0.0007303319749,0.0006644535761,,,0.005160801922,0.005705549138,0.001824925119,0.0007426607175,0.007392270628,-0.002241276539,0.006665650534,,,,,0.008058405465,0.008728780786,0.002152055011,,-0.007510351606,-0.001168003365,-0.0007565449672,-0.006228898133,-0.00640945238,,,0.004157604881,,,,,,-0.00203568853,-0.001830295094,0.002067011377,-0.0006698411941,,-0.005009458641,-0.003984011829,-0.00266331286,-0.0002126260166,-0.0006064578095,0.00297595341,-0.0007185018918,,-0.002700976319,,,0.0001284991057,-0.001617516791,-0.0001207400459,-0.0005294219607,0.002166564123,-0.001094450542,0.00527748122,0.003780991864,0.003104343514,,,,,,,,,,,0.006117220208,0.002408414446,0.002729584445,0.004139058196,0.0005688247254,-0.0001675316155,-0.00205379255,0.001008689973,-0.003270262944,-0.002185839119,-0.0020112274,-0.00193974052,,-0.006267993337
1995-07-31,-0.000177128611,,,,,,-0.01429487317,0.004922436245,-0.01265810865,0.003588753534,0.01571039757,-0.0007449093034,0.005989710887,0.008639791926,0.0003226094542,0.002827847788,0.009917279682,0.003428191242,0.002214403536,-0.002614466327,0.001309130715,0.001099027884,-0.000765175428,,,,-0.004020781967,-0.006750910358,-0.007332250539,,,0.0007540193171,-0.002155492241,0.00292734146,-0.002171100891,-0.01396916307,0.007791701791,-0.004821111711,,,,,-0.01373595242,-0.004517255241,0.00322857837,,0.006584076532,0.004697629897,-0.00401727925,0.01903482413,0.01820409875,,,-0.00937410018,,,,,,0.01052640088,-0.007100429549,-0.009640759959,-0.008790502415,,0.003082654586,0.005249252723,0.006182736927,-0.007622692385,-0.001252770818,-0.0008826850808,0.0009233499857,,0.011010116,,,0.007464043164,0.004392472004,0.00172873124,-0.004384733465,-0.003493930634,0.003503787306,-0.009490571037,-0.007267054424,-0.005128970153,,,,,,,,,,,-0.002111045092,-0.001438173749,-0.001623219307,-0.002045753789,0.002885903234,-0.002766002721,0.005902715835,-0.01010852835,0.01226825776,0.008703077084,0.01171748279,0.01051995068,,0.01604934801
1995-08-31,0.0004917939075,,,,,,0.0092467213,-0.006141539385,0.009798222641,-0.003562607236,-0.01139918603,0.001528753138,-0.006236857099,-0.004951015086,-0.003911099073,-0.0003270914382,-0.008076149235,-0.004769192669,-0.006808843684,0.001825174985,-0.00500365143,0.002366838961,-0.009680042096,,,,0.001971799505,0.004418563342,0.008450644312,,,0.0005475800583,0.00934368008,0.004903926199,0.007755999654,0.01246480069,-0.001310660955,0.004474348187,,,,,0.01220408136,0.007976253836,-0.003837981031,,-0.008172831698,0.001918327277,0.009051527148,-0.008494988067,-0.009617850716,,,0.002101750665,,,,,,-0.003423431032,0.00543488441,0.01240184263,0.005052828138,,-0.003851967661,-0.003791115408,-0.004425337387,0.000211086817,-0.0001912952121,0.00417946246,-0.0003838010183,,-0.004574056174,,,-0.00790215857,-0.005464577136,-0.002588030794,0.008234218359,0.004130993549,-0.008764209798,0.0116842698,0.005579967589,0.008197919175,,,,,,,,,,,-0.01318879837,-0.001736851002,0.001128106837,0.003807151821,0.00022343816,0.008949642667,-0.002033304912,0.00266679149,-0.003698254437,-0.003133801329,-0.003300178873,-0.002876858428,,-0.006000955487
1995-09-30,-0.002581714855,,,,,,-2.289941911e-05,-0.00530744782,-0.002630149767,-0.003288721626,0.002608938653,0.002150421973,-0.001502776986,0.0006128362728,-0.005793057632,0.003284907251,-0.0001487001029,-0.00368269852,-0.001079033688,0.003873785591,-0.002806046074,0.006556303439,-0.006884630501,,,,0.001772101284,-0.0001959497559,0.00256824524,,,-0.0006736711118,0.003847387805,0.006361110857,0.001219341459,0.002871508833,0.001851294428,0.007491503164,,,,,0.004144666562,0.004946103135,-0.004651554642,,-0.003802028281,-0.0006568485617,0.003044998783,0.000977483229,0.000996752852,,,0.004482352676,,,,,,0.0009365678507,0.004195205782,0.001382110272,0.006706602401,,0.004775317706,0.003752811384,0.004838732483,0.0003727285676,0.003699095731,0.001218253545,-0.001611384875,,0.0009276090911,,,0.003784982618,0.001480540505,0.0005177037006,0.003776917134,0.01069431872,-3.888019786e-05,0.004511202294,0.009590908009,0.009381099244,,,,,,,,,,,0.0006361657679,0.008305036878,0.005000150291,0.008342990302,0.004302831473,0.002762095535,-0.0001767311135,-0.002674526368,-0.001308863009,-0.0009253447247,0.001229608803,0.001168140177,,0.001031176053
1995-10-31,0.002345186098,,,,,,0.006187400892,0.001400521447,0.005184448391,-0.008435633521,-0.009808221902,-0.00348566978,-0.007786955404,-0.004807794146,-0.005236431209,0.002176424638,-0.0118761634,-0.005676566682,-0.003502992167,-0.005924689876,-0.009869628919,0.006739729049,-0.01073036516,,,,-0.006760583874,-0.003277415164,-0.005372290245,,,0.005074803653,0.006682710739,0.003520179577,0.006737040562,0.008220432338,-0.00350082372,-0.001172411904,,,,,0.005348245251,0.002922660478,-0.007073029247,,-0.00853977379,-0.007102437122,0.00466753328,-0.01562908867,-0.01490187238,,,0.01035280616,,,,,,-0.01357707025,0.005948579774,-0.00324622045,0.00573947372,,0.004236565083,0.003232159044,-0.002688425762,0.01179739716,0.006802410231,0.002457778205,0.004540832469,,-0.01175377921,,,0.008186776938,0.005598679429,0.001230521147,0.005058284104,0.01075607958,0.006697707566,-0.001262632014,0.00945902269,0.01060049786,,,,,,,,,,,0.00893381756,0.009697656781,0.009308792651,0.008620161867,-2.33543462e-05,0.001994880964,-0.00494926189,0.007799564308,-0.007301487959,-0.004197594297,-0.01265961019,-0.01450161693,,-0.0152016832
1995-11-30,-0.003661501779,,,,,,0.007441629812,-0.0112270904,0.007475166087,-0.01191618226,-0.004645853798,0.002319601025,-0.00135389844,-0.001622889098,-0.009923211906,0.00512444718,-0.008270644343,-0.004207043037,0.002469135598,0.005261265431,-0.001086472979,0.009916365886,-0.01039903652,,,,-0.006303465002,-0.003235108927,-0.0001547897163,,,-0.004997634526,0.008453995637,0.008184298112,0.004192670799,0.01084607391,-0.00336949583,0.01143227,,,,,0.01604576566,0.01280827411,-0.002508822073,,-0.01252589276,-0.008442597168,0.003037442565,-0.01636169677,-0.01435315877,,,0.01225226015,,,,,,-0.008534066941,0.007686427332,0.005467857567,0.01445076088,,0.002570652394,0.0003201397272,-0.001597428006,0.003574220723,0.00535595216,0.005644166117,0.003499719418,,-0.009716641736,,,4.687664356e-05,0.002786796023,0.003548123354,0.004057437906,0.01203718362,0.007855745154,0.01244198944,0.01878936975,0.01602503277,,,,,,,,,,,0.01170402324,0.01331337678,0.01329491602,0.01301044102,0.007092586602,0.001425906113,-0.01179415274,0.0001535516023,-0.008277726692,-0.004983908003,-0.008414788263,-0.007636111627,,-0.01512636395
1995-12-31,-0.005711332403,,,,,,0.004802965914,-0.01120443685,0.0007650750308,-0.0104058575,-0.00627066615,-0.001219902074,-0.00216212504,-0.002028002161,-0.008788934182,0.003806094658,-0.003679862515,-0.004305043852,0.005446217406,0.004430215005,-0.004109615952,0.009253605817,-0.01346749345,,,,0.000723316175,-0.002015174589,0.006358463192,,,-0.006388677455,0.009359464395,0.01057900587,0.00753225635,0.009731648863,-0.002431161062,0.008200079026,,,,,0.01407553834,0.01076125592,-4.208239717e-05,,-0.01181090633,-0.002006211012,0.005687022853,-0.00363263128,-0.004429666001,,,0.006119698197,,,,,,0.0002458403353,0.01375743662,0.009841742135,0.009393177711,,0.002104617382,6.09678839e-05,0.003006523478,0.004466956079,0.006474138648,0.003793768517,0.001795905663,,-2.791850364e-05,,,0.001185439111,0.002078987414,-0.002745757674,0.00574048566,0.01378593496,0.008298137393,0.009691949024,0.01209094681,0.01535575451,,,,,,,,,,,0.008549832517,0.01194433334,0.001802788386,0.008385558192,0.005860828458,0.004624126585,-0.002609289938,8.781417969e-05,0.0002054833028,0.001587988489,0.0005265502868,0.0009377697437,,-0.003285937329
1996-01-31,-0.003796994539,,,,,,-0.006683862395,0.001918942813,-0.007799905057,-4.552783914e-05,0.01356021116,0.001138540757,0.0002008955883,0.009111283327,0.0004000655343,-0.002809419765,0.00665032838,0.001284435819,0.001613682329,-0.003494954155,0.0001561225832,0.003538863963,0.003885233935,,,,0.001797207351,-0.002561252603,0.002187150211,,,-0.0005324812747,-0.004227266186,-0.0009701372427,-0.002388497277,-0.007775321334,0.00424715047,-0.0005476845919,,,,,-0.006690937455,-0.003230342398,0.002369160789,,0.006004570351,0.01086939425,-0.007149052748,0.01345358641,0.01432823114,,,-0.001105774344,,,,,,0.009414608876,0.0008817789513,-0.003627760125,-0.003450798927,,-0.002084024097,-0.00122439337,0.00396077282,-0.003882683419,-0.002933803452,-0.002303012027,-0.001512026893,,0.0101470073,,,-0.003340310467,-0.001862481894,-0.0006823380706,-0.006884851546,-0.006594931027,-0.001223379,-0.004676127716,-0.004068031499,-0.005128988047,,,,,,,,,,,-0.004039555296,-0.004703905651,-0.001327397269,-0.003090112056,-0.000378456644,-0.005841574338,0.004466448586,0.003734825152,0.004929062983,0.002916303202,0.0100204396,0.008835891179,,0.01247986143
1996-02-29,0.01077621667,,,,,,-0.01948898052,0.01954704463,-0.009136135689,0.01564667699,0.03043528335,-0.001093902496,0.002918620699,0.01364162496,0.01870462728,-0.003364050137,0.01449416293,0.01037707127,0.00206707503,0.001028704941,0.01061668438,-0.008210251266,0.02172223412,,,,0.00684244241,0.0007546087466,-0.009143542084,,,0.006412500006,-0.01527581911,-0.02018232981,-0.01319803472,-0.02560075158,0.008065047703,-0.0111907138,,,,,-0.03251971934,-0.01979898511,0.004568576108,,0.02616909417,0.01165432188,-0.01698481677,0.02432792449,0.02164163647,,,-0.01638298088,,,,,,0.01602528546,-0.02578218248,-0.02273512071,-0.03004030067,,-0.005258575738,0.00324219524,0.002022762329,0.002242862525,-0.005620406034,-0.002082956397,-0.005106234438,,0.01604253351,,,-0.01155248108,-0.004975971918,-0.00262827328,-0.01738807188,-0.02864127652,-0.02167968316,-0.02388185418,-0.02897358521,-0.02744803332,,,,,,,,,,,0.01886003693,-0.02240531658,-0.02090551407,-0.0181425719,-0.005961426236,-0.01429983886,0.0137853954,0.007720502648,0.01628780818,0.0153237092,0.01550432877,0.01591521674,,0.02156769523
1996-03-31,0.006108442736,,,,,,-0.000890306392,0.01261106538,-0.004381810451,0.01056295778,0.01569710787,0.009243647183,-0.001476428656,0.004655321675,0.0169475985,-0.002975704312,0.0150804137,0.01669640461,0.0009403745311,0.001685289205,0.01189972249,-0.006543421389,0.01678955893,,,,0.00155047547,-0.001505551507,-0.0005422949247,,,-0.0007723136886,-0.008414467673,-0.01616406379,-0.008871587384,-0.009424388444,0.007393088622,-0.004622541132,,,,,-0.01672118197,-0.01084781,0.0171189247,,0.01646514284,0.01079395917,-0.004170283496,0.01777369949,0.01767218947,,,-0.01292484292,,,,,,0.01559057761,-0.01845461226,-0.004602978248,-0.01872695536,,-0.007832545427,-0.003169910136,-0.0008841040912,0.001380970007,-0.004270176485,-0.0001921322832,-0.003911794542,,0.01581240777,,,-0.01555998787,-0.006248080636,-0.006090697395,-0.00451863406,-0.01957636364,-0.01100583344,-0.004612745401,-0.01805593369,-0.01627802614,,,,,,,,,,,0.01543673304,-0.01201858058,-0.009779619518,-0.008269824287,-0.005447636497,-0.003121051981,0.0140130015,0.009849033897,0.01186641533,0.00555180932,0.015088235,0.01545146396,,0.01821016058
1996-04-30,-0.001043178216,,,,,,-0.006632844144,0.01105665718,-0.006339103342,0.009121695233,0.007574857826,0.001400174875,0.005579846734,0.002237367906,0.01216523768,-0.005242892634,0.004395372942,0.008474487439,0.004190103975,-0.005096434769,0.01260548247,-0.008164494979,0.01191830485,,,,0.00215301494,-0.0003180730465,0.001437195715,,,0.004190900531,-0.006860639465,-0.008148554573,-0.008533273568,-0.01245757628,0.002714750271,-0.003186347725,,,,,-0.01376698838,-0.009828193115,0.007478379418,,0.009742906398,-0.001952593868,0.0038592096,0.01102504619,0.01159728916,,,-0.001628773317,,,,,,0.004373481233,-0.008897802022,0.005360524117,-0.007013822826,,-0.0009681766489,0.002752315837,0.002349808689,0.006288607923,-0.0006430256642,0.006063156523,0.001796040405,,0.005985583007,,,-0.006135648493,0.002416557015,0.001959129535,0.00365812115,-0.007576704618,-0.006818472205,0.008717871142,0.0009616719923,-0.0004654125594,,,,,,,,,,,0.007689433847,0.002919518555,0.009419625187,0.007913300969,0.002931684668,0.003027051074,0.009284196341,0.0009783826166,0.01094253777,0.006805720852,0.005076088123,0.004179560761,,0.009295982158
1996-05-31,0.004842271358,,,,,,-0.003849619118,0.009084313617,-0.003259255496,0.009510580349,0.0008412427842,-0.003019892048,0.01027057367,0.002982861841,0.01167981419,-0.009154036104,-0.002574146606,0.001703226886,0.0109659311,-0.01005108914,0.007154672863,0.001295268875,0.002565820872,,,,-0.006578926662,-0.005682730774,-0.005292304832,,,0.003087693363,-0.001187947222,-0.003690612532,0.0009689056537,-0.006358427869,0.007964289058,-0.00968687722,,,,,-0.0065898787,-0.002572625125,0.001867377216,,0.009322648063,0.007040256617,0.003094212213,0.01341801817,0.01304655755,,,-0.00339031594,,,,,,0.01274269022,-0.006202462581,0.001698533056,-0.001179676693,,-0.005383895747,-0.001352943961,0.0006754273202,0.008935528842,-0.004315176224,0.001730639475,-0.004745691602,,0.01298348881,,,-0.008509255183,-0.002078815119,-0.001611141244,0.00310867152,-0.006189563234,-0.006820862202,0.002209088764,-0.0004113602286,-0.003870621578,,,,,,,,,,,0.009122479767,-0.004269459256,-0.0007994362221,-0.002381376764,-0.00227828472,0.003349109869,0.01027008562,0.004264538954,0.00609047808,-8.608908438e-05,0.01245912194,0.01227331509,,0.01308217906
1996-06-30,-0.0009475958604,,,,,,0.004839132479,-0.002319423637,0.002967840564,-0.0006916297795,-0.01026109852,-0.002382232028,0.00114356302,-0.005218616191,-0.00219309786,-0.006631597822,-0.01386051066,-0.009082556389,0.0005012342463,-0.005786946022,-0.003560339619,3.132948635e-05,-0.008554444606,,,,-0.0007671806458,0.000170566666,0.005517488613,,,0.002112039908,0.002468415341,0.004623948662,0.005487388487,0.006730653179,-0.0007736225696,0.001598460626,,,,,0.007336328163,0.0009844932578,-0.005106915405,,-0.002886922713,-0.0009519145225,0.006390191915,-0.005918803745,-0.006999541367,,,-0.003421915674,,,,,,-0.003923427206,-0.004012126185,-0.002607451079,-0.006483882586,,0.000660698985,0.002501997199,0.001425290449,-0.001097132062,-0.00452033609,-0.0002702694639,0.001409302171,,-0.004863104282,,,0.002096714279,0.001686454751,0.003108575701,0.00638380517,-0.005933051037,0.0003748249041,-0.002139761483,-0.007990899308,-0.008463504469,,,,,,,,,,,0.001719503785,-0.00500102546,-0.004966133902,-0.00528989693,0.00448033655,0.004874452723,0.001907267708,0.005247078039,-0.001850938122,-0.0006714016481,-0.004538518813,-0.003898604871,,-0.006077131843
1996-07-31,0.0004246770539,,,,,,-0.0008655367308,-0.001859661352,-0.001724327214,-0.002211740109,0.005693365924,0.005865690734,0.005709063028,0.0002912838394,0.002625449445,-0.005394407549,-0.00210092714,0.004073162402,0.004154043116,-0.005395505866,0.002745242048,-0.007247545215,0.007667762497,,,,-0.00214347049,-0.001374791165,-0.006288786511,,,0.001227050075,-0.002091018057,-0.001776771562,-0.008961507269,-0.002334071962,0.0006430031053,0.004868355822,,,,,-0.0009236606315,-0.001072490412,0.002130751808,,-0.002082240397,-0.000310541506,-0.0009124936797,0.003766994679,0.002410138132,,,0.001696927207,,,,,,-0.000879071856,0.005721266885,0.000401190119,0.005460114481,,0.001114195096,0.001111244296,0.001376274316,0.0001044990957,0.004154715796,-0.0009149144227,-0.0002652956739,,-0.0009669406958,,,0.002395508431,0.001873930886,0.00209118611,-0.0009924044019,0.009066456948,0.004793327568,0.002385760466,0.006754416224,0.008336861478,,,,,,,,,,,0.0007479415477,0.003571620701,0.002853939405,0.00555043206,0.0008487814214,-0.001373190343,0.001327295912,-0.0006527977568,0.008397374423,0.007574960293,-0.0006821423429,-0.0009800659987,,0.003388066228
1996-08-31,0.0004407248879,,,,,,-0.004122004187,0.001885073728,0.001372046273,0.000610416746,0.009013329248,0.00763353683,-0.002139145026,0.001376440592,5.541910405e-05,0.002384755758,0.008539090616,0.007632726557,-1.750114293e-06,0.002007225499,0.003899556802,-0.002273812971,0.01056281696,,,,-0.0002715425176,-0.002284134496,-0.003099847175,,,-0.003948313694,-0.007344565976,-0.00476602236,-0.007825969514,-0.007706916974,-0.00190513852,0.0003504206502,,,,,-0.006054234437,-0.006870247115,0.007473352168,,0.001091142861,-0.001841947091,-0.005198977461,0.008660007985,0.007184211549,,,0.002891022433,,,,,,0.002071905699,-0.003738067139,-0.004205991408,0.001592956031,,0.003981454153,0.003421916857,0.003644233744,-0.001250482761,0.006044191015,-0.00232188887,-0.001680764609,,0.00256152026,,,0.006654238677,0.00554009761,0.003271820269,-0.005123524204,0.004305446773,-0.003256895468,-0.00293748294,0.004877951922,0.007630693444,,,,,,,,,,,0.01106356983,0.006532249892,0.002825411329,0.008634805401,0.001339635263,-0.00492055588,0.001254821743,-0.003592671065,0.006840814978,0.007260763988,0.002617490256,0.002041629028,,0.007914237596
1996-09-30,-0.001096740935,,,,,,0.005298553589,-0.007661213127,0.002567244562,-0.006943228898,-0.005393533765,-0.0005683520371,-0.0007705083755,-2.541835093e-05,-0.006340719492,0.001862339788,-0.001151260398,-0.006261025218,-0.001610404116,0.004245461802,-0.008663625449,0.003008801352,-0.008171179681,,,,0.001142263122,0.003774194182,0.00410637522,,,-0.003136732077,0.01024347341,0.005735676929,0.01178317702,0.01059766511,0.002263357204,0.003293555247,,,,,0.01114511273,0.007962153113,-0.0009710843586,,-0.01027906871,0.003791113203,0.008289298821,0.002160273895,-0.001293807104,,,-0.002843971752,,,,,,0.00100260584,0.004161371305,0.01135347408,-0.001311457749,,0.004748074914,0.002550382752,-2.443446854e-05,-0.0002566601498,0.001898453956,0.004936454432,-0.002770503236,,-0.0001814113524,,,0.008576454969,0.004702704721,0.004278288644,0.008204720766,0.00541992211,0.01018507208,0.01037830086,0.0003846850516,0.00405838265,,,,,,,,,,,-0.001671666141,0.0008402534672,0.0009718033605,0.002854179341,0.007485538207,0.005831925831,0.0005449340235,-0.002426829602,0.001344965356,-0.002320538782,0.0006343344797,0.0003169547372,,0.003291852514
1996-10-31,-0.001346787026,,,,,,0.006385752171,-0.009446058007,0.009458268261,-0.009198543002,-0.02138253956,-0.01184314676,0.003679657423,-0.006883051969,-0.008653393566,-0.003937438177,-0.01666347529,-0.01424167999,-0.0007784829278,-0.004399111353,-0.01423246217,0.003508058662,-0.01386559412,,,,-0.003848318421,0.007302300245,-0.004563846909,,,0.006404446289,0.01180293207,0.01551736224,0.01766428104,0.01641592138,-0.004000734028,-0.003675842298,,,,,0.0205855215,0.01342850818,-0.01575783608,,-0.0156240286,-0.00223330048,0.008973937445,-0.017582426,-0.01734527176,,,7.799106127e-05,,,,,,-0.00823034254,-0.002520607054,-0.000405982308,-0.0001111869604,,-0.001277911583,-0.006573732058,-0.008955118867,-0.006134104506,-0.009349176809,-0.003969146354,-0.0005083457145,,-0.01019928407,,,0.005947040763,0.001797516702,0.004590967515,0.009156871316,-0.009438108863,-0.003304080928,-0.007122862201,-0.004667910857,-0.01497437581,,,,,,,,,,,0.01418442871,-0.01053802601,-0.01142805837,-0.007899203656,0.00357205774,0.008286319076,-0.007698283559,-0.002312960592,-0.006092657206,-0.003268611516,-0.009231740888,-0.008960041797,,-0.01590554104
1996-11-30,-0.00550957543,,,,,,0.00296414015,-0.01478320966,0.008729639709,-0.006026283475,-0.006207876106,-0.003774153203,0.0009971334936,0.003421912238,-0.01168260764,0.006585353005,-0.0009275793963,-0.01130780614,-0.005600267472,0.006513160007,-0.004811059596,0.007888746336,-0.01056146323,,,,0.001291646478,0.005835582187,0.002077019844,,,-0.00417146235,0.01338010626,0.008347306782,0.00998628911,0.01043503077,0.002707903636,0.008228534081,,,,,0.01482538797,0.01481972021,-0.009484385192,,-0.01105270633,0.001601635328,0.003336715343,-0.001662484793,-0.003640072433,,,0.00288402192,,,,,,-0.002203995365,-0.001012289486,0.003557411174,0.001060136448,,0.002086670831,0.003456011782,0.001782429714,0.00314477391,0.002059274571,0.002473672912,-0.001836158162,,-0.002359644167,,,0.006199925698,0.005425009275,0.00518807155,0.003423535028,0.001851743106,-0.00179976654,0.00898154496,0.002686769976,-0.004550869608,,,,,,,,,,,0.01051972324,0.002245018098,0.01121407633,0.007190811099,0.006566802874,0.00226781697,-0.002969526324,-0.001709103042,-0.00187303956,0.0009218983529,-0.002946368671,-0.002665857047,,-0.0005037399222
1996-12-31,0.004764405446,,,,,,-0.0102084466,0.01556743077,-0.01666342794,0.009015518462,0.01694454918,0.009167342871,-0.004506332104,0.008860915382,0.01424109082,-0.004815788483,0.01072213573,0.01659379449,0.005978324316,-0.001929815449,0.009074110254,-0.008015266507,0.01515025506,,,,0.007066933935,-0.001209373159,0.001427267595,,,0.00308329803,-0.01476566112,-0.01631818814,-0.01265519922,-0.02069896749,0.005946058496,0.0007919751179,,,,,-0.0238829364,-0.01911782907,0.01741536338,,0.01813153527,0.009572865084,-0.003995584886,0.02333821962,0.02231856343,,,-0.01618794791,,,,,,0.01496177654,0.006473166665,-0.01595287038,-0.01307312978,,0.0002432879614,0.002773163693,0.002005605673,-0.0134909792,0.004778205496,-0.01463258868,0.001662066554,,0.01663897437,,,0.00285641132,0.001974068935,-0.005127041065,-0.003808245332,0.009944100571,0.01299931938,-0.01676317554,-0.009696365664,0.002878031477,,,,,,,,,,,-0.008788254356,0.002644688006,-0.01299783666,-0.004524683034,-0.004391599634,-0.001316339292,0.01020069124,-0.0009326075387,0.008752664874,0.006209763958,0.0165345564,0.01444666488,,0.02340890063
1997-01-31,-3.095588881e-05,,,,,,-3.806585101e-05,0.002237727848,-0.0007416584597,0.003010826732,0.006088944243,0.003152633904,-0.0003191495864,0.003001543606,0.003605403603,0.0008464065058,0.003929537969,0.002416232194,0.001702566225,-0.0002744734901,0.00432761574,-0.002518793075,0.004156881909,,,,-0.002288639653,-0.00487269177,-0.001137838623,,,0.0002786110641,-0.001336577763,-0.001264262455,-0.002961137761,-0.002485029169,-0.0006352000767,0.0008890566464,,,,,-0.003725445061,-0.0001563685829,0.003744302341,,0.001493609863,0.0001202509714,-0.003785927216,0.004461875525,0.003532808941,,,0.003206205411,,,,,,0.001893342441,0.00520784574,-0.001050987256,0.0002547539214,,0.002535301018,0.002486484884,0.001041812578,-0.0006008793824,-0.0004810451603,-0.00439928373,-0.0003037986389,,0.002823405091,,,0.00430873008,0.002737332688,0.0001453460848,-0.003874858834,0.007032247284,0.002863752128,-0.00210720161,0.001765862688,0.002172561058,,,,,,,,,,,0.005206864738,0.005401262055,0.001434338832,0.004629460242,-4.600583625e-05,-0.003600121471,0.00204738036,-0.0009293591165,0.003275730678,0.003444883771,0.001844690682,0.001799781831,,0.004137056378
1997-02-28,-0.001246149599,,,,,,-0.00167068391,0.001055314367,-0.002757224173,0.002833572448,0.01022138399,0.006480306443,0.002742262348,0.004288072976,0.003645421242,0.0004788221344,0.003808366037,0.003028685316,0.001790604868,0.0001951742121,0.001174170467,-0.002660178798,0.005981048549,,,,-0.0005037531869,0.001016731396,0.0006032822867,,,0.001192567842,-0.001667038119,-0.002832727836,-0.002960841311,-0.002941624352,0.004452744649,0.00330680382,,,,,-0.004923549384,-0.002596488909,0.004780789856,,2.348098595e-05,0.003604662721,0.002977462927,0.01380430701,0.01332376615,,,-0.0009068268613,,,,,,0.01081948096,0.007924603221,0.009976609008,0.00518369139,,0.003578322139,0.00285960894,0.002357997154,0.0088171311,0.008314113863,0.00802553866,-0.0007937471749,,0.01180049913,,,0.0001717237311,0.001122995781,-0.001160438077,0.002991150701,0.007453022076,0.004358021416,0.01311479,0.005441714195,0.005357187552,,,,,,,,,,,0.004459044224,0.003515442086,0.002051474218,0.0005376087564,0.003181168098,0.002912299215,0.007888898202,0.001234202353,0.006829725878,0.002849225483,0.0114804846,0.01074584394,,0.01575467999
1997-03-31,0.007414406992,,,,,,-0.002559945413,0.01375958515,-0.005668143338,0.01039696164,0.002659096267,0.006107685623,-0.001998433598,0.001767634591,0.01163212969,-0.008892158335,0.000347832084,0.004034860647,0.007367814526,-0.008199669943,0.005454521296,-0.007193980533,0.008417092765,,,,-0.002166824187,-0.001694965339,-0.00181281557,,,0.005329882624,-0.00548406434,-0.00917345309,-0.004474974165,-0.007040079647,0.003506097334,-0.007393628863,,,,,-0.01092629913,-0.006280693319,0.005760570748,,0.01297704837,0.002510770437,-0.003288944012,0.00180536875,0.001716520017,,,-0.005485758003,,,,,,0.001984911289,0.008659256901,0.009378814293,-0.002586847988,,-0.00368555567,-0.00727446479,-0.007638379096,-0.00169408307,0.00309890149,-0.002713237621,-0.0006147958347,,0.002348731817,,,-0.01112778604,-0.004060129164,-0.005868005622,-0.00322142343,0.003896862667,0.01253699152,0.005449405172,-0.005412633114,-0.003519697026,,,,,,,,,,,-0.001803316173,-0.003549991167,0.0006196852885,-0.008363490935,-0.003176456946,-0.002358067108,0.007794174376,0.006657442001,0.005698947702,0.005590672011,0.0006222189254,0.0008168577956,,0.001564563951
1997-04-30,0.003329952285,,,,,,0.005385353305,-0.002736862056,0.003871629596,-0.0005381775925,-0.009045059167,-0.002673479458,0.006904052007,-0.002648427505,-0.002580175823,-0.002897833079,-0.009905108402,-0.009352063426,0.0008341609842,-0.003616061872,-0.002404984173,0.001128434318,-0.00601056227,,,,-0.000835838154,0.004109188129,0.0007581962213,,,-0.003259488261,0.007966156531,0.007966453593,0.007363702983,0.00893778327,-0.0005616999085,0.005163240792,,,,,0.01016632776,0.008533921561,-0.008809746154,,-0.006727200087,0.00314493846,0.002904582343,-0.005799666263,-0.008075276204,,,-0.004663825758,,,,,,-0.004926120795,-0.0005353244856,-0.004886384621,-0.0004786200672,,-0.001916332929,-0.002021178303,-0.003305433992,-0.004195433324,-0.001674221357,-0.003312852135,0.001155371791,,-0.005418315749,,,0.004482972817,0.00386836405,0.002111672284,0.003180737491,0.0009479982117,-0.001209331086,-0.003126818253,0.001683452874,0.0004729180116,,,,,,,,,,,-0.005422310372,0.003000020232,0.005568937308,0.004612952236,0.003477543515,0.001661788186,-6.262138704e-05,0.005872670237,-0.001118525163,0.001343209441,-0.005417938705,-0.005288448775,,-0.005555114097
1997-05-31,-0.003126079268,,,,,,-0.003096789855,-0.00226545428,0.0006108010174,0.00143674381,0.01243209757,0.006166202238,-0.001549710213,0.006084196045,0.004112548418,0.005194235593,0.00678138018,0.002812396301,-0.003197424726,0.004955513701,0.006609252157,0.001205687744,0.00668239386,,,,0.001904885948,-0.001231639158,0.003238054537,,,-0.003505257233,0.0004092391527,0.001145182555,-0.0009576177361,-0.005486816981,0.006897345624,0.003823945972,,,,,-0.0066759942,-0.001345599188,0.003920064309,,0.001870918451,0.003657741228,-0.001781436811,0.01325153068,0.01110363895,,,-0.0003105210453,,,,,,0.006356351716,0.00274168751,-0.001225618654,0.005002417039,,0.002055333514,0.0004095540113,0.003885927769,-0.00365991818,0.002677347779,0.00116596154,-0.0002605407601,,0.007267369318,,,0.004157446189,0.003241098895,0.002122243186,-0.001884327065,0.00575825847,0.005311787772,0.0003463952018,0.007857251193,0.006233691594,,,,,,,,,,,-0.001213218987,0.005637948333,0.005735859089,0.005539978267,0.002651477367,-0.001959498668,0.004324954452,-0.000649618226,0.005080643689,0.00296413183,0.006832305628,0.006691939391,,0.01267251802
1997-06-30,-0.0005498218832,,,,,,0.002656301309,-0.005648066258,0.005252753901,-0.001391034817,-0.005133771122,-0.003279960033,0.003472235875,-0.0001809027853,-0.004719257338,0.003488741704,-0.002961318711,-0.004051748439,-0.0008794833694,0.00237807951,-0.004358336488,0.002566103889,-0.005317136985,,,,-0.0008580195113,0.002429340014,-0.0009177203917,,,-0.003191640276,0.007049434678,0.008337046587,0.008797898266,0.005600478153,0.002205933475,0.003447044736,,,,,0.006857661025,0.008790132549,-0.005453836975,,-0.005420496441,0.007454001806,0.004428673698,0.004684416881,0.002583452915,,,-0.001196226397,,,,,,0.003578060858,0.00170763801,0.002903854154,-0.001573534274,,0.001732642317,0.001046917186,-0.0005159672242,0.004084645395,0.000465953786,-0.0005173861716,0.0001326514255,,0.003242031716,,,0.0002180929142,0.003277938629,-0.00102668561,0.004329431803,0.002645241029,0.005474367473,-0.001244317203,-0.001810112138,0.005112381522,,,,,,,,,,,0.005806568183,0.002856763287,-0.005869631588,0.0002822870421,0.003358335442,0.003480983373,0.004315371632,0.003034094249,0.001916523561,0.0006211190591,0.002629964441,0.003328185628,,0.005462473631
1997-07-31,-0.007262855676,,,,,,0.008250133758,-0.01535199111,0.01756406905,-0.01301586672,-0.02908147907,-0.02112991779,0.01074830124,-0.003156182814,-0.01062575356,0.001323462446,-0.01601802977,-0.01836898858,-0.0003160967663,0.003574062673,-0.01933349483,-0.002147291642,-0.02057091801,,,,-0.008300288513,0.003247693803,-0.00783382544,,,-0.004183762627,0.02709751786,0.02876307312,0.02653153734,0.02182184952,0.00329686165,0.004769046106,,,,,0.02821599021,0.02804711198,-0.01966239225,,-0.01496540829,0.004853733029,0.01582837083,-0.009505434498,-0.01093304047,,,-0.004415555825,,,,,,-0.006063621029,-0.00706675487,0.01553828951,-0.01209473002,,-0.006249477786,-0.0009597149206,-0.00304858108,-0.002942132605,-0.004713362906,0.004367830836,0.002089212923,,-0.006546578822,,,-0.008510742776,0.00673276557,-0.004589553239,0.01586592891,-0.003608522537,0.01576674722,0.0144793945,-0.01174530604,-0.0002527434547,,,,,,,,,,,0.01985888269,0.002223291974,-0.002646238382,-0.004852374707,0.008422765401,0.01419064372,-0.00102853768,0.001926084754,-0.003695184538,-0.00201310208,-0.006339744986,-0.005021949273,,-0.009111728825
1997-08-31,0.006133085783,,,,,,-0.01021279795,0.007919358472,-0.01389138647,0.007069630272,0.0190122703,0.008420720654,-0.01028586505,0.0001504304312,0.005928526505,-0.002731424619,0.006957783385,0.009003841495,-0.00209954529,-0.002075730852,0.006838854581,-0.005196135767,0.01435491663,,,,0.008028459902,0.0003630699655,0.008418992853,,,0.01182503708,-0.01699231399,-0.01305553234,-0.01627801997,-0.01672168171,-0.003891291017,-0.007448562771,,,,,-0.01788209049,-0.01602870472,0.009298617633,,0.01263760493,0.003049433773,-0.00884401762,0.01096944001,0.01035756747,,,-0.007375074855,,,,,,0.0072813133,0.01069986767,0.002103321976,0.008824338837,,0.003426667329,0.003186314036,0.001420449977,0.0007967051813,0.00620829901,0.005992537257,0.0005873662708,,0.007423870865,,,0.005028612174,0.001426676737,0.005812697985,-0.008640066811,0.004281360157,-0.0023724008,-5.860592427e-05,0.008947637826,0.00874491743,,,,,,,,,,,-0.02121284316,-0.004585314281,-0.008431382744,-0.003076536482,-0.004270060138,-0.00759718673,0.006328074895,-0.00398045131,0.01132347213,0.008351927352,0.007901995027,0.007257792314,,0.01038213908
1997-09-30,-0.003729588327,,,,,,0.004690150064,-0.006168042322,0.00676119534,-0.003783297229,-0.002263141706,-0.00462976565,0.004410908239,0.006183172833,-0.00287491796,0.00337116642,0.0005282605724,-0.0008368351325,0.003422831884,0.003176469818,-0.001708627752,0.004688824648,-0.004418495877,,,,-0.001172073787,-0.0005461077543,-0.001912197339,,,-0.004576483193,0.01155848559,0.006858620727,0.007954046279,0.005960137642,0.007994154999,0.007902840341,,,,,0.004639793991,0.01077827472,-0.002122882369,,-0.006223829219,0.007185861905,0.001898697143,0.004372525484,0.003613241004,,,0.003056876915,,,,,,0.004541936003,0.005654791276,0.00941910805,0.009820927403,,0.001608461528,0.001560509359,0.0005961302416,0.00239150427,0.002445496379,0.002296459215,-0.001507876373,,0.005097583626,,,-0.0009165979679,-0.0004863060461,-0.005815212189,0.002266038317,0.009308530843,0.004135364812,0.01245535868,0.01148132916,0.007375944736,,,,,,,,,,,-0.006099397613,0.007497418105,0.009050795965,0.003422200142,0.001491490354,0.00215250197,0.0009685015076,-0.0003500663099,-0.002795534235,-0.002604293822,0.003783567183,0.004639550257,,0.004429505906
1997-10-31,0.00230318696,,,,,,0.00578078827,-0.007257672115,0.009316437592,-0.008306591916,-0.00649989574,-0.004878740951,-0.002125682365,-0.0005040989602,-0.009191990954,0.002316237572,-0.001092470646,-0.003629940509,-0.002554617072,0.003070273401,0.001078421379,0.002345092691,-0.005883181224,,,,-0.00685320147,-0.003573743609,-0.004015752656,,,-0.006722675187,0.005507956853,0.004202724219,0.003433050843,0.008592834467,-0.002883820076,0.006428029935,,,,,0.0104720711,0.006853568877,-0.004315837132,,-0.007146292698,-0.007679651818,-0.003286895276,-0.01179764524,-0.01124921781,,,0.01192229736,,,,,,-0.01147333845,0.004870841723,0.003849567485,0.007282701806,,-0.0007195682177,-0.001107960591,-0.004137232127,-0.003807903294,0.003497143679,0.005277581458,0.0059424619,,-0.009973840539,,,0.000895470832,0.0009192518102,-0.001360236008,-0.003200187767,0.008923104653,0.001588640476,0.009689768402,0.01046428058,0.007241159989,,,,,,,,,,,0.01011452567,0.004754380142,0.007096278909,0.005693472623,0.001022443954,-0.0054351448,-0.008811443795,0.0009947610205,-0.006999181329,-0.003468987286,-0.01406225184,-0.01196296685,,-0.01371186215
1997-11-30,-0.0001073952153,,,,,,-0.001320091715,-0.004620285503,-0.002805295833,0.001922502668,0.003523385429,-0.001978828708,-0.003431134437,0.007585074092,0.01045631912,0.002869594126,-0.001598377015,-0.0001315616591,0.006619677935,0.0001893293054,-0.007312538676,0.005411937231,-0.008648427487,,,,-9.772227351e-05,0.002678334747,0.0007053080197,,,0.004722890911,0.006634244204,-0.0005493031746,0.005062138452,0.0004215026961,0.01068780781,0.00225815005,,,,,-0.004422931202,0.002638388741,0.001792815712,,0.004021177944,0.001350363794,0.003233967761,0.007210769111,0.005514473778,,,-0.00302715598,,,,,,0.007110752829,0.006564211642,0.006803356289,0.005504509792,,0.006054042692,0.003554887405,0.001727983926,-0.000172467923,0.005027589087,0.003005287019,-0.002438654599,,0.007084321109,,,0.003661893897,0.006929161686,0.003434753126,0.003287897452,0.009068444109,0.004117929873,0.006786471648,0.009775360264,0.008692613955,,,,,,,,,,,-0.01100519444,0.004858196225,-0.0001351404976,0.005046534767,0.001922515199,0.001980672176,0.004969557356,-0.002956611104,0.005196159063,0.003920543543,0.007634950005,0.00721512474,,0.005950859486
1997-12-31,0.001965356231,,,,,,0.002253769483,-0.0038200948,0.0008746502436,-0.01046127976,-0.001318705921,-0.001952814039,-0.0001014978816,-0.0054620326,-0.003706311041,0.003870755705,0.001889571774,-0.000141089708,-0.007397292715,0.004679858611,0.006983104965,-0.0004910036691,0.00506080154,,,,0.0004524017705,0.001675128592,-0.001881001468,,,-0.008853065085,0.0002157113392,0.004738170202,0.000147844359,0.0001064663607,-0.00150048996,0.004875486332,,,,,0.00560361751,0.0007735049134,-0.0005190513387,,-0.008288768318,-0.007635205063,-0.0006832144399,-0.007885246152,-0.005688595883,,,0.0103810882,,,,,,-0.008297810193,0.006502567911,0.005984953241,0.008846272801,,0.004349573928,0.002042156949,-0.000606293547,0.008546719779,0.005459821765,0.008177469569,0.007500525782,,-0.00692041646,,,0.00612362976,0.004245385908,0.003152989453,-0.0001939832319,0.01093523466,0.002676007497,0.01022669909,0.01255660991,0.0121420367,,,,,,,,,,,0.005734661346,0.01040779061,0.005288837914,0.01044200851,0.002985725326,-0.002633661667,-0.007988307384,-0.006986991993,-0.01006508919,-0.007546394968,-0.007363728761,-0.007393698281,,-0.00829729331
1998-01-31,-0.000698799794,,,,,,-0.004137395683,-0.001969536816,-0.002640501041,-0.003540260261,0.002337661564,-0.004273540681,-0.00188829965,-0.001194142096,-0.002079322518,0.004981724736,0.004070614847,0.004123864509,-0.002779100043,0.005470177212,-0.0004866445236,-0.001141750277,0.004408800228,,,,0.002949588796,0.00435133987,0.001311599322,,,-0.001710852689,-0.001626408861,0.002844976417,-0.003456736993,-0.003555285329,-0.00411243853,0.001805756807,,,,,-0.0006575867566,-0.003335287858,0.002603333367,,-0.001455896218,0.000731417172,-0.01043401819,-0.002433948668,-0.00294585953,,,0.006392549095,,,,,,-0.00705236132,0.001511300996,0.001242213492,0.002980328454,,0.001567855927,-0.00164077645,-0.00020411627,0.003914682598,0.003843094012,0.002443313292,0.004141283758,,-0.006029739357,,,0.00111504427,-0.0001855268667,0.000888559954,-0.01025892615,0.006128901864,0.005289573858,0.00285750902,0.003353536477,0.00533049673,,,,,,,,,,,0.00280320957,0.003999109382,0.003614200682,0.003113082487,0.1041662567,-0.01031592976,-0.004197463276,-0.000757663587,-0.0006938039955,0.0009441958066,-0.006382661499,-0.007720465217,,-0.003396330794
1998-02-28,-0.001707106354,,,,,,-0.00597475242,0.002579073356,-0.002282367463,0.0001199307602,0.005580306744,0.0009952524445,-0.009864591013,0.002700462503,0.009367268148,-0.0015266111,0.005218025921,0.005749990136,-0.004147827615,0.004176194657,0.003189245013,-0.001789847626,0.0005731774396,,,,-0.002341784922,-0.002458792087,-0.0008548616108,,,0.006465669554,-0.0003060549766,-0.001196143383,0.00354548569,-0.006258593192,0.006641610153,-0.001800235006,,,,,-0.008321512067,-0.002813811772,0.001383752632,,0.006591654313,-0.001791128195,0.004261730125,0.01031939794,0.008943170402,,,0.003219948636,,,,,,0.005441660063,0.005525115794,0.004310823535,0.00411108015,,0.006244478508,0.004387758158,0.001679215497,0.0008229065271,0.003785654437,0.007235295444,-0.001248378322,,0.007205824724,,,0.005621319058,0.00319745035,0.0009112792744,0.004459912698,0.005467549288,0.006414000898,0.006857668457,0.004267549704,0.002966155046,,,,,,,,,,,-0.006716720949,0.003436459025,0.003602821585,0.002919808752,0.002728074216,0.004567774114,0.0002931522955,-0.004201368316,0.00366022589,0.001479795741,0.007742679363,0.005982691994,,0.0106015364
1998-03-31,-0.002150370465,,,,,,0.001028699445,0.003108201563,-0.0007924854734,0.0044489096,0.00289902067,0.002236741127,-0.0005672476509,0.003575885552,0.005285360117,-0.00195693114,-0.0006408996453,-0.000718387646,-0.0008220367786,-0.002223636897,0.00321548485,0.0009209157695,0.001728754499,,,,-0.001690498939,-0.001426574617,-0.001695864431,,,0.004371236683,0.002090400558,-0.002301833236,0.000531737544,0.0009825307159,0.004436443717,7.578908764e-05,,,,,-0.003250661585,-7.012328648e-05,0.0003520657948,,0.00491453132,0.00404711521,0.001458547072,0.008537426438,0.00587331001,,,-0.004376099649,,,,,,0.006569814461,-0.0005341413982,-0.003809573062,-0.003341992162,,0.000914371796,0.00238719845,-0.0002203585005,-0.00119898887,-0.004346140901,-0.003835912593,-0.001477151187,,0.006302112813,,,0.004199006717,0.002389081018,0.0007212706172,0.001653657768,0.0006977643714,0.002467035334,-0.002828383933,-0.002764359753,-0.0008863007609,,,,,,,,,,,-0.000341219811,-0.0001822037523,-0.001086785899,-0.0007831761696,0.001580010267,0.002039380668,0.003938558926,0.001220044898,0.002539609195,0.002675217129,0.005711910231,0.006440889235,,0.008795808115
1998-04-30,0.0004258711379,,,,,,0.001352556101,7.11486417e-05,0.001284140811,0.003813572601,-0.001669164098,0.0003369715081,0.001027047689,0.0005754853878,-0.00218475149,-0.001148236302,-0.002706156964,-0.004782550612,4.863472812e-05,-0.002791709,-0.0006552866373,0.003275283685,-0.002475003935,,,,-0.002939615059,-0.002809261856,-0.00290311953,,,0.004993339486,0.001417382357,-0.0009207163323,0.0004173553237,0.00349341101,0.0006083536425,-0.001916878907,,,,,0.002361422248,0.002212674252,-0.005363493687,,0.004007008623,0.003649219368,0.001059049953,0.001344520455,-2.833755612e-05,,,-0.00439780325,,,,,,0.003066617627,-0.001873726485,-0.002302651128,-0.003470149176,,-0.001013269102,-0.001842387567,-0.0007435125935,-0.00362239384,-0.002913608336,-0.001730763606,-0.002889526289,,0.002083814784,,,-0.002814775728,-0.00270139804,-0.001695063632,0.0011581422,-0.003864946639,-0.000983497254,-0.002069715355,-0.004727408514,-0.004081733308,,,,,,,,,,,-0.001214110175,-0.005628725455,-0.004788928623,-0.004907807455,-0.001124591749,0.001500726626,0.004779148737,0.005929509239,0.004160307467,0.003586497528,0.002025716276,0.002326776718,,0.001345181394
1998-05-31,0.0007561034397,,,,,,0.00776460268,0.0003386114082,0.005352628226,-0.005696700091,-0.008433639914,0.001850553041,0.001827887475,0.002300508939,-0.002426388542,-0.001937177929,-0.001708137595,0.002750953435,-0.00308641279,-0.0005290905713,-0.0008151135852,-0.001025550668,-0.001074173124,,,,-0.00636436976,-0.006376826751,-0.00612879443,,,-0.004368329032,0.00412903023,0.002557508585,0.004213332575,0.009521717731,0.003070452462,-0.00060374008,,,,,0.00694991051,0.006884359272,-0.001563852033,,-0.005051550793,-0.0009501850833,0.00684498996,-0.003597527017,-0.002752670087,,,-0.001377013142,,,,,,-0.0002513730006,0.004908271607,-0.004827913306,0.002485958698,,-0.000801863074,-0.002876259122,-0.0004369917708,-0.0008004890485,0.0002212792103,-0.001259983775,-0.001964240591,,-0.001347556831,,,0.003029237682,0.001178284608,0.002645761427,0.006898890429,0.003867685377,0.005286207186,-0.003205156549,-0.001256053324,0.000196059484,,,,,,,,,,,0.002015566986,0.0009100936187,0.005519063472,0.0006429168656,0.0001580336248,0.006503791897,0.002642022887,0.002050977885,-0.0003239860852,-0.001104779639,-3.549666669e-05,0.0005567683278,,-0.002874881824
1998-06-30,0.0009583031462,,,,,,0.0001749097993,-0.0003748316639,0.002218286891,-0.003028359517,-0.004275493019,-0.001283200785,-0.001081413696,0.0006591217651,-0.004197164686,-3.821131959e-05,-0.001024557866,0.001216167844,-0.001150083797,-0.001909191928,-0.004283913638,-0.0008356050193,-0.0007198358869,,,,0.0009917583862,0.0004247422172,0.0006026113542,,,-0.003185133659,0.002415316657,0.006189043988,3.509021897e-06,0.004947712198,-0.001135894279,0.002724435352,,,,,0.007000085942,0.003659828509,-0.001525321597,,-0.004531124517,-0.00355596637,-0.004607203062,-0.006459925136,-0.00568659027,,,0.002193729846,,,,,,-0.006354084344,-0.001592363033,-0.004865165999,0.0004712658631,,-0.00034554314,-0.002687603873,3.103309824e-05,-0.001483775123,0.002959923911,-0.002632410792,0.0006003128325,,-0.00578479124,,,0.004312661226,0.002307365526,0.004614452851,-0.004457567154,0.002483446238,0.0009994520019,-0.001963036718,0.003385966676,0.003830342165,,,,,,,,,,,0.002258693561,0.004473883414,0.004620373571,0.003998917361,0.001032618943,-0.004233917523,-0.00523232064,-0.002628505144,0.0004950858599,0.002774605172,-0.006112725967,-0.007472170699,,-0.006901041823
1998-07-31,0.001345303881,,,,,,-0.01026224173,-0.003328491699,-0.01225363239,0.002744878283,0.01171021415,-0.0006482155896,-0.005084561238,-0.005535830958,0.001324515701,0.001819604169,0.001682925039,0.0002660557003,-0.005972053655,-0.00162308041,-0.004599519272,-0.00467564789,-0.003437696536,,,,0.01314462998,0.009972161327,0.009411062833,,,0.00140531335,-0.008901930312,-0.003553055519,-0.009518763395,-0.01131472919,-0.006155077757,5.291782316e-05,,,,,-0.0100503702,-0.01024224903,0.002925100638,,0.004144876642,0.003321898297,-0.01022713933,0.001132769295,0.001875142899,,,0.003127708404,,,,,,-0.003201042844,-0.007158358732,-0.006277942957,0.001189794192,,0.00206116766,0.00163193274,0.002016018559,-0.005289862301,0.002517386476,-0.005074186219,0.001519259907,,-0.001849428007,,,0.002462816137,0.003662249228,0.003704220689,-0.01021222779,-0.004446927295,-0.005412096274,-0.00808276495,0.001314327461,-0.002304095966,,,,,,,,,,,-0.00211523044,0.002578927142,-0.002676328918,0.001212415712,9.352850034e-05,-0.009594211631,0.001783550337,0.0009847983474,0.00365365535,0.007390532296,-0.003186174094,-0.003763604274,,0.0005298247464
1998-08-31,0.02181565165,,,,,,0.005529684583,0.000290115502,0.01456507625,0.001658818992,-0.01665867798,0.005151634629,0.001939160278,-0.02370128562,-0.04073605745,0.006363517778,0.001744470262,-0.007258551193,0.004415554756,0.006016680049,-0.00668860502,0.0005129636332,0.001110362964,,,,-0.01330391103,-0.01143715115,-0.007830789422,,,-0.01464745592,-0.0247152493,0.00321675043,-0.02068666019,0.01065585976,-0.03700794759,-0.005150277726,,,,,0.0171325232,-0.001939508575,-0.002744547248,,-0.01737549039,-0.02621957947,-0.04590358757,-0.08174067911,-0.0728079588,,,0.02318156191,,,,,,-0.06634113236,0.006350101766,0.008396089467,0.006104379173,,-0.00952179697,-0.00915364366,-0.0249031163,0.01193676362,0.01199669348,0.02236590506,0.01259503223,,-0.06806667944,,,0.002896481773,0.001707590467,0.005167070525,-0.04441083548,0.008734401931,-0.004672583462,0.01994244391,0.006361260364,0.005354383474,,,,,,,,,,,-0.004328611077,0.007361235544,0.005016325288,-0.008289521548,-0.004120808875,-0.04794933052,-0.03007891589,0.01004227491,-0.01682905962,0.001807439521,-0.06771095992,-0.0663295125,,-0.08506174175
1998-09-30,0.003060946454,,,,,,0.0026694114,-0.01456315223,0.001313858481,-0.01655493019,-0.02213701695,-0.005874258573,0.007112488931,-0.01238002189,-0.02102670161,0.01905379318,0.00435027096,0.0008830945795,0.002771596874,0.01237151082,-0.01705157482,-0.01299097113,0.001686684484,,,,-0.003464557666,-0.003196319074,-0.006035798216,,,-0.02638621194,-0.01480330309,0.01877950707,-0.01411708133,0.01149657479,-0.01196607778,0.009558344476,,,,,0.0257956093,0.01924845699,-0.001563034013,,-0.03143975352,-0.02979878818,-0.007428062176,-0.04501267526,-0.05014176924,,,-0.008214688849,,,,,,-0.03790124939,0.0166500368,0.01086863324,0.004811452961,,-0.002672906808,-0.009626846341,-0.01820726329,0.002909198226,0.02074940371,0.009709803802,0.01182206074,,-0.04408995092,,,0.005568758503,-0.0006411490196,0.007570405246,-0.005801112921,0.01168438658,0.01202256897,0.0117332855,0.009613355227,0.01780097295,,,,,,,,,,,0.01977335041,0.009263854757,0.008350454049,0.01000033647,0.01496237649,-0.01060313356,-0.02305730848,-0.001683068956,-0.01318676078,-0.00494465843,-0.04257687344,-0.03857886394,,-0.04773784267
1998-10-31,0.01176493336,,,,,,0.002716451241,-0.001019796876,-0.01370623868,0.004580975045,-0.00919169743,-0.003957491664,0.009060842202,-0.00244174098,-0.01945589493,-0.008808646337,0.0019456935,0.01059151071,-0.001770082557,-0.01155856784,0.001755675189,-0.01504175683,0.001587183841,,,,0.006150001489,0.009198914638,0.007375420246,,,-0.0143949552,-0.01290074022,-0.004296434991,-0.01290358202,0.001043777618,-0.009983801147,0.004092000622,,,,,0.001760204324,0.0006430288992,0.008328032557,,-0.01600749487,-0.01770546519,-0.007822372544,-0.02504059051,-0.02479526873,,,0.001716202227,,,,,,-0.02640658228,0.004591488645,0.001898532219,-0.006977936014,,0.005211759047,-0.0002155535262,-0.001902036733,0.006304794652,0.01231876321,0.008749419561,0.01047051086,,-0.02571457061,,,0.001564159795,0.006670223564,0.007518331003,-0.006237321338,0.01841320639,0.01067302073,0.01492772712,0.008511037452,0.01407425636,,,,,,,,,,,0.008868180769,0.01647907213,0.01386660563,0.01717154902,0.009966407023,-0.01010080254,0.002667993864,0.00440066364,0.004608146574,0.01175849997,-0.02329125524,-0.02474479276,,-0.02575681914
1998-11-30,-0.01611508187,,,,,,-0.02601047045,0.001406556332,0.02553394084,-0.02185808619,0.05801982064,0.005693532148,-0.02152354805,0.03919885409,0.05814980687,0.02331016577,-0.002717358121,-0.01728536844,0.02696644239,0.02655948883,-0.0006188244028,0.03990725212,-0.04760429744,,,,-0.02423558123,-0.02646097922,-0.0177344753,,,0.06024978642,0.06075657132,0.03763640049,0.06673780297,-0.01942570921,0.05506240705,-0.0178882169,,,,,-0.01415310589,0.008325042015,-0.01529040585,,0.05440500095,0.05661561615,0.02519272603,0.06845212568,0.05708429857,,,-0.03883347749,,,,,,0.06107564689,0.002070850555,-0.009828032109,-0.0110037025,,0.01252741027,0.006257851806,0.009511364198,-0.01717436908,-0.03080541861,-0.03056244154,-0.02017209877,,0.05288927661,,,0.003228931872,0.005425779098,-0.002184356537,0.02370873118,-0.05104872989,0.01441686383,-0.06721135267,-0.06021907442,-0.05836182115,,,,,,,,,,,-0.02632233878,-0.0581855254,-0.0630820773,-0.06467094586,-0.002619668272,0.03154596558,0.03168048432,0.007103518086,0.01825900508,0.005236787884,0.054617742,0.05947592254,,0.07256510195
1998-12-31,-0.0009394622588,,,,,,0.0009328179589,-0.002416222343,-0.01062782603,-0.01581403716,-0.008822366952,-0.009414304735,-0.01273441286,-0.01414553679,-0.0172108426,0.002480941425,0.0004865279405,-0.00851693225,0.002146863765,0.003322017459,0.002192177461,-0.004201112671,0.008031334552,,,,-0.007225439934,-0.007734723286,-0.0001893307373,,,0.008259489323,-0.01414384821,0.001586450768,-0.01339544276,-0.003866213463,-0.01548019864,0.007088468979,,,,,0.008919265263,-0.001177432215,-0.01395572655,,0.005353739757,-0.0008876270388,0.0005396052035,-0.000829954299,-0.009376527179,,,-0.005513412728,,,,,,-0.008060820255,0.001674958028,-0.0005284510666,-0.005009013725,,0.01417113931,0.0008062248709,-0.005115985373,0.004855290361,0.006970924923,0.003760083354,-0.00373872592,,-0.006752842198,,,0.009586418246,0.002347693713,0.005027195401,0.001197899781,0.006745648925,-0.000331950032,0.003841232566,0.00963002459,0.007727439266,,,,,,,,,,,-0.01326028545,0.007680709695,0.009036022936,0.01052431862,-0.001164848437,-0.0004889830372,0.008151333588,0.009012882979,0.01278357276,0.0137102652,-0.00481908434,-0.006122155137,,-0.002660984803
1999-01-31,-0.001847862817,,,,,,0.006756446741,-0.002596451175,0.006640806425,-0.002501420491,0.002979158404,-0.004001686672,-0.006958675414,0.005019151061,0.005063873727,0.002119161067,0.00139719827,-0.003886555781,-0.0005518491172,-0.00106304931,-0.0008591993199,0.001386095391,-0.003030019676,,,,-0.0009071629303,-0.0001766516138,0.001150234774,,,0.006304945327,0.006641425941,0.000332093188,0.003172356072,0.00239500009,0.006103178976,0.00499362455,,,,,0.00258221834,0.002707868039,-0.002115976377,,0.004498128487,-0.00153013267,0.008841824921,0.001924344249,0.00395233862,,,-0.00429422228,,,,,,0.005166513046,0.0001869837978,0.0004041824565,-0.003154657899,,-0.0006101298007,0.004602905897,0.003332673695,0.004224078225,0.004622403194,0.003419984665,-0.006032609293,,0.003370841023,,,-0.004644402329,0.002984585696,0.002696990911,0.008658176842,-0.001696712188,0.004733539834,-0.002270644182,-0.006038510152,-0.003352567744,,,,,,,,,,,-0.006284312094,-0.006762703602,0.002491215211,-0.008177664912,3.113953254e-05,0.01016973524,0.00547521251,-0.0007594191243,0.00201161151,-0.0001674183632,0.005469644397,0.005600526163,,0.002812881466
1999-02-28,0.002275709146,,,,,,-0.01091572796,-0.007582257594,0.02195805571,0.005497298031,0.02437865463,-0.009493387343,-2.735673119e-05,0.003560519856,0.01663778219,0.002030211151,-0.00783263922,-0.00339872516,0.01063500436,0.008303339563,-0.02533391933,-0.01161897288,-0.009704818067,,,,-0.01379564562,-0.0132160131,-0.007782696074,,,0.01392032598,0.01657080958,-0.01612313749,0.01318677249,-0.01483348277,0.009055467182,-0.001957329653,,,,,-0.03577750267,-0.03355507586,-0.005061372337,,0.01729026349,0.01119401927,-0.0007973772352,0.01759706229,0.01839692065,,,-0.01065222681,,,,,,0.0134314484,0.004211907938,0.009496718134,-0.0003728336642,,-0.005178376999,0.004115019065,0.009162747814,-0.001336542918,-0.003980495887,0.003672554315,0.000368928661,,0.0142576026,,,-0.009675311847,-0.005592325384,-0.006083616782,-0.001790859397,-0.009646350323,-0.005753472895,0.01146258909,-0.01293499047,-0.01082413432,,,,,,,,,,,-0.0001757673616,-0.006609197109,0.01087154065,-0.009209576944,-0.006921070231,0.002689565938,0.01158879862,-0.004333811563,0.006589409386,0.002529442803,0.01610210415,0.0120141142,,0.0164704242
1999-03-31,0.001601420841,,,,,,0.009056297238,-0.009965775058,0.01081340593,0.0009041731092,0.004703333582,0.003321316257,0.001082127806,0.001590852984,0.003834240603,-0.0009352919084,0.0006994290094,-0.00468129156,-0.003926105745,-0.001588751997,-0.01048187523,-0.009015882718,-0.007417608731,,,,-0.002906276303,-0.003270812667,0.002458993279,,,0.005857482419,0.003436807483,-0.006490731514,0.001166539537,0.004093084784,0.001757396396,0.001099421924,,,,,-0.005419837187,-0.005238932922,0.003204443746,,0.006945251757,0.003339797084,-0.001849402601,0.002347824963,0.000856254608,,,-0.005368080484,,,,,,0.001062386789,-0.009237979098,-0.007527927535,-0.007277843274,,-0.003289133621,0.004659532379,0.002413463066,-0.00222614275,-0.007833530723,-0.004123651338,-0.00631190617,,-0.0003304631247,,,-0.01128873193,-0.009033693433,-0.001177625486,-0.001980627257,-0.007257889396,-0.005510946598,-0.01183759904,-0.009390221559,-0.008526400719,,,,,,,,,,,0.007945056328,-0.007104823708,-0.0001211841561,-0.001082976217,-0.002092297298,-4.589789147e-05,0.007818394082,0.0009850436865,0.0005165130356,6.846242121e-05,0.0003511119165,0.0001000644715,,0.001402910778
1999-04-30,-0.001354949341,,,,,,-0.005536481688,0.002357781479,0.01718838636,0.002175873979,0.01562217655,-0.004759296899,-0.00867898154,0.004298715159,0.009530602543,0.005689326879,-0.005040736364,-0.008216618075,0.006470329556,0.006939658485,-0.0109820317,0.003902453376,-0.01608229,,,,-0.01038373221,-0.009319519355,-0.005717894228,,,0.01059571656,0.01221585375,-0.002336095986,0.01277596914,-0.008296971681,0.008095333278,-0.005735840447,,,,,-0.01221262153,-0.009831376767,-0.003143779603,,0.01598321638,0.01733338729,0.001953048596,0.02072093567,0.01656563611,,,-0.003335946469,,,,,,0.01666564284,-0.008583255478,0.006393041897,0.004329604115,,-0.006268898763,-0.007435809243,-0.0006935197736,0.005020236716,-0.003279130216,0.003177644396,0.002549282592,,0.01606019113,,,-0.01562178556,-0.01456916952,-0.007041307456,0.001152365366,-0.01429406485,-0.01020570662,0.003756206227,0.008350297825,-0.01247618237,,,,,,,,,,,0.002341255117,-0.01203350358,0.009580975431,0.00848881981,-0.005552875427,0.003574289655,0.01589678633,0.007479071821,0.008639392438,0.002563576792,0.0151177093,0.01544723837,,0.01983730596
1999-05-31,0.001937915344,,,,,,-0.008660285713,0.0002207365346,0.01037814405,0.002052165662,0.01052487848,0.005685658524,-0.01849946177,0.000869055785,0.004949793564,0.01450503963,0.003244955132,-0.008305007926,0.01651518078,0.0132039193,-0.005610478673,0.005433433103,-0.004413959597,,,,-0.0191442823,-0.01703508625,-0.0103378824,,,0.01794823208,0.004861404613,-0.002303334737,0.007401785672,-0.01191337771,0.004388026081,-0.01587283331,,,,,-0.009829912055,-0.008178517877,-0.002899400528,,0.01339166216,0.01342298696,-0.003040716677,0.01462992841,0.01157413942,,,-0.008507063487,,,,,,0.009775037231,-0.004980595529,0.008966803424,0.003491396652,,-0.0134358941,-0.005205709378,0.003361641449,0.002494893954,-0.008161802151,0.004842500013,-0.005177420858,,0.008363492883,,,-0.01396929757,-0.01485700703,-0.007322441593,-0.002621010231,-0.009294559741,-0.009893826495,0.001918525715,-0.0009443286325,-0.01375361606,,,,,,,,,,,0.002739164297,-0.01044010273,-0.003697774942,0.0007654628167,-0.01004089485,0.0007168011902,0.007100568364,-0.0001805717897,0.008185689062,0.005015547629,0.008870665416,0.007408239387,,0.0146322881
1999-06-30,0.005503851621,,,,,,0.002099702223,0.003288857347,-0.001894642219,0.002274653417,-0.00435924201,0.0003728112795,-0.005419929418,-0.008299862063,-0.006859559744,-0.00481434462,-0.001837057482,-0.003187095082,-0.001990100291,-0.004608329101,-0.004873249269,-0.008417417132,0.002020733753,,,,-0.003256138271,-0.002172804979,0.0004440386969,,,7.744669622e-05,-0.006245498379,-0.006384604226,-0.006156820035,-0.00330819584,-0.006797524643,0.0003708637299,,,,,-0.00347934156,-0.005947779356,-0.00352299041,,-0.000604649813,-0.002405091886,-0.005942542389,-0.00394096104,-0.005069712762,,,0.003122692433,,,,,,-0.007893849891,-0.003678781934,0.003295361046,-0.001284232221,,0.0002838027175,0.001742623932,-0.002176079818,-0.004300854674,-0.0002086893403,6.62163478e-05,0.002120581971,,-0.007670682573,,,-0.004254715996,-0.003190405752,-0.001326126031,-0.003789496649,-0.00303948403,0.00598289879,0.001229218639,-0.000764600453,-0.005196363037,,,,,,,,,,,0.004513263518,0.003932179624,-0.005928974739,-0.00577333147,0.002663435388,-0.005489381328,-0.002427062118,0.003453299862,0.003718655674,0.005226051484,-0.008120672729,-0.009204275663,,-0.00473316809
1999-07-31,0.0004340681653,,,,,,-0.00156762757,0.0002027264121,0.01194618722,0.009926813933,0.005901701581,-0.00256584863,-0.004594028601,-0.007841355805,-0.002930785878,0.001174478778,-0.006410348481,-0.0114759262,0.004631294303,0.003322466053,-0.009105215824,-0.005743805851,-0.006789238262,,,,-0.005411815414,-0.00847023021,-0.001038972603,,,0.005836681467,-0.002634610729,-0.00454149889,-0.0004915824749,-0.01365449515,-0.005256599418,-0.005154787277,,,,,-0.01338604845,-0.01121312454,-0.006462955185,,0.007323125818,-0.00235438963,-0.006469590169,0.001550755065,0.0002829448402,,,0.002415284074,,,,,,0.001433261077,0.0001412663188,0.001010447898,0.002959410189,,0.00317511122,-0.00230679687,0.004933236639,0.002985800575,0.004313054362,-0.002704501369,-0.003045547489,,0.0006460814195,,,-0.001355248568,-0.0007634464949,0.0010181971,-0.004647109593,0.005350828558,0.0001841880783,-0.0002580880744,0.005673142558,0.008508734938,,,,,,,,,,,0.00433224912,-0.001089072493,-0.00145714604,-0.0007963339054,0.00147304806,-0.00819139637,0.00295652389,0.003522046946,0.005383175179,0.004052964629,0.001572660497,0.0008462915808,,0.0004340300013
1999-08-31,0.003976502406,,,,,,0.008856280518,-0.003464615558,0.006436795466,0.004564374111,-0.00202092393,0.002084619125,-0.01457874737,-0.01057763736,-0.006634007861,0.001653410138,0.0001026018712,-0.009738401991,-0.001196175778,-0.008506692575,-0.007980304881,-0.009900001829,-0.007716497954,,,,-0.006580575272,-0.009966598772,-0.008302070435,,,8.05104024e-05,-0.008538447491,-0.01350703396,-0.002805710234,-0.004687611591,-0.01051145315,-0.007737261504,,,,,-0.01345434016,-0.01175957982,0.003102353879,,0.007524975729,-0.01447898975,-0.001666294737,-0.01325898655,-0.01192769906,,,0.009890525783,,,,,,-0.01149068415,0.00517314485,0.003826970461,0.01637350992,,0.003716190145,0.002387300643,0.004226458529,-0.002206512214,0.005310877366,0.01169461853,0.001634748591,,-0.0133931059,,,0.009148012444,0.005373527188,0.006925912578,-0.001780211248,0.009021659872,0.005039072156,0.007357510345,0.01448702064,0.008259104206,,,,,,,,,,,0.0008728490798,0.007389460608,0.007799817659,0.004571479929,0.01389330062,-0.001434188538,-0.001648419172,0.003961652497,-0.0035123526,0.00266283662,-0.0117876892,-0.01132570228,,-0.01391633452
1999-09-30,0.0008396464165,,,,,,0.01032581815,0.01096147452,-0.008567779365,0.01026863539,-0.02010011746,0.003483960201,-0.01204541815,-0.01644653408,-0.01553290913,-0.01004783309,-0.002273227403,-0.006705676845,-0.005119611418,-0.006738194266,-0.002576562048,-0.005003750719,9.929394685e-05,,,,-0.004304788432,-0.005743301423,0.001033298888,,,-0.002037728962,-0.02024088266,-0.007053582547,-0.01048584077,-0.005288742707,-0.02057646623,-0.005593964688,,,,,-0.001971718336,-0.004473737861,0.006553827077,,-0.00197711769,-0.02187763831,-0.0009077698326,-0.02925352517,-0.03071868144,,,0.01172525707,,,,,,-0.02794192755,0.001531465748,-0.004178445733,-0.004464075211,,0.00823796264,0.00604348996,0.001014337447,0.003264383192,0.009084713611,0.007316251505,0.01061213491,,-0.02966615331,,,0.01629347042,0.01636293819,0.01412926277,-0.001080408716,0.01786736238,0.00994017782,0.0009439971898,0.008103578775,0.007097333011,,,,,,,,,,,0.004918638647,0.01028544129,0.02379570104,0.01717018251,0.01800672304,-0.001359298007,-0.009167892928,0.006597716228,-0.007995318809,-0.00306712546,-0.02683806058,-0.02749052021,,-0.03005319198
1999-10-31,-0.001532018947,,,,,,0.00310057758,0.01563589147,-0.004485707815,0.01301902666,-0.02563550203,0.003061515904,0.006328349933,-0.007675295767,-0.02370092655,-0.007893735245,-0.01221299706,-0.01367914854,-0.009430804722,-0.002830960667,-0.01497553931,-0.009543489433,-0.00987402797,,,,-0.009810843993,-0.004610518565,-0.003375858107,,,-8.744985124e-05,-0.02034191246,-0.003961991757,-0.007683976775,-0.004953327455,-0.01247510565,-0.003569613658,,,,,0.0003718434952,-6.334312515e-05,-0.001233724627,,0.006628563523,-0.03048257942,0.01163553653,-0.03119295507,-0.03171142777,,,0.01411423946,,,,,,-0.02988561436,0.00196687362,0.007682068766,0.00119626405,,0.01691497246,0.01806094072,0.01313032613,0.01526947758,0.01543481533,0.02906992809,0.02093297983,,-0.03199639483,,,0.02304766291,0.0208262836,0.01560509467,0.01441352959,0.02340814846,0.01460961187,0.0117295593,0.01320160324,0.01507844969,,,,,,,,,,,0.02681241867,0.0335436933,0.02453816023,0.02593984048,0.0235716946,0.009480156751,-0.003828412612,0.0001574525129,-0.01644461706,-0.01247535871,-0.02992830418,-0.0258252178,,-0.0311660166
1999-11-30,-0.003284208172,,,,,,0.005494254716,-0.005775107344,0.009758715786,0.009671166104,0.01168331428,-0.01191543179,-0.001781104026,0.01519296988,0.01595736823,-0.008015546575,-0.01009830805,0.002213477544,-0.008647087486,-0.005060357062,-0.009944525567,-0.005643166782,-0.00752472151,,,,0.004855735726,0.006552702902,0.01223665485,,,-0.005140233859,0.01344079668,-0.00291832267,0.00966044347,0.005443663133,0.01304257057,0.003988306355,,,,,-0.007096742589,-0.002795073424,0.002471364433,,-0.0002665770066,0.002963679287,0.004643533511,0.01059097974,0.007736055376,,,0.001027643108,,,,,,0.0116515257,0.009429928827,0.00340816392,0.005097553867,,-0.005355520204,-0.001906137803,-0.01001353362,0.003038680747,-0.0008421833317,-0.002708402277,-0.004444874573,,0.01066210515,,,-0.004125791809,-0.00547251507,-0.005607691993,0.005505384363,0.005642671751,0.007001774743,-0.004065106015,-0.002729830969,-0.0006384551431,,,,,,,,,,,-0.0002556015884,0.002209887474,-0.008022724976,-0.008442200871,0.0009871304899,0.006643724681,0.007443480605,0.005692745013,0.005122939812,0.001395745608,0.01228496378,0.01363148427,,0.0101571181
1999-12-31,-0.00212128134,,,,,,-0.0006084946235,0.001176883575,0.009773563661,-0.0006220657549,0.01254226139,0.003947946341,-0.007453975026,0.005332051157,0.01454647173,-0.003396784811,-0.01420060214,-0.0007128708886,-0.0001556950224,0.003421267133,-0.0008156291776,0.00441397234,0.002399907103,,,,-0.004913401959,-0.003141688557,0.002224843554,,,0.005656220465,0.008628116666,-0.003150592426,0.006719916494,-0.006251666065,0.006437770141,-0.002079851116,,,,,-0.01277461842,-0.005620375335,-0.007881423414,,0.006155037481,0.001646889299,0.007239740659,0.00747617727,0.003095133683,,,0.003159719713,,,,,,0.01345286133,0.002229259455,-0.01094823351,0.0003870251916,,0.003670033726,0.004729344999,0.006284144893,0.001151798314,0.001398945442,-0.0004249711254,-0.005229789677,,0.01107004788,,,-0.002339915394,-0.007227346949,-0.004924786816,0.007132376788,-0.001574806049,0.0005420122203,-0.006932731351,0.001299834415,-0.002058153849,,,,,,,,,,,0.005609636404,-0.005012845223,-0.002476465044,-0.01084239181,-0.003868777362,0.007803922612,0.00609691637,-0.0008598787845,-0.002458615375,-0.004549981678,0.01492295085,0.01406071694,,0.007068009203
2000-01-31,0.00318046211,,,,,,-0.003740778603,-0.002713816761,-0.001431855385,-0.0001815951741,0.004357844582,0.001553177671,0.004366525195,-0.002712122378,0.001757578054,-0.002334674258,-0.004036623298,-0.001586815275,0.002588087313,0.001659592646,0.003615124947,0.002283591077,-0.001157907971,,,,-0.003028168379,-0.003242144825,-0.004198779614,,,0.001934048792,0.001033326986,0.01187974914,0.00369015571,-0.003519215358,0.004321615665,-0.005826463131,,,,,0.006949727509,0.009295672708,-0.005364527362,,0.003012947867,0.004030953091,0.006236522079,0.004413826744,0.004081671026,,,-0.004529988756,,,,,,0.002264308065,-0.002352693669,0.001154375599,-0.003240008163,,0.002590079496,0.002029176959,-0.001592172874,0.006008357498,0.00132674802,0.003315977181,-0.002165117368,,0.0003261403695,,,-0.002888173505,-0.002377596782,-0.0008331536006,0.007207699385,-0.0004018227596,0.005132860013,-0.001673200795,-0.0009880997806,0.0003982464505,,,,,,,,,,,-0.003480921873,0.0009188782404,0.003596545374,0.0007765523677,-0.007457036886,0.006317295723,-0.001146722419,-0.00306736951,0.001579915789,0.0007215687423,0.003357372951,0.001778519277,,0.003498526144
2000-02-29,0.004127599497,,,,,,-0.01005558387,-0.0001233581569,0.009706442598,-0.000529324004,-0.009472461958,0.0007169188317,-0.005887109696,0.002579833947,-0.006107235849,0.01612062603,0.008394116521,0.007838589489,0.01071530089,0.01438091801,-0.002204250788,-0.02131002153,0.01064426458,,,,0.002744333819,0.005049900684,0.003229292964,,,0.01215455692,-0.004930338075,0.01225058825,-0.002020470702,-0.008607139033,-0.002584639063,0.0003509619448,,,,,0.006204007831,0.01376200396,0.01272663351,,-0.004379358282,-0.007400320548,-0.00632681419,-0.0111388015,-0.006484400231,,,0.00597459213,,,,,,-0.007778821516,9.545385922e-05,0.01425241787,0.007670990922,,-0.0006584903395,0.01503346013,0.0006335563955,-0.01167358968,6.701348145e-05,0.005099843418,-0.00357718434,,-0.009041857477,,,0.00352994427,0.001479061007,0.003651350756,-0.003956755549,6.813510801e-05,-0.009237591454,0.007202361242,0.007375064086,0.004219589773,,,,,,,,,,,0.01275348392,-0.001405230265,-0.002764211495,-0.003353565246,0.003209621939,-0.006625335705,-0.006040068046,-0.002055546724,-0.01275471896,-0.009644523496,-0.006785548422,-0.006483173616,,-0.01048068775
2000-03-31,0.005534015749,,,,,,-0.01565909052,0.0188572313,-0.01341160968,-0.005772255422,-0.02649172335,0.03355016729,0.004431061536,-0.01941912139,-0.02471996628,0.02073527161,0.02178335364,0.01155592336,0.02517787559,0.01599472494,0.007720160401,0.006409847017,-0.009463078994,,,,-0.003141194119,0.001490701327,-0.01193675125,,,0.02571981499,-0.02666259556,0.006834327719,-0.02061125263,-0.008045690593,-0.01787746786,-0.01217394072,,,,,0.003628746622,0.00215244564,0.01162112685,,0.01580535577,-0.04291710241,-0.01912784733,-0.05441397944,-0.0362776518,,,0.04211089723,,,,,,-0.04334634756,0.01004001824,0.001390278978,0.01879760665,,0.02041762585,0.02333769571,0.006012908465,0.01523311905,0.04098046443,-0.01363480595,0.01626646098,,-0.04312212113,,,0.02734012017,0.024782859,0.01596016774,-0.01796288704,0.02359825384,-0.004814679434,0.007552126624,0.01730333523,0.02646737367,,,,,,,,,,,0.02061830012,0.02495304296,0.01238919709,0.01129875976,0.02832855248,-0.02857839617,-0.02650073933,0.003789311843,-0.02500033026,-0.01004374072,-0.04523990691,-0.04154913999,,-0.05167384265
2000-04-30,0.0005862919285,,,,,,0.002594804133,-0.003265486627,0.002736351575,-0.00196988598,0.007353444793,0.001111681288,0.001776342316,0.004389933467,0.007227038941,-0.00200818812,-0.001252507813,0.0005085920499,-0.006397534599,-0.0002914848459,0.002862209659,0.007857846015,-0.007320962074,,,,0.003847473213,0.005571423562,-0.001059390754,,,-0.004320071882,0.006596073944,-0.00684739453,0.004394682347,0.007331537269,0.003616314365,-0.004163313295,,,,,0.00180822057,0.0002824278466,0.004257075486,,-0.005933956516,-0.003756583072,-0.01373567319,-0.004885284099,-0.003945086031,,,0.007165670013,,,,,,-0.004964729578,-0.004066916805,-0.008478855814,-0.006233646438,,0.004678424024,0.0005352957376,-0.002634023887,0.00976625391,0.01135543534,0.003429156236,-0.004046664267,,-0.007073998795,,,0.01268448075,0.01022482756,0.006737477232,-0.0136883385,0.01292747991,0.01506859245,-0.00793339277,0.007550945784,0.01130085869,,,,,,,,,,,-0.003782303413,0.0103390575,0.006435890584,0.01111153471,0.001793265869,-0.01253358606,-0.0168399488,-0.01753194938,-0.00710346797,-0.00687921834,-0.007500977448,-0.005012233837,,-0.004369099733
2000-05-31,0.002889855572,,,,,,0.007605847831,0.01630019212,0.005264415033,0.007207723137,-0.002990960035,0.00369256805,-0.006694721637,-0.00965925023,-0.01463920798,4.075688961e-05,0.002765215721,-0.005607168654,-0.01036211816,-0.001536374812,3.867420399e-05,0.003947896585,-0.005943424848,,,,-0.0107755912,-0.008431941254,-0.01323971048,,,0.001014082624,-0.01645839239,-0.01433684147,-0.01203785683,-0.0007149492523,-0.01681979915,0.004597955939,,,,,-0.01135412755,-0.01441489979,-0.006861599686,,0.002235617994,-0.01449797392,-0.01407676439,-0.02592004762,-0.02561039293,,,0.004275443837,,,,,,-0.02344194429,0.004673766233,-0.007688049406,0.0002876581961,,0.00850019471,-0.001421278727,0.0007097410187,0.004742384325,0.01514625457,0.01004434034,0.008630274016,,-0.02531403221,,,0.01261168773,0.007727500223,0.01004592037,-0.01330303041,0.01077276826,0.01478333736,0.00375779973,0.006566618566,0.009068757656,,,,,,,,,,,0.004227053222,0.01438594547,0.01909102059,0.009900949466,0.007865659626,-0.01613085826,-0.01413521999,0.00150545478,-0.003073468024,0.004302010352,-0.02264476917,-0.02580098126,,-0.02587841895
2000-06-30,0.004392866785,,,,,,0.002064942775,-0.001067187442,-0.01225258886,-0.009674515229,-0.01424943725,-0.008833448094,-0.001153141463,0.01021388017,-0.001870363952,-0.006609742764,-0.007396227137,-0.007381490221,-0.002598533382,-0.001003123075,0.01084181015,-0.006962292115,0.002567610618,,,,0.01358905321,0.0128751697,0.005352718469,,,-0.0114230406,-0.0002806935656,0.01045082792,0.001717620997,0.008971569991,0.00620383303,0.01027344666,,,,,0.02108710802,0.01679967383,-0.01632132312,,-0.006019309342,-0.008194433798,0.01637283764,-0.01239645435,-0.01563898501,,,-0.01343279323,,,,,,-0.004497281502,-0.006293208307,-0.01505972382,-0.01683603333,,0.01039346259,0.008686960357,0.006213698816,-0.007502940666,-0.001074411194,-0.004630875933,0.0006816925258,,-0.006907274271,,,-0.0004265940317,0.004260305965,0.01093884696,0.0177893306,-0.008270938447,-0.0007349803107,-0.01242607844,-0.01399522205,-0.005674732495,,,,,,,,,,,-0.01302416227,-0.007582180322,-0.0001191027099,-0.004893101037,0.02242986633,0.0138274803,0.01424042526,0.01204453402,0.01376633071,0.01159555733,-0.004055604151,-0.004670350456,,-0.01408805602
2000-07-31,0.005603436468,,,,,,0.001947808181,0.01579120241,0.006419665654,0.004896350309,-0.00135477591,-0.007759506738,0.007597509523,0.01454778997,0.008018380746,-0.008651512324,-0.006765348992,-0.003779185238,-0.00251836108,-0.0005144161988,-0.0133338014,-0.00618290881,-0.008814728211,,,,0.01219245243,0.006061732604,-0.004852048039,,,0.00239366832,0.005732943774,0.005348011168,0.007234964339,0.01470440823,0.007311652903,-0.004181282938,,,,,0.009720426503,0.01286720396,0.001292649047,,0.003280893777,-0.001968206808,0.008742348432,-0.002453544953,-0.004454350172,,,-0.007156563379,,,,,,-0.001470392681,0.0005972504191,0.005541370184,-0.004677382857,,-0.0007551914029,0.006663788815,0.0008428999996,-0.001998721256,0.002946739787,-0.004157728851,-0.005149633965,,-0.002685074896,,,-0.001772040194,-0.0003383815386,-0.0030507693,0.009206865802,0.004634597592,0.01457332685,0.004228289725,-0.006270125962,0.0003195915675,,,,,,,,,,,0.01329625112,-0.0016365153,-0.006405268264,-0.008849646657,-0.004430600191,0.0106739176,0.005132394707,-0.002533835342,0.001297031681,0.0004203823441,-0.001934499819,0.001620144475,,-0.002424485731
2000-08-31,-0.002146316576,,,,,,0.01129857204,0.01382707007,0.0007814607141,0.000965983236,-0.02097187118,0.002143154677,-0.0003593664217,0.001586670499,-0.008340776486,0.0001599214399,0.01396800494,0.01543096414,-0.01200412711,0.005362990563,-0.006017795399,-0.005176726948,-0.007976433914,,,,0.01587274494,0.01327950074,-0.001240785851,,,0.01075212808,-0.01006521495,-0.01326624632,-0.008670404275,0.005180498068,-0.005641142774,0.001793845585,,,,,0.01046193624,0.004977527309,0.02436185386,,-0.01101227317,-0.02261813333,-0.003466692151,-0.02639457916,-0.02448226567,,,0.02184072544,,,,,,-0.02722419052,0.02059644396,0.01768516701,0.01744122482,,0.01494444596,0.01178807114,0.008546036612,0.01691070734,0.0252949995,0.02016473529,0.006272437337,,-0.02463191131,,,0.01466753848,0.01452740742,0.01017739423,-0.002053168466,0.03046397018,0.00792768317,0.02165071454,0.02828038597,0.02783799281,,,,,,,,,,,0.008635132097,0.02718391194,0.02595027599,0.02256148617,0.01817851334,-0.002744540832,-0.01821890285,-0.004282390354,-0.01294511838,-0.009775818637,-0.02701537254,-0.02616118806,,-0.0265303517
2000-09-30,0.005754577851,,,,,,0.004412950548,0.0126436735,-0.01156000219,0.0002526598723,-0.01887094235,0.005201553865,-0.004439159445,-0.002290011847,-0.01342794921,-0.006869014874,0.01295480459,0.01181281542,-0.01336907772,-0.005598446016,-0.009439222185,-0.009636355545,0.0005996951513,,,,0.005116449097,0.0057111031,-0.01216041837,,,0.004922422372,-0.01091575789,0.004690949232,-0.008434296669,0.005644004595,-0.007233140663,0.00233821166,,,,,0.01425452428,0.008968245585,0.01885892978,,-0.01114142329,-0.01889462939,-0.00435596709,-0.02622552445,-0.02051909436,,,0.02081524591,,,,,,-0.02092040404,0.01222562677,0.02398147007,0.01951467938,,0.002737870457,0.004601368221,0.005972023264,-0.005556743673,0.02101215091,0.009062123116,0.002096605284,,-0.02145774285,,,0.004351466191,0.005933592129,0.005980810038,-0.005894027408,0.01820980674,0.00209932005,0.02601005433,0.02307734549,0.01613563015,,,,,,,,,,,0.008882971004,0.01356109649,-0.00209769474,0.02092006243,0.006646902557,-0.005761853059,-0.01226358368,0.003181438836,-0.005691664737,0.000343717427,-0.02451051444,-0.02120533064,,-0.02621941416
2000-10-31,0.009977531166,,,,,,0.004663271325,0.0602682343,0.02825166508,0.007870519156,-0.04659767836,0.03484840112,0.008515389689,0.006349510168,-0.03383913547,-0.02412114913,-0.01226540481,0.03505743783,-0.05046521168,-0.007099675893,-0.02236555774,-0.01922545746,0.001594648538,,,,-0.004732123006,-0.01138475839,-0.04720380878,,,0.02315916675,-0.02750278802,0.01547622302,-0.01385872931,0.009887097092,-0.009596142464,0.001443710133,,,,,0.04705960475,0.01863787062,0.07891764947,,-0.05793762551,-0.08532909973,0.004053759588,-0.08485695064,-0.06598710779,,,0.08560249917,,,,,,-0.07727238113,0.04499419541,0.05365684726,0.05518889363,,0.02446341983,0.01921233155,0.02194800424,0.0330063226,0.05137904351,0.04180837321,0.03446614753,,-0.0735059522,,,0.05184813777,0.04853522415,0.0391872136,0.008942880372,0.08120806647,0.01784175128,0.0641563334,0.08289311701,0.07595628219,,,,,,,,,,,0.04746285146,0.08194305137,0.06294444127,0.08175771233,0.04265027073,-0.007446826336,-0.05968795411,-0.0258412882,-0.05006123746,-0.03332381202,-0.07680595613,-0.07756179983,,-0.08491543143
2000-11-30,0.02052742375,,,,,,0.004876564991,0.07064567667,0.01646681293,0.00743204845,-0.06760679017,0.01095371893,-0.0130929654,0.0008334100099,-0.0499889558,-0.05754237196,-0.05975374342,-0.0128750205,-0.03646916725,-0.03198150998,-0.001671364392,-0.03533082083,0.01835695536,,,,0.01207703148,-0.006020016674,-0.00251544549,,,-0.007417207384,-0.04814965641,0.01188281448,-0.04230901657,0.001556615478,-0.03721852074,-0.01356698487,,,,,0.0508100419,0.02917427316,0.06945455304,,-0.06977746483,-0.0744458159,-0.0045057822,-0.08555190871,-0.06897436635,,,0.07180028075,,,,,,-0.05884011637,0.01307907569,0.04631804198,0.06960596009,,0.01842435347,-0.001557013313,0.002423724597,0.04306713978,0.02833652685,0.03807844842,0.03935096597,,-0.05560657969,,,0.01567744462,-0.001852235189,-0.001273857502,0.00363046731,0.04553793937,-0.0003317308264,0.06659688703,0.06760584204,0.05771356701,,,,,,,,,,,0.08435912968,0.04829689611,0.04314193692,0.04107803011,0.04176128305,-0.009192023224,-0.02489713398,0.0255921127,-0.02688899935,-0.00694622007,-0.06150601687,-0.05487054327,,-0.08573230423
2000-12-31,-0.001901144609,,,,,,0.01370898317,0.0134558339,0.004893601704,0.003046128694,-0.002972132872,0.01484116608,0.003100083326,0.01326109977,0.005974113162,-0.005740803151,-0.006249505139,0.000195593597,-0.02336569775,-0.01241602411,0.0005375337583,-0.01792549939,0.005783776747,,,,-0.002701443199,0.002298773653,-0.01569461151,,,0.002755099498,0.004566204622,-0.009224573194,0.001560634276,0.01726709174,0.009325657236,0.01994155937,,,,,0.009500610224,0.004675634009,0.01409201611,,-0.01406138052,-0.03178700925,0.001995001643,-0.03165040525,-0.03789941533,,,0.02466317874,,,,,,-0.02472998467,0.02085267243,0.01109124437,0.02266856688,,0.01631667699,0.02506568424,0.0216164164,0.01401492802,0.01214102922,0.02239171517,0.01124850038,,-0.0273362028,,,0.02243041066,0.0171614086,0.01611558412,0.006428943545,0.01221451982,-0.01504567092,0.01241659562,0.02763452934,0.01786265766,,,,,,,,,,,0.00801015245,0.01980135307,0.009142580996,0.01851474166,0.04781337045,-0.009497732502,-0.02414528293,-0.004151233471,-0.004447013737,-0.002616124604,-0.02415471664,-0.02426769507,,-0.0334182507
2001-01-31,-0.01116334834,,,,,,-0.01604981396,-0.09050931043,-0.03369129552,-0.06781293699,0.06767946549,-0.03074953379,0.00906006392,0.03977861509,0.0992100406,0.05843649286,0.09828883689,0.09151713307,0.02008661468,0.04079880983,-0.0204090099,0.04084578951,-0.02439235538,,,,-0.03521205095,-0.03952416927,-0.03028068363,,,0.0142468359,0.08486568306,0.00911597318,0.07190356048,0.01485377722,0.07455469499,0.02574726744,,,,,-0.03233760821,-0.02518478513,-0.07854681576,,0.08364405007,0.1071693303,0.01223515456,0.1091587022,0.08638687065,,,-0.1051098203,,,,,,0.1138666588,-0.0719753913,-0.09020323629,-0.09234103445,,-0.05910766736,-0.03897196898,-0.03199374208,-0.02976394152,-0.07481244157,-0.07445152211,-0.06183000047,,0.1100075107,,,-0.07483139161,-0.06619789782,-0.05826857362,0.006672919249,-0.1147569067,-0.0697458253,-0.1089850527,-0.1100002788,-0.1060521241,,,,,,,,,,,-0.005715548102,-0.1175846522,-0.1122526948,-0.1222026296,-0.04715053596,0.02911170748,0.08914420803,0.04875198082,0.04371010982,0.01536870799,0.1018698239,0.111373145,,0.1097512085
2001-02-28,-0.001112368685,,,,,,-0.008567742293,-0.002099994009,-0.001927163091,-0.007203885479,0.006686866792,-0.007942075658,-0.009699324073,0.004726588809,0.006636137888,-0.003429756408,-0.004668299395,0.001184982875,0.01191440523,0.006751545981,-0.002551667324,0.008735258329,-0.0003622249389,,,,-0.009585222474,-0.008127308062,-0.01303568327,,,0.005324229173,0.004413302014,0.009142820956,0.01136348534,-0.006186040649,0.00246480863,-0.005596554071,,,,,-0.004234117211,-0.008316715729,-0.01118391305,,0.002975147972,0.0229653592,-0.007824493411,0.01767597068,0.01187984199,,,-0.008994028541,,,,,,0.01534066442,-0.006320448903,0.007043615326,-0.004043940742,,-0.002572736401,-0.006970910882,-0.008400701192,0.01055422867,-0.008725471516,0.01031954347,0.001491490502,,0.01339243961,,,-0.01159334628,-0.01549293618,-0.008555753551,-0.00816849242,-0.01231838712,-0.009808414087,0.003257106336,-0.0004142312663,-0.007686250125,,,,,,,,,,,-0.008181895751,-0.01327846422,-0.01178534287,-0.01201505413,-0.01917513826,-0.005358829139,0.01491020883,0.003713239122,0.02558253695,0.0167967119,0.01654113298,0.01545061478,,0.01665084603
2001-03-31,0.01622130832,,,,,,-0.004298625508,0.0319575741,-0.004931740045,0.002315001262,-0.03798014558,0.003775092372,-0.03103408737,-0.02475688,-0.03212752278,-0.02235923458,-0.02490185031,-0.01747145865,-0.00145595303,-0.01540738422,0.0252399284,0.004858592186,0.0251192129,,,,0.02030706988,0.02139387456,0.01001438003,,,0.004849396898,-0.03354278914,0.01967328385,-0.02555632395,-0.0225965096,-0.02949651668,-0.02440071347,,,,,0.01869180529,0.0001855024651,0.02177881631,,-0.03132328602,-0.02223633741,0.003637316918,-0.03483111108,-0.04237642249,,,0.03594765384,,,,,,-0.02860265451,0.006677850629,-0.006202977417,0.02266389262,,0.001941815804,-0.02213440165,-0.007488975391,0.002283538785,0.002298477661,-0.006330546967,-0.0009986172191,,-0.02678509342,,,0.02112321119,0.01172725654,0.01316589097,0.006470774117,0.01771793124,0.0172785031,-0.01897467891,0.03420439979,0.02953553922,,,,,,,,,,,0.03150370359,0.01941592304,-0.01877331151,0.01488699739,0.003676378685,0.0001100584459,-0.002574906658,0.006275888185,-0.008914216351,-0.002971533863,-0.02537876582,-0.0269468075,,-0.03674299697
2001-04-30,0.01146791298,,,,,,-0.01290686824,0.03652209037,0.005655102916,0.02156472279,-0.03535575566,0.008544267871,0.002718261744,-0.01159956685,-0.0286213136,-0.03636042418,-0.04505970689,-0.03347130329,-0.02944252851,-0.02154194135,0.02044722614,0.001683514932,-0.006576461814,,,,0.02269154953,0.02060581194,0.02866526715,,,-0.02314260752,-0.0306847191,0.02336808391,-0.01418421621,-0.01985649124,-0.029266101,-0.035702418,,,,,0.007847906667,-0.01005760034,0.03027716824,,-0.01804492457,-0.04407586599,0.02108692089,-0.04560147951,-0.0416967733,,,0.04480277112,,,,,,-0.03201231963,0.008024683461,-0.006999973743,0.01205637944,,0.0110438534,0.006903151708,0.004139201299,0.02069520141,0.02061610746,0.009056110949,0.01290544392,,-0.03185604884,,,0.03677736962,0.03301499113,0.01425647974,0.02583934694,0.04115213384,0.02295138347,-0.009995079099,0.03382031032,0.04672063218,,,,,,,,,,,0.04993179932,0.03891355849,-0.005254789842,0.03936194314,0.02360678165,0.01627811243,-0.03234311515,-0.02781304315,-0.0194255411,-0.0203966896,-0.03117992561,-0.03338331421,,-0.04622973109
2001-05-31,0.005100867691,,,,,,0.01566908802,-0.03319915428,-0.01458685923,-0.02373674014,0.05175981306,0.008096859564,0.005589201935,0.04295801756,0.05467228275,0.02002077957,0.03198633218,0.04013074497,0.007418091775,-0.002335564088,-0.01849832012,-0.01724358169,-0.01559704814,,,,-0.009931438387,-0.01698734545,-0.004579165934,,,-0.0121276731,0.05178123746,-0.01475404314,0.05141070444,0.03604720494,0.04761291992,-0.01491322265,,,,,0.006270531406,0.02839088391,-0.006706414483,,0.03585490803,0.05237545643,-0.001568420526,0.0469340207,0.04957844495,,,-0.02096480519,,,,,,0.05700616905,-0.02256720617,0.0001327043181,-0.007274612397,,-0.0294412769,-0.02236600687,-0.005015949925,0.01021590285,-0.006354941731,0.00653968648,-0.01747323713,,0.05608572589,,,-0.05354222776,-0.04782632858,-0.05070607311,-0.009164158079,-0.03269774366,-0.03251726589,0.002551967862,-0.01110108741,-0.0322201718,,,,,,,,,,,0.00321995055,-0.03756526744,-0.03432867684,-0.001059735051,-0.03471174553,0.01490578381,0.04260451477,0.02649637028,0.02751283204,0.01130278945,0.05280943239,0.05548304096,,0.04876913429
2001-06-30,0.005401340438,,,,,,-0.03126169805,0.03134659242,-0.02185857039,0.03928354347,-0.03574370819,-0.004695045019,0.004036714219,-0.01651377385,-0.02458956629,-0.0393612904,-0.03458097711,-0.03721959758,-0.01996740314,-0.02478961799,0.01884325284,0.01542289188,0.008006304937,,,,0.03624568457,0.02789263532,0.03238378391,,,-0.01095273954,-0.02376355962,0.02675851038,-0.01372596798,-0.03223622713,-0.02210516925,-0.028217159,,,,,-0.009114509808,-0.02529204151,0.03082909956,,-0.01514193295,-0.04373882295,0.009868756387,-0.04320036284,-0.03870411859,,,0.03405841898,,,,,,-0.03471970436,0.04799803148,0.03241781251,0.01912752977,,0.02161262583,0.01970873238,-0.0004363934957,0.03358172349,0.0412516803,0.04244076864,0.004884047213,,-0.0327513056,,,0.02666925075,0.02903602892,0.002316201008,0.01435667697,0.04873870502,0.04229714299,0.04467718778,0.02171677642,0.05349882755,,,,,,,,,,,0.01764738813,0.03218375637,0.02952298701,0.002988136144,0.01180261097,0.002544892295,-0.02368711274,-0.01203171979,-0.01896333188,-0.008849764986,-0.03616941258,-0.03549419977,,-0.04333741429
2001-07-31,-0.003740221711,,,,,,0.001577179813,0.01271439005,-0.003450262467,0.002247331504,-0.01474973245,-0.01088212595,-0.0110795913,0.005246816203,-0.009836166082,-0.00483119066,-0.006727304666,0.0004025430121,-0.006144742532,0.001810439584,0.005257395318,-0.01012106652,0.009423045405,,,,0.01832229076,0.01715494626,0.000305825431,,,-0.002915490202,-0.009065340486,0.005112521291,-0.008342338723,0.007014590481,-0.005843524468,0.01039961074,,,,,0.0165394898,0.01273592429,0.005416181612,,-0.01312887792,-0.01853069134,9.314402061e-05,-0.02136635198,-0.02270432882,,,0.007899815499,,,,,,-0.02090585999,0.006097716275,-0.003881146053,0.004540301628,,0.001496212007,0.005726058109,0.005151589523,-0.003211435582,0.001286008977,-0.007963270061,0.0005047649231,,-0.01983271649,,,0.01019387775,0.002546613399,0.01172939843,0.005786569863,0.005924290524,0.00720959695,-0.004165769477,-0.001004895013,0.00410612755,,,,,,,,,,,-0.003215812827,-0.0007045662723,-0.003813140658,-0.002593314288,0.02651565627,0.001960099169,-0.009371330876,-0.0009615937253,-0.006266469869,-0.004266913664,-0.02364208047,-0.01997253886,,-0.02263892003
2001-08-31,0.002771936232,,,,,,-0.007597945814,-0.02761940891,-0.01940172758,-0.002167367502,0.003788296803,0.01026554809,-0.0146791295,0.001718020051,0.002932864073,-0.0154603983,0.001247284286,-0.01344945226,-0.006258634552,-0.0168934385,-0.01798555651,-0.01092227447,-0.012213679,,,,-0.003105934193,-0.006286649907,-0.001578611888,,,-0.003835939054,0.003868347325,0.01520661522,0.0006043466355,-0.006477246038,0.001208069665,-0.01853915532,,,,,-0.01369925716,-0.006075797686,-0.009495985143,,0.01752074111,0.01137435037,-0.00173779821,0.007470187257,0.01193185751,,,0.004555332958,,,,,,0.01318385641,-0.007781437898,0.01928192813,0.009200770781,,-0.003388701128,-0.01148547758,-0.007083725697,0.01065978805,0.003868069229,0.01500972598,0.002125364801,,0.01264637349,,,-0.01220915111,-0.0239952974,-0.02068779711,-0.002825721054,-0.01186734008,-0.01333507203,0.02140303874,0.00501448353,-0.001574657182,,,,,,,,,,,-0.006739812608,-0.006492516154,0.003030788265,-0.002233082543,-0.01477100784,-0.000248376616,0.0197583661,0.01098985596,0.00422937792,0.0004336180304,0.009199595835,0.0101596724,,0.006567874761
2001-09-30,0.005368986127,,,,,,-0.02950070169,0.03011782779,-0.04903332449,0.04534989103,-0.098101278,0.0008378400211,0.008429438886,-0.04353424206,-0.09004922761,-0.007724941164,-0.003860024201,-0.03670807707,0.03044824218,-0.02981365852,-0.00197052098,-0.008431278026,0.02192001856,,,,0.02960682332,0.01067110158,0.01815540837,,,-0.01339789416,-0.07984526006,0.06407749081,-0.07170950521,-0.05919524462,-0.07706990405,-0.03973923005,,,,,0.01338020088,-0.0003466376315,0.04920214006,,-0.01010335249,-0.1071725605,-0.0191701536,-0.1335955125,-0.1257036199,,,0.09782368585,,,,,,-0.1185418648,0.05682535464,0.06952379557,0.03867236836,,0.04238157888,0.03786009192,0.004265136791,0.02667430627,0.04199580413,0.04467937605,0.02297482789,,-0.1188011412,,,0.07356022091,0.06439847336,0.05107787957,-0.01098474249,0.07622175259,0.06495484106,0.08266472945,0.05771808238,0.04063457658,,,,,,,,,,,0.02045656635,0.04905359161,0.03281379442,0.01707417999,0.07160320259,-0.03416236871,-0.05387208197,0.004978068418,-0.07003732103,-0.0425646423,-0.1219522332,-0.1189614267,,-0.1364235769
2001-10-31,-0.004427881913,,,,,,0.008199309407,0.01707093395,-0.008729012303,-0.02033635276,0.01633243353,0.01022243377,-0.007944640111,0.01672587994,0.01446764566,-0.007343313715,-0.00572909721,-0.0002602621472,-0.01077764632,0.006938561667,0.008196888706,-0.006440524284,0.006295561118,,,,-0.01135030846,-0.00350912064,-0.01775843035,,,0.01157235986,0.02002211637,-0.002120557065,0.02057115198,0.01445341118,0.02209693394,-0.007904384911,,,,,0.01703403071,0.0405335961,-0.004851541407,,-0.009692396362,0.001885411276,-0.0006769352648,-0.0004791639578,-0.002725451152,,,-0.001317510161,,,,,,0.00612597896,0.02096816132,0.008192469607,0.003406644298,,0.002522986918,0.0009826213002,0.03295542209,-0.004188958843,-0.002578655222,0.01489958874,0.008056179514,,0.0048862477,,,0.007971168203,0.0009852206976,-0.008262511642,-0.002089868923,0.0114833422,0.002942580137,0.007069377943,0.01439336395,0.008273823898,,,,,,,,,,,-0.007557943917,-0.005611134931,-0.002835225069,-0.007535692201,-0.0026430495,0.0120254706,-0.01544008208,-0.02035333477,-0.002980356895,-0.002341140165,0.002202461884,0.001464581428,,-0.001601645263
2001-11-30,-0.01411771531,,,,,,0.03661423235,0.03129071327,-0.006713913556,0.03907471436,0.07319078099,0.02996811196,0.02579124689,0.05859786277,0.06832522169,0.002630062597,0.03878101293,0.04912147422,-0.06154358359,0.02688337742,0.03952158434,0.02752298737,-0.01682451345,,,,0.03761355636,0.03937434025,0.04948098241,,,-0.04423009698,0.05692754092,-0.02113271167,0.05146491958,0.0665573978,0.06677590226,0.00625722337,,,,,0.02063243336,0.04687609672,0.04650984743,,0.0420523642,0.01153554864,0.03358382964,0.02616289748,0.02649228539,,,0.006146726873,,,,,,0.02673761818,-0.02426875405,-0.00301301741,-0.005986889993,,-0.01367865658,-0.01688162834,0.01154716015,-0.0303121615,0.003482578811,-0.02069647413,0.03315927328,,0.02276273975,,,-0.01097832128,-0.001231650347,-0.002769418712,0.03487309195,-0.01190670474,-0.008892526469,-0.0309443825,-0.01620852308,-0.0004390076949,,,,,,,,,,,0.0501428894,0.02322580043,-0.04246080818,-0.01604297314,-0.00831344003,0.02198392113,-0.01166604407,-0.04424203627,-0.02580959572,-0.03996509699,0.04089596316,0.03546470639,,0.02799080658
2001-12-31,0.0006096124324,,,,,,-0.02471122953,-0.01584857645,0.01244627195,-0.02323565486,0.02464717197,0.004625124502,0.006350927637,0.002516410611,0.02410325932,-0.01394474938,-0.02349433302,-0.02059638845,0.01723731141,0.01032007314,-0.03059770994,0.01245830128,-0.01515257845,,,,-0.02336808653,-0.0257770669,-0.01419268614,,,0.01677102126,0.02447148698,0.005771792717,0.02684703491,-0.0193212235,0.0180622798,0.00227625272,,,,,-0.02224344241,-0.02347144991,-0.01995757185,,-0.006512768605,0.01671402571,0.005591645924,0.01873848007,0.02295317405,,,-0.01207519255,,,,,,0.02026532594,-0.006392712501,-0.01654011561,-0.01285294401,,-0.0005972703357,-0.003031384649,-0.0106597046,-0.01377415214,-0.005803770226,-0.01395295007,-0.007523922519,,0.02360251678,,,-0.01087750776,-0.0123210285,-0.0173114486,0.003971501699,-0.005649353921,0.01665720397,-0.0134720257,-0.00304962138,-0.004670970079,,,,,,,,,,,-0.008528609601,-0.0105200557,-0.0180212467,-0.01476714603,-0.02410390235,0.01294235438,-0.01016086998,-0.01473790168,0.008451999428,0.006931480659,0.02273767129,0.02168432572,,0.01928592639
2002-01-31,-0.008395361874,,,,,,0.003840564923,-0.0006954797063,-0.01006361565,0.01701308495,-0.0102501962,0.001368086416,0.02841877739,-0.01083138442,-0.004525305899,-0.01110325957,-0.01778144842,0.001092319713,-0.006817765307,-0.02140077033,-0.02089104124,0.01534807256,-0.01714360187,,,,-0.008840069319,-0.01712135012,-0.02360709961,,,-0.0003110024196,-0.008433802444,-0.006073399836,-0.003513480352,-0.01196598498,-0.00753200992,-0.005383920271,,,,,-0.006056296343,-0.001130708419,-0.009783255575,,0.01583853182,0.004332641656,0.003522395582,0.009118833547,0.01456593796,,,0.005491877597,,,,,,-0.0002693816585,-0.01066518842,-0.01230036981,0.006073776264,,-0.002886653735,0.005542764228,0.003199033515,-0.001816049751,-0.009776516326,-0.0112380304,0.0007395332739,,0.003801660774,,,-0.0009963570522,-0.00163964545,0.001368799394,0.003866328344,-0.01120630631,-0.006895432137,-0.01594136375,0.006617245843,-0.002490310393,,,,,,,,,,,0.03033753611,0.00958551562,0.0012009778,0.002028930929,-0.01627484291,0.005094532305,0.002239409599,-0.005302311683,-0.001377152981,-0.003926310332,-0.002374725538,0.0006341949263,,0.008245749804
2002-02-28,0.0005780246202,,,,,,-0.01304590403,0.01418088105,-0.02269381109,0.02475095286,-0.02942718434,-0.02201222022,0.004813654041,-0.02758255776,-0.02960513262,-0.01381439658,-0.01986317419,-0.02666438502,-0.0001697556249,-0.01344422853,-0.02063743982,0.01844508193,0.008186437496,,,,0.002508277032,-0.005606207382,-0.00151801654,,,-0.02143305909,-0.03136930009,-0.0009215469675,-0.02717604535,-0.0248455313,-0.03321391024,-0.00755794135,,,,,-0.01526660411,-0.02301974031,0.0106716359,,0.01934189877,-0.02705664254,-0.006034847211,-0.02869753704,-0.02361982616,,,0.02026172597,,,,,,-0.02855426795,0.01460789045,-0.004453142752,-0.01030574493,,0.03557226603,0.03774290178,-0.001739867303,0.009417865717,0.04167038218,0.006330478125,0.006414065201,,-0.02317561932,,,0.03198660317,0.02368164814,0.01519686791,-0.005866238213,0.03210947297,0.02295642191,-0.007141821969,0.01511697759,0.03772034193,,,,,,,,,,,0.03006373316,0.02108743569,-0.0183783141,0.03390622243,-0.006828397223,-0.006793042312,-0.01196907922,-0.004146620278,-0.003698804997,0.006349365214,-0.02747150438,-0.029481612,,-0.03033797678
2002-03-31,-0.001209428241,,,,,,-0.002260538451,-0.01178519912,0.01677530358,0.002577292544,0.05579536965,-0.008415743944,-0.007323490369,0.04537302414,0.05025375657,0.006591132377,-0.001440801134,0.003264831698,-0.007927132936,0.001955948236,0.001766160904,-0.02324568308,-0.02246334852,,,,-0.004549551047,-0.005542158381,0.004829407817,,,-0.01250360217,0.05118586284,0.006565355829,0.05349938838,0.01383116149,0.0493130207,-0.01269925762,,,,,-0.002532959501,0.02052492844,0.01219224501,,0.002395959584,0.06564154037,-0.00700691809,0.06745201668,0.06012756706,,,-0.02795644348,,,,,,0.06744653459,0.003157803593,-0.009915434408,0.001621750481,,-0.005444917858,-0.004452632882,-0.02457085984,0.02690533836,0.008903988571,0.02348173241,-0.01711770177,,0.06739107384,,,-0.03210216881,-0.04410491901,-0.04423901797,-0.01022233399,-0.02003193554,-0.02372228231,-0.009583758996,-0.02217704881,-0.02769562394,,,,,,,,,,,0.005956063732,-0.001674567371,-0.001080982531,-0.02928701495,-0.05604002648,0.001796012499,0.01767511517,-0.01343829478,0.02569725689,0.002473891845,0.0673940314,0.06852627059,,0.07179697836
2002-04-30,-0.004098947563,,,,,,-0.01089378516,-0.01082478352,0.00335216634,0.02865822054,0.009852727093,-0.0002891994307,-0.01181634482,-0.005347258657,0.0072176495,-0.02472412052,-0.03225478212,-0.04033012875,0.001370661474,-0.01457541082,0.002145683634,0.01220422956,-0.02513861106,,,,-0.0137514802,-0.02187295858,-0.003455230177,,,-0.008086854061,0.00534329778,-0.003462009929,0.007570364753,-0.002592344861,0.002767415176,-0.009980382565,,,,,-0.009894504191,0.003052699584,-0.02183514131,,0.01236909446,0.01387287841,-0.01227999539,0.01406946151,0.0256065818,,,0.01068257441,,,,,,0.01351957154,-0.001456403167,0.03438655568,0.008091085323,,0.02165002687,0.0256278854,-0.004845631182,0.04127535689,0.03315798371,0.0355547513,0.02563270477,,0.01472065409,,,-0.02664496343,-0.01798835256,-0.02581602957,-0.01554163935,-0.0007460460199,0.002792754175,0.03490190003,0.01251537633,-0.002263805531,,,,,,,,,,,0.02867184663,0.006378904948,0.008929874321,0.001557146719,-0.02707658674,-0.009388791221,-0.003283474117,-0.001745487498,-0.006354200628,-0.009621224996,0.01338841547,0.01197647492,,0.01291447744
2002-05-31,0.0004500204874,,,,,,-0.01502950665,0.006170077727,-0.01535801991,0.02205810622,-0.0226219655,-0.02170908212,0.00689831242,-0.02711373345,-0.01712532834,-0.01880160923,-0.02156375423,-0.007862621076,0.003257558975,-0.02111097178,-0.02023467465,0.004337654111,0.005004507629,,,,-0.01483089795,-0.01817563377,-0.007498731163,,,-0.005328697011,-0.02488525193,0.006897152033,-0.02087505609,-0.02318106724,-0.0281729791,-0.02150323897,,,,,-0.00948167174,-0.01399297701,-0.003881778163,,0.01551250831,-0.01569872733,0.01216334705,-0.01954061037,-0.01746149144,,,0.01552698358,,,,,,-0.01696966164,0.02773172184,0.01314968627,0.01617682586,,0.002768969255,0.003991783504,0.00131246414,-0.0004833365998,0.002069678755,0.00561258341,-0.001581680733,,-0.01639116762,,,0.02462369586,0.007007312592,0.0005235026268,0.01161338875,0.01954703316,0.02419948976,0.01239956556,0.0132896527,0.01778006666,,,,,,,,,,,0.00198935592,0.008955110509,0.002130110684,-0.01102018682,0.01620243672,0.002962694024,0.009539255062,0.02785601489,0.009539185868,0.01424902135,-0.0221300458,-0.01883913455,,-0.02046130225
2002-06-30,-8.276523067e-05,,,,,,-0.03500363194,-0.0005319452281,-0.005239592225,0.1226539881,-0.05605323612,0.01600206032,0.00406589152,-0.08563936672,-0.07052903682,-0.1000784187,-0.1140264945,-0.09796021838,-0.0009344715884,-0.1003589388,-0.0673218725,0.03485883762,0.01107725996,,,,-0.04850197189,-0.07840660455,-0.03143695228,,,-0.0467650902,-0.08637375573,0.04006366836,-0.06378106091,-0.0475503493,-0.08212575633,-0.06190562503,,,,,0.003595807223,-0.02874766481,-0.05722366788,,0.07992166525,-0.1085249641,-0.001790315446,-0.1090103519,-0.05744376878,,,0.1134730165,,,,,,-0.09441633015,0.06568212133,0.0440362113,0.09597262191,,0.07835786568,0.0650753548,0.0451698937,0.08661225367,0.07677902746,0.07762959597,0.05450200378,,-0.08226872202,,,0.06823592855,0.02927710039,0.0107874051,0.0008915545406,0.1224639469,0.0433220989,0.04873121833,0.1129604517,0.1120784971,,,,,,,,,,,0.05063716175,0.1150813443,0.1133653002,0.1121139726,0.00504913391,-0.01783403331,-0.05245033,0.009600437349,-0.0339043622,-0.00926091049,-0.08383851718,-0.08480434726,,-0.1167775716
2002-07-31,0.002522614761,,,,,,0.01493811484,0.00160615982,0.01660603522,0.07225230423,-0.06244736229,-0.02767605832,0.01766967861,-0.05973705244,-0.07514904691,-0.05476307771,-0.05477981198,-0.05290735004,-0.004398959945,-0.05882230742,-0.04177194642,-0.001676138497,0.02924762276,,,,-0.009491827051,-0.03253822829,0.003708919147,,,-0.07424618581,-0.06917149971,-0.02193865709,-0.06753468579,0.001336257167,-0.06495674375,0.02023636021,,,,,0.002739226781,-0.02105031096,-0.02802574296,,0.07814585147,-0.100494651,-0.009143841348,-0.09300634213,-0.06251378851,,,0.09564576593,,,,,,-0.09145020111,0.06283088173,0.0631120288,0.04713804791,,0.0214881416,0.03800290402,0.01975902733,0.05653447827,0.030939993,0.05067669485,0.05567374678,,-0.07643613759,,,0.06585336446,0.05366200386,0.03376538258,-0.0008023404934,0.09699684073,0.04790793572,0.09325632338,0.07666647908,0.09410059808,,,,,,,,,,,0.09794579892,0.08846016181,0.1006550309,0.08573063544,0.02225752197,-0.02742759803,-0.06945518848,-0.01613605553,-0.05723450185,-0.02702638982,-0.09276492785,-0.09172757488,,-0.1034241268
2002-08-31,-0.0232658546,,,,,,0.01679981816,0.07354546549,0.03990954825,-0.09070407939,-0.001198514623,0.04818879033,0.01579829687,0.02518620325,0.02302794769,0.09782829516,0.1020044121,0.09882012114,0.02842198619,0.08151629386,0.06193915924,0.02824528879,-0.01884054712,,,,0.04853478835,0.09154848503,0.004281945274,,,0.04421999448,0.01846334008,0.01516104692,0.01845999356,0.03686815731,0.02253933208,-0.02793266618,,,,,0.01132359896,0.04942558307,0.08866270477,,-0.06595790647,0.05679823119,0.005496331283,0.06644303526,-0.01693364607,,,-0.08064820892,,,,,,0.0239462516,0.006719408818,-0.06427891042,-0.04138586809,,-0.02997316954,-0.02629304577,-0.02173887879,-0.04723596597,-0.04269997185,-0.040646617,-0.03529062271,,0.0165642522,,,-0.0297793128,-0.002099980847,-0.002923541992,0.007269323037,-0.06642493462,-0.004292943616,-0.07178080585,-0.08696791363,-0.0969531275,,,,,,,,,,,-0.0682190046,-0.05721222863,-0.03650289662,-0.04782020298,0.02733637914,0.01343150303,0.04473567197,0.02469121365,0.02530291934,0.009711480196,0.01251023003,0.01667292052,,0.05119493945
2002-09-30,0.001420221691,-0.01526913003,-0.01513329931,-0.04665954789,,,-0.02595098542,0.003857217421,-0.03782945717,-0.01553173809,-0.07789831381,-0.02725285292,0.03968278043,-0.07063823195,-0.07201644272,-0.01356735461,-0.01496830029,0.02447202259,0.007224725232,-0.02157942397,-0.0278304113,-0.007577614832,0.04650487193,,,0.003461141315,0.006111674118,-0.005279321575,0.0233409495,,,0.007047742369,-0.07541561656,0.002978500674,-0.06710328626,-0.04640898247,-0.07680779357,0.01082536577,,,,,-0.01091395033,-0.04286276178,0.03226381826,0.03740159034,0.00808506892,-0.06547981922,-0.01664080878,-0.06245612071,-0.06728099352,-0.05003203812,-0.04273814993,0.03884598863,0.005892475295,-0.005772763593,-0.05522073964,-0.05346160236,-0.04515463316,-0.06214570779,0.005218549174,-0.0001374629635,-0.01884085321,-0.01100010338,0.02768220484,0.01866480225,0.0230862567,0.02869254568,0.02231763772,0.03747484812,0.0120563085,,-0.05157269015,,-0.02526202618,0.04669471427,0.06204684662,0.03943150939,-0.01182720029,0.05743948287,0.06236010345,0.05208935966,0.04499635255,0.04893710328,-0.005959478185,0.01245082252,-0.01048579611,0.003372479978,-0.01100010338,0.008940824836,-0.0005600449629,-0.05977269469,-0.010796192,-0.01275106955,-0.0007509192688,0.06336465702,0.07975254906,0.07066754195,0.007425258693,-0.0244786022,-0.03273487284,-0.01192438417,-0.01970036249,0.002727827558,-0.06354578105,-0.05338566789,-0.02437197205,-0.06628555999
2002-10-31,0.03333508342,0.024768281,0.03141664538,0.04525159266,,,-0.01208775558,0.01839628097,0.009990644073,-0.0690708676,0.0621397534,-0.01215433857,0.01895532493,0.05508585543,0.06081839811,0.0783295767,0.08227299221,0.08133982298,0.03489732844,0.06556885889,0.01064293907,-0.01111394014,-0.05609192449,,,-0.02274270885,0.03172443466,0.05216625393,0.01288332297,,,0.05235940806,0.05783626249,0.01246072559,0.04159881567,-0.006772466495,0.0565471318,0.04383228525,,,,,-0.01773877053,-0.01225242472,0.04606462971,-0.02358638521,-0.054030871,0.04891868968,-0.008445421874,0.03842077726,0.02482682368,0.05016299023,0.00797645517,-0.03821068619,0.006866468002,-0.003467620485,0.03159027524,0.03660325096,0.008927590231,0.04948652137,-0.0308241396,0.01273479744,-0.02396378294,0.01768516117,-0.05622133167,-0.0584645921,-0.04826483992,0.01823363977,-0.03491079327,0.0254118087,-0.04273026551,,0.04343343818,,0.01310426295,-0.0676289942,-0.05637440703,-0.003136305993,-0.01258239115,-0.0476142831,-0.007047505434,0.003422386853,-0.04992137758,-0.05833159232,-0.002758892779,-0.02255976506,0.002701939865,-0.0004431859726,0.01768516117,0.00570089539,-0.01796839921,0.03403235274,-0.02212525647,-0.003510026737,-0.0259302299,-0.0555105414,-0.06179570413,-0.06458674763,0.008905102894,0.00610256513,-0.0111402512,-0.02094600936,-0.02829574354,-0.04553673903,0.05244394538,0.0487781199,0.01036251017,0.0396395511
2002-11-30,-0.01465362942,0.07149454225,0.06527138686,0.1082288424,,,-0.009167246342,0.01171112179,0.03726738584,-0.09960218224,0.1283700952,0.03324397805,-0.03629057946,0.1256753481,0.1124043113,0.05672221768,0.07614083154,0.07514000756,0.001001445072,0.06474173741,0.04278070562,0.03549508511,-0.09560641292,,,-0.02527804946,0.04067889488,0.06390909656,0.01768304387,,,0.06072999567,0.1422245553,0.04373526288,0.1330280104,0.03239723658,0.1336553035,-0.006213660616,,,,,0.0005125913548,0.04604149717,0.07363332685,-0.04979480544,-0.05628964534,0.141988507,0.01447935157,0.1388594547,0.1363771534,0.0919950136,0.03657608363,-0.1231639786,0.002363216137,0.01576653543,0.1279722107,0.1291941053,0.09644007033,0.1608049703,-0.05152653587,-0.03151109698,-0.05545737612,0.04672280983,-0.06190545515,-0.0524631883,-0.07245355801,-0.05286788726,-0.06125996703,-0.007328336984,-0.03314196502,,0.1510904823,,0.08005007591,-0.1115032659,-0.1074365062,-0.09140871653,0.005461123687,-0.1066459411,-0.04291745391,-0.06218309484,-0.1183312787,-0.112351128,0.05789325829,0.001271615844,0.008339004653,0.01318318624,0.06125575694,-0.0007128270848,-0.001090960882,0.1358472301,0.04810793483,0.06109478011,-0.05253567714,-0.136206273,-0.09788934168,-0.1534651848,-0.04023117224,0.04165165698,0.0633779818,-0.01105689608,0.04515671654,-0.003803417098,0.1610656682,0.15438755,0.1068790645,0.1488205026
2002-12-31,-0.008649740254,0.002289882954,0.004528036934,0.003671180803,,,0.01842554626,0.06187135672,0.01846448916,-0.04171009799,-0.03305054527,-0.001156321027,-0.03813970566,-0.03110366353,-0.03498546754,-0.03753688445,-0.005148597922,-0.01894255886,-0.0003147691026,-0.03190118253,0.004045708785,0.01526102126,0.004350982459,,,0.008895395934,-0.01792057581,-0.01836608611,-0.007382850242,,,0.0372433978,-0.02251635905,-0.01365925365,-0.02582272298,-0.01629347315,-0.02362751873,-0.02685705727,,,,,0.02511371255,0.01244490709,0.04160310169,0.00849943903,-0.005316185501,0.0007404700114,-0.01932080769,-0.0007334082248,0.0001948515016,0.005820171704,0.002278221537,-0.01494240548,0.0001977154112,0.005962564198,-0.0003902974615,-0.0005795379643,0.01105222512,-0.01129456076,0.03188631725,-0.02875916795,0.02274798374,0.006737105168,0.008485138547,0.01714575064,0.002748691901,-0.02564259731,-0.009117046755,-0.003964989357,-0.005420178059,,-0.008727986857,,0.000438680315,-0.0002282227474,-0.001105194435,-0.03107649675,-0.01560033595,-0.001493051257,0.01371606848,-0.02060519292,0.005777165693,0.01219728237,0.003426942746,-0.00914497301,0.0176028725,0.003719592512,0.006737105168,-0.007712672208,-0.0003446218376,-0.004423697056,0.006293055189,0.003711079499,-0.001168116142,-0.001184067,0.01751647199,0.01454751173,0.01360399022,-0.01562643742,0.01727498314,0.04445827505,0.02325853809,0.0290131235,-0.006403885909,-0.005894540014,0.0001451048846,-0.004991505881
2003-01-31,0.003813158518,0.04271205014,0.04374177273,0.06516011105,,,-0.02838519092,-0.01035570031,0.005820903406,-0.05712661617,0.07741325085,0.002777970841,0.02547302874,0.08041153294,0.07710379553,0.03802300599,0.03611470748,0.04261651152,0.02115785628,0.0001357417646,0.03349196748,0.02319405706,-0.01547077981,,,0.02369076912,0.01414794199,0.03447481255,-0.04320942272,,,0.04218445344,0.08731066283,0.01354503729,0.08005000768,0.006355155662,0.0765908151,0.009017297951,,,,,0.002544507108,0.02220134482,0.009737371394,-0.0003303240849,-0.05918017047,0.1009654783,-0.01475958695,0.09974803184,0.1144660626,0.07017564466,0.02506726377,-0.03611701793,-0.01170578068,0.01196071214,0.07278591304,0.07330323279,0.0515920116,0.1236278351,-0.01884554233,0.01115412441,0.01502848257,0.04660451992,-0.04383587963,-0.04092358572,-0.03819711042,0.02340854461,-0.02535076801,0.02253601414,-0.02482564763,,0.1231461884,,0.0317042657,-0.09420910655,-0.09183812559,-0.05877571076,-0.01992095298,-0.09064406121,-0.06118836366,0.01897976613,-0.02574741515,-0.08483454412,0.05187936055,0.01095166708,-0.006829433843,-0.009942682326,0.04660451992,-0.01349360786,-0.005204842972,0.07137078266,0.005577380276,0.01860921993,-0.006881356552,-0.1087102344,0.05112763764,-0.08189485771,-0.03346353187,0.01945474314,0.03748577234,0.006494765853,0.009557836497,-0.02214759209,0.1215403364,0.1199712069,0.03767219536,0.104839952
2003-02-28,-0.008770589017,-0.01161576083,-0.01295639701,-0.01445015707,,,0.03071738871,-0.02626395066,-0.01261778322,0.002947122124,-0.02327311422,0.01191726651,-0.0348313296,-0.005131082939,-0.01416411911,0.0291204144,0.02649014605,-0.0002488772299,-0.003363733909,0.03504977326,0.0157405,-0.0005339081236,0.01953534249,,,0.005098075089,0.02919817015,0.03562797317,0.006572425604,,,-0.02975620614,-0.01910453951,-0.02030779557,-0.01782854982,0.01650568113,-0.007398938712,-0.01600443611,,,,,0.03760522228,0.01943998663,-0.01969812451,0.007070171787,0.001184371766,-0.01223068423,-0.008181900272,-0.006843470146,-0.009972974663,-0.011526498,0.006100686701,0.01658626172,0.005114561036,0.004689194909,-0.01183204136,-0.01291596595,-0.003661126481,-0.01489474209,0.02697317819,0.01587088377,0.03690796298,-0.01379826298,0.007612074663,-0.002053188439,0.002950204369,0.01564306352,0.006393978417,-0.006081119706,0.003579421311,,-0.00937381451,,-0.01247269391,0.01564723837,-6.544816549e-05,-0.006271433711,-0.008649990211,0.02777309158,-0.01186149408,0.01261518202,0.03211902827,0.03155785729,-0.005682049558,-0.002451331466,0.01610283384,0.003486472195,-0.01379826298,-0.001683645047,0.002144703597,-0.01451463496,-0.009043446798,-0.01010015589,0.005858643838,0.01767414557,-0.01600332032,-0.003770015149,0.01065880184,-0.01215846485,-0.01477610336,-0.01400890049,-0.01261421935,-0.009449791653,-0.008647270412,-0.0134579829,-0.00956229502,-0.0110630275
2003-03-31,0.009347465325,0.003393470239,0.003108703604,0.01674890163,,,0.02752964031,-0.03091004408,0.008046652658,-0.01135353454,0.05605947494,0.004665606675,-0.0231317199,0.05313648612,0.05355374788,0.04584640156,0.04652695677,0.02443041719,-0.03383080869,0.03237459301,0.04177813413,0.01050913976,0.001083253254,,,0.008123992243,0.0191849417,0.02206357156,-0.001569797886,,,-0.03178319011,0.05461572475,0.004814541126,0.04085010962,0.03977907278,0.05036194302,0.001155036554,,,,,0.009392888489,0.0268611451,-0.01155716733,-0.003928083095,-0.01597146144,0.03393541032,-0.001284922568,0.02976217262,0.0376310258,0.01331018296,0.0150683822,0.0003757865086,0.002044632621,-0.002927179187,0.01658303598,0.01585286763,0.01791305492,0.04929365503,0.03175859879,0.02621224758,0.0298707285,-0.005250205284,-0.01189419423,-0.01601579682,-0.007557959626,0.03630280999,0.009208033245,0.03219964281,-0.01848096976,,0.05302037998,,0.0006675624118,-0.02680782704,-0.03795900817,-0.03003052336,-0.003168805149,-0.002284593983,-0.03469932364,0.02818345772,0.03007877045,0.00574293943,0.0155155523,0.005549350958,0.001955037347,0.0009698057203,-0.005250205284,-0.004541828285,0.002785165808,0.01612213782,-0.002933925637,0.001146009503,0.01973258403,-0.01776482337,0.03316479674,0.03430890088,-0.00194169313,0.004559169592,0.01253017791,-0.00424968849,0.001230820943,-0.009466407535,0.0379842394,0.04621764943,0.001015960442,0.03269511775
2003-04-30,0.02975317956,0.03966060124,0.04054386202,0.08005564752,,,0.0202224444,0.005890334892,0.07897056045,-0.04487364219,0.118769052,0.002992854522,-0.004551433248,0.1168347712,0.1023140161,0.01556114619,-0.000997870159,-0.01139774325,0.02041981592,0.05662374566,0.01670129038,0.04606386645,-0.03787060967,,,-0.02454603721,-0.001262348157,-0.004892112851,-0.01891377658,,,0.01801528427,0.1253149005,-0.001480244615,0.1122397458,0.07481729695,0.1163669399,-0.02561383258,,,,,0.01356051049,0.06875308063,0.04154751325,-0.03372805947,-0.01142058726,0.1200132831,-0.006447298484,0.1253328889,0.1326230057,0.07249027198,-0.006723652216,-0.05532101451,0.01077914271,0.01914747007,0.08174285547,0.0813975366,0.05793915881,0.1432491216,-0.02680184467,-0.0002701113956,-0.02364673182,0.02987377586,-0.04956866816,-0.05752507732,-0.009437597919,-0.02085491608,-0.05568703502,-0.02071846348,-0.02579102908,,0.1336833895,,0.03897158003,-0.09846498409,-0.1036482596,-0.08627769686,-0.01100644291,-0.09066779961,-0.08821110154,-0.0001207643555,-0.02506678289,-0.07128696079,0.04579754133,0.003285489233,0.0208005886,0.0204556608,0.02987377586,0.007397843806,0.03453274999,0.08755057934,0.01046968257,0.02409827746,0.005225712086,-0.07799585256,0.02929295216,0.03625534836,-0.0206301993,0.0295228508,0.0661244176,0.01554423069,0.04484742941,0.006469770259,0.1375033827,0.139946863,0.04908445913,0.1357415679
2003-05-31,0.006609974491,0.009551258022,0.01132073477,0.01004303169,,,-0.002444607624,0.02216091361,0.01185017887,0.003752377615,-0.005402916788,0.002901737213,0.004861692885,0.008596108596,-0.004477353132,0.00602531785,-0.01542834128,-0.009084204668,-0.004908490871,0.002587904557,-0.005190210814,0.006130636212,-0.01149278046,,,-0.003340118761,-0.01051560094,-0.009978735631,-0.007258947415,,,0.02441077594,0.004632344043,0.01753865626,0.002718806529,-0.00641012677,0.008236108825,0.001880302213,,,,,0.01358867478,0.01785042593,0.001868854906,0.004993235001,-0.003905007965,0.02257550201,-0.01319923362,0.01788232717,0.01889643474,0.01486492549,0.008497527205,-0.01141690668,0.01020812112,0.005290145613,0.01995700663,0.0204880147,0.01667850519,0.02551153565,-0.009013407078,-0.00452475172,-0.004939331898,0.02463600897,-0.02162746081,-0.02106138251,-0.0002156062934,-0.01680691498,-0.0296018293,-0.01719099637,-0.008632220019,,0.02899944072,,0.001119873101,-0.03152968669,-0.0222858944,-0.01942141561,-0.01548494777,-0.02963656141,-0.01313912415,-0.005093916928,-0.02934632081,-0.02852223014,0.002832345192,-0.005758775569,-0.002940111405,0.004112997037,0.02463600897,-0.004667140636,-0.005047043655,0.02212705565,0.001119973155,0.01141560336,0.003953886899,-0.03631526376,-0.03915172346,-0.01665501776,0.008442874934,-0.006019126595,0.01652506202,0.02203854835,0.01071768829,0.01787464948,0.02374730802,0.0244613102,0.007521076702,0.01690405972
2003-06-30,0.009368767096,0.0206760513,0.01832879197,0.03571185709,,,0.005099779069,-0.01808725212,0.0114373533,-0.01276889535,0.05482950007,0.008901824972,-0.007012293652,0.05575629841,0.04660647219,0.01947854187,0.01768749708,0.009989448517,0.009172674862,0.01167245727,0.002061241546,-0.001369122665,-0.01052053758,,,-0.004424256521,0.02115781601,0.01343017639,0.01716243945,,,-0.02364218485,0.06201579287,0.00396054134,0.05140701448,0.03196370142,0.05997498406,-0.006700475165,,,,,0.007366906248,0.03041894808,0.0002931033839,0.002496429682,0.01882912577,0.06650729988,-0.01116607143,0.06500592704,0.07072663047,0.03130940215,0.00306395829,-0.006393480256,0.0006635788358,0.0001468992599,0.04686491394,0.04670535169,0.027264359,0.07881722891,0.002909989099,0.01042345763,0.01728374723,0.01485012634,-0.01475321623,-0.01573334325,-0.02326004457,0.03371135665,0.003008455911,0.03565990906,-0.01212873437,,0.07714367725,,0.02332984126,-0.04924076976,-0.05674004119,-0.05790429525,-0.01347350977,-0.02385921684,-0.03400405539,0.02590207859,0.01988351115,0.007756607451,0.02863860915,0.002550472259,0.002213803848,0.003902178715,0.01485012634,-0.01251582325,-0.004223716573,0.04532944977,-0.0005369838358,0.009291497983,0.01317253175,0.001915837683,0.04544641823,0.03370651445,-0.007314343255,0.001520505331,0.02882338762,0.006324037604,0.01438910604,0.00124089623,0.07328081161,0.07567555188,0.03196996542,0.06602045893
2003-07-31,0.007578329403,0.0230905894,0.0168769416,0.01496824828,,,-0.004390672602,-0.005011469466,0.0009632754676,0.002771599738,0.01966268534,0.006667899784,0.003845805412,0.01729585918,0.01209346057,0.005407929768,-0.002397338529,-0.003436412255,0.01079415952,-0.003427003913,-0.01331649637,-0.002725771035,0.01516665314,,,-0.004037014247,0.01625757312,0.008340558144,0.02452121824,,,0.01726061603,0.02184845176,0.00636424713,0.01423565139,0.001019560326,0.01124295944,-0.005376811787,,,,,-0.002838527066,0.0002088784477,0.01034995301,-0.005075042654,0.01586248757,0.03086614269,0.005811234284,0.02880544019,0.02963117653,0.009838363507,0.002579581632,-0.03337990683,-0.01512590701,-0.00272701671,0.0209113354,0.02143499414,0.008431127934,0.02815737587,-0.00627210166,0.005217098338,0.01148704124,0.008102980149,-0.005341006107,-5.692687378e-05,-0.002268665216,0.001382542953,-0.005590591181,0.007526178077,-0.007185720729,,0.0318884748,,0.03320606648,-0.01406544138,-0.009114098407,-0.01319455476,0.002289121411,-0.01885336416,-0.01899494362,-0.003384822468,-0.007449213626,-0.01317422704,0.01701206123,0.01537987843,0.001999556027,-0.01337477055,0.008405908142,0.005552236656,0.005125345123,0.01754106679,0.01913938954,0.02348405143,0.005276391078,-0.01350218364,0.006399467316,0.003359454118,-0.02727234863,0.00465254558,0.03138232894,0.009054300864,0.0235820901,0.003314818111,0.02816367306,0.02729344254,0.03020710557,0.02586806911
2003-08-31,-0.001431462826,-0.01430203119,-0.01424123295,0.008745555167,0.00666898235,0.006878473965,-0.01655970745,-0.02198542208,0.009373629782,0.0005848224994,0.007149873122,0.001985082603,0.0002073561634,0.01476737415,0.01001720365,0.005998493452,0.01987990812,0.005968108205,0.001348720282,0.005293647656,-0.001332720406,-0.004849131389,-0.01039580669,3.954425309e-05,-4.269695281e-05,-0.001055750403,0.00852844782,0.01051685013,0.002949826814,-0.0008201105716,0.006535750127,-0.006055497909,0.009576814409,0.02414374728,0.01467580105,0.005829954844,0.01927996803,-0.00430933197,-0.00134539482,0.006272100864,0.02662398053,0.00609247672,0.03165427564,0.03018375194,0.0006179316626,-0.0003879235128,-0.01292289494,0.008160803278,0.004585395242,0.01691176986,0.01258580668,0.01122069289,-0.0003124086814,-0.008543062216,0.01379725,-0.0003906406134,-0.005746056404,-0.005173535312,-0.007560226063,0.01453237236,0.006411780091,-0.01080943218,-0.003699391031,-0.01333196725,-0.005652979228,-0.002347529941,-0.004914344857,1.43476175e-05,0.002404575376,-0.001906440942,-0.007208559577,0.008652042336,0.007414649123,0.008786353487,-0.01030210807,-0.008507260142,-0.01392984589,-0.0106334179,0.002664869865,0.004378735043,0.008556094427,-0.007918757709,-0.002240217783,0.003302685733,-0.01470044094,-0.01268762922,-0.001146883054,0.01163848272,-0.01333196725,0.003698070558,-0.0005627363986,-0.001386659356,-0.001694897508,-0.002518183235,-0.01075438979,-0.001755614039,0.002260138002,-4.131849012e-05,0.01073746357,0.006673955437,0.00268840103,-0.003213179363,0.00706229262,0.003739912333,0.01351301709,0.01188949893,-0.01361362928,0.01402669896
2003-09-30,-0.005025784982,0.007094658805,0.006869698065,0.007689287891,-0.01566480703,-0.03678394673,-0.01614563274,-0.007808047783,0.006142283369,-0.008081048406,0.02818275776,-0.02935522658,0.007262311783,0.02175945303,0.01803053474,-0.008806272649,0.02677710536,0.02438744892,-0.001566582579,-0.003367917539,-0.002767863553,-0.008123049012,-0.01931628096,-0.004567962933,-0.009610730613,0.0006295947573,0.01716885122,0.002721875248,0.02664075233,-0.02841706789,0.01012158304,-0.01920216219,0.02612207396,0.02521240301,0.02530578354,0.01363258126,0.0263828319,-0.003151881012,-0.009416708678,-0.02245029477,0.02259181685,0.008146353175,-0.001129601738,0.01887621302,0.02223151038,-0.003392370832,-0.02153426586,0.02810808972,-0.02324701523,0.03111258139,0.02768726714,0.005924366619,0.00480383023,0.00465605807,-0.0006906789846,0.0020966217,0.01671862308,0.01692779508,0.01067934535,0.03785644179,0.004619478675,-0.003475882821,0.009978176805,0.01323113755,-0.02003894667,-0.02020015327,-0.01830739071,0.007213128846,0.01424043204,0.01420980568,-5.579475193e-06,0.02289120775,0.03834860192,0.01946278447,-0.009489868693,-0.03262501579,-0.03630135819,-0.0226362192,-0.02727194509,-0.005227360452,-0.01591222086,-0.003249042784,0.007336682042,-0.003744814993,0.01504163202,0.008778818502,0.00339457863,0.0008101176115,0.01323113755,-0.003849148429,0.003321064202,0.01632316544,-0.005194374113,0.006154361167,0.00774947439,-0.01367633247,0.006175495278,-0.001204219447,0.004723833892,-0.01605398355,0.005492713251,0.005849835757,-0.002350237588,0.0002593799546,0.0390530904,0.03595094733,-0.001182291881,0.02773984088
2003-10-31,0.005257098778,0.01538803235,0.01356961963,0.01744492582,0.001945914621,-0.00384311781,-0.004444089616,-0.004254679539,0.0108907179,0.001768713053,0.04621161877,-0.005107267222,0.01105772213,0.03936812313,0.04427219124,0.009625239863,0.008068572394,0.01189195301,0.0009440691458,-0.003007131319,-0.001647673759,-0.008579245785,-0.007781927839,-0.002395948301,-0.004299378337,0.007172832742,0.01162806864,0.009971112931,0.01459474023,0.00847182263,0.0355968891,-0.02320781331,0.04584079586,0.0008248450773,0.03535069505,0.01909215301,0.03700794569,0.00465643502,-0.0152479485,-0.01949455435,-0.005891342213,0.001100873787,-0.0002201911147,0.01784503134,0.01148228189,0.002819657749,0.003571606879,0.04053784517,0.00964484167,0.04231405273,0.04633921678,0.02021051395,-0.00515737887,0.002987309405,-0.0003790248983,0.006974259907,0.02773728562,0.02744914971,0.01179033543,0.05376568493,0.02017150966,-0.005163700791,0.01425759269,0.01688689943,0.007009374992,-0.007335503226,-0.01618053931,0.001750664614,0.02320311687,0.01028419938,-0.0003740635157,0.04775993587,0.05325631728,0.0490614399,0.0111007316,-0.01178027244,-0.02352132408,-0.03406417534,0.00832140979,0.01743276254,-0.006220849021,0.004455043023,0.02952063248,0.02777187634,0.01865458656,0.004040800568,-0.005214471187,0.003872036625,0.01688689943,-0.004905938695,0.004608147136,0.02984985941,0.005824096189,0.007146168624,0.008503928681,0.02307618172,0.01433373632,0.03313749554,-0.00987952413,0.01841141218,0.01812896306,-0.002656106627,0.01471821644,-0.004410505063,0.05391911843,0.05310976657,0.02327170243,0.05068670645
2003-11-30,0.0001139000544,0.00459421183,0.004123586833,0.01263062066,-0.01476389394,-0.007880475377,0.01426468516,-0.01078098624,0.01323121411,-8.199603592e-05,0.01657532233,-0.0004307652411,0.0005682650305,0.01588247148,0.01461733573,0.0145272917,0.01116249337,0.009120736916,0.0006739529421,-0.0005173493559,-0.002143474512,0.007993074994,0.001153894724,-0.005143935205,-0.004230129095,-0.003320471856,0.01218579725,0.009800606458,0.01129888944,-0.003393402347,0.009583650716,-0.01196147445,0.01510736928,0.002619448533,0.01664944095,0.01601873714,0.01788554135,-0.01174875027,-0.009024735185,-0.01272980082,0.01959796063,-0.006579232311,0.01400588518,0.01684234313,0.006383158739,0.0001528419623,-0.006417834891,0.01832917446,0.007066182749,0.01516277323,0.01798712741,0.01483271072,0.000360190965,-0.00555862703,0.0003070264784,-0.001878734546,0.01317994151,0.01198219148,0.009131632685,0.02149165885,0.01123483969,0.000904939549,0.002802164073,0.005065524543,0.001476730449,-0.003116915994,-0.004462079452,0.006335622908,0.01337851836,0.003582447315,-0.004867452175,0.02071309599,0.02224654222,0.02254349084,0.008890091657,-0.002159213975,-0.001558147023,-0.003543905366,0.005323377508,0.007444815979,-0.00250918064,0.003942492473,0.003870590937,0.01048935478,0.008753357393,0.0009988738116,-0.002364379867,0.001152252787,0.005065524543,0.0009931306573,-0.0008770400288,0.01277226458,0.005504371929,0.008038410372,0.004357955972,0.00782629144,0.006982961681,0.008334452277,-0.001349830836,0.01140334185,0.01205501023,0.006107393609,0.00997392606,0.001730666256,0.02271997347,0.02171212607,0.00660631917,0.02306924372
2003-12-31,-0.003449532535,-0.008130590404,-0.007673216724,0.01110737357,-0.007414372031,-0.01205755633,0.00414605026,-0.01157589241,0.01276278971,-0.0002232989794,0.01629361035,0.004463236108,-0.006032154977,0.01827540187,0.01823569167,0.01268420476,0.01572655525,0.009531986185,0.01241498768,-0.004695013475,0.003057415342,-0.002221981804,-0.004431759412,-0.003553778319,-0.001068577414,0.00312840078,0.01845812398,0.01318446697,0.01920326301,0.001625184506,0.01552711984,-0.01533468147,0.01696488686,-0.001107500771,0.01596392086,0.01512152411,0.01795505937,0.001390826472,-0.02092948579,-0.02328361114,0.002069735659,0.00653596987,0.001755118079,0.01160390104,0.01195523262,-0.003418008069,-0.005525759686,0.01405583623,-0.003364802215,0.02247938587,0.02243784162,0.01637713045,-0.001374622164,-0.004605607982,0.001771306787,0.004889344509,0.002092877273,0.002370661291,0.00174829115,0.0115374043,0.004729650949,7.893402581e-05,0.001996650468,-0.002837813485,0.002105865695,0.001167404023,-0.006491833263,0.004896291995,0.0112218532,0.004880193144,-0.01618131814,0.01168274356,0.01089460375,0.01247220563,-0.005917275991,-0.001936259153,-0.005069039675,-0.009314526747,-0.006274489752,0.02606176315,0.0272862948,0.00123130496,0.008953208935,0.01688047653,-0.002879755239,-0.004846021293,0.001107007315,0.003808139012,-0.002865417621,0.005111822948,0.005745751018,0.003802732799,0.001196357149,-0.0003863743609,0.009626054679,0.01490752282,0.01877342038,0.01786042778,0.004110593563,-0.001540192562,0.00806650336,0.001897524232,0.01176503782,0.009784075409,0.01105878131,0.01037912392,-0.006078169341,0.01789685471
2004-01-31,0.006012999656,0.02497554912,0.02340163006,0.02660131371,-0.01971994913,-0.02349458062,-0.02321353482,0.03688468956,-0.01924295481,-0.01370394889,0.01740668322,0.002947489781,0.002728231682,0.0173430768,-0.00459615656,-0.01398508252,0.02387990773,0.0455634824,0.0290168863,-0.03084028609,0.01042184282,0.008157645756,0.01626271936,0.003627312016,0.003393664601,-0.02556357079,-0.01079558365,-0.01675282173,0.01504594152,0.02396698428,0.03263003042,-0.02051119399,0.01829467417,0.03486344405,0.03708216929,-0.01382852769,0.02295282604,-0.02710815745,-0.02563441024,-0.0313554832,0.03036400239,0.01274657699,0.01546277498,0.02191033089,0.04074847062,-0.02120994197,-0.02800159052,0.03990512718,-0.02450961817,0.04411533733,0.04529230887,0.02911572119,-0.02172614162,-0.0001988225148,0.0008444816513,-0.001088646061,0.03566822517,0.03408366854,0.02984556909,0.04831415268,0.002456729511,-0.01505503733,0.03828180474,0.02430738193,-0.006869461865,-0.02113409268,-0.02420711636,-0.009487682024,0.004419024839,-0.00204336898,-0.001405063329,0.04659229458,0.05183370226,0.04770099874,0.01641635228,-0.02436047649,-0.02975536338,-0.03347618199,-0.02661837597,-0.006227593307,-0.01955408835,-0.001906127085,0.0371993652,0.004224011639,0.03467432907,0.005511099969,0.02532426097,0.004550108902,0.02430738193,-0.001656207365,-0.0009076432395,0.03423784724,-0.002699306228,0.01745526463,0.02032012468,-0.01688651502,-0.007903728886,-0.01541711733,-0.02584433495,-0.01765607354,0.02840564956,0.0180340103,0.02399204244,-7.322051244e-05,0.04831575703,0.04681972996,0.02623759646,0.04409437148
2004-02-29,-0.001855338105,0.002597150288,0.001692620721,-0.009568923642,-0.009115942866,-0.005465371162,0.00718738531,0.0009387908116,-0.0009118115358,0.009361854202,-0.02844847443,0.0004413934584,-0.002041321889,-0.02347583468,-0.02612037658,-0.01026494972,-0.0035556725,-0.001979068988,0.0030068492,-0.004946899342,-0.009985399614,-0.004702623536,0.009119010725,0.0006777183511,-0.003892590428,0.004924460016,-0.005408170606,-0.003577731422,-0.003946084584,-0.01046512162,-0.02468593697,0.01025798854,-0.02506902999,-0.008606677125,-0.01579807737,-0.002893963895,-0.02262453573,-0.005580390825,0.01579626212,0.009992675389,0.0001588996922,-0.008707736375,-0.002994109447,-0.01280567219,0.004732488208,0.0001248670475,-0.005599395613,-0.009998140056,-0.008207497523,-0.01414264092,-0.01679982627,-0.008970836609,-0.0001947186019,-0.002810441777,-0.002733586051,6.775496676e-05,-0.004047540316,-0.004133033792,0.005493454585,-0.02003726776,-0.01052802277,-0.003736879582,-0.00615850982,0.0007094515088,-0.001724817185,0.008673360122,0.009986247617,-0.007245963594,-0.01216409304,-0.007136140489,-0.00246821727,-0.02280712317,-0.01920017292,-0.02176524539,0.001611238029,0.00705099391,0.007944115294,0.01819954323,-0.00891131895,-0.02348294198,-0.01592395322,-0.01210998697,-0.01796577748,-0.02104695754,0.002701746131,0.001459957009,0.0007102033508,-0.005313911188,0.0007094515088,0.001083738688,-0.001932393206,-0.005596632125,0.00190624766,0.003493314365,-0.006998586439,-0.02409461998,-0.02351042408,-0.02409517752,0.002730113271,-0.01101201465,0.004462025031,0.01206698625,0.00282811694,0.01478760862,-0.01812937146,-0.01817402381,0.0005116812789,-0.01960733278
2004-03-31,-0.0006751882072,-0.002897557646,-0.002128761084,-0.005353891511,0.008853376322,0.01275646112,-0.008259116052,-0.005226725955,-0.006950233916,0.006225439038,-0.008017419866,-0.005244050214,0.003560749379,-0.006814537184,-0.006444146157,0.003008918837,0.006687668745,0.002312594652,-0.001290831476,0.0006244590126,0.004270337511,-0.003905004628,0.003504558665,0.01011009395,0.005315561959,-0.0009854905867,0.007049387334,0.008135579244,0.00814253121,0.001507317531,-0.007064298415,0.003499251497,-0.007809055117,0.004327334726,-0.005847054886,-0.009558572687,-0.005442669048,-0.003087387507,-0.004239004793,-0.002920205978,-0.007364787827,0.0009922444833,0.0004410969883,-0.003462789745,0.005219067334,-0.0007551845628,-0.004750157833,-0.01294737684,0.002158726902,-0.01310959511,-0.01255235076,-0.001280392742,-0.0001089964124,-0.001041592417,0.003003246932,-0.0001357521638,-0.006529637833,-0.006505406692,-0.001934810476,-0.01162231273,-0.005631056217,-0.002746036599,-0.001992775916,-0.003810012814,-0.000348579873,0.01097586935,0.01050197272,-0.001079700345,-0.004336805059,-0.004133418319,-0.003516389274,-0.01024785422,-0.01368366624,-0.01176050565,-0.0009821801082,0.007906395909,0.009110480881,0.009298207726,0.002167021684,-0.006675589426,-0.003595982785,-0.002330879087,-0.005657321286,-0.007618493581,-0.00471152923,0.0001162165882,-0.0007437716029,0.002998073374,-0.003810012814,0.004145220432,0.003796708864,-0.006327713462,0.004713872968,0.00249879607,0.006543434053,-0.005801177102,-0.004679555398,-0.00618230781,0.0009258953065,0.0004503790213,-0.007079154229,-0.002585540215,-0.004390763323,-0.001352672549,-0.01034689595,-0.01276142332,-0.002894735721,-0.01291457085
2004-04-30,-0.001643401483,0.001042623379,-0.001823312972,0.01362108098,-0.002189939504,-0.008794869103,0.001251291507,0.006037828034,0.004142186402,0.002254508378,0.02215754184,-0.001765397722,-0.004300321156,0.01478604553,0.02051482873,0.0007552926721,-0.0124523302,-0.006877570305,0.006820946758,0.001496783718,0.003228993509,-0.001204244807,-0.005142048336,0.002928571659,0.006427922373,-0.005895368673,-0.006381995595,-0.002982834164,-0.01005569279,0.008871567225,0.01660758721,0.01624931319,0.02008950252,-0.01786170813,0.01345496368,-0.0008141032639,0.007335406288,0.004303750926,0.003852266316,0.00177518774,-0.01948621849,-0.007285017922,-0.02065183087,-0.008710210953,0.001476709184,0.002409774899,0.02146352711,0.01454804661,0.01060746109,0.02998829205,0.0276330406,0.01308160526,-0.005648071376,-0.007907796592,-0.009219291406,-0.005001960802,0.01234317769,0.01324232455,-0.002955337075,0.02224512479,0.01016616371,0.004159544565,0.009675270127,0.006990127419,0.0008813573844,0.001745017566,-0.0003242265045,-0.00448562128,0.01249245562,-0.000758761349,0.001023595821,0.02135083153,0.02043429323,0.02112143697,0.01385109296,0.001101024698,0.001374639476,0.000259144938,0.01088260136,0.01339579084,0.01629574524,-0.004945671394,0.004305688719,0.01950956012,0.006937557598,0.004342805755,-0.002276556645,-0.00880223846,0.006990127419,-0.007692687071,-0.00690840055,0.008838683784,0.01313372357,0.01210819304,-0.002422743282,0.0062572303,-0.006147279687,-0.002466168963,-0.01438495448,0.01026009619,0.02211289623,-0.000565639711,0.02324361264,0.006394738918,0.02287929387,0.02179400883,0.01293534041,0.03163134093
2004-05-31,0.002212789457,0.003812316402,0.003643397623,-0.006826549816,0.001867624577,0.00277163427,-0.003687390973,0.003947677132,-0.003413641275,0.01099356175,-0.02300060277,3.220810268e-05,0.0003138392512,-0.0172307242,-0.02196543352,-0.002893271575,-0.005202421042,-0.0005743088994,-0.01021806745,0.001321580948,0.0003504441332,0.002716935548,0.008612771016,0.0009469722637,0.000245025107,-0.0008149172116,0.006069466631,0.005963826908,0.007454757374,-0.006230240833,-0.02027461333,0.01068972361,-0.01944628419,0.01025107398,-0.01968436307,-0.01023121155,-0.01799672678,0.006515127702,0.01502841148,0.01284218809,0.004578112774,8.343056593e-05,0.006673817477,-0.01260122385,0.0002065109829,0.00314386246,-0.007507920276,-0.007515135962,-0.005124926583,-0.006973111721,-0.007800562802,-0.00603536774,-0.001543759353,0.003700725994,-0.005782268907,-0.001263503043,-0.00757732552,-0.008722119298,-0.002588303202,-0.01204693561,0.003797745846,0.003823381797,0.00569491072,-0.006044716386,-0.01263866394,-0.01322950744,0.0004398040233,-0.001075683288,-0.01338667846,0.004356802455,-0.002332620013,-0.01348756399,-0.01167234623,-0.01574388959,0.002378933378,-0.008449993302,-0.004433375278,0.003520810196,-0.003796389379,-0.0247069628,-0.01064086766,0.001013586086,-0.01231172999,-0.01327186783,0.001959702927,0.002014187941,-0.0001980616609,-0.003503459711,-0.006044716386,-0.0005570979846,-0.001666467587,-0.006298469857,-0.003448777668,-0.0008219625233,-0.001444787268,-0.02770309391,-0.001570015213,-0.02247125936,0.00276851484,-0.006908449622,-0.0003330389533,0.01136535438,-0.003080157963,0.0005802933134,-0.01319879948,-0.01147669358,0.000111646622,-0.01269670288
2004-06-30,0.003268828795,-0.001549564709,0.001424680422,0.008069513417,-0.01170907192,-0.01073666813,0.001261236397,0.01241622815,0.01360682234,0.01585024494,0.02076644984,0.003947473006,0.001253314184,0.01816128246,0.0164298639,-0.007514082275,-0.007462045473,-0.002982205227,0.001264452028,-0.01613411391,0.009700920405,0.004799913342,0.002642592582,0.001294182026,0.005348500615,-0.006028632531,0.008917539798,0.003440320813,0.01195890963,-0.01096165403,0.01756277422,-0.01601912194,0.01884825906,-0.001482482826,0.01730712919,0.01079450639,0.01853527861,-0.002651391853,-0.01497587578,-0.01464915709,0.01513903763,-0.0005938158884,0.009657525402,0.0131610994,0.01461171031,-0.0007522781842,0.004628222399,0.01808639712,-0.007726210496,0.02752427517,0.02683581918,0.008931016096,0.003726608742,-0.005457638791,0.003870375642,-0.0005526482163,0.01524366124,0.01405515796,0.00786027956,0.02430721198,0.001956654562,-0.007158405483,-0.0007663427077,0.007037084507,0.003109598609,0.005072085025,-0.003243739145,0.00651846641,0.008755114312,0.003453089812,-0.008256791378,0.02597010707,0.02390932969,0.02679099972,-0.002048946603,0.002709612545,0.0009084241443,-0.008308574204,-0.009082761242,0.0109538315,0.01660771317,-0.0009865836618,0.003893335921,0.00603627864,0.002479996139,-0.001554499733,0.002719252153,0.004145643233,0.007814059543,0.0006208651659,-0.002454037404,0.01359441852,-0.003851565546,-0.002765325315,-0.01176084924,0.01133782464,0.008737335325,0.001989523807,-0.00320602992,-0.00301700521,0.005416050751,-0.00374873477,0.009279856984,0.004027647749,0.02419337851,0.02370780452,0.001158472696,0.02556606374
2004-07-31,-0.006310157417,-0.003868665973,-0.00576379787,-0.006196158958,0.006689524655,0.01347312288,-0.007389083753,0.003931926393,-0.004228488622,-0.003390523895,-0.008922016537,-4.33963634e-05,-0.005617759869,-0.006332499009,-0.009238510018,-0.004462988399,-0.001873244721,-0.008242186743,-0.007536351989,-0.002653992316,0.0003391031757,-0.002482130061,-0.004199891144,0.002449600702,0.000720543564,-0.0006463890172,-0.003312400337,-0.004282872858,0.001858246348,0.008339955295,-0.01230161698,-0.0003771831725,-0.008239648406,0.00300004346,-0.006230847279,-0.007903656153,-0.005527316985,-0.00438559165,0.0018333957,0.001880563394,-0.00586670943,0.005994497374,-0.0004913870869,-0.003419222351,-0.000247849661,-0.0025019791,-0.003788890192,-0.003299482378,0.001396801328,-0.004001050454,-0.005385804649,-0.004970728286,-0.003733274559,0.006710323408,0.0006033586595,0.001938025414,-0.005330902435,-0.005202870808,-0.00433695629,-0.00530141824,0.01427350894,0.005747554387,0.01069218564,-0.003843287823,-0.009720295593,-0.003382146009,0.009281475453,0.000664256474,-0.003808863662,0.004300830391,-0.006151934632,-0.006259256064,-0.005838932973,-0.004796223257,-0.006313044809,-0.003860624171,0.0005170485164,0.003290510499,0.0008322836114,0.004222236229,-0.005395016136,0.00169772467,0.006400921546,0.006209019165,0.001269122668,0.001462950686,0.0002027409513,-0.0005998926164,-0.003843287823,0.001045386181,-0.0002154392108,-0.005293001284,-0.002426035599,-0.002798709789,-0.001751273277,-0.007112471477,-0.004823507096,-0.001022149881,0.002380504685,0.001853154755,-0.006045561749,-0.007220072292,-0.007415517077,-0.009416009256,-0.005978915114,-0.007200489058,-0.001482309733,-0.004085863789
2004-08-31,-0.00877104171,-0.01416817953,-0.01192954651,-0.01171767246,-0.00665344288,0.003610346354,-0.005707977927,-0.01122954673,-0.002173783434,-0.001852548866,-0.008139637766,0.009685992048,-0.01108612572,-0.00328063278,-0.003424862811,0.009027289958,0.01632004909,0.007308823825,-0.01205952453,0.009146158845,0.007008302686,0.006527816537,0.003275764944,0.01453497921,0.006355805577,0.0002505465333,0.01693960558,0.01618996377,0.01592763508,0.002524326471,-0.006583841722,-0.01979855648,-0.006825634294,0.01472190569,-0.004594504261,0.001381657927,-0.001472570752,-0.007681923379,-0.002677750118,-0.003086302024,0.01447209088,-0.002880969961,0.01681506898,0.01380257321,0.005897415946,-0.0005974521765,-0.01599267927,-0.01144114458,-0.00402566668,-0.008455357009,-0.01040660897,-0.0106359408,0.00291735108,0.006769759304,0.0006080658558,-0.003032971561,-0.01272750359,-0.01419596064,-0.002679260585,-0.0120030762,0.004541221911,0.004363580906,0.004415237524,-0.01201240095,-0.005903169166,-0.003451270981,0.005111181785,-0.005752684476,-0.003842568346,0.00801466211,-0.009590771064,-0.0132102357,-0.01334233346,-0.01292010988,-0.01869263477,0.004989712374,0.001903290739,0.003489800116,-0.004745810544,0.006401770764,0.005695546666,0.002738558939,7.346760478e-05,0.007397161464,-0.005476749611,-0.002020084556,0.002521398622,0.002768328632,-0.01231657319,0.001959983011,0.0005827401777,-0.01104664745,-0.01338302633,-0.01561870494,0.007355397624,0.001931305228,0.001327907903,-0.001162448281,0.009994992874,-0.002911690106,-0.01204105916,-0.006934821492,-0.01444775364,-0.01055373862,-0.01103726771,-0.006894926125,-0.01620435271,-0.01179302082
2004-09-30,-0.00360832532,0.01965128533,0.02070687187,-0.002966513489,0.008721636897,-0.01582618654,-0.0282107082,0.0214496264,-0.02507171639,0.0258425448,0.02603948938,0.03061977033,-0.001931365922,0.004570997117,0.02608005954,0.02166314871,0.02758889048,-0.02476334734,-0.005497824908,0.02072190861,0.002437613215,-0.01938565119,0.01608991037,0.002778261964,-0.01946325048,0.01824647396,0.02646083975,0.004060056164,0.02530294934,0.0004262542432,0.02608108671,-0.02871678121,0.005989920892,-0.01350387201,0.005318772436,-0.02440960545,-0.01675062252,0.02232014674,-0.0295687468,-0.03149696527,-0.02403776489,0.006140549066,-0.01974756691,-0.01963759358,0.0211714571,0.02153559469,0.02006831336,0.01524176984,0.028203752,0.02309534519,0.006018627005,-0.004489686791,-0.01764396018,-0.0202907712,0.01400035847,-0.02261473158,0.02443129188,0.0228795605,0.02068460858,0.03241873116,0.02361495942,0.03194370677,0.02410722402,0.02172682584,-0.0007551366519,-0.001038893102,0.0007774875628,0.005933424766,0.002174020499,0.00484734167,-0.02679676196,0.03372481561,0.032089876,0.03512937561,-0.008797393303,0.004932472233,0.002359720148,0.0007168897555,0.02706758189,0.003129831206,0.00441858118,-0.006524836936,0.004264195068,-0.01936160409,0.02644772558,0.006759226315,0.0235196177,0.01623798987,0.02172682584,-0.0004443211414,-0.01959056309,0.0208941621,-0.002466603811,0.01579953509,-0.01146039292,-0.01899249899,-0.01891648276,-0.02059291555,-0.02338043163,0.02778218277,0.02215909307,0.01575348765,0.01774539793,-0.007599306957,0.03331545206,0.03418826518,0.02098434469,0.02477245318
2004-10-31,0.007753331349,0.001444136689,0.001997689079,0.01990413922,-0.002401894814,-0.01240382328,0.008450665053,0.0175507388,0.0156005763,0.02404832573,0.02866075222,-0.00786068863,0.01985736027,0.02766512222,0.02766257051,-0.006480563459,-0.003338458998,0.008539223474,-0.001685165114,-0.01015431642,-0.0009093047393,-0.009953001471,0.0159906505,-0.01283538813,-0.01047714965,-0.007729233403,0.01572213587,-0.0005563402431,0.02100271494,-0.01578436346,0.02216806728,-0.01660884906,0.02555959909,0.003246805756,0.0167922149,0.02010343031,0.02749108871,0.02084524721,-0.009125088625,-0.008489010636,-0.002702289013,0.007129461964,0.01033120967,0.02299654322,0.02816457486,-0.00977429104,0.005271080062,0.02075962336,0.000187029594,0.02830528509,0.02557548088,0.01825405576,-0.004042208273,-0.01523861446,0.01429866358,0.001173162928,0.01730755643,0.01659065627,0.004854526692,0.02761374489,-0.01770699844,-0.01913735358,-0.01820184762,0.01063171587,0.03261212791,0.02015335198,-0.006549206857,-0.0112159273,-0.005310807949,-0.018754633,-0.003632026902,0.02707323893,0.0278361272,0.02677009434,-0.00219336516,0.008857264132,-0.01058212824,-0.0156318171,-0.001648905813,-0.01539470988,0.0008740312975,-0.0117497236,-0.01183350133,-0.0182840506,-0.002118291108,-0.007985442724,0.002939400115,0.01400973568,0.01063171587,0.00139409753,0.004279553207,0.01738681702,8.977562522e-05,0.004794276768,-0.01374062897,-0.01165300962,-0.008159835616,-0.01345563904,0.006493253296,0.001391302804,0.0005530777599,-0.01170039521,0.01564516865,0.009879320801,0.0260737216,0.02579083477,0.0042923066,0.02818388143
2004-11-30,0.002519225986,-0.0005957001941,-0.00137801341,0.01731840245,-0.004985382018,-0.01272835705,0.007370516255,0.01560110873,0.009028311865,0.01393436823,0.02724811794,-0.01169534495,0.009485250312,0.02084146423,0.02535430441,-0.004431601801,-0.01371675813,-0.005792137727,0.007397717491,-0.001026302477,0.00610443116,0.009710205029,-0.00428953991,-0.005179055221,0.0002186076426,0.005412318326,-0.003139712275,-0.004706146959,0.0001129706386,-0.01307423782,0.02527147049,-0.007759300745,0.02659961502,-0.006508214315,0.0193007568,0.01483800061,0.02027964101,0.009966420826,-0.006308081066,-0.0115415604,-0.008181496168,0.002669443202,0.0002293279473,0.01040879316,0.005847930538,0.006775893809,0.01333408646,0.02439706152,0.007713973361,0.03770788151,0.03453045307,0.02009349327,-0.001814448701,-0.0121134131,-0.00135231368,-0.004113000013,0.02564877946,0.02613068261,0.01018468964,0.03687472418,-0.003094622863,-0.01213630828,-0.0133696093,0.007903410076,0.01503117182,0.01596251215,0.0006761872196,-0.007691077724,-0.003843011192,-0.006345060243,0.002476955456,0.0392626516,0.03680779108,0.039840808,0.004006556333,0.009458059877,0.0006525873313,-0.007192826831,0.007560611059,-0.003926587061,-0.002585108002,-0.003219204472,-0.01131316695,-0.01406918981,0.009417592912,0.002310470868,0.006304333672,-0.002278600965,0.007903410076,0.0004824401385,-0.001972807998,0.02833978499,0.001704904522,0.005210680123,0.004809342047,0.0009197483092,0.01618265521,-0.00405464485,-0.0025757848,0.01426268591,0.01108648213,-0.0100609199,0.021121561,0.005569874582,0.03868010639,0.03566997395,0.01036223862,0.04172060473
2004-12-31,0.001320439984,-0.004788141313,-0.001042350463,0.02086185568,-0.004603917688,-0.004024077631,0.007010196444,0.00505061149,0.0153287642,0.0093385494,0.01671969513,-0.005765954382,0.003735105044,0.01443075138,0.01377421526,0.005337189042,-0.005310063372,0.002517781538,0.004345575997,-0.002531285731,0.003161920066,0.002722913529,0.00988323652,-0.008029201434,-0.002124083369,-0.00208716284,0.004275732067,0.005733871341,0.01250146793,-0.003942151293,0.01015534918,-0.01700250915,0.01320891914,0.000670885957,0.009513376876,0.0160771387,0.01477997854,0.006771564496,-0.008458687258,-0.008290457282,0.01331385051,0.0001256980909,0.009383758941,0.01780115629,0.00882568982,-0.003734668015,0.000181029772,0.01912166118,-0.00126579409,0.02694472775,0.02530896261,0.01815792612,0.00233730548,0.001321639923,0.008488285988,-5.02974015e-05,0.01083163856,0.01128783464,0.0006563182249,0.02037465757,-0.001697064323,0.002683013146,0.001437452724,0.002770779267,0.01243621244,0.002162270415,-0.006380860235,0.01083850018,-0.002459660339,0.005233065426,0.002301023219,0.01889148931,0.01931203678,0.01833315877,-0.006649473214,0.006030512961,-0.005577633562,-0.009795406564,-0.003179028526,-0.002069265314,-0.002480083107,0.005005096314,0.002063303932,-0.005107617784,-0.007247922946,-0.01200910734,0.003015854303,0.008554214195,0.002770779267,-0.000574998627,0.004370177272,0.01492429417,-0.005800625817,-0.004490394316,0.007162822401,0.001268983679,0.0145109594,0.01316384325,0.01147274568,0.0005310338112,0.006789722675,0.001082623524,0.008434508038,0.0063310101,0.01879018907,0.01950825416,-0.004232677006,0.02583907402
2005-01-31,0.0061124135,0.0002202288482,-0.001440720673,-0.01490988364,0.005654766109,0.008557030294,9.011458891e-05,-0.01196742648,-0.005968398069,0.008917084399,-0.01191877189,-0.01034364152,-0.0007715420349,-0.008335062877,-0.01419348337,-0.02044694306,-0.007076735944,-0.005387285007,-0.005406473866,-0.02039985801,-0.004167000373,-0.008559951918,-0.0008081090776,0.002838603699,0.002188566199,0.002586448484,0.0111225463,0.01247884249,0.001896071499,0.002405400495,-0.01015377905,-0.003645854779,-0.009389330952,0.0007559511479,-0.005556730221,-0.004715476135,-0.008013593163,-0.00787536637,0.00746537834,0.008239757521,-0.004073887449,-0.000449999803,0.001583756775,-0.005693651201,-0.01539142138,0.005564654083,0.0009763186369,-0.02149367641,0.01163062588,-0.01410273864,-0.01455449567,-0.01626844653,0.008831942105,0.001336888799,-0.003844025573,-0.001794211578,-0.001246620337,-0.001789536987,0.00511965232,-0.006809338465,0.01599393912,-0.001910464323,0.01116200189,-0.002473679796,-0.01087990813,-0.004211383184,-0.002597996426,-0.00212230402,0.00156314148,0.001820646918,-0.006132503576,-0.009771312858,-0.00854527888,-0.009018622908,-0.006016289845,-0.005108463713,-0.002653703587,0.007046691571,0.01156762648,0.01084820799,0.006577982241,-0.004576440453,0.002730667782,0.003648479014,0.00692872137,0.01128525628,-0.0002299058407,-0.001493584754,-0.002473679796,0.000250656552,-0.002105379616,-0.00537263795,-0.00682172107,-0.007531184891,-0.01039143328,-0.008654680856,-0.01309222121,-0.01404177717,0.0005385969469,0.01055218988,-0.002616842159,0.008543021466,-0.005352552902,-0.003644040227,-0.007906294109,-0.007242315334,-0.003855379856,-0.01307136268
2005-02-28,-0.000962984359,0.00463034113,0.006392444,0.006561801496,-0.002413793076,-0.0008889785114,0.008222240674,0.0003717053776,0.006716979198,0.006029457155,0.01468740654,0.00874302163,-0.003780066233,0.01357036336,0.01643260394,0.003140079985,-0.001466225524,-0.006043534158,0.001098761212,-0.001160825702,0.01262355174,0.003733715683,0.0007253607788,0.008248046483,0.006588838325,-0.002407258542,0.00476035239,0.004591314175,0.006192945313,0.002951795488,0.008984577083,-0.009577524845,0.01466060366,-0.005836142381,0.01399921999,0.007306418041,0.01308735095,0.003412446492,-0.003532532932,-0.003771217928,-0.001770585518,0.001931744376,0.0007936759527,0.005604838563,-0.006896070144,0.001471316916,0.007295436836,0.008072122812,0.01506983176,0.02029844337,0.01756857832,0.005419693974,-0.000171320551,-0.007739373379,-0.0006658584242,0.00174240742,0.01152797077,0.01049090037,0.008949669388,0.02215428241,0.0006351018051,0.003936131227,0.0008214740842,0.007492469696,0.01657083646,0.01350790221,0.002468861153,0.003076947109,0.008111785964,0.00916938005,-0.0001913886007,0.02376713725,0.02218742466,0.02255757739,0.000356669967,0.01461139131,0.007322632899,0.00671009345,0.01198171005,0.003934419419,-0.008010334994,0.009664676912,0.009352521335,0.005807205933,0.004782184245,0.01094970945,0.001255021101,0.0002015519085,0.007492469696,-0.002380854908,-0.0002562223689,0.01080105315,0.002868034477,0.003733873873,3.707906256e-05,0.002239753528,0.01404501185,0.01312685056,-0.005094690108,0.01563733022,0.01018550135,-0.00772671346,0.002678806308,-0.007157196685,0.0230134173,0.02065327797,0.007598217567,0.02190488476
2005-03-31,0.01658101974,-0.01607689523,-0.0114132758,-0.03055304092,-0.002601930375,-0.0007787838389,-0.01024902229,-0.006308773585,0.001684789265,-0.003768493074,-0.02126495195,-0.005700918674,0.01033739866,-0.0144576236,-0.01701776944,0.00784309146,0.02192403289,0.02295072567,-0.009999786684,0.002743777949,-0.01094341117,-0.009318314687,-0.002319493348,-0.009094281905,-0.01261139136,0.002523650456,0.004995604824,0.01315487599,0.006192573399,0.003994810217,-0.01269555537,-0.0124855698,-0.01700122043,0.01012799199,-0.01099078053,-0.004493877622,-0.01440879989,-0.002771133085,0.01074527514,0.004671535429,0.003489106799,-0.003987450543,0.0005185418776,-0.001702183626,0.007927985508,0.004199286698,-0.01871930672,-0.030899719,-0.01765220019,-0.0222075025,-0.01627158087,-0.02577684671,0.0009359448468,0.01466184175,0.009583414942,0.007309565167,-0.03749945306,-0.0364717489,-0.01775571821,-0.02138002115,0.01069061862,0.02016477715,0.01564617292,-0.01646525639,-0.01710262186,-0.01385323983,0.0002696481645,0.04777108294,0.04037022565,0.049650871,-0.001837244396,-0.02081959931,-0.02163125126,-0.02473850408,-0.02638705958,-0.01191671359,-0.004221695339,0.0006835447362,-0.01570193192,0.01963706443,0.006209163786,0.02999395794,0.02452239772,0.02356498375,-0.01121470444,0.004881369205,0.001267608428,0.008841298856,-0.01665016046,-0.01175757537,-0.003769103273,-0.03839828429,-0.03252967205,-0.03363815308,-0.00566634231,0.004940507681,0.006549107177,-0.01722979782,0.01694771558,-0.01910943728,0.003760702301,0.03774734104,0.003237463408,0.01037302008,-0.02516583429,-0.02323083863,-0.04001433807,-0.03356155187
2005-04-30,0.0019580431,-0.01830039248,-0.01576131913,-0.04357071723,0.01169794419,0.01736000333,-0.01163963838,-0.004921281377,-0.01338021218,-0.0001901341034,-0.03835355091,-0.01450514605,0.009204850993,-0.03341661115,-0.03436094146,-0.01408711493,0.01720045071,0.01892767525,-0.02102245623,-0.01434625937,-0.01270276505,-0.01578917848,0.003383535308,0.009346738394,0.0004159530555,0.01218491565,-0.001327982856,0.001812198204,-0.003085265534,0.005278120149,-0.03617016412,0.009875200505,-0.03896301647,0.004212346375,-0.03229817774,-0.01189143341,-0.03263187135,-0.005839262571,0.01337625607,0.01257898324,0.01396017458,0.005485189338,0.01299616031,-0.008532330995,0.000548371174,0.007626184457,-0.02550792556,-0.05539033098,-0.004706427751,-0.05573178289,-0.04484716588,-0.0420549166,-0.02692719123,0.01228158649,-0.004143698997,0.006556846886,-0.0471137239,-0.04516917378,-0.04000967866,-0.04486540386,0.002506875337,0.03237697831,0.01144449715,-0.01404196827,-0.02112076666,-0.01683132819,9.956687928e-05,-0.002795486076,0.005956055457,0.02261095856,-0.002288467017,-0.04056929828,-0.03925540109,-0.04281522422,-0.02886995683,-0.02531455821,-0.006540817228,0.01318514088,-0.002029122836,0.002746169812,0.005532079649,0.02451464053,-0.007632834831,0.0102232977,-0.01282498266,0.007478778811,-0.007265799059,-0.007059636295,-0.01404196827,-0.005941509633,0.009718270941,-0.05122450101,-0.02741693087,-0.03255627464,0.04116360805,-0.00658779572,-0.02901493658,-0.02406067051,0.01480471115,-0.009290911321,-0.01248655726,0.01985379754,-0.01954324058,-0.001836004797,-0.04621626381,-0.04261335639,-0.03676067907,-0.05953621675
2005-05-31,0.002634753868,-0.006707209614,-0.004677697308,0.001493802304,-0.007265956425,-0.009409483454,0.002062049024,-0.00862288435,0.006450342522,0.001948632656,0.01360174417,-0.0001336225037,0.0003646273016,0.00900838956,0.0149160079,0.008845638431,0.01348108894,0.007773652289,0.002038649255,0.008725735234,0.003551433506,0.01213722733,0.003210230187,-0.001180155903,-0.001582430007,0.0003586704223,0.005162136049,0.004420044179,0.01285686682,-0.007559651012,0.01205371481,-0.01724428553,0.009250441184,0.005865065316,0.007192591417,0.01264933595,0.01318768877,0.009857624179,-0.003944739679,-0.003100968874,0.005434014014,0.001378171565,0.004061708044,0.01543242294,0.006932952723,-0.007063357843,0.005285588018,0.001362286803,-0.004532572024,0.002209388057,0.009547258467,0.003086775859,-0.002942918859,-0.001101708091,0.00657139269,-0.003808084159,-0.004467023246,-0.004894165336,-0.004156378776,0.008168950318,0.0136182271,0.0110232943,0.01224973988,-0.01208778737,0.004820101992,0.007034238187,-0.004165919053,-0.0007697304545,0.00165686488,0.0003172070515,-0.001430289542,0.004865632766,0.006473465016,0.006804903012,-0.004849687217,0.002005540853,0.005977108751,-0.01203883137,-0.005566245121,0.005002486739,0.002992592216,-0.0006420989252,0.005629954022,0.01086572588,-0.008847334518,-0.007826415495,-0.0001092204675,0.006707431782,-0.01189456835,-0.00578562318,-0.007270697653,-0.003037876371,-0.00592127444,-0.005454125975,-0.006118999949,-0.003512177747,-0.0110010117,-0.004775826527,0.008910172279,-0.002662595302,-0.01212571011,-0.01303589671,-7.682349994e-05,0.0005412821545,0.009051921835,0.008783811966,-0.004528609936,0.001037950422
2005-06-30,-0.004417895034,0.01066217141,0.008228075094,0.02506840052,-0.0006429852027,-0.001924078178,0.004833928161,-0.008284742077,0.01016316919,0.003386660807,0.01580619534,0.001983080038,-0.01634495596,0.02242009435,0.01725838226,0.01094059419,0.007434881149,-0.01484685249,-0.001454979447,0.01185904455,-0.00130929817,0.007140792991,-0.009632603657,-0.01119835384,-0.01328446055,-0.0004028134361,0.0139323498,0.008901840827,0.008220241522,-0.001571190854,0.0188773585,-0.02236145446,0.01915130325,0.01305396868,0.02283345381,0.00391727788,0.02129970266,0.001322146626,-0.004476041893,-0.00442651599,0.004883742532,-0.007719002824,0.005889801388,0.0171945203,-0.01201301105,-0.009114826559,0.02876208221,0.03269844013,-0.001070213652,0.03158919892,0.0110462384,0.02298515572,0.02447526691,-0.02306586295,0.006082284033,-0.01905266398,0.03029960234,0.0256388655,0.03297586594,0.02205209534,-0.01716470871,-0.02119374005,-0.02201354036,0.01124672959,0.002338716639,0.003815381355,0.0002773257382,-0.01373786901,-0.02159868543,-0.0239127271,-0.003176414174,0.01319046102,0.01347257251,0.01703491427,0.01891802603,0.006826283833,0.007431273396,-0.00546697122,-0.001793440079,-0.02548525053,-0.004495078932,-0.03136213055,-0.03123645803,-0.02861576842,0.01315647241,-9.966385302e-05,0.005290485673,0.004167248054,0.01176418971,-0.005730718351,-0.01768448249,0.03050241762,0.01902567416,0.02587020714,-0.005364241871,-0.02289784446,-0.02480362145,-0.02944994409,-0.008911002466,0.002537791237,-0.002220535711,-0.01986511859,0.004057796866,0.0003475707045,0.02365966711,0.02240242688,0.02624115069,0.03581356382
2005-07-31,-0.006934327334,0.009876461438,0.009000968727,0.02757181932,-0.005775611603,-0.005977753609,0.005472695555,-0.004435379331,0.0001369043457,0.008334818472,0.03493517181,0.003070908198,-0.007966078683,0.03151089441,0.03276014795,0.003489199417,-0.0003686837603,-0.01939935698,0.004096523175,0.006717780733,0.007316567008,0.002430181554,-0.01244031936,-0.005913061464,-0.008786493746,-0.004539538853,0.0115725499,0.004338993349,0.004145389554,-0.001112337061,0.02946461464,-0.01758174839,0.03441051425,0.004678187772,0.03009793161,-0.006262170044,0.02894034212,0.005724249809,-0.01512434783,-0.01038552242,-0.01189175598,-0.009126964399,-0.01601694908,0.002351456281,-0.01478603979,0.003477124847,0.0418169176,0.03669824215,0.01421312731,0.0444973604,0.03414558703,0.02489335797,0.003824654758,-0.02495907465,-0.001964232276,-0.002957274073,0.03048155672,0.03104965795,0.01586985709,0.03686996843,-0.02144478051,-0.02249675882,-0.02491859796,0.00749749713,-0.01133450175,0.01176639431,0.004239872386,0.0006252052566,-0.01600518772,-0.01815647083,-0.007337645304,0.02828148694,0.02840528513,0.03398137234,0.02025965809,-0.01327359646,0.002283850887,-0.001462499192,0.01245506756,-0.02582083883,0.0007065769308,-0.03208081679,-0.03644957276,-0.03310048107,0.01213504497,0.0005908230211,-0.0002526979554,-0.003527736848,0.01080757957,-0.003576701253,0.00456934669,0.03306781811,0.01561504279,0.01986204664,0.02140238062,-0.02257923841,-0.03134009295,-0.0296453863,-0.008209130966,0.01866435345,0.0187037875,-0.01516200329,0.01691279089,-0.001362878971,0.03741638713,0.03665246374,0.02493933064,0.04709314498
2005-08-31,-0.006703216545,-0.01479017837,-0.01238492465,-0.02089371312,0.008418103848,0.01250437253,-0.0009074478111,-0.007231733002,-0.002497398052,-0.003330230169,-0.02464093901,-0.003328030282,-0.00397539863,-0.02566492936,-0.01992156235,-0.02589217435,-0.004260579112,0.006646217516,-0.006827092264,-0.02193523401,-0.006504649763,-0.01586873239,0.0008158117823,0.008768483204,0.003963971287,0.002805362548,0.0009777608124,0.008047996703,0.005569785234,0.006073823003,-0.02123255068,0.006432361723,-0.02532550613,-0.008545085422,-0.02059713031,-0.003013289383,-0.0253799532,-0.00672365116,0.002784090911,0.002045014433,-0.00588840512,0.01245922393,-0.001168541195,-0.01560581607,-0.002751763681,0.003795100692,0.0005173138432,-0.02138311288,-0.0100078811,-0.02413362464,-0.01592967329,-0.02322657127,0.007867181805,0.005761303169,0.005457869991,-0.002183990266,-0.0249604955,-0.02561873826,-0.01500046534,-0.02587344169,0.005198585663,-0.02013612906,0.00886909482,-0.01368637327,0.002123713876,-0.008791263993,0.005797488218,-0.001939023536,0.004895601665,-0.005884284311,-0.001382408934,-0.01825856556,-0.01854480784,-0.02206641871,-0.01689591253,0.0250590816,0.004264766572,0.01378167047,-0.009971721776,0.01714835024,-0.005160287085,-0.01531967892,0.02389448247,0.02211861247,-0.01087864989,0.001854908125,0.002379592356,0.00504560204,-0.01368637327,-0.005758620481,-0.004727239611,-0.02566730163,-0.01211031337,-0.01825462352,-0.002285314305,0.02112826949,0.01038046981,0.02342124674,0.006709249054,-0.0130336073,-0.01076476213,0.003110732112,-0.00883512205,0.001698091753,-0.02526023641,-0.02591756553,-0.0222055171,-0.02582519936
2005-09-30,0.007524542594,-0.01665910888,-0.0157650973,-0.03694667606,-0.01290114685,-0.01127309193,0.0006003993581,0.003872736898,-0.006419932945,-0.01798922934,-0.02733437809,0.007592053961,0.003576342041,-0.03721130271,-0.02545842415,-0.03552671864,-0.0233038559,0.02447121226,0.007232538496,-0.0392761099,0.01540875827,-0.01653003369,0.02053956797,0.02755283784,0.02577011023,0.0009899398511,0.0113634591,0.0005794532902,0.02328506356,0.01295243907,-0.0282288774,0.02798780507,-0.03418116044,-0.01866276783,-0.03114386958,-0.004200183134,-0.03667064855,-0.006989691598,0.01324060695,0.01678017447,-0.02340557532,0.0271025371,-0.0173936514,-0.03733755535,-0.0116483455,0.002005103216,-0.01368120494,-0.05789373725,0.004917089145,-0.05051028991,-0.02724544935,-0.03616992786,-0.006872257673,0.02692162476,0.00233874506,0.001901975881,-0.03477026646,-0.03435257017,-0.02085126232,-0.03392526087,0.0308774366,-0.03585863141,0.02110492048,-0.02140670753,0.0361745306,-0.008168899967,0.008572216326,-0.00025190128,0.04321943229,-0.001003134526,0.01168444685,-0.01221201963,-0.01384918293,-0.02119370883,-0.02034777464,0.05342966999,0.02570442473,0.02857116441,0.006720281971,0.05321899522,0.01669949223,-0.03323541189,0.06069822669,0.05906771173,-0.003055168296,0.0133931845,0.004024827403,0.008215545748,-0.02140670753,0.003447801838,0.01131456656,-0.04157317286,-0.02961632202,-0.03848168771,0.02140122675,0.04157788801,-0.02307807912,0.05519963833,0.007881958799,0.001902485909,-0.004451617927,0.007318635317,-0.008968670624,-0.01294853639,-0.03304283855,-0.03145668755,-0.02841676346,-0.05166384014
2005-10-31,-0.00060144893,0.02426503174,0.02426762618,0.02152401106,0.02879649311,0.02725034964,-0.01969028733,-0.02337715918,-0.01648155351,0.01430389056,0.01470393119,-0.02469812639,-0.006966745956,0.02614262368,0.0218304674,-0.02085365391,-0.02872400969,-0.04469785655,-0.01979800039,-0.0155489011,-0.01085141591,-0.003395812708,-0.01586896757,-0.01949940858,-0.01861230141,-0.001483355935,-0.01003732023,-0.02246959678,-0.004677614187,-0.001476186714,0.01908031852,-0.02362742471,0.02505515553,0.02640614533,0.02128891423,-0.01815382841,0.02151668886,0.001874892664,-0.01008522543,-0.01200674235,0.01308233067,-0.02158987105,0.01173020375,0.01437064636,-0.04198400276,-0.008105829071,0.02883315418,0.04116726359,-0.006061566405,0.03102550751,0.0003497048973,0.0170377325,-0.006234017282,0.007873249317,-0.008149348789,-0.008112576511,0.03192160944,0.03013452767,0.01596507681,0.02093471956,-0.003747266497,0.02733962664,0.04000273674,0.03214149451,-0.04319878328,-0.04390943446,-0.001356522999,-0.02301160144,-0.04348789889,-0.0007339971292,-0.008416457145,-0.0005306905714,-0.001978094722,0.004537314571,0.04268787551,-0.04581514941,-0.04612780294,-0.03087589061,-0.00635138581,-0.04446204405,-0.02733486951,0.007066160129,0.003028969563,-0.03902199766,0.01250777474,-0.001305320838,-0.002783361852,-0.003763925643,0.03214149451,-0.001056124129,-0.007746327168,0.03173609005,0.02859496628,0.03579082195,-0.03143383142,-0.03692375469,-0.04191390179,-0.04114786142,-0.007861861219,-0.008017643311,0.003586227908,-0.007437300512,-0.002999935012,-0.00582972291,0.01901448291,0.02059000839,0.03687352981,0.03215130804
2005-11-30,0.005009304433,-0.04502405444,-0.0404652018,-0.0556246552,-0.03079449749,-0.02706228271,0.01426556339,-0.04857878517,-0.000696950543,-0.04051793382,-0.02967390168,-0.04568843637,-0.01779393032,-0.03481180698,-0.02998813237,0.02126420277,-0.02898289196,-0.009717311132,0.01612036962,0.03369077669,-0.001452069863,0.005089472757,-0.0106505197,0.02042964664,0.03845879563,0.03203403761,0.02589904636,0.01429289667,0.04220422021,0.02027162937,-0.03617453566,-0.004013504352,-0.03518297736,-0.0274059701,-0.03876219054,0.01195296038,-0.03254475213,0.02173645683,0.03876417078,0.03663256867,0.0003889704513,-0.01742349091,0.001941281744,-0.02129288722,-0.02984136319,0.02756265086,0.01116962035,-0.06137237547,0.008368751592,-0.0407605367,-0.02460449535,-0.0535644187,-0.08223408644,0.001554082534,-0.009976261815,-0.02243990629,-0.0771865301,-0.06675710326,-0.08166152212,-0.03806633066,0.04572562671,0.04200255739,-0.01341343466,0.03206570614,0.05607172152,0.07292378789,0.01123815064,0.05108376919,0.05743395606,0.05159171195,0.0001964028061,-0.02225261992,-0.02289104756,-0.02682434464,-0.05152273185,0.04260815194,0.06138267715,0.04960228023,0.002862932335,0.05692439888,0.05518145858,0.04463371415,0.02271254901,0.05861500909,-0.04785300375,0.005094364752,-0.003799430159,-0.01413424587,0.004314744913,-0.004641954895,-0.04859535788,-0.07481579739,-0.04852403467,-0.05960698834,-0.04025453655,0.05062106791,0.03742714887,0.02304527383,0.04418592203,0.008093411522,0.01029358251,0.01076849644,-0.02468792216,-0.01514633312,-0.0373713042,-0.03699438931,-0.07444290425,-0.04332946312
2005-12-31,-0.005284344937,-0.007220337478,-0.007509642178,-0.006150653281,0.003462595139,0.00071049784,0.001442658679,-0.0155579539,0.002964343185,-0.007990062823,-0.004143736151,0.009822781832,0.006724150542,-0.003274215209,-0.0003082497225,0.01087421536,-0.004691594993,-0.002560027398,-0.0005466701768,0.007263422085,-0.001562951714,0.002742414826,0.002489678177,0.004077176749,0.001564386069,-0.007395778872,0.009628125388,0.009364652666,0.005028114932,-0.01103608469,-0.00429678825,-0.008320901756,-0.004868561187,-0.001150031011,-1.215858761e-05,0.00315667221,-0.004408243556,-0.005272801067,-0.001916831602,-0.003640037177,0.002857182044,0.005719885815,0.005933812536,0.003029772954,-0.007948009894,0.00150837628,0.003451498097,-0.006118227347,0.001317616067,-0.006931826999,-0.007945980874,-0.005980320807,-0.002265211655,0.004309646241,0.006077357855,-0.006720747716,-0.005844721105,-0.005936043254,-0.01004613551,-0.002965279906,0.01574721817,0.0003594099346,-0.00353566397,0.0055353757,0.001108545396,0.0008131247702,0.0005660171592,0.02438321825,0.00341814477,-0.001471859071,-0.002512580675,-0.001190520097,-0.002823022916,-0.002700663242,-0.009339998346,0.01152304975,0.007659930423,0.007414257994,0.001111214747,0.004972516451,0.01065203839,-0.001541229913,-0.003145067346,0.0002792969745,-0.006373948708,-0.0002599322493,0.001711439755,0.004864820805,0.0055353757,0.004052408459,-0.00174262701,-0.005534373923,-0.01139775051,-0.01330217114,0.00175709913,0.004424845466,0.004740751206,0.002567169751,0.004994598522,8.02688407e-05,-0.002133873692,-0.0009347166578,-0.006989083691,-0.006348400279,-0.003968819845,-0.003580868351,-0.008849347858,-0.007241846841
2006-01-31,-0.002323482653,0.05641502887,0.05150800488,0.09921855183,0.05445877849,0.04633513088,0.01486167718,-0.01342490573,-0.01148491338,0.0240986529,0.08040708148,0.07639217313,-0.003054615142,0.09612081966,0.08972554259,0.03144786274,0.0221030754,-0.05686114511,-0.02109339482,0.007053577773,0.02702332401,0.0556240041,0.02334620875,-0.01810743115,-0.05724517268,-0.006669162403,-0.007557890841,0.01020283644,-0.0388850742,-0.07617889106,0.07542626404,-0.07292764601,0.09507104531,0.02897318567,0.09939377399,0.02225793596,0.08906165842,-0.06333658471,-0.07580256148,-0.07086200705,-0.02241974605,0.0470408205,-0.003555224951,0.06088537205,-0.03415126143,0.03691329147,0.0629621525,0.1185802582,-0.01436683077,0.07585847435,0.09438261766,0.09929397328,0.04599699795,-0.04138518145,-0.002143902601,-0.01020769118,0.0891056552,0.08921932943,0.06257651046,0.1112469479,-0.04427869297,0.01930753836,-0.006837582367,0.08098579923,-0.08511913323,-0.07502398073,0.009184871339,-0.08395271737,-0.08369641958,-0.05022636638,-0.01400714736,0.08397036943,0.0799723694,0.0820090414,0.07714073983,-0.1137406649,-0.1018289472,-0.09365080686,-0.01436759947,-0.1167384304,-0.1112535255,-0.04403863451,-0.07726866134,-0.09213148196,0.02031615018,-0.02201196021,0.01375005669,-0.008698412747,0.08098579923,-0.0116026122,-0.02310055853,0.1029825904,0.06171739338,0.08972867613,-0.009330976929,-0.1196436848,-0.1142626124,-0.1139099874,-0.05094644959,-0.007733834301,0.01217173012,-0.01804032745,0.03704031982,0.004648997861,0.1081285618,0.110775368,0.08261893725,0.07633436147
2006-02-28,0.001608798063,-0.01322000992,-0.011981569,-0.02278610864,-0.02056510419,-0.01668687988,0.01834356851,-0.06627788767,-0.01555022548,-0.02666659414,-0.01702812281,-0.02193097301,0.00178427731,-0.02829183339,-0.03182673848,0.01952188233,0.04304538967,0.01352139636,-0.02323830613,0.02231907821,-0.04760277418,-0.03285395805,-0.02863019399,-0.03649138618,-0.03549331987,-0.003375909739,0.02354033514,0.006595062113,0.03937056274,0.0253104195,-0.03268984555,-0.03553085526,-0.0221239858,-0.0284268153,-0.02513423451,0.02080216603,-0.02316873666,0.02494296897,0.01505840206,0.01295171418,-0.002664704376,-0.004797855744,-0.002441944543,-0.01979971139,-0.02677756599,0.01777830754,0.03255220728,-0.0226860911,0.009127757792,0.005116739144,-0.01559493224,-0.02078216145,-0.01979945941,0.002587304523,0.0001397966357,0.003664024982,-0.02008522461,-0.01949241567,-0.01718194281,-0.02400696991,0.03117212911,0.03217366202,0.012885943,-0.01756240038,0.03505661257,0.03785980547,0.003088332887,0.005031613541,0.03838303049,0.03971785931,-0.01333858967,-0.01524199904,-0.0196109881,-0.02061762741,-0.02101861063,0.03310552239,0.03706529759,0.04057753536,0.008016865273,0.04320752503,0.04560664213,0.03053101191,0.03241263045,0.01835371627,-0.006668307466,0.006563235141,-0.006183461191,0.001876550581,-0.01756240038,-5.923049812e-05,-0.01215924307,-0.02498342192,-0.01537458269,-0.0210605179,-0.04657388616,0.03455162573,0.03296163145,0.03172172304,0.005012510126,0.008822076214,0.009455837148,0.01716982195,0.00967129227,0.01372183492,-0.02020491073,-0.0223610848,-0.02093587033,0.005162879347
2006-03-31,0.005495472198,0.01164971461,0.009239540006,0.0253447684,0.005757589759,0.002075136896,0.01150542334,-0.001350253722,-0.01651417897,0.004274144362,0.0247934627,-0.005694641375,0.00132482606,0.0216842199,0.02277711159,0.004921494225,-0.005664390394,-0.007999909458,0.008780756432,0.008811065351,0.0143605803,0.008759225388,0.009274002632,0.006900900545,0.005477432638,-0.004542923883,-0.002296474793,-0.003725086113,-0.003620068052,-0.01466827844,0.02394167564,-0.01534122184,0.02138487788,-0.0004617626471,0.0145008565,0.008633554913,0.01712555661,0.009034572365,-0.008035802714,-0.01264901229,-0.006273364419,0.002030850694,-0.0008192190848,0.008124650025,-0.01081150148,-0.004787875904,0.02129891841,0.03352868295,-0.008668140445,0.02725619066,0.03034250775,0.02628477084,0.009775335811,-0.01193106126,-0.002098053271,0.001309116775,0.0230933784,0.02408205994,0.01730148368,0.03531536787,0.008437544643,0.01200419492,0.007387609479,0.01488390314,-0.01169770803,-0.01150166194,0.008475012285,0.05294222208,-0.01516795241,0.02108687671,-0.0003599725113,0.03111096558,0.03089648485,0.03058416854,0.02080037962,-0.0248231417,-0.01635081249,-0.01155048353,-0.008735504547,-0.02486309548,-0.01739724408,0.00678501813,-0.005389985938,-0.005981096731,0.01153787769,-0.0002017569222,0.00141535276,-0.0007541626125,0.01488390314,0.000659961254,-0.003705235216,0.02898372618,0.01357609792,0.01724845661,-0.008352944064,-0.02829346941,-0.01414385029,-0.02929462261,-0.008045854385,-0.001575744026,0.007577134615,-0.008885650304,0.002022713198,-0.006952465174,0.03524090749,0.03341510803,0.01888460976,0.02742822291
2006-04-30,-0.0007093548124,0.008563307972,0.008823899324,0.02455330905,0.01905339561,0.0186026844,-0.001171829016,0.01185346865,0.001472802055,0.01289300001,0.02291924085,0.01271203301,-0.0004152546533,0.02603882499,0.02627889448,0.004925954248,-0.003263002241,-0.002339834721,0.005642181371,0.00434401476,0.01964553766,0.01708373114,0.01398540746,0.01014314731,0.003573273485,0.002003704979,-0.008906097596,-0.004980084866,-0.01155570475,-0.01554583512,0.02243855249,-0.001220922285,0.02471157495,0.008084659097,0.0244197452,-0.004190614636,0.02510044702,-0.001358301443,-0.01746196031,-0.02034868828,-0.008246197823,0.01454370728,-0.006210842781,0.01477983834,0.004993878335,0.001754558337,7.217281939e-05,0.03772639108,-0.01124405072,0.02414785881,0.03176373761,0.02293093381,0.002953077357,-0.00966798581,-0.00133446266,-0.002367354554,0.01917018153,0.0201531204,0.008006689471,0.03079404969,0.0217737564,0.01419538231,0.01495720691,0.006118389044,-0.02260803832,-0.02133147196,-0.01828801944,-0.02635378001,-0.004907578131,0.002057676373,0.005576270284,0.0269226783,0.02893162609,0.03014394422,0.01310661578,-0.02744635451,-0.02283417501,-0.02554443124,-0.01174128205,-0.01294420295,-0.006327038948,0.01409578032,0.003512592113,-0.007676613926,0.005925413984,-0.008138581225,-0.000452434657,-0.004497025142,0.006118389044,0.004925837763,0.004459322059,0.0240761387,0.005792980825,0.01138398723,0.007387119909,-0.02961128734,0.01023555884,-0.02656211264,-0.004029294817,-0.01059718003,0.01046863866,-0.01022730729,0.01498335818,0.01046375402,0.03034150775,0.03032734376,0.01548913891,0.02459345805
2006-05-31,0.006377809818,0.01366813322,0.01310803587,0.01815632973,0.006145535741,0.003479929252,-0.0009815563275,0.01405371946,-0.007476339914,0.005708267181,0.01360964268,-0.00685338542,-0.001128888622,0.01584432361,0.02039459992,-0.002278765861,-0.01415371144,-0.01089412439,0.00270861987,0.00248507967,0.004310993522,0.01590695843,0.003203440471,0.007644123398,0.006723168077,-0.001695262638,-0.005248906094,0.000867932446,-0.006941454629,-0.02218729622,0.02355682893,-0.003196397284,0.01755655051,0.005814015844,0.01527707475,-0.00119455971,0.01639349237,0.0004136588456,-0.002571880158,-0.008200302416,0.0008706333195,0.001251946919,0.0001514612257,0.01079142036,-0.006322885381,0.001300874193,0.001514959526,0.0207169983,-0.007172332619,0.02053832049,0.02166942312,0.01595683026,0.01085043192,-0.0036738037,-0.003730478972,0.0003305312649,0.01545950568,0.01588943303,0.01736910364,0.02130875383,0.01308466959,-0.003599116285,0.01223115453,0.009687381053,-0.01494458309,-0.01530923926,-0.01306163406,0.007712547343,-0.00393680681,-0.01128979321,0.0003533608763,0.01907605276,0.01846113646,0.01963493014,0.01407866556,-0.02028741805,-0.02057144511,-0.01954963911,-0.00713977683,-0.007815326809,-0.006888727839,-0.006281964844,-0.003170468492,-0.01370810253,0.005958240352,-0.0005642629145,0.003532598552,-0.004441015687,0.009687381053,-0.0002680778557,0.002677789068,0.02113505673,0.006820480366,0.007815874919,0.003593702666,-0.01786110749,-0.01484297582,-0.01686682617,-0.004203463849,-0.005375161226,0.01129987117,0.004755508172,0.006280319504,0.004107901921,0.02183519262,0.0203133236,0.01463395017,0.02089329722
2006-06-30,0.003509790275,0.006545217362,0.005772559765,0.004347666665,0.01080863285,0.007785095282,-0.00146687667,0.01628790198,-0.00203471511,0.01073689963,0.01197584013,0.001584750747,-0.001554586075,0.01616914526,0.02091230709,-0.002029018794,-0.01309502931,-0.01269137829,0.007059638389,0.001926794208,0.009422110119,0.02042604623,0.008306562955,0.01158224937,0.01521823752,-0.001266944841,-0.002892632109,0.0002246688684,-0.009246472012,-0.01351340407,0.0153039409,0.01193474986,0.01337234653,0.00784257688,0.01718897717,-0.006057379416,0.0143591287,-0.005291291181,-0.003911874862,-0.007771848232,-0.002996835363,0.006004422724,-0.0003661160221,0.009987250263,0.001249228417,-0.002984989973,-0.009944364027,0.01444802419,-0.01106638841,0.008889003117,0.009545402033,0.006268298599,-0.002992001173,0.009913279516,-0.002356955508,-0.0008436704518,0.001857809255,0.002022970379,0.0005308864123,0.01080103277,0.02111063356,0.02394661802,0.02445555455,0.006508605897,-0.02276821522,-0.02432577135,-0.02187050989,0.001299930021,-0.001120024531,-0.006665625051,-0.000607621048,0.004246157747,0.006279858265,0.007473451304,0.009951015841,-0.02199632881,-0.02257295021,-0.01887943914,-0.01062430087,0.01063268086,0.007424695137,0.01764990374,0.0191370314,0.00287246499,-0.003944536902,-0.003173289243,0.001648610308,-0.002647849155,0.006508605897,0.005012207565,0.005119619987,0.002034408737,0.007607019472,0.009351084072,0.01091603637,-0.012686552,-0.02097504894,-0.005373130685,-0.001965303131,-0.0107278698,-0.0005591853625,0.001901705439,0.004487043797,0.004361837983,0.01032855498,0.008277757046,0.005176702192,0.009039355667
2006-07-31,-0.001775873427,0.005910930265,0.006760826818,0.0003907528926,0.01595946146,0.01221543,-0.004265354806,0.008695077302,-0.004404012223,0.005932556319,0.01075486389,0.005568483437,0.001874626766,0.01698462588,0.01818006612,0.0007263182279,-0.01457448084,-0.01080971294,0.004189158725,0.002546477309,0.007302152047,0.01904171302,0.0123538405,0.01383603342,0.009874115695,0.009838721737,0.00463768947,0.006498040659,-0.01089036894,-0.01112229458,0.01676271108,0.0081662102,0.01513516273,0.009249816208,0.01580751618,-0.003071363127,0.01700479821,-0.01077218232,-0.003668842914,-0.008653302023,0.0006272182244,0.009888975939,0.003341644844,0.01508968101,0.002118065322,0.004956891464,-0.007264044864,0.01126770133,0.003571175602,0.009723767536,0.01408040959,0.001168278139,0.005115374785,0.01168037881,-0.004014664875,-0.0009094405104,0.005041255428,0.00487838309,0.004347282159,0.01712891165,0.007588911385,0.01970500279,0.01764947093,0.002581023329,-0.01552390291,-0.01534858623,-0.004997850383,-0.006716942509,-0.005039002835,-0.01470091837,0.0009176706709,0.01311402487,0.015183299,0.01526721174,0.004863543036,-0.01628452119,-0.01458901721,-0.01249262803,0.004173467982,0.0005984435213,-0.01640714797,0.01667522452,0.01249898673,0.005524826488,0.002416879946,0.003477293088,0.002729682284,-0.004066902807,0.002581023329,0.00278157091,0.008963901638,0.005770307249,0.00271014631,0.004363019755,0.0118836903,-0.008397533043,-0.01026164912,0.000367947135,-0.006265877887,0.004216265124,0.004475916492,0.005941152233,0.001546260391,0.001887303071,0.01720402308,0.01559590245,0.005897926915,0.009996508046
2006-08-31,-0.004608039852,0.003822737629,0.003697730841,0.006745381139,0.01456956795,0.01303455292,0.0009036706932,0.01094957007,-0.003236848645,0.002825906973,0.01572081528,-0.003171011789,0.00294289403,0.01637681399,0.02108296203,-0.005881166378,-0.01807759921,-0.01909413364,-0.007653488735,0.0009478396831,0.002486932811,0.01801298465,0.001910860026,0.00320611595,0.001342725803,0.0002689141334,-0.001010289914,0.003799075289,-0.01514323848,-0.01393690657,0.01847002538,0.01324303597,0.01682230967,0.009346470908,0.02023816738,-0.002870155021,0.01732919587,-0.007831225819,0.004325771899,-0.002618351696,0.002294488588,0.0004248569274,0.002153540099,0.01131345875,-0.00784074315,-0.005537265995,-0.007591592723,0.01838099567,0.006052447233,0.01879279527,0.02137382309,0.004369959085,0.001064827311,0.004351138705,-0.005607663976,0.00282903943,0.005991436589,0.005460635745,0.008060745854,0.01756706307,0.009386648079,0.01192591051,0.01467067248,0.01001925674,-0.01222104926,-0.009625524307,-0.006014508628,-0.01185542509,-0.01130273444,-0.03088041565,-0.0003660762801,0.01003059118,0.01372392563,0.01398656598,0.005859222768,-0.02022033572,-0.01987996317,-0.01718328049,0.006109139734,-0.007772823428,-0.02306427383,0.007657455716,0.006006031472,0.001249548029,0.005631533652,0.003161353663,0.0007393618321,-0.00437459841,0.01001925674,0.002115367657,0.007282129837,0.005795573826,0.008799847888,0.0101185187,0.01534199906,-0.01899552155,-0.01881914517,-0.01758764335,-0.01356201256,0.006772177586,0.004084961177,-0.0009644412928,0.003849583113,-0.0002069935657,0.01705713057,0.01591831216,0.008250092334,0.01800412071
2006-09-30,0.0005923409221,0.004573253787,0.004704823162,0.00113279539,0.0212851302,0.01905111095,-0.01663581543,0.01113168232,0.01073941082,0.0123974182,0.00577754845,0.002270138817,0.01045495271,0.01110218565,0.01217761715,-0.008768827823,-0.004483779305,-0.001594765143,0.009170362739,-0.01155152861,0.001230571314,0.001553025662,0.006139949893,0.004505976973,0.0007081022409,0.0001826144476,-0.001588823632,-7.727046611e-05,-0.004022710267,-0.002789633691,0.01069894781,0.01070644638,0.009081969741,0.01338871888,0.009586426121,-0.01251012402,0.009699935999,-0.0057732318,-0.00578704624,-0.003827424023,-0.0009384141835,0.00151656365,0.00321092662,0.009151887174,0.01213416338,-0.006241215872,-0.004931108782,0.0007868820695,0.01073365556,-0.001599058954,-0.003867684099,0.0007150646982,0.004928982269,0.003393526912,-0.001621509448,-0.0004648563408,0.002296635517,0.003136197552,0.0006004462798,0.0107121913,0.01932034377,0.01698357027,0.01450351438,0.008592770425,-0.004250070711,-0.006501644371,-0.006473701671,-0.005554804202,0.01272825457,0.005188821855,0.00237009847,0.008932615808,0.009665171759,0.0102211228,0.006187156081,-0.004287530952,-0.006357055852,-0.006318611481,0.01009424978,0.01635637651,0.009284724575,0.01341495931,0.01238909595,0.01453242772,0.005355229234,-5.849037685e-07,-0.0001854145554,-0.003168247489,0.008592770425,-0.000491729033,-0.0001642510091,0.00481754668,0.004697365115,0.004729980561,-0.0005179055268,-0.006801641969,-0.01008169269,-0.007467410871,-0.0002481432254,0.008088603389,0.001283498581,-0.002202257864,-0.00383184664,-0.007118166289,0.009354432215,0.008333724413,0.006349642641,-0.001774448112
2006-10-31,-0.003231186571,-2.820623825e-05,0.00125843806,0.004654575772,0.0117550323,0.01017057974,-0.01086341932,0.0224228608,-0.0002421907196,0.01270223965,0.02087403083,0.004529259744,0.002826639483,0.01725647388,0.01961519701,-0.009089838889,-0.01197648041,-0.01163741136,0.0053236664,-0.01093359101,0.01420861467,0.008870364264,0.01333218934,0.01184371103,0.007474069245,-7.252850919e-05,-0.005247997558,-0.001809202114,-0.007162018945,-0.00815566736,0.01930865786,0.0136040899,0.01927506964,0.01603064643,0.0154847014,-0.0154130964,0.01781460153,0.001373326828,-0.006344662212,-0.005759513977,-0.00360941049,0.001994158726,-0.0005897174813,0.009508812827,0.01184171705,-0.002945505638,-0.008262971388,0.01260963239,-0.002446874017,0.01309458098,0.01150780913,0.006208085691,-0.003033902613,0.008494082005,-9.057382362e-05,0.001441860128,0.007480407147,0.00799233595,0.001618238129,0.01923251863,0.02042105991,0.00156016338,0.01413387892,0.005813383026,0.004443271953,-0.01150869273,-0.006476345194,0.0005956216172,0.03499899511,-0.002434291843,0.0008226319156,0.01723558412,0.01766766721,0.01815891488,-0.0003507161671,-0.005040958197,-0.01236459773,-0.01277519528,-0.003032974412,0.01743002192,0.01069961359,0.006325053735,0.01552589739,0.01902109832,0.004236072712,-0.001872254484,0.0005634630412,3.930912661e-05,0.005813383026,0.001288023898,0.003405277284,0.009637027292,0.002253381062,0.003269222376,0.01392459719,-0.002922855909,0.01099956475,-0.005279162426,0.000856695336,-0.0007168048444,0.006663680885,-0.003053444624,-0.001264149413,-0.006844894812,0.01935231098,0.01786160411,0.004003025756,0.01304130229
2006-11-30,-0.001234553551,0.003687916815,0.0008198979566,0.008599885041,0.01951157848,0.01455500973,-0.0001704658954,0.003102480016,-0.002681418003,0.003004867696,0.009321792391,0.002263439065,0.005439491618,0.01935897965,0.0147341609,-0.004939311837,-0.009410397718,-0.007844358658,-0.004130157506,0.003463323332,-0.003169105889,0.007785119483,-0.0002221336422,-0.005074446414,-0.00832361846,0.00298019611,-0.008804728649,-0.001288809927,-0.01146729354,-0.005927347695,0.01663745875,0.00639612108,0.01766078728,0.01127598303,0.01591100991,0.005768945722,0.01858481985,-0.003086487254,-0.0009946346575,-0.006729062842,0.01126911671,-0.002662361684,0.01069226013,0.0223732268,-0.001165852843,-0.002230405891,-0.003700071447,0.01229241315,0.00507501132,0.01453850744,0.01288587107,0.008110963073,-0.000561787689,0.001106541135,-0.0007640193408,-0.001237953607,0.01046142932,0.009763818251,0.00508535791,0.01696744044,0.01377094338,0.004428010218,0.01336232581,0.004028391794,0.0002877463682,-0.002202092077,0.008061461327,0.007267847692,0.01433493254,0.004854865375,-0.0003220496916,0.01651327417,0.01637304365,0.01640610372,-0.001837755727,-0.006088504005,-0.01205351223,-0.001488947616,0.004965570364,0.007168368791,-0.002011760753,0.009787522401,0.01268849071,0.01106296719,0.000239550785,-0.000301315261,0.001818448201,-0.0009675290052,0.004255111833,-0.003333879884,0.0004853883781,0.01234729409,0.005144332679,0.005188036097,0.0005233216662,-0.0008547563239,0.01141191253,-0.002528892975,0.0001294548022,0.005091913967,0.006688731786,-0.003619897615,-0.001953846022,-0.004645858595,0.01601111348,0.01589602762,0.001679226298,0.01396080131
2006-12-31,-0.0003842542263,0.005901806594,0.00640459435,0.01618554958,0.002782346622,0.004427159004,-0.009854789162,0.01126266754,0.0003605922517,0.007513464472,0.02194752907,0.004435988614,-0.001747606668,0.01386575478,0.01705640393,-0.007101075744,-0.007119356007,-0.008526826018,0.008038679378,-0.004029646204,0.01404890354,0.007898467357,0.01078638145,0.009648981637,0.009888591015,-0.006913360946,0.0004093281202,0.001947727394,-0.0009350969574,-0.009675556934,0.01615889731,0.00527569759,0.02029407182,0.00791302362,0.01640649541,-0.01892614926,0.01430829183,-0.0008181806147,-0.003096611151,-0.004534035298,-0.01747962038,0.0004250372603,-0.01519876676,-0.004979613472,0.004899277549,-0.005369093163,0.003234866638,0.02197091446,0.001793890751,0.02896977186,0.0238480676,0.01551149288,-0.003597297326,-0.005505583513,-0.002248361242,0.003179003777,0.01708290645,0.01744161816,0.004027601662,0.03016517725,0.01193080841,0.004108989076,0.0009026637079,0.007003937316,-0.007313394099,-0.008245220105,-0.00416756474,0.01219802888,0.01153525891,0.01211929309,-0.004145061306,0.02814376794,0.02841542481,0.0297562505,0.009674939069,-0.01494251688,-0.01345892339,-0.01434590362,0.001492329679,0.008542204162,0.01497328296,0.004854908653,0.00134743787,0.00722917083,0.008734399857,0.0004731827197,0.000760040063,-0.001435271039,0.007003937316,-0.001792268766,-0.002193861631,0.0180103227,0.00686119219,0.008289807963,0.0001136191341,-0.005212832666,0.004539485711,-0.007574595862,-0.008228872374,0.003916080535,0.01172158891,-0.008488764519,0.007957219111,-0.001731429481,0.02792054086,0.02909055979,0.01055131537,0.02852346774
2007-01-31,0.00434606785,0.007715405662,0.006974090477,0.01300391381,0.002485957538,0.001466760423,0.01005131622,0.002430957223,-0.01052502956,-0.003088026776,0.01579826302,-0.0004614685628,-0.009610229665,0.007709151793,0.01200772788,-0.0004773748039,-0.006400276863,-0.01369794366,-0.008345463554,0.002576851679,-0.003065778292,0.005382441816,0.0005726328279,-0.004855719383,-0.002791468897,-0.003173855406,0.0048174272,0.003620004897,-0.003064124708,-0.01287865557,0.01065250537,0.004946592623,0.01212591346,-0.001112404597,0.009674390352,0.001210542309,0.007602627559,0.005710357274,-0.0003370095758,-0.001107929809,-0.007287815154,-0.004448759049,-0.007239066014,0.0004259151699,-0.008760119783,1.930060239e-06,0.00116723945,0.02600890667,-0.001941240397,0.02856531622,0.02637793798,0.01393457237,0.0003712541276,-0.000389886019,-0.001400697069,0.0004786257585,0.01193699098,0.01252260511,0.005917651819,0.01927301603,0.008387017712,0.0006464590783,0.002294402816,0.008710952026,-0.004086735054,-0.006691916413,0.001686544971,0.003630556807,0.01262841763,0.002909627397,-0.003576207074,0.01915064668,0.01891471639,0.01868106833,0.01036384372,-0.01084428227,-0.008306554039,-0.009305841566,-0.001930069064,0.005963347887,0.009525190628,0.003107591396,0.002306104428,0.004143052603,0.003979267437,-0.001824389507,-0.0003473497496,-0.002543886179,0.008710952026,0.002902249323,0.005089496851,0.01405618236,0.007344710341,0.009949884828,0.008103296286,0.001428651158,0.007829604181,0.006438785065,-0.005266193846,-0.001412107582,0.01210830231,-0.0002640201214,0.009894836226,0.00643156988,0.01957520434,0.02054321784,0.009743892853,0.02922589158
2007-02-28,-0.002962713684,-0.007748485191,-0.00633071361,-0.006430785232,-0.004097204531,-0.004207701158,0.007656467439,-0.01924703026,3.509652245e-05,-0.0134572762,-0.01706493284,-0.009352934773,-0.006636665106,-0.01118778021,-0.01597606876,0.004634533155,0.01067832263,0.01039167279,-0.008376291003,0.002725254358,-0.008822655443,-0.006845834237,-0.007900227194,-0.01007768645,-0.01063043261,0.001183259763,0.00383748994,-0.001179210616,0.006966723096,0.006521489488,-0.01364996076,-0.01585045696,-0.01082541084,-0.006013899887,-0.0108278074,0.01270315924,-0.008828006451,0.003917551143,0.002533553743,0.002648322136,0.01399514325,-0.003686254458,0.01245251173,0.005480676331,-0.004730257557,-0.0009034440017,0.006429212095,-0.008269847725,0.007410030348,-0.001345463445,-0.002936871144,-0.004150857931,0.006212529455,-0.002485116921,0.003102199502,0.001180312183,-0.004113104662,-0.004497668279,-0.002756808223,-0.01446885201,-0.01115243188,-0.0007908670814,0.003760724101,-0.004026205554,0.002128772088,0.003207151252,0.001905013529,-0.00584809553,-0.006633239091,-0.004911706655,-0.001911691373,-0.01434771358,-0.01417810084,-0.01488092039,-0.01341367496,-0.0004827351147,0.00668813676,0.01064739002,0.00732089336,-0.01653525348,-0.01221058663,-0.008994551533,-0.007240240685,-0.01045800518,-0.00614076499,-0.0001547747513,0.00309478958,0.003132896519,-0.004026205554,-0.004292930407,-0.003039534141,-0.003870057043,-0.008739376438,-0.00998983522,-0.001380846705,-0.008763121321,-0.01229489174,-0.01110110656,0.007671872341,0.007824408729,0.0001098932562,0.005585618989,-0.002351567773,-0.001378609216,-0.01526746482,-0.0125015806,-0.008720448743,-0.001492790717
2007-03-31,0.002402605948,0.001563924777,-0.0001818386998,-0.003056981335,-0.006251653283,-0.006030266454,0.0008066126659,-0.006991678692,0.003748113188,-0.007148871385,-0.0054386325,0.001015359055,-0.001781996652,-0.01254003462,-0.006691958129,0.009612093616,0.0118820881,0.01196991518,-0.002960944458,0.01096265983,-0.005589293308,-0.007112929382,-0.01117766884,-0.003667065193,-0.004683790779,0.002489063416,0.00409860157,-0.000397794562,0.00365258936,0.004069908406,-0.00806468016,-0.007485570755,-0.01194972372,-0.008720512354,-0.01332407645,-0.001496706289,-0.01381165231,0.00424378812,0.003736566749,0.003401795257,-0.009561603771,-0.003661292391,-0.0100885509,-0.01418413149,0.001543626112,0.002882385006,0.01086021031,-0.004112773618,-0.007968840868,-0.005069581184,-0.006625670025,-0.001641978233,-0.001322911396,-0.003194859849,-0.002830261743,0.0001410523523,-0.001921422743,-0.0020185723,-0.003229580283,-0.008950054142,-0.01004832376,0.0008166903821,-0.002203461303,0.001695973873,0.009144111382,0.006374610428,0.006297971653,-0.0006773531299,-0.007296257204,-0.005252311543,0.001707090871,-0.006540962125,-0.008482899233,-0.009609773795,0.003896448989,0.005267305511,0.01143850958,0.01243844869,-0.008629490284,-0.007516122094,-0.004626939295,-0.0005541945844,-0.007399601271,-0.009158189207,0.004632000497,0.009520585598,-0.0009755284175,-0.001990497271,0.001695973873,0.005110222706,0.001457939569,-0.004277281463,0.002693322315,0.002313116083,-0.0004125161956,-0.002376564082,-0.009129888604,-0.009479691451,-0.005151405873,-0.009984971914,-0.002104233034,0.002635170243,0.002558215624,0.00492862471,-0.007694832017,-0.008944596981,0.0003022509041,-0.004503922316
2007-04-30,-0.001328733164,0.0006374295577,0.0006744032314,0.00495273605,-0.000213355289,-0.003975984357,-0.004228683223,0.004519136322,-0.0007447995318,-0.007102350672,0.0100718104,-0.004484115384,-0.006064987265,0.007432585644,0.007685014793,0.0002281891025,-0.004050267069,-0.00014776259,-0.003152114574,0.00758051607,0.002432408108,0.006011714304,0.004638792595,0.004266693188,0.006676958942,-0.001180472438,-0.001150496504,-0.002298320887,0.004988945683,-0.004693618504,0.003576479495,-0.001903109486,0.007118276379,0.004611307574,0.006892359915,-0.004663762228,0.00800999203,0.00452393695,0.001373490104,-0.001618198251,-0.003748670233,-0.004503405365,-0.004482548316,0.001555672198,-0.0003064984407,-0.006809555672,0.006517711601,0.003916237288,-0.003364636127,0.01335148845,0.01270960893,0.004370885851,0.0003871326886,0.004685160164,0.001698633594,-0.00358425369,0.005027654544,0.003928143221,0.003921881953,0.008922608181,0.001152932279,0.002180987678,0.003519292298,-0.002071802749,-0.003566134893,0.003074453723,0.009089186536,0.00296827362,-0.00742585386,0.004256721073,-0.000802632808,0.01035039814,0.01015329923,0.00930496975,-0.003367651273,0.0002414122454,-0.00040345162,-0.003384000638,-0.002948027707,5.414884701e-05,0.002234942367,0.003669182222,0.004830557144,-0.0002233925474,0.0007478874674,-0.004737541694,-0.0002920116598,0.001915798112,-0.002071802749,-0.002176974099,-0.001486467302,0.005566919927,-0.001283680495,0.0005611978446,-0.001584988214,-0.001759760856,-0.001886958822,0.002181237511,0.002844893973,-0.002873719343,0.0003510908491,-0.00790900893,0.002215202334,-0.0001188920742,0.008501773468,0.008861374773,0.002799427271,0.01280219179
2007-05-31,0.002603894992,0.003924872827,0.004071565228,0.01183780831,0.0009815463475,0.002176150371,-0.005442966828,0.01682948607,-0.004128712864,-5.903764289e-05,0.02031805654,0.004077944969,0.0008954211487,0.01400735069,0.01859172905,-0.009832417506,-0.0116735773,-0.00777925718,0.006619704703,0.002080372224,0.01257824442,0.009317196198,-4.451979823e-05,0.01012202854,0.01238482235,-0.006292650248,0.002399764768,0.001261263977,0.003523477787,-0.00796188723,0.01606950954,0.008445849127,0.01726090392,0.003033229885,0.0154531428,-0.01048009914,0.01450901369,0.008495868341,0.006260244543,0.002915627569,-0.02213799432,0.0004738634764,-0.02127554329,-0.009530157568,-0.001968718382,-0.003298070452,-0.0002432264403,0.01549302884,-0.000922869233,0.02280996823,0.02429974978,0.0108662417,-0.002174561056,0.005341377012,-0.00267234896,0.002530993128,0.01521242783,0.01634218397,0.007158423411,0.02279089699,0.0005299800326,-0.002489460437,-0.00141908947,0.007557477623,0.001551265096,-0.003672491126,0.0007073348979,0.002024572766,-0.003815545269,-0.003978131605,-0.0002610191485,0.02212917682,0.02300629684,0.02274583235,0.009060383576,-0.001586488975,-0.01115643142,-0.01216158334,-0.001542244993,0.0007384175854,0.00182903312,-0.004361925858,0.002362661348,0.0009790934516,0.007686514996,0.005125043337,-0.0001490638761,-0.002391374398,0.007557477623,0.003604173521,0.007483375353,0.01507559697,0.001605087321,0.002170872461,0.009528185344,0.001622098117,-0.01285567551,0.003164209032,-0.00741816154,0.001456427231,0.01103567845,-0.003465808665,0.001010783892,-0.003022222386,0.02346497977,0.02188805224,0.009998742022,0.02266949113
2007-06-30,0.004445618381,0.0007136467739,0.001161836702,0.001796118917,-0.00270778374,-0.0004150792279,0.005770284777,-0.001217678157,-0.0002358759007,-0.009251854019,-0.005611905527,0.00615539664,-0.006645208664,-0.009548648987,-0.005041814942,0.00730197052,0.001024632793,-0.001599782827,-0.006646787591,0.008741391059,0.003773108719,-0.001411881167,-0.008712454936,-0.003076178539,-0.002332127038,-0.0002921371682,0.002541776719,0.002754809842,-0.002850745548,-0.005143978396,-0.008625142128,0.002527477797,-0.01150114733,-0.00781828029,-0.00798399407,0.003059411382,-0.01193715749,-0.002891437941,0.00447745075,0.00513447562,-0.002270083229,-0.003091724392,-0.002529496135,-0.01170436322,-0.003591310294,-0.001484073879,-0.001640105106,-0.007588714821,-0.009994142075,-0.01091619871,-0.009529081248,0.0003611914765,-0.003293940105,-0.002479187691,0.000521709512,0.001312095171,-0.005554061517,-0.005331354121,-0.001927754935,-0.01130422592,-0.001900768911,0.002049287336,0.004840626205,-5.124935609e-05,-0.006714946455,7.779653066e-06,-0.004227647063,-0.002689999753,-0.004466619107,0.0011667558,0.006985798679,-0.01147926225,-0.01151907899,-0.011323813,0.0007061412254,-0.01112524065,-0.003902509803,-0.001362083778,-0.009708995645,-0.008382784793,-0.003349625772,0.004114124882,-0.0003222775167,-0.008537420443,-0.002106920115,0.002310963517,0.00277659858,0.0006134141268,-5.124935609e-05,-0.004738493414,0.001491957982,-0.005591683503,-0.003044049652,-0.001986882842,-0.002205952391,-0.005920942272,0.00238865931,-0.001621397357,0.001944085406,-0.009672474894,-0.002098651543,0.01255305279,-9.903699645e-05,0.004395295423,-0.01148411573,-0.01024958676,-0.005430193687,-0.01120827549
2007-07-31,7.419152886e-05,-0.006393142531,-0.004053363099,-0.0315299501,-0.01505122584,-0.02097277802,0.02142290081,-0.04058277966,-0.0007651230753,-0.03207672523,-0.04820006106,-0.01025718383,-0.00916682685,-0.05301502996,-0.04837181325,0.0294334757,0.02213206598,0.02155083437,-0.02380470576,0.02466959843,-0.02299862575,-0.02659585544,-0.02254186266,-0.01903119489,-0.02329738636,-0.003090320532,0.02482730196,0.01527163855,0.006108864841,0.01738953053,-0.04477137758,-0.02759989819,-0.06184767941,-0.0352638629,-0.05070944233,0.03418963644,-0.05636790124,-0.009872414207,0.01357891,0.01719002608,0.01965428414,-0.006118880352,0.02066034975,-0.01228300441,-0.01009506852,0.009196620627,0.02434396759,-0.04281671814,-0.02373467028,-0.0639367966,-0.0558600588,-0.02720980911,0.004923583854,0.002311773564,0.002028076996,0.008283306268,-0.0408164745,-0.0396367411,-0.0183179964,-0.06529000296,-0.01030298622,-0.01036007549,-0.005033114716,-0.01273822515,-0.02385202172,-0.009381385796,-0.008395620451,-0.02970734785,-0.01780314859,-0.01183924696,0.009103645552,-0.06248606824,-0.06451894679,-0.06540820538,-0.01031828679,-0.02020561744,0.0148672342,0.02543356722,-0.02306639668,-0.02745737652,-0.01798900239,-0.02027300614,-0.009398071495,-0.03238472062,-0.02062603283,0.0007414177441,-3.164651978e-05,0.001579213986,-0.0155657723,0.02688165018,0.02123611402,-0.04204971036,-0.01291224519,-0.01406544815,0.02820572701,-0.04144623609,-0.04431555629,-0.005466439703,0.002603380684,-0.02739548363,-0.02904598816,0.01918763948,-0.01588423361,0.002510740458,-0.06596673132,-0.06277714963,-0.02757717078,-0.06628513251
2007-08-31,-0.00503424074,-0.01963828172,-0.01712415141,-0.01133268717,-0.01399454616,-0.01623105408,0.01216622498,-0.01042593117,0.00207839968,-0.01715350542,-0.01944026134,0.005818569428,-0.0004203915998,-0.01778147321,-0.02676494992,-0.007072550033,0.01203516303,0.02554902906,-0.01299119814,-0.01127094453,-0.01425838277,-0.01851986955,-0.02498090064,-0.006462354017,-0.008139474292,0.004558937105,0.008215347155,0.0009567480655,0.02440391478,0.02549604568,-0.02129193109,-0.02582187135,-0.01822491321,-0.01268387825,-0.01816722625,0.01194325083,-0.01688175055,0.004360092394,0.009651345353,0.01229306471,0.006818056444,0.003461606335,0.00533978973,0.004296224076,-0.01188949469,0.006996501668,0.01219746096,-0.02529794584,-0.001106518053,-0.01801316473,-0.01549792047,-0.0110459278,0.002647664216,0.002576113101,-0.0001538295437,-0.01071263935,-0.02296156975,-0.02406977654,-0.01115226229,-0.02552173223,-0.00989336547,-0.005178546038,0.01708107963,-0.01633459642,-0.02741236972,-0.006244604556,-4.455521341e-05,-0.003321517959,-0.0062884956,0.003106764485,-0.003159365258,-0.0268423764,-0.03110714473,-0.03085531215,-0.02249204216,-0.02196378451,-0.00444356911,0.00521589451,-0.002760834323,-0.01433927269,-0.0256827167,-0.003744792052,0.006621577824,-0.001451353143,-0.01673476491,-0.002375602068,0.00508098347,0.005526940553,-0.01633459642,-0.004689543295,-0.002394036072,-0.02264593087,-0.02177561742,-0.02220896928,0.01021654656,-0.00845523407,0.01046315237,0.007294408668,0.01126533703,0.0006280696624,-0.006393925976,-0.007866377611,-0.009833954014,-0.008788748405,-0.02669952525,-0.02407832548,-0.02578182204,-0.01947681973
2007-09-30,0.0001215473998,0.01005930552,0.003687019891,0.01573162257,0.01685065727,0.01483672311,-0.01110118068,0.03534937661,0.02670906666,0.03513065832,0.04404724081,0.01140582901,0.03310941653,0.03875230125,0.04793194957,-0.02159043103,-0.0291986048,-0.02493878985,0.01373939633,-0.01630852196,0.003818385117,0.01899961117,0.01468174609,0.01317638365,0.01407219455,-0.01115657934,-0.01816312403,-0.007810846952,-0.01918416941,-0.04033109755,0.04776047944,0.03189755609,0.04461382201,0.02777021588,0.04752352001,-0.0252684265,0.04176542861,-0.01138534372,-0.01594691568,-0.02477090087,-0.009326439939,-0.005462897303,-0.01510445693,0.0102955396,0.01590104227,-0.0193712828,-0.02436324164,0.02670031817,0.004993379967,0.01841942477,0.02130675326,0.00723229842,0.0143488133,0.0002664224963,-0.0003197678194,-0.005500290349,0.02854810215,0.02637134789,0.02023776538,0.04380204054,0.02396213769,0.02258333431,0.02739105481,0.006534313359,0.03455862396,0.007058186626,0.007301452375,-0.02587076226,0.003132989207,-0.02421789665,-0.003175447011,0.04030205091,0.04369047043,0.04353791062,0.01215150612,0.03808652091,0.003921245774,-0.005831846707,0.003397697396,-0.008515354816,0.03181362159,-0.02744278337,-0.02436135534,-0.02038292784,0.01552058026,-0.006130109547,0.003097028747,-0.0003474752706,0.006534313359,-0.005735057534,-0.01205166574,0.02474797001,0.01982637091,0.02099681436,-0.01204395014,-0.0358321992,-0.04496681726,-0.04563296355,-0.003111520615,0.008506684831,0.009387391062,-0.001917319108,0.005606399478,-0.001201415989,0.04170281225,0.04428744821,0.03128004014,0.02064934087
2007-10-31,-0.002939740753,-0.0001533817909,-0.001231583191,-0.01333237745,-0.006644986205,-0.007745402293,0.00740545724,-0.01200020943,-0.01980627231,-0.01656481552,-0.02422746954,-0.002132688511,-0.01461695119,-0.02284495911,-0.02855987648,0.005291756197,0.002031508879,0.009377960909,-0.02858663422,0.006409854175,0.00823772981,0.01614663845,-0.006769338809,0.02656691197,0.02532326609,0.01122427473,-0.001178944708,-0.01368281569,0.01341852068,0.02056060806,-0.02235938919,-0.01405449915,-0.02395735135,-0.01654918935,-0.02463346036,0.01004324385,-0.0216828808,0.004802772719,0.007143458281,0.005604226764,0.01107259315,0.007772013331,0.0109787122,-0.004015122928,-0.01268476658,0.002146898019,0.009395869118,-0.02140473634,0.00722292102,-0.01075259849,-0.003473397865,-0.0154948823,0.005569375797,0.0019852877,-0.001802245676,0.002065489577,-0.009828345652,-0.007552274923,-0.00686130577,-0.01700826247,0.008428653331,0.0006461715554,-0.00326104728,0.001067463466,-0.02047937565,-0.01974281035,-0.003166034314,0.02505122848,0.0203357555,0.02877220669,-0.001424158976,-0.01586871658,-0.01541564602,-0.01695426459,-0.008725426726,-0.0141442963,-0.01170150827,-0.0006864951128,0.007259446845,0.01479885428,-0.005739977742,0.02249754673,0.01905668959,0.01876297704,0.001300881029,0.00989852007,-0.001288261486,-0.005553981721,0.001067463466,-0.0074053781,-0.006291370794,-0.01218709902,-0.001900329072,-0.0101004176,-0.01756178,0.01207693483,0.02212243007,0.01763824246,-0.002565092005,0.008546021748,-0.002740274634,-0.003153311686,-6.190604593e-05,0.001799851519,-0.01500332795,-0.0166080202,-0.007957356507,-0.009098085094
2007-11-30,0.0006616023837,-0.02837775869,-0.02315090382,-0.05652102645,-0.03694174074,-0.02951453056,0.02891483225,-0.06497673141,-0.04710273775,-0.06317417813,-0.09616746322,-0.002962960621,-0.03753692506,-0.09830584405,-0.09659973908,0.03986067845,0.05173355558,0.05374083059,0.002650394583,0.03531291434,-0.0121125117,-0.01321562948,-0.01170109765,0.03193925782,0.02806401686,0.01259494563,0.02980210457,0.01257283719,0.033051751,0.05569327997,-0.105002106,-0.06346832937,-0.1030731148,-0.0595400604,-0.0978160607,0.03470884069,-0.09719030446,0.01121204435,0.004827907699,0.02758522828,0.02396997655,0.006535399752,0.02680657226,-0.01779800369,-0.01062154878,0.02555226528,0.05245696091,-0.09002334825,-0.02712073736,-0.07975101973,-0.07268323776,-0.04653321424,-0.005762930134,0.01426813729,0.0068431048,0.01006370986,-0.08584904171,-0.08635316425,-0.0474975516,-0.1086278753,-0.01484933634,0.00549944808,-0.02180604422,-0.03468526872,0.01207125209,-0.06036033024,-0.0005524452397,-0.0307464925,0.0469710642,0.026491059,0.008390064699,-0.09907297381,-0.1031065992,-0.1043758193,-0.03595091609,-0.0195057854,-0.03496315068,0.005966401772,-0.02271634528,0.03816086313,-0.02276519389,0.01891938896,0.05603626034,0.05599904108,-0.04904070424,0.0019469096,0.00838427226,0.000496967222,-0.03468526872,0.03351890554,0.04180231937,-0.08226487327,-0.0381205694,-0.0452098068,0.05637729632,0.04974466276,-0.02726384905,0.07131388893,0.01708974835,-0.03367339461,-0.042133588,0.0004560450418,-0.03435969028,-0.01017344279,-0.109400003,-0.1025605665,-0.05670572829,-0.09353550898
2007-12-31,-0.002602065506,-0.02351223731,-0.02173658357,-0.01476890074,-0.001392578429,0.004557408357,0.01260019449,-0.01929553826,-0.01586054997,-0.02927434852,-0.02084046044,-0.0006247215419,-0.02252217586,-0.02176855979,-0.02145309797,0.01314094279,0.01346148708,0.00479234426,-0.02310297165,0.0103719136,0.009338639049,0.01098211836,-0.01596517116,0.01882005432,0.01096311453,0.0105719969,0.003152151111,-0.008722096681,0.02151715268,0.03225459427,-0.02452102974,-0.00601032853,-0.02151059729,-0.02102100587,-0.02381880546,0.01074740662,-0.020905083,0.006033934079,-0.002809559904,0.003270870733,0.003773492323,0.01591446167,0.00438257961,-0.005259493037,-0.02201914536,0.002608737132,0.01506218067,-0.02430204123,-0.01303560354,-0.01155778848,-0.01420462774,-0.009863751255,-0.01250187436,-0.009310517363,0.005094132399,-0.001500449915,-0.0245804693,-0.0235833538,-0.02033143222,-0.02300259492,0.01556857929,-0.007263734828,0.007950856579,0.001361042891,-0.01484895728,-0.02310570715,-0.00389514071,0.02129391759,0.01641820528,0.0170772139,-0.0008334092071,-0.02777888202,-0.03031860222,-0.02914454614,-0.02559256945,-0.02060483355,-0.0275704577,-0.002971119661,-0.01407028445,0.01125059961,-0.0005039901803,-0.01259962698,0.01566355735,0.01590425792,-0.0204590462,-0.007120846841,-0.006759063906,0.009366957451,0.001361042891,-0.003141627668,0.005339164475,-0.02295395958,-0.02244110291,-0.02794907089,0.02533951985,0.005552222547,-0.01676740339,0.009765001353,0.01211341541,-0.01154080654,-0.005189914627,2.163380804e-05,-0.00659705385,-0.001775837434,-0.02678508187,-0.02360001917,-0.03450118161,-0.0194802796
2008-01-31,0.001323423585,0.03188692475,0.02450511663,0.008385680193,0.01277322392,0.007646213047,0.01937294677,0.01050125741,0.03368539962,-0.0105031315,-0.003302257843,-0.00453850754,-0.01444054095,0.003715521144,0.006545482087,-0.01889970483,-0.0293078194,-0.03467094569,0.005132764996,-0.009813785068,0.007934041501,-0.006488169617,0.02797318813,0.00290605225,-0.003223188965,0.004961789879,-0.02588407152,-0.01374218568,-0.03391711223,-0.0417306087,0.009344819356,0.02627269044,0.0002398787863,-0.01792898067,0.009096369196,0.02016007036,0.005768501095,-0.03413032932,-0.02059859439,-0.02713416544,0.007569584128,0.0002152166157,-0.002286249346,0.004108602213,-0.02339713506,-0.00408608585,-0.01614560198,0.01451530836,-0.03165488031,-0.002943346379,-0.02898358184,0.009270629508,-0.005224710501,-0.03394526954,0.001536305301,0.004002678375,0.008146975893,0.00759505671,0.005404990792,-0.00466655547,-0.00240522091,-0.01282496762,-6.860607477e-06,0.01549577211,0.002022208258,-0.04367715526,-0.02054014349,-0.03390822272,-0.0289449509,-0.03709231903,-0.009385261881,-0.007645881112,-0.008211219058,-0.006614901555,0.04801016405,0.01475312477,0.003931469161,-0.005915412066,-0.02805248344,-0.007083332733,-0.01538734548,-0.01702032405,-0.007003469266,-0.001285042441,0.004027377116,0.004733708651,0.01099181907,-0.001161460085,0.01549577211,-0.000996796556,-0.001000203692,0.009731075583,0.01495505657,0.02579663026,-0.017000561,-0.003767788364,0.003218667213,0.002401185813,-0.04177741049,-0.02240482536,-0.005356277685,0.01371638635,-0.005342777645,0.01389512452,0.000188183576,-0.001505195198,0.03229800478,-0.006569939946
2008-02-29,-0.001983809978,-0.004763565789,-0.004057311557,-0.01096100872,-0.02351573905,-0.01500195536,0.01041943946,-0.01204937402,-0.01698491613,-0.02550527289,-0.02686355445,0.003687098498,0.0004808985287,-0.02820239471,-0.02807262604,0.001981153881,0.006298328121,0.01246793318,-0.01238417083,0.004194475621,0.01056694145,0.003418033216,-0.002902902412,0.01536588812,0.01085210393,-3.549118559e-05,-0.02698473432,-0.01953418009,-0.02877089868,0.01414936658,-0.03420845998,-0.009769640966,-0.02462775241,-0.02178521377,-0.03469791282,-0.005606970345,-0.02615738154,0.016564875,-0.007200303168,0.01060132105,-0.00294349778,-0.009514625676,-0.02195628013,-0.01792251915,-0.01324980747,-0.00947227625,0.006264562681,-0.02472685926,-0.02007281591,-0.01957897448,-0.02452617145,-0.001739892364,-0.001555547819,-0.0120127088,0.008476372609,-0.0005073567294,-0.01603818234,-0.01717771064,-0.01087869794,-0.02854645325,0.02305811155,0.01675663557,0.02015069141,-0.01465738245,-0.0039540218,0.0005047900372,-0.004651614892,0.01819334285,0.0171341363,0.02596657295,0.001169494807,-0.02578638853,-0.02880653086,-0.02747559457,-0.006806308589,-0.005303763394,0.002146975777,0.01043701237,-0.02134330626,0.02909494491,0.02252694481,0.02231821919,0.02056697862,0.02736100853,-0.002259018996,-0.00294582569,0.001958206029,0.00751140257,-0.01465738245,0.01265923314,0.01131010266,-0.01988459921,-0.003280319203,-0.00599793218,0.005073287653,0.02030175865,0.01782560033,0.0174152906,-0.01223418345,-0.01981100647,-0.01028335427,-0.004266486252,-0.02235228361,-0.01226999419,-0.03973913314,-0.02799226384,-0.01251585114,-0.03007218922
2008-03-31,-0.003845446459,-0.05347483739,-0.04388483419,-0.03539302585,-0.004076182283,0.002453213909,-0.004969253861,-0.04989622207,-0.04179361655,-0.07090071498,-0.06650979609,0.01075067444,-0.003574559179,-0.06301338538,-0.07709101232,0.03741679803,0.04112835309,0.03612593154,-0.02602982757,0.01630142073,0.01190642072,0.01204232002,-0.01918527134,0.02487090473,0.03554901959,0.00997337954,-0.05655078196,-0.04841752134,-0.05931599409,0.08272058807,-0.07955886955,-0.0408690396,-0.07237550602,-0.002738825664,-0.07582514402,-0.01401887294,-0.05816078637,0.04469276616,-0.005976611249,0.01754661103,0.03145081676,0.02387188293,0.01177664559,0.009083060322,-0.03342520552,-0.002973059313,0.02459473581,-0.06225304934,0.006392412956,-0.03504447454,-0.04487748798,-0.03310355881,-0.002727336698,0.008029147342,0.01446881163,-0.0123457731,-0.05903941902,-0.05534475664,-0.03978119358,-0.07169664012,0.02379707646,-0.02404380246,-0.00046107909,-0.05221921627,-0.008643768352,-0.0006454616312,0.0005065150513,-0.06920482738,0.06444358034,-0.01119584082,0.001192327966,-0.06814947993,-0.0779280841,-0.07449644229,-0.05738203118,0.01328630823,-0.007443529782,0.007510584473,0.008406271807,0.05076589946,0.02215908106,-0.007009935628,0.04418294801,0.05302008457,-0.04155797667,-0.004401516776,-0.0003111316557,0.01162012718,-0.05221921627,0.004098407037,-0.003426272115,-0.05571665794,-0.04216459145,-0.05649340185,-0.006291908029,0.04881883567,0.04193585575,0.05684329815,0.03657854628,0.003842887979,-0.0473426755,-0.0401032545,-0.02984106444,-0.02203567307,-0.07547354526,-0.07470311397,-0.06993202789,-0.05014746195
2008-04-30,-0.007301964829,0.04849359196,0.03554127695,0.06845588012,0.002129008058,-0.005592233526,0.007004749586,0.06848141036,0.07413303181,-0.04836267821,0.1001145743,0.004294403136,-0.03322765532,0.1164425951,0.1289424806,-0.05495861434,-0.06381761585,-0.06870727431,0.01516944955,-0.0692357511,0.05414099784,0.01898914377,0.06861652963,0.06084283848,0.04353187513,-0.02753781232,-0.007164884707,-0.0218734135,0.009132521123,-0.09770214943,0.1374944726,0.1182156312,0.1229847887,0.05544791319,0.1213808888,0.01244314848,0.1216059591,-0.04807645527,-0.02132398953,-0.02857722239,-0.02518097192,-0.07045786798,0.001643600329,0.02152852428,-0.05386828562,-0.02632638693,-0.1056716978,0.1092055401,0.004028626271,0.09368037426,0.08676654581,0.05210364078,0.06998712723,-0.05589064551,0.009210658954,0.01070234563,0.09377678544,0.08641810664,0.0841405428,0.1236434893,0.06285516526,0.0756212195,0.04368904128,0.01111619585,-0.02315996495,0.06252566175,0.01997135754,-0.03902851853,-0.07307255348,-0.0006750881982,-0.05293997952,0.101369926,0.115991225,0.1199260959,0.04478267371,-0.04216924551,0.02799797641,-0.009138599421,-0.000768005158,-0.07489319247,-0.05019842265,-0.02605096086,-0.07739188478,-0.07761004013,0.06490251276,0.005291887815,0.002285579264,0.005259521382,0.01646064989,0.004329903517,-0.02156062654,0.09903753888,0.04011801319,0.05979306264,-0.100953173,-0.1058604831,-0.1184435316,-0.114247081,-0.02600941845,0.01497027822,0.04888463953,0.02407830029,0.04873473919,0.0105823706,0.1202534214,0.1194470706,0.08423112152,0.1101062808
2008-05-31,0.007817316517,0.009726204839,0.007280442084,0.004280485768,-0.001710516553,0.003471309403,-0.01496453637,0.01933883656,-0.007477519838,-0.02407047377,-0.004552773154,-0.00137349971,-0.01038953026,-0.008165367493,-0.009429800551,-0.01365667632,-0.01052020375,-0.01737616917,-0.02429243572,-0.01483383837,0.009547715094,0.02418343029,-0.001432433584,0.00123648648,0.006185989095,0.0004501003949,-0.02775647574,-0.02575239809,-0.02880828884,0.001000135262,-0.004719134967,0.01234499781,-0.00651437949,0.00535608038,-0.01437545325,-0.01789162061,-0.01302696332,0.01373454067,-0.01567528354,-0.01440207909,0.007355284747,-0.006599664305,-0.01339032233,-0.01404678823,-0.02119084229,-0.003012243222,-0.02319769325,0.01335727221,-0.007594349043,0.02022856318,0.02186283322,-0.003618546808,-0.0005833210524,-0.01355717738,-0.003755847513,-0.0003604624102,0.01241279082,0.01040438556,0.01038344338,0.01109011667,-0.01763779713,-0.001624038587,-0.02182312458,0.005913638912,-0.01118277699,-0.002066957669,0.01120248381,0.001624355404,-0.009602501025,-0.0007777639196,-0.003902695743,0.01372125122,0.01057033223,0.01104276836,0.009509873154,0.001542769811,0.0004202184016,0.006693090742,-0.006478421292,-0.005987878819,-0.003746326908,-0.002605925501,-0.0067634932,-0.009008839069,0.01346255388,0.01475414336,-0.001475085261,-0.003451466094,0.005913638912,0.003769874109,0.004144846831,0.009337429218,0.002013039489,0.004329305275,0.0004544804552,0.002861728839,0.001691485732,0.001500519939,-0.01297291795,-0.004261266695,0.01903002948,0.01586756694,0.026810926,0.02721281766,0.00700366671,0.009065267274,0.0094439243,0.01520590579
2008-06-30,-0.007210354709,-0.06363768752,-0.04487718839,-0.05136487403,-0.03445909678,-0.01438091843,-0.03533550816,-0.03942603276,-0.08189681678,0.03020629193,-0.1435458006,-0.0007386011252,-0.01168110049,-0.1430034825,-0.1541807411,0.05981001623,0.09083197265,0.1007299416,-0.02004839935,0.06400062483,-0.06525667126,0.03413470355,-0.09053619278,-0.02807830057,-0.004073862091,-0.004282336669,-0.04851007973,-0.02960397779,-0.04856699251,0.1196205105,-0.1545791418,-0.1130050536,-0.1478069422,-0.01577107401,-0.1409020312,-0.08243308385,-0.1407110301,0.07649925304,0.02461450529,0.05121578726,0.04806304826,0.01517480784,-0.007128945936,-0.05018661544,0.06342842645,0.03301296815,0.02104741443,-0.1213863155,-0.00933213951,-0.1197815878,-0.09293157472,-0.04311168856,-0.008915674482,0.01684803116,0.02187725885,0.0009379222444,-0.09269415674,-0.09492181557,-0.05085542598,-0.1394050826,0.02475414784,0.05843715922,0.01278350915,-0.04550417024,0.04404948617,-0.009944086682,-0.005237090689,-0.1074729921,0.1053900741,-0.0009462421854,0.009180891537,-0.1137733238,-0.1323300005,-0.1392956638,-0.0640041163,0.04598794181,-0.02465477271,0.01420406619,-0.008314686748,0.09519089681,0.06418307068,0.001342192412,0.05258101288,0.08718471646,-0.07046863918,-0.01072828384,0.002402416896,0.01818952495,-0.04550417024,0.001764214447,-0.001068290818,-0.08780910088,-0.05877480332,-0.08233118075,0.0134554546,0.09776197496,-0.1283686979,0.04662923793,0.04998201895,-0.01511322197,-0.02741315646,-0.007706286761,-0.02260531506,0.005790897458,-0.1313908572,-0.1257080481,-0.09888785792,-0.1348753196
2008-07-31,-0.008049576078,-0.03444985073,-0.03593288983,-0.02920085722,-0.002575620382,-0.00264178386,0.00291910313,-0.01407017465,-0.03715935725,0.04634325581,-0.0705398691,-0.003779697247,-0.002253871646,-0.06757021991,-0.06787512189,0.0200696206,0.02780888717,0.03139858287,0.01440525481,0.02795846401,-0.03334200616,0.01022085993,-0.0471688628,-0.01506976941,-0.003685379885,0.0068640893,0.01161413946,0.005387265745,0.003969941722,0.02987621357,-0.06267186793,-0.05672269261,-0.07265533132,-0.03466427593,-0.06391233372,-0.03058202024,-0.06350544168,0.01029682652,0.01719310531,0.02756560507,0.006933288505,0.002758133377,-0.01221691501,-0.02665420715,0.0348167616,0.01017674986,0.0383190374,-0.06837829651,-0.009842397436,-0.05672952794,-0.05335529462,-0.01771827192,-0.008591848915,0.03917736075,0.006369595243,0.008427078194,-0.0528184525,-0.05127504391,-0.03316697813,-0.06767852853,0.02494445834,0.009343022732,0.02669229296,-0.01692517112,0.05068148981,-0.001506900893,-0.0005525875828,-0.009770756285,0.04351786555,-0.04712566733,0.02395457083,-0.05180125915,-0.06175449188,-0.05846401562,-0.03468160155,0.04415067951,0.01048045071,0.01759416217,-0.006820386086,0.05525118772,0.035951963,-0.03653447573,0.03866441383,0.05191450267,-0.03110281224,-0.01086201845,-0.003306384612,-0.005433613079,-0.01692517112,0.005695239726,0.02419155072,-0.05452027957,-0.0229767913,-0.03471905226,0.04927291061,0.04984203654,-0.04770551408,0.0133342883,0.02955425744,-0.01207343347,-0.04191170912,-0.01626435096,-0.03387427599,-0.01510570236,-0.06519221834,-0.0636324793,-0.04636286851,-0.06258710134
2008-08-31,-0.0004080014168,-0.02964040872,-0.02813193295,-0.02083373449,-0.02492012863,-0.00465350432,0.01363817915,-0.04097585728,-0.04202437246,0.01123195353,-0.03797713571,-0.007668355424,-0.009635918314,-0.03598725962,-0.03801419923,0.02742722816,0.02010573259,0.01448036745,0.02223130221,0.02790883102,-0.02045962789,-0.00010541534,-0.01556425778,-0.01186591904,-0.002719563783,0.01416872714,-0.01714906172,-0.02722972043,-0.02381262395,0.009143511982,-0.03882831751,-0.02686904251,-0.03702031375,-0.02519566934,-0.03712421156,-0.01892248238,-0.03281258664,-0.0004685324318,-0.00330938502,0.03374420076,0.006202792459,-0.02280581089,-0.01391780249,-0.007328318903,0.008431215234,0.01690903501,0.02222984707,-0.04484923238,-0.001873872797,-0.03848488953,-0.03976741238,-0.0178489956,-0.0213183614,0.01287148881,0.00340273523,-0.000240455584,-0.03531702213,-0.03416090081,-0.03172389917,-0.04245935597,0.04046684485,0.02937102096,0.03319514023,-0.01525235515,0.03393552264,0.002142996406,0.002511264538,0.02999355836,0.03286754857,0.02909859972,-0.01778905942,-0.03565740144,-0.04186440409,-0.03753278319,-0.03223511436,0.03423597306,0.01324386353,0.01590646961,-0.0005835459154,0.04542841846,0.04735575936,0.0286488013,0.03200021405,0.03843360899,-0.02961475437,-0.001704773488,0.001297548329,0.003855654804,-0.01525235515,0.005049132791,0.000240196495,-0.03490947603,-0.0003291963635,-0.02000591682,0.01944751487,0.03683796473,0.0262510644,0.02138390495,0.02181261463,-0.002610478404,-0.001469988483,0.0202508877,0.006618250489,0.02042964866,-0.04887532699,-0.03929543184,-0.0411518151,-0.03814612226
2008-09-30,0.01357875606,-0.1818622353,-0.1630498569,-0.1548497269,0.01592633067,0.0620831102,0.01116681684,-0.05452402999,-0.08772385188,0.2246329195,-0.2543314866,0.06330501537,0.003224231459,-0.2767066574,-0.3115443716,0.1562340276,0.1911339121,0.1958986447,0.1133742017,0.1818795612,-0.183486121,0.03787539859,-0.2146714904,-0.05727180988,0.01322768548,0.01720551908,0.06881023737,-0.02723854649,0.02169874186,0.1476647737,-0.3104161073,-0.2524997129,-0.2922162777,-0.1181214688,-0.2696334487,-0.1211832486,-0.2937471452,0.07221034388,0.1460659598,0.08705345748,-0.0004245824597,0.07196927308,-0.1004248203,-0.1033701548,0.2020153549,0.03389738153,0.2182815919,-0.2943117304,0.0173528045,-0.2254142847,-0.1886300558,-0.1413063923,-0.06943991644,0.3033178455,-0.006404599906,-0.008298739995,-0.2616037348,-0.2602480818,-0.1783138566,-0.2985604738,0.165655909,0.2195577178,0.2301420069,-0.159311455,0.1761504668,0.02297850023,0.1137771208,0.1637375218,0.180622388,0.1894669556,0.1738492433,-0.2294071961,-0.2576525512,-0.2604597875,-0.1736038701,0.1767102365,0.07035579993,0.0945049478,0.02624840216,0.26907674,0.1201543219,0.233920732,0.2624085204,0.2629922256,-0.1560496836,0.0102055356,-0.04076877077,0.009538845131,-0.159311455,0.04764726109,0.04712132576,-0.2587260075,-0.1126328655,-0.1991459888,0.1192722509,0.2721621659,0.2575174202,0.1694613513,0.1384592077,-0.01818750013,-0.2407115699,-0.1506736195,-0.2019917436,-0.1158005771,-0.2665173578,-0.2819224708,-0.2498165699,-0.2330366744
2008-10-31,0.007869564008,0.1494187879,0.1304850672,0.1505424558,-0.1994561646,-0.1889515358,-0.2556119745,-0.1239360156,-0.06299826921,-0.2493420233,0.03701416983,0.1670274254,0.07596682066,0.2064152509,0.2026902035,-0.2449409676,-0.2417066544,-0.2495640196,-0.22523152,-0.2809443268,0.0593879217,0.1194108807,-0.2762777128,-0.09942991574,-0.07104922535,-0.05848844634,-0.06339268761,0.04175448963,0.08254944512,-0.2603561512,0.2157848544,0.2029910547,0.2041678085,0.2587434174,0.2705986987,-0.07322028516,0.2173172384,-0.2499132859,0.1870094019,0.07972531345,-0.01238346769,-0.1825855374,0.2579536198,0.2242969762,-0.2850417742,-0.1276247157,-0.2319289966,0.08012962829,-0.06829511833,0.07707315569,-0.01266301134,0.1220165199,0.1129229325,-0.2014168787,0.04857012739,-0.01446928296,0.1387981555,0.1316054085,0.1336443373,0.1358527509,0.04225896909,-0.04927514176,-0.1850323208,0.06184758872,-0.07921084354,-0.07839950711,0.0103086264,-0.07969844238,-0.05598810863,-0.06156325438,-0.03111698093,0.04099672657,0.08824091202,0.1057829392,0.1800466734,-0.07144520649,-0.003654363175,0.03108966712,-0.05526436089,-0.07530889044,0.0264284662,-0.07885367724,-0.1624286253,-0.1143152033,0.05634062551,-0.02057936041,0.01133457503,0.05293533215,0.09225080181,0.01088700316,-0.02024854978,0.1509996826,0.09469791702,0.1267465035,-0.1908211955,-0.158455063,-0.1855348853,0.05081258955,-0.02618359958,-0.05407082461,0.0599246397,0.09567257307,-0.009798162903,-0.03481289689,0.04211536198,0.1128091827,0.1703017425,0.066217734
2008-11-30,-0.04482799212,-0.2348767165,-0.2247191909,-0.1425771788,-0.1920300065,-0.1777398174,-0.214417073,-0.2271765711,0.05279019552,-0.1512018657,0.04810682467,0.2556473241,-0.1539404252,-0.1379568877,-0.2811993554,-0.08330956098,-0.06582768077,-0.08645575709,-0.05546109738,0.1115364219,-0.2127615731,0.05635992902,-0.1449306712,-0.2102495434,-0.08356989833,0.1490462145,-0.1700425647,-0.2217023114,-0.144404749,-0.1913992095,-0.2412176619,-0.1277681321,-0.1489633743,-0.02636376836,-0.1623615973,-0.1864067537,-0.1030551697,0.08505459061,-0.1473549377,-0.1761865993,-0.02874206875,-0.2299766655,0.2481465023,0.1731586897,-0.1336687424,-0.08410498885,0.08745393513,-0.2685744925,0.02087512563,-0.2170921694,-0.3604128032,-0.0833282655,-0.1711238649,0.06598927197,0.06799765612,-0.01334225483,-0.2771588691,-0.2613969143,-0.2417882638,-0.2332625707,0.2102084266,0.0857789041,0.1847745803,-0.09642222528,0.2228218182,0.1201107719,-0.0007178773722,0.190667301,0.2052441131,0.2017972367,-0.1132730668,-0.2441230167,-0.3121914757,-0.3162254534,-0.1993377943,0.2413818131,0.1229075047,0.05973159898,0.02959246106,0.2638402127,0.2463138592,0.1619573721,0.2136715781,0.2209937634,-0.2476499192,-0.01552032873,-0.01470995755,0.05033099464,-0.1060220021,0.01904090016,-0.01424385881,-0.2586889643,0.006526050109,-0.1184923557,0.008646501143,0.1359112597,0.1498487422,0.1360709664,0.1277302379,-0.002496009856,-0.004782910943,0.08817355914,0.02075995461,0.1712161561,-0.2939987054,-0.2088144991,-0.2738836628,-0.2444112459
2008-12-31,0.02355183009,0.7178586217,0.6904307726,0.52029067,0.6004745839,0.1682743357,0.7626530068,-0.4900627006,0.7442473222,-0.5243448116,0.4842594955,0.7721904936,0.44595154,0.3672379088,1.00197957,0.7977530736,-0.1255594473,-0.378358069,0.8699086266,-0.6812757195,0.8408269518,0.6403147525,0.8608552851,0.8471995637,0.1742599788,-0.2104450028,0.05814807476,0.6107977684,0.3497318686,0.9116624717,1.003450828,0.846364011,0.6022485138,-0.0461485037,0.7765094921,-0.2222534708,0.2191977301,-0.529430123,0.8712836425,0.8847972461,0.1745170848,0.8722936553,-0.8311611767,-0.802403137,-0.4752311788,0.02683392853,-0.4678222858,0.7823178391,-0.04770106355,0.7157062042,0.7292196362,0.4852311437,0.2747327406,-0.5159871747,-0.1186500843,0.03950501646,0.6995823953,0.6724313839,0.4438539076,0.9437528381,0.7008723519,0.8022917245,0.6383439865,0.4906880223,-0.6448866594,-0.4400362105,-0.6564367665,0.9492942837,-0.5456178228,0.01527517187,-0.140877271,0.7456522945,0.9237442562,0.8394264892,0.6909431464,-0.6230314151,-0.3431551441,-0.2446766092,-0.1233062149,-0.4761201781,-0.3999140804,0.08074342489,-0.3317592099,-0.4225911507,0.5694457188,0.04872484598,-0.02554151411,-0.06316169659,0.5127568035,-0.00699818802,-0.2710610791,0.7005603073,-0.1197205521,0.2043752938,-0.713184829,-0.6343564133,-0.5574937345,-0.5613092018,-0.778983811,0.0002259010811,0.02411142995,-0.1334374752,-0.2249328999,-0.4934734406,0.6388228132,0.7339594939,0.7758764904,0.7535169679
2009-01-31,0.02411240625,0.04338141475,0.0419432089,-0.009730783792,-0.1423171642,-0.1420420111,-0.1515376793,-0.1830452261,0.1625014764,-0.1702627159,-0.05744974861,0.1846866174,-0.1536037249,-0.07828286361,-0.06309363846,-0.04620424468,-0.1629148195,-0.17018344,-0.02515219275,-0.1227472552,0.06994553546,0.1866663736,-0.07010996818,0.1383038429,0.08176857436,-0.01430820713,-0.1499804543,-0.1362676738,-0.1370539334,-0.0751495919,-0.06525899557,0.1857810411,-0.06722326837,0.1205975868,-0.1406034509,-0.178516609,-0.08446661746,0.1457719172,0.1340112174,0.1204536289,0.1390110159,-0.1275873297,-0.1696240776,-0.1657360562,-0.1655864412,0.02728884038,-0.1796876507,0.09985665691,-0.07726252824,0.11522186,0.04227303862,-0.003778982788,-0.05031075943,-0.1343447703,-0.06235299081,-0.04423301523,0.04690081716,0.041597378,0.02615781483,0.05375298103,-0.1169117076,-0.1237257722,-0.1667843936,0.05480714927,0.0001826860778,0.02589649795,0.003880884493,0.004138047616,-0.005573472644,-0.009554077689,-0.05084556513,0.02602563163,0.02763509616,0.008772052251,0.002508356424,0.03063877212,0.0498812033,0.02948781081,-0.09965847045,-0.00135267796,0.01508419884,-0.007974476403,0.005524667617,-0.006555589623,0.06713805836,0.05604261548,-0.005255167953,-0.05630909959,0.05504309268,-0.04171351391,-0.07605510201,0.03169516205,0.03160675128,0.08245534963,-0.1055415902,0.011302915,0.05796612538,0.044148649,-0.1397283843,-0.007229258306,0.05322151295,0.01961478577,0.1219066597,0.07885121187,0.04601009376,0.05244118349,0.04760281713,0.1140033189
2009-02-28,-0.009653604809,-0.1411336223,-0.1245057086,-0.09217315635,-0.1380899572,-0.1200905715,-0.142464966,-0.1546832836,0.1606308025,-0.1569482945,-0.1287353772,0.1822398363,-0.149415941,-0.1984454925,-0.206646059,-0.07808014655,-0.1356865793,-0.158559135,-0.07979733927,-0.06146066482,-0.01389610142,0.1843918508,-0.05381103798,0.178845518,0.1444259281,0.05963588319,-0.1560739771,-0.1618118995,-0.1450454355,-0.1380787612,-0.1970647924,0.1315639814,-0.196694059,0.03134158728,-0.1807494252,-0.1760829847,-0.2084043483,0.1297741754,0.1004926839,0.05052493765,0.1369621358,-0.1299667714,-0.153018002,-0.1734561919,-0.1534793351,0.0724551624,-0.1163580452,-0.1681814247,-0.02341231906,-0.158613105,-0.1839442488,-0.05770506831,-0.07937360585,0.03896359606,0.03169463656,0.0100341279,-0.1414186216,-0.1402136869,-0.1249127233,-0.1959898918,-0.1473537429,-0.1572377121,-0.1568092351,-0.03240521959,0.1402446421,0.1612328674,0.1238642275,-0.1830691833,0.05225145136,-0.2286941686,0.01286649138,-0.1984816571,-0.2015361666,-0.2073385835,-0.1418026536,0.1507554546,0.1380058224,0.0931764722,-0.0100084442,0.06230269261,0.1365823388,-0.07377966109,0.002376785966,0.04940587073,-0.1103196895,-0.03451870792,-0.02577220186,0.0231721869,-0.0480403532,0.04913811787,0.06905492299,-0.1393292113,-0.0593905389,-0.09149800867,0.1272616355,0.1215218357,-0.135767023,0.1354197855,0.1345354742,-0.03398650773,-0.08170782145,0.06825025892,0.0009022888017,0.04997599789,-0.1917843072,-0.1646522373,-0.1611614514,-0.168150906
2009-03-31,0.03061542763,0.08930624702,0.08548384995,0.07654894759,0.07588596061,-0.002433019721,0.04029659597,-0.0985468476,-0.01583371193,-0.1097972328,0.1429567441,0.04312704975,0.04905564065,0.1108518602,0.1425587755,0.1751087892,0.04632916726,-0.06520384718,0.133728644,0.1490575271,0.04730459919,0.009796620296,0.1383226623,0.00218898057,0.008070442958,-0.05193085215,-0.1118930818,-0.03489420118,-0.1233539342,0.07949503817,0.1185566531,0.1017054556,0.1248248541,0.07661729962,0.002110440408,0.02158881484,0.0909951681,0.09568583546,-0.04520317647,-0.02188792422,0.03398606013,0.1293720871,0.03901733464,0.04525563167,-0.1017983916,-0.06371856669,-0.09364988825,0.1479579029,-0.1163862131,0.1682484548,0.1766090492,0.05735971213,0.0110451756,-0.101450139,0.007247362005,-0.001523607056,0.1039249792,0.1025344928,0.07152127043,0.1364463849,0.004762972675,-0.02868661448,-0.03362560785,0.06829866946,-0.05562712335,-0.06782377382,-0.09077872498,-0.007661354762,-0.07775541189,0.06684495525,-0.09726796404,0.1396279154,0.1081027546,0.1029431699,0.05431206811,-0.1486069898,-0.09050180007,-0.09961127778,-0.1284245803,-0.1426220033,-0.07574670684,-0.02323228501,-0.1284984068,-0.1575396078,0.07489076036,-0.02517071008,-0.001019207034,0.01440453711,0.06918636679,0.002173142348,-0.02786084025,0.1092815997,-0.009282966635,0.04870322227,-0.1030701935,-0.1565935801,0.05500763451,-0.1356178389,-0.05786414674,-0.05369839347,0.04102856737,-0.03162639776,0.04323421161,0.01630611705,0.1344569821,0.1281316971,0.06882350009,0.153241319
2009-04-30,0.03185549347,0.225995454,0.2267640098,0.1780938617,0.09335070712,0.01459886555,0.05339073645,-0.07591069321,-0.04351875954,-0.1110618447,0.1991679621,0.03694023385,0.01721026907,0.2214488118,0.1778749976,0.1386373144,0.05664085533,-0.04631307215,0.1462314025,0.1225684449,0.06191913618,-0.02810717696,0.117937151,-0.09399860415,-0.08188444022,-0.08530252027,-0.09740568269,-0.00831471275,-0.0984489196,0.09217877429,0.172724738,0.1029509114,0.2274597234,0.07264853317,0.1034068661,0.0776618176,0.1969555104,0.0421386187,-0.09181805789,-0.04190107197,0.001179160158,0.1419852241,0.04145289513,0.1000383026,-0.09517916472,-0.1427515452,-0.1015747355,0.2912968387,-0.0258145986,0.2794745653,0.2839160485,0.1161654155,0.1332469142,-0.219269412,-0.0309299514,0.0191587142,0.2417751949,0.2446453765,0.2135268004,0.2829976101,-0.08197408926,-0.1401731163,-0.114260573,0.05891953805,-0.1595087019,-0.1291326603,-0.1800360287,-0.07766833845,-0.1458055745,-0.05088409497,-0.08778774032,0.2912343943,0.2585456367,0.2626943458,0.1803961063,-0.2183032316,-0.1411563142,-0.1204199334,-0.03447953181,-0.2594585074,-0.1146789936,-0.1531018618,-0.2374703703,-0.2535982877,0.1744394641,0.07081427767,0.03255410241,-0.007753262471,0.098061129,-0.0274189913,0.01335519673,0.2483166837,0.007975229873,0.1238409463,0.05649180697,-0.2067548998,0.008085435031,-0.0608869508,-0.1176203767,0.04951465087,0.1381083673,-0.1287551563,0.1497995433,0.01238946039,0.2645936552,0.2697876222,0.221439474,0.2952570887
2009-05-31,0.05611397334,0.3472847901,0.3105308663,0.2436644699,0.2742115295,0.2123788368,0.199869531,0.1292793962,-0.1852966923,0.1287210832,0.3003013207,-0.1657918346,0.2317245022,0.3609721344,0.3827698265,0.2097070891,0.1870308348,0.1631750546,0.1718392811,0.1932282056,0.05426044637,-0.1898006367,0.1803677814,-0.1817920721,-0.1882747943,-0.02640309493,0.1358420159,0.1571639515,0.1211897125,0.2599300809,0.359327822,-0.0842136406,0.3616593997,0.05258394241,0.2820656251,0.2505698104,0.3548694794,-0.1152280795,-0.09708404381,0.02372323193,-0.1260313895,0.2614622921,0.2066426425,0.2334049102,0.1320542966,-0.02759250913,0.04818018937,0.434296847,-0.01380123707,0.3895620631,0.3741782403,0.1401686898,0.1328978049,-0.190643568,-0.1068541222,0.03024803487,0.3482175139,0.3357761,0.2741158104,0.4283574541,0.0921253071,-0.03518856431,0.1309963637,0.2375797592,-0.09565728154,-0.2714661085,-0.03378295464,0.03373462282,-0.1081589988,-0.1952510979,-0.06922662173,0.3841398613,0.4023570522,0.3792526537,0.3250778257,-0.2884948555,-0.2872098912,-0.1546064205,-0.02844045059,-0.3224756402,-0.2675986823,-0.2070917308,-0.2037805542,-0.2662724544,0.2759607562,0.09047861004,0.02697585378,-0.06242250083,0.2375797592,-0.03550647192,0.03622034544,0.3232115354,0.07616292823,0.2700043676,0.1112524052,-0.2940902581,-0.3158273261,0.07504756163,-0.3295004293,0.02422003958,0.1766316395,-0.2406137993,0.08846256027,-0.08858829502,0.3932639832,0.4074277899,0.3593476938,0.4092691837
2009-06-30,0.01759519598,0.06096153706,0.05832987659,0.05049966692,0.001357715979,-0.01760316222,-0.001742508105,-0.01999722699,0.004100339832,-0.02217721992,0.05352992661,0.01288877522,0.01481676064,0.03093945263,0.03178469581,0.01146319731,-0.001722178609,-0.01173787569,0.030657721,0.008819750715,0.009329765717,0.01201015271,0.02089493093,0.007782402879,0.009901503108,0.01146224053,-0.02255817373,-0.01281375175,-0.01275927377,0.02243090081,0.01577937002,0.01443715909,0.04010150311,0.01316334176,0.003801007331,0.009883672519,0.02930627898,0.02782951445,-0.02284115822,-0.01337247699,-0.008478332956,0.01447610536,-0.001790471067,-0.00795273466,-0.03185117136,0.02095281104,-0.00746537023,0.07611926841,0.02543551442,0.07299462052,0.06930495465,0.04102450528,0.03334772322,-0.03025413881,0.005285511885,0.03145675953,0.07093764362,0.06980110114,0.06265367028,0.06984852291,-0.006826863358,0.01817281677,0.009696951208,0.02215899043,-0.0521652474,-0.04012226857,0.01114306356,0.05476268945,-0.01036675358,0.04486213909,-0.003721581786,0.072048973,0.06474860688,0.06220476346,0.04560892704,-0.04747604614,-0.0517524947,-0.02149748683,0.02175090989,-0.03977318281,-0.02916173647,0.02712036242,-0.008724872238,-0.02811182279,0.04937902053,0.02907038757,0.00910544309,0.01847798542,0.02834386187,-0.002534251768,0.02674020937,0.07270585581,0.02032428635,0.03461264575,0.01483434467,-0.02888950767,0.01772020078,0.00250375715,-0.02667093446,0.03584942011,0.04102224741,-0.01524723909,0.04123943282,0.0005268135125,0.07347178124,0.06903911963,0.06162108982,0.08144448094
2009-07-31,0.0126724255,-0.01631937651,-0.014043041,0.008028141411,-0.007112903838,-0.02594178754,-0.03440948452,-0.01296796158,0.05932842392,-0.02971549429,0.036079532,0.06302843021,-0.05247135665,0.002561965088,0.005544636268,-0.06298487415,-0.08152873882,-0.06805884424,-0.03558789385,-0.05037661186,-0.01539925479,0.0419155258,0.01918911314,0.01852927649,0.02506757616,0.0001908353316,-0.04272714246,-0.03058536,-0.04009129466,-0.01562670669,0.01194266393,0.007943792541,0.006126440823,0.02314865215,-0.04489272969,-0.01747523391,0.002989828102,0.07587793557,-0.02963553952,-0.02635924159,0.02018425527,0.001855031645,-0.03007755279,-0.02149891656,-0.04126380795,-0.01598503833,-0.007019305801,0.01563849429,0.03073139025,0.03577444502,0.03779902715,0.006524886298,0.02102961242,-0.01037176146,0.01840410919,0.004880799588,0.01235776631,0.0100138885,0.02169276617,0.03209259181,-0.008727868033,0.03246636823,0.04387673329,-0.03743499224,-0.009761002742,-0.03728192464,0.01686055124,0.01078203885,-0.06125572703,0.005171525585,0.02138269862,0.03570535303,0.03324392878,0.02794972127,-0.03442592117,-0.03018622111,-0.03421140258,-0.02224993143,0.02799560227,-0.01484874256,-0.02625374786,0.02795954153,0.01538319564,-0.02787645254,-0.009208123221,-0.00161443258,-0.0001154185537,0.015026118,-0.03256135165,0.003193255561,0.01014513294,0.01907413257,-0.03667083092,-0.03483990226,0.001779447388,-0.02140069327,0.01252346469,0.007571571546,0.04480218762,0.03816870669,0.003269232298,-0.006823482295,0.0188574599,0.002551096808,0.02949924787,0.02771858546,-0.02507339892,0.038411003
2009-08-31,0.0242832357,0.07924205234,0.0760387321,0.07596309704,0.01701494755,0.01185842356,-0.02474671648,0.03618430779,-0.01598954503,-0.007701620831,0.074880329,-0.01879020899,-0.02148213224,0.05667955544,0.07234222268,-0.02127284679,-0.02840116144,-0.008288678553,-0.04633710507,-0.03283641635,-0.04767830336,-0.03532794693,-0.005213976681,-0.04208296926,-0.06935532791,-0.00751109223,-0.01956839653,-0.009891583107,-0.020557864,-0.0006079712831,0.09379711814,0.005600528301,0.0775321242,0.07296115813,0.04536520657,0.01539241411,0.06869315354,-0.003026833299,0.01187313554,0.02656603827,0.004721177736,0.005957730702,0.01357099278,0.02367606941,-0.02693616413,-0.03744673754,0.004713997145,0.1274881144,-0.01617025925,0.1356099733,0.1192499991,0.05516257039,0.02635296514,-0.04728537688,-0.01481657664,0.005458649271,0.09384406123,0.0931238966,0.07182248353,0.1127604732,0.01984803263,0.07286735403,0.04204649728,0.06190329182,-0.05669388605,-0.05735076072,-0.06349010066,0.05970528534,0.03964691653,0.09108896193,-0.01307113112,0.1082494728,0.1109270828,0.1002609715,0.06829030599,-0.0949627567,-0.0832478243,-0.06118122546,-0.01763103266,-0.05342901468,-0.06785127126,0.07191594287,0.03142577669,-0.01557035791,0.07906056405,0.02729511046,-0.002521987591,-0.003086167879,0.06190329182,-0.02266385099,-0.01036006526,0.09687052496,0.03853791396,0.07197336895,-0.02688690209,-0.00990503206,0.04420149389,0.03165312931,-0.05625045945,0.004406939157,0.08780474109,0.003216061342,0.08680366944,0.05099745261,0.1061790293,0.1021663149,0.08496631108,0.1343948116
2009-09-30,0.02895399163,0.07050636186,0.06121260364,0.04929239611,-0.002314186944,-0.005446018668,-0.02546740923,0.01201830138,0.0108947799,-0.005630786723,0.08113394333,0.01849317671,-0.03190497249,0.08004588747,0.08413933481,-0.01351061227,-0.04245343845,-0.0278553106,-0.02129992531,-0.02246595601,-0.01066486774,-0.008772462939,0.01157010132,-0.01393573502,-0.04084201662,-0.002338554316,-0.01982346418,-0.04034735385,-0.02036776788,-0.02069830135,0.08448688016,-0.004232927437,0.0866275263,0.07176463577,0.05558433817,0.02425590492,0.07792201206,0.006032457809,0.01152596554,-0.002161056657,-0.002293458652,-0.006359066839,-0.01768067137,0.002786451145,-0.02077674138,-0.01238659717,0.02513972584,0.1251500429,-0.01539210598,0.1349044462,0.1152683279,0.04138850564,0.03662214543,-0.03443824092,-0.00892486573,0.01482441711,0.08819738408,0.08745200116,0.06906493773,0.110854573,-0.007066368066,-0.0312089119,0.02258744718,0.04646511592,-0.01594452751,-0.05865887641,-0.05910435076,0.008092738011,0.02059115677,0.009649004611,0.0307548404,0.1112426168,0.1104036892,0.1027201445,0.0475296414,-0.0853127391,-0.08182521219,-0.05720688903,-0.01476702093,-0.05033734976,-0.0797775114,-0.003141682317,0.01666878168,-0.01582930752,0.0714107805,0.02719643719,0.0008559750485,0.0003143349399,0.04646511592,-0.007212655428,0.01809168373,0.09409061933,0.004508881876,0.03279710368,0.04693186557,0.008354886166,0.08494383634,0.064055145,-0.06115134158,0.001547768231,0.06297782762,0.004140083153,0.07575407794,0.041590215,0.1037429615,0.1055922497,0.07398884265,0.1353209836
2009-10-31,0.009536375811,0.05013864728,0.03901280438,0.03026915066,0.02218088723,0.01927561237,9.142212979e-05,-0.0001167966947,-0.01459787545,-0.002502024892,0.01645958817,-0.005002055132,0.01186402942,0.03362936419,0.04235928533,0.005972201019,0.009473603414,0.003437891202,-0.003126863553,-0.007104012152,0.01028991626,-0.01675464926,-0.006137783506,-0.01552808489,-0.02254091991,-0.01247296048,-0.001644898589,-0.004973521878,-0.005280088606,0.01750541237,0.03866168943,-8.757411814e-05,0.0313805051,0.01914341427,0.03190485083,0.02003465635,0.03359294571,-0.01259229046,0.00494567953,0.013410879,0.002191037775,0.004352257035,0.01178154545,0.020374943,-0.001356651112,-0.02435924509,0.01029949853,0.06337871154,-0.006141224078,0.05803268212,0.03822437402,0.02106398006,-0.001064788713,-0.01207217386,-0.008716676561,0.003629218405,0.05089420076,0.0517237114,0.0301462906,0.04680141188,-0.003826846082,-0.009595672492,-0.006526002204,0.03678562732,0.006833414581,-0.0207817463,-0.02021866632,0.02091224762,0.01366711,0.01026187559,-0.001903770363,0.03940556401,0.04035591262,0.04001068332,0.04490477856,-0.02629410057,-0.02815151431,-0.02191822101,-0.007871563871,-0.01459415225,-0.02087156153,0.002962457009,-0.00116343076,-0.009201610292,0.04274331531,0.01014426704,0.004374479016,-0.001291333013,0.03678562732,-0.0002020122662,0.007320149768,0.05252544515,0.01153693185,0.02634397317,0.04157102151,0.008533696872,0.02527367279,0.01931041449,-0.04920477067,0.001637765025,0.01686365979,-0.01220872798,0.01813276019,0.008275370893,0.03957164302,0.04610394204,0.05410479341,0.05998568436
2009-11-30,0.006469433667,0.02629159069,0.02683820729,0.05375502856,0.0135092746,0.0119133456,-0.002972028725,0.02450834001,-0.03838059111,0.01844320898,0.02441097295,-0.02613239637,0.02095109033,0.04059641697,0.04553284003,-0.01572618574,0.002600428315,0.016096114,-0.007794273294,-0.01632058116,0.01202922434,-0.01878006003,-0.006449141476,-0.006075342008,-0.03225341183,0.01529664539,0.01926651763,-0.005681192346,0.02130830636,0.0002668940758,0.04542995348,-0.02336796442,0.03980732333,0.03921762069,0.05055646001,0.02017627218,0.04056180192,-0.03503633351,0.01319390813,0.02457163618,-0.003567722807,-0.002796023276,0.0220917227,0.0252445412,0.02191171437,0.02906141193,0.02062474231,0.07501460773,-0.02394845379,0.07068173221,0.05853525672,0.0466742381,0.046588543,-0.00305378624,0.01684492475,0.02707429561,0.05340804768,0.04708267471,0.05591772745,0.05370811217,0.02009750442,0.02341521756,-0.0009551417264,0.01932568174,-0.002487653581,-0.008763981966,-0.02034871755,0.01614758685,0.02313208518,0.02029509768,0.01049796221,0.04978449126,0.0492384367,0.04953658381,0.02542621945,-0.03470956641,-0.02207490782,-0.02208349568,-0.02610233464,0.001789123408,-0.009492813743,0.04885152246,0.01339159888,-0.004139081654,0.02497011172,-0.001549184287,0.005263640306,0.01825866453,0.01932568174,0.001885023516,0.03513944641,0.06748956399,0.0009084963726,0.02380992304,0.05458509719,0.01574405473,0.03563760725,0.030122284,-0.05383460239,-0.01593927267,0.004427777346,-0.02234133193,0.01539131774,0.005780133412,0.03831706385,0.04901567946,0.03806316278,0.07282004002
2009-12-31,0.0107970253,0.05324415373,0.04917208791,0.04589085621,0.01995517406,0.01741372948,0.01731355149,0.02897193496,-0.003005778038,0.01988812077,0.07235685693,-0.02286386998,0.01058075442,0.07173981897,0.07658328726,0.004897837807,-0.001527392539,0.004137721498,0.005276001575,-0.0005575941781,0.000210044546,-0.02316718107,0.02479162298,-0.02115227098,-0.04101399116,-0.004831947335,0.0147286023,0.00659627387,0.009448152701,0.01842052757,0.08331206755,-0.04281656537,0.07911185142,0.01903262033,0.0555185987,0.04510564448,0.07033910378,-0.01073814118,-0.01002138628,-0.008601184374,-0.0196862751,0.02434754881,0.01546782833,0.0258517811,0.01806557042,-0.002374998,0.05613921653,0.09079061205,0.01850692238,0.08954212211,0.08204629975,0.03527564446,-0.01732509028,-0.01034907396,-0.009655813146,-0.003203782178,0.08213884393,0.07832100293,0.05439997222,0.09080970517,0.04044206298,0.003173822498,-0.005654030597,0.04489128252,0.02838327315,-0.0223901456,-0.0522279106,0.071146244,0.06148561575,0.06924028565,0.01011039657,0.09145209085,0.09238941412,0.09069195126,0.04546569008,-0.03268594596,-0.0512104681,-0.05448760071,0.01614573036,0.03415895299,-0.005641474299,0.04635075001,0.04662860985,0.03754797925,0.05946898509,0.0144851094,0.001551317631,-0.005301454394,0.04489128252,-0.01506687731,-0.007108448291,0.08119192142,0.02701137088,0.04747172195,0.02100187687,0.04935168546,0.07409197294,0.07109273349,-0.0320995694,0.02704544898,0.04624924968,-0.02289393446,0.04961870845,0.00218246039,0.08917996411,0.08448549401,0.06699388695,0.1049394532
2010-01-31,0.01459192165,0.05534429062,0.05086395058,0.03790989611,0.00327860295,0.001670750362,0.007271193804,0.02028254629,-0.01550871272,0.01240461683,0.05559049953,-0.01323459853,-0.002528704562,0.05886172021,0.06248488831,0.02933539965,-0.004931789042,-0.00488985542,0.02088135873,0.006531812582,-0.008841997838,-0.01852746034,0.03298267013,-0.01950111664,-0.03100770038,0.008849413538,0.008215825029,0.006714504866,0.007197515991,0.0009700696436,0.06421475221,-0.02936664216,0.06156690306,0.01745833893,0.04190233424,0.0293534529,0.05802956656,-0.004595395098,-0.001852971705,0.00863247557,-0.01391948186,0.01426114979,0.0006390137077,0.005672242559,0.01460136234,-0.01143564565,0.03877219399,0.07302047725,-0.03068913544,0.06996678233,0.06366138967,0.02886217975,0.01177708422,-0.005731397274,-0.002790940176,0.01776647189,0.06286313898,0.06378165208,0.04318727627,0.06174375504,0.002616899268,0.01101641751,0.001416300173,0.05675026743,0.03486596923,0.01864634237,-0.02188685393,0.1182803106,0.03289974951,0.06738588045,0.007965419433,0.0624778966,0.06404684327,0.06456064187,0.04638164677,-0.03460660851,-0.05015016432,-0.04575665205,-0.03160143164,-0.002517925894,-0.008713618853,0.03616698129,0.03021601684,0.03774776382,0.05133208148,0.008526722305,0.02153350807,0.01398682425,0.05675026743,-0.004526687582,0.01842092198,0.05864674728,0.01929299392,0.04889556263,0.03287865239,0.04146939882,0.02514577403,0.04758451297,-0.04342402068,-0.01014694858,0.03252795963,0.00479144896,0.02561502572,0.0005845260119,0.05999262508,0.05743963415,0.05926567204,0.07055711581
2010-02-28,0.0004523671076,0.003011734642,0.002052740446,-9.652562061e-05,0.00235330036,0.0007798167573,-0.0001685095413,0.002562348109,0.002190529515,0.00428931385,-0.002913637522,0.0003736783142,0.0100703401,-0.004578671373,0.003688602991,0.002965334587,0.0035341269,0.003775831853,0.003893783214,-0.008825304646,0.00140291663,-0.004838513461,-0.003122917377,0.005160259089,-0.002173554335,0.002585285355,0.003483106105,0.006167150587,0.002182179011,0.003713082375,0.0008445515458,0.003066958793,-0.0003320531094,0.0005791665761,-0.001835062342,-0.002257302442,-0.002686751185,-0.002135259833,0.003277959785,0.004145479833,-0.00132362237,-0.00220381281,-0.001311082514,-0.003892614065,0.0007292245249,-0.001252154876,-0.003968963953,-0.002750961305,-0.0002190526588,0.000301477619,0.001440421889,-0.0005484883212,-0.001002497369,-0.001326665749,-0.001188708826,0.0005970646118,-0.0032186911,-0.002304756667,-0.005059809402,0.002754696274,-0.00387135971,0.004029105779,0.0008339559237,-0.002623272647,0.004392138892,0.003994576183,0.0006124936116,-0.002634270559,0.002502507941,-0.0006711497695,-0.003240913748,0.002683183303,0.003402295737,0.00348525645,0.005358767296,-0.0015597909,-0.003351198481,0.001653683031,0.001528842047,0.001519709598,-0.0003736164257,0.002274673462,-0.0006517447919,-0.003981900296,-0.001207226731,0.001551656015,-0.002200203136,-0.0009112620983,-0.002623272647,-0.003230931042,-0.003308880472,-0.003685798289,0.003490314535,0.004204266459,0.002395420335,-0.004739839399,-0.005159525242,-0.003057234076,-0.003168894569,-0.00100445267,0.001557917671,0.003172665398,0.005749321471,0.00812388853,-0.001361182141,0.00139957746,9.813930022e-05,6.409445862e-05
2010-03-31,0.009298522893,0.02927678098,0.0254217121,0.02899968264,0.02971931628,0.01892703166,0.02160325187,0.03235088694,-0.0134619222,0.0233618564,0.05231027703,-0.02573092365,0.009295714247,0.05595348722,0.06155909466,-0.0009063293544,-0.00355463203,-0.004867082853,-0.01266629955,-0.002212873136,0.0006443862873,-0.02948441628,0.0200617871,-0.03475209657,-0.03912260337,-0.01560906585,0.01519702392,0.01658649741,0.0119511602,0.0230087746,0.06551966294,-0.0473463327,0.05986232275,0.01891175797,0.04964040827,0.04519048675,0.05857028543,-0.01069533898,-0.01233761545,0.0006075299618,-0.01212376842,0.02610441525,0.02648808042,0.03359301574,0.02322383978,-0.02110594697,0.05345052695,0.07351842801,0.006287578514,0.0590586815,0.05957562854,0.02395494371,0.01308891069,0.01385323086,-0.005637127033,-0.0007482491109,0.04885683059,0.04696062455,0.03190758344,0.06539606785,0.01451092878,0.01162606355,0.00546745454,0.02006442538,0.06027685714,0.05553401802,-0.05837219046,0.05447773808,0.06550669345,0.06588830986,0.009127477048,0.06470991467,0.06743439001,0.06801368647,0.02608968527,-0.009192714908,-0.03184780489,-0.03844864673,0.005484592316,0.04328772256,0.02553322839,0.05080816036,0.05684998537,0.04925044626,0.02665915551,0.006574456225,0.004326984171,0.001064589519,0.02006442538,-0.00438690543,-0.004394942636,0.0491012094,0.01901908809,0.03315378871,0.008820076237,0.0493022592,0.04908836397,0.05862503565,-0.035793314,0.009054115995,0.0241747124,-0.02173526245,0.0227039938,-0.001914987207,0.06305244714,0.06434372291,0.04264683472,0.08018652153
2010-04-30,0.005078531082,0.001930500979,0.002452951463,0.006779850221,-0.005184411861,-0.004657107892,-0.005081820347,0.003051396041,0.00180995215,-0.001031196085,0.01096528357,0.006531855069,-0.009721607296,0.007909888668,0.007689597893,-0.006751037278,-0.01285058312,-0.007425550499,-0.01170529597,-0.007335844258,-0.0006888480894,0.005676467611,-0.002440196419,0.00650881217,0.003851598935,0.0008323936139,-0.005024044138,-0.007836296097,-0.002487129189,-0.007525421681,0.009073244959,-0.004851168506,0.008528941937,0.008693405748,-0.001123810345,0.001557017516,0.00760319329,0.008359452377,-0.003263761328,0.0005692050468,0.01014750135,-0.005677260779,-0.006032446392,-0.002273977807,-0.001786876504,0.005619147126,0.005481439114,0.01905378438,-0.001232801402,0.02471207016,0.01686111801,0.005490171594,-0.0004827438543,-0.009275162,0.004183741019,0.004349479165,0.01347298859,0.01280042313,0.005690502946,0.01634569259,0.006981971291,-0.003446620583,0.004044725878,0.006321397745,0.006891393631,-0.0004091520445,-0.005419052512,-0.004549756834,0.007480546535,0.002560473661,0.002036999305,0.01783997921,0.01682590819,0.01640684849,-0.007683020593,0.0005119746348,-0.003056899575,-0.006757324181,-0.002340543982,0.005399338722,0.007286532375,-0.002208759033,0.0003262313752,0.009389576525,0.003270966162,-0.001775967889,0.001914207592,0.006654444804,0.006321397745,0.002531075311,0.008756445112,0.0140500119,-0.005275269201,-0.002145887277,0.01017992858,0.00536836709,-0.0006389557326,-0.0006166040908,0.006026039708,0.002918506201,0.00750021299,0.003245827832,0.006842923558,0.003502366317,0.01774429376,0.01407439543,0.001870910949,0.02579767166
2010-05-31,0.001533661679,-0.00331159743,-0.004103619737,-0.02401218362,-0.003062760492,0.002520893077,0.005494404158,-0.00338972672,-0.0007651687468,0.0005214121323,-0.03167266956,-7.541347941e-06,0.004416482514,-0.03070011105,-0.03395296893,0.01118433565,0.01461400179,0.01073322038,0.008934901966,0.008060657061,-0.003117136892,0.001200113047,-0.00388938113,0.003116096779,0.01095478527,0.007533716094,0.002828980139,0.01088651957,0.003830209329,0.001433980233,-0.03413171318,0.01971382028,-0.033871566,-0.02230927242,-0.02178649876,-0.01474165926,-0.03035352041,-0.008730644393,0.0007892555597,-0.003524193169,-0.0005916311285,-0.0009871671145,0.0007035323315,-0.008036871377,0.001485709214,0.003882931807,-0.03426844119,-0.03758904124,-0.01778737683,-0.04047305544,-0.03938686865,-0.02010702198,-0.0003561921539,-0.003228376422,-0.002325209266,-0.008798490739,-0.02719973156,-0.02868049036,-0.004537165037,-0.04092785012,-0.005278557017,-0.002367857381,-0.007398884158,-0.01386805284,-0.01917087423,-0.007758793971,0.02531841321,-0.0332395258,-0.03317178639,-0.03216325653,-0.002538819906,-0.04314476023,-0.04287550118,-0.04377541107,0.002909304839,0.006181141147,0.01815061492,0.0221416281,-0.01705756062,-0.02421273813,-0.0151584424,-0.02802329048,-0.02373254583,-0.0298052153,-0.00685409494,0.008144174264,-0.00320893361,-0.002926194749,-0.01386805284,-0.005309473923,-0.01560687411,-0.03270604224,-0.0002305593942,-0.007954507531,-0.02370168879,-0.03025279751,-0.02963966948,-0.02749657883,0.005829299595,-0.02443774104,-0.01210904921,0.02191214646,-0.01149431998,0.006615921216,-0.04049600288,-0.03790946882,-0.01265658399,-0.0547521444
2010-06-30,-0.01067312039,-0.008536631041,-0.009628597147,-0.01265067211,0.003667160016,0.005698988978,0.003783971514,0.009605909621,-0.001419455719,0.00862759446,-0.001913121001,-0.00357891509,0.007983212371,0.003396081981,0.001482419539,0.006356184666,0.009520118735,0.009036675857,0.003655390678,0.001208693778,-0.001527827825,-0.009782386548,0.0002315420334,-0.01014358826,-0.01093315375,0.002348167466,0.01000644512,0.009934987287,0.006021916584,0.007346297047,0.003405571773,-0.004196498114,0.001091542932,-0.00239947077,0.006045002265,0.00513541247,0.00398540576,-0.009589429529,0.001812964172,0.0027129286,-0.004889532785,0.003753462244,0.007733359821,0.007624328498,0.006745534267,-0.001977052264,0.003730337933,-0.007502870647,-0.01068392698,-0.00534361527,-0.003106807118,-0.008544268897,-0.0004142301557,0.009800742836,0.004067773702,0.002115319629,-0.01327655047,-0.01262489132,-0.009705096475,-0.00156511523,-0.009298213705,-0.01126552269,-0.008425067513,-0.007740105739,0.008342336815,0.007608278446,0.004144420844,0.001738974429,-0.003572503959,0.003470406911,0.002962534136,-0.003358924777,-0.001970644699,-0.002854297682,-0.01710648438,0.0009911598862,0.001736165664,-0.002611306497,-0.009814146027,0.00320146794,0.003430838609,0.002891378697,0.001975852734,-0.0008478828732,-0.007992112492,-0.008248392274,-0.00136182671,0.003276523795,-0.007740105739,0.001198391707,0.003192745523,-0.01372015008,-0.01154512442,-0.01287921677,0.01012356173,0.007343548072,0.005279375958,0.005247235833,0.01993160141,-0.01107884203,-0.0121513776,-0.003091928385,-0.01020618205,-0.006047349031,-0.001986431786,-0.003908927826,-0.009955134442,-0.0073383939
2010-07-31,-0.001818154684,-0.00284632882,-0.0034277193,0.01274641736,0.004606119989,0.001861997308,0.002298758633,0.008983680407,-0.006265278966,0.004949277859,0.01643155402,-3.228744213e-05,-0.003910693367,0.01728409305,0.02014072452,0.0005108247125,-0.0005226812135,-0.001417840679,-0.006597691081,0.003377884935,-0.00541479872,-0.004555207371,-0.0006050059163,-0.006169948855,-0.009409958093,-0.003440513662,0.004121027161,-0.002863291022,0.001657634975,0.003595076528,0.01670026784,-0.009916429598,0.02042933992,0.009645409276,0.01052537049,0.01074088751,0.01724971477,0.004179574623,-0.001969474713,-0.00116386578,-0.002446622308,0.005976522612,0.002977564111,0.007201798751,0.008506151958,-0.01219120268,0.0185979517,0.0263173581,0.008027501357,0.02591986405,0.02191704474,0.01478261341,0.01082900175,-0.007306857708,0.008187460123,-0.0007571658339,0.01649962928,0.01464440591,0.01117464225,0.0210248032,0.00747393681,-0.008924918223,-0.001124575707,0.004098297509,0.002095763928,-0.00324857302,-0.004676578425,-0.02130530946,0.01865527778,-0.01781000249,0.003011503989,0.02162930815,0.02274753632,0.02202600791,-0.003840036269,0.006206458488,-0.002899085526,-0.005883337931,0.006950171958,0.01695727602,0.01369438672,-0.01949352057,-0.003342250613,0.0009159882377,-0.0007744506907,-0.008286855165,0.003017664666,0.0080244064,0.004098297509,-0.008560733064,-0.007810147233,0.01912714789,0.001655192928,0.004560568892,-0.005130609325,0.0106014088,-0.01215360507,0.0009713397173,0.006153678947,0.01101798263,0.006936166392,-0.006286864814,0.01246152823,0.003640061282,0.02082181436,0.02042496652,0.005130005359,0.0281434269
2010-08-31,0.0005255473545,-0.009226316198,-0.007836014337,-0.01299871039,0.0001095895089,0.004737251853,0.004118942887,0.005521551967,-0.00642110455,0.009299127604,-0.005043327285,-0.009380595245,-0.00284774606,-0.006175292864,-0.007549322606,0.0006419129901,0.003597514249,0.0125853399,0.002305821907,0.003846645012,-0.01045359344,-0.007557095484,-0.002589641895,-0.00963533247,-0.009160773274,0.001617605242,0.01681695092,0.003597073642,0.01616201772,0.00694246986,-0.004720737277,0.000608883989,-0.005398114824,-0.007465642309,0.0005405511592,-0.002523691949,-0.005916541364,-0.01569407544,0.001958245866,0.001131224873,-0.009468721913,0.002269620845,0.001209958028,0.0004893466348,0.01196093638,0.004732572394,0.0001840107011,-0.01150766413,-0.01390601955,-0.01236413543,-0.01095895932,-0.01095432084,0.003441879349,0.005974432092,0.001051725831,-0.001550767764,-0.009433840796,-0.009347001825,-0.001318902026,-0.008026456753,-0.005151646615,0.01179702063,0.004109759111,-0.002916684698,0.002542597954,0.002624409862,0.008807116874,0.002440853659,-0.003054188062,0.01052588233,0.002696961926,-0.006495813101,-0.005244993877,-0.005315836767,-0.01379842949,0.01027272286,0.006749261621,0.003896198487,-0.01335209918,0.00986541004,0.0008716550628,0.01152116234,0.01126426388,0.01269578625,-0.004676570812,-0.006929772227,-0.0003371640341,0.001009664302,-0.002916684698,-0.001556539088,-0.00316978485,-0.009924065691,-0.004668005189,-0.005652722547,-0.005934500996,0.004239288473,-0.0004510111688,0.003918183936,0.01475044815,-0.01399728013,0.0001614542372,0.00327749348,-0.004814534851,0.000608933523,-0.00878174188,-0.006799869214,-0.01154207473,-0.01127448035
2010-09-30,0.002318325948,0.004660874079,0.005148611182,0.01184047779,0.0030770285,0.0001059385892,-0.003831271258,0.01338584181,-0.005406094477,0.004819767042,0.02225975632,-0.004096797246,-0.0009029811278,0.02111046969,0.02596558789,-0.001802926952,-0.004563858865,-0.002560077908,-0.00599627327,-0.0002379716554,0.006062989485,-0.003038312874,0.001754992599,-0.00142060716,-0.008235374619,-0.000891336816,0.006473077337,-0.0001794342563,0.006245833928,0.003142400068,0.02696947809,-0.01543324392,0.02534781085,0.01037147351,0.01832465285,0.01009851609,0.02059054327,0.0003972361365,0.002665905017,0.001105517924,-0.005895808202,0.002434117025,-0.003090772004,0.004226119191,0.008297500443,-0.004195560887,0.02583275621,0.03690878382,-0.001279376504,0.03123232071,0.03265692454,0.01568980003,0.005794746995,-0.006275168879,0.001788241952,-0.0009760736633,0.0126076601,0.01349679663,0.005514860961,0.03039605448,0.01082070985,-0.01243609126,-0.008950010522,0.001979886131,0.01248988479,0.01352693294,0.00550920851,0.0145288339,0.02612104421,0.02054046516,0.004209430659,0.03067840283,0.03055259152,0.03067811475,0.00858877588,0.00954197431,0.005463672863,-0.008921254059,-0.001333772387,0.02015693885,0.02697521,0.006937468404,0.01228256336,0.01766392542,0.003724654969,0.006920042971,0.002936131359,6.730258284e-05,0.001979886131,-0.007753961384,-0.00802223675,0.01375525756,0.007719403987,0.01202361246,-0.004378125348,0.0167103302,0.01875076574,0.01535689158,-0.008538183897,0.002286052316,0.01676278898,-0.005288047736,0.01309553343,0.005692621256,0.03079526128,0.02821468674,0.009473764914,0.03328622832
2010-10-31,0.0004611585067,0.003059351931,0.00252418172,0.01451505129,-0.0003652324941,-0.006499899728,-0.007567351073,0.002159273483,0.00520681277,-0.005075050396,0.01307043302,0.01293442792,-0.00770387066,0.00956605616,0.01314734524,-0.01353676473,-0.01521862248,-0.01498054618,-0.010103263,-0.009059850636,0.003490324916,0.01213772775,-0.000251803362,0.009324176234,0.006987344538,-0.01161447775,-0.008790816876,-0.01303852853,-0.008045952661,-0.0009175312915,0.008804847041,-0.00561945045,0.01087857678,0.009256537832,0.0003270297172,4.074325511e-05,0.008794260508,0.01828754762,-0.001644492435,-0.005172533046,0.003270776646,-0.003614860205,-0.007942513764,-0.004138763831,-0.001877017619,-0.005234253688,0.009238239666,0.02279416835,-0.007584689716,0.02441111431,0.02026274742,0.01559721279,-0.01106829105,-0.005168767574,0.00397740018,0.001407956362,0.009277828553,0.009597260304,-0.002702628334,0.01309338218,-0.000817597305,-0.007727398026,-0.01225512115,0.008644411082,0.0003364233021,0.002292450213,-0.006700135345,-0.006257293623,0.006928383856,0.001003003098,0.007452686688,0.01444215545,0.01379906176,0.01417934486,0.004324036815,0.002496284924,0.007941055562,-8.813923389e-05,-0.008017500245,0.0001223977083,0.003381723539,-0.004902890459,-0.01188362011,-0.008735738153,0.0006953437002,-0.002019290111,0.001837154047,0.002454765248,0.008644411082,0.005275960648,0.007613850194,0.01294469135,0.001935102905,0.005273560727,0.01540861335,0.004908242899,0.01110573088,0.001686864306,-0.00229316504,-0.004293289414,0.009183397064,-0.0004610037894,0.01574847438,0.01310462072,0.01347140497,0.01342664413,0.00293886124,0.02366242332
2010-11-30,0.001400018469,0.01070518408,0.00936578088,-0.002196418633,-0.002686368992,-0.001351536315,-0.002045536464,0.003112822299,-0.003288809686,-0.002684050288,0.004131539483,-0.001869355732,0.005476931554,0.001190588517,0.001271745588,0.003789530766,-0.000682894242,0.001118357827,0.005701529444,0.002277450553,0.003115220159,-0.001286308696,0.003556604036,0.00548667394,-0.0002744596466,-0.002660758652,-0.00314471583,-0.001099176645,-0.005338606121,-0.002977999926,0.004198257685,0.001794356447,0.001752987413,0.001185601493,0.004211023254,0.0005683267414,0.002728446967,-0.003046394823,-0.002493395024,-0.002445012293,-0.0001769951753,-0.001385494768,0.003682229877,0.002843161351,0.006300631571,-0.002743274949,0.004622413505,0.005559854792,0.002154135034,0.006067984159,0.00658999714,-0.003765998515,-0.003904582588,-0.006321923735,-0.009296730626,-0.0005624666764,0.004125559414,0.003839875793,0.003840361959,0.001552506679,0.004232299931,-0.001840970529,-0.0004569252803,0.002728194967,0.001494326926,0.002779975215,0.004470046169,-0.002433859311,0.001508142641,-0.000974528443,-0.003809525478,0.002853428478,0.002249689985,0.002490526321,0.009769252475,-0.001178139498,0.001757842296,0.001417292509,0.002306224849,0.003539569598,0.004430750692,0.002198449968,0.000439622752,0.00147093715,0.007641716719,0.006088003946,-0.003090485067,-0.00697900118,0.002728194967,-0.00525269659,-0.004223952411,0.002709562648,0.002329590399,0.002456988647,-0.006092490047,0.001191038392,-0.001973893529,-0.0001950970521,-0.01434872521,0.002538337531,0.008799571939,0.00410155743,0.006792870424,0.004393966831,0.001085844795,0.001068313362,0.008179982864,0.006111631559
2010-12-31,0.003293462252,0.007681078806,0.008821750823,0.02262423299,0.002487075108,-0.001967018798,0.0007040376533,0.005364297172,0.003853099724,0.002137447197,0.02677611533,0.0006509028797,-0.005320259463,0.02532830263,0.03199471049,-0.001819228153,-0.006357196539,-0.007999163766,-0.004389799286,-0.001719852479,-0.0006614089213,-0.003056334432,0.002390540178,-0.01015441971,-0.01604799715,-0.003134849642,-0.003253993314,-0.003730305128,-0.007664507156,0.004727671292,0.03019801239,-0.01354813786,0.02965806914,0.01413080939,0.0189689063,0.01004944079,0.02718553774,0.007868545696,-0.0009080862426,0.0008454678546,0.0008001887933,0.00601272242,0.001441309407,0.007208073213,0.002294485565,-0.006731475484,0.02689845927,0.03036998175,0.02086016283,0.03517074378,0.03559645055,0.02684619,-0.003556567699,-0.003674330589,8.571530167e-05,0.0007536035709,0.02436735465,0.0250747433,0.01015468177,0.03389375038,-0.002659376119,0.003327342138,-0.01043951306,0.002145992051,0.02401350331,0.009679067561,0.004838205696,0.01900913277,0.02047207583,0.02385339422,0.002531907309,0.03277619031,0.03297069785,0.03415374978,0.01206687758,0.006703392837,0.0006929611552,-0.008801319125,0.02035579037,0.01303424759,0.0218962041,0.01866223333,0.005974781443,0.005324000055,0.009586817163,0.002443981195,-0.004439455075,0.0002533387323,0.006244501019,0.007851750199,0.003182793883,0.02904022717,0.009680544301,0.01029905571,-0.001369837001,0.01496877959,0.02179512251,0.01374436563,-0.01304054898,0.0217266238,0.02081514984,-0.01508730024,0.01783112232,0.001504810845,0.03451928539,0.0351921317,0.01633739154,0.04050954798
2011-01-31,0.008339964306,0.01808172141,0.01778170123,0.01663039201,0.0008262533991,-5.19559097e-05,-0.0002446591909,0.008655195041,-0.003832985054,0.00121713935,0.01856839705,-0.005853144369,0.0002795788308,0.01833786221,0.02093980335,0.003598974048,-0.002722493688,-0.003756269386,0.002660452428,-7.25903499e-05,0.00234745952,4.576597801e-05,0.0006636862823,-0.005855503828,-0.01096083715,0.0001532189533,0.0004586431933,0.003329512058,-0.001939134945,0.0008746949918,0.02260023692,-0.01630775839,0.0214547979,0.01164311906,0.01889180928,0.008129474177,0.01947201062,-0.002558460353,0.003996335043,0.004627510986,0.0005339636484,0.002230451243,0.001092144895,0.002499316125,0.007122622519,0.003769622011,0.01903353389,0.02566830718,0.001772748321,0.02571673335,0.02654931367,0.01444146681,-0.009192258348,-0.004541249644,-0.003403268635,-0.001495709534,0.02314387543,0.02306475506,0.005782325248,0.02409107033,0.003748035876,-0.003531815606,-0.00894823373,0.02014488553,0.02136207121,0.01425050877,0.01148168592,0.003116926743,0.01647123081,0.008882962604,0.002086752151,0.02671356359,0.02590285258,0.02636354789,0.01771225084,0.008765691313,0.001889929381,-0.01060257244,0.002252441319,0.01074612716,0.01519923791,0.007958434473,0.008800419688,-0.001705189802,0.01382052117,0.003949178179,-0.001408339447,-0.002304581347,0.02014488553,0.004188393474,0.005321029272,0.02256705378,0.01242208316,0.01613879713,0.004457796162,0.009415425978,0.0102046501,0.01369835833,-0.01464423901,0.003009951428,0.008641359409,-0.0132483192,0.004934572175,-0.002948456034,0.02521541083,0.02223426154,0.0195048813,0.03030652506
2011-02-28,0.007808161651,0.003260284341,0.003355247479,0.008999809564,-0.002593010961,-0.002249967722,-0.00269350024,0.004529125678,-0.001170409125,3.235334815e-05,0.01530360668,0.0005456844719,-0.007375735841,0.01214418523,0.01435681575,-0.001787619811,-0.006143090354,-0.003215010096,-0.005686601608,-0.003026729134,0.0004012218167,0.0004898136937,-0.001863458267,-0.003518776618,-0.00710014837,-0.00427191561,0.004228119397,-0.0007185002192,0.003219398681,-0.002793413119,0.01390963596,-0.007383808915,0.01448768764,0.006763717513,0.01297190087,0.002679043725,0.01122692033,-0.0007867229383,-0.0003294913334,-0.001704698593,-0.001838676063,-0.003469392815,-0.002731023821,-0.0002029255004,0.001535252246,-0.003684393251,0.01267510164,0.01192297975,0.004161711997,0.01898545489,0.01807053153,0.009270805709,0.0003358837875,0.001702230406,0.0008914381705,0.0008752790737,0.01131114718,0.01153943703,0.002305326881,0.01598933852,-0.0009075340161,-0.00464380004,-0.002457236562,0.003512406774,0.01214307968,0.002093926574,0.0003214760469,0.007028008676,0.01067038068,0.007855881637,0.003352345845,0.01648710318,0.01628272413,0.01705228026,0.0007953123304,0.01191518728,0.009555662947,0.001563856533,0.003569564115,0.01555027403,0.008214657862,0.009085837198,0.01387768149,0.009733251394,0.002331133209,0.001441878574,-0.0004546890276,0.0008263250346,0.003512406774,0.0009946845041,0.004201519501,0.01279061044,0.005006736287,0.005811718695,0.005130940522,0.01413907069,0.01664446324,0.01549745743,-0.002053386014,0.003915048241,0.01389766151,-0.002873893684,0.008621905386,0.00398378249,0.01556266454,0.01538360835,0.006374233436,0.0217929565
2011-03-31,0.004299289513,0.006257215192,0.004823392776,0.001540857646,-0.0003992227807,-0.001873105279,-0.001557086404,0.001509478601,-0.001671074674,-0.0004525296495,0.002497744294,-0.001144339437,0.001307298198,0.002491731617,0.003407214231,-0.001105758998,-0.002728285589,-0.001092095231,-0.0007986977014,0.002042458567,-9.228029102e-05,0.001255340735,0.001003753719,-0.001434652239,-0.002751635609,-0.002967574093,0.002492645962,-0.0008848135916,0.002431226381,-5.083883517e-05,0.002975500222,-0.001950722996,0.002719336206,0.002010751145,0.003497587745,0.002086498229,0.0008430795808,-0.00428664801,0.003089901056,0.002398892567,0.0005323204416,-0.002112447423,0.0002704286762,-0.001565330676,0.002041857243,-0.002644776516,0.002094572643,0.004745290236,-0.001994533393,0.005854927689,0.00443943007,0.0007131198426,-0.003575948629,-0.00203082978,-0.002965802801,-0.000695611281,0.005501062293,0.005654190554,0.001126402404,0.00372284692,0.003528683278,-0.00125614603,0.002705246194,0.005122563189,0.003532202975,0.0003384650367,0.003645822697,0.004508262887,0.002280745152,0.004409793866,-0.0004218461788,0.004858385106,0.004672335951,0.004927486669,0.006458973183,0.0006903326272,-0.0007786559272,0.001105326776,-0.001852156226,0.001092423208,4.199340437e-05,8.467189159e-05,0.003632183526,0.001324519812,0.005807564168,0.008126906704,0.001498182661,-0.002437778763,0.004990486445,0.001586078501,0.001603928015,0.004746898078,0.005548959064,0.005581723539,0.002005904711,-0.000370147279,0.0007093243517,0.0006062138297,-0.008451073205,-0.001724696993,0.009104813234,0.005868680938,0.008071918063,0.006452470834,0.003339059699,0.004046412192,0.006464083197,0.006157557285
2011-04-30,0.002385512664,-0.005584911463,-0.004617031934,0.003746962054,-0.005073463077,-0.003803336945,0.0006233671451,-0.003235768598,0.001311487616,-0.0004562006114,-0.001312606208,0.005770333754,-0.004813049741,-0.0004789450283,-0.0007991306792,-0.005374342826,-0.004203112192,-0.004922910985,-0.00277251864,-0.003577870933,-0.000518137829,0.002743044891,-0.004137964913,0.0003839151319,0.001348818118,0.002118791451,-0.004333115312,-0.002004290365,-0.002288728677,-0.006409832854,-0.001208448763,0.004862074828,-0.0005092404002,0.001320997432,-0.0005369865224,-0.001890500147,0.001355388507,0.002713399025,0.0005129389798,-0.0009592895151,0.006812714381,-0.005835557075,-0.001182128733,-0.0007676434437,-0.002564561935,0.004650890012,-0.001275361475,0.0006098120013,0.005289257761,-0.0008054714688,2.043898041e-05,0.004797884253,0.005657286371,-0.00109605039,0.004596880835,-0.0006159914163,0.0001012084051,-6.761374203e-05,0.001058981208,-0.002987876165,0.005732940098,0.007458412958,0.00437942898,-0.001183645057,-0.003114177757,-0.003828202935,-0.002873634464,-0.001724114482,-0.001030737049,-0.004062352701,0.00269756808,-0.002997727475,-0.004037135055,-0.003464172681,-0.007827281986,-0.002060435471,-0.001079743666,-0.001220931545,0.004715672165,0.001276636723,0.0004384852588,-0.00150956494,0.001377202593,-0.001094575518,-0.003796896192,-0.004685758162,0.001180916285,0.003803599543,-0.001183645057,-0.003252890168,-0.003561768211,0.001150468508,-0.003452559351,-0.004055983141,-0.004596776194,-0.005284801932,-0.003623296218,-0.003204040198,0.01078327243,0.005624481144,-0.00123572649,-0.0004382665301,-0.004064609033,-0.004807416941,-0.001839227022,-0.002274519941,-0.005038160505,-0.0009308908365
2011-05-31,0.003105036287,0.0007456759157,0.0002621080232,-0.004380704161,-0.003519570855,-0.0004083504656,0.002598936387,0.003497679132,-0.0002465015682,0.00576004592,-0.0008882900888,-0.007097939375,0.001024751767,0.001369010815,-0.002501733365,-0.004277269794,-0.003491143837,0.002494539672,0.001114224551,-0.003573384481,-0.00375926892,-0.003561826852,-0.002089226706,-0.00451689394,-0.00834776683,-0.002197781743,0.008389054385,0.002682125892,0.004871370536,-0.004242147947,0.001141573799,-0.002257994575,-0.002000580929,-0.0002225037048,0.003128309834,0.0005318198741,0.0009683597918,-0.0101358504,0.0001281168762,-0.0001769530001,-0.003360009189,-0.004480173019,0.000647599228,0.00124318928,0.007390224384,-0.0005637048341,-0.000265415966,0.002652416606,-0.007867357554,-0.002331936313,-0.002009636461,-0.00622544337,0.002439096129,0.001192676813,-0.002831560311,0.0008268369477,-0.001689232482,-0.00189275549,0.001255757581,-0.001095813138,-0.00356823657,-0.003085337122,-0.006476037234,0.0001843021884,0.003168492454,0.003921879619,0.005224478302,0.01094548461,0.001857872773,0.008453636577,0.002897418737,0.0006970714379,0.0007664275191,6.020559809e-05,-0.003351321222,0.003770505639,0.007337387298,0.003605739095,-0.007840538678,0.00534177896,0.01005821221,0.002966259273,0.0007301214756,0.0029486872,0.002541929964,0.001758980172,0.0006818590018,-0.001732631077,0.0001843021884,0.000922695855,0.002418671472,-0.003167505017,-0.0007707941615,-0.0001208370704,0.006866566079,0.006611943527,0.0040930384,0.003818627779,-0.0009481823094,-0.006521216966,-0.003008204325,0.00195772897,-0.001732325441,0.001488166351,-0.0012223107,-0.0009832859804,-0.001808403767,-0.001571765462
2011-06-30,0.001500569837,0.0002748976182,-0.0004060086283,-0.005199951397,-0.003922950668,-0.002399522116,-0.002040284184,-0.001315135413,-0.003368867074,0.00109503267,-0.007139130286,0.0009069874549,8.660343378e-05,-0.007958264309,-0.008088487697,0.003595882351,0.001488283623,0.002490399401,0.00292243963,0.001679434443,0.0005344140403,0.0009435806539,0.003513761573,0.003619402255,0.0009603575871,0.001180198679,0.00171799445,-0.0003491482949,0.003720721459,-0.002740535671,-0.003251278405,0.002529268029,-0.007140496601,-0.007478681264,-0.004098935633,-0.005830743951,-0.009107783525,-0.005575199568,0.001926844776,-0.0004190650728,-0.008086378302,-0.003318321034,-0.004264326995,-0.007734308447,0.00164375045,0.001019609685,-0.005782017953,-0.007173986818,-0.001417556485,-0.01070416284,-0.009555813066,-0.005081538234,0.002162888891,-0.0017533798,-0.004577665292,-0.00130904523,-0.006704517875,-0.007540165799,-0.001627864134,-0.007835156357,0.001311382075,0.002272272535,0.002059241881,0.0008906729093,-0.005606808318,-0.003569056963,0.001625715961,-0.00156666487,-0.006236785881,0.002720921882,-0.002870377976,-0.007602556144,-0.006982269325,-0.006376096315,0.007516296507,-0.005794765132,-0.006874054668,0.003758024109,-0.001299533356,-0.005939879315,-0.006674821531,-0.0004914267989,-0.00771024753,-0.01119237733,0.0009035265006,0.01070251136,0.0006832342613,-0.004700926712,0.0008906729093,0.003888618095,0.002531604731,-0.009022297202,0.00288841041,0.001105132162,0.002383838956,-0.007975987155,-0.00230291842,-0.008497992527,-0.01063193195,-0.001646681418,0.0007897424565,0.01004175655,0.0051012688,0.00643266751,-0.008696338269,-0.007418180454,0.001029777819,-0.01198441837
2011-07-31,-0.01101772683,-0.01478416947,-0.01263906126,-0.01377488938,0.0002594970875,-0.003006596799,0.003590423748,-0.0003752094696,0.0004588862133,0.004812288499,-0.005858361168,0.0002060375368,-0.0006319697133,-0.004538405723,-0.009147932965,-0.006131272498,-0.004724366984,0.001917903723,0.001426130327,-0.002442305155,-0.006108706039,-0.004791922711,-0.002206470828,-0.0009693356111,-5.52460429e-05,0.002099960346,0.003041014232,0.006674395123,0.005143386949,-0.002762972635,-0.01086426278,0.001200534661,-0.008411302639,-0.004068249008,-0.005427339574,1.191429065e-05,-0.003187393145,-0.002965353872,-0.002391960062,-0.001990866239,0.00747550482,-0.002013583978,0.0003532592061,0.002289768994,0.00147170841,0.003903051274,-0.01006888136,-0.01086710337,-0.00609978368,-0.008279936282,-0.00884691083,-0.01081257929,0.001934731355,0.004237155017,0.007684688214,-0.001334173811,-0.01783177924,-0.01747420449,-0.005111014504,-0.01347407383,0.005269725344,0.01193419654,0.0008358519452,-0.02068043217,-0.009910349973,-0.0103871292,-0.00398003331,0.0003172822325,-0.01017852289,0.00821972826,0.00396839234,-0.01347246276,-0.01325152111,-0.01346167819,-0.02382504653,-0.010000842,0.001845658362,0.0001189649845,-0.006316200709,-0.0006737291257,0.006741698754,0.009469351176,-0.00534509002,-0.006400173997,-0.01407826112,-0.01202473086,0.000782110219,0.006741817945,-0.02068043217,-0.0002134572823,-0.002221654855,-0.01530588831,-0.01894181136,-0.01975411167,-0.009055125169,-0.008938899823,-0.007276797795,-0.01092986564,0.01980853169,-0.007390793319,-0.01020886564,0.004107805167,-0.00936312411,-0.00329171384,-0.01378224295,-0.01197879294,-0.02056391959,-0.01159275469
2011-08-31,-0.004319399668,-0.02220284433,-0.01962764505,-0.04115928488,-0.009114870291,-0.007182213788,0.007557733661,-0.01822979315,-0.001531807706,-0.004906081402,-0.05295120277,-0.0004754481333,-0.002503826268,-0.04540081857,-0.05751743682,-0.001083001433,0.006803289096,0.01977099297,0.01485514572,-0.005447107303,-0.01125961798,-0.00385864828,-0.01172967221,0.008067863635,0.0122884475,0.02955530995,0.003061953302,0.005708580453,0.007036846631,-0.008822066679,-0.05009845329,0.01648229556,-0.05679705458,-0.03260262119,-0.03260746871,-0.01082978965,-0.04672506949,-0.01845715317,0.003429867238,0.003497212158,0.01036302487,-0.007789954061,0.002915081071,-0.01499673958,0.001480638187,0.01529501097,-0.03356970085,-0.0597694299,-0.02576636492,-0.0597312481,-0.06046693857,-0.03700929252,0.006178158804,0.02397502377,0.006807621068,0.01009949666,-0.0479042122,-0.04680796924,-0.02128723152,-0.05889659278,0.0160593928,0.0247340104,0.0230439862,-0.01799699604,-0.04997076552,-0.04171587273,-0.01202691894,0.02215135521,-0.03979620207,0.01410738715,-0.00148592985,-0.05929184569,-0.05945733627,-0.05869401314,-0.02327149873,-0.03608612573,-0.02108831131,0.01316757794,-0.0238143746,-0.02993812466,-0.02963423536,0.03148256913,0.009628003343,-0.0288918193,-0.01825712773,-0.0008070327332,-0.009301093285,0.004185272996,-0.01799699604,0.01114615112,0.01132845742,-0.04914352388,-0.01790478841,-0.02540937709,0.0200422923,-0.02661758908,0.006588618125,-0.01743602794,0.02540112862,-0.0332666364,-0.01917879623,0.03845226429,-0.01175231154,0.01226968299,-0.06078389417,-0.05594240282,-0.0312431282,-0.07501118826
2011-09-30,-0.001331372888,-0.02163312161,-0.01753275253,-0.05228023504,-0.005300997231,-0.0003279405365,0.004834298226,0.001128463426,-0.01875122062,0.004554832218,-0.02923086773,-0.01132891997,-0.007583401327,-0.03046528256,-0.04211100316,-0.01439032482,-0.006511922822,0.0248582986,0.01681904654,-0.009850763154,-0.02979089,-0.003489935901,-0.02028946608,0.007374698594,0.005412996389,0.01779946243,0.03516719408,0.02456412283,0.03395142872,0.002296040764,-0.04071042024,-0.01260419329,-0.03674733381,-0.01265431031,-0.01851324763,-0.01582088702,-0.03292359594,-0.03299789434,0.008881280594,0.003392858301,-0.0004228943601,-0.01024490557,-0.002522262562,-0.01075990938,0.002277221231,0.01039239872,-0.03803496392,-0.06129411098,-0.01838118215,-0.0425735892,-0.04347027946,-0.04880714494,-0.02878092358,0.02748546451,-0.01153909703,0.002310290481,-0.05875754078,-0.05534598161,-0.03977363602,-0.03914878303,0.00140945571,0.0266066078,0.01936665184,-0.01359014574,-0.03118605524,-0.03469372865,-0.007662893256,0.03372759206,-0.02704848666,0.0445062518,0.008137692213,-0.03353103264,-0.03462240203,-0.0387540807,-0.04031320886,-0.01281759407,-0.0167837736,0.009568166402,-0.01469820595,-0.006218938853,-0.02414408662,0.0400606542,0.04130699039,-0.004415972513,-0.01144863985,0.008645333314,-0.001237005227,-0.01144556364,-0.01834474915,0.006208793509,0.01560761455,-0.06647738475,-0.02250560412,-0.02862484149,0.06025388451,-0.007359591746,0.01808958937,0.01159619046,0.02269512092,-0.02493928034,-0.01371064777,0.006304136859,-0.01480822702,-0.0001781439627,-0.04348272176,-0.03532821271,-0.04798782665,-0.04565094467
2011-10-31,-0.009409753766,0.003011807205,0.0003361617436,0.04211076291,0.01747267419,0.01596916206,-0.001105784073,0.004438221333,0.01914553569,-0.005836350996,0.04332980054,0.00242869608,0.009606303769,0.04491030774,0.05819636677,0.01884074105,0.01292912056,0.0007346546335,-0.008524727153,0.004539553989,0.005921551583,-0.0137328493,0.008265715005,-0.02117721127,-0.01563828718,-0.01646379575,-0.01594335174,-0.005775333182,-0.01759406965,0.003642030868,0.04962292543,0.03521843885,0.04788432016,0.01576428552,0.03494544739,0.02442431126,0.0488690304,0.0244494027,-0.001859827481,0.004418859866,0.01925676654,0.01552673924,0.004724276331,0.0174126736,0.001998181064,-0.01998663913,0.04738569108,0.04890004157,0.03876075394,0.05208394528,0.03966198444,0.04401610482,0.01320647459,-0.04320925829,0.01423937814,-0.01374700925,0.03724027898,0.03784310306,0.01827051648,0.04911482064,0.007484820142,-0.01763329835,-0.001111091872,-0.00191227089,0.03066896999,0.03443645854,0.01307185917,-0.04402480238,0.003295379655,-0.03788960613,-0.001944780378,0.03382907217,0.03426997732,0.03930255998,0.008397005233,0.01694997352,0.02357118894,-0.009287403749,0.03710062797,-0.01996631439,0.03255034567,-0.05945802316,-0.05276444806,-0.04136453662,0.01392995274,-0.01261620046,0.008274063576,0.0136056804,0.002888401285,-0.006613296083,-0.02661085625,0.04523230577,0.009417620186,0.01114449326,-0.0597643939,-0.01401467242,-0.04905628396,-0.04023422569,0.004659203137,0.04464507887,0.005751595613,-0.0167513647,0.02044660421,0.002332703158,0.05606201076,0.0473939412,0.02258461417,0.05617718005
2011-11-30,-0.003801430898,-0.01073157145,-0.008395118061,-0.04450966959,-0.01776566783,-0.01337108434,-0.01707538068,-0.007427409016,-0.01603542625,-0.001792079191,-0.03360637006,0.0006485062115,-0.0176775328,-0.03736299515,-0.04374669348,-0.01848572434,-0.02068081545,-0.004557359002,0.006652591626,-0.01022428456,-0.006643985342,0.02065640879,-0.01190744739,0.01894800021,0.01568943919,-0.004039960224,0.02027847356,0.005261802492,0.02889120474,-0.008649832077,-0.03640070158,-0.01485726356,-0.04171444774,-0.01177122235,-0.01946957888,-0.02863930826,-0.03857726069,-0.01839390039,0.008532776614,0.004450607086,-0.02525819852,-0.02378172224,-0.01673851279,-0.02571260512,-0.001594691522,0.02473935371,-0.02160695172,-0.0388345632,-0.02994198542,-0.03016840058,-0.02622624371,-0.04296925587,-0.03426853335,0.03539833724,-0.01088958658,0.01126765355,-0.04297034064,-0.04112268507,-0.03718381035,-0.04349167665,0.01275590095,0.03424292507,0.03011997665,0.00992712355,-0.02167325359,-0.02342620459,-0.007166233214,0.02231488087,0.02653121362,0.02750112358,0.006761425241,-0.03417209303,-0.03474057089,-0.03888887239,-0.01841886531,-0.001577469211,-0.01150780589,0.008601543039,-0.02794824027,0.0551465947,-0.01900012428,0.05671315368,0.06109279624,0.06146125821,-0.01354679844,0.01543567587,-0.004048641618,-0.008607870104,-0.0003500329082,-0.001203473308,-0.001682930059,-0.05104696705,-0.01169991978,-0.01866939141,-0.03546193995,0.02280244444,0.04190678339,0.0401235643,-0.008640616043,-0.03290651841,-0.002016709434,0.0242896717,0.003124903571,0.01423249411,-0.04821852801,-0.04185745667,-0.03307474009,-0.03689642146
2011-12-31,-0.01236020877,-0.02003131211,-0.0171005846,-0.001325340723,-0.003866859152,0.0009212577673,0.001005739704,0.004820454432,0.009397673987,0.004502511453,0.003819932682,-0.002839499572,0.003925203307,0.006831768358,-0.002049983681,0.00207281935,5.376229289e-05,0.008732219766,0.01782251836,0.0020424047,0.002111483441,-0.01275095439,0.0009178593229,0.004708483861,0.004168609294,-0.001972057085,0.007628006253,0.01303525034,0.01247920373,-0.0007594819938,-0.002368529007,0.007639580112,0.003229146888,0.00474533106,0.009233761171,0.009712325881,0.003057159875,-0.003880924214,-0.001765103652,-0.000603650995,0.01141756941,-0.001243630184,-0.002278401655,0.006597756962,0.0001581590308,-0.002689380928,0.0019448227,-0.009759223214,0.01435662893,0.003346172867,0.001318672513,0.006150666685,0.004811468143,-0.008956358938,0.01035207001,-0.003454670369,-0.003346756433,-0.004194184687,-0.003676959642,-0.008386025473,0.01756579641,0.01932876116,0.02178040094,-0.01353802791,-8.764697423e-06,-0.004556268027,-0.006201400748,0.01285259342,0.006262419765,0.01459229065,0.00589962074,-0.009719056499,-0.0110109419,-0.008306311776,-0.02158464223,0.004039932305,-0.003226989753,0.005341539691,0.01358910331,0.01697524229,0.008184867861,0.01832280805,0.01439499639,0.01036997174,-0.01333873041,-0.01249199486,-0.001805381299,0.007901243703,-0.01308946775,-0.007578445349,-0.01704772118,-0.0005721900595,-0.01264105865,-0.01688117397,-0.01493745537,-8.287310927e-06,0.008638689792,-0.002103713325,0.02526543693,0.01004955613,0.004691029324,0.002026715321,0.003500617587,0.000867808005,-0.002982907713,-0.006798155531,-0.01466350153,0.00377845983
2012-01-31,0.008010405124,0.03486950303,0.03042009906,0.03602059323,0.005381549285,0.0001203876497,-0.003060052613,0.001343943612,0.04302025646,-0.01041302536,0.05194020051,0.0156617924,0.02099204962,0.05326513731,0.06503628704,0.0001026427665,-0.002254822095,-0.02731230503,-0.01312295052,-0.01871600754,0.03038132961,-0.004264556963,0.03081024731,-0.006401881397,-0.009296158894,0.003060298975,-0.04106194597,-0.01877520972,-0.05011434528,-0.0021569916,0.06387727844,0.04610072309,0.05760152053,0.04098770323,0.0336254595,0.03861052601,0.0560709456,0.0360666238,-0.008726966859,-0.00172151888,0.01516206204,0.03175029085,0.02452304473,0.03052970221,0.009379136357,0.002814015125,0.06304508264,0.06999847574,0.001492576491,0.04554572778,0.03799990102,0.03016762277,0.006739045457,-0.04032959349,-0.003379805409,0.004159487034,0.04120474971,0.0411022941,0.02810911426,0.06719746836,-0.001496354693,-0.008721472096,-0.02141016832,0.02304149363,-0.00728582509,0.03596640723,0.02487302394,-0.03483206561,-0.03712059433,0.007289167632,-0.01048741957,0.04885096914,0.05541596718,0.05665884638,0.03901390948,-0.0132770005,0.02001514452,-0.0005417889891,0.0003088058197,-0.05165299105,0.03030198187,-0.007981461119,-0.06794148159,-0.06065649494,0.02359604425,0.002927516684,-0.002813223928,-0.0003790400028,0.02304149363,-0.006576966872,-0.004743866543,0.04498513271,0.02706356478,0.04057909464,-0.001479589032,-0.03005066421,-0.001028123383,-0.047731041,-0.02138801885,0.01440818728,0.02670658495,-0.009593697915,0.004639282367,-0.00177725549,0.06577602378,0.0627999815,0.04661096814,0.04686931635
2012-02-29,0.008675359471,0.01143416431,0.01038831187,0.02710308995,0.005714062481,0.006437448121,-0.004059769323,0.01013356233,0.01021040886,0.005048507464,0.02859912011,-0.0007109747983,0.006048105937,0.02611830427,0.02855838365,-0.00028235734,-0.00291509396,-0.005040824395,-0.007856084335,-0.00123122434,0.004526019087,-0.002367075452,0.001773198663,-0.003181794989,-0.007988221381,-0.001184113671,-0.004393758554,-0.005720345754,-0.01048251402,0.001699910318,0.02642600616,0.01512742448,0.02979047467,0.01269901104,0.02204954121,0.01857287004,0.02599888492,0.01308913582,0.0009612779818,0.00175004743,0.003098097826,0.009369267605,0.003392772445,0.008693465394,0.007476407169,-0.008023283543,0.02264387456,0.02749070951,0.02436764892,0.03226613374,0.02458193715,0.02208479708,-0.004972137903,-0.02300951632,-0.0007172504988,0.0009576772058,0.02804511971,0.02797091114,0.01618113197,0.03784978332,-0.01152262001,-0.009670271613,-0.01397555751,0.01039453793,0.002825300917,0.01432591454,0.01224883329,0.00786308576,-0.01379752384,-0.007425571443,-0.000720945151,0.03406938123,0.03337178103,0.033005713,0.01247423136,-0.00532295339,0.01245517071,-0.0001897275656,0.02342518053,-0.02656798722,-0.005463199999,-0.01627645861,-0.02773284929,-0.02938923913,0.004776693546,0.0007032791198,0.00512619772,-0.0006788856477,0.01039453793,-0.01036255169,0.002743898361,0.03187200171,0.009284174589,0.01251324578,0.0132789602,-0.006563609835,-0.01328599395,-0.01695309116,-0.003773521703,0.02494617913,0.01533699512,-0.01156674789,0.009851015721,-0.0008395640431,0.04383132549,0.03646212225,0.02106508147,0.03674791188
2012-03-31,0.004446531013,0.009855619182,0.007958690309,0.01385862916,-0.004423271367,-0.007248714764,-0.01154237627,-0.01193630299,-0.000248700402,-0.006673328757,0.005025701801,0.002236945964,-0.006175340018,0.004392729989,0.008368030273,0.002366191292,-0.0001619546064,-0.003091421891,-0.006574677291,0.0002230160043,0.004177365983,0.007501145239,-0.005924118429,0.0004323289733,-0.0009636147969,-0.008230461207,-0.01102080851,-0.0164704638,-0.008168162091,-0.004506718401,0.007619684056,0.006916255879,0.006609798099,0.007757809524,0.002700142427,-0.00235965845,0.006112201169,0.006364829559,0.001941920804,-0.0002930068705,0.006496118931,-0.005096149111,-0.00431091339,-0.008658482262,-0.003905243507,-0.004016968205,0.01270758773,0.01900639778,-0.003040420243,0.01438325862,0.01318748193,0.01105296374,-0.003735043528,-0.01707645704,-0.002379794684,-0.001738511175,0.0137223764,0.01457282595,0.005399986511,0.01776657878,-0.0009852847547,0.01108952276,-0.0004997807664,0.006590065124,-0.01545549371,0.001149959676,-0.006085238755,0.002385014517,-0.01421910221,-0.003849380892,-0.001479311461,0.01029463799,0.01006713129,0.009201909207,0.01502388244,-0.01370210661,-0.01234044043,-0.01027244615,-0.002180354508,-0.01451500923,-0.003486401887,-0.0008840372979,-0.01250741134,-0.01456523229,0.005699313655,0.01122829633,-0.001352495489,-0.002277595013,0.006590065124,0.0003371433912,-0.001508647609,0.01328340566,0.01067816471,0.01265588334,0.0008385746234,-0.008865664559,-0.002877421757,-0.003937295669,-0.0175488538,-4.338920135e-05,0.01501174584,0.01316136822,0.01607029468,0.01545660316,0.01691358034,0.01944111756,0.01282823274,0.01595581598
2012-04-30,-0.002614411804,-0.005979273747,-0.005188556233,-0.007373826302,0.003552511065,0.004741845808,0.00907658541,0.01122415612,0.002916236489,0.009693252283,0.0002421433935,-0.009484113911,-0.002430305544,-0.0001718908083,-0.0001975653409,-0.005478426351,-0.005399546134,-0.00279753961,-0.0020145597,-0.001736725471,-0.008784165483,-0.008980525856,-6.327987677e-05,-0.01072060641,-0.008484856678,-0.001448398649,0.01158142103,0.01782059554,0.006262845417,0.001485024475,0.003568233638,0.004509516091,0.0004871641268,-0.005855856291,0.005448115365,0.003224859728,0.001179273885,-0.01228088732,0.001121598687,0.0008918736008,-0.009616072489,-0.001992869759,0.005841182966,0.008554750699,0.01163552229,0.006199727153,0.004275797306,0.001713202557,-0.01492299258,0.004059770396,0.004189857162,-0.003948486956,-0.005659766278,0.003356539483,0.004119182532,-0.0001722941239,-0.01000679295,-0.008794011577,-0.00916619616,-0.01022258328,-0.006939379919,-0.01901804693,-0.01015538552,-0.001708921617,0.007620765034,0.01089834331,0.01426150329,-0.001287528521,0.008976426421,0.008434979758,0.00165077668,-0.001581070043,-0.0004834478107,-0.0009924017002,-0.008990897342,0.01789707048,0.01974362123,0.01355441309,-0.01482363141,0.0117831698,0.004235272848,-0.001627316352,0.004279144448,0.01060053636,-0.004565567296,-0.004863512646,-0.0001148287565,0.003583388575,-0.001931832537,-0.0001723538397,0.0006213635073,-0.007770302,-0.003700650114,-0.004699712719,-0.0100062285,0.01634682652,0.004837933088,0.003728415939,0.00806297463,-0.01732304438,-0.009645954903,-0.008121233565,-0.002137301589,0.004702965046,-0.01137502432,-0.01085885391,-0.008828969786,0.0008812587663
2012-05-31,0.002677480485,9.332770821e-05,0.001235225966,-0.02021513864,-0.001430503168,-0.002796195035,0.008672868907,0.0005554190585,-0.002033691852,0.00952850002,-0.01734082282,-0.001239460006,-0.008025585963,-0.01324211241,-0.01622938516,-0.008181067412,-0.009756663761,-0.01011257203,-0.003983194848,-0.006518139173,-0.00247441254,-0.0004239977373,-0.001490894378,-0.007866200383,-0.006157807362,-5.529351208e-05,0.001964847706,0.006016499138,-0.0008248832615,-0.00223166382,-0.01446108545,-0.003532607803,-0.01663898328,-0.01153710954,-0.01209484094,-0.004268185094,-0.01487399498,-0.006313972291,-0.006913769358,-0.006552395077,-0.007696323116,-0.002206097482,0.003651045421,-0.0005500427019,0.002060931661,-0.002923335646,-0.002413615653,-0.01158773147,-0.03397575313,-0.01496595879,-0.01257761036,-0.0207141464,-0.009661135433,0.01980492912,-0.0008732941423,0.0007597362215,-0.01704955185,-0.01599298274,-0.01016365343,-0.02496559615,-0.006266171291,-0.007606118611,-0.004642902089,0.0008230482361,0.0008750056052,0.001268367686,0.003544345688,-0.003307131008,0.006508718103,-0.006403147161,0.0007897391853,-0.01638290946,-0.01351073217,-0.01540745223,-0.006010171226,0.02010857767,0.01376804745,0.008911595484,-0.03301865587,0.02241599899,0.01994842359,-0.01236612512,0.00300739452,0.0166971001,0.001435076667,0.005406153468,-0.0009718510117,-0.0005403437551,0.0008230482361,0.007365406512,0.00641574461,-0.01986743845,-0.0072554962,-0.008000004653,0.02136809544,0.01706508347,-0.01199046414,-0.00286942929,0.003229066675,-0.03356132977,-0.02357640166,-0.004842410132,-0.007637200865,0.006847940749,-0.03085816456,-0.02435580627,-0.007618266029,-0.02310649053
2012-06-30,-0.001618287075,0.001493881585,0.001384384975,0.01306043827,0.003181464733,0.004900769009,-0.005633518467,0.0002821383429,0.004835464002,-0.005546262817,0.01871937643,-0.003956937856,0.00481732196,0.01218293778,0.02182076641,-0.002652373457,-0.001250433679,-0.001544389035,0.001357633509,-0.0008159109151,8.85654513e-05,-0.001024050052,-0.002720198883,-0.001028926786,-0.001599324511,-0.002284837105,-0.002890497778,0.0004027028766,-0.003687289299,0.003507042357,0.01706023597,0.008289115487,0.01961237405,0.004644840237,0.01076582945,0.008997250075,0.01460643874,0.006312541785,0.003813169695,0.002446284024,0.00194146052,0.004751208404,-0.002887217724,0.001157920065,-0.0002410726939,-0.006110225379,0.01024227867,0.0117796571,0.01873880062,0.018807424,0.01562521962,0.01129973602,0.003818045004,-0.00806880055,-0.001417627268,-0.003050616194,0.01603646709,0.01547500011,0.008547040678,0.02035618245,0.003367321762,0.001246574844,0.005441761432,0.0001025870928,0.00358623514,0.001991227809,0.004734237455,0.006070167209,-0.0006824442068,0.004957407115,-0.003728469698,0.01867587563,0.01881371662,0.01883972117,0.004189111035,0.003109740884,-0.001623606484,0.0003968063126,0.01872365999,-0.007246743202,-0.007919101587,-0.003380246793,0.009607250581,0.003569470793,0.003449803337,0.0009428937184,-0.001547769691,-0.003090263318,0.0001025870928,-0.001499926843,-0.005021576423,0.01623357272,0.007623638028,0.008200639168,-0.01446497013,-0.003077193514,-0.00733223082,0.007562364303,-0.00105008196,0.01789563658,0.01508204322,-0.004869703762,0.003302271405,-0.005173787281,0.02291553346,0.020573547,0.01295420122,0.02148585013
2012-07-31,-0.005453826141,-0.004566713825,-0.005170533579,0.002882069182,0.006484477541,0.006102381772,0.01048985355,0.002428636699,0.002879565001,0.004451928882,0.007355475665,0.003985918637,0.009526167473,0.01399900795,0.008017789541,9.190989554e-05,0.0005323823939,0.00484875097,0.00940113617,-0.0001070689277,0.001005894195,-0.001179699779,0.003531616236,0.001366881763,0.0004561120803,0.008514572883,0.00755435605,0.009201854652,0.002775950508,0.004434145726,0.003289671659,-0.006191572944,0.01021900291,-0.0003571850357,0.009092596871,0.011370505,0.01166500961,-0.007183782672,0.001115024134,0.001329059241,0.005133397308,0.003959640855,0.01243038102,0.01888447313,0.003217719509,-0.001754698649,-0.004681809278,-0.01048187256,0.0251094572,0.006487930981,0.003705462669,0.002510206125,0.01006646814,-0.003559119304,-0.002827563824,0.004681007699,0.008205049618,0.008201452883,0.009789331005,0.007924424056,0.01147229737,0.001004723065,0.000747506576,-0.002296030461,0.00542018003,-0.000441023607,0.003982418339,0.001010788038,0.003935942954,-0.001162399842,-0.001505038232,0.004629484966,0.004636743173,0.007463959231,-0.01231798335,0.00242383895,0.001423568908,0.0009200727954,0.02531870202,0.006356543851,0.001700572884,-0.007185403155,-0.002282127359,0.00483833882,0.003364481543,-0.002554661198,-0.001738823677,-0.004458199705,-0.002296030461,0.0006461377042,0.003870777516,0.008274868538,-9.535181691e-05,-0.0004862116359,0.0117341381,-0.001637587331,-0.01033799494,0.009200218441,0.01608992369,0.02252882734,0.007375941689,-0.001181193834,-0.005285085665,-0.01334318003,0.01111157116,0.00976170417,0.00104598161,0.007905834721
2012-08-31,0.00530370753,0.001266655485,0.001479506707,0.01757172851,-0.006413887864,-0.01097292165,-0.01078185854,-0.002382244136,0.00587996102,-0.007159621428,0.01873937084,0.003081167829,-0.01516639347,0.006317877537,0.01485267296,-0.008825095166,-0.01172746884,-0.01328987859,-0.01095477133,-0.003810852378,-0.001873098165,0.004129132135,-0.00757245162,-0.003400942821,-0.004335951184,-0.008608463175,-0.01198639198,-0.01822696566,-0.01110227727,-0.009973808826,0.01459155953,0.01255247867,0.01361442746,0.0112236332,0.007958473373,0.002276179597,0.00973873736,0.01088239233,-0.005913513352,-0.004743535125,-0.009758896133,-0.007466920257,-0.007073558262,-0.005436405994,0.003836424526,-0.008486592176,0.01633287365,0.02803132586,-0.01168570113,0.01921760892,0.01727208605,0.01696885581,-0.002799774823,-0.003194083698,0.000726803695,-0.001130733925,0.00693078856,0.007322857746,0.0007087287338,0.01846740696,-0.005355407365,-0.0001771989728,0.006938799715,0.00370026113,0.002549741961,-0.0004803777756,0.005181041239,0.008309032604,-0.003610555444,0.003097130651,0.0009711620352,0.01540136653,0.01599334912,0.01604980559,0.0102464831,0.0005290107016,-0.0004899820008,0.003529380734,-0.01215133718,-0.005899348759,-0.01522374792,-0.000406287528,0.008546846821,-0.0003495627296,0.0009496100173,-0.001070422051,-2.418587653e-05,5.039536462e-05,0.00370026113,-0.003500020821,-0.004856076846,0.01004789089,0.008936956767,0.01230547116,-0.01052004683,0.001289420944,-0.002263561866,0.002388192082,-0.00809426903,-0.009162001743,0.00657542494,-0.002174545903,0.009257217618,0.008455413419,0.01695785581,0.01741003235,0.006133108007,0.02047419863
2012-09-30,0.007416022875,0.006331834751,0.004814818526,0.01775002951,-0.002622573578,-0.0008182361139,0.001424388068,-0.003527845219,0.008839010152,-0.006279476878,0.01664728834,0.002979236015,-0.001658317956,0.01913468062,0.02305374828,0.001527602546,-0.003588227627,-0.004836732044,0.002339123946,-0.004057678032,0.003190988469,0.003053668874,-0.001759813283,-0.0006058789457,-0.003635698516,0.003478823438,-0.006541181177,-0.007329816756,-0.006068008164,-0.003859557509,0.01794617486,0.006614259977,0.02265017066,0.006576102699,0.01854628958,0.01128729453,0.01898914752,0.001045967047,-0.0005652267743,-0.001392113042,0.003251662816,0.0004103933185,0.004236927934,0.009723679196,0.00214067387,-0.000320554772,0.009584191334,0.007118693774,0.01696669898,0.01661537122,0.01662851348,0.01597783655,-0.0005508288919,-0.009011433787,-0.001417420775,-0.001768312268,0.02227339134,0.02315542531,0.01142183484,0.02835483988,-0.002486671703,-0.001883784766,0.001717939064,0.007794000473,0.004328632994,0.0002460851173,-0.001286524126,0.0004287985446,0.005351455664,0.004217847228,0.0004933018705,0.02428222102,0.02393265337,0.02472447198,0.008921862411,-0.0104225224,-0.004409189356,-0.004741671782,0.01655057522,-0.006838186196,-0.01027435351,0.006256375965,-0.003719725647,0.003291221559,0.004911858813,0.001594865532,0.0001081599671,-0.002679441445,0.007794000473,-0.0003748818802,-0.00339668003,0.02409653921,0.01135897553,0.01224316006,0.001314313301,-0.001894956048,0.01465826062,-0.00662101609,-0.002006806296,0.01804371564,0.01811579589,0.002517747234,0.003890288055,-0.006206706207,0.02845691508,0.02776181713,0.01316545002,0.02179593175
2012-10-31,0.00216560406,-0.0002730225705,-0.0013861605,0.008776748064,0.004970035564,0.003916723302,0.00684084519,-0.0004034273096,-0.0004579954117,-0.002394133386,0.006332008272,-0.005916752452,0.006266891095,0.01328303639,0.01034618983,0.003136980413,0.0001961713281,0.002201476935,0.00426044345,0.002143990477,0.001528588847,-0.0047073428,0.002702945289,-0.002113537405,0.001859313399,0.001645583244,0.004661637029,0.003203077045,0.003444263616,0.002643757347,0.007339405945,0.0004671333968,0.01050083486,0.003673946583,0.01053087247,0.01034654302,0.01296542753,-0.003232938982,0.002716581365,0.002969167097,0.007058410754,0.00424924758,0.008943134471,0.01172174234,0.003732980075,-0.001699452791,0.003386555593,-0.005362671597,0.0194592695,0.003559333505,0.003779240377,0.005910767771,0.003144870879,-0.001410045097,-0.001669947037,-0.0001170071984,0.008442023066,0.008443483363,0.007004994066,0.009379675041,0.002302085164,0.005567744068,0.001740403094,-0.0007896858643,0.002219036337,0.002761165108,0.005629842908,0.002828783893,0.007809503716,0.0080415314,0.001729294044,0.007417476213,0.007712756134,0.009357909964,0.001181568298,-0.001944123753,0.00160889693,-0.0009878828379,0.01907147363,0.004016949841,0.004873124828,0.008372850107,-0.0009699181408,0.003423969057,0.0004398194747,0.001070474823,3.54218173e-05,-0.0004165266456,-0.0006984062567,-0.0008351891967,0.001378595535,0.009106215731,0.007157741681,0.006016173543,0.003650902392,0.004505815477,0.00794881803,0.002358426412,-0.0003406029582,0.0186246203,0.009976145949,-0.0005010630559,0.003143977,-0.004324289801,0.01268232086,0.01003611463,0.005221303481,0.007205441285
2012-11-30,0.002917181506,-0.001073294715,-0.001187841182,-0.001506432787,-0.003541519349,-0.003651472328,-0.005838644813,-0.01529093563,-0.008724494492,0.008475465293,0.003763102362,-0.01140641243,-0.0006915221728,-0.004138597315,-0.001846018614,-0.0045215692,-0.00943144632,-0.01481733219,-0.01387986376,-0.006079301228,-0.004873305455,-0.0004762055476,-0.007498152378,-0.00452657785,-0.003267623358,0.0001150269786,-0.01241689267,-0.01189196852,-0.01230368622,-0.007444442773,4.762077419e-05,0.003491910221,-0.005004260168,0.0009358702921,-0.007149519521,-0.005088322308,-0.002031046234,0.008152570246,-0.005583856368,-0.004583216877,-0.003359631346,-0.004410905915,-0.003937283005,-0.007695117201,-0.001554587978,0.002262323313,0.005283382591,0.009259877177,-0.02018440797,0.003890495686,0.00480783087,-5.312101414e-05,-0.005454095253,0.002119983777,-0.0008831086582,-0.006105402843,-0.001952023424,-0.001523152615,-0.005464943324,0.002386264045,0.01105390531,0.0008987969666,0.003850480769,0.001541044419,0.003115461797,0.00221269901,0.002795397586,0.006034255077,0.005434747128,0.0060082777,-0.002231433652,0.003232484725,0.003148585249,0.002987955726,-0.0001158310546,0.004513855439,0.004845127813,-0.0002028640646,-0.019793894,0.009066704438,0.00494853705,0.004108020999,0.005032093945,0.01010091715,-0.0009376284645,0.005446943802,0.0001643463079,-0.0003617815149,0.001541044419,0.0004753521116,-0.005844157291,-0.002522921447,-0.001721584499,-0.001165635012,-0.008496294351,0.001500250212,0.0003215817947,0.001655753633,-0.003405121135,-0.01930575057,-0.003687058908,-0.001878229928,0.002666380369,0.006423568359,-0.0006005580617,0.002380899268,-0.0004651639369,0.001793941797
2012-12-31,-0.003754823391,0.005972271736,0.007277517807,0.01999279789,0.0009218532993,-0.003021443743,-0.001053739208,-0.01332445044,0.004700571533,0.000277604179,0.02153063022,0.003112909675,0.004624791657,0.01781180312,0.02404836516,-0.009763174186,-0.005772639926,-0.003119243382,-0.007415170448,-0.0124912053,0.006292375927,0.01171273313,0.005641820414,0.003781227312,0.0009403763394,0.0004514051617,-0.01160697685,-0.01257241007,-0.01447351923,-0.001522397425,0.02289479089,0.006370142529,0.02417201834,0.004610295417,0.01506632672,0.01432733193,0.02104264065,0.01121295765,-0.001631570566,-0.003270513706,0.004097529231,-0.00102105446,-0.004044997554,-0.001401386069,0.008828755648,-0.00694684672,0.006420456582,0.01880619858,0.009151378001,0.02214454538,0.02042906186,0.02011139438,0.006313288277,-0.01364400632,0.006048212097,-0.0009004759888,0.01888964898,0.01880586516,0.01029644206,0.02398320031,-0.006069789252,-0.00871136661,3.294107599e-05,0.004274945775,0.0008489640623,0.003270329614,0.00517233255,0.005464214386,0.004102818122,0.00672903115,-1.643764383e-05,0.02134004144,0.02218272498,0.02387147443,0.006363778588,-0.008356856056,-0.009980770404,-0.00811094016,0.006628908642,0.000290232288,0.00174867098,0.0005236924429,0.006118436853,-0.006471799357,0.008814781763,-0.003549653838,-0.004049651107,0.0051191774,0.004274945775,-0.001666471486,-0.006865916681,0.02191568925,0.007365851438,0.0102824365,-0.009998316409,0.004839965767,0.01305896974,0.01110955179,-0.0003702366319,0.0136746697,0.01525191108,-0.001708948186,0.008897615336,-0.001166754272,0.02623200842,0.02414460835,0.01122769278,0.02337814166
2013-01-31,0.01776129261,0.01668756781,0.01395732052,0.02400521489,-0.0080320309,-0.006187345351,-0.02373857137,-0.008684792718,0.01583647169,-0.005145295751,0.02715626279,0.004021030028,-0.02125089584,0.005397833852,0.01995462787,-0.003403348846,-0.01134916042,-0.01199496388,-0.01296859916,-0.003561305487,0.0004352059051,0.01014481447,-0.01037399548,0.0002098530896,-0.002793293088,-0.01298535021,-0.02279945718,-0.0317222732,-0.01588437056,-0.009605596845,0.02326635861,0.007645453509,0.01972460299,0.01718814306,0.003570062218,-0.003225079592,0.01392786027,0.02136132843,-0.00922868701,-0.009613658167,-0.0133030135,-0.007671430684,-0.01879556795,-0.01750677857,-0.000919342447,-0.0144650111,0.008033754743,0.03044522037,-0.01208557918,0.03119196646,0.03283777912,0.02147653442,-0.01236879143,-0.01124472166,-0.001537209669,0.001240167696,0.02164192407,0.02309073986,0.005525270992,0.03283556912,0.001713984069,0.004928273783,-0.0067641239,0.017369608,-0.0002428984846,0.003096215082,0.01137733654,0.01133041897,0.01969238012,0.01604022728,-0.003575465383,0.03321952612,0.03253850467,0.03305823084,0.02281153259,-0.01273356808,-0.008337533159,-0.006331971437,-0.01212032436,0.01016257042,0.01635465092,0.009755023247,0.0009088227851,-0.002655263239,0.01116761436,0.003968756679,-0.0006378397669,-0.0010223557,0.017369608,0.004230942511,0.01094114616,0.0223808348,0.01410435977,0.01651207173,0.009638069914,0.006411256823,0.002361802198,0.007662054928,-0.019786904,-0.009471754392,0.01778593342,-0.001391912863,0.0167100437,0.01292543298,0.03315697087,0.02976161341,0.01907475381,0.03189220489
2013-02-28,0.001934626961,-1.043595413e-05,0.0001921609342,-0.0002593726781,-0.001541499881,-0.002757377289,-0.002532567726,-0.007095487753,-0.002308847248,0.0007519913109,-0.0006135994011,-0.0007128830111,-0.001333705225,-0.0005751036779,-0.001644483329,0.001879545044,-0.004210794929,-0.007379831717,0.0007092985431,0.001833917843,-0.0006801055246,0.002798342311,-0.0008681397748,-0.001559245029,-0.0004483615575,0.0006221776727,-0.00971474946,-0.003626342028,-0.007634845852,0.0008677511049,-0.002223064372,0.00299751109,-0.001438537245,0.003764964477,-0.0003872209567,-0.00180209622,-9.348181463e-05,-0.0003760755988,-0.003462928904,-0.001600056947,-0.0002307363428,0.0006760604307,0.0004031893033,0.001684461617,-0.0009212537825,-0.0025995945,0.0009846332187,-0.0007502865073,-0.00264739659,0.0007740347484,0.0008591588091,-0.002238107707,0.001935678773,0.001582902565,-0.0009267059347,0.0008753616355,-0.001773293659,-0.001446095064,-5.764621503e-05,-0.0005100569073,0.00614747895,0.0002770395461,-0.0002696801713,0.003440398691,-0.002863369338,-0.003365207222,-0.0005313464733,-0.001369070695,0.002260187754,0.001996394251,-0.002060501226,-0.001216581899,-0.0010208273,-0.001119362804,0.002486604679,0.005109303202,0.004817889773,0.005534182501,-0.002673701842,0.007818606471,0.009505702414,-0.001440129616,0.001348527768,0.001114858354,0.001226654253,0.001048718323,0.0008908757999,-0.001178741849,0.003440398691,0.0003275054289,0.0008766987984,-0.001232569064,0.0005456765292,3.276933004e-05,-0.002406221267,0.002717962007,0.003919786259,0.002632713345,0.0004279836981,-0.004416243704,-0.002171938606,0.0004220401727,-0.0001516310356,0.002018887577,-0.001097854877,-0.000929293505,-0.0003464385215,-0.00207056191
2013-03-31,0.00351186481,0.001188546825,0.002521451015,0.01438027237,-0.007675335319,-0.006344176793,-0.01215311485,-0.006152049582,-0.003267751982,-0.003879673617,0.0110755299,-0.0004318987914,-0.007007406802,-0.005683385104,0.003903855245,-0.003407315054,-0.005318786368,-0.009163366739,-0.006277958239,-0.004686681132,-0.001693913424,-0.001852719397,-0.002773540872,0.008464208961,0.0072866903,-0.002047188718,-0.01428980124,-0.01328049304,-0.006530442779,-0.007504380913,0.004757430465,0.008279413302,0.003001279384,0.007572510528,-0.007128186892,-0.006958128177,-0.002757320092,0.01461526922,-0.001929984813,-0.002699797858,-0.009132640589,-0.005069811268,-0.01026289423,-0.01076979804,0.004497675174,-0.003465788567,0.006110687752,0.01723048629,-0.00765047796,0.01903075093,0.02102840955,0.01444113006,-0.001863541435,-0.00458272268,0.006105766991,-0.005100671044,0.009992894394,0.009596934211,0.003674124742,0.0163057289,0.0003446706166,0.001057371949,0.0006092537098,0.00057215063,-0.002847107354,-0.00107090741,0.0009602470896,0.01457239336,0.004349465349,0.00865011341,-0.006089065512,0.01823719804,0.01848933235,0.01810000819,0.003042938435,-0.01202702679,-0.008091702929,-0.003493386483,-0.008238415454,-0.00298116801,-0.009683792858,0.005362379456,0.002238364413,-0.005596911145,-0.002435767979,-0.003067743654,-0.00041527269,0.004868850687,0.00057215063,-0.002377908417,-0.005479937416,0.01112210681,0.0004148224809,0.003034556379,0.006168563835,-0.001685553506,0.001617397946,0.000417938577,-0.0004101634015,-0.007422855415,0.006402953055,-0.0001625126825,0.00503203567,0.002308126977,0.01547028874,0.01531231971,0.003256854124,0.01830103462
2013-04-30,0.00242048976,-0.003539291001,-0.001952819084,0.007603406813,-0.0003539569633,-0.0003611849769,0.005930213023,-0.001584671585,0.005201293145,-0.001050832867,0.004149856782,0.0004041036948,0.002404720681,0.008325793816,0.008368903021,0.002278648773,0.004275787466,0.00464381828,0.002789128886,0.002617017991,0.002296202499,0.002326098825,0.003054717114,0.0002711472042,-0.0005037409904,0.0006655395138,0.003056789259,0.00387423552,0.001635053185,0.001658910901,0.008560473072,0.001722724572,0.007779329833,-0.001158967057,0.009995071553,0.009956276581,0.007097339248,-0.002790962952,6.155561494e-05,0.0007467750198,0.002598501689,-0.0009230980839,0.00438455903,0.007575318204,0.006213200015,-0.002241383364,0.002363839331,0.0002031348928,0.01075556005,0.01095296232,0.01158760261,0.007090726602,0.002036721295,-0.002083424103,-0.0006234888473,0.001047597807,0.00629021063,0.006564766639,0.005933930408,0.01241362967,-0.004257902594,-0.005557290841,-0.005362263888,-0.003806564903,0.001168747572,0.0003038052079,0.001378083444,-0.001599492725,2.073408602e-05,0.001658355399,-0.0009353362442,0.01123152321,0.01107498188,0.01155024431,-0.003343017507,0.001872433666,0.0005746420075,-0.001352390126,0.00953581466,-0.002204871862,-0.0004543242156,-0.005487625761,-0.00598675299,0.00201325861,0.0008919862759,-0.003624546968,0.003193421317,-0.0001875474997,-0.003806564903,0.0005934021332,0.000852089322,0.00899568677,0.002184768386,0.002055951748,0.0001540838566,0.001992842805,-0.003366366328,9.443861747e-05,0.007384699155,0.01069663876,0.002570089702,-0.007102926452,-0.002662307976,-0.008663352068,0.01210208695,0.01115343585,0.001896331828,0.01095657064
2013-05-31,0.01454250236,0.0145269868,0.0118063566,0.01795112417,-0.008691897944,-0.006052801545,-0.02207561293,0.002113989951,0.007542943804,-0.005404550901,0.02173521798,0.005592519874,-0.01566110106,-0.002477394696,0.01076107755,0.004095549186,0.006018785837,0.001743634191,-0.004155955633,-0.001974151106,0.004644774211,0.003436023225,-0.003556672364,0.001442200083,0.00141239684,-0.006895117855,0.003232925884,-0.01044239462,0.007377264991,-0.01227434096,0.01683124216,0.005723192505,0.01060491899,0.00363828256,-0.004462970749,-0.008955847011,0.004290533475,0.02299748212,0.00156216182,-0.004959622451,-0.02037505689,-0.001667468361,-0.02282989595,-0.0213863289,0.004390219391,-0.008227890027,0.003866399968,0.02296643939,-0.0105920271,0.02260083839,0.02375521229,0.01680947299,-0.01707710034,0.005800596152,-0.006781696873,-0.008320674016,0.01297401686,0.01482492239,-0.003572151933,0.0178458691,0.01018510129,0.008085532,0.02179144274,0.01554823101,0.001286349,0.003774414222,0.008327190885,0.009358040521,0.01182874961,0.007390926775,0.001299149723,0.02174684902,0.02075512204,0.01905724843,0.02100630768,-0.01231662387,-0.01106096866,0.000844407347,-0.01075207888,0.007442250791,-0.008609223343,0.007376871849,0.01941559857,0.01644435899,0.008034622097,0.004534433401,-0.001163090065,-0.007988754345,0.01554823101,-0.005137378874,-0.01160209097,0.01433087352,0.01752090909,0.019462278,-0.01140511848,0.001529734982,-0.003080940246,-0.001531605992,-0.0201899984,-0.008827234458,0.01429632725,0.00126153281,0.01122074616,0.006360511114,0.01867921693,0.01649406847,0.01405048394,0.02417508531
2013-06-30,-0.0007774686888,-0.002255232621,-0.001702451923,-0.01124089518,-0.001819173392,-0.001561812701,-0.01122508016,-0.009310542817,-0.009472513946,0.001252674018,-0.00274062049,0.001432076556,0.0001262405699,-0.01704867201,-0.01660940225,0.0003071887846,-0.002833581341,-0.005341464485,-0.007842469246,-0.003332378158,-0.004018978645,0.001833783742,-0.001261846769,0.0009366673824,0.0002430381399,-0.0007551825637,-0.001079637527,-0.001745667709,-0.004333536279,0.00127543658,-0.01411134324,-0.0006214920994,-0.0151772499,0.0005708602891,-0.01877540008,-0.01545742805,-0.01482577825,0.009352089736,-0.004730509116,-0.005084413475,-0.006823312333,-0.002996812815,-0.004612357585,-0.01209950712,0.001141977867,-0.001127323677,-0.004644008587,-0.002472448355,-0.01373388092,-0.004627056052,-0.007073827827,-0.009546598979,-0.00993658581,0.0007879146824,0.0003112821899,0.001755203068,-0.01573715325,-0.0154328535,-0.0125372008,-0.01835619245,-0.006522324376,-0.001710790465,-0.001111692865,-0.001651252217,0.001914764279,0.001285898146,-0.001827794319,-0.002483058087,-0.002069375693,0.0003038579861,-0.0001636616613,-0.01790374132,-0.01804218659,-0.018707369,0.001227471394,-0.006293010575,-0.00482801681,0.004977627601,-0.01256476333,-0.01218885682,-0.01246542246,-0.007668407849,-0.003432018425,-0.01058939312,-0.004949721721,-9.216816088e-05,-0.002586735949,8.221118026e-05,-0.001651252217,0.004105496242,0.002412244524,-0.01635038386,-0.003677761074,-0.004524298958,0.006172645097,-0.01042828007,-0.008523566015,-0.005373005471,-0.001029627921,-0.01468896191,0.0006544145739,0.009182929876,0.006255553751,0.01090017346,-0.01867915015,-0.01623016225,-0.007873609325,-0.008600065508
2013-07-31,0.001093133809,0.007219057705,0.00596977467,0.004165454972,-0.003309858531,-0.001165425759,-0.00621526805,0.001690861564,0.006920567567,-0.002309699954,0.009804060096,-0.0008137052253,-0.0003767771786,0.01534135297,0.01478878515,-0.0009850029849,0.00260245779,0.003797808382,0.001492077058,-0.006261290756,0.0003374317899,-0.001878446949,0.004169175926,-0.0007557815221,-0.001990635439,-0.004748390213,0.004045723534,0.002023517875,0.005023239271,-0.002410514306,0.01687697008,-0.008431383075,0.01520362303,0.01209793951,0.01301437375,0.00729091176,0.01590076411,0.001626648566,0.002369637861,0.001370058175,0.004086706504,-0.006306094038,0.003401317731,0.009120789262,0.002034541031,-0.003901432546,-0.008357927066,-0.001262235886,0.01913177051,0.0119706553,0.01072552793,0.004347347849,0.005019044016,0.003114450089,-0.001480831043,0.0007699639236,0.0141594771,0.0136888359,0.01140428396,0.01457670939,0.006399801743,0.002893516133,0.004620954304,0.001995640412,0.003980604129,0.002933249431,0.004334403633,0.008346375125,0.01053797099,0.009136499434,-0.001206818869,0.01238059605,0.01291646676,0.0130339135,0.006904761379,0.006899155708,0.004083476915,-0.0006034913507,0.01947688663,0.01014151106,0.008810019595,0.003590588608,0.004529009878,0.005643014203,0.008381457949,0.004342297943,0.0003904514724,0.001204395598,0.004556996997,0.002519455647,-0.002689021712,0.01282307584,0.004230512363,0.004273585287,-0.00793677113,0.01071111113,0.006087174754,0.002824504719,-0.008765140891,0.01671710755,0.008894102474,-0.005331349776,0.006243776812,-0.0006701534879,0.01681494439,0.01425500635,0.01362156024,0.01380517115
2013-08-31,0.001187818193,0.002125764942,0.001894500206,0.003986941752,-0.001194797122,-0.002930120399,-0.002568847774,-0.00285184326,0.005937932803,-7.354295213e-05,0.004002210585,0.00293498593,-0.003811458414,-0.001851943505,0.002587311989,-0.0009073406409,-0.00121168267,0.002590005246,-0.004152956244,-0.003921236796,-0.0005659641934,-0.004559192238,-0.0016615271,0.00105337936,0.002521023742,0.0009888981609,0.001082994402,-0.002169118281,0.003474740846,-0.005806421988,0.002884874943,-0.001750249424,0.002253565945,0.0006006253547,-0.0005024635769,-0.001432033088,0.0009280403987,0.006070623654,0.0003182600532,-0.0004572687416,-0.006384888184,0.002626729037,-0.004764805673,-0.007666977782,0.003886981407,-0.001332819546,-0.002943653628,-0.0007253318361,-6.38908701e-05,0.004963604652,0.004344771953,0.004445545407,-0.0002024739366,-0.001319604403,0.0006671138239,0.0003119784788,0.005055331683,0.004591773611,0.0003360080564,0.003260645342,0.006438643455,0.003870051774,0.004293682184,0.005480593794,0.000552466637,-0.0007484713409,-0.001147646219,0.002552493353,0.0004132768337,0.00205274191,-0.0002541514811,0.002945312364,0.003318300953,0.002827487268,0.005441760711,0.001092385898,-0.0003778464294,0.0007830349094,-0.0003799715624,0.004216918757,0.004142895791,0.004588597764,0.004147610637,0.007841091193,-0.0005346404673,-0.002195496275,-0.001105881069,0.000909917957,0.005232708628,-0.002258801819,-0.001723789029,0.004766777289,0.005494907388,0.004945603759,-0.003882880907,0.0020481253,-0.0007264347579,-0.0002588239912,-0.006591679865,-0.0006597592119,0.006878767714,0.006031615113,0.01114332995,0.009765691347,0.002443906501,0.002853459349,0.003663043018,0.005744426866
2013-09-30,6.682019449e-05,-0.006379751191,-0.005644034085,-0.004559420305,-0.001041728768,-0.003043131844,-0.006238460581,-0.0002717059967,-0.004194420614,0.00504449089,0.00081962116,0.003331691517,-0.004727631539,-0.006386875247,-0.006273188511,-0.00134464645,-0.002928451326,-0.0006584802873,-0.002266744186,-0.006005712169,-0.002950742856,0.0008216686792,-0.005622043707,-0.0003736575179,0.001113981018,-0.003928982648,-0.001277997696,-0.0002588918361,0.001703991621,-0.001048380043,-0.005242065417,-0.004499728643,-0.007080596664,0.006583015856,-0.008043365102,-0.005154504201,-0.005709210592,0.008933151789,-0.003541926179,-0.003710304534,-0.0001102260451,0.002395789773,-0.002323686576,-0.004361931667,0.0009735535461,-0.003352041671,-0.007875084125,-0.002550438064,-0.01351953043,-0.000308223225,-0.0005833475733,-0.002105894495,-0.004201264963,-0.001947835336,0.001619095774,0.00109550765,-0.00915335993,-0.008325638443,-0.009475520626,-0.00682484354,0.007585789017,-1.720404325e-05,0.0010670259,0.00508688723,0.001167612303,0.002066239703,0.002724252765,0.003827658924,0.001616060063,0.001505031105,-0.0004135183111,-0.007359431031,-0.007928089956,-0.008087301458,-0.002516657716,0.006539744824,0.008023303808,0.005734617765,-0.01331757939,0.007634063886,0.004945710794,-0.0009539524931,0.003409403871,0.008475927548,-0.004627634955,0.0001317527617,-0.001278277539,0.001734558317,0.003302596851,0.0003476772685,0.001994606499,-0.009264277206,-0.001305491586,-0.003001885038,-0.0001895232849,0.002627726157,0.003692906836,0.005443464075,0.00207194569,-0.01429235066,-0.007378346875,-0.002063744126,0.002168996183,0.004668502447,-0.007093775241,-0.005808765798,-0.007438834267,-0.004586115393
2013-10-31,-0.001280420737,0.002643807591,0.00287416763,0.01057611138,0.0006795073012,-0.002730831274,0.0002047798602,0.00126475371,0.01342929517,0.003251045915,0.01043473252,-0.002062216959,0.002584796104,0.01739686452,0.01781022882,0.006466127867,0.008618913239,0.01367012474,0.004614819428,0.0009464533212,0.003770186498,-0.002011506528,0.005253655142,-0.002540188736,-0.001306661569,0.003434265925,0.006935167228,0.001308433738,0.008836588607,-0.003911208055,0.01581758543,-0.01087280129,0.01854262172,0.004833271613,0.01761077066,0.00772361616,0.01748999216,-0.002423169787,0.001387903341,0.001351772791,-0.001691104106,0.003471052148,0.00116794165,0.008440265826,0.004989899521,-0.003521865354,-0.01214853915,0.005060522144,0.01079915401,0.01361666382,0.01265088114,0.01047131217,0.006763465166,0.0006388088654,0.001246123038,0.002703065315,0.01378859347,0.01278831884,0.01025703359,0.01722033384,0.002140358648,-0.004027701505,-0.002704973881,0.0004606856507,0.002987100005,0.001167370527,-0.0001279690104,-0.0008246519398,0.003430327768,0.002484488891,-0.0012438165,0.01417379514,0.01459526508,0.01604165124,0.002989127725,-0.0005135459001,-0.001908740272,-0.003241966539,0.01051227717,-0.0007967477922,0.003444211788,0.00317489863,-0.004251212074,-0.005083756658,0.003850840794,-0.001976368916,0.002072962535,0.002405006404,0.001284263792,-0.003833139853,0.0001336975319,0.01282336379,0.0008237821315,0.001031919527,-0.001644856436,-0.001487504855,0.01091526783,-0.002460054007,0.005301939161,0.0122822088,0.01190671385,-0.002103831104,0.001962408388,-0.002558563641,0.01867766546,0.0169718768,0.007806829275,0.01578123678
2013-11-30,0.005909270206,0.00358181141,0.003705485833,0.008173089351,-0.005606906356,-0.006323831764,-0.0005485932476,0.003799560315,0.008082710099,-0.005707572123,0.01099268855,3.792023723e-05,-0.005733105053,0.004779446287,0.007178570507,-0.00224226487,-0.001669673076,-0.002063195205,-0.0006853428817,-0.002790182745,0.002171331484,0.006206685333,0.002199083656,0.003041152208,0.003341880857,0.001462335859,-0.005373965931,-0.008351004881,-0.003004682595,-0.007503403183,0.01101945543,0.006982820019,0.007646787273,-0.00353264459,0.004431617963,0.001063210241,0.006490385772,0.00758535404,0.001799330177,0.0006280005301,-0.007582018193,-0.000988595465,-0.007508072401,-0.006600009279,-0.000751847324,0.0005558710982,0.006061810243,0.003664230472,-0.003192357762,0.01000505116,0.01037599107,0.008420945261,-0.004335165456,0.0001079782296,-0.000285921597,-0.002473489639,0.007030676303,0.007392338507,4.61945841e-05,0.01046997999,0.004537570694,0.0001001704762,0.00648157726,0.004784987031,0.005180476698,0.001478861332,0.004417726745,-0.0009504803429,0.005683688914,-0.001412603932,0.004095693497,0.01003660037,0.009131512407,0.009799659788,0.005906677231,0.00394013706,-0.00335811631,-0.0001443778013,-0.003222614435,0.004191106617,0.00258536019,0.001152202861,0.006545896951,0.004148256617,0.003044822258,-0.0003380775333,-0.0007900630901,0.001508282049,0.004784987031,-0.001952619029,-0.002445588198,0.006888198743,0.003227297063,0.005186797893,-0.001610363444,0.001671943654,-0.0005764202952,-0.0007681990227,-0.001531598936,-0.002860802472,0.006796338937,0.003207019031,0.002484949402,0.0009835118521,0.009833225752,0.01011139285,0.003269559389,0.01042719309
2013-12-31,-0.004056750377,0.002915235371,0.002772074752,0.01436294781,0.007940064811,0.007369123456,0.007485899437,0.005016573265,0.01003104773,0.0004590505067,0.00220419317,0.004338729622,0.006856435408,0.01315545723,0.01614273677,0.004600971743,-0.0008404215546,0.001151944372,0.003028517651,0.006961060565,0.0005659679373,-0.005410916505,-0.0002734360692,-0.003879020513,-0.003388698578,0.002448821881,0.007103080652,0.006364891667,0.005901435933,0.006103016169,0.009199535612,-0.003945719877,0.01628512404,-0.002151116241,0.01777568417,0.01235874171,0.0138285146,-0.009457142728,0.001171422721,0.003261177664,-0.0009117278106,0.002529209613,0.002011963696,0.00694166819,0.004482989952,-0.00842213825,-0.004082764415,0.006682615475,0.03195344443,0.01353027427,0.01228059912,0.01313938454,0.0121767418,-0.001666832195,0.0004307616215,-0.0005600347517,0.01558980449,0.01463531428,0.0174875389,0.01723674924,-0.0005918196661,-0.002004228946,0.005495110279,-0.004943545357,0.003867911098,-0.002617763424,-0.0002958408547,0.004622157476,0.003026312874,0.004558364922,0.001082977429,0.01418862429,0.01504263941,0.01716777667,0.001197798003,-0.002552706187,-0.007676405528,-0.009625386153,0.03038030062,-0.005274778468,-0.003665625897,-0.001586017156,0.001305004692,-0.004997765415,0.005422730613,-0.002705793476,-0.001773472095,-0.0003083926867,-0.00265049265,-0.007584056584,-0.006570766218,0.01745921952,0.003594543623,0.003506107262,0.0003825066865,-0.006252644725,0.0007125757102,-0.006855009455,0.003813124735,0.03280244473,0.01879885627,-0.0007403520802,0.003139262938,-0.004010348283,0.01861649177,0.01628026128,0.009007644182,0.01848370292
2014-01-31,0.002494590648,0.001323696371,0.0002658065339,-0.005538358323,-0.004706247121,-0.004536977808,-0.001204889025,0.004653415201,-0.007509275876,0.008297420096,-0.001040124493,0.0009322004581,-0.0006464251974,-0.01146478134,-0.0120583762,-0.009774998101,-0.003960221375,-0.001310640936,-0.003096199292,-0.01312868911,-0.0009100480268,-0.002904916872,0.001211873978,0.005814612299,0.002796175537,-1.455588849e-05,0.002207929294,-0.001680187637,0.005137792316,-0.003880076401,-0.008268501311,-0.0105662242,-0.0126289277,0.001191440062,-0.01460855274,-0.006440552269,-0.00943093142,0.001224440662,-0.002371289054,-0.003468053435,0.004517165275,-0.002515251982,0.001718598012,-0.004119494954,0.006767192536,0.005127723474,-0.01291793936,-0.002909541698,-0.01864438699,-0.00251437416,-0.001995475804,-0.006143920248,-0.004240931398,-0.002053323657,-0.0005442412504,0.0002991052202,-0.00425747753,-0.004007270124,-0.004245075222,-0.007332626378,-0.001208779474,-0.009208180383,-0.007540821606,0.0003773319464,0.001160770459,0.00145867986,0.002264110109,-0.008877984716,-0.001316815064,-0.004328302765,-0.001844611055,-0.003226544076,-0.003927120695,-0.006964845653,-0.001827580985,0.003493623361,0.002937984345,0.004412147469,-0.01840497026,-0.0009797871706,0.009831984235,-0.01199989308,-0.007234675287,-0.008796516557,0.002089028678,0.002879830273,0.0005035516739,-0.0006270253588,0.0003773319464,-0.004784010117,-0.002519291538,-0.005321263562,-0.005757114013,-0.006881124735,-0.009117950458,-0.0008213217255,-0.006592327399,-0.005882609326,0.003146729091,-0.01836974728,-0.0103350064,0.001147793155,0.003301800705,0.006256104584,-0.007496548096,-0.006516278802,-0.004097304371,-0.007150530203
2014-02-28,0.004470416472,-0.001547874773,-0.001159136576,0.01842282181,-0.002991333795,-0.001166662466,-0.003583560421,-0.0008975519073,0.005642508071,0.002308417597,0.009553216457,-0.003693956532,-0.003673142544,0.01618176722,0.01718010752,-0.004831952358,-0.002251481625,0.006153664728,0.001141465949,-0.0136976957,0.003739419025,-0.001447843327,0.003322272468,0.001628862808,0.0002100859915,-0.004259847632,0.008184362644,0.007423446126,0.008217672386,-0.0005724421344,0.01507984034,-0.009230112675,0.01644719475,0.01004037,0.008875747954,0.004763963506,0.01487061397,0.005879259628,0.00548126337,0.00244834386,-0.0002404715734,-0.001371882149,-0.0009294607383,0.002562342924,0.01009000642,-0.002054468227,-0.009438665131,0.01161427493,0.01176950763,0.01538607247,0.01400536268,0.01964600102,-0.001407527835,-0.01239912904,0.0008757437663,-0.00416580465,0.01146391173,0.01055998569,0.004397272386,0.02017200529,-0.002420788995,0.001757938511,0.001235464758,0.005783509895,0.007137817331,0.002144733937,0.003929736882,0.006154392853,0.004379859743,0.0131800397,-0.003713589911,0.01541574568,0.01669934579,0.02007162963,0.00515683437,-0.001116966314,-0.007850127239,-0.003153453409,0.010848562,-0.006148419601,-0.007056948122,0.009120597992,0.009364888384,-0.004704021502,-0.0004577375631,-0.004126020912,0.0001687039467,0.0007326904721,0.005783509895,-0.006182596113,-0.00512159662,0.01223037083,0.008362963124,0.009252884381,-0.01144607906,-0.003676985161,0.009409993869,0.006823268389,0.001640630818,0.01438558656,0.01511693955,-0.006227959881,0.005045891493,-0.0006484358849,0.02003206872,0.01945537722,0.006109538199,0.0220892879
2014-03-31,0.007500607553,0.004735594321,0.00505696555,0.003965619904,-0.001520054653,-4.862816e-05,-0.0005300771785,0.004821296252,0.00230925212,-0.0004672942112,0.002110527088,-0.0005870808991,-0.001525849682,0.0041399433,0.005958827867,-0.002938049607,-0.003260539016,-0.003320265513,-0.001090863267,-0.0003123391376,0.001423547994,0.005603383251,0.0004633624672,0.0009677375689,-0.001010995714,-0.001680643007,-0.002336710527,-0.0007575582241,-0.00183426842,-0.001677665869,0.006068804749,0.00292133795,0.006808854396,-0.001998866296,0.00544363742,0.001780147879,0.005005244537,-0.002044110945,0.002445991367,0.00177098471,-0.00293754288,-0.002944468657,-0.004208190216,-0.003700417434,-0.002389530269,0.0006259671541,0.002962773963,-0.001379227722,0.01049133654,0.008572604768,0.008531510647,0.002344736395,0.002370153799,-0.005246098996,-0.002577322645,-0.0001535027423,0.007752793796,0.007373213241,0.005999679035,0.009611759178,0.002240914659,0.001135576109,0.002137312918,0.004581053526,0.00822899114,0.005287859524,0.004276898668,0.002074993527,0.005818949645,0.003438557752,-0.001428163237,0.01174808104,0.01068665345,0.01140245743,0.002646819085,0.005683347868,0.002141619805,0.004412490152,0.01025806532,0.003139976061,0.003409884364,0.002497153759,0.0009800435347,0.002262159583,0.005507418356,0.004320236493,0.0005413292812,-0.002050348961,0.004581053526,-0.00151535276,0.001349075379,0.007293088986,0.007839711446,0.006572651133,-0.001470370263,0.002908902213,0.001504773226,0.002890655894,-0.002182965241,0.011464142,0.0104317361,-0.0001254145822,0.005075981589,0.000161124897,0.01057088075,0.009196535251,0.007379684879,0.009809514479
2014-04-30,0.002258365637,-6.382755643e-05,0.0001315466958,0.003877742543,-0.003234299311,-0.00124620742,-0.0002590268477,-0.00663814222,0.002722914428,0.0008337317824,0.003043557137,0.003725061156,-0.001998910953,0.009823120351,0.008765998588,0.003222345005,0.00680808958,0.006116850455,-0.002374267317,0.003159297533,0.003382290047,0.002273943663,0.001245802752,-0.0001913002807,0.0009948760264,0.001102174645,0.003269058714,0.002474685441,0.002277203597,-0.0006202815844,0.008382876903,0.0009424053745,0.009796514005,0.003772595789,0.008960417825,0.007678867205,0.009045830341,-0.001145345678,0.0008920084488,0.0009698412078,0.007317474371,-0.001048116916,0.006609828567,0.007885020613,0.002976749533,0.0006168962668,0.002064317522,0.001275916895,0.006144484731,0.003100836878,0.002540395406,0.004345989917,0.002856388779,-0.0007517610724,-0.0001697895089,0.001254234451,0.004105549213,0.003829235823,0.004551147263,0.00727357477,-0.0002981475172,0.001967746041,0.00441341297,0.001098948339,0.0001089354808,-0.001265409495,-0.001719836127,0.002913559999,-0.0005601531406,0.001511580319,0.0023270892,0.007095446634,0.007937792298,0.009215410383,0.0009726335371,-0.002819407456,-0.001828229363,-0.001052259151,0.006401661875,-0.004408339836,-0.006076453909,-0.0001619239609,0.002493904777,-0.002839001212,0.001507749395,0.001564406641,0.00197791533,-0.0009183427818,0.00124027669,-0.0005552866592,0.003366998555,0.004947633935,0.001079046358,0.002272471087,0.002220194587,-0.002448214756,-0.002255274643,0.001698035773,0.002866958054,0.006873581454,0.003910126891,0.002018688864,0.0002579749913,-0.001780853406,0.00839353854,0.006995378991,0.001208215968,0.00509167866
2014-05-31,0.002907402914,-0.002193305241,-0.001508375968,0.0002570437776,-0.002107373719,0.0003394632394,-0.001490355455,-0.004977095479,0.0002489720064,-0.002295438428,-0.001057917041,0.002447750422,-0.0008783940469,0.002331640405,0.0008987889948,0.000264296472,0.003507550876,0.005043501098,-0.002415913157,-0.002235709912,0.001009770994,0.002796823752,-0.001848356547,0.00109131105,-0.0007014136704,0.0004772832476,0.001282488662,0.002615973493,-0.0002351643706,-7.03375601e-05,0.0009755787165,-0.00122874565,0.001123886018,0.005665132816,0.000249713788,0.002579743052,0.001089259187,-0.000753760152,0.0010643388,0.0005739554722,0.005782044733,-0.0007326293551,0.005131395289,0.004280240587,-0.001614082566,0.002213188638,-0.001739400032,-0.0008204185526,0.0006101981502,-0.0004799487667,-0.000523657623,0.001417734758,0.003225534472,0.004231381229,0.000175276423,0.000534753698,0.0002535921223,3.304478091e-05,0.001388750596,0.001820689326,0.002219759591,0.005618242482,0.006341240931,0.0006273595151,4.173445829e-05,-0.0007772627603,0.001539830613,0.002807670636,0.002848922555,0.002465184075,0.0008840654612,0.002889611823,0.001491391039,0.002003264521,-0.001532099145,0.0009744400441,-0.001828392051,0.0009236378458,0.0001090104766,-0.0005636477029,-0.004507840042,0.005208276018,0.005553037138,0.004059655246,-0.001163542967,-0.0004273907522,0.0009305349578,-8.641714769e-05,0.0006273595151,-4.660821315e-05,0.0007652489338,0.0009030181212,-0.001544366431,-0.001877337052,0.003059498218,-0.000654684755,0.001553526228,0.001547952462,0.006828194046,0.0009492858141,0.002768961516,0.003624231627,-0.001952434247,-0.0005353519167,0.00313850239,0.001585781216,-0.001827539859,-0.0001683014902
2014-06-30,0.004221297654,-0.001083470173,-0.0004040842648,0.01014742847,-0.0002253143837,-0.001746580031,-0.001192594006,0.004110325101,0.001312708377,0.0009290985009,0.008250591675,-0.003917389727,-0.004426142705,0.003927243405,0.005820353181,-0.002185018276,-0.001306587157,0.001897158267,4.575694632e-05,-0.002914686215,0.003847985183,-0.0002888070123,0.00338935209,0.001755433842,0.003354574957,-0.002439721539,0.002477611405,2.516990631e-05,0.003413374997,0.001246785879,0.00716978209,-0.001248470022,0.006077193483,0.0002058005192,0.002083656357,-0.001725053915,0.004550196786,0.004472553492,0.002633253849,-0.001269053075,-0.00297093107,-0.00129384358,-0.003223910585,-0.001453322905,0.001296024813,0.0006285136191,-0.001244761038,0.002111288833,0.00359476122,0.01094039769,0.01143900802,0.009686084859,-0.0005567085745,-0.004328535155,0.0019244431,0.0004376676328,0.005833720182,0.006245266131,0.002522321912,0.01012613839,0.004052560225,0.00250540488,0.0003465372067,4.285972288e-05,0.004254799734,0.002957715015,0.003241477216,0.001287672354,0.004239310251,0.00170914873,-0.0007916201129,0.0109502329,0.01163177738,0.01102373233,0.001438545629,0.005311432725,0.003903482357,-0.000256916004,0.003229731068,0.006063256589,0.002805850609,0.002796137568,0.004292881877,0.00620175851,-0.002284146837,-0.001398243363,0.001609762937,0.001435798147,4.285972288e-05,-0.002500712605,-0.0002248694914,0.008060186505,0.004816818692,0.005236638096,0.0019112162,0.004081129871,0.005021376529,0.005666582079,-0.002074521135,0.003664292748,0.007690604954,-0.004038768204,0.003970716836,-0.0009552725698,0.01035916476,0.009145585111,0.002198616201,0.01193436516
2014-07-31,0.005918856382,0.006437069288,0.005321829188,-0.005532635183,-0.006739062206,-0.006198956087,-0.006501012313,-0.003607692308,0.0008369977969,-0.001734110125,-0.006490086148,0.001013620152,-0.002183296929,-0.008405316259,-0.007810593079,-0.001616104504,0.004205740556,0.001593365407,-0.002482271605,-0.003033902273,-0.0004488858386,0.002278070646,-0.00275319051,0.002193351418,-0.002485934984,0.001042218537,-0.004662316338,-0.0005650576492,-0.006031850153,-0.002697755926,-0.001166168893,0.004263570594,-0.007153350408,-0.002710109436,-0.009194848178,-0.006906099819,-0.008498688704,-0.003583213938,0.003478362898,0.004537204108,0.00221493868,-0.005546751374,-0.001831849096,-0.006959233384,-0.005078145442,-0.001097648344,0.005379944716,-0.004095030182,-0.0009033311516,-0.005236090453,-0.005435390865,-0.00655987348,0.003640046588,0.0006633310991,-0.006139756256,-0.002475890605,0.003019198929,0.002063130626,0.005492425004,-0.001712658473,0.008106772144,0.005225355821,0.0061047525,0.001565375935,-0.00026045142,-0.004997056844,-0.004996143248,0.00523387687,0.00129123493,0.006431404548,0.0005680349201,-0.0004603677837,-0.0003968275458,-0.001121537308,0.006413425775,-0.001227608264,-0.003051026328,-0.001795067223,-0.0009513135208,0.001050963497,-0.006731198929,0.00360868094,0.005235847607,0.0002843421135,0.009187781331,0.01002195751,-0.000596447519,-0.004882872816,0.001576596053,-0.003896959976,-0.004308567428,-0.0004837668517,0.00554368986,0.004502184581,-0.007889543026,-0.006375392557,-0.0006188006703,0.00073971056,-0.00727531357,-0.0008002326487,0.00285407535,0.01100453134,0.0006751258379,0.002962633786,-0.0008570783832,-0.0008868124271,0.006588563267,-0.004150488857
2014-08-31,-0.005805777277,-0.01317805311,-0.01178351687,0.001233948888,0.00111341916,0.00108871354,0.004924551041,-0.007096535862,-0.01041633836,-0.0004884421867,0.0006005317005,-0.002326912051,-0.001030118933,0.004517350212,0.002481158921,2.240499322e-05,0.0002468685776,0.004697018388,-0.01038123066,0.001430011931,-0.008839940383,-0.006093076272,-0.009359435695,-0.01040626704,-0.01055450344,-0.001682916733,0.006351925301,0.007980126712,0.002657660173,0.004171818631,-0.002215132905,0.0005708402644,0.002170683934,0.006107485409,0.0005492543907,0.003475341957,0.00463280766,-0.001885330249,0.0003267308806,-0.001225714396,0.01217017271,0.000211454189,0.01193865794,0.008920103767,-0.0006770031288,-0.00449068566,0.001724158009,-0.0006399061169,0.001223836575,-0.0005196310584,-0.001051751764,0.00265870463,0.0007359162955,0.002600330428,0.008415621064,0.0005315487995,-0.008632268181,-0.007112251703,-0.005612573998,-0.00336496247,0.005445274385,0.009433430385,0.009404761134,-0.009393025293,0.001166560332,-0.002390231733,-0.0009605405814,0.005292845792,0.001882786081,0.006830925393,0.001571350618,-0.005839406536,-0.005868855516,-0.004539789461,-0.0100574303,2.549952512e-05,0.0009202330911,0.001382577465,0.001536597292,0.0063373447,0.004813420641,0.007651691315,0.01223333142,0.008629313452,-0.01084372017,-0.009711921087,-0.001607629977,0.004853417151,-0.009393025293,-0.005367268972,-0.004116431409,-0.005150384656,-0.005681323504,-0.006213555108,-0.005702257183,0.003107467986,0.00012436138,0.002711349811,0.01179535707,0.001346201857,0.0009959044769,-0.001922803667,-0.0001402280111,-0.0008794850658,-0.003310458447,-0.004087704837,-0.008537785555,-0.0007424089982
2014-09-30,0.008437269781,0.00440298066,0.003885368902,-0.01807672316,-0.007198123871,-0.007570932475,-0.005922735956,-0.0002217300827,0.006732591942,0.0009141033854,-0.01315943198,-0.002306580203,-0.0005257954677,-0.01686341629,-0.01345940079,0.0004797516051,-0.006940377684,-0.006678617203,0.001192810921,-0.001831751513,-0.008346476499,0.004301714095,-0.002396087918,0.002060124736,0.0004154281474,0.003212403626,-0.005254610166,-0.002312611184,-0.003871683409,-0.007849754921,-0.004324185716,0.006137701565,-0.01532560403,-0.0151225422,-0.01215129712,-0.01030389857,-0.0168330325,-0.006897220045,-0.004450835544,-0.0020342399,-0.01410684237,-0.003023495229,-0.01114146496,-0.0145277293,-0.005983697988,0.01070436091,0.005138641152,-0.01463338777,-0.01191065881,-0.02290918034,-0.02280745873,-0.01938404423,-0.004454041917,0.005615255439,-0.00727220331,0.00324718937,-0.01210059371,-0.01306483097,-0.007629649726,-0.01912044171,0.00230522693,0.009820469801,0.008329191016,0.007366484894,9.043280405e-05,-0.001067591173,-0.001059853158,0.0140934252,-0.001529919191,0.003613545446,0.002319691462,-0.0170422193,-0.01719687056,-0.01900190573,0.003861538645,-0.001580098151,0.003412444849,0.006341363241,-0.01221336368,-0.001602191358,-0.002770296242,0.01462982294,0.007751474394,0.005247418218,0.007387694959,0.01206696851,-0.002077455066,-0.005281934025,0.004605280545,0.003496393732,0.001457867697,-0.0177144484,0.004969473524,0.002296099068,-0.01023573737,-0.001242110853,0.0131490297,0.005373045885,-0.01167394254,-0.01285625209,-0.003860268333,0.0205077203,0.001626861014,0.007518324038,-0.02075991264,-0.01810271319,0.0004550347285,-0.02265209542
2014-10-31,-0.0002186411428,-0.00649991965,-0.006327137816,-0.008992165531,0.002465302476,0.002997345847,0.00518061957,-0.004727937877,-0.003523089006,-0.002538349028,-0.006244365034,-0.005548010146,0.004603121184,-0.008217949107,-0.008353099823,0.003608905065,0.004337911989,0.00339821848,-0.0006046387039,0.00138659543,-0.005870599494,-0.008500052921,-0.002926116665,-0.002569543302,-0.004278259575,0.007857034355,0.001993936359,0.0006555066787,0.001949111062,0.003327772852,-0.005631967378,-0.001798239691,-0.009197268748,-0.002424906979,-0.008077326737,-0.0030378577,-0.007227212143,-0.0002991874165,0.001378769685,0.0006238561906,0.008048809327,0.005146278169,0.006548900732,0.001092517816,0.001669021077,0.005621917902,-0.002520300044,-0.007647231589,0.0008057386115,-0.01360921564,-0.01235997772,-0.008820804256,0.01490197128,0.001929752897,0.001351327471,0.003635207591,-0.009617804732,-0.01001906088,-0.004351855402,-0.01051858836,0.0003648090685,0.004861235931,0.001187297042,-0.006127552808,0.003525108222,0.008992404065,0.004788777678,0.002145347953,0.004979380988,2.87343952e-05,0.004490280493,-0.01001368636,-0.01035533015,-0.01066570534,-0.00611324774,-0.001191079448,0.001582525203,0.00154562869,0.0008424417455,0.005297355435,-0.003334199262,0.00740108403,0.0041130521,0.005456846048,-0.004772861122,-0.0004778146006,-0.004849026474,-0.0001948533896,-0.006857076,-0.002773457184,0.001470267733,-0.01014755561,-0.002897654268,-0.003518779197,0.002498157582,0.00217128134,0.006871666226,0.005364020602,0.006560203844,-0.001968600562,-0.005207057072,-0.004095800032,-0.0007697798277,-8.015796453e-06,-0.01043225614,-0.01117135567,-0.005501726442,-0.01466714533
2014-11-30,0.001822665728,-0.00511820674,-0.004759883249,-0.01442891234,0.0002953889594,0.003155561262,-0.002959441085,-0.008467704305,2.689297291e-05,-0.0008017965887,-0.01375243463,-0.001398055237,0.006409000969,-0.014717739,-0.0150585238,0.01123061423,0.00991637195,0.002656918317,-0.003055233501,0.004896644293,-0.0004892113653,-0.00497808615,0.002937753856,-2.689938227e-06,0.0004525591787,0.01350782264,-0.009084171799,-0.004317915059,-0.006172691189,-0.001994806387,-0.01472632469,0.003143211748,-0.01635262537,-0.006151288303,-0.01278423705,-0.003277226698,-0.01576157444,-0.003868755374,-0.003683070323,-0.001935779587,-0.004140526618,0.004678963705,-0.0007246054855,-0.005765070387,0.004820802734,-0.0001222532506,0.007389907723,-0.00949309739,-0.01591737434,-0.02183300526,-0.01772994977,-0.01101428902,-0.005665265704,0.005026497781,-0.002086072414,-0.00400825823,-0.02471299612,-0.02528503759,-0.01550779808,-0.01852148561,0.001251354565,0.007183728476,0.006036546328,0.006731752035,-0.003525424854,-0.001669497389,3.564997763e-06,0.01717344486,0.005078360815,0.01624776524,0.006722112193,-0.01728429043,-0.01804188883,-0.01939272974,-0.004951446297,-0.005822723648,-0.004810477156,-0.002301981455,-0.01553728125,0.002282405911,-0.007901901412,0.01269534401,0.009576784633,0.004906854462,-0.01285794918,-0.0007785706456,-0.0005077884509,-0.001804929494,-0.0006087077485,0.006819131789,0.004206636767,-0.02471714961,-0.005618940855,-0.006386605968,0.01335321098,0.001177182939,0.0123840553,0.0107907661,0.001141116474,-0.01780858598,-0.01014186958,0.01259154858,-0.001452268153,0.00539655578,-0.018607232,-0.01878037008,-0.01421108166,-0.02460558632
2014-12-31,-0.001629494646,-0.008843286973,-0.01094740339,-0.03641517266,0.01951895402,0.0286300029,0.006196282341,-0.02710217452,-0.01086665474,-0.004896022124,-0.030911921,-0.01767046014,0.04246421269,-0.02156318134,-0.02675392615,0.03530413248,0.0351656916,0.03147081697,-0.02197634929,0.01065605276,-0.01984827372,-0.0166719613,-0.00363697789,-0.01089300943,-0.01197676735,0.01847668086,-0.02275623489,-0.01143014889,-0.01635093208,0.00422840746,-0.02839310963,0.01831078252,-0.02537007772,-0.0153130545,-0.02013860219,0.0007058227202,-0.02487660159,-0.001884612444,-0.003158038745,-0.0004931796313,-0.0017028371,0.00472826124,0.007737223762,-0.0003324764106,0.02498428896,0.01121279729,0.02777820643,-0.04238931243,0.006004088669,-0.04747401074,-0.04057855348,-0.03217875395,-0.01337048219,0.02170608458,-0.007817928183,0.007824889008,-0.03416137687,-0.03568853947,-0.01947162961,-0.04356858431,0.02541383344,0.04009689283,0.03516178989,-0.01144812617,-0.001529347581,-0.0001459904606,0.002996988487,0.04112671231,0.0399374204,0.04756910372,0.02633046318,-0.03779135334,-0.03914638674,-0.03832415646,-0.01442031282,-0.004716453508,-0.01308669813,-0.005291016133,0.007578755901,0.03253527557,0.006226365201,0.0423197492,0.03991864175,0.02828972124,-0.002586210674,0.01084749546,0.002854118212,-0.008383353926,-0.01505986247,0.003265477495,0.02050650784,-0.03699754026,-0.000612289027,-0.009972868695,0.0297937322,0.02226153572,0.02591346988,0.02580897453,0.006678672763,0.002890487098,-0.002117483446,0.02891374744,-0.007369517833,-0.003946289061,-0.03670561515,-0.04273123112,-0.01451382897,-0.04610703619
2015-01-31,-1.027895176e-05,-0.005525493779,-0.005619581069,-0.02582039114,-0.0008061098196,0.002607985161,-0.005569675671,-0.006102902046,0.006074025028,0.01580462266,-0.02201617658,-0.01123701904,0.01656747199,-0.01197779211,-0.01958015146,0.01171950005,0.01624593127,0.01625058242,-0.02160529928,0.002453397227,0.003600747064,0.008018724316,0.0114021234,-0.002938828566,0.002375587609,0.03496123667,-0.004204953644,0.001555940828,-0.002218477325,-0.00253522118,-0.01682249069,-0.004624894324,-0.01625046803,0.004385319347,-0.01031365316,-0.008705186265,-0.01441995462,-0.01646694162,-0.01244466472,-0.01312865355,-0.003611735942,0.01044197782,-0.002054880037,0.001261145686,0.017763421,0.01217395748,0.007110960606,-0.02700017562,-0.01003248942,-0.02659102146,-0.02159037499,-0.02294190662,-0.03465889658,0.01941363064,-0.006201877101,-0.003001543779,-0.03043116669,-0.02893255433,-0.03351735709,-0.02529081377,-0.003120689427,0.01080418256,0.005921699448,0.0120869596,-0.007607190145,-0.007933635793,0.007939700441,0.02852417748,0.02281983412,0.01785534542,0.01260423863,-0.01775077966,-0.01917337584,-0.02270596919,-0.01086865741,-0.01423923955,-0.003021949297,-0.000309373841,-0.007568403246,0.01623205558,0.01020855101,0.01792780136,0.02129236965,0.01546830785,-0.00411146409,0.0009065903069,-0.003217614488,-0.009210797469,0.005620924018,-0.002317920099,0.01074086088,-0.03240048557,-0.01086804103,-0.01527735793,0.03335548369,0.01142724976,0.01532162197,0.01271493242,0.01125738085,-0.01049741466,-0.01342923464,0.01445702043,-0.01645180009,-0.01113463777,-0.02318970057,-0.02440151377,-0.01997085699,-0.0309099633
2015-02-28,-0.004540308194,0.01180513953,0.009621031235,0.04255167409,-0.01165765143,-0.01511544578,-0.006783601211,0.01880942478,0.02274664953,-0.03060191243,0.05349449674,0.03723818772,-0.03934845351,0.03476905976,0.05430557846,-0.04775291534,-0.05184735354,-0.05015886938,0.01194793497,-0.02669372766,-0.02336212249,0.00341605188,-0.01865394456,-0.01906089157,-0.02248267883,-0.02899473215,0.02379181814,0.01586802598,0.01173746565,-0.01025725288,0.03822020152,0.01637505128,0.04788188428,0.001072105113,0.03675715446,-0.008619237224,0.03956819336,0.03135610114,0.03021920371,0.01978099724,-0.02206560277,-0.0158233444,-0.03005927242,-0.01785969969,-0.05017192029,-0.03500953627,-0.01472366027,0.05421738976,0.01370531466,0.05433789619,0.04714841351,0.04206886136,0.001780899802,-0.04162477755,0.01000235214,-0.01221890173,0.04304089452,0.0423845821,0.0177775598,0.05855694641,-0.02395678129,-0.04102731381,-0.03636816986,0.001532516161,0.002732174023,0.007649941105,-0.0001408034159,-0.04021934057,-0.03421343902,-0.04158838624,-0.03000197086,0.04542972521,0.04908744737,0.04931917432,0.01629835778,-0.003839976502,0.01438171361,0.006015739769,0.01291569094,-0.04030657599,0.02388454185,-0.04913482637,-0.04810570197,-0.04786884364,0.0003780416966,-0.007984995494,-0.005445641854,0.01015392644,0.002854620366,-0.02977251171,-0.03433792777,0.04584683943,0.01045222026,0.01150088553,-0.04234600243,-0.03764256897,-0.04631397896,-0.04543530243,-0.01171577005,0.01822898726,0.01323412568,-0.03016572821,0.0195526632,0.01004014466,0.05189676685,0.05730200339,0.02219511641,0.05813324887
2015-03-31,0.004827911628,-0.001010091539,-0.002363144452,-0.0168720213,0.006350639401,0.00704586803,0.002508610751,-0.01631067264,-0.004771197565,0.009011048849,-0.02500102422,0.0115080928,0.01856996045,-0.02262777342,-0.02779365253,0.008922956084,0.006479570835,0.003413024301,-0.01261105722,-0.0002999583956,0.01217882022,0.02258980426,0.01284934899,0.0172647327,0.01756750421,0.01176490267,-0.001598752568,0.004558380699,0.00276349078,-0.01960075698,-0.01920644548,0.001502727716,-0.02806039601,-0.01444242331,-0.02031250507,0.006830705759,-0.02684501383,-0.01231496871,-0.001587232351,-0.0004113133067,-0.003160782463,0.01265271253,0.003189702365,-0.002776538435,-0.00331145522,-0.01237498465,0.0104401941,-0.01577232492,-0.01028386555,-0.01896755813,-0.02102472318,-0.01364198681,0.01072836911,0.01723385346,-0.006139954083,-0.01016139586,-0.01832334279,-0.01846860831,-0.01019454968,-0.02442918389,0.01622437328,0.01424184392,0.01532986039,0.003341825429,0.01569042845,0.002596996338,0.008001638773,0.01899445869,0.01905727148,0.02000929407,0.01262603363,-0.02058135888,-0.02335615598,-0.02475458115,-0.002247816457,0.0116974434,-0.0006878066699,0.002838195496,-0.01025894537,0.02067247286,-0.0014386479,0.01605509502,0.02112632268,0.02136128783,0.002159689505,0.00768348398,-0.003977517616,-0.002870610717,-0.0003087010679,-0.003813619283,-0.01477080767,-0.02215150588,0.0005049570644,-0.0005817086214,-0.02166409303,0.0184421482,0.02355703723,0.02329716597,0.0005868192441,-0.009356035138,-0.005304049725,0.01148320932,0.001764275833,0.006006253559,-0.02469484041,-0.0242586085,-0.00647209056,-0.02110894699
2015-04-30,0.003697784541,0.006543012573,0.004709912967,0.01803889361,-0.01255684257,-0.01683240563,-0.00311378984,0.01644661605,0.01622929895,-0.01163677657,0.03186292388,-0.01083525768,-0.02924399425,0.009407115078,0.02199139998,-0.02210565641,-0.0248215364,-0.02198462345,0.01761970815,-0.02034370385,-0.01321886402,-0.014201221,-0.004590716079,-0.005101833248,-0.01445161038,0.01134072893,0.004038325347,-0.004816388275,-0.002354227783,0.01933056881,0.02313204053,0.006199414908,0.01860697676,-0.004894313293,0.01116436415,-0.01388498532,0.01368132415,0.02291568907,0.01847718496,0.01169749155,-0.01998656547,-0.01181650916,-0.02457697597,-0.02370691817,-0.01421210707,-0.01313418972,-0.007952384764,0.0354413983,-0.009862213078,0.03133175868,0.02704367542,0.01642646356,-0.0121546576,-0.02584782722,0.003629229908,-0.004352350216,0.01748097686,0.0186587788,-0.00109547729,0.02647962279,-0.008360530904,0.0101194913,-0.01478418639,0.004785529796,-0.01495805208,0.009238665352,0.004517440093,0.03015282863,-0.0194859865,0.001304271333,-0.01364405015,0.02389063349,0.02461025123,0.02476275281,0.007769671402,-0.01836430504,0.004028826703,0.00190794619,-0.01054192801,-0.01761033508,0.002799273629,0.00291276006,-0.01747489955,-0.01911588506,0.002060748546,0.001613448744,0.001697428388,0.002873874246,0.006270874019,-0.004063890126,-0.009507718683,0.0183464437,0.01049328336,0.009831119653,-0.01328134311,-0.01307362916,0.00301561556,-0.01471693674,-0.01366506481,-0.007728495482,0.006695492227,-0.01552408577,0.007067317186,0.003909450082,0.02580470933,0.02776061269,0.01222454082,0.03231427982
2015-05-31,-0.001183351924,-0.003869873205,-0.005336704787,0.002062831601,-0.005575576545,-0.007276152784,-0.004295348222,0.004828047078,0.002461280373,-0.001871729157,0.003367225892,0.002147176593,-0.005499572639,-0.01070501524,-0.003897718052,-0.004856002854,-0.002513916771,0.002071297175,-0.009161658518,-0.00896140922,-0.009160464544,0.003284065907,0.002472493597,-0.002511678247,-0.004666086387,-0.004508641914,-0.0004518847078,-0.003564037569,-0.00295241438,-0.009919205445,-0.003404235391,0.004055080697,-0.007180949682,-0.006842332519,-0.009592073773,-0.01121804068,-0.00998597993,0.006509988835,0.005928620932,0.001337148051,-0.008563223617,0.0009306982073,-0.009077447923,-0.01596943174,0.003313295856,-0.01060514504,0.001668105265,0.01098986782,-0.01474004902,0.003376408699,0.002177212693,0.003792449962,-0.01417483265,-0.0004699377167,0.00249473028,-0.000765368472,-0.006248221113,-0.005213567809,-0.01240659273,-0.002789757265,-0.004936390374,0.01176599114,0.002979254355,-0.001112325304,0.001746708135,0.004521237217,0.01135483462,0.00589758052,0.0003896161599,0.007874658634,0.004939692697,-0.00321899276,-0.003743710935,-0.003753478275,-0.002131025975,0.003103845376,0.003927832044,0.002757369953,-0.01480429727,0.001942418525,0.002648613124,0.01259687412,0.004235400088,0.001561679772,-0.005601176796,-0.002985973418,0.001823204921,0.002192399021,-0.001909424537,0.003659729499,0.006027283491,-0.005349014816,0.0008239920412,-8.187696317e-05,0.007020930625,0.006724085983,9.447268574e-05,0.004772206517,-0.00198578504,-0.01444172334,-0.002052694844,-0.001704956101,0.00595412675,0.005593132043,-0.004072850202,-0.003573908188,-0.004748719474,0.002902536494
2015-06-30,0.0006804273673,-0.002544905999,-0.003003657237,-0.02002039574,0.010892541,0.01046436948,-0.000503689262,-0.001425490967,0.0008882913885,0.01574351116,-0.01921298572,-0.000652836985,0.01359257369,-0.02919285754,-0.02449470666,0.001419256398,0.01536470233,0.019899343,-0.01506904433,-0.004836759425,-0.003841943508,0.01326929488,0.01384448333,-0.000538737414,0.004396127618,-0.001672240647,-0.008348098685,-0.001311682682,-0.004736070038,-0.02446457731,-0.01569028051,0.0009096455358,-0.02572263976,-0.01935086683,-0.02329382912,-0.006485811038,-0.02934292837,-0.01079922382,-0.002895317833,-0.003266526092,-0.009155083158,0.01322663742,-0.006659239255,-0.01769288131,0.02011772455,0.002657198171,0.008375250179,-0.02325335549,-0.005173553336,-0.02405628507,-0.02598197936,-0.01938308043,-0.005004223077,0.02194135797,-0.004270747885,-0.00200172683,-0.0220521606,-0.02225720578,-0.01297398198,-0.02980613494,0.01584810642,0.01454011497,0.01566725727,0.001187235116,0.01613854508,0.009008384356,0.01110375567,-0.001127517258,0.01953610507,0.01199592824,0.01132408993,-0.02833542418,-0.02913701562,-0.02947242549,-0.004135017432,0.02169340918,0.01646421369,0.0122308521,-0.003629277237,0.02324028172,0.01773419817,0.01895602615,0.01878250159,0.02731563714,-1.474086309e-06,0.007689311144,-0.0003088537618,-0.003067398011,-5.059550802e-05,0.002314190815,0.006692526149,-0.02403433247,0.002770249899,-0.002438424067,0.02030645985,0.02322007447,0.0238592652,0.02003850414,-0.001779823523,-0.01076742925,-0.01332984049,-0.002608420051,-0.001315694356,0.003554203145,-0.03044130841,-0.03020730566,-0.0102623561,-0.02589349761
2015-07-31,0.002839001693,-0.01599901886,-0.01686709585,-0.03702482317,0.03112610821,0.0234887723,0.02050348656,-0.02154719352,-0.02675849167,0.02794869451,-0.05163242302,0.009847493313,0.03634202253,-0.0498607,-0.06037999683,0.02589415473,0.02616726495,0.03355665736,-0.03139644587,0.01497679547,0.02724107362,0.03515407507,0.02921653785,0.02838916031,0.03263127754,0.007133008351,-0.0007227126692,0.007353358169,0.01227614759,-0.01984505831,-0.0527954221,-0.005220588354,-0.05555622876,-0.03201928052,-0.05538838334,0.0185232602,-0.05324805369,-0.01771160284,-0.001238882117,0.005747940866,0.01271815925,0.04035491155,0.022772142,0.0004644874138,0.01112126233,0.008495113469,0.009841823453,-0.05484728716,-0.006806181913,-0.05304322154,-0.05436907596,-0.03603046215,0.005930296225,0.009423718111,-0.005406948884,0.003876671439,-0.03896275833,-0.03819638139,-0.01500219234,-0.06656081859,0.0148241113,-0.02512514851,-0.01774863076,-0.009743978866,0.0417812223,0.04546160524,0.0146202372,-0.001847355492,0.04781756627,-0.02317833056,0.02160989833,-0.06049794438,-0.06266728699,-0.06132932214,-0.02205579585,0.04765095795,0.04978882769,0.02326238914,-0.005779357721,0.05350870677,0.05240725514,-0.01422325346,0.006629909575,0.05226074224,-0.0005515849629,0.009758855838,0.002016209025,-0.007138099701,-0.01179647372,-0.001256193867,0.006903424163,-0.0414291984,-0.0002861530401,-0.008225453517,0.03065426902,0.05418535802,0.04538896945,0.04339908088,0.01980321224,-0.01529440235,-0.03228368242,-0.001549190731,-0.006185248933,0.001798270915,-0.06389704137,-0.06688042131,-0.0260579145,-0.05715683183
2015-08-31,-0.001257288043,-0.01193053138,-0.01121770615,-0.03086301649,0.01842332745,0.01976668069,0.002791334043,-0.01122775436,-0.02424483957,0.02340201892,-0.04633696878,-0.00152441816,0.03209864361,-0.04243484572,-0.05118973512,0.02519066446,0.009053659468,0.002358357559,0.02063570776,0.0233877174,0.009791367103,-0.01519837658,0.01062510027,0.01814344082,0.02486784471,0.0186483611,0.001297643137,0.0119486334,0.008063566315,0.009028417227,-0.03974001891,-0.0008031928246,-0.04758262141,-0.02283777376,-0.04777297133,0.01181279044,-0.04559717513,-0.0003976582316,0.02239161853,0.02880027452,0.01370124903,0.02242672795,0.01678666025,-0.0005158842799,0.0008410082917,-0.001693224053,0.006177115839,-0.04684614331,-0.003259111009,-0.04893685485,-0.04424427342,-0.02739591875,0.003590124954,0.007796135377,-0.008032239092,0.004989605503,-0.03802255578,-0.03937235408,-0.01736984584,-0.05255365092,-0.006020325398,-0.007418422756,-0.02539077282,0.004745301429,0.03463172787,0.03423326018,-0.0006567747469,0.0301555025,0.04006675127,0.01755927321,0.0123057965,-0.04435127602,-0.04722300326,-0.04775494234,-0.01220204842,0.03001619805,0.03857101613,0.01494972193,-0.003338303562,0.03585427257,0.04548005505,0.01268708381,-0.01837177826,0.03227682238,-0.01020038787,0.005289492931,0.00372760583,-0.01231954865,-0.00429128741,0.009502103163,0.02804798815,-0.04194042982,-0.0001296648364,-0.006406171408,0.04889233297,0.03900863703,0.04369859981,0.02244359737,0.00184844172,-0.007901982579,-0.01252850713,0.00532694039,-0.01026548756,-0.00442893565,-0.05180479714,-0.05107962,-0.01710150341,-0.05070268553
2015-09-30,0.003988767274,-0.005033796482,-0.006164731436,-0.04308842841,0.01633013819,0.0183476091,-0.00571660054,-0.01772980462,-0.02083484207,0.04037045054,-0.05900528524,0.003001816658,0.03876720446,-0.05888626595,-0.06559969719,0.02101319895,0.009595561598,-0.007784524903,0.03085580342,0.0224075803,0.01424068451,-0.01274181956,0.007485796317,0.01326933847,0.02487240227,0.03698931259,0.0103715391,0.02017626483,0.009275743099,0.008987096932,-0.04712482,0.005726592401,-0.0651184905,-0.03596228103,-0.05904218341,0.0154835963,-0.06112463303,-0.02446033376,0.01696389484,0.03235386911,0.0179105989,0.02142207019,0.02775197564,0.0007892290324,0.01182346114,-0.00788634507,0.003578714757,-0.05625789695,-0.01002653345,-0.06240793197,-0.05533418374,-0.04375541292,-0.01660863626,0.01368903219,-0.01412044933,-0.0009544072761,-0.04608234596,-0.04747665367,-0.0308458675,-0.06587293712,0.01130471761,0.03195262106,-0.007944246486,-0.008797365198,0.03247743,0.03075792061,-0.00470049032,0.04348430349,0.03815782386,0.04343700653,0.01351268512,-0.05480996889,-0.05981898164,-0.05909817247,-0.00829444534,0.02785225769,0.03369603262,0.01261590261,-0.006787122865,0.05324929757,0.06022578171,0.04961632398,0.03064788746,0.04412061745,-0.001059122345,0.01144185884,0.003001377955,-0.01293849647,-0.008797365198,0.0063342646,0.01868961697,-0.05209261491,0.0006802970991,-0.002851900261,0.04589128561,0.05564549768,0.06230044936,0.0571265336,-0.001654381313,-0.01908876007,-0.02541520959,0.01946931156,-0.01588309461,-0.003781139216,-0.06465276717,-0.06598379248,-0.02694069092,-0.06586948582
2015-10-31,-0.00518687346,-0.009222440396,-0.01007815739,0.02029655437,0.01532437832,0.0124830945,0.009120323273,0.01773163883,0.009788293229,-0.02055932758,0.03198485037,0.005811941983,-0.004557060623,0.02740705164,0.03326554106,-0.003282089968,0.009611757052,0.02724739806,-0.02046869263,-0.006233025425,-0.01596530504,0.01120021822,0.009964105469,-0.004140740207,-0.0005131979876,-0.01832927576,-0.01112859996,-0.0189766191,0.006263346717,0.0107289117,0.01980756535,0.006387409742,0.03370716295,0.009416507595,0.02628596125,0.003312527438,0.03245808086,0.02024542128,0.001057349849,-0.005909324348,-0.0009247939345,0.01328736873,0.00063309134,0.01154531951,-0.001687930052,-0.006620409592,0.01182697333,0.02551845042,0.01464774317,0.03015410936,0.0234138651,0.01628688658,0.01371929228,-0.01447873841,0.008525288452,-0.0173031729,0.01859018882,0.01775635933,0.01721384337,0.0286602049,0.0162680858,-0.002321695142,0.004167179168,-0.01657879773,-0.002341854387,-0.002955396702,0.01443313863,-0.01498810024,0.0004132751516,-0.008397394637,-0.01100642053,0.01900454595,0.02370080682,0.02344727112,-0.00500718006,0.007053601783,0.003768038424,0.005546959675,0.01437214637,-0.004730971318,0.006064930387,-0.01135477465,-0.007458951955,-0.001561214307,-0.002995880898,-0.009717682935,0.001522119227,0.01411921832,-0.01394903637,-0.02202972123,-0.02677948786,0.02467946748,-0.003621235305,-0.006338554216,-0.02768059775,-0.01545880073,-0.02730605689,-0.02150713842,0.003875965972,0.01429979478,0.01879143272,-0.007029703117,0.0147897876,0.006845855729,0.0242102833,0.02600329443,0.008253477041,0.03160754545
2015-11-30,0.002652175092,-0.01962797816,-0.0196121414,-0.04024797011,0.003204793798,0.01244075232,-0.02024026307,-0.00905560588,-0.009122359198,0.03603661642,-0.05482518413,-0.001196613344,0.03964874051,-0.04965680223,-0.05731155516,-0.0026480268,-0.01701590437,-0.02325324949,0.03545163841,-0.001614556858,0.0003413231663,-0.03587808457,-0.000242728874,-0.008302356664,0.0004216302819,0.0002068130175,-0.003417004422,0.01668965078,-0.02151799022,-0.005447378264,-0.05415137912,-5.713212304e-06,-0.05325272147,-0.01929021228,-0.04558983336,-0.01640594215,-0.05324762963,-0.02475449691,0.03425851892,0.04346998649,-0.001504718796,0.01497713161,0.005798968408,-0.01456228556,0.02316000728,-0.002346852626,-0.006750579561,-0.05912910695,0.005722626794,-0.05556986402,-0.05673458443,-0.03919862557,-0.009539106073,0.04222331539,-0.007100309085,-0.01336368887,-0.04618942579,-0.04640018041,-0.03193562903,-0.05679071287,0.04198255691,0.03697976771,0.04683919356,0.002606773605,0.031715542,0.02011020131,-0.00412141064,0.03947413732,0.04487999569,0.04141818778,0.02342314631,-0.05069543575,-0.05305746981,-0.04567934534,-0.02041718938,0.04716225461,0.02726770806,0.01911524767,0.009268242404,0.05881579186,0.04421150397,0.04989297094,0.05663282789,0.05389829116,-0.02152159663,0.004745228993,0.003519710698,-0.008936307288,-0.002466039587,0.0001942829299,-0.008954018779,-0.04854168297,-0.002689618891,-0.01387110886,-0.002978126591,0.05658948796,0.05717733851,0.05743226984,0.01743335417,-0.004570320647,-0.007634173432,0.01850161683,-0.008808027053,-0.001678796035,-0.05615733905,-0.0571411522,-0.02896709563,-0.05775112662
2015-12-31,-0.01017256712,-0.03924536401,-0.03966499882,-0.0611517576,0.02541206347,0.04452932781,-0.02878705596,-0.02911170848,-0.02692334545,0.05887731136,-0.09142839856,0.0008920616306,0.07575338456,-0.07898578821,-0.09173895247,0.03966706792,-0.005024708174,-0.03822185246,0.04262067685,0.02512254855,0.01010687846,-0.04252169623,0.01694656647,-0.001507584977,-0.001147347915,0.001040779984,-0.01278115368,0.02165180105,-0.02774842038,0.01800620328,-0.09349476693,0.01144954439,-0.08707462905,-0.03509186938,-0.08053955492,-0.01179794195,-0.07933258005,-0.01957157076,0.05317766466,0.07888133899,0.01862389712,0.0533543681,0.03113779662,-0.001271720492,0.02987429761,0.0424795337,0.004802069193,-0.08724362406,0.01387277868,-0.08857860726,-0.0887728518,-0.05560984832,0.009383858745,0.07862055451,-0.007913660922,-0.00294689867,-0.0670523876,-0.06670116072,-0.04198922269,-0.09736103699,0.04225991656,0.02085380055,0.06675803346,-0.01697807428,0.08711454601,0.07917194486,0.02102521613,-0.01794274739,0.08649313527,0.0727713656,0.03879471021,-0.08889634379,-0.09325121085,-0.09438883291,-0.03745993682,0.09077245591,0.06092504518,0.05504688852,0.01805500564,0.08274828767,0.03485365373,0.03700683831,0.09076484531,0.07542022929,-0.03824272678,0.008974829759,0.009140298874,-0.007387578488,-0.02905115567,0.002184576452,0.01277306115,-0.07063859848,0.003337399608,-0.02109547794,0.04283091017,0.08475185164,0.06713600355,0.08852257704,0.03579609665,-0.004104820905,-0.01420369742,0.01709779399,-0.009307173497,0.003708820461,-0.09700804101,-0.0953738171,-0.04783318668,-0.09028497496
2016-01-31,-0.007948572439,-0.05014709035,-0.04887573127,-0.08220426786,0.05803753362,0.06246984561,-0.03114727034,-0.03720105885,-0.03013756191,0.06371398744,-0.08614676743,-0.006843661516,0.07125936775,-0.0822039414,-0.09918102188,0.05601462829,0.006276707609,-0.02379495754,0.05561647306,0.01191840345,0.001795831651,-0.0471026715,-0.01260145414,-0.005793118569,-0.0110858996,0.03160446962,-0.0124474693,0.03631753389,-0.02492015651,0.04640950764,-0.09305707086,0.02789582676,-0.09347989809,-0.05429315122,-0.0866275446,-0.02076060601,-0.0909686745,-0.02568444486,-0.02623065786,-0.02115614708,0.011745723,0.06998176108,0.02110090975,-0.01887953127,0.03639375076,0.04516818243,-0.03969485274,-0.07842190216,-0.02777620342,-0.09018538164,-0.08182819857,-0.0713739749,-0.05510032708,0.09127708051,-0.005192870987,0.006019518221,-0.09745029413,-0.09667239803,-0.07856198449,-0.09917220207,0.01801950055,0.03729073409,0.06176479301,-0.0261694254,0.08333804237,0.06834569304,0.06398430305,0.06093915001,0.07361791463,0.01430875693,0.05105730013,-0.08824625876,-0.09313558086,-0.09486781785,-0.04646547011,0.08234327116,0.05769593666,0.05462590703,-0.02049195843,0.07122731283,-0.0039714003,0.02740591109,0.08024458387,0.07177701864,-0.02629539763,0.01733358876,0.008548923669,-0.01198861302,-0.03459127137,0.0006912574355,0.03752554564,-0.101931609,-0.01010474161,-0.03532489902,0.09056051852,0.0828570009,-0.02822556095,0.08813863958,0.02794204152,-0.04350095336,-0.04528080787,0.01941358713,-0.02084167407,0.003067665093,-0.09591723404,-0.09767657529,-0.06948471761,-0.09374760022
2016-02-29,-0.002987938574,-0.02420504802,-0.02363150739,-0.009683303826,0.01419173911,0.01559682204,-0.01360038395,-0.03490259066,-0.0190984198,0.005350277336,-0.001605629977,0.005665166842,0.03187602511,-0.005570282007,-0.004112113954,0.01627340765,0.005674511812,0.02120942902,0.004447550765,-0.009517497632,0.02158950506,-0.008547472888,0.03048573748,0.02119525115,0.02889549152,-0.01136054332,0.001682826038,0.01653629629,0.008439497321,0.006558585187,-0.00919844484,0.02300161937,-0.004717901795,-0.009907876364,-0.008258322206,-0.007372028401,-0.002103499617,-0.03307234518,-0.002444716476,-0.001027218495,0.007601597707,0.0189023907,0.0190303181,0.008584685112,0.005885925789,0.01378607632,0.002496509081,-0.007844653535,0.005732739547,-0.01056312337,-0.01942553052,-0.005421129573,-0.002956478421,8.395006933e-06,0.004686706637,-0.01118767518,-0.01968210592,-0.0189781757,-0.01167173086,-0.01109681175,-0.01193830831,-0.02075253849,-0.0009884337091,-0.02117348402,0.02397639954,0.03328404582,0.02335223449,0.01483929765,0.01590048621,0.01599026581,-0.001795317111,-0.01563798668,-0.01472080784,-0.01385518656,-0.02077424851,0.0122651188,0.01756615085,0.01238912089,0.01152486177,-9.472504886e-05,-0.01312955367,-0.006642484735,0.006946039371,0.002788878402,-0.02559694695,-0.01256274472,0.005978577197,0.009131634107,-0.02093131149,0.001960399053,-0.01158175545,-0.01449139924,-0.008106716771,-0.01989673852,0.009795291979,0.004924045486,0.0009587751372,0.005926094215,0.02938643675,0.0008985852433,-0.003379835873,0.02541598914,0.006956543058,0.009427571021,-0.01008954534,-0.01162134588,-0.03509078078,-0.0103909381
2016-03-31,0.01276202193,0.09549004055,0.09722547846,0.1433695639,-0.1296611077,-0.1308781766,0.08172344549,0.06304570174,0.09184564582,-0.1747281845,0.1580508254,0.05255058076,-0.04078037253,0.1547989982,0.1779257891,-0.02872477207,-0.0001829194486,0.08136840728,0.05336912083,-0.04894724893,0.04660281062,0.06415901266,0.07930153962,0.0660319773,0.07753848919,-0.07976526064,0.01772702269,-0.07248510061,0.04939833845,-0.1282831863,0.1843161315,0.02978771509,0.1728214411,0.06458614402,0.1388282092,0.0434718987,0.160033405,0.07080302266,-0.09884136453,-0.100374891,-0.00988367396,-0.1401781706,-0.04030384578,0.02744283392,-0.08245359662,-0.08824149635,0.1362858941,0.1723040165,-0.01788598641,0.1758411538,0.1608240147,0.1272303847,0.1095571852,-0.1748210513,0.0333608925,-0.03012877328,0.172565784,0.1699137411,0.1540193427,0.1938964169,-0.07553933582,-0.1298388767,-0.1388196682,0.02911395692,-0.1417660835,-0.1425306128,-0.1186393816,-0.147885598,-0.1484020913,-0.1547607803,-0.1233436059,0.1736757292,0.1788503796,0.1828589214,0.09194272594,-0.153214518,-0.1386586086,-0.09652104434,-0.02938020923,-0.1774440105,-0.07426620586,-0.1682247607,-0.1739060422,-0.1806190867,0.07063413874,-0.01869832515,0.01347712113,0.04204464376,0.05100510863,-0.01664412987,-0.0582095476,0.1804589311,-0.01658512379,0.05161655872,-0.09261868039,-0.1899076638,-0.1750195189,-0.1929300754,-0.07639272274,0.04500411356,0.05034812527,-0.04252694431,0.08885960698,0.0454056086,0.1827972537,0.1908098206,0.1232873416,0.1807204221
2016-04-30,0.0117162227,0.04610988725,0.04599210808,0.09774871054,-0.0513637703,-0.04975173967,0.04948060168,0.02392544775,0.009699946368,-0.07047444853,0.1097160688,0.02239652219,-0.05475072213,0.1058776622,0.1118623765,-0.05050824813,-0.01741332897,0.05932159674,-0.003748332164,-0.02166237627,0.03158822561,0.02111858479,0.06081584543,0.03169066812,0.05241555963,-0.04035041898,-0.009414923129,-0.05059324012,0.03518776632,-0.04954407705,0.1068684843,-0.05421893886,0.1129012844,-0.003701411098,0.09831746613,0.08681576076,0.1084216705,0.001805641503,0.02214923648,0.01892041692,0.009670930927,-0.06053955016,0.01517103534,0.05987853586,0.001804772317,0.04423035672,-0.02759670294,0.1087204339,0.01386612631,0.1180254469,0.1131354506,0.0835476936,0.08342288256,-0.09331506458,0.02870551911,0.02235069611,0.1193760832,0.1177216375,0.1025560132,0.1278480585,-0.06940967084,-0.02457872542,-0.0689170294,-0.02481178694,-0.08857660742,-0.08926162017,-0.07295158305,-0.003832675114,-0.08566438128,-0.06471073752,-0.04865694082,0.1203884436,0.1221623807,0.1220184327,0.04310578618,-0.1070143117,-0.09306704733,-0.06202268809,0.009354526967,-0.1142828377,-0.06923005345,-0.06505389616,-0.09911108385,-0.1181374811,0.02573603106,-0.008104808954,0.002919830612,0.0304177056,0.0009504739255,-0.007949873935,0.03753813823,0.1247059691,0.001415303565,0.02698082968,0.08273141212,-0.1125133188,-0.1122899043,-0.1146350672,-0.03456631377,0.03360244739,0.05407981873,-0.00404127923,0.05296124164,0.01668790789,0.1229894786,0.1267927829,0.06928445301,0.1204179101
2016-05-31,0.0062958606,0.01694921896,0.01634640475,0.01096074575,-0.0177456,-0.016346622,0.005666049934,0.008286689734,0.01406299026,-0.019453207,0.01314391622,-0.003007625568,-0.009385956003,0.007814824567,0.01119398642,-0.004814555606,-0.00507980113,0.003685709584,0.00686154677,-0.001067220468,0.004037178128,0.006331784711,-0.001489941976,0.005606589768,0.009964335968,-0.01447661174,-0.002742424609,-0.008828507296,0.004500339889,-0.01523790634,0.01111968375,0.001998425093,0.01014486762,-0.005133099667,0.004088047661,0.001775640387,0.008923512192,0.004277733873,-0.007300756997,-0.008548541687,0.0004753403106,-0.01269895065,-0.0005622712011,-0.001662892151,-0.007273197147,-0.004459207778,0.005419915223,0.01679796878,-0.02064231729,0.0228623875,0.02282166421,0.01010589121,0.0008288742661,-0.02313734025,0.0001364782395,0.0058362428,0.01917760745,0.01896878268,0.008642123833,0.0159199999,-0.01443565178,-0.007972786591,-0.01564968749,0.005681751607,-0.009074539812,-0.01000491384,-0.0003900985483,0.01195250692,-0.01564311043,0.00890661743,-0.009104379454,0.01886946422,0.01683079092,0.01502029362,0.01853389545,-0.006676265449,-0.005931451549,-0.0007419490749,-0.02005904651,-0.01183851311,-0.003382740736,-0.009997129669,-0.02216610572,-0.01849588201,0.01361148476,0.01013706165,-0.003307943548,0.00257816514,0.006893017608,-0.0003156608181,0.004417561939,0.01802590799,0.001450427548,0.01264089016,0.004059980152,-0.005735825059,0.004962172999,-0.009051764413,-0.02192502076,-0.01136124795,0.006240398554,0.006223258222,0.01871441552,0.01630177911,0.01535245011,0.01663371948,0.02212719144,0.02152888187
2016-06-30,0.002890979597,0.01369337926,0.01520149254,0.02589432503,-0.009387688625,-0.01386340329,0.03360867945,4.607353728e-05,0.005000667811,-0.0006151449955,0.0365503794,0.007086398701,-0.03196728698,0.03850278985,0.03869067736,-0.02612562791,-0.01634119773,0.006625203613,-0.0164045969,-0.01349483384,0.006677018274,0.01262233974,0.01789814488,-0.005332257556,0.01499970163,-0.006482650294,-0.01766095467,-0.01122039417,0.001718560752,-0.01806560017,0.03939942758,-0.029102919,0.03757934959,-0.002199771693,0.03845231009,0.03964055302,0.04078119341,-0.02175405196,0.02789913863,0.02405028101,0.01288419272,-0.0293260856,0.01920079862,0.03383970466,0.002425283178,-0.01082708626,-0.03569835434,0.03362399029,-0.005413722305,0.02584365666,0.02764063746,0.0271444749,0.0100370377,-0.003871609616,0.008052372319,0.002418820088,0.02344128537,0.02279274089,0.02026533858,0.03518480949,0.008897881687,0.03676954492,0.02492504701,0.006467091381,-0.03703608455,-0.03571002461,-0.01200756533,0.03384125844,-0.02166743302,0.03694452367,-0.003668423915,0.03165067947,0.03330308156,0.03561695663,0.01288782077,-0.04166231104,-0.03994954442,-0.01801049764,-0.007704946869,-0.0334770115,-0.04098499654,0.0327335753,0.01522387318,-0.008377249276,-0.002512415692,-0.006229522721,-0.002364041911,0.0067274772,0.008984302088,-0.002012557932,0.0006052199994,0.02612723638,-0.005363297973,0.004330870194,-0.008113559693,-0.03132497047,0.03782700731,0.025441654,-0.005084065292,0.00171836814,0.002310847519,-0.005055819878,0.01077192632,0.00914272983,0.03218979373,0.03497032515,0.0118394394,0.02564263875
2016-07-31,0.005115133413,0.01171098886,0.008754750915,0.0239311622,0.005527426881,0.007376341858,-0.008175313977,-0.009371402684,-0.003224053338,-0.008473116628,0.03045063434,-0.00409979441,-0.01718204276,0.02225347101,0.02693534966,-0.01020551751,0.006037147203,0.01677867974,-0.01819860906,0.003071928031,0.009263905483,0.01662525569,0.007657474184,0.01480029978,0.009193662799,-0.01040856917,-0.0003062195842,-0.01009099549,0.009279378532,0.008248591438,0.02209433871,-0.002637102702,0.0278442874,0.0205256909,0.0202788,0.006366561539,0.0249903296,-0.002786252906,0.002827530422,0.00616991496,0.004952822164,-0.001925468922,0.001058970683,0.008418373039,-0.004392666347,-0.01359532726,-0.002639193714,0.02880367838,0.007956873574,0.03864389797,0.03488333163,0.0228785639,0.01243318907,0.003419228519,0.005794321368,-0.00423584407,0.02863354238,0.02832436535,0.02122555392,0.03451797191,-0.004560281551,0.008436589185,0.008847419111,0.005357638977,-0.00884164535,-0.004207709043,0.00826078949,0.005945482954,-0.003680450303,0.00973507177,0.004838403327,0.03659213909,0.03518104575,0.03266789777,0.0147144665,-0.02047591896,-0.02120768146,-0.01104916007,0.006147721406,-0.02095824826,-0.02363355831,0.0130447677,0.002751408993,-0.0006965350138,0.007163706072,-0.003690754011,0.002305567818,0.003235788513,0.008410957182,-0.01649944229,-0.01146838106,0.03139503442,0.003250570855,0.01202031965,0.0008078632726,-0.01755454761,0.01786649489,0.00366036956,-0.005621683557,0.01615162181,0.01805900914,-0.006294852809,0.01489281301,0.004247199094,0.0364246266,0.03381310054,0.02035352447,0.04042538063
2016-08-31,0.01128060986,0.01609950413,0.01477821853,0.0376278786,-0.01058933226,-0.01143062397,0.008962250334,0.01214923728,0.0153184264,-0.01980117728,0.0511840365,0.02094636016,-0.0217892478,0.03874739153,0.04683674605,-0.02657823357,-0.02050362303,0.00429250947,-0.01940963642,-0.02025428366,-0.005312632138,0.02449152228,0.02135902864,0.01005840578,0.0141403982,-0.004305155306,-0.01120856714,-0.01414489447,-0.0006058080123,-0.01489275173,0.04242808412,-0.02232127482,0.04658501682,0.02560955935,0.03929169205,0.02428150114,0.04334966989,-0.01171080094,-0.004059873698,-0.004741293653,0.01329045269,-0.02579813767,0.01063834545,0.01839739235,-0.01444454144,-0.002379953437,-0.0228058852,0.04123053464,0.0140850978,0.05323696986,0.05371628695,0.03154843026,-0.003781983738,0.0008328705195,0.004106801824,0.004013423572,0.04150007885,0.04081382769,0.02383240015,0.05931864965,0.001552402564,0.01603787827,0.022170901,0.00122902557,-0.02538480497,-0.02838450769,-0.01919718317,0.0191552867,-0.0170866373,0.02132552022,-0.0005224669381,0.0583787257,0.0581378181,0.05843802266,0.01882499336,-0.03779544955,-0.03874118887,-0.03110593462,0.0107129516,-0.02723388938,-0.03948568597,0.0111589064,0.01899459986,-0.009174412055,0.01107093324,-0.0004335672808,0.004049225991,0.00573687682,0.009554899618,0.003085136676,0.008071527797,0.04547822154,0.004847934294,0.01365776852,0.0209648856,-0.01705914924,-0.03050174987,0.02576428274,-0.01406756011,0.02398784519,0.02685208576,-0.003595409991,0.01961807465,0.004548578711,0.05859396686,0.05824980934,0.02633429237,0.05446131862
2016-09-30,0.005783601618,0.01081591099,0.0105665798,0.01377481501,-0.01190436456,-0.01452948036,0.007473329433,0.002089611583,0.007030724455,-0.00427491875,0.0214408843,0.009536195748,-0.02125063013,0.01562827045,0.01891970876,-0.02067546637,-0.01866563822,-0.002046215024,-0.01582123332,-0.01084774038,-0.002474353808,0.01107295739,0.003555105394,-0.003573293773,0.003181964169,-0.002070825087,-0.0005712965518,0.0001349685911,0.001699648583,-0.01182559908,0.01908537549,-0.02088591503,0.01712877989,0.01260931719,0.01650782278,0.01473123544,0.01742559187,-0.01165117006,0.006209270731,0.002343818824,0.01060384669,-0.01949341955,0.01116524779,0.01139073252,-0.00391820812,-0.002102112017,-0.02052719704,0.01824259432,-0.008889020081,0.01961331655,0.02210602741,0.01239116713,-0.001988168069,0.0113633726,0.002857138082,0.006342233089,0.0137595329,0.01421193199,0.008263614647,0.02298581021,0.01337644358,0.00859125273,0.02131692774,0.004185147094,-0.01424368513,-0.01531197714,-0.01528632206,0.01284421429,0.001868958845,0.01643811021,0.00382750957,0.02459410541,0.02449058239,0.02404115473,0.01076214922,-0.01443773323,-0.01857546538,-0.01556202654,-0.009192178573,-0.003256075111,-0.01933688355,0.01333812827,0.01504360062,0.0009229203459,0.006477310681,0.001102393876,-0.002325489939,0.001921683397,0.004185147094,0.0002346732641,0.008912091424,0.01505279633,0.0009159342788,0.002726227284,0.01847037498,0.007095987279,0.01519897359,0.01454856444,-0.00975726506,-0.002321702361,0.002153246346,-0.006423433179,0.005564360405,0.002702639666,0.02115391508,0.02243480303,0.01192481617,0.01868600986
2016-10-31,0.005124001311,0.009569518258,0.009989478598,0.01849021683,-0.006845101759,-0.009511443653,0.01156935992,0.01499158332,0.01917822517,-0.01682077969,0.02873645944,0.01127748872,-0.015762632,0.02704773125,0.03121703879,-0.02464756243,-0.01959396441,0.006753729937,-0.009242442663,-0.01373234338,-0.002427233786,0.0159919773,0.01458333696,0.002677213488,0.008401773874,0.002889844284,-0.01083039637,-0.009069159925,-0.009235630732,-0.01207617862,0.03146799392,-0.0145884316,0.03036651212,0.008782373117,0.02773826239,0.0217529,0.02830063659,-0.004624022836,0.005276963649,0.003667424844,0.006481253045,-0.0190168619,0.006948348475,0.01415420711,0.002343772206,-0.004370155752,-0.01379262465,0.02476537273,-0.005780989991,0.02430927585,0.02630661964,0.01456472439,-0.003432535529,0.01164806033,-0.001320785276,0.003513392934,0.01824010358,0.01995352214,0.004018350986,0.02834037088,-0.006932797088,-0.01104406954,0.006742724511,0.01293896403,-0.01646888494,-0.02046166392,-0.01632895154,0.02114153049,0.014958558,0.0156450139,-0.004615056183,0.02751402712,0.02824915947,0.02934901753,0.01027231029,-0.0175403453,-0.01853864103,-0.0130983836,-0.007175806599,0.003938445449,-0.0219765829,0.01157702292,0.02057312816,0.01177343961,0.008470741001,0.00125011803,0.003383502784,-0.000857048414,0.01400322296,0.001285150839,0.008544887752,0.02143777338,0.006696773369,0.008035948511,0.0117666367,0.02255614698,0.02888702397,0.03003383287,-0.01283290469,-0.002228937944,0.01051824632,-0.005494181827,0.01030547297,0.004681436388,0.02733038739,0.02777266309,0.01137204514,0.02482691651
2016-11-30,0.005435472732,0.004111656201,0.003976299288,0.009860121498,-0.002632849664,0.0003909869172,-0.004404333313,0.007429237747,0.01157826663,-0.003206392056,0.0250301862,0.003260223718,-0.00908187108,0.01776358421,0.02139797382,-0.0147541548,-0.00937581671,-0.003275873864,0.00150559315,-0.005389103755,-0.002568313232,0.008923212941,0.007544661725,0.004379284641,0.005019786349,-0.005921042508,-0.007407155088,-0.004646483237,-0.002191555598,-0.003804171466,0.0181320623,-0.01171619853,0.02188191894,0.009928984157,0.01943055385,0.005659121281,0.01946838973,-0.001864361777,-0.0005307968598,-5.084250684e-05,-0.003609984006,-0.006231949787,-0.003643329541,0.001765863077,0.0001197126121,-0.007070815588,-0.01457168331,0.01101320297,-0.001594549359,0.02129384198,0.02262063313,0.00997418158,-0.003431704877,0.0112961629,0.00158141439,0.0001435780544,0.01014155469,0.009700048137,-0.000310346221,0.01978250913,-0.001282326926,0.008778545595,0.004663767555,0.002932753694,-0.001069770483,-0.007336236877,-0.003248926942,0.01140713151,0.01008401531,0.01486971333,0.002709344885,0.02093417741,0.02055942788,0.01985946424,0.007613068554,-0.004655091272,-0.006448076211,-0.007175450021,-0.0012399653,0.01057109065,-0.008961688395,0.0200860063,0.0155167429,0.01577306957,0.002106339421,0.001125051004,-0.003578252156,0.001449600888,0.004746140641,0.007097162727,0.008931383914,0.01098907873,0.008176288411,0.009241618586,0.01490617828,0.01974457206,0.02351071369,0.02058268427,-0.007596691458,0.0008845834638,0.00793888166,-0.008159640955,0.004656837613,-0.000742859713,0.01901645658,0.02091125338,0.00738198372,0.02054109965
2016-12-31,-0.0007968683573,0.001732300338,0.001625048388,0.0234356666,-0.01177073824,-0.01221536852,0.02165942701,0.009792609999,0.013427846,-0.01917351005,0.0356522499,0.01474040369,-0.01615663886,0.03687583099,0.03663615646,-0.02083592831,-0.02531632319,-0.0004171836473,-0.01040637783,-0.01278953714,-0.006776715722,0.02188080065,0.01854108511,0.00837779863,0.01103311718,-0.01559495089,-0.009998383131,-0.002063363267,-0.01128837184,-0.01786482609,0.03509192543,-0.02970680114,0.03555519197,-0.003631788292,0.03480279268,0.0362872236,0.03735633138,-0.01517538959,-0.00299672391,-0.006372967323,0.01586833111,-0.02179194741,0.01697452808,0.02772625554,-0.008938879542,-0.01927207185,-0.02954023558,0.02611287887,0.009283491628,0.03545523836,0.03423938609,0.02450240816,0.002712960039,0.01468161355,0.006246344564,-0.002114267847,0.01959821482,0.01990225488,0.00981566832,0.0348762376,0.006015121647,0.02019091811,0.01254148193,0.002688052609,-0.02168928873,-0.02858048571,-0.01714875995,0.02491498171,0.01915816812,0.02465176207,-0.008115911352,0.03177366316,0.03329453481,0.03550323733,0.005484404959,-0.02973719734,-0.03524345823,-0.03412619909,0.008015232562,0.01233135983,-0.006853828457,0.01391041114,0.02507564636,0.03169596129,0.001928359635,-0.00904134752,-0.002249155796,0.004054675245,0.008758929146,0.008867679686,0.005099143301,0.02484969825,-0.003387926127,0.0009384914933,-0.004727101192,0.0231704953,-0.023471796,0.02793617718,0.007497307008,0.01525209856,0.02200150426,-0.0009486813379,0.01629794258,0.007905528134,0.03610698349,0.03516658941,0.006157241654,0.03479972039
2017-01-31,0.006189226157,0.006078604235,0.005471927762,0.009366848532,-0.0009015245583,-0.003007143592,0.00471420875,0.005798648495,0.009204240147,-0.01133304057,0.0181149874,0.01154450655,-0.01454024391,0.01719927913,0.01923434857,-0.01795785192,-0.0141909604,-0.004612846875,-0.004132750204,-0.004047103151,-0.005051614531,0.0101359595,0.007567541762,0.001849423663,0.003180149906,-0.001560438511,-0.005214366181,-0.005005324354,-0.001174408196,-0.003947811269,0.01698167148,-0.0137654739,0.01837168483,0.003684379702,0.01764117996,0.01266856773,0.01834002074,-0.01001622133,0.002926284398,0.00180280305,0.003346935584,-0.01472309537,0.004749750169,0.009816212176,-0.009267934664,0.001705923048,-0.0142504846,0.008502606437,0.0002294470843,0.01750503841,0.01835512207,0.006969433241,-0.001961616355,0.007567382412,-0.002730429537,0.005110378461,0.01493681091,0.01531000415,0.006756516171,0.02184427822,0.01410633588,0.008765466662,0.006783743322,-5.220321568e-08,-0.00916874338,-0.01361359039,-0.0103661061,0.002789955234,0.0138417417,0.0101106826,-0.003985894551,0.01981382678,0.02047103315,0.02006256409,0.005240649278,-0.01030054002,-0.0181736886,-0.01526751898,-0.0002154215955,0.01364698975,0.011020907,0.01039667705,0.01487106079,0.01662690856,0.008868606703,0.004691185311,-0.001552720993,0.001046355386,0.0003419692253,0.001390438955,0.008192307699,0.01557875645,0.007402336264,0.00728077471,0.01165198525,0.01354716289,0.007983191627,0.01527027684,-0.007053083198,0.004228921869,0.007627779011,-0.004661058004,0.009220493971,0.003296925317,0.01964240003,0.02073656436,0.009036893426,0.01878059449
2017-02-28,0.0007147393167,-0.001330412327,-0.001812758895,0.00900263765,0.006230846704,0.007258102498,-0.006292359728,-0.0009415016828,0.002026586709,-0.004904003944,0.009419554364,0.003608843443,0.000827884658,0.007026293865,0.007478548045,0.005606173981,0.004974743882,0.00288194844,0.005837243441,-0.00243037278,0.003131258485,0.005975530792,-0.001486600419,0.006924046342,0.004541839297,8.926949739e-05,-0.001736506164,-0.0001056407526,0.000806493261,0.001321694847,0.004509312563,-0.0008890132075,0.01106254551,0.000358831092,0.009379295156,0.003249237912,0.007537557384,-0.002350817398,-0.0001332193384,1.799776994e-05,-0.002793987505,0.008045717844,-0.003039947959,-0.000155073097,-0.004364817283,-0.001838268368,-0.0003323599954,0.01031815903,0.01027018078,0.01523719335,0.01386385953,0.008692676934,0.001023486999,0.0005413671221,0.0007980783373,-0.001370094027,0.009824503712,0.00958518571,0.005523653346,0.01437105553,0.0001745107933,0.002415140618,0.002867367481,-0.002472945459,0.001901243335,0.002484846908,0.002131534598,0.000562426458,-0.0002438621148,-0.0003750998378,-0.003739816892,0.01451174537,0.01485248539,0.01295246378,-0.001737766978,-0.005293666905,-0.008390488562,-0.009521802919,0.009662203824,-0.001977000686,-0.004041974083,0.0002206781745,0.003819055387,0.003032202641,-0.0009085745419,-0.002516194162,-0.002496612202,0.0009704985219,-0.00201940937,-0.003529863412,-0.002973036901,0.01206083421,-0.002002158085,-0.002541280346,0.0008114651603,0.0035254564,0.002519900949,0.001023782993,0.006287028189,0.01008891476,0.01296207005,0.003715069549,0.009269584272,0.004722846416,0.01477454276,0.01384814698,0.003859499194,0.01816683907
2017-03-31,0.00358092012,-0.001226123087,-0.001843512017,-0.001621966671,-0.002180993902,-0.0029454663,-0.005529901272,0.003142811035,0.004740984977,-0.003268490103,-0.006515790605,-0.0003080178151,0.00153604068,-0.009242169396,-0.008473527957,-0.003145197986,-0.003256533595,-0.0081609556,0.005259784503,-0.005212475534,0.001124637914,-0.001949025607,-0.0008743794813,-0.0002457422883,-0.001654619723,0.001593548122,-0.0007080910066,-0.001766023632,-0.003292673509,-0.001889693109,-0.006782465952,0.0009303990844,-0.009459302358,-0.001370435253,-0.008493064119,-0.007670030668,-0.009264877076,0.001590274676,-0.002586527668,-0.003278767605,-0.005885403355,0.003293970516,-0.007715696148,-0.008879330153,-0.004872141463,0.0004785314735,0.003386662823,-0.007423517965,-0.01106243827,-0.006149413307,-0.006552995387,-0.0003445058556,-0.00202007915,-0.004449653545,0.00112895381,-0.002773891184,-0.005966764859,-0.005507170599,-0.005305332827,-0.01013869559,-0.0006994276513,-0.001064846786,0.002324866753,-0.001628998844,-0.0003435249132,0.0004450627105,0.004091002548,-0.001101011999,-0.000256352466,-0.0007733661531,-0.001161883238,-0.008129601873,-0.009055910451,-0.009878808853,-3.65785565e-05,0.006187938226,0.007277401118,0.01065495856,-0.01121017714,-0.002755456465,-0.003739113273,-0.0008665353062,0.001179198266,-0.0006273726048,-0.002329603871,0.002477284508,-0.002651658513,0.0004590723737,-0.002140307986,0.001198547983,-0.003641993376,-0.00629773191,0.001949283891,0.001222912515,-0.0006243709743,-0.004428287018,-0.00424435622,-0.004354292089,-0.003117246049,-0.01110040168,-0.002432972797,0.005446987192,0.00133888845,0.003902703791,-0.009951854071,-0.009631327872,-0.002311827755,-0.007479052806
2017-04-30,-0.001442281449,-9.516709066e-05,0.0006328487741,0.000415093642,-0.003927860678,-0.003200034643,0.001372476702,-0.00098371322,0.0005308323082,0.0008523155342,0.003823175067,-0.001617046821,0.001293750332,0.004615672494,0.004181780777,0.001622245631,-2.13198228e-06,-0.002132201281,0.001288402278,0.002219559193,0.001225956599,0.0003999487747,0.002302782741,0.0009420299499,0.001662907574,-0.001890418565,-0.0006254085237,0.002460463955,-0.0002267058874,-0.001417444632,0.003573775406,-0.005575259234,0.003842366139,0.0003412411491,0.003061559547,0.003937933404,0.004674724513,0.001517693354,1.115141896e-05,-0.0004284862028,0.001817610086,-0.002043681857,0.003136567901,0.003655214054,-0.001759749964,-0.002201959825,-0.00157622999,0.0007324114294,0.001797886731,0.003321855439,0.003107961507,0.0002181038017,0.0007736870769,0.0007219189512,0.0007408552413,0.001303848545,7.518506897e-05,0.0001161068565,0.0003116119043,0.003168998797,0.002242961459,-0.00296287369,0.002841748992,-0.001121969747,0.0005649861809,0.001315615908,-0.0006346222856,0.001047610512,0.0005013129718,-0.0009578221059,0.0002174172388,0.002277587948,0.002851967786,0.003348469893,-0.0007118591563,0.001873770557,-0.001611229136,-0.0008394156448,0.001556951768,0.003182458178,0.003036140663,-0.002412168678,0.004203438622,0.003415813909,-0.001670710296,-0.0002000122543,0.0002995081032,0.0007629408812,-0.001954876501,-0.0002435340744,0.0002109097991,-6.620958202e-05,0.0005003326771,-0.0002117868925,-0.0007795138985,0.00315042119,0.003232261928,0.002292761411,0.001332547308,0.001544949261,0.002199111945,-0.001538804897,0.00254008847,0.002132622981,0.00304892465,0.003012058228,0.0002685681174,0.003417574358
2017-05-31,-0.0001683981511,-0.0004259863537,0.0007096752176,0.001387493666,0.004154816617,0.002968628476,-0.002010523267,0.001029039955,-0.001631713327,0.005802442871,-0.003369735264,0.001229784698,-0.0009491682244,-0.001649455241,-0.002269855749,0.004060464981,0.004710005325,-0.0007136359657,0.0004861391745,-0.0006076319885,0.001772924789,-0.002738341194,-0.001006248591,0.001314447346,-0.0009517857021,0.00388040373,0.001763810362,0.002403776067,-0.001228332684,0.003540275586,-0.002547305288,-0.001470397571,-0.001404302675,0.003555572256,0.0009094221137,-0.00345765972,-0.001472690652,-0.0003799487061,-0.0003544355528,0.0003502392225,0.003297061589,0.0004033784,0.002320594789,-0.002293957335,0.003558062811,0.00645398779,0.007865154939,-0.003170473951,0.007367200206,-1.363657047e-05,0.0005311337174,-0.0003163747616,0.005313598432,-0.002059935974,-0.0007295508618,-0.0005361947829,0.002864431897,0.002827044397,0.004408240696,5.52925195e-05,-0.002831831489,0.002989572159,-0.0003157552779,-0.0008503285762,-0.003299917344,0.003681361993,0.004090357378,0.0003807099049,-0.009895718394,0.001410640331,-0.001523934811,0.0008843328623,0.001116173066,0.0005299185287,-0.0007731240265,-0.00282784519,0.001003331738,5.81019191e-05,0.007231112608,-0.005228584121,-0.002209512595,0.001425221098,-0.005761782958,-0.006111095384,0.002844758621,0.001125973103,-0.001567203476,-0.00081628866,-0.0006052361837,-0.000558762535,-4.705805367e-05,0.002344610001,-0.002517063349,-0.00275154573,-0.0001937377611,-0.005253945263,-0.008446342079,-0.007096286471,0.004397837235,0.006547941534,0.004986615297,0.003287203528,-0.0004886000274,-0.001241739083,0.00132496045,6.789059411e-05,0.0009139752462,0.00109358174
2017-06-30,0.002452357535,-0.0009066885052,-0.001346112886,-0.006885417509,0.008232497776,0.00789964894,-0.01219864325,-0.0104573755,-0.007083641129,0.002921694631,-0.01432470965,-0.003501465929,0.01079979107,-0.01395109923,-0.01424616492,0.01245732105,0.01021381448,-0.004930846803,0.00430364681,0.004399534798,0.00858195639,-0.00440675609,-0.005853888016,0.006606292186,0.001725975802,0.007865746536,0.003266226819,0.003342825821,0.0023665359,0.009964004618,-0.01432496982,0.01522138785,-0.01232798123,0.004903102723,-0.01241795656,-0.01690769715,-0.01483890821,0.001895105463,-0.003782197194,-0.00134919632,0.005071594488,0.01671644141,-0.002664471669,-0.01222182095,-0.00272978358,0.006890036166,0.01691011303,-0.0160408051,0.02062987447,-0.009579228428,-0.009997657133,-0.006053572921,0.002594184249,-0.00503192795,-0.004272788719,0.001419291312,-0.002028272014,-0.002845634902,5.654561489e-05,-0.01204509411,0.001087380257,0.002600014403,0.004781681818,0.003430950578,0.0005110654877,0.006041653079,0.01663884284,-0.0004744426647,-0.01542224571,0.003969460703,7.390842527e-05,-0.01086426994,-0.01147422882,-0.01162463697,-0.00286496494,0.002532915281,0.00250273028,0.01130499949,0.02099673276,-0.008957768902,-0.008055820028,0.004712671567,-0.007070841404,-0.01391805755,0.001492695921,0.00749440871,0.002131018775,-0.003738833934,0.002824965441,0.001722049898,0.006056668838,-0.004495911851,-0.000739323484,-0.00282575419,0.007577341656,-0.01446023708,0.01068567136,-0.01247474409,0.005591952846,0.01899053648,0.01130348646,0.008571877083,0.0008342888186,-0.001024923508,-0.01101585464,-0.01210494831,-0.001267487039,-0.008442945409
2017-07-31,-0.000668823279,0.003752379546,0.00383806632,0.008315578643,-0.00413426376,-0.004346320784,0.006079858804,-3.039130614e-06,0.002683645847,8.162495447e-05,0.01622597593,0.003320372255,-0.003830241685,0.01517160281,0.01558323421,-0.002487944244,-0.001758046362,0.008296019953,-0.004258673785,0.004548138217,-0.002459767532,0.002338881917,0.00483896876,-0.002354772743,-0.001351723125,-0.003083270548,-0.002070144832,0.002786558173,-0.001376991884,-0.006780947496,0.013270306,-0.01131386195,0.01483037764,-0.002654431645,0.01196405248,0.01365811246,0.01624946799,-0.001141901992,0.004118854733,0.003925328638,0.003303394375,-0.01107319794,0.00550741449,0.009642836847,0.003982674863,-0.001125475154,-0.007030401786,0.01089865634,0.003527568167,0.01509986188,0.01423765622,0.006497171159,0.0002892940274,-0.005236779039,-0.0005401795256,-0.002807483106,0.0104417355,0.01057140722,0.006301596001,0.01838199939,0.003215093827,-0.005119751856,-0.0008885588784,-0.001503234247,0.002995869204,0.00253746078,-0.005806909969,-0.005399781164,0.007566377446,-0.002950751008,-0.004343802193,0.01794785012,0.018497376,0.01852662611,0.003940118071,-0.0004586000623,-0.003036989655,-0.009030958092,0.002857414184,0.008113278852,0.008462339591,-0.003398277351,0.0006141827068,0.008392771153,0.003276866419,-0.002850612355,-0.0003284302366,0.0004863369414,-0.001503234247,-0.003376694264,-0.007682396751,0.01234285682,0.0003998141361,0.00148923619,-0.009029839928,0.008175177699,0.006077007528,0.005974052595,-0.002005656173,0.004349122042,0.007563423013,-0.0005787072872,0.0006934299671,-0.002799831513,0.01804392098,0.01780895944,0.00552602341,0.01603713769
2017-08-31,0.0008720958644,-0.004313181293,-0.003835800342,-0.008412587942,0.005451195235,0.006317066724,-0.00858441077,0.001764358447,-0.007918761939,0.0001578471999,-0.01309183965,-0.001233244294,0.00272420748,-0.01543822086,-0.01480878993,0.002551999128,0.003437324535,-0.0008214339082,0.0004418631443,0.004325006545,0.007177535121,-0.006744649247,-0.007074035614,0.002100248051,-0.001863841618,-0.0006301075474,0.003149753213,0.00208575111,0.005932068842,0.007529050441,-0.01345159012,0.008625858714,-0.0154827923,0.007773202163,-0.01500559918,-0.01277041038,-0.01450590749,0.00790994448,0.0004663234525,0.002396706275,-0.0008288075072,0.008213731714,-0.005710880242,-0.01055057975,-0.0004751500592,0.005556500516,0.01000668449,-0.007046058996,-0.01052592962,-0.01326015762,-0.01279681284,-0.006207566706,-0.005933225552,0.01160033401,0.001064940103,0.001408264091,-0.0121560045,-0.01134980825,-0.008551477266,-0.01318296237,0.004084010956,0.006584851946,0.004387928181,0.0004538148112,-0.00267541335,-0.004188169397,0.00767840303,0.008095717474,-0.005042691287,0.005118893184,-7.971669993e-05,-0.01421164892,-0.01421167144,-0.01445561499,-0.004179908852,-0.005710440283,0.0006775841088,0.007559926082,-0.01039055002,-0.008951776904,-0.01111476086,0.005368097449,0.004139585943,-0.002761726602,-0.004282252062,0.002400994573,0.0001395095287,0.002631001299,-0.001072216726,0.002185955803,0.002740544373,-0.01161751761,-0.000764472453,-0.001937995422,-0.001035113569,-0.01289303961,-0.01331256098,-0.01214065401,0.002923743548,-0.01072983917,-0.005110847165,0.006240378898,0.001398246119,0.006479632255,-0.01287435705,-0.01305787376,-0.006345382022,-0.01373498266
2017-09-30,0.0003291858155,0.005647462599,0.006025643606,0.01266755124,-0.0018007352,-0.005955816189,0.0115324226,0.003312241665,0.01871963344,-1.398846887e-05,0.02234534587,0.01145650491,-0.003916557626,0.02757074166,0.02761131387,-0.007763964117,-0.006813665374,0.00519449916,-0.004376562628,-0.01244599653,-0.004787485073,0.0119710911,0.02091330407,-0.004057963899,-0.0002771495298,-0.004672350728,-0.005714236959,-0.005420609238,-0.001896464973,-0.01234751275,0.02561971553,-0.009932797576,0.02729236895,-0.01376663584,0.02830203688,0.02187821203,0.02580004726,-0.01266259018,-0.003650812277,-0.005923372819,-0.009717174834,-0.01368051483,-0.0009646555287,0.009277953965,0.004821351728,-0.003478228341,-0.01219498334,0.008475095486,0.01701393436,0.02291251675,0.0211671388,0.01159457021,0.004931128709,-0.01728794369,-0.00180071808,-0.00137093902,0.01654868709,0.01566045836,0.01035103401,0.02444867588,7.012860209e-05,-0.006518944874,-0.008635885669,0.001263789949,0.01160402034,0.00529225288,-0.01984605231,0.01122698537,0.01232623451,-0.01019772347,-0.001878957788,0.02448168861,0.02609591843,0.02697046512,0.004610233332,0.007068277915,0.000306085794,-0.01054324092,0.01660316945,0.01252846425,0.01450112576,-0.000387759515,-0.006305100995,0.005987281786,0.006261680729,0.0001510745102,0.002054779422,-0.003133711756,0.001405258073,-0.008516046141,-0.008963162311,0.01745547225,0.003991397497,0.005967112182,-0.01472214899,0.01883047705,0.02267290146,0.01387710452,-0.001547456642,0.01855244491,0.01499837751,-0.001294610236,0.004395758293,-0.001301020731,0.02520196772,0.02433496155,0.01067407311,0.02473247629
2017-10-31,0.001231058038,0.0006640779289,0.0006288241662,0.003883138736,-0.008039793587,-0.00628076566,0.009541863236,-0.001888668262,0.001846304148,0.001680331812,0.01109852757,-0.0003627196338,-0.006398865551,0.01132780337,0.01132576449,-0.002237020424,-0.0035650432,0.00104939574,-0.009986508694,-0.003020197427,-0.0009516851142,-0.0001228048418,0.003903023396,-0.005245040998,-0.002550186409,-0.0004952464709,0.0009977745526,0.001160529718,0.001528373596,-0.007554934317,0.01177523099,-0.007477790308,0.01159223023,-2.775795638e-05,0.01007209796,0.0109256429,0.01166215283,0.0007242103828,0.004620636811,0.00322700547,0.003802021002,-0.00715897385,0.007493291509,0.009700667956,0.0002676840597,-0.005076151231,-0.006161584705,-0.0003525517961,0.005028557136,0.009947369468,0.009533186017,0.004086690715,2.214661549e-05,-0.005214272984,-0.0006040439079,-0.0003261428489,0.0041406002,0.00440215783,0.003063574428,0.009783183671,-0.0001570435192,0.0005623870776,-0.004437911876,-0.001110961274,0.009770362631,0.003137401248,-0.00466656962,-0.003625702758,0.007681002691,-0.0006185622036,0.0004010393937,0.009324285759,0.0103812031,0.01069201026,0.001005739376,0.008332350379,0.003649093457,-0.001537213432,0.004870234341,0.006104326856,0.009850960813,0.0008367668312,0.001191236176,0.002109844631,0.0005521029923,0.0004464956736,0.003648001038,0.0002417506126,-0.0008156567237,0.002182377213,0.00186852479,0.004768237042,-0.0005669940496,0.0002773122207,0.004959802545,0.008444681323,-0.005491046488,0.007854502628,-0.001722751906,0.004931867877,0.005946045361,-0.001436052115,0.003593457304,0.002116105651,0.009209891999,0.009844207867,0.00173584467,0.0098408691
2017-11-30,0.002492804951,0.001792221957,0.001951247391,-0.004256280322,-0.003496822238,-0.004137882413,0.00527696307,0.001893510203,0.009158469022,0.0003341362216,0.001436794377,0.004907646076,-0.002120237681,0.003444729067,0.004169123237,-0.00416453066,-0.005623512834,-0.004760740441,-0.0004697433817,-0.00355035391,-0.003001548063,0.001969612879,0.002977600874,-0.004281779672,-0.00273968548,0.002640566682,-0.003972422696,-0.004626345707,-0.003584383261,-0.005857325157,0.005493675943,0.0002921297544,0.004515200729,-0.004028742527,0.004284761725,0.002564742878,0.002516161706,-0.004437802793,-0.003389296422,-0.003256818699,-0.00745401627,-0.00548287859,-0.006259140681,-0.001512057005,0.001449436712,0.002165804457,-0.002001111226,-0.008032913966,0.003684073444,0.0001677630429,-0.001287338974,-0.002640052255,0.004250192169,0.002774258424,-0.001459385871,0.0002143810445,0.002824050128,0.002727378627,0.002745513446,0.001519751858,0.00225849158,0.003103089417,0.002935210522,0.001752704716,0.004909135473,0.00321327857,-0.001508158869,0.004108094892,0.001450982804,0.00636613553,0.003236116874,0.002570872888,0.002892390648,0.002882522636,0.0002551079011,0.001950719132,0.002146173462,0.0008486114503,0.003811456276,0.009071539603,0.003987218404,0.004429265162,0.005671029797,0.006547706735,0.00388085976,0.004823901195,-0.0002801608165,-0.001222850379,0.001752704716,0.001332076031,0.001326102891,0.001893856001,-8.79456339e-05,7.355106455e-05,0.001937227679,0.007105525935,0.009773993606,0.00699107266,-0.0003620918397,0.003482737341,0.003184415999,0.002109199172,0.0003046175835,-0.001158768879,0.001254469766,0.001999433272,0.001713557877,5.400925852e-05
2017-12-31,0.0002984897757,-0.00240421735,-0.001255171023,0.004295572727,-0.00200975554,-0.00394951837,0.009072345273,-0.001792628827,0.005931078236,-0.0002627145367,0.005764830742,0.002145652134,-0.0009192431434,0.009244879601,0.008491072517,0.005687920881,0.0006583006565,0.003773149413,0.001602081309,0.001388741241,0.003390658979,0.00505174656,0.004836904505,-0.0008531596549,0.001874001576,-0.0003720918113,0.0003059729321,-0.0006650679961,-0.0004252434008,-0.004538291746,0.01009112606,-0.001847266886,0.009004910796,-0.002738429629,0.01318234289,0.01059283708,0.009759276662,-0.007617583191,0.0006437964727,-0.002172821643,0.003055705739,-0.003713534612,0.003040937264,0.008197468718,0.002909453498,-0.002384074685,-0.0031717451,0.000431603819,0.01208587853,0.007972538023,0.006916145669,0.004099201459,0.005658075974,-0.005051266637,0.001743732327,-0.003723448691,0.001235652262,0.0004512271843,0.007441094324,0.00817259005,0.004534743018,0.006728854631,0.005782430181,-0.008135472624,0.005711927484,-0.002871758072,-0.003138725923,0.007115647877,0.003404568485,0.006255700801,-0.0001822233618,0.008084664247,0.007618671456,0.009508249479,-0.003381158707,0.001327393177,-0.001518003775,-0.002866493582,0.01275425593,0.006700770109,-0.0002556852668,0.009728661302,0.008801372173,0.004948561607,0.0002652616897,-0.0001921040142,0.0006021416541,0.002696701207,-0.005818467788,0.001399366468,0.0006914693256,0.003005939873,-0.002251460411,-0.00154358209,0.004439301894,0.008207501229,0.00793088371,0.009072058757,0.007037281489,0.01167073864,0.007997644369,0.003527626666,-0.002556527114,-0.004327776561,0.007819651957,0.007313628902,-0.001054872328,0.007903946248
2018-01-31,0.01026847304,0.006506919389,0.006388879129,0.02000899951,-0.004361743135,-0.005469114284,0.01146987806,0.004043114089,0.006367435327,0.006809558753,0.02609992989,0.007786818019,-0.00970293436,0.02366571066,0.02600181519,-0.005577670493,-0.004188651704,0.002521710676,-0.007814696781,-0.004175743032,-0.004310344044,0.005750421319,0.01442629563,-0.001633828248,0.0001764031446,0.0003443466638,-0.0002697297876,0.007869458903,-0.004836793683,-0.006257398287,0.02579607386,-0.01549569903,0.02611430582,-0.002905031042,0.02457284692,0.01944333471,0.02340017123,-0.004114260921,0.007245166341,0.00466502859,-0.003392022608,-0.005729179482,0.005528405524,0.009968748366,0.009815189163,0.003298737223,-0.009893728201,0.01032888299,0.01494057048,0.03129060012,0.03103476074,0.01786390237,-0.0003182816461,-0.01362764761,-0.002550098044,-0.001825318384,0.01916272193,0.02026607117,0.008761969569,0.0314222974,-0.009218342524,0.001266727469,-0.001935854262,0.00557504146,0.01929536294,-0.001035156637,-0.002195159702,0.002005612562,0.006616996588,0.004836482833,-0.005768676453,0.03157848263,0.0314728667,0.03253127772,0.007767305665,0.01810935053,0.006228604065,-0.002217897013,0.01461018722,0.004266470666,0.003120326913,0.003131359266,0.005696133013,-0.0006607318811,0.007133370233,0.003537491834,0.001995244831,-0.0009611195449,0.006104519696,0.0004540203078,0.001201790955,0.02138618762,0.009902289113,0.01028316054,0.0001312394322,0.01512437227,0.006552860839,0.01337709389,-0.00629615484,0.01808880796,0.01909368379,-0.004244036536,0.01122827701,0.005145396981,0.03191649777,0.03219582905,0.01059906601,0.03175644296
2018-02-28,0.00206937993,0.0003713483958,-0.0003675139513,-0.001827900169,0.001392398026,0.0009292797998,-0.007328360892,0.001496303474,0.004962234134,0.0008105161018,-0.003662455928,0.004803881927,-0.003798963521,-0.01163137658,-0.01070008778,-0.003176775337,8.892440206e-05,-0.0002817307544,0.002641692451,-0.00436557836,-0.002593222939,-0.004211777093,0.0006060263689,0.001908055877,-0.0001762228257,0.001883593922,-0.000429071591,-0.0004036287879,-0.003357520957,0.002108893158,-0.009575233987,0.0001911378801,-0.008769714493,-0.00128091838,-0.006748731314,-0.008938467585,-0.0120948275,0.002930336523,-0.003455174584,-0.001892297378,-0.006971762244,0.004912248247,-0.01082042542,-0.01438326091,-0.0009226821595,0.008628624581,0.01116480218,0.004241823634,-0.02123537751,-0.00146019714,-0.001991934681,-0.0008172615737,-0.01644862127,-0.0001906512364,0.002959934585,-0.0008139483744,-0.00486018218,-0.004138793436,-0.01533790853,-0.006086172749,-0.002142029764,-0.005746095916,-0.005906242767,0.002801933327,-0.006120742198,0.0001173955456,0.006318817375,-0.005827258058,0.000927209167,-0.0033578194,0.001783400076,-0.004180185715,-0.005547027958,-0.006493111158,0.003548657113,-0.005829068575,0.0001019979131,0.007537772118,-0.02153265359,-0.004760219213,-0.001571143171,-0.006671891983,-0.004566974361,-0.009586716166,-0.002851572725,0.002499604497,-0.0004295372038,0.003479056003,0.002293121806,0.0002924312111,0.001046981489,-0.006742011708,0.003239565409,0.002894664291,-0.003109266395,-0.005614546782,-0.00455993658,-0.005314984278,-0.006512967412,-0.02024458285,-0.004710807928,0.002502919416,0.00730437004,0.01114242845,-0.006841134089,-0.007189143722,-0.002863328463,-0.002554330699
2018-03-31,-0.0005621655371,-0.004538908681,-0.004178571829,-0.006509541793,0.003778337545,0.00261006417,-0.003055235567,0.001983667399,-0.001991321096,-0.0006280482185,-0.008645348938,-0.002057295938,0.0007330981115,-0.01121908789,-0.0114993756,-0.003759465192,-0.003193615862,-0.004972518257,-0.0002575148904,-0.00567443926,-0.006279965213,-0.00181705134,-0.005529137167,-0.002766405775,-0.003455910303,0.006890717337,-0.002250914822,-0.001218994214,-0.003099938392,0.001420688043,-0.01036862856,0.002119032942,-0.01158073681,-0.001714467356,-0.007890994984,-0.006191523155,-0.01192577682,0.000137555244,-0.0032920906,-0.001245026456,0.0007394174901,0.001720355143,-0.002928771416,-0.005352501065,-0.002819913701,0.00834368942,0.003279320513,-0.007133535621,-0.01186245689,-0.012618498,-0.01253137284,-0.005105385296,-0.0100202151,0.001036429206,0.001232790545,-7.250825501e-06,-0.01383277448,-0.01371725068,-0.01238769516,-0.01362285757,0.00156911298,-0.00410065663,-0.0006540536656,0.000308856461,-0.002894597662,-0.004734334212,-0.002125736015,-0.00244189028,-0.001147930335,-0.002779727594,0.001197766292,-0.01466114911,-0.01411382128,-0.01420615424,-0.003544807691,-0.003008865587,0.001778636074,0.003407701438,-0.0112024848,-0.002161601757,0.002399405455,-0.005057383037,-0.006249747284,-0.004301302803,-0.005173876547,-0.001640628947,-0.001342182218,0.0008737756378,-0.001520204332,-0.0009773731518,0.003522872523,-0.01495491633,-0.003986509021,-0.004905434827,0.007900184943,-0.007610101713,-0.009589266724,-0.009860980013,0.002652046973,-0.01246115745,-0.01130272158,0.001092584748,-0.0006665730948,0.003556030101,-0.01463465751,-0.01458456886,-0.008467531875,-0.01397020762
2018-04-30,0.006254816037,0.006144132528,0.006881087381,0.01112611591,-0.005690694382,-0.006975928583,0.002843716408,0.005583711419,0.01297918345,0.002386369802,0.01422194616,0.005147214946,-0.003481110126,0.01154945342,0.01002987634,-0.004140903615,0.001055022319,0.0110275571,0.002961686396,0.004275174564,-0.003809719037,-0.002287976021,0.01158578695,-0.003772497554,-0.004473094234,-0.008709661754,-0.006159115994,-0.002583657972,-0.005411934088,-0.007299494137,0.01061419841,-0.007391030534,0.01154925854,-0.00334700393,0.00864724723,0.0061292743,0.01163505665,-0.001689205917,-0.004883629475,-0.007143094807,-0.006561528852,-0.008245754718,-0.00741725172,-0.00313187478,0.01154428432,-0.009115861783,0.001950517398,0.01236638196,-0.004495776499,0.02084856413,0.02142649814,0.005920836486,-0.007678222304,0.003576755566,-0.0006711313071,0.0005359849224,0.01305226426,0.01336528363,0.002397606792,0.01946416732,-0.004041611706,0.0061812722,-0.003155901215,0.005128496223,0.003947828182,0.009280219069,-0.002270900934,-0.0003378138879,-0.002876503627,0.00285296314,-0.0004969602928,0.0208617985,0.02041771499,0.01991113941,0.009638037966,0.002044547296,-0.001760956746,-0.003393853504,-0.004485010444,0.000175196684,-0.004385761653,0.005957496206,-5.933319195e-05,0.00290498282,0.005926797893,0.002676733628,-0.001266883128,-0.0004999645893,0.005128496223,-0.002076568047,-0.003633006451,0.01295847968,0.00679925018,0.009975031052,-0.006398395778,0.005859003354,-0.008699703237,0.001341779508,-0.01537801483,-0.003584119494,0.003260972665,-0.00838488785,-0.001354749628,-0.003959284183,0.01964869692,0.01919398356,0.0100460723,0.02047629684
2018-05-31,0.002519598867,0.001102540373,0.001102760469,0.002694939591,-5.720934489e-05,-0.0007020560236,0.004319334756,0.0001732379935,-0.000323876289,-0.0008084391915,-0.0001591902601,0.003119523377,0.001504134079,-0.001932598383,-0.002867220819,2.465699502e-05,-0.005001605144,0.001537122663,-0.0004156957582,0.0006557530743,0.001850692495,0.001136919633,-0.001204233701,0.001900769871,0.002850802984,0.001722119986,-0.003831968841,0.002339135425,-0.004235552335,-0.004396500752,-0.002861001405,0.0007043216662,-0.001878017053,-0.005059628187,0.0005789951919,0.003033798054,-0.001760255075,-0.004694504478,-0.003691002574,-0.002550374488,0.004072186307,-0.003380012958,0.001909851704,0.001549398898,0.001740822586,-0.003704774537,-0.005740151499,0.006357273898,-0.008356815914,-0.0007650350841,0.000273592672,0.002634089087,-0.003730300976,0.0005993398313,0.001494834619,0.0007082629455,-0.0008071912564,-0.001127497615,-0.002294587576,0.001684001375,-0.005123627798,0.003684502097,-0.0007070752321,0.006371508111,-0.00281954301,-0.002536238728,-0.005689600587,0.002575633042,-0.004682957742,0.00130372104,0.004557969213,0.001969648856,0.002146426351,0.00254125683,0.002686923124,-0.006013378537,-0.007883057092,-0.007785150334,-0.008175809186,-0.009664019962,-0.006479676441,0.003725645945,-0.0003793006226,-0.004292064714,-0.001812976359,-0.003654698075,0.0009983198862,1.79151626e-05,0.005281855007,-0.0002420386321,0.004398322444,-0.0006574996126,-0.004644847233,-0.003255215955,0.002264940732,-0.004431439112,0.0001497921167,-0.002556647966,-0.002489599956,-0.008664581606,0.0002121951972,0.009272649059,0.001305775371,0.004445170457,0.0005323639221,0.0007419172399,-0.00130892476,-0.001365324355
2018-06-30,-0.002402655389,-0.003983911352,-0.003890516132,0.002039575261,-0.002422146462,-0.003199535193,7.758583041e-05,-0.000931500193,0.005106712774,-0.001778769051,0.003926453094,0.003054228884,-0.002182593285,-0.005035887335,-0.00040511392,0.002139885097,0.002161804334,0.002838226246,0.003838649272,0.006024247619,-0.001413800464,-0.005743062033,0.003765372185,-0.006315150919,-0.005452175926,-0.003451480548,-0.001979686539,-0.001168236182,0.001525789087,0.0003620290954,-0.00174374859,0.003743329775,-0.0006836288367,-0.008542123823,-0.0009236856235,-0.001646921389,-0.002654379461,0.0005997611694,-0.002553711371,-0.0004215224853,-0.009733092003,0.001230350219,-0.009779124989,-0.009430182356,-0.0002033484767,0.004630399466,0.002929586555,0.008217887512,-0.01559917059,0.006444156157,0.006760649956,0.003449290597,-0.01454731352,0.004394869321,0.003922033626,-0.00120750314,-0.004123765738,-0.002457789255,-0.01208346863,0.001868706269,-0.001508814324,0.008960664844,0.005923278361,-0.0002665199682,0.001844472988,-2.899008005e-05,-0.001288246743,0.00422086269,0.00186909771,0.002861110676,0.001055157184,0.003264994716,0.003041380676,0.001376459111,-7.257863849e-05,-0.004707333584,-0.006564605994,-0.004548282612,-0.01482999736,-0.002413898105,-0.008815771016,0.009396113902,0.007018986753,0.001774674391,-0.007019892497,-0.004981487036,-0.0002049983075,0.002527190905,-0.001501660706,0.0006172931336,0.0004523712372,-0.002905436554,-0.002469950466,-0.001788887122,0.007086045786,-0.001655548819,0.000658031115,-1.278631889e-05,-0.001153840956,-0.01508284554,-0.005993111731,-0.003337189767,0.00419233257,0.006647200141,0.002111325466,0.001574150081,-0.003563391138,0.005509864616
2018-07-31,-0.001960888667,-0.002240149638,-0.001153501568,0.007187310583,0.0006852805063,-0.0001881933887,0.003193492087,0.002682649901,0.00702102462,-0.001654282449,0.006934885732,-0.0007337188661,-0.001318915988,0.01843944818,0.01632642807,0.005453170898,-0.001156194076,0.0005117376163,-0.004710281292,0.006441390906,0.0061142375,0.006841030108,0.003474107278,0.002135132518,0.003324118796,-0.0002492126648,0.0007481194081,0.004596109995,0.0006819142382,-0.0001911533495,0.01611078442,-0.01584169901,0.01636453915,0.003213938413,0.01605975844,0.01377202782,0.01800378895,-0.004091521396,0.001432949758,-0.001233007582,0.009904020599,-0.0007939563121,0.009377263957,0.01329801763,0.004729619871,0.004306946736,0.001149237739,0.008118936718,0.0200087557,0.01340759896,0.01198908709,0.006329020322,0.008364138586,-0.000499071417,0.002918906104,-0.001937027316,0.01160459864,0.01032612092,0.01383931203,0.01575758765,-0.001486602445,-0.008717564915,-0.004903514433,-0.006822759827,0.008349842414,0.009695702242,9.662377269e-05,-0.009042092462,-0.002410263749,-0.006910887962,-0.004778513697,0.01415361491,0.01466098946,0.01510882019,-0.005995332821,0.01100649822,0.01176091776,0.002068598541,0.01898286328,-0.006132956575,0.0004782502191,-0.01307214305,-0.01501344837,-0.008566761162,0.002937038438,-0.000855726172,-0.0003711203271,0.002782782895,-0.005848884476,-0.0004834158012,-0.005836949395,0.01304413256,-0.001601283255,-0.001799924584,-0.01563882063,-0.006982279749,-0.01166235837,-0.01620114043,0.01029038077,0.0222905993,0.01446443591,-0.001061994323,0.002678095846,-0.001739422444,0.01731510567,0.01547770978,0.003293751144,0.01412028861
2018-08-31,-0.0005778170533,-0.002388929425,-0.001864942416,-0.003678297726,0.0009818509708,0.0008355064229,-0.0006040967318,-0.001757343965,-0.001548134161,-0.003980316937,-0.004453639014,0.002371009172,-0.002929262331,-0.007177864529,-0.008436930039,0.0012219259,0.004567380164,0.002113414451,-0.00170585661,0.002803991541,-0.004222196358,-0.001264741898,-0.002789797041,-0.0007313677347,-0.001450712041,0.004768494372,6.060380877e-05,0.001611606771,0.0006530532319,0.004263954574,-0.006569010666,0.003738553169,-0.007561585883,-0.002327263228,-0.006260302028,-0.004608906283,-0.007964912582,-0.001176079162,0.002309056693,0.0008107389872,-0.001777139816,0.001412370078,-0.00621411267,-0.00742504665,0.0006801699795,-0.001890220735,0.002731400152,-0.004043676103,-0.01072329722,-0.005591218114,-0.005910375787,-0.002717866876,-0.004960500143,0.0005541473855,0.0002309213268,-0.0008796513007,-0.006929967268,-0.00650844106,-0.007338977674,-0.007182551768,0.0006581856602,0.002607834268,0.003956844716,0.003350920678,-0.002511191456,-0.006097035114,0.004527240426,0.001621354048,-0.0004259781508,0.0007735164561,0.001471309059,-0.00767396372,-0.007624193107,-0.007038359654,0.0002005104161,-0.001454100616,-0.002646297014,0.002893143117,-0.0105366772,0.004358493836,-0.00407197906,0.006042044716,0.007974004446,0.003639965815,-0.003041282772,-0.0007225518744,0.000680114164,0.000457457456,0.002809702735,0.0006627885601,-0.001127181993,-0.008276638001,5.831272619e-05,-0.0005237699085,-0.005371849448,0.004514876563,0.00769301147,0.007480448258,-0.001702965585,-0.01076675316,-0.007284257356,-4.856822125e-05,0.0008198166157,0.002231637594,-0.008076506538,-0.007404152964,-0.004013161902,-0.006021902535
2018-09-30,0.0007067412211,0.0004243910946,0.001317299294,0.00544313626,-0.001726207875,-0.002108100259,0.003386194314,0.0006977307052,0.01096226354,-0.001514979187,0.01324763536,0.005008549291,-0.001007487156,0.01385257223,0.01383662458,0.002485617565,0.00463191417,0.006889419733,-0.005084425124,0.003460276745,0.00257805293,-0.0002346627731,0.007291764474,-0.003645057885,-0.003023136285,-0.006949838837,0.0033096884,-0.0002449660977,0.003630410378,-0.001317616335,0.01279828146,-0.007628646061,0.01466576767,-0.00283281554,0.01413961222,0.008438766227,0.01280240298,-0.00382065542,-0.0002109597248,0.0002038222849,-0.006501131164,-0.0008825186767,-0.002043190946,0.003598022238,0.004185418507,-0.002507596883,-0.0014435857,0.003416649731,0.01089875112,0.01403608227,0.01324423012,0.00503909975,0.00343354125,-0.003680353987,-0.0006349445398,8.192559523e-05,0.008306111766,0.00758697857,0.006142324528,0.01195394352,0.005318927012,8.293365715e-06,0.004014202999,-9.730713272e-05,0.008862156465,0.01052352799,-0.003260676979,0.006821313493,0.008513578579,0.007130436029,-0.002148102329,0.01246995755,0.01229669705,0.01282536137,0.0009498644625,0.008551198056,0.01087953333,-0.0003295648817,0.01096185606,0.00651149857,0.0125166272,0.006141491136,0.001754391656,0.003444826676,0.001442894931,-0.002295926272,0.0005152030319,-0.0002635779579,-9.730713272e-05,-0.006287082472,-0.004128169021,0.01006577353,0.001947509565,0.002482463069,-0.005698088271,0.004671303282,0.01160425966,-0.006139983034,0.001447860136,0.01180652435,0.01139552846,-0.000518488086,0.003184173981,0.0003917826237,0.01313122698,0.01188697052,0.004059402861,0.01456740145
2018-10-31,-0.00235189436,-0.00531001713,-0.005223663371,-0.01405632826,0.004919760659,0.005608838416,-0.005304590074,0.004653778668,-0.012855431,-0.003713418924,-0.01591719439,0.000113498475,-0.001055356293,-0.02066684696,-0.0226867323,-0.004882712777,0.003772041615,-0.001432514207,-0.003827898999,-0.005207644956,-0.002397478325,0.002322775612,-0.00253356972,0.006450575244,0.005751657661,0.003733086452,0.000515108008,0.002691400737,0.0006942892967,0.003480073055,-0.02166850178,0.005829496551,-0.02275913514,-0.0009595762046,-0.0211242409,-0.01391297485,-0.02147540705,0.003487731282,0.0005770390391,0.001242927529,-0.001881596444,0.004432499254,-0.003479746777,-0.008241058356,-0.002217223674,0.002304652187,0.00247036154,-0.01058231284,-0.02309530405,-0.02184419175,-0.02075852813,-0.01106072348,-0.01073091689,0.01239447746,-0.0008181278192,0.001436958468,-0.01927273169,-0.01821774615,-0.0173891759,-0.02422779004,0.002254043765,0.001483434381,-0.0003111383091,0.0001192874968,-0.00991956439,-0.004962399127,0.0004462823329,0.006724884524,0.002180672324,0.003197043036,0.002584901226,-0.0233929092,-0.02364480896,-0.02440552023,-0.004769376099,0.000731435346,-0.007088001154,0.002096320067,-0.02273972668,0.01179484015,0.004449906394,-0.003003539512,0.002487497864,0.01100307384,-0.005873777757,0.003074508659,-0.002015606722,0.0001166800631,0.0001192874968,-0.004194619482,-0.002129721126,-0.02227239771,-0.005481318898,-0.006428803196,-0.01192463679,0.009460318062,-0.01689714648,0.005944239365,0.001819072759,-0.02424949879,-0.02379493765,-0.0009273769273,-0.001993946304,0.003286953544,-0.02728598632,-0.02400047824,-0.01312253297,-0.02269731931
2018-11-30,-0.004059120172,-0.02756413376,-0.02260998922,-0.02296304475,0.008127154373,0.00785668125,0.002388593549,-0.0007392120838,-0.01902772457,-0.0004979434596,-0.02732017878,-0.00702229494,-0.001955809793,-0.02988305562,-0.03046941876,-0.001678460895,-0.004209960226,-0.0109817809,0.009278336435,-0.01287385525,0.002569197491,0.003000914994,-0.005112305917,0.0101002244,0.009694986709,-0.001030539981,0.006737097088,0.01014994908,0.00461359333,0.009080388571,-0.02992665282,0.01627384084,-0.0335144579,-0.004794225012,-0.02650859937,-0.003599242899,-0.02793524507,0.001825777667,0.00290236627,0.004426340751,0.01012683231,0.01263698457,0.007066690939,-0.001917568977,-0.008656576189,0.001254292541,0.0006738512691,-0.02289068667,-0.02065538557,-0.03018951028,-0.03029492065,-0.01560522329,-0.01184451408,0.02953088804,0.00159157757,0.00671293275,-0.04489983825,-0.04432882811,-0.02410808458,-0.03583872526,0.001145250809,-0.0009042252334,0.004154415265,-0.01433375738,0.005495936897,0.003889455481,0.006544113659,0.01325172619,-0.009695542264,0.002202316431,0.007964434877,-0.03575530634,-0.03460406152,-0.03470185285,-0.02854374386,-0.002059985169,-0.01018852472,0.004492178809,-0.02012949579,0.012487136,0.008316307416,0.001412742195,0.006311905957,0.009151021211,-0.03407839215,-0.01046930536,-0.001016106184,-0.000769477971,-0.02030820053,0.007694574735,0.01801010996,-0.04679394453,-0.02679273517,-0.02856822705,0.03136622699,0.00889731358,-0.00301008716,0.006168529076,0.03492355754,-0.02411601836,-0.02082710284,0.00845302678,-0.004809737255,0.001600197598,-0.04169271207,-0.03476659017,-0.03975022773,-0.0310926007
2018-12-31,-0.006570919149,-0.0133100648,-0.01127497738,-0.02684461396,0.01528071587,0.01164255846,-0.01267409319,0.009678609187,-0.03192328096,5.773496824e-06,-0.04256800715,-0.02093454897,0.009227526692,-0.032365463,-0.03801368653,-0.01343671238,-0.01050454178,-0.01581204684,-0.006690142458,-0.01844343563,-0.007509613981,0.00997463973,-0.02561359307,0.01001953619,0.01130000086,0.01474404822,-0.01237939999,0.007092631468,-0.0103411681,0.006850068388,-0.03608172975,0.01848433327,-0.03862023946,0.01242518338,-0.03412720885,-0.01413611057,-0.03087808071,-0.00574860086,-0.001133819631,0.006263882702,0.02727108859,0.006619865185,0.01231375965,0.001329046507,-0.005629818866,0.0131788655,-0.007817101424,-0.0280803264,-0.005911626244,-0.05844352254,-0.06036660296,-0.01813160738,-0.008605238091,0.001900289779,-0.002171618788,0.005577520402,-0.03395982298,-0.03490688138,-0.02226201621,-0.04574114913,-0.01396433771,-0.006741987044,-0.003181153971,-0.003408284334,-0.03103309926,-0.03571121263,-0.0006687411877,0.01280059722,-0.01650727803,-0.01106598667,-0.004167357275,-0.04942247196,-0.04965803851,-0.0496992656,-0.009750994347,-0.01267179379,-0.02097886194,0.00477718603,-0.005927238258,-0.01352088636,-0.01517669916,2.83385055e-05,-0.007239260779,-0.008516793781,-0.02086065731,-0.002550152116,-0.001533300901,-0.0002893468061,-0.006877510035,0.009204343431,0.01675630236,-0.03618143784,-0.003099800686,-0.005136995608,0.01907996294,0.004426047808,0.01789337319,0.001707891534,0.01293531902,-0.009329878586,-0.01561259114,0.02620933185,-0.0003892552209,0.008467365023,-0.05084786638,-0.0482217039,-0.0223525459,-0.05792804177
2019-01-31,-0.002596419708,0.01831872547,0.01646154471,0.038267795,-0.0126172481,-0.004889762912,0.004079794244,0.005666786962,0.02900095125,-0.004949474074,0.04913577017,0.01141104385,-0.01629871097,0.04122923953,0.04725849624,-0.02283096661,-0.02425529115,-0.009118288556,-0.01873445315,-0.01746046808,-0.006024018343,0.00195796908,0.01260036976,-0.02039401552,-0.01981892517,-0.02321146028,-0.01611432854,-0.01822149094,-0.01027788663,-0.0127580917,0.04676168602,-0.04221703757,0.04946593409,-0.001707161625,0.04032476544,0.01231981184,0.04186232743,0.008157848702,-0.002034332911,-0.007004869932,-0.02002700336,-0.007762410876,-0.0156369471,0.0002828271787,-0.002031772976,-0.02057876351,0.0488171167,0.0431649236,0.02215223457,0.05035431409,0.04466866134,0.03342638581,0.03012473948,-0.03875862972,0.009714196942,-0.01117879974,0.04209635502,0.04006775885,0.04051715709,0.05556576759,0.005719414751,-0.00672778356,-0.01172068537,-0.005420566901,0.0225935735,0.02855412644,0.01768076393,-0.03314183251,-0.01048131121,-0.03651763087,-0.01435774707,0.04878082079,0.04844723917,0.0484847104,0.02309107405,0.00820788343,0.01645625681,0.005640127475,0.02193236229,-0.02409223382,-0.002409485659,-0.04723652571,-0.02939603721,-0.02201700685,0.009951030108,-0.009128190307,-0.001628706122,0.01148727988,0.003344427425,-0.02550102554,-0.03009268792,0.04872419501,0.01218259992,0.01608063859,-0.03443073944,-0.0391582735,-0.04899058192,-0.03902283273,-0.01682873535,0.02443181136,0.02641624963,-0.01719444678,0.01227316579,0.004361589506,0.05196163744,0.04971562287,0.03133199321,0.05060784074
2019-02-28,0.006367107179,0.01382215565,0.01051727624,0.01275665237,-0.003584572326,-5.305918657e-05,-0.01013697383,0.003071088174,0.01002788421,-0.011742411,0.0110442296,-0.004624972066,-0.01014029834,0.009322939729,0.01119439533,-0.01017525268,-0.01338515144,-0.004636537562,0.0004138649385,-0.007959290324,-0.008165203708,0.009098276002,0.006205034716,-0.005393352171,-0.002703660035,0.0004598595485,-0.002859086051,-0.005065362507,-0.0005986980641,0.000508570108,0.01129287398,-0.002963744235,0.01398329359,0.004964578228,0.01457606256,-0.0006443816005,0.008933062566,-0.008472423186,0.004258499022,-0.0007774394532,-0.003887385506,-0.002383929583,-0.01233179153,-0.00851488049,-0.002145402947,-0.003642716309,0.01401380434,0.01355759183,0.007044418227,0.01759815295,0.01532803444,0.00766029941,-0.001088551901,-0.01845965771,-0.002741472322,0.003199358409,0.01948064773,0.0194100742,0.00981786524,0.02457024912,-0.008282155484,-0.01629276286,-0.01046709273,0.002085647755,-0.00937694574,-0.003859395312,0.00712441944,0.003821666921,-0.01342369577,-0.01734399221,-0.01244405609,0.02370742451,0.02229014002,0.02245518322,0.01413675578,0.003566011422,0.008757971233,0.007957472394,0.006303024323,-0.009992778957,0.002316603484,-0.02058450229,-0.01601251235,-0.01478831623,0.01492175903,0.009773728967,-0.001028829366,0.001521692558,0.005122260988,-0.008420788798,0.002269921644,0.0199491479,0.01290907784,0.01066928347,0.006776883241,-0.005971912772,-0.01186992508,-0.009092344848,-0.02106225315,0.008012324493,0.01401877817,-0.002557052741,0.007917050396,0.004238136171,0.0178048975,0.01984635757,0.01818948723,0.01809671075
2019-03-31,-0.002617624869,-0.01021194781,-0.009795169081,-0.00961696115,0.005859185444,0.003339948045,-0.003406053022,0.001503399649,-0.00826399816,0.0004767772895,-0.01571391909,-0.01018693848,0.008286497911,-0.008834536497,-0.01011703098,0.00675355334,-0.0006853532291,-0.003504686774,0.00522037737,0.003989399781,0.0024588648,0.004587744867,-0.005794221207,0.008593249032,0.01042152249,0.003202591738,0.002911138446,0.008240348943,0.0004725537993,0.003805777793,-0.009552392226,0.005483676237,-0.01085090439,0.009923013948,-0.007839077578,-0.008037747219,-0.009787628715,-0.002146165263,-0.00456506964,-0.005651492315,0.01370951412,0.002741603585,0.0118931003,0.00946067088,-0.002235643986,0.003355844781,-0.005676139978,-0.009736201584,0.00857795084,-0.01212951266,-0.01509427278,-0.007207125727,0.000325373888,0.006143830571,-0.001176273641,-0.001366473314,-0.0136716338,-0.01338711834,-0.007976028446,-0.01323983314,0.0002769501393,0.00774566418,0.009230681688,-0.005669759075,0.001841685371,-0.009126523776,-0.003900721105,-0.01289780847,0.006662055825,0.0002455426634,0.002987878271,-0.01607990652,-0.01585259992,-0.01532502116,-0.01215717134,0.002866267086,-0.007342201791,-0.001113298001,0.008502881347,0.003558127718,-0.007932579572,0.003682897207,0.007210048512,0.004828472761,-0.009393564898,0.001026213236,0.0004641713253,-0.003480797677,-0.005700551159,-0.001067723785,-0.0007670448662,-0.01408640153,-0.005404740607,-0.009112489426,-0.005407012602,0.001070835811,-0.009566988871,0.003532373779,0.01408847929,0.006216318409,0.001190861255,0.006959892745,0.002352141963,0.001996762578,-0.01206327148,-0.0125262522,-0.01228561723,-0.01227885408
2019-04-30,0.006278305913,0.006838299281,0.006001803583,0.01467838139,-0.005360902224,-0.002322628905,-0.001353427133,0.00443603431,0.01732808988,-0.008065350866,0.02095865229,0.002859707263,0.001155093681,0.01930360016,0.02183028845,-0.001243056058,-0.0007254983166,-0.0001980295708,-0.0001324705728,-0.0006142624749,0.00475504745,-0.003166620373,0.009759510177,-0.004029682346,-0.007099248961,-0.002452705162,-0.00073944826,-0.006956018791,0.00390286412,-0.002963825237,0.0209366453,-0.009211267046,0.02165415528,-0.0009053899697,0.01749548964,0.008438832996,0.01806387412,0.005469384208,0.0007940626084,-0.003413570892,-0.0112649035,0.0001836009989,-0.01066651793,-0.004137771943,-0.003542491536,-0.007096871307,0.00956869302,0.01370168256,0.0135602455,0.02313851759,0.02267311699,0.01162127661,-0.003331752409,-0.01784243101,0.0001002881764,0.0001005267991,0.01864775879,0.01861795814,0.008745672529,0.02546298235,-0.00242022016,0.003182437069,-0.00420860449,0.0001852701324,-0.004583251038,0.005131380798,0.008398766449,0.006343504096,-0.005877133806,0.006100712681,-0.003869753672,0.02190455755,0.02225595117,0.02253921893,0.006309367408,-0.01485581355,-0.005514781097,-0.005644369499,0.01245736607,-0.01271635283,-0.00642353471,0.01090030373,-0.01450663439,-0.01078839272,0.007192178379,0.002091286169,0.0008405618664,0.0006617804272,0.003817746105,-0.01339677977,-0.004609207144,0.02071218404,0.007012222736,0.007213632434,-0.003878687822,-0.01573040738,0.01218447849,-0.01462050479,-0.004501362381,0.01525987773,0.01353123051,-0.00704128879,0.005836183777,0.001558248131,0.02674504573,0.02578038665,0.01324693459,0.02368348407
2019-05-31,-0.0003396770471,-0.004923249743,-0.005979970662,-0.02225918074,-0.005789482037,-0.006618240773,-0.0003170345865,-0.002911469287,-0.02798116484,0.01470743359,-0.04175970374,-0.01738529966,0.001856638776,-0.04298344428,-0.04569675211,-0.006290399535,0.001862167597,-0.004001967315,0.00671846416,-0.005942303401,-0.0167870202,-0.00199864402,-0.01427989392,0.01229356778,0.01047493566,0.007905723481,0.002436973913,0.01487054728,-0.005083933449,0.00544651984,-0.04498791414,0.02295143784,-0.04410192637,-0.001026237056,-0.03738081464,-0.02001286775,-0.04203609637,-0.01236262239,0.004570949402,0.01066250977,0.01541891576,0.004990058795,0.01471430655,0.0009703957088,-0.0002425814364,0.003332115345,-0.01231542838,-0.02360428605,-0.01557776849,-0.03953823351,-0.04112527716,-0.01920027969,0.007336943398,0.02196141399,-0.008129658931,-0.005197035529,-0.02375975208,-0.02399313784,-0.007227402847,-0.04052726382,0.01738389614,0.009871407788,0.01713622521,0.007092804169,0.000567726385,-0.01809219118,-0.009838776916,0.01352367203,0.01812409726,0.00355758262,0.004600421467,-0.03452671388,-0.03595749408,-0.03767641277,-0.002853035039,0.01638894087,0.001521290332,0.003475457827,-0.01463824492,0.01950544639,-0.006313003387,0.001035870604,0.01740016224,0.02395581931,-0.004540698039,0.00344738735,-0.0004262927807,-0.008444497553,0.002504903342,-0.001566384577,-0.01123397671,-0.02785102301,-0.001001174681,-0.003349122721,-0.02410197857,0.01555327321,-0.02881521501,0.003865428816,0.004857343847,-0.02127276199,-0.01598139569,0.01762211792,0.0007378443741,0.01093770249,-0.04442198056,-0.04372027514,-0.01284667692,-0.0400759742
2019-06-30,-0.0005177134398,-0.005059238087,-0.003991694404,0.005335998964,0.009394995276,0.008041287601,-0.001751435249,0.000341709551,0.007856965867,0.002943338254,0.009325336256,-0.007545307368,0.008789642548,0.02151972669,0.01738041982,0.007376859062,0.004016601503,0.0006005843759,0.002955153539,0.008283799953,-0.004439018398,-0.008815375124,-0.009228313325,-0.01454729315,-0.01559535605,0.00208033138,0.0044072968,0.009648952298,-0.002624932777,0.009823077654,0.01735419565,-0.007783696755,0.01791963168,0.01524203926,0.01793872183,0.01372999191,0.01819254442,-0.0008165608112,-0.002325631016,-0.0007731666199,0.01534814915,0.003117753762,0.01672095644,0.02610646445,-0.0003272128401,-0.004130201867,9.550299407e-05,-0.004827287662,0.03312465467,0.004864719545,0.0029913521,0.007003057279,0.01323251793,-0.00376573511,-0.0002626517318,-0.003877863894,0.006784823915,0.00616677037,0.01112025904,0.01175940438,0.009703060913,0.01391363271,0.01190683561,-0.001858696587,-0.0006376337703,-0.003186729094,0.004396202653,0.003210478131,0.007501285588,0.004908713208,-0.002860542926,0.005510109631,0.006356762939,0.008290113195,-0.008332041471,-0.006210752392,-0.01024619957,-0.005384361254,0.03270565464,0.003281564411,-0.01036075621,0.01746084329,0.01901530679,0.004353779245,-0.005937257025,-0.00355611154,6.093032018e-05,-0.0003117799018,-0.001858696587,-0.01232995942,-0.004786194425,0.008613838663,-0.002055253055,-0.005503953063,-0.02004800775,-0.002785547585,0.01343872986,0.01117043357,0.01587648968,0.03139868653,0.01603334897,-0.003944917615,-0.002939189174,-0.009592866122,0.01486047194,0.0128244053,0.0003563717829,0.004735637335
2019-07-31,0.001769027687,0.001306231283,-0.0002291880025,0.002207027928,0.001545780949,0.002999040137,-0.001948312535,0.01111932813,0.000604176831,0.005961964373,-0.004549587772,-0.004696542927,-0.0108484529,-0.0009171923263,-0.002776472806,-0.00657412961,-0.0009564881882,0.002454496315,-0.00327869007,-0.01041382182,-0.003028810795,0.0005577107235,0.0009695967638,0.001454706209,0.00291446493,0.003788155239,0.00258544076,0.00655974711,-0.002910768867,0.005314560683,-0.002219972316,-0.003652301957,-0.002150885035,0.004456865717,-0.0001891947385,-0.005339444861,-0.001764648328,-0.01114419135,0.004335045897,0.00492533772,0.007296073599,0.0001207038587,0.004498484364,0.003562827885,0.007105780355,0.004114940202,-0.006621192405,-0.004255661253,0.005232818809,-0.0009254901814,-0.0002539327953,0.001847054088,-0.00393836636,0.003265040193,-0.002997052629,-0.001082342771,0.0024406507,0.003550127274,-0.001576662608,-9.513616601e-05,0.005652599621,0.01360720942,0.008523015143,0.003803308135,8.444076718e-06,0.002347207932,-0.002619938202,0.009546258203,0.009328352094,0.01309997459,-0.0006463849825,0.001580746833,0.0005507474441,0.0007054686236,0.002927828583,-0.001414323758,0.003802282306,0.002724726424,0.005129420418,0.006973319061,0.004174090881,0.01220042444,0.006620419258,0.007551448264,0.002526647331,0.003311020792,0.002576605105,-0.003760537127,0.003708276811,-0.0005441386605,0.00199351668,0.001115711052,0.005171473806,0.004154193392,0.0008948935201,0.004415225718,0.006438252154,-0.004100398692,-0.003484880823,0.004857953432,0.008632248476,0.004876126231,0.001988680362,0.0006040225933,-0.001967451537,-0.0009496722736,0.003976550806,-0.0005208596251
2019-08-31,-0.001985113021,-0.01813433295,-0.01503149854,-0.02691405129,0.005771610785,0.00898084229,0.009164632895,0.007652169502,-0.02513994421,0.01390296599,-0.0352794069,-0.006736975999,0.005416729545,-0.02173352005,-0.02944400353,0.01341897718,-0.0001943347882,-0.0005684079044,0.003315920376,0.001299263889,0.01163263612,0.008585085499,-0.01310676682,0.02156603031,0.01877843897,0.006543183763,0.007945558945,0.01563510454,-0.0006477944905,0.0175672798,-0.02531436702,0.002374036194,-0.03177168077,0.0110758154,-0.03110957057,-0.002844182201,-0.02558893492,0.006226986425,-0.005329766843,0.008149215382,0.02655685761,0.01641173186,0.03122087077,0.02777594326,0.009035096998,0.009329146434,-0.02395635269,-0.03745099544,0.00887976701,-0.0334492306,-0.03372123559,-0.02053199078,0.02191429091,0.01962536337,-0.0002878651812,-0.00272210002,-0.02853710683,-0.03001237663,-0.003523808543,-0.0451375844,0.02221093144,0.02229912441,0.01645059832,-0.01369205767,0.009225192023,0.01173344627,-0.01594290313,0.006065237726,0.02205175271,0.02432797001,0.01978354753,-0.04573025619,-0.04603162556,-0.04610314186,-0.02376499384,0.01638236414,0.02449914155,0.00133893303,0.00925586066,0.03561397401,0.03534611754,0.02497227459,0.0143242407,0.03169634789,-0.0136429567,0.001229113499,-0.005617626097,-0.002421171625,-0.01526931481,2.240254723e-06,0.00282561504,-0.0302003005,-0.01432353557,-0.02022255542,0.007134135537,0.02262047504,0.01923533033,-0.003319656216,0.03092914965,0.005976958223,-0.01384604773,0.01403713946,-0.007259266229,-0.003260206772,-0.03594877558,-0.03796121896,-0.02551900647,-0.03427318232
2019-09-30,-0.0004887847844,0.00417067331,0.002846339506,0.007349364048,0.00417221479,0.005302890497,-0.002009921673,0.007523195638,0.005736097055,0.01386313941,0.003911898926,-0.02131097076,-0.0035928497,0.0006755831839,0.001182024239,-0.003678646873,0.0070336206,0.01004096606,-0.0133653456,-0.007311396664,-0.006299999573,0.0043216656,0.007713502522,-0.008733612725,-0.004738664039,-0.005954478406,-0.0002389810803,-0.006554664675,-0.008529924012,0.007496064802,-0.0005329558608,-0.003183965068,0.001611367536,0.002893301771,0.01017816429,6.810168322e-05,-0.001324857143,-0.01722300465,0.006236491613,0.005435177701,0.000964603114,-0.006813720527,-0.002768343866,-0.0002906900295,0.004006954972,-0.0100584591,-0.0001977587175,0.00621585123,-0.0002106989735,0.003002046242,0.0008069820589,0.00543606763,0.004185231186,-0.001047414411,0.008467984437,-0.007666842925,0.00524726097,0.005758920355,0.002283033932,0.006861980497,0.01547730498,0.009588886181,0.009583836499,0.006341162173,0.008474785136,-0.003149431421,-0.006903804152,0.02016076629,0.005645703295,0.007365630963,-0.008716477972,0.005851241717,0.005554982976,0.005295651852,0.009619081905,0.0006657903847,0.00246711018,0.006182737497,-0.0001549094693,0.005653294228,0.001343823775,0.01181362512,0.008619949987,0.01573380674,0.005571798584,-0.004294923313,0.00216426967,0.008285375412,0.006143477744,-0.008991042786,-0.00998377269,0.005083764369,0.00921717133,0.007409894536,-0.009016668104,-0.002128580334,0.003873938579,0.007356495744,-0.006126118878,-0.001778481483,0.01094307433,0.005137127427,0.00617070195,0.004592094773,0.001804128599,0.006761553872,0.008565781205,0.002947817978
2019-10-31,-0.002525257527,-0.003007416811,-0.003506531679,-0.001916913431,0.007625480685,0.006708803515,0.01216401719,0.005429064703,-0.00831919874,0.01495698448,-0.006745021177,-0.01162111135,-0.0009696408246,0.0002613361759,-0.002505935203,0.008637517806,0.01186298724,0.01307040327,-0.004864860146,0.007378315734,0.00187608373,-0.005438018174,-0.003158066702,6.86584908e-05,0.0004366760906,0.0009195232283,0.01545103121,0.01396222012,0.001029106203,0.006246671798,-0.00471497423,-0.007130636714,-0.003063948955,0.0007513279379,-0.0009446267413,0.008411305421,-0.0004278333482,-0.008781707097,-0.002968355059,0.004769491798,0.01422998725,0.009657978827,0.0158272643,0.01385091831,0.01135452762,0.003273008633,-0.01170918674,-0.00967872005,0.00954570279,-0.00809075607,-0.008081971706,0.0008879142317,0.01076105171,0.009113713044,-0.002680072389,-0.006623106447,-0.002383293356,-0.004073624223,0.002950275875,-0.005656122787,0.01572692105,0.01051549077,0.01041262201,-0.005491194455,-0.002492648868,-4.570204932e-05,-0.01568958579,0.00968597149,0.0117441754,0.009844492781,-0.001371972169,-0.00578015666,-0.007159604517,-0.005715425236,0.001984159191,-0.003405106809,-0.001599713576,-0.004364037802,0.009788145782,0.01095793869,0.005652622754,0.01005834394,0.009412696868,0.01637987291,-0.00322751147,-0.003029125536,0.002708333453,-0.005379838375,-0.004295354082,-0.0006665319622,-0.00429112241,-0.002864952144,0.00301820176,0.001766767826,0.004660743219,0.00284641612,0.004357774914,0.003051348816,0.001520113066,0.009742790442,0.007380871726,0.01135626068,-8.731575472e-05,-0.001368147666,-0.005948406099,-0.006571403766,0.0021565452,-0.007710366236
2019-11-30,0.00866193006,0.003372647066,0.003585380711,0.001038629905,0.00518163206,0.005205336362,0.001751378487,0.01682833202,-0.0004544417526,0.004304836721,-0.001372785038,-0.009050939645,-0.006137059022,0.01253307381,0.007784089279,0.006479824038,0.003643052344,0.009675285266,0.001915615718,0.001706255778,0.007026545322,0.004196905473,0.003898458079,0.001823507888,0.005112995849,0.005284424956,0.009594761389,0.01277178916,0.003084456397,0.002563820765,0.008416075873,-0.01172724366,0.007741325133,0.004808438701,0.0112961187,0.009410772718,0.011038262,-0.01132309312,0.002648103747,0.007351795313,0.01234245587,0.009716571788,0.01330019062,0.01407490251,0.00836798786,0.006819479527,-0.01163175575,-0.01455121411,0.0184937855,-0.001085230674,-0.001064260149,-0.001066228408,0.009183724445,0.003364686892,-0.005920816812,-0.002831302473,0.006335689966,0.00582499987,0.004581380481,0.006146935624,0.0144734286,0.009462022779,0.01453864588,0.001996403752,0.004898453365,-0.001310707851,-0.005207483621,0.001995503859,0.006868844513,0.008622718879,-0.003257999852,0.004610709162,0.00443878234,0.004844609931,0.005834618189,0.004149595974,-0.003934422268,-0.005279772553,0.0198030875,0.009492142445,-0.0004093221765,0.008901288459,0.01130985531,0.01628212722,0.008518885022,0.006073044056,-0.0004554411375,-0.004207712135,0.004033374813,-0.006170844918,-0.005363320844,0.006298788191,0.009028185098,0.007272924192,0.00451166712,0.003157148095,0.0003992838068,0.002440986712,-0.0003234847667,0.01733760574,0.014047345,0.007462999039,-2.23161761e-05,-0.005803174588,0.005231697078,0.005260502125,0.007044432672,-0.0007904965946
2019-12-31,-0.001574286726,0.01468726934,0.01456154876,0.0344770271,0.002348506095,-0.0004179478603,-0.01349838743,-0.01672659553,0.01879459397,-0.02445981605,0.04640112699,0.01627186317,0.008605066115,0.03264027634,0.04395263814,-0.02755459453,-0.0311863052,-0.02899630901,0.006291555302,-0.02849867946,0.006502884367,-0.004196315466,0.01514841927,3.591619189e-05,-0.01077342624,-0.006666310567,-0.01967401256,-0.02991485106,0.008735928542,0.001975965194,0.04351417016,0.02364408284,0.04294330868,-0.0003291554189,0.03094828441,0.005191448372,0.03612470982,0.01438802731,-0.01686900512,-0.01995377756,-0.02668560183,-0.009260487956,-0.02562497753,-0.02034568594,-0.03663124099,-0.009287660244,0.03351488185,0.03786025891,0.01370314171,0.05156052754,0.04902830714,0.03324891466,-0.007917676219,-0.04636257615,0.01076380569,0.002194581337,0.04111463446,0.04197402582,0.02198874037,0.04959812257,-0.02816850462,-0.02115921278,-0.02892871758,-0.0003184479373,-0.02484789972,-0.007779891954,0.03130686726,-0.02459057062,-0.02757563323,-0.02471320165,-0.01383606034,0.04557864803,0.04681958118,0.04779425579,0.01285763291,-0.03210645659,-0.01622660645,0.0001278164171,0.01286471874,-0.03074258471,-0.0001055255883,-0.02094167812,-0.0252283484,-0.02882243966,0.02199824649,-0.005423520159,-0.003890865141,0.01004930629,0.008583569304,-0.001490807947,-0.002099871276,0.04337088127,0.002651053782,0.006161349485,-0.002713048538,-0.008675451818,-0.003655726744,0.005545798122,-0.008476791704,0.01903978742,0.02328223521,-0.01182839831,0.01477065699,0.005942825737,0.05175324799,0.04924272729,0.02488420376,0.0525335018
2020-01-31,0.007261791853,-0.002107997343,-0.003384945149,-0.0139292622,0.002107893576,0.004830823258,0.007300926815,0.01964526945,-0.00787076648,0.0128336149,-0.01969209013,-0.01114001484,-0.0129463236,-0.01816895273,-0.02333259646,-0.01584007594,-0.01591147444,-0.008698761281,-0.02027762263,-0.01318370089,-0.01364647729,0.001081171387,-0.009550381452,-0.006451164947,-0.004460064425,0.01369851487,-3.772422206e-05,0.00492290555,-0.009872106509,0.002041958388,-0.02551048482,-0.002689486847,-0.02154276098,-0.006223387459,-0.01877680715,-0.004603488597,-0.01892227227,-0.002351994179,0.009817472196,0.008358667425,0.006125491928,-0.009941220881,0.01107347416,0.005784009191,-0.007706528713,0.003602521328,-0.01293093989,-0.003886657732,-0.02038155962,-0.01646691631,-0.01717194558,-0.01165412533,-0.008697442246,0.01746725303,-0.003867770131,0.0004825011725,-0.0148703823,-0.01522429832,-0.00964893802,-0.01557628044,0.02317469896,0.008070921607,0.01651766252,0.007157744778,0.01120680276,0.0004834679068,-0.01712377104,0.005793067879,0.01571231786,0.01298004151,-0.00339783397,-0.01177379238,-0.01308603673,-0.01464954495,-0.0005059813107,0.007740609605,0.0006257803598,-0.004065872502,-0.01963042024,0.00836568286,0.001970516195,0.002177672457,0.01169370394,0.01268319113,-0.001720875841,0.001944451278,0.0007727564908,-0.002917793244,0.007157744778,0.0004654669658,-0.006816180313,-0.01756445723,0.001481267882,-0.0003883714404,-0.02146633512,-0.01681859319,-0.01738190753,-0.0104389418,-0.004520429708,-0.02075664335,-0.01332217242,0.006980763845,-0.002666662838,0.002430074722,-0.02039217005,-0.01585669832,-0.006832777951,-0.016298686
2020-02-29,0.0009196320843,-0.01352525418,-0.01306570153,-0.03978146286,-0.000948070034,-0.0007954507132,0.02095325054,0.02291880833,-0.03267112519,0.02070867237,-0.05027457685,-0.0230377558,-0.01678109559,-0.0391688004,-0.05395142002,0.001059032251,0.0004960096512,0.001232250476,-0.02273373997,0.004399340509,-0.0152050406,0.0003496910496,-0.004244871709,-0.01430726007,-0.004502678144,0.02914492556,0.02153838439,0.03144228875,0.0001962265278,0.003301953848,-0.05649816046,-0.01159920356,-0.05279068179,-0.01061786418,-0.04499760563,0.005538058115,-0.04251603817,-0.0007712958142,0.02107393828,0.02394340679,0.0298142213,0.002210147923,0.03012137953,0.01841396513,0.009776255982,0.01594586647,-0.02928587502,-0.02743995403,-0.02058287373,-0.04980103133,-0.04930806298,-0.03844935293,-0.009653288554,0.03655994912,-0.009871786963,0.007133745665,-0.04252440074,-0.04272451135,-0.02237308179,-0.05317278848,0.02950641019,-0.01891030696,0.01180022949,-0.0001512159233,0.03361046521,0.02594660631,-0.04138452631,-0.04214441769,0.02788399636,-0.04212840886,0.01113120388,-0.04751202551,-0.04829679391,-0.04926676911,-0.01585129932,0.04047218054,0.01786738936,-0.0003760572474,-0.01870546432,0.01022254007,0.01531287542,-0.03606811262,0.00256436129,0.02435752901,-0.005186263247,0.006964096388,0.003646809379,-0.0114006745,-0.00310981767,0.02906114291,0.02471609939,-0.04746988078,-0.008754385766,-0.01274249554,0.03201538693,-0.01707124197,-0.03925887584,-0.02289758564,0.01223412545,-0.02507261919,-0.03904582612,0.0004783188621,-0.02320575443,-0.009613590311,-0.05525709195,-0.05182257288,-0.02665204544,-0.05062917429
2020-03-31,-0.01901412543,-0.09078453241,-0.0904076262,-0.170854638,-0.0004512147445,0.002709413759,0.0860760093,0.02602632432,-0.1174776793,0.09172375059,-0.231883147,-0.1103641329,-0.003037694662,-0.1714193498,-0.2389887232,0.05280658274,0.05781001059,0.04225254637,-0.008832072431,0.05308751329,0.0493329723,-0.02785667149,0.05343665175,0.004058310431,0.01930513506,0.1295548112,0.1086306464,0.1454866117,0.01025958686,-0.03190369635,-0.2457834644,-0.08551748107,-0.2348385532,0.01005358963,-0.1698423414,0.0004284169661,-0.1739780489,-0.03148419691,0.05474763862,0.06204307321,0.1162012563,0.04565146174,0.127715651,0.09451819663,0.0551160999,0.151130568,-0.1172031161,-0.1402873365,-0.07920425841,-0.2376841005,-0.2372979455,-0.1467028212,-0.1100934913,0.08992498345,-0.04911229755,0.0899857146,-0.2306334282,-0.2152811656,-0.1847198345,-0.2577332913,0.08746915633,-0.09456373931,0.02338440659,0.02735584562,0.1681880417,0.1088947023,-0.198016396,0.1018487198,0.152249503,-0.07792511692,0.04996088619,-0.2348531761,-0.2378291804,-0.2330402869,-0.08871009451,0.136049763,0.05769431079,-0.02798312721,-0.07667910409,0.08742396094,0.08192059893,-0.06789115848,0.03060015137,0.0788960504,-0.07132774742,-0.01690517053,-0.009141830466,-0.05428051996,-0.06573729968,0.08984098169,0.1236389195,-0.2434082832,-0.04815164188,-0.06471759276,0.1477660316,-0.01262609761,0.08158858386,-0.02571073236,0.09567708897,-0.1029513802,-0.1382457822,0.02383188724,-0.06883404139,-0.007140129478,-0.2548072502,-0.257655639,-0.1558865036,-0.2485195552
2020-04-30,-0.003210370646,0.02415327949,0.02969533619,0.0307568094,-0.07360826019,-0.07120292656,-0.0750887605,-0.0241862405,0.08776045569,-0.05666981118,0.09424860873,0.05686267909,-0.07883982405,0.100933258,0.09999556261,-0.0732253152,-0.07453806,-0.06996188814,0.06895471998,-0.07757224484,-0.02659030556,0.07678798339,-0.008087918811,0.001466356048,0.01366806416,-0.01855672209,-0.06732134732,-0.06699310659,-0.05900110285,-0.07473860828,0.09603953387,0.0946331157,0.1013430473,0.09994168438,0.1010809451,-0.0284061394,0.1006696962,-0.08780179193,-0.08089598304,-0.04651692927,0.00763095233,-0.07376057929,0.08698457356,0.1047301398,-0.07518011331,-0.05205950796,0.008287283385,0.05528234906,0.07440901391,0.06170808102,0.007773100493,0.01851670718,0.03229648425,-0.01743643891,0.006257936792,-0.04809427689,0.06887933715,0.06681543722,0.03981884791,0.08562066356,0.007628506737,0.0726028804,0.01991439288,0.02042874701,-0.04169081377,-0.03848024329,0.05481436115,-0.06431342108,-0.06538300355,-0.06671537086,-0.02318373499,0.04743286409,0.04002853668,0.06683434564,0.001158366241,-0.01739382439,-0.01092852308,0.005440890408,0.07924005635,-0.0281717159,-0.009056849231,-0.03333797878,-0.02171222328,-0.03211587823,0.02346855066,0.01683173843,0.00230894633,0.02060781283,0.03557852869,-0.007434952501,-0.06462858191,0.08130462989,0.0005540679967,0.001430342761,-0.1083334662,-0.04893472408,-0.1011032946,-0.07968447285,-0.00319996949,0.07832322082,0.06823382264,0.03174904855,0.02788192487,0.007830847139,0.04633059986,0.044118641,0.02991657584,0.07017245201
2020-05-31,-0.0001881608358,0.0349298158,0.0350218464,0.07251364235,-0.004678034186,0.001293429653,-0.06681607247,-0.05937778038,0.09252272141,-0.05879037161,0.1114341787,0.06698154761,-0.05705394355,0.09411721996,0.1069477882,-0.06020792498,-0.05632194995,-0.05547464648,0.06658829223,-0.06165724094,-0.03877230026,0.04733598512,-0.02169053944,0.03822635781,-0.02561354464,-0.05031650644,-0.05569813635,-0.07246902169,-0.05211731701,-0.05165025107,0.08715420121,0.09791121546,0.1044365718,0.1098036474,0.1043023399,-0.006472471585,0.09412303392,-0.07218741849,-0.06794394799,-0.05423884036,-0.02654111235,-0.01944031465,-0.02701813282,0.01246001067,-0.05677311601,-0.01743480629,0.03289201172,0.1139270782,-0.02478620107,0.09853767336,0.08529718537,0.06410744319,0.05331801796,-0.0557462413,0.007621196247,0.000989571233,0.08121218504,0.07561390348,0.07057623948,0.1060925826,-0.06259517712,-0.06312410163,-0.05310423006,-0.00356351257,-0.0583445099,-0.04165236033,0.06395230693,-0.09583517733,-0.09268608835,-0.09507684242,0.0007044620732,0.0812029024,0.08304746171,0.08894261148,0.03861685261,-0.05193262006,-0.04763250177,0.01167992786,-0.02682298526,-0.1073190902,-0.08186666,-0.1074583044,-0.10242692,-0.1024033536,0.02448065958,-0.0009692561521,0.009335720147,0.002468817101,0.02711179683,-0.03363349844,-0.01940097734,0.09339616912,-0.002802664822,0.01265323993,0.003224757713,-0.1113733721,-0.1075194912,-0.107605948,-0.03413064395,-0.005457402607,0.02874030096,-0.00643290252,0.02976811755,0.01638874275,0.08167218653,0.06134852348,0.05865089605,0.09941275707
2020-06-30,0.01152785976,0.03207062195,0.03060447164,0.02888010284,-0.006699966027,0.001120256121,-0.04218079532,-0.02803928817,0.0520352269,-0.03847528798,0.03516463504,0.03437195554,-0.0253270606,0.02854701577,0.03429983876,-0.03546970333,-0.032758752,-0.03233491641,0.03455197164,-0.03399855711,0.01018984747,0.03011635353,-0.002776634087,0.005092304426,0.003403812043,0.006019598914,-0.03409567514,-0.04690303816,-0.03453169113,-0.02501649417,0.02812307957,0.03861452426,0.03066292233,0.03870529122,0.04000565603,-0.01677183999,0.02921981279,-0.04480927604,-0.01372906769,-0.009693721908,0.01419770816,-0.0114541128,-0.003599019896,0.01010203384,-0.03150889282,0.0006041746226,-0.002724502692,0.04038732117,0.01937320555,0.04723418266,0.03220138338,0.02622730878,0.008819050105,-0.04286029055,-0.007982932118,-0.001559699509,0.04578255926,0.04531607641,0.02504391797,0.0443833949,-0.01760707174,-0.03094913063,-0.02380755272,0.01704928621,-0.007641703926,-0.00713571224,-0.00225936779,-0.0008628381047,-0.02462951341,-0.03092881908,-0.009302046982,0.03971028424,0.03909245819,0.04237871075,0.02697123092,0.001179797317,0.004609388327,0.006449886627,0.01829998995,-0.02962444093,-0.002785340408,-0.04355152059,-0.03820218588,-0.03455012013,0.02660254713,0.01602522769,-0.01232942445,-0.003675440177,0.02502677926,-0.02157449201,-0.01102669923,0.04445249349,0.01827025455,0.02092876438,-0.01013058445,-0.0427867512,-0.02566158481,-0.02862306258,-0.02569481171,0.0197182107,0.04052393478,0.0261994082,0.03232763059,0.02310929775,0.03164844296,0.03302611721,0.03656996249,0.04903970847
2020-07-31,0.001776454779,-0.002281230159,-0.0008112067046,0.01268865587,0.0004197573368,0.0006958723568,0.01686178343,-0.006067185908,0.01233787374,0.005764594397,0.0275321688,-0.007924314558,0.01586309063,0.02604546032,0.02898948018,0.01696046097,0.01042651735,0.001134887876,0.0006312841678,0.01513551626,-0.01077125631,-0.01071400817,0.0002689910772,-0.01260256261,-0.01229084187,-0.009812694797,0.005894678389,0.008958898493,0.006025955472,0.009265057545,0.0271197002,0.005188595642,0.02983121086,0.02428018624,0.01988005711,0.01759182919,0.02312851803,0.01754874722,0.004599762952,0.003623993353,0.01085715413,-0.004706311996,0.009398631053,0.01903048634,-0.0006716448669,-0.009174464631,-0.01118688694,0.003756551576,0.04376661521,0.02957490941,0.0278332406,0.006048967387,0.0172972774,-0.01284718651,0.0005558251665,0.001721880793,0.02343888454,0.0193391767,0.02566843612,0.0340494009,0.01889256331,0.01015367704,0.008306842706,-0.02345530147,-0.007993447005,-0.003090616375,0.00850904573,0.003244487581,-0.01187989228,0.006850728824,-0.00398207759,0.03099515325,0.03120803565,0.03316718164,-0.003208578558,-0.007956997821,0.004435581444,-0.005819940849,0.0435124801,-0.005121580471,0.01359612863,0.0235943951,-0.01966034058,-0.009019013652,-0.002947378095,-0.001670567163,0.005844217406,-0.0001566720253,-0.01272698218,-0.0174454827,-0.00902029515,0.02710870876,-0.009825944727,-0.01683730308,-0.007583874349,-0.01310584421,0.01553503946,-0.01775383283,0.0159493624,0.04097305882,0.02472219023,-0.01488038232,0.01234827489,-0.00648948809,0.03247210939,0.02564722572,0.006890147744,0.03208719874
2020-08-31,0.005613479271,0.01651478405,0.01394382291,0.02715946749,0.004419123609,0.007425168965,-0.0259295067,-0.01107018753,0.0249533866,-0.01463527586,0.02838478618,-0.007932515115,-0.0175963444,0.02058296195,0.02573432266,-0.0007852740202,-0.001574105192,-0.01135302931,-0.005468929008,-0.0004958867051,-0.0226814639,0.009145160846,-0.007888992512,-0.01595423265,-0.01823353913,-0.003929699983,-0.01776552341,-0.02607665048,-0.0171235171,-0.02049257202,0.02299681207,0.0163178728,0.02663723804,0.02386185038,0.02496502249,-0.009159542165,0.02369889134,-0.01482474301,0.02522449318,0.01699567614,-0.0275645669,-0.01923212995,-0.02605612108,-0.0162062999,-0.01327430001,-0.01669408614,0.01146588688,0.04621523213,-0.02568247722,0.035719564,0.03380334864,0.02603306045,-0.001275435801,-0.02149332988,0.003684347344,-0.001388298254,0.02226501583,0.022222906,0.01529361413,0.03110456424,-0.002602676943,0.01692060241,-0.006119888371,0.008162679724,-0.027609403,-0.01172180727,0.00606248594,0.01126711684,-0.02379538391,0.02517254409,0.002616057323,0.03417118437,0.03252706278,0.02895595227,0.02304620435,-0.02742505061,-0.010836115,-0.00730292919,-0.02715783519,-0.02627509662,-0.01261648389,0.01224357133,-0.02286181966,-0.02440352438,0.007703596992,0.005196486818,0.0003267862839,0.002788857689,0.009833564244,-0.01315805568,-0.00948595632,0.02261459715,0.008531016612,0.01801687714,-0.01116458575,-0.02651481993,0.01524384654,-0.02284617471,-0.02831220264,-0.01646985381,0.01310633472,-0.001762387792,0.01451694444,0.01326253824,0.02962590261,0.02119582421,0.01918816288,0.0366721892
2020-09-30,0.002337049528,0.001301417762,0.0003909393372,-0.006329581048,-0.006521993275,-0.007677718608,-0.006492133333,-0.01259835704,-0.00289726426,-0.01388060673,-0.02034613636,0.0185507754,0.0007532665972,-0.019215919,-0.02069811307,-0.009109612297,-0.01237211314,-0.01248086662,0.01539658977,-0.01386920828,0.01703505932,0.01019053928,0.007396451318,0.02355610033,0.01810885251,-0.0003021886383,-0.01750646686,-0.01150097313,-0.01773206288,0.003411020605,-0.02042929761,0.01289128863,-0.02083848034,-0.01714755193,-0.01669311883,-0.01302541827,-0.01888007788,-0.003071059108,-4.073088878e-05,0.002814932601,0.01032293676,0.007705648818,-0.001246073496,-0.006669331764,-0.0152601254,-0.002560720233,-0.01070575885,-0.007591929557,-0.009579682109,-0.00938251428,-0.01165898429,-0.006825695568,-0.001619609983,0.00354625543,-0.004379137806,-0.003325811946,-0.00298350794,-0.002429623899,-0.005469926003,-0.01652835883,-0.007792494767,0.01093997716,-0.01409826594,0.005689779576,0.01235398275,0.01785714146,0.001213246906,-0.0105796467,0.01190608585,-0.008881709401,-0.006750515298,-0.01111533117,-0.0128857646,-0.01336987506,0.001029176284,0.009074168097,0.01121862349,-0.002697171234,-0.009761294407,0.007277315919,0.002139169029,-0.007275172209,0.0041892298,0.007876251694,0.005154769222,0.005102310939,0.001229275965,-0.00383414175,0.003662710776,0.0006040295261,0.0009820493756,-0.005348820511,0.003957391951,0.002817312052,-0.0009187323414,-0.001903522955,-0.02065422508,-0.003161897193,-0.007688034022,-0.01104642517,-0.002602100749,0.009781715213,0.006109312746,0.009435543012,-0.01466983829,-0.009068881846,0.001338897954,-0.01110890335
2020-10-31,0.004388555596,0.001366547176,0.0009544261159,0.004274012329,-0.004171936497,-0.005847969347,0.005241172649,-2.292123545e-06,0.007217578498,-0.0001896853782,0.008445636398,0.0004270082612,0.003522756308,0.01295768485,0.009406563114,-3.474139545e-05,0.001431583291,0.001217945662,6.40631545e-05,-0.0006307821038,0.004008821816,0.0005004620531,-0.001320349811,3.598419849e-05,-0.002657926694,0.006742385901,-0.001479024484,0.002485304539,-0.002434987659,0.007338844541,0.01514730347,-0.002810802545,0.009388505398,0.006003623101,0.007859921066,0.007086042225,0.01140155494,0.0002630344251,-0.005496783776,-0.004959873826,0.006807928025,0.004528851381,0.00392344548,0.005860128938,0.001666862549,-0.003439010252,-0.005212120595,-0.01018360546,0.01784265072,0.003959857866,0.004136671268,0.003355573336,0.01013132313,-0.008799895452,-0.001176822192,0.0008037325732,0.007294412922,0.007258097495,0.01078031861,0.01078914024,0.005049055291,0.002411295282,0.001604278501,-0.005512548883,0.001004727021,5.186656925e-06,-0.0006199200466,-0.00199292687,0.003261921584,0.004043716289,-0.002706511745,0.01012579418,0.009763866303,0.01073449358,0.003785771104,0.001591619801,0.0005108950476,0.003041998948,0.01738778571,0.006654930866,0.003894469952,0.009120102773,0.0026986357,-0.0003656476675,0.006476281413,0.005449311526,0.001691032053,0.0004034579158,-0.001142339827,0.001686492067,0.003370565302,0.007514143429,0.001922286641,-0.001085327921,0.005009819674,0.002063594853,0.01385436644,0.003570516813,0.003778356317,0.01906217308,0.01486718144,-2.449885956e-05,0.0009244893193,-0.004753844626,0.01393682519,0.008760331912,0.006796927065,0.005411768071
2020-11-30,0.009309870333,0.03532943845,0.03712153818,0.07505870119,0.01317346459,0.01220744005,-0.0382592496,-0.0230459347,0.07825604063,-0.02634137224,0.09097440692,-0.006020028233,-0.03987282495,0.07821069165,0.09244012078,0.003769459159,0.004680749185,0.01032430026,-0.0008754116208,0.009779351677,-0.03731461878,0.02440291227,-0.0318601787,-0.03255531503,-0.0384595882,-0.03029646789,-0.02441541428,-0.03495084852,-0.02241816129,-0.02782995741,0.07787131502,0.0322501773,0.08814837958,0.08967794542,0.07701659343,0.005118002042,0.08093412616,-0.01762272246,0.02809204172,0.02579357597,-0.0006138322693,-0.00809811672,-0.01519899468,0.001580567705,-0.02605979806,-0.03389585475,0.003979713145,0.0669281796,0.03025913113,0.08792424419,0.08757266048,0.06557190936,0.02368739384,-0.04544012969,0.01029389967,-0.004020606854,0.07893575823,0.07851979538,0.06312921162,0.09887101667,-0.01783904274,-0.003980434717,0.002546328001,0.007950480766,-0.05961136817,-0.06406527597,-0.01109377368,-0.03308591903,-0.05663336232,-0.02035255544,0.007441112535,0.09387033509,0.09523246893,0.09078934625,0.03672422605,-0.06668823092,-0.07514313178,-0.01472644643,0.02601340816,-0.07993894962,-0.07810187077,-0.03252876072,0.02195050358,-0.08961196678,0.0485854582,-0.01011524532,-0.0009477465547,0.01426754957,0.02425153258,-0.007480667248,-0.01923021271,0.08711826048,0.005089969326,0.02007758062,-0.007866610479,-0.07061734972,-0.08699051268,0.03766147567,-0.0219602274,0.0420394023,0.05264936251,0.00271865752,0.02030939755,0.004990964837,0.09349265043,0.07361224716,0.05680931883,0.09102332811
2020-12-31,0.01023849845,0.02096237156,0.02070156663,0.03810039706,0.008830811724,0.01035853447,-0.02293097571,0.009468822209,0.02850913143,-0.008990372636,0.05049863848,-0.02059695985,-0.02742700207,0.04692741138,0.05020340101,-0.002708837945,0.002077290339,-3.026428516e-05,-0.009445435536,0.007154642744,-0.02077511937,0.006926690633,-0.001704716274,-0.0256903479,-0.02863708824,0.008180876661,-0.002128127573,-0.01656399894,0.0002207567131,-0.01013624263,0.04885185652,-0.005781642823,0.0492780976,0.04496754836,0.04879036104,0.01394275546,0.04600017821,-0.004877570228,0.02084552575,0.003973270641,-0.01055973529,-0.008746363389,-0.01464144972,0.003625048443,0.002490998577,-0.00724671798,0.01763172101,0.03441332696,0.008770868395,0.0443455645,0.04596214361,0.03384607886,-0.001006132752,-0.02039055689,-0.00192254425,0.005793809175,0.04137507298,0.04123147779,0.0251582865,0.05202164781,-0.00150307749,-0.01058933145,-0.007676849189,0.0149705996,-0.02799445186,-0.03320188062,-0.02301632613,0.007353241054,-0.0229702394,-0.02113532365,0.01799292123,0.0515999671,0.05139616785,0.04859763226,0.01858886709,-0.04106722502,-0.04117380104,-0.008297566341,0.008048644004,-0.03468803042,-0.0379636597,-0.01369336689,0.01079261967,-0.03947592433,0.02727647974,0.003760770365,-0.000949581047,-0.0003453535641,0.02128669502,-0.003821127399,0.01136509992,0.04572213177,0.0079324583,0.01200833204,0.039797373,-0.03051327611,0.0113683492,0.03961440906,-0.01764391335,0.01313447168,0.027010949,-0.00143205995,0.008232321035,-0.0004198904013,0.04577408143,0.03685511463,0.03284209725,0.04695624677
2021-01-31,0.01313058014,0.02637736232,0.02460707616,0.0276058753,0.01624493706,0.01626184746,-0.03010515246,-0.00492189072,0.02641693557,-0.02341845806,0.03425690119,0.009709431442,-0.03201640831,0.03059234764,0.03334368757,-0.01969628294,-0.01954898511,-0.01548032749,0.004486280927,-0.01648705257,-0.02301977662,-0.003493531025,-0.01133872027,-0.01867710684,-0.0002388970173,-0.004722747549,-0.01911739644,-0.02146962955,-0.0177631806,0.005002242128,0.03204720388,0.003060537371,0.03321145825,0.03182602924,0.004323882813,0.01318756215,0.03000112564,0.01160848941,0.006891486369,-0.003382283606,0.001480994859,0.005037877229,0.0006312332683,0.008662986616,-0.008835649814,-0.02635484269,0.02491444276,0.03107958772,-0.01246148578,0.03081598586,0.0340194798,0.02447939159,-0.009219299867,-0.007510868211,0.007746301499,0.005883405873,0.03239478867,0.03390804489,0.01453924546,0.03607754711,0.01615590291,0.008210913122,0.01169652329,0.01441801537,-0.01926957911,-0.02671728948,-0.01697836126,0.02333976248,-0.02151927956,0.02399620186,0.02521661297,0.04104269459,0.03919437205,0.03739329314,0.02963237238,-0.03224504635,-0.03546406557,-0.01142732433,-0.01264695955,-0.02731502818,-0.02869879067,-0.00434127147,0.001662602331,-0.01086894329,0.02261003351,0.008428985087,0.01268490279,0.01046277921,0.01441801537,0.002317463856,0.007947003048,0.0303973965,0.01337509725,0.02212543115,0.005730818528,-0.01578441245,0.03145854581,0.03009300607,-0.03632287193,-0.0108553299,0.008851242838,-0.004716569137,-0.0086037561,-0.009865186995,0.03377102415,0.03008265877,0.0326959093,0.03191999727
2021-02-28,0.006081101528,0.008267799076,0.006706446761,0.0234208884,0.0113035198,0.00837426412,-0.01293839359,0.004401379644,0.01902941822,-0.006743540823,0.03240768024,-0.01027728301,-0.01809603827,0.02599810095,0.03049840985,4.483178205e-06,-0.002636994416,-0.008545439645,-0.01724616725,0.005056728131,-0.01299082085,0.01190565326,0.008528907398,-0.01791967724,-0.01664445752,-0.01367684072,0.003088643266,-0.01429654835,0.003693003296,-0.003589234043,0.02915053063,-0.01354346279,0.03061701332,0.02692675166,0.02410074982,0.00527583892,0.02570131719,0.005825022811,0.01292560271,0.000100944857,-0.01348647457,-0.004274770555,-0.0196353068,-0.009467293546,0.004863777357,-0.002826857554,0.01852808017,0.01995335242,-0.009239376549,0.02708237789,0.02974673501,0.02102030345,-0.01808270237,0.004091177991,-0.001304005958,0.0007727171074,0.01645206651,0.02080727167,-0.003355321791,0.03057589368,0.00526479039,0.01616574843,0.01579316112,0.009641127242,-0.01662094944,-0.01952665428,-0.01094310667,0.021017557,-0.008737382428,0.0217493752,0.01024356717,0.03133141241,0.03047052352,0.02777022242,0.01489729738,-0.0238606407,-0.02809801567,-0.01059328031,-0.00972098496,-0.0161978279,-0.02576831013,0.024884634,0.02371408034,0.02377691332,0.004690756189,0.001082535447,-0.002028160301,-0.002426657591,0.01067614152,0.002820524531,0.01326172711,0.01692217173,0.009630210367,0.01126928633,0.02043610329,0.01470191804,0.02903088893,0.0258457381,-0.01710256235,-0.005087235049,0.008705891061,-0.01257281783,0.005419207802,0.001919721848,0.02917094447,0.02031762344,0.01677808014,0.02929400213
2021-03-31,0.003798087515,0.006849401832,0.005350762426,0.01712387595,0.005367372801,0.004882121596,-0.007785584976,-0.0002366649719,0.01087558742,-0.00805899136,0.0155308454,0.006565593928,-0.005392296848,0.01151222963,0.01680505997,-0.003319549445,-0.005547119708,-0.009788121502,0.004431818805,-0.00283610235,0.001624543048,0.007988979666,0.001331022691,0.00216455598,0.002181506656,0.0007045508728,-0.004461415066,-0.005535971654,-0.005393937351,0.006022469121,0.01350131721,0.0005248064728,0.01605277769,0.0128691654,0.008074115397,-0.001707176637,0.01108054625,0.004526610905,0.001619232884,-0.001486279529,0.002826282495,0.004387897504,-0.007197823308,-0.003981424935,-0.004972154869,-0.002080374441,0.005006463097,0.005275526704,0.01090011567,0.01727429601,0.01658488241,0.01486501644,0.003368140768,-0.0008474166284,-0.001526817448,0.005785333262,0.01700436278,0.01717021492,0.01210355462,0.01698907723,0.003484344944,0.006976877292,0.007888242292,-0.0007068202731,-0.005331511611,-0.007093625891,-0.003426953213,0.003790302889,-0.00172452151,0.006552805627,0.004591156822,0.01848133838,0.01826731896,0.01588415952,0.01092162704,-0.004304713506,-0.008927995536,-0.004066847798,0.01068161868,-0.0004732581041,-0.007104864679,0.003608346549,0.01190416919,0.009386307647,0.007646516471,-0.001413690076,-0.00280372378,-0.003494970328,0.004176533469,0.004892677464,0.008161115318,0.01790906817,0.005626845669,0.00760083641,0.003323412914,0.002354789771,0.005007054218,0.008901306163,-0.003993989757,0.01419815365,0.0161239499,0.003349166907,0.008809068399,0.003468644499,0.01810195713,0.01389019902,0.01358037713,0.01841722171
2021-04-30,0.003490971872,0.004454883624,0.004041769494,0.004231108493,0.001565531882,0.002021902432,-0.005436022588,0.0001461858694,0.007344722205,-0.003547245809,0.01280927469,-0.001935163957,-0.008232183937,0.01140044989,0.01169039866,-0.001195676489,-0.002722703818,-0.003494400039,-0.003409693757,0.0004196217431,-0.001646110709,0.006095049032,0.003373709826,-0.003910608469,-0.004151190894,-0.0002242846212,-0.001773551931,-0.004703902067,-0.002242801837,-0.00399686905,0.01153619423,-0.00336122006,0.01182285096,0.01163187224,0.01062987624,0.002682580516,0.01140929293,-0.001653891032,0.003790570285,-0.002423000024,-0.002496936178,-0.003372838423,-0.002328213651,0.001271478082,4.836212494e-05,0.008351483216,0.005327267323,0.002312297793,-0.00132008095,0.009608800004,0.01081899955,0.005473803283,-0.003942911383,0.00577894137,0.0006584896317,-0.0003104546694,0.008287714323,0.009051025005,0.001174156019,0.01323176438,0.01228941625,0.01103114748,0.008008767539,0.00471934913,-0.005493601267,-0.007485523358,-0.01142509834,0.01085976505,0.01099488138,0.01067233002,0.003752863211,0.01400388399,0.01357707441,0.01295708371,0.005442131428,-0.008984591792,-0.009495566546,-0.008341517134,-0.001113899373,0.006483395711,0.001072644508,0.01142965608,0.01041939708,0.01102894444,0.004239688248,0.001264593665,-0.0001597707727,4.873166923e-05,0.004714690698,0.0003370833789,0.0001653442355,0.007676391038,0.002873077254,0.002878303825,-0.00321816708,0.007785200975,0.002728507812,0.01062437748,-0.005065978965,-0.001010448975,0.002960575729,-0.00409940618,0.001331264234,0.000710050675,0.0109429583,0.009415582001,0.006793098182,0.01075748239
2021-05-31,0.003087757275,0.004994704587,0.004551937098,0.006015912854,0.001983815355,0.001852929751,-0.001617025699,-0.002911129863,0.005446543976,-0.001181077659,0.007244598306,-0.00375623632,-0.002988881859,0.008509311734,0.009298281963,0.003251590959,-7.467563593e-05,-0.003182126404,-0.0009664310992,0.003703838972,-0.003203678241,-0.001988623929,0.002308048245,-0.005318264599,-0.005514519496,-0.003193542802,-0.001243018727,-9.54729778e-05,-0.00120778169,0.001719462974,0.008471212722,-0.00100958896,0.009303334609,0.005172092107,0.008146878549,0.003805491571,0.008503656486,-0.0002079632946,0.00584864249,0.002909533612,-0.001256915515,0.002074407541,-0.00355139024,0.001676414839,-0.001458353441,0.001368124396,0.002751018229,0.0007355867663,0.007540410297,0.002799510224,0.003663824467,0.003649375678,0.005096503346,0.002490928793,-0.002042533008,-0.0004286801963,0.007776787409,0.006945155562,0.008066981767,0.007239583569,0.004701359959,0.002528515997,0.00549013267,0.00382407283,-0.00437658421,-0.006130604761,-0.005059095034,0.0009477676907,0.004410364986,0.003517927284,0.002334644299,0.006718072016,0.006542450182,0.00683594795,0.003332276367,-0.002107671831,-0.004375260638,-0.003447197363,0.007397390218,0.005610364528,0.000947194985,0.004096441827,0.007269957923,0.006878425013,0.003859510855,0.001328233443,-0.000664062019,-0.001831974807,0.004705524088,-0.000379602671,0.0003687770269,0.008573891001,0.002531193008,0.002717698946,0.0005025466515,0.005969500839,0.007081507986,0.008568046658,-0.00076901525,0.007560280535,0.006078059112,0.005419248392,-0.0001386085012,-0.0005415859361,0.007010856504,0.004667197903,0.006677112562,0.004145167038
2021-06-30,0.0003963822421,0.003114294744,0.003731957499,0.01046027931,0.002189322501,0.001527528014,-0.0002915410822,-0.006373158676,0.006484247409,-0.0008806437177,0.01255480734,-0.0013797388,-0.0008209578534,0.01917253287,0.02100487036,0.004145886199,-0.0004486502616,-0.002762080938,0.003748926685,0.004045348101,-0.0006998826133,-0.00452404753,0.004029858762,-0.006591675889,-0.006497609664,-0.003998994056,-0.0002057285254,0.0007449549575,0.0003973085098,0.004111872154,0.01770283323,-0.005113293782,0.02073087903,0.01351687765,0.01728154174,0.01225422549,0.01895754662,0.003627137169,-0.0007117611435,-0.00295735446,0.004300209144,0.003610887414,0.004058021319,0.009636339797,-0.0004814752269,-0.007229916753,0.00587808103,0.005509069595,0.01448704867,0.01588349682,0.01650044634,0.007152585314,0.008533700969,0.002080569738,0.0007693407088,-0.003998614773,0.01439817935,0.01286168443,0.01427513532,0.01567374686,0.003481748104,0.00117015029,0.003790987336,-0.0104513756,-0.004556803018,-0.006545738015,-0.005790190252,0.007013788127,0.008835332356,0.01130752768,0.002857927889,0.01754305599,0.01811491648,0.0189431328,0.001521115135,-0.00443899801,-0.004832488917,-0.007402219851,0.01432523791,0.01440078323,0.003228767685,0.007907679852,0.003864868555,0.01425413829,0.00369672984,-0.001685598831,-0.0002020519852,0.000558259918,-0.003053668462,-0.007674698687,-0.007427270716,0.01628830714,-0.001752110904,0.0008292585123,0.000734911587,0.01374971582,0.01043382578,0.01041856296,0.004557643949,0.01427487225,0.008135023643,-0.006366725706,0.0003607786639,-0.005976827315,0.01679008922,0.01476271732,0.008391338211,0.01701451894
2021-07-31,0.00113147425,-0.001337781306,-0.001392867462,-0.00769520312,-0.007635881606,-0.005873238264,0.001815010911,0.005470934908,-0.007051156252,0.003849106844,-0.008542826057,0.000924960794,0.004274267839,-0.008360857816,-0.01005695943,-0.002310730118,0.002745364192,0.006090981274,0.001506979909,-0.002880807531,0.004895618097,0.001352923918,0.0007255251144,0.005145526126,0.005245153843,-0.001088584013,0.001951863967,0.003231759583,0.002741708361,-0.006658795691,-0.009746501738,0.001834977464,-0.00975406397,-0.0064232064,-0.004845913164,-0.002936753605,-0.008232008645,-0.005800931014,-0.001891429947,0.002391072087,-0.000770566999,-0.004210442779,0.004277028607,0.002412617787,0.002934908813,-0.001738916514,-0.007834613501,-0.00356677,-0.005551504286,-0.009127409993,-0.008930477131,-0.006919417828,0.0007093949625,-0.003539488469,-0.001310675024,-0.00360047397,-0.006608564316,-0.006946185335,-0.004085744784,-0.009503448993,-0.004655875002,-0.002679123561,-0.004476928088,0.0009835084055,0.00485992454,0.005572097534,0.005327238349,-0.004394389518,-0.005897687872,-0.005116476006,-0.0005419940596,-0.009169950412,-0.009734963442,-0.008990684198,-0.003209480208,0.003749536337,0.003335602943,0.005429591891,-0.005465387806,-0.008813651261,-0.0004184911842,-0.003968519618,-0.003831388747,-0.01059068092,0.0006078425865,0.002709647545,0.0001622266394,-0.001589129107,1.9862068e-05,-0.00382766657,-0.004968365543,-0.008388712101,-0.001673025783,-0.002326728279,-0.003610397669,-0.00768621278,-0.004429568755,-0.003763351379,-0.0002171510775,-0.006027813824,-0.006656128494,0.0005539892227,-0.001165446978,0.001472369854,-0.01034151268,-0.009034216989,-0.004530809969,-0.0105175396
2021-08-31,-9.481536174e-05,-0.000371752492,-0.001063419117,0.00369864675,0.001373727907,0.001058874986,-0.002187369093,0.003703609191,0.004509939264,-0.001558951274,0.008290143823,-0.0004916675243,-0.004144974203,0.004506067642,0.005389396701,-0.001725219126,-0.001004012697,0.0009890106552,-0.001226147495,-0.0003964038541,-0.001304860021,0.00140325955,-0.0008603173776,-0.002998225116,-0.003114453323,-0.009500112711,0.002246698767,-0.001679826212,0.001649522454,-0.0006887694473,0.004535801081,-0.00162173008,0.005401402239,0.003563697388,0.004358641636,5.433614852e-06,0.004466177452,0.002347213989,-0.0005224331234,-0.001573810706,-0.007545179721,-0.0007348520584,-0.006291820228,-0.003839282704,0.003673619039,-0.006516514018,0.00652558577,0.001472779236,-0.002367827201,0.005681134017,0.005500923237,0.004028392132,-0.009466054119,7.667682439e-05,0.003544036678,-0.00376041931,0.000929215005,0.003505028698,-0.003825504782,0.006451057032,0.00366008186,-0.004977785973,0.0006542119999,-0.002147222071,-0.002103738273,-0.002386240879,-0.004818457118,0.002989092663,0.004830201741,0.002409380175,0.001100793458,0.006898427564,0.00686778571,0.005900868292,0.003134412797,-0.003171187978,-0.004877674576,-0.003641073683,-0.002493933979,0.004008359004,0.003059673641,0.0001214128931,0.005599843359,0.005966095932,-0.001349081511,-0.000229096178,-0.0007344980985,0.002385826086,-0.001646231842,-0.00483902129,-0.004267169235,0.001775757239,0.003160038772,0.003674899376,-0.002614471647,0.003273369581,0.004903759014,0.004674145112,-0.003158422468,-0.001495087673,0.003549721049,-0.003403015029,0.002221794792,0.001004672344,0.005745273218,0.005304700807,0.001780030181,0.006340046098
2021-09-30,0.002479723298,0.003714265886,0.002440745824,0.008057668805,0.004169802444,0.001765380943,-0.002709468601,-0.001575734092,0.008134451824,0.001843464104,0.01233285351,-0.009754049307,-0.007901243214,0.008210888635,0.009933079591,0.004051555711,0.002479071636,-0.00122198635,-0.00933797115,0.006293642592,-0.003407301744,0.003541244813,0.005876715335,-0.006558130846,-0.007435889139,-0.004627104967,0.001961543323,-0.003336339757,0.001802109064,0.0008395996647,0.01134931557,-0.0001318923087,0.01019773064,0.006478199959,0.006396712543,0.0005900297011,0.007856426887,0.004356054849,0.004489001879,-0.0002687155601,-0.008755130815,-0.001886038948,-0.01078322951,-0.009151738056,0.003066950387,-0.008154154961,0.007027520323,0.006570800917,-0.006340922365,0.01392680823,0.01412567292,0.008250545411,-0.01185152023,0.0001042309635,-0.0004040405128,0.0007909391403,0.007900836097,0.01090716599,-0.003930359877,0.01327474057,0.007169325372,-0.006802871923,-0.003328401013,0.007753912162,0.001337201085,-0.004098569336,-0.005346528752,-0.004570448415,0.01034256199,-0.003498262197,0.0008195491158,0.01508086801,0.01486872293,0.01374353399,0.00780092448,-0.0002928720924,-0.005326007553,-0.01000971346,-0.00657885161,0.009530692816,0.009262304071,-0.004201137215,0.004786948461,0.01114822863,0.002790398915,0.0006261840272,-0.003068918711,0.0003018991524,0.007381647191,0.001328334186,0.0005295498308,0.007582221688,0.006357623116,0.006948928454,0.002969800169,0.006386511476,0.00560193747,0.006934258349,-0.009313324796,-0.005253082373,0.00388984662,-0.004171183643,0.00338099813,0.002620524179,0.01099957365,0.01226813761,0.008150281984,0.01376519604
2021-10-31,0.002088183739,0.007305356278,0.00823897297,0.006311132013,0.0007755060807,0.0007387248145,0.003591304923,-0.007080987255,0.002238019708,0.0007070577652,0.004059310678,0.001135882183,0.00666493656,0.01332703756,0.01404143956,0.003878535935,0.00194532944,-0.001532962983,0.003769201006,0.002450602602,-0.0008871842992,-0.006975110915,-0.0009581135164,-0.00390852945,-0.003331853974,-0.004333063483,-0.001691772242,0.004499752211,-0.001484035653,0.005079778287,0.0112791233,1.520969146e-05,0.01330299934,0.005066805472,0.01223226323,0.01220456187,0.01317908346,0.001407000172,0.0002239204445,0.0001554906769,0.007323879083,0.005412917369,0.009153381985,0.01172719427,-0.003460910332,9.632917799e-05,-0.0001334372187,-0.003806026168,0.02206339779,0.00821067907,0.00908163726,0.001730211144,0.01598360904,-0.00362108502,-0.001001205899,-0.002061050155,0.01616300805,0.01220419895,0.01875766381,0.009502767472,0.003116117059,-0.002532314681,0.00428765462,-0.00261566057,0.002079983681,0.0005028786265,-0.002287723417,-0.003348006884,0.005114694178,-0.003954112637,-0.0005541513298,0.01003847321,0.01082915929,0.01132729527,0.003616524411,0.003595728445,0.002196080957,-0.0008262552742,0.02213632075,0.009316904739,0.008807590464,-0.006826127941,0.003908139947,0.001094036467,0.009281011177,0.001629550688,0.004030676906,-2.598362076e-05,0.003048059785,0.003236741728,-0.000675539263,0.01777208657,0.0008503149381,0.0008171570044,0.00043236997,0.009895025873,-0.007620304736,0.002129289555,0.001026607925,0.02147360402,0.01157611824,0.00331374762,0.005121893684,-0.0007467233991,0.01057984302,0.009439396996,0.01163234882,0.007729984597
2021-11-30,-0.001435138025,-0.00352317538,-0.002940230079,-0.009773603523,-0.00605316922,-0.004879770849,0.001375692389,0.006221505803,-0.01000810517,0.004145700963,-0.0103162359,0.004106215798,0.002232239767,-0.01439016456,-0.01561482261,-0.00476978355,-0.001391696335,0.003750885313,0.0001783101492,-0.005186443027,0.005063580913,0.003261938964,0.0001216032705,0.00739816393,0.006802593192,0.000499095364,0.002274054129,0.00194011002,0.003686675611,-0.00601181574,-0.01350222687,0.001253240006,-0.01537548783,-0.007868872151,-0.01345213885,-0.008424218632,-0.01434801192,-0.005725001663,-0.001955943233,0.0005915805405,2.944353985e-05,-0.004166880348,0.001543807217,-0.003710689327,0.004885741111,0.001275157378,-0.008266569919,-0.0005506423895,-0.01319168165,-0.01017132649,-0.01033345716,-0.007478571363,-0.003466465494,-0.004073408269,-0.001898958694,-0.002430928073,-0.01394853133,-0.01373145415,-0.008899605436,-0.01447958161,-0.007993821565,-0.006183902411,-0.003207284094,0.001969291072,-0.001121887066,0.003974797724,0.007496705079,-0.008333513039,-0.01008351271,-0.006955624892,0.0003831274803,-0.01545746436,-0.0155932808,-0.01456813227,-0.004882276131,0.001651739786,0.002394259573,0.00633433092,-0.01302006519,-0.01539480927,-0.01414647601,-0.005815141639,-0.004911441252,-0.006995495308,-0.009208214645,-0.0004543292403,-0.002993315984,-0.001869366907,-0.001714515069,-0.007645072807,-0.007971407025,-0.01414628308,-0.003866846637,-0.00432951953,-0.005953397976,-0.01216615384,-0.004335312372,-0.006622601408,0.0002086764897,-0.0137212147,-0.01130254282,0.001802994798,-0.0007601490821,0.0041868641,-0.01602256763,-0.0142408637,-0.01040670599,-0.01284154869
2021-12-31,-0.00699805604,-0.01330063833,-0.0128178934,0.006103594596,0.006405322636,0.005613590098,0.001364181395,0.0006450791822,0.005365608475,0.001118074245,0.01488836495,-0.01050825516,-0.01091228917,0.01038908957,0.0116486042,0.004556397857,0.002782525593,0.0002855051564,-0.007162469808,0.00737533159,-0.01067682468,0.001319087616,-0.004405099526,-0.01184169431,-0.009606413219,-0.01683335093,0.00752044538,-0.000793129942,0.006067745757,0.001730890976,0.00918276377,-0.007755217876,0.01157752676,0.001274349796,0.008525488014,0.008046196723,0.01075427847,0.009830854101,-0.006416336083,-0.007115174742,0.002580495338,-0.002733111079,-0.006754431052,-0.005147634675,0.008230743464,-0.0124810304,-0.0004535645557,0.01227613919,-0.004369107937,0.02021690826,0.01724627863,0.009559825085,-0.01001542553,0.00512485071,0.01334746297,-0.002161081268,-0.003190443699,0.0005986511154,-0.008971344252,0.009979150842,0.005731120868,-0.01017051129,-0.001176855595,-0.006064544104,0.004221951217,-0.003950046377,-0.004226442529,-0.005576961611,0.01285151218,0.01004261992,0.002271192225,0.01193268876,0.01182542749,0.008728466608,-0.001396557026,0.002528452403,-1.734824585e-05,-0.001618742946,-0.004662867883,0.008441666866,0.01009867865,-0.003811750808,0.004218467928,0.005420746953,-0.008195596665,-0.00670263056,-0.002185854451,0.01234728654,-0.008462049462,-0.0001217841118,-0.007807243931,-0.0001927135712,-0.007237834124,-0.007232970526,-0.00371593623,0.006265389632,0.007501179259,0.005946902482,0.005828514762,-0.002367048693,0.001735552119,-0.01508375603,0.005973816828,0.003183385541,0.01287256801,0.01172662263,-0.005396212679,0.02186958106
2022-01-31,0.005576880168,-0.001502710135,-0.002047928429,-0.0122737972,-0.003280776541,-0.002958882076,-0.0008716700201,0.002655696029,0.003704988184,0.003302120011,0.000785910693,-0.009571181564,-0.009612850324,-0.01226659176,-0.01196880071,-0.001130384951,0.0002530826431,-0.002830977558,-0.01148554845,0.00248372057,-0.004758439373,0.00824042756,0.001888829318,-0.0029545701,-0.003143763891,-0.001174456589,0.003251242736,-0.008738196986,0.003159616063,-0.007806890714,-0.001768102936,-0.002149031269,-0.01107065838,-0.002713493765,-0.01024580694,-0.01020268664,-0.01278321658,-0.005553892114,0.001693599939,0.0006746709719,-0.01071298123,-0.00807155686,-0.0110732016,-0.01239544546,0.007269670708,-0.0103420449,0.001728028182,0.002738911534,-0.0257677966,-0.001014068389,-0.0003430386243,-0.007945148351,-0.01824982351,-0.007283710249,-0.001360219629,0.00165524576,-0.0143592441,-0.0115447699,-0.01994953211,-0.006021261169,0.006692502228,-0.005006084737,0.001659545098,0.002315227592,0.0004803600315,-0.003136561923,-0.002005974267,0.00405147687,0.005413035005,-0.001945411878,0.002009244064,-0.005894371213,-0.006353689059,-0.005922831764,0.001696334073,-0.001965946789,-0.008827654934,-0.004049969446,-0.02583415302,0.00573932261,0.01065661685,-0.002249617895,0.008173527282,0.003457690378,-0.00192714119,0.003660491898,-0.001384703681,-0.001699692518,0.0009258426362,-0.0006805289267,0.000699297036,-0.01889175135,0.005331666331,0.005613918449,-0.002339134921,0.00394501288,0.00581385894,0.00883932466,-0.01546648518,-0.02528114103,-0.008481547731,0.006326742378,0.007288295946,0.01318671868,-0.009911580031,-0.008147664546,-0.006023754356,-0.003960978699
2022-02-28,-0.002471093976,-0.01226625886,-0.01195268891,-0.004082958763,0.003810281748,0.001616423329,-0.004461603463,0.006787703713,0.004452666074,-0.001931063947,0.00575765944,-0.001784602076,-0.01126175698,-0.01431208367,-0.01319530109,0.001471065506,0.001450861167,-0.001222401442,-0.006255631575,0.004171274555,-0.01120914854,0.00291096928,-0.003932751652,-0.008071494686,-0.008105133774,-0.00290006443,0.001290809566,-0.004202885261,-0.001762558773,-0.001362363385,-0.009117001493,0.001699813952,-0.0122775456,-0.006917038492,-0.01192107297,-0.0108875307,-0.0131462737,0.0005545741096,-0.001225137796,-0.002202413755,-0.01529649396,-0.006223829141,-0.01962152459,-0.02108080952,0.003737218093,-0.02087129356,0.00807671532,0.005808416878,-0.03582068009,-0.001043109315,0.0006334505998,0.003326260356,-0.02586915663,0.005658790368,0.008805285818,0.002360268934,-0.02522504416,-0.02149570594,-0.0278691912,-0.007544876375,0.005310203614,0.01553690962,0.01114617688,-0.01100014262,-0.002386443503,-0.004032838643,-0.001899251208,0.01079713179,0.004964192855,0.009691355794,0.003801282521,-0.005376966587,-0.005852725102,-0.008053686907,-0.0003378350243,-0.006766488301,-0.009743362402,-0.00388562068,-0.03595672035,0.005547923706,-0.0008997953404,0.01948272325,0.01684460656,0.005576789067,-0.01806854321,-0.01155947055,-0.0006068377734,0.002926849269,-0.01353508909,-0.004335270594,0.009920700382,-0.02594289063,-0.005470286319,-0.005373715722,0.01776519796,0.002997282666,0.00987197041,0.007175580669,-0.003794816448,-0.03607002999,-0.01570325164,-0.005538262566,0.001780554866,0.008396928888,-0.01147750657,-0.008208966149,-0.01790719366,-0.003583830583
2022-03-31,0.001208688641,0.003377979191,0.003296752892,0.01389402083,0.01061463063,0.01090792577,0.004305157042,-0.006685033606,0.007765566937,-0.001078153896,0.007220458809,-0.0008605364565,0.005645988017,0.0219248529,0.02524527604,0.008828207976,0.005374112733,0.001580564544,0.005127611069,0.01057067819,-0.00919854396,-0.01354346224,-0.005551884689,-0.01162066692,-0.009992921466,-0.01050891647,-0.0003831447491,0.002903038732,-0.0004887501226,0.01340298664,0.01661345989,-0.01038985689,0.02429881712,0.01186552933,0.01873885779,0.01191461981,0.02197255383,0.009120998058,-0.001098414348,-0.002309418429,0.005603415564,0.00812507384,0.004296889485,0.01040446968,-0.005842127063,-0.005540634318,0.007189307467,0.007743665047,0.02775939156,0.02255602938,0.02069053864,0.009841875101,0.01523632824,0.01391630794,0.001557549577,0.009087093691,0.01704941554,0.01561934594,0.01795056314,0.01805560354,0.01299440206,0.006125825859,0.006665081068,-0.001807195731,0.009146985907,-0.0008675052495,-0.003910441638,0.0005941795138,0.01165923898,0.00690485683,-0.0018268645,0.01750121986,0.01835138541,0.01707818351,0.004501964446,0.006306227235,0.005707002431,-0.005023068949,0.02759161288,0.005891437304,0.01278725266,0.001489094487,-0.001280714674,-4.988896509e-05,0.002957670698,-0.001997104625,-9.815017071e-05,-0.002482118312,0.003453830332,0.01771605169,0.009601744025,0.02062223767,0.0009993878124,0.0009398783887,-0.008309478842,0.000467064364,-0.008661257457,-0.009879273075,0.003688774351,0.0267532656,0.01943870484,-0.0001986536778,0.01198496308,0.004389076024,0.02383829764,0.01903400264,0.01037949106,0.02416382896
2022-04-30,0.009517300347,0.001891173077,-0.0005978537329,-0.01580434654,-0.01093184083,-0.01160946176,-0.007017032935,0.009942785562,0.01391038882,-0.0007096264006,0.003214471143,-0.009417551382,-0.01494279364,-0.02144648192,-0.02225615736,-0.005645073182,-0.002320169943,-0.004903502421,-0.01251014694,-0.002529823264,0.0007234812832,0.01945939688,0.005955905127,0.01000495268,0.008586813951,0.01372384593,0.00334725126,-0.01650589605,0.001198520989,-0.01544871091,-0.01237603497,0.0005150568129,-0.02057999489,-0.00943218551,-0.01733842516,-0.01641891099,-0.02161993013,-0.01219792572,-0.0002761119823,0.00194837424,-0.02321950002,-0.0205541573,-0.01635484228,-0.02574999242,0.01084703964,0.02779991305,0.005843469998,-0.00971564268,-0.03554152918,-0.008475178357,-0.007431572873,-0.004174758395,-0.03631321836,0.001039978417,-0.003080145834,-0.004809147381,-0.02021984246,-0.01098608914,-0.03200337055,-0.009776407538,0.01029781339,0.02360209523,0.01740758903,0.01505541749,0.001042624818,-0.0008951243257,-0.002247975492,0.009127700199,0.007690865652,0.01625843975,-0.001944179715,-0.004225507074,-0.005586384917,-0.007329760576,0.006967136763,-0.01487543492,-0.007278862552,-0.0008909172984,-0.0356389809,0.02448503578,-0.0003834248353,0.0377674636,0.0257862791,0.02857159747,-0.0003183321275,0.01245771109,-0.001407787178,0.0005573937467,0.003192802751,-0.01001283628,-0.01016915123,-0.02923488957,0.007315144371,0.00611560797,-0.01504969619,0.01909500388,0.02056677426,0.02131121431,-0.0252190301,-0.03414934726,-0.008391869565,0.008979789984,0.001369309958,0.007722709343,-0.01578603702,-0.009267285696,-0.005907229368,-0.009479573872
2022-05-31,-0.004373508259,-0.008094057683,-0.006983465517,0.002901368414,0.002125391286,0.002317075621,0.009721393552,-0.01034858655,-0.01572292481,0.005567342903,-0.0131485979,-0.004319494096,0.01306429697,-0.008166068709,-0.005795190623,0.007832540897,0.01094059728,0.007953819263,-0.002413634525,0.006379463505,0.002445195973,-0.01079421411,-0.002411026919,0.0005499036505,0.001686504637,-0.002467220401,-0.000665231601,0.0118344206,0.002145315739,0.005657600977,-0.007161555487,-0.007600967816,-0.007310073737,-0.007862393987,-0.006341723069,0.009993365399,-0.007723792524,0.01103442063,0.001067435926,0.0006247593328,0.01081147269,0.00627729744,0.01648439372,0.01568487441,-0.003807945459,0.006508200779,-0.002851909809,0.003539482205,0.006783608682,-0.02103566361,-0.0223519406,0.001068787048,0.01479138075,-0.007786113537,0.003119922051,0.00600759311,-0.003688317446,-0.007511457657,0.01174148558,-0.01036858449,0.01017076177,0.005849432064,0.002278004117,-0.005804255685,-0.009453582886,-0.00557409429,-0.004609199384,-0.0004518128537,-0.005958550026,-0.0009632458662,0.001888121841,-0.01536019493,-0.01407121563,-0.01063496442,-0.008074762751,-0.006981139658,-0.003426971979,0.002926671821,0.00635513826,-0.004348390525,-0.00618070969,0.00153024481,-0.004756258658,-0.004153946866,-0.0103549072,-0.01421563513,0.003560382113,-0.003030366016,-0.005476072511,-0.002386535845,0.0008696106648,0.004353140169,-0.003763855551,-0.004003562241,-0.01412465875,-0.01685900259,-0.01413313996,-0.01226892826,0.01493105035,0.005901490082,-0.004811946088,0.0006474661759,-0.009185177197,-0.008133858631,-0.005417848645,-0.01031889551,-0.007832613228,-0.02087867862
2022-06-30,0.007340921146,-0.002506792371,-0.002372060525,-0.03027958895,-0.02046431955,-0.01382543874,0.002840334512,-0.0004161672519,-0.006159215176,0.00690247544,-0.02948451859,0.001798591551,0.008885058686,-0.03314661894,-0.03746195114,-0.01165410792,-0.005989706787,0.001883955484,-0.0004435643517,-0.01358467712,0.004224845673,0.006983500243,0.006109971052,0.01511761847,0.01309042319,0.02508756491,-0.005224264867,-0.002762820567,0.002894577016,-0.01821318585,-0.0171034638,0.01419635542,-0.03777284038,-0.02280709905,-0.02609857308,0.0001186355863,-0.0371033441,-0.01771461637,0.0008647147876,0.005325260659,-0.003120496959,-0.007874481898,0.00879887912,-0.0007633761395,-0.0008886266569,0.03590272578,-0.001394070921,-0.01799851649,-0.01978197611,-0.06071395499,-0.0573449376,-0.02206962698,-0.01939136766,-0.005029881238,-0.02441626658,-0.01974167877,-0.03370820147,-0.03807687598,-0.0235495722,-0.03711862315,-0.007892258264,0.00542172014,-0.01209659544,0.03016305814,-0.0230527624,-0.008459220164,-0.003708592501,0.003810539944,-0.01189025464,0.002792343951,0.002293968291,-0.0424394787,-0.04253860729,-0.03556249816,-0.009180395495,-0.01698770358,-0.0002201072074,-0.0003187169987,-0.01907378801,0.001308152876,-0.0141222444,0.00252138002,-0.009132816386,0.0006468916773,0.004024366682,0.008438519475,-0.007950535491,-0.02596069577,0.01155349039,0.02671618223,-0.001450991478,-0.04133903258,0.009029197902,0.007237647199,0.007936740151,0.007708867376,-0.0003737507064,0.0168137872,-0.00192768653,-0.02269857183,-0.02380563668,0.02216252941,-0.01295417158,-0.002192236147,-0.0458140048,-0.04397019855,-0.02286205409,-0.06245790941
2022-07-31,-0.01049207135,-0.009739484386,-0.009806084421,0.01771821547,0.009813826347,0.009222325519,-0.001071968666,-0.003218646216,0.00410961675,-0.01063085157,0.01601917366,-0.00819732413,0.006788478252,0.01848528548,0.02136970124,0.01540518146,0.01512307067,0.006027057742,-0.006462847329,0.01059400861,0.01860558741,-0.01405547991,0.0111872071,0.01536910789,0.01804854949,-0.02404575702,-0.002593667169,0.007223114895,-0.01152693155,0.007075103178,-0.01679305319,-0.03269095444,0.02155516748,0.01377499985,0.01361203178,-0.002225428368,0.0227015974,0.02016509688,0.002437401202,0.009138581761,0.008089696865,0.0001798512858,0.007749991431,0.009894567092,-0.009446908773,-0.00955040576,0.01418982716,0.01888643798,0.01668195774,0.03546709904,0.03016296892,0.01673883569,0.01376111706,-0.005624313181,0.0165962299,-0.008305692324,0.01303971273,0.01016869185,0.01559384136,0.01491289648,0.02541547501,0.008488535161,0.01790739392,-0.01629404124,0.01268326111,0.002987731278,0.001578954211,0.0006389959606,0.002088691429,-0.00919028894,-0.003084500663,0.01152007773,0.01484543671,0.01079853692,-0.001052527879,0.009884000989,0.002541203073,0.004991053636,0.01667604145,0.002856134674,-0.01399964421,-0.003456964518,0.001662635233,0.004745829255,-0.01066573705,-0.0197837221,-6.893272816e-06,0.01404367472,-0.005121875699,0.006448671795,-0.01407396814,0.023925471,-0.00454545086,-0.004534718988,-0.04450672059,-0.0196195906,-0.02253096381,-0.02377864961,0.01200180912,0.01698075142,0.008041171658,-0.02065586007,0.008593787434,0.002438225846,0.02374214638,0.02822089989,0.004844240345,0.03616602684
2022-08-31,0.01069313284,0.01416463902,0.01165465963,0.001162711502,-0.0005186795652,-0.004118150478,-0.01299720881,-0.01657424206,0.02225908705,-0.01802258484,0.01376393947,-0.01791607381,-0.02172345499,0.01121968172,0.01181858506,-0.005252590384,-0.01131847427,-0.01682678659,-0.0105719209,-0.0006922283585,-0.0058101917,0.01434097972,0.003072975059,-0.005920718199,-0.007353939112,0.001562813935,0.003568480504,-0.02246888807,0.008979943689,-0.01493832223,0.02135527821,-0.01763214635,0.01223972821,0.01506525313,0.0155355055,-0.01322338043,0.01173621957,-0.01783306337,-0.008737220624,-0.01006833843,-0.02118600683,-0.002783573228,-0.03051460892,-0.01901809093,-0.004289615619,-0.006089127242,0.02659781405,0.0003659683721,-0.004257472226,0.01835725677,0.01605185606,-0.0001796249141,-0.004814723339,-0.01227349786,-0.005614737469,-0.003066972154,0.01237807077,0.01342333823,0.0035772776,0.01753929586,0.0105788042,-0.007258650465,0.0008531893944,0.008779093149,0.0149543608,0.006634137634,0.0002150893092,-0.003699384639,0.006388302832,-0.009143254324,0.0005392084933,0.02025608519,0.01890617392,0.01782696072,0.01175311085,0.01868650824,0.007627904764,0.001642059171,-0.004605967301,0.004993302996,0.004688464591,-0.01173647412,-0.002747494536,0.0007529289755,0.01515660616,0.01521827751,3.148945561e-05,-0.002861948012,0.009702411204,-0.01324159654,-0.01019730096,0.008246852189,0.01391929087,0.0154457605,-0.02549467713,-0.003021402635,-0.008202120468,-0.007198647112,-0.02068393448,-0.002050261676,0.008329378426,-0.0008091808538,0.009050275562,0.008499073491,0.01448139,0.01533395515,0.01618325128,0.01856037717
2022-09-30,0.001507526672,-0.01184137207,-0.01236429524,-0.01164603506,-0.009099831639,-0.008089871032,0.001115307718,0.00600260703,-0.001369269,-0.0001852928227,-0.007739719593,0.005099625446,-0.0008844901432,-0.01751645403,-0.01999479547,0.004797125914,0.007516716987,0.007220710758,-0.01025401066,0.006506246317,0.004675485203,0.00377468766,0.004920854442,0.0009580740607,0.001566441401,0.00871939559,0.002501341673,-0.002310326917,-0.002724418747,-0.006163883167,-0.001476407291,0.01244194687,-0.0183975542,-0.01642492876,-0.01320742966,-0.007603700385,-0.01933591559,-0.01006351884,0.004604633507,0.006200951891,-0.01593134735,-0.01710019213,-0.01095663869,-0.01888475726,0.008949333782,-0.0002614041196,0.01080290912,-0.02534619748,-0.03727950577,-0.01933487753,-0.01780673308,-0.005426825849,-0.02388527477,0.0131616952,0.002379690608,0.0009619782934,-0.02601930167,-0.02317925324,-0.026623911,-0.01960979075,0.01705221169,-0.0006580896831,0.005337996472,-0.002808242507,0.00269253653,0.003632709098,-0.001219645232,-0.002846557281,0.01315438482,0.0006162117584,0.002487793321,-0.01393645266,-0.01581131725,-0.01657010562,-0.005094580653,0.01690511717,0.01419528655,0.005925880156,-0.03733711828,0.03107308562,0.02260181825,0.006547941105,0.01716179008,0.03078857831,-0.01196432096,-0.004463012449,-0.0006958129855,-1.917420575e-05,-0.007106224814,-0.007035121703,0.0008584009857,-0.02903483698,0.0002867815584,-0.002000320583,-0.003866988524,0.02482439044,0.02613745859,0.02612321179,-0.003463191284,-0.03750931439,-0.02198369515,-0.003911589359,3.385331423e-05,0.00504443495,-0.02594705872,-0.02143750669,-0.0166485253,-0.0185834102
2022-10-31,0.00041572686,-0.01232159434,-0.01185762533,0.01422381221,-0.002542522859,-0.004897881545,0.01183299322,0.006431619366,0.006395458737,-0.001661671722,0.02693082685,0.005336497852,0.005222076127,0.01859379018,0.01963282987,0.02676977482,0.01715630352,0.008498920005,-0.01407380125,0.02744271801,0.01009152772,-0.01635199259,0.01033324811,0.002866987426,0.00793827701,0.001561676778,-0.001552337949,0.01671288669,-0.01847947122,0.01428766459,-0.01304983137,-0.01328849409,0.02176679681,0.009606908165,0.01680233444,0.02252549845,0.02237849274,0.013432142,0.01018820249,0.009390981151,0.0003743852372,-0.01193754166,0.0001736725871,0.0005240285118,-0.003637441766,-0.004537938605,0.00540261971,-0.0019483871,-0.008410749403,0.03326519136,0.02894988645,0.01707574281,-0.002803394381,-0.01079084357,0.01034346583,-0.003460071015,-0.00486052222,-0.0009164737611,-0.005151575007,0.01612791451,0.01489858337,0.008539696492,-0.005189250139,-0.03464416944,0.01322982407,0.01539089224,-0.00535273991,0.003233440785,0.01425232156,0.01918119764,-0.001052553607,0.01545564092,0.01751608912,0.01584008034,-0.00309824937,0.003640646637,0.009598345062,-0.0004263784706,-0.008983805594,0.01382940074,0.01564390889,0.02791181268,-0.009936128841,0.01066673209,-0.01713567385,-0.01463395792,-0.0002292215961,0.008158641943,-0.02951933929,0.01253969285,0.006283136463,0.0009562493044,-0.006642208314,-0.009167268669,0.002531413986,0.004642684094,0.02779297935,-0.004101706685,0.01094844944,-0.007500357827,0.003998382821,-0.01975552594,0.005504811445,0.001763458544,0.0181281961,0.02639321332,-0.00859127316,0.03297409924
2022-11-30,-0.0002198601839,0.01190522371,0.01241318336,0.009017274033,-0.0006056922916,0.009770864953,-0.006421357123,-0.0371185203,-0.008392576844,-0.01750772345,-0.005134838171,-0.002389257407,-0.008214146134,0.01057019248,0.01378372915,-0.001136991605,0.01014808551,0.001262895902,0.01763409072,-0.0111258339,-0.01641209503,0.0005957803856,-0.007206693,-0.00649684325,-0.008074567756,-0.01809447088,0.007503760593,-0.01937918938,0.02134546658,0.009774217505,0.01591923226,-0.0387978988,0.01094954449,0.0143640111,0.01615724209,0.008521372608,0.01167399795,-0.0042222231,-0.009816689212,-0.008627652075,0.02047783844,0.01849578965,0.02250182128,0.03403828277,0.01592646084,-0.02332351268,0.02296471224,0.02999003997,0.03140062063,0.01100211203,0.005595406366,-0.0001794355072,0.02645318329,-0.01778316627,-0.006012326075,0.006507628193,0.02684942313,0.02072762969,0.02760108005,0.01718910852,-0.01849520805,-0.01813039707,-0.002575478914,-0.01028606312,-0.008381218448,-0.004351018153,0.006843888725,-0.01206074648,-0.01181318702,-0.01085769357,-0.004040223392,0.008771089906,0.01018299279,0.01208031171,0.002666153904,-0.02081066446,-0.01076416899,5.763688499e-05,0.03029258874,-0.03766931857,-0.03127783179,-0.02978127106,-0.02618845097,-0.03632779693,0.02064225535,0.002963082407,0.004039592618,-0.008799124298,0.007422923857,-0.008805863816,-0.01701356858,0.02763567713,0.0003654201374,0.00375932867,-0.03179366528,-0.0315968412,-0.02723216535,-0.03459612103,0.006388695828,0.03239400119,0.02710797296,0.01973735993,0.01990134577,0.0132248283,0.01896547878,0.01143358071,0.01929258315,0.01160616934
2022-12-31,0.005522199906,0.0104911988,0.01049465888,-0.001483042204,-0.0008242099044,0.0003882286154,0.003777958035,-0.003224238138,0.0003781792827,0.0025496875,-0.007593855195,-0.0038082383,-0.003118188398,0.001058993399,0.002231500681,-0.005915835296,-0.002105012561,-0.002845540791,0.007136125791,-0.003610673536,-0.00597314279,0.00161334916,-0.005208488329,-0.004576109373,-0.005741385467,-0.003211351258,0.0006323094023,-0.003147198742,0.004724156976,-0.0009602213587,0.008398132193,-0.003355362458,0.001999862359,0.001730714037,0.007738038652,-0.0004063062864,0.001051065283,-0.0119577799,-0.0001655181452,-0.001613337895,-0.003297166131,0.004118447257,-0.002722764297,0.0001017521852,-0.005262424579,-0.003555165481,0.0006730792285,-0.004859748977,0.01452033825,-0.00177733968,-0.00440105258,-0.003559427872,0.01088013978,-0.001371747598,-0.008850173408,-0.0001301471775,0.01072568407,0.01034839664,0.009205013256,0.003687783249,-0.01213213315,-0.01284554143,-0.00911373917,0.006011015034,0.002641656197,-0.00141595549,0.003058619234,-0.004062270871,-0.0008029884773,-0.005837879237,0.00137728008,0.001470945362,0.0007261500253,0.002044115279,0.00527739563,-0.00162751665,-0.003514798175,7.797178859e-05,0.01431152431,-0.009437509209,-0.007875201441,-0.01109714068,-0.009939226029,-0.009026884153,0.01392989835,0.009660358126,0.003531145338,-0.005603819859,0.006534044864,0.002749010464,0.005970049064,0.0091040355,-0.0006418902467,-0.002981882353,0.01112134749,-0.002274476409,0.001420468234,-0.001861471547,-0.002280364549,0.0143104354,0.01528476502,0.01218773994,0.00727225227,0.004658410727,0.002563933186,0.0006045990069,0.01022088753,-0.005136858672
2023-01-31,0.004319185439,0.01190717519,0.009890936152,0.0149919336,-0.0001066873649,0.0008431106685,-0.004879193192,-0.00985402236,0.01044982548,-0.01120516588,0.01350478915,0.006426820678,-0.004965900236,0.02078774375,0.02185575215,-0.00200828517,-0.005081906572,-0.006428777428,0.0009700473944,-0.005328959401,1.827512878e-05,0.002620635179,0.005819884162,0.001125397751,0.003273201434,-0.00639524956,-0.004835868325,-0.006042760618,0.0009333750254,0.004879026041,0.003805008391,-0.01322204913,0.02283666565,0.01682657638,0.01141003016,0.003976987875,0.02317680416,0.01365674147,0.001391701878,-0.001367247464,0.00102240002,0.004140237909,0.002403480303,0.007565359296,-0.006708830166,-0.004316018689,0.00155303321,0.01804080241,0.01477422192,0.02971321449,0.02766834692,0.006625985226,0.01936053371,-0.01990052251,-0.0006635003889,-0.006579272489,0.02000304203,0.02110959471,0.01889953222,0.02555522574,-0.005404970672,0.003087823505,0.003984129117,0.0006996695577,0.001787673314,0.005874816583,0.000955176453,-0.0006881532334,-0.006458847404,0.006420453861,0.001508783138,0.02313797466,0.02453985525,0.02376643476,0.007231091312,-0.01237866145,-0.002623904851,-0.005418105902,0.01581899532,-0.01971598491,-0.01624283772,0.008713035891,0.002014038875,-0.01928213515,0.01003330578,0.004399165836,0.002784260069,-0.003092651736,0.005297798834,-0.01336152677,-0.009055739029,0.02242581479,0.001402742583,0.0006662947281,-0.004144567302,-0.01550540243,0.01578831153,0.006664309376,-0.001674913007,0.01590966811,0.02198843018,0.005804951586,0.01289190451,0.00905268523,0.02918741781,0.02750090879,0.01597762269,0.02808951212
2023-02-28,0.00167324562,0.006132101013,0.004253459211,0.01056233783,-0.001063072721,-0.002697612507,-0.01891070634,0.001865112689,0.008458866365,-0.02410565071,0.01882463709,0.002311440534,-0.02017168156,0.003643482236,0.002814646859,-0.02254729495,-0.01673151507,0.000511595946,-0.01772634759,-0.02091705363,0.01763470147,0.02082347419,0.02486348531,0.004250298013,0.0008953158812,-0.001864485108,0.002123953094,-0.02857676584,0.0005006387127,-0.01139300223,-0.000183261909,-0.01240721106,0.00538987523,0.005962588707,0.005361303189,-0.01589181171,0.006616624208,-0.00800802484,-0.004906609541,0.0007501111547,-0.02432140513,-0.008731458479,-0.01889691205,-0.01640857187,0.007508348772,-0.01593477354,0.02708525461,0.0007964622874,-0.03123981642,0.01869989921,0.01917843143,0.01286871122,-0.02625262225,0.002824006549,0.01243968731,-0.008765105899,0.004037048538,0.008522247414,-0.01426911272,0.01260586072,-0.01130999609,-0.002918039176,-0.006627474309,0.01204246522,0.000788249481,-0.0004480923542,0.0125297122,-0.01068329418,-0.006383697785,-0.01695948441,-0.007580533158,0.01964135996,0.01769952391,0.0150885003,0.01310660705,0.009206542781,0.001670103653,0.002670014284,-0.03170722512,-0.001892441502,-0.00328439785,-0.02028105463,-0.002940580165,-0.01431900576,0.00845682656,0.004515546437,-0.004007185285,0.009305955665,0.01020700165,-0.01010187912,-0.01193489744,0.002570754698,0.004342287711,0.005846372688,-0.01475307536,0.004589999369,-0.01498634037,-0.008743967429,-0.02698572076,-0.02627032601,-0.001724762974,0.0008934602997,0.000745326548,0.00240310314,0.007625895152,0.01461411466,0.008356258009,0.02225079868
2023-03-31,-0.004704912646,-0.01104678499,-0.008053093338,-0.01165287421,0.005241833124,0.01192880783,0.01084238456,0.005703571066,-0.01330420423,0.01450427667,-0.01507430958,0.005873822553,0.01991026676,-0.007762000981,-0.007720228032,0.01562958749,0.01357467075,0.02036926588,0.0171090174,0.01110202173,-0.007157648098,-0.02000142863,-0.006057240132,-0.007516588012,-0.005732172766,-0.005611513523,0.000932576002,0.01639432556,-0.002580539626,0.009407489132,-0.009414783425,-0.0007732505665,-0.01028165378,-0.006352837081,-0.01057775384,0.01428212091,-0.01199622387,0.00923618407,-0.0004468205534,0.0011628265,0.01807208224,0.0110825802,0.02359598859,0.02109028321,0.01140900049,0.00461391431,-0.003317098195,-0.01141760845,0.006763483042,-0.030805649,-0.03103230475,-0.01069014571,0.005498196431,0.006748808312,-0.004362516099,-0.0007475264588,-0.01883726148,-0.02219508287,-0.0001030623551,-0.02322650193,0.02337853084,0.003010833668,0.01331992933,-0.0008195748636,0.007902787961,-0.002671256702,-0.003645660343,-0.006523120473,0.01752398619,-0.001030927132,0.004298629573,-0.02959590147,-0.02777273118,-0.02505042128,-0.01491595308,0.01430247044,0.006307360518,0.003365949878,0.007608828817,0.02228989738,0.0218724013,0.002376262611,0.0111987724,0.01595693635,-0.01047191342,-0.01169462502,0.003501023474,-0.008474957554,-0.007376020567,-0.01367136465,-0.009345198734,-0.01707978106,-0.01043854177,-0.01489504102,-0.01876592149,0.005943145285,-0.004248408308,0.00334608726,0.0264738859,0.004307296772,-0.01519337633,-0.007486870135,-0.0139472802,-0.01198432159,-0.02393417921,-0.02515676711,-0.01649615734,-0.03308851369
2023-04-30,0.001440374252,0.0003987816715,0.0007113784521,-0.0006883020838,-0.00325945185,-0.005736653777,-0.002324714079,0.001381256278,0.004316050614,-0.0068371169,-0.001409646383,0.000240678374,-0.003580575156,0.0012411677,0.004953116911,0.003181392567,0.005918006388,0.0008207565735,0.00457012819,0.003472720515,0.004830689886,-0.001117606764,0.004710580567,0.003144788271,0.002793558176,0.0001100028045,-0.003091259958,-0.003537310061,0.00287743159,-0.002439928854,0.002121888,-0.004397231006,0.001416190028,0.002112962226,0.001634228539,-0.003012161019,0.002222217994,-0.003623707559,0.0004934959287,0.000759720286,-0.002549452263,-0.001343201084,-0.002811673884,-0.0005447400479,0.003058575808,-8.360976746e-05,0.01070830045,0.001524420716,0.004022458558,0.00677392509,0.005213944354,-0.001563485491,-0.001952947042,-0.007303867074,-0.002220763642,-0.003771177008,0.002193148913,0.002982946313,-0.001851724405,0.003919699347,0.002278356457,0.001424420549,0.000222713727,-0.0004954160222,0.0007174907667,0.002148870705,4.4412529e-06,0.0004438665076,0.002903147377,-0.0004904289594,-0.007785717284,0.004665562298,0.003387515922,0.002771277073,0.001754906148,0.001624439344,0.0003430581058,-0.001394230939,0.005002538883,0.0007562681862,0.001160428515,0.0004347141464,0.002813508044,-0.0004129553298,0.001473092546,0.004619120069,-0.0025085038,0.001145222725,0.0009505855189,-0.00997489003,-0.00871523516,0.00193399604,0.002203550241,0.0004653194114,-0.00722077395,-0.005977962177,-0.005227686709,-0.005437584458,-0.00276250002,0.002018746826,0.004223647726,0.0002254092555,0.007109909157,0.00548098857,0.003326637205,0.003263144557,0.0003663671586,0.007084195265
2023-05-31,-0.001322041648,-0.005672400847,-0.006081860003,-0.001336874606,-0.004296506136,-0.003171402403,-0.003342638796,0.008350516916,0.004292005755,-0.001366730752,0.01114899923,-0.004496318407,-0.00807327331,-0.006851589941,-0.009658219754,-0.007544035395,0.000247110684,-0.002991725844,-0.009670226204,-0.006510709299,0.006478256351,0.006912050439,0.004958342317,0.006815113562,0.006952504423,-0.01139832801,-0.001351539853,-0.006936031649,-0.002930044261,-0.007200955156,-0.002515648077,0.001449452809,-0.007185012272,-0.007806899605,-0.005667420477,-0.01230693012,-0.004894863228,-0.004528509422,0.001767015864,-0.0003828885075,-0.01413272058,-0.008461511918,-0.01345564485,-0.01711184282,0.004088317665,-0.005934380491,0.007216941691,-0.005214702697,-0.01384513505,0.000465915829,9.081564481e-05,0.003343534133,-0.01256992188,-0.001110386362,0.003198899053,0.003336147732,-0.005935964509,-0.004899649116,-0.01037081768,-0.001414292852,-0.001423225712,0.005644422998,-0.001629729521,0.003923606564,0.002441001087,0.001663816444,-0.007187663854,-0.003204120573,-0.0001194440243,0.003268336007,0.0006991156143,0.0001898369145,-0.0003460074956,-0.000546290394,-0.002932377413,0.00555256663,0.003699047356,0.003046646845,-0.01389437917,0.003743357401,0.004258829963,0.00824611149,-0.003844526327,0.004870098456,-0.00466777085,-0.003245937543,-0.00170128268,0.002852169213,-0.0004466373491,0.002420891906,0.002467772967,-0.00681992754,0.003110560124,0.001102241212,-0.0002433238683,0.002454229316,0.005433603683,-0.005161090024,-0.00346564433,-0.01451106384,-0.002779528024,0.001095806318,0.004506328218,0.005352228144,-0.004322405521,-0.002270004328,-0.004660453364,0.00151093389
2023-06-30,0.001362008028,0.004163829397,0.005057505775,0.01628469358,-0.001646233307,-0.001267274757,-0.002608329979,-0.003138694194,0.01352363974,-0.01206167062,0.01018358631,0.001052155627,0.0004908225397,0.02967344789,0.02973213513,0.004983848496,0.002784248365,-0.003365620446,0.008011531342,0.002199928415,0.006127043965,-0.009213937574,0.008647013969,-0.001593497124,-0.0003792815176,-0.008640829911,-0.0006464391513,-0.004477864167,0.002697951865,0.002771660332,-0.002947046463,-0.01050078042,0.03225791805,0.01678959812,0.02514372501,0.006377607618,0.03383483434,0.006170279156,0.001642532795,0.001352957545,-0.0007052409329,-0.000869197969,-0.002012651347,0.006181946878,0.0004112205469,-0.006482385726,0.002258427724,0.02093815398,0.02408341536,0.0349183641,0.03329478963,0.01088968657,0.005661951044,-0.008284670133,0.007280092201,-0.007452205125,0.02297575293,0.02268595406,0.008918909825,0.03058402312,-0.00856170662,-0.008076449103,-0.007012436366,0.001687544471,0.0007864843665,0.002883946012,0.003678729382,-0.00385877125,-0.002284325846,-0.002175598993,-0.003881553304,0.02943079544,0.03021645264,0.03071574475,0.005779017745,-0.01422533851,-0.008668338182,-0.008074428487,0.02329350604,-0.01017353862,-0.008408003054,-0.009659924733,-0.00293329898,-0.006115986832,0.004424581926,-0.0002309685218,-0.002857135851,0.01164678479,0.008217144883,-0.0009552367635,-0.006284596113,0.02657753916,0.000497743652,0.002066375756,-0.005949660387,-0.006386854038,-0.0128549455,0.007260044246,-0.0007504404551,0.02597016203,0.02246069545,-0.001723117247,0.01067582937,0.002979665896,0.03417636523,0.03319073049,0.01421894886,0.03007719362
2023-07-31,0.0008600539464,0.002755164342,0.002487731605,0.005092970602,-0.002125693438,8.571489936e-05,0.0002012252515,0.001880462318,0.01207563266,-0.005720580068,0.007749932999,-0.002910605747,-0.009946315859,0.01306045835,0.01317760318,-0.001960756541,-0.002849547775,-0.005847854146,-0.002123370661,0.000767231119,0.001732369304,0.00043619399,0.005647521414,-0.0008838415715,-5.692202738e-05,-0.001806848697,0.0003719664178,-0.003045403263,0.001399098569,-0.007127600697,0.002122119665,-0.003912043286,0.01376000048,0.008742762282,0.01348476329,0.002061503577,0.01529127667,8.428545262e-07,0.001662202664,0.001398655478,-0.004123705825,-0.006009832346,-0.005995379009,-0.001003517668,0.0009745321278,0.001857165888,-0.000353713831,0.007099487807,0.006970316598,0.01930356183,0.01796082131,0.004310922591,-0.001324892855,-0.006567111195,0.002527570048,0.002066509744,0.009473131118,0.01034939678,0.002211260308,0.01638812038,-0.001008744874,-0.001438606539,-0.003986394221,-0.003492936999,0.001342414506,0.003379847024,-0.001412855807,-7.954605575e-05,0.003805371805,0.004283456145,-0.002787729337,0.01752466609,0.01774987423,0.01785073647,0.001177342775,-0.008310530525,-0.004441415967,-0.007462389781,0.006558001657,-0.001196927231,0.001152631847,-0.001277704639,-0.005480705493,0.001670413798,0.001972591751,0.00166822688,-0.0008016941932,0.003563743999,-0.001913520802,0.006005249539,0.005580628163,0.01135533945,0.0007240544303,0.001305210987,0.00858848755,0.00241168276,-0.004431088906,-0.003757397112,-0.001096756447,0.00845404374,0.01351168705,0.001642205404,0.008328116347,0.005712195661,0.01779014631,0.01745274162,0.005002455291,0.01737881075
2023-08-31,0.0007644481277,-0.003891981701,-0.003916311438,0.001443627589,-0.002203795196,-0.0007251222518,0.002516610349,0.0007277151038,0.001480742741,-0.00158836711,0.004496454044,-0.002395415022,-0.00392164392,-0.001879181633,-0.00280647695,-0.005201805316,-0.003044034891,-0.003139035386,-0.003466387325,-0.004392486712,0.004128713655,0.00286528185,0.004187343315,0.005076206322,0.006320525318,0.005593640965,0.003167927944,-0.001979617937,0.00109169227,-0.005050281156,-0.003179022044,-0.001079767021,-0.00218747048,-0.004980053206,-0.004854284437,-0.004084592162,-0.001694619333,0.003064915114,-0.00078724317,-0.0005753186914,-0.006211174666,-0.003588249708,-0.007355773736,-0.007315258095,0.002938325301,0.005200654881,0.004176486676,-0.004470058936,-0.007845424221,0.005626456927,0.003958812113,0.001512043829,-0.003967100899,0.0001760013942,0.00179687915,0.001051761764,-0.004823884954,-0.002824777729,-0.005126071346,0.0009424500913,0.003358866427,0.000917840885,0.001750122981,-0.001800191031,0.0006884706029,0.001730266468,0.0004734209348,0.000402061431,0.00244589967,0.002746028679,1.090063009e-05,0.002251264132,0.00243839626,0.001068246667,-0.0009656385758,0.0048221018,0.003175876894,0.001194189571,-0.007656533245,0.004578765193,0.001652869993,0.001654707353,0.004660779458,0.0003439858684,-0.003746361681,-0.0007396907716,0.003176089431,0.001750111927,-0.003386485739,0.002003715559,0.003163474757,-0.002773283778,0.001139730545,0.000411931608,-0.0009957417851,0.003161728824,0.001300381753,0.004229353409,0.002073354809,-0.00768390861,-0.0007122133007,-0.001026887613,0.00462138763,0.004678118474,8.688058271e-05,0.001249243461,-0.003989275203,0.006026193665
2023-09-30,0.002651071711,-0.002176379605,-0.002379908102,-0.002680075175,-0.002241644998,0.001036390427,0.004378774486,0.005375398433,0.007890670037,-0.004167408033,0.003650779918,-0.004495491261,-0.008508563508,-0.006346613629,-0.007734595473,-0.003297841044,0.0004403909408,-0.002681070674,-0.002819832837,-0.001383973917,0.003942209779,0.0009460319455,0.006832935299,0.0005496562835,-0.0003595595681,0.008130132793,-0.000306414581,-0.00576433737,0.000404175541,-0.005040740579,0.004269844509,-0.004761938575,-0.007428346806,-0.01089436783,-0.003384124136,-0.006606483499,-0.005860144822,-0.00655464777,-0.003261052731,-0.003815439937,-0.01046423571,-0.004265329003,-0.01455428605,-0.01398237523,0.005570415846,-0.001904508538,0.01248974024,-0.01054542491,-0.01470280126,-0.0008696673511,-0.001847148546,0.001345520537,-0.01308863827,-0.004329949725,-0.0005495412039,0.0004760730637,-0.007018350895,-0.003290645157,-0.01269164428,-0.001858787113,-0.001523404181,-0.001349479054,-0.006556407241,0.006812573721,0.004120523801,0.004819870774,0.003510698282,0.001793549735,0.0006876185389,0.001861575539,-0.001005003923,0.0005109540142,-0.0004404429043,-0.001027154911,0.001440507489,0.008651981194,0.01062961893,0.006276724886,-0.01483544159,-0.001419860472,-0.0001501284303,-0.005423765368,-0.005110149124,-0.003381133071,-0.0003114440689,0.004643428525,-0.002241184813,9.861310962e-05,0.002396801261,0.003468448067,0.004666369093,-0.008937358846,0.006351520679,0.00558395496,0.003189202377,-0.001650466839,-0.006020846485,-0.002456455356,-0.00675792635,-0.01355999832,-0.004159603321,0.003244718058,0.00378240723,0.005991736093,-0.004477718058,-0.002425893122,-0.003573633799,0.003034712896
2023-10-31,0.001497648294,-0.006499771393,-0.006927224609,-0.004768146468,0.00563701427,0.007805560905,0.001430796191,0.003511767924,-0.002030691348,0.002392745668,0.003509605879,-0.003063724073,0.00242603631,-0.01214291942,-0.01422588955,-0.002557197733,-0.00462766811,-0.001747673401,-0.004712500861,-0.003954545301,0.005986080787,0.001236386722,0.003324474776,0.006827622377,0.005198314403,0.008996241027,0.003185758519,0.001773130194,-0.002145033598,-0.004839191953,-0.005782207764,0.000939785171,-0.01451580709,-0.01349792579,-0.0143611872,-0.004789640143,-0.01354826448,0.003757020439,-0.002150033192,-0.003618798056,-0.002591557135,0.0004163703444,-0.007180169545,-0.01158730447,0.004852794897,0.01104397649,0.007890628212,-0.0183129204,-0.01655705664,-0.01115066505,-0.01280073445,-0.0008447751137,-0.01307520391,0.001170060782,0.0001069443963,0.003607042823,-0.01306739007,-0.01160737068,-0.0138964412,-0.01340916834,-0.003002547875,-0.002861035263,-0.003062614395,-0.00259752789,0.003314197384,0.005040885025,0.005090095947,0.002434590654,-0.002517902139,-0.001656953504,0.001203598642,-0.01144703461,-0.01096237195,-0.01177453489,-0.00320585508,0.01373713689,0.01636186337,0.009547979087,-0.01653657745,-0.001330890182,-0.003573553944,-0.000751416344,-0.002830047254,0.00257446574,-0.006316486368,-0.0001845344764,0.0003324124413,-0.002834662814,-0.00259752789,-0.002919074919,0.005046056258,-0.01563575047,0.003376654778,0.001955453412,0.01034392001,-0.001670729473,0.002581089653,-0.002452954872,-0.0007832182885,-0.01640994066,-0.01005464626,6.938382894e-05,-0.0006152556211,0.002823470897,-0.0164491534,-0.01520136,-0.009094323488,-0.01025275128
2023-11-30,-0.002848174338,0.011652795,0.01295301844,0.02237504417,0.005814488374,0.0009137672922,-0.001665344935,-0.0009094500607,-0.003630531209,0.003407577577,-0.005025461637,0.0007812394561,0.007073490017,0.03491747283,0.04110716358,-0.001687021264,-0.004804730136,0.006104824114,0.003548246625,-0.00482324689,-0.01763042228,-0.01129727164,-0.01627797928,-0.01723783853,-0.01634341667,-0.02540223915,0.006967086078,0.01103616302,0.00977107106,0.02333174101,0.002718758341,-0.007912462205,0.03914172941,0.03494832438,0.02913026116,0.02507472374,0.03564645378,0.01395853949,0.0001468930922,-0.001221442233,0.02369576054,0.01655972696,0.03090460515,0.04093206917,0.002641312666,-0.0192486431,-0.01888722875,0.03770202513,0.04570957088,0.02003884873,0.01919203549,0.008623983078,0.04115317395,-0.002940894405,-0.002106167686,0.007456814638,0.03172192442,0.02299208178,0.04067285432,0.02334803341,0.009813427176,-0.005691448845,-0.004863042566,-0.01094377783,-0.009272533865,-0.007387005387,-0.006883736656,-0.01658383684,0.004684664448,-0.01346829,0.006207712199,0.01613026205,0.01784511132,0.02009850752,0.006331965002,-0.02271317297,-0.02202715115,-0.02030734428,0.04509939056,0.01344067342,0.01891865228,-0.02589202041,-0.009622495103,-0.01995503555,0.020900912,-0.004990223481,0.002370728067,-0.01049729246,0.001744666803,-0.0141319989,-0.01474308728,0.0380414456,-0.01124141568,-0.008558522777,-0.02756842651,0.01281837388,-0.03866728193,0.00772931018,0.01228095813,0.04636325423,0.02953587768,0.0006660928824,0.006936279366,-0.004181210145,0.03274664782,0.02792601346,0.02066107938,0.02069976037
2023-12-31,0.001766058421,0.01655997352,0.01627344534,0.01559047058,-0.00789979638,-0.008854037577,0.0008649819906,-0.00103935565,0.01103927673,-0.006811265273,0.0008253384129,0.004171941476,-0.00341725325,0.0273591138,0.02912280774,0.004378081338,0.0003239408269,-0.0005176061715,0.006148325561,0.002451677513,-0.005527054349,-0.005062045747,-0.003149714945,-0.009892873874,-0.009408676316,-0.02208138739,-0.001093239758,-0.004895851409,0.005698942508,0.002403185094,0.01078617196,-0.001806689719,0.02899869459,0.02768597413,0.02738292774,0.0105320364,0.03035446193,-0.00108975867,-0.0001781392232,0.002220935619,0.006464213909,-0.002217578124,0.006828256428,0.01722711676,-0.0006761111535,0.006945563991,-0.01247599598,0.02714176164,0.02912706643,0.02432960919,0.02564850448,0.003131912516,0.02036623814,-0.01057674304,0.001877540854,-0.002955709286,0.03138526379,0.0290592586,0.02771062242,0.03229641252,-0.002592212987,-0.009095589793,-0.003206956765,0.00850852823,-0.00792104728,-0.008220245127,-0.004654553817,-0.01140419725,-0.006401120646,-0.01028008712,-0.003919126493,0.02777633373,0.02782303895,0.02909336465,0.01013708005,-0.02799699582,-0.02697570999,-0.02119404368,0.028976807,-0.01552216363,-0.0002855646649,-0.02325105417,-0.01042091096,-0.0217968215,0.01631654307,0.004960291781,-0.002153521023,-0.0008556524589,0.01247862709,-0.02338314487,0.001498656712,0.03269753336,-0.004401764172,-0.001363174554,0.01641627748,-0.009580207858,-0.03163064621,-0.008786542751,-0.00151089034,0.02979597859,0.0247059385,-0.0001927171586,0.0089618717,-5.861510982e-06,0.03472818248,0.03252875991,0.02402257314,0.02250041808
2024-01-31,0.002283934321,-0.002357966001,-0.002809610952,-0.002243657952,-0.008046629891,-0.004810732115,-0.005496437958,0.0001745286226,0.009780220379,-0.0008208709228,0.00909985238,-0.006404218184,-0.01110979289,-0.004713888298,-0.009103973438,-0.005178766054,-0.007958835279,-0.01487009131,-0.006009604374,0.001552373999,0.008800343033,0.006794985213,0.009469027676,0.006290778108,0.006318584893,0.0004037033581,0.000485182054,-0.008244034756,0.001073490465,-0.01389884517,-0.00454394737,-0.001315827281,-0.008674801342,-0.009872604499,-0.002969113812,-0.01311766944,-0.003112294944,-0.005801449791,0.002919869874,0.004041706354,-0.01535750929,-0.009327174712,-0.01702292474,-0.01660291852,0.002379834865,0.01161705658,0.008752356305,-0.007043342178,-0.019432926,0.005724626004,0.003354194327,0.0001745841832,-0.01591602479,-0.006138511494,0.0002342661557,-0.003635670902,-0.008937166496,-0.005328125473,-0.01451829939,-0.0007935013985,0.005133300336,0.0002030904971,0.002484177489,0.00638066994,0.005914399611,0.004640862964,0.003238565179,-0.004504917142,0.004910167146,-0.001473556845,-0.001716830862,0.002113143187,0.001301849882,0.0002875390053,0.002857310432,0.01132089047,0.007880915509,0.006163966614,-0.01975598049,0.002376540785,0.003664584083,-0.002328249868,0.002614869711,0.002117347527,-0.002189873539,0.00542559436,-0.003156375476,-0.002669361767,0.0009701642127,0.00339783279,-0.00508846179,-0.01118011507,0.007795078132,0.007754801697,-0.0102544587,0.000332711063,-0.004310061758,0.0003372953057,-0.007195623274,-0.01704860311,-0.004715602926,3.503447413e-05,0.001818514475,0.004384000348,-0.003611684983,-0.001457850392,-0.004065717427,0.008466031618
2024-02-29,0.002258681584,0.005083123499,0.003768647753,0.006610138124,-0.008579551258,-0.00564008038,-0.005725733897,0.007244315751,0.01198088131,-0.004558943441,0.01382110096,0.0001271329941,-0.007068721838,0.00398771748,0.0002885040334,-0.004537247209,-0.001314565139,-0.01033689315,-0.004192490867,-0.003079919932,0.009853020841,0.002575372523,0.008387888335,0.005141553846,0.005380312459,0.004223883354,0.002305825142,-0.002951526334,0.002585142541,-0.01066329511,0.001508586412,8.830559177e-05,0.003048907,-0.001843453513,0.007771203496,-0.01030174071,0.008997041866,-0.007439631773,-0.005734128267,-0.0008610025858,-0.01698602798,-0.01540596638,-0.02093391848,-0.01491267351,0.006299915905,0.001241876441,0.003603055748,-0.0007119867357,-0.002505958996,0.01978655479,0.01768239438,0.006187751049,-0.005775761556,-0.005606263397,0.001840223956,0.003021639966,0.01176239684,0.01395088084,-0.001891781129,0.01607837755,-0.0006719250371,-0.01237271184,-0.007798740283,0.005275633981,0.008033057276,0.00773008413,0.006299392207,0.001656308772,0.001741283461,-0.00578545516,0.001012806034,0.0200525617,0.01964902012,0.01905883805,0.009227339236,0.005571264284,0.004970379464,0.001215361667,-0.00288271728,0.00274771358,0.003898614442,-0.009182295212,-0.001325338013,0.001516700587,0.005698467976,0.006752569733,-0.001129863516,0.001778729445,0.0048417539,-0.001195437207,0.003754456034,0.009268370104,0.00877705729,0.01010067746,0.007393244585,0.006827561621,0.00408386771,0.007598907398,-0.01126914682,-0.001654046806,0.0107111094,0.002264886144,0.01064236126,0.008298665538,0.01238168247,0.01455687901,0.0107299939,0.01817296984
2024-03-31,-5.934379219e-05,0.0012553939,0.001379795725,0.004886480425,-0.0007119366486,0.0005883696522,0.0005110802243,0.001829393329,0.002296634133,-0.001780893592,-0.0002830517776,-0.002383643442,-0.001708369686,0.008714649603,0.008843790083,-0.0007732623492,-0.000459360452,-0.0006287599761,-0.0004331332008,0.001247554271,-0.0006053505922,-0.001536536027,-0.001250484874,-0.003868534917,-0.002812550617,-0.001956090721,-0.0009784664168,-0.001412677313,0.001530616326,0.001255740543,0.003154081838,0.001592870464,0.00848522176,0.006230227709,0.008630348317,0.001747854106,0.009879999453,-0.0009459656804,-0.002753832344,-0.002909195559,0.001327806626,0.001290673926,0.001548287038,0.003510614204,-0.0005827914676,-0.0002049666774,-0.003146953713,0.003478798066,0.006444849142,0.008927005629,0.008527230631,0.00452740847,0.004168449082,-0.0003966989386,0.0006437710984,-0.001954433914,0.005672087629,0.005132104681,0.005584281255,0.00837727785,0.00161912947,0.004505202895,0.004076904583,-0.001565204391,0.002165849789,0.001265035509,0.002206258147,0.001968115196,0.003155474659,0.003658434957,-0.0003256947305,0.007208293255,0.007546655625,0.008227325556,0.001866533288,-0.0008969281782,-0.004233629013,-0.001914065918,0.006110958353,0.005802067613,0.00131501613,0.005949948511,0.005599016592,0.007487250066,-0.0008637068522,-0.00121478099,0.001755666823,6.085218551e-06,-0.001123979171,0.00197453072,-0.001647967424,0.006341649999,-0.0001386845091,0.0001244973541,-0.001974178329,0.004519662845,0.005915916072,0.004973122358,0.00278619376,0.006776352758,0.008095252703,0.0009107282556,0.004141864846,0.001299606382,0.008177572097,0.00842500747,0.004078440514,0.007436956874
2024-04-30,-0.0014627285,-0.005799818073,-0.006128840629,-0.003336734093,-0.001346426782,0.00217653331,-0.004335600428,0.001548140426,-0.0001245099565,-0.001859773212,0.006167459177,-0.006530530067,-0.007318923095,-0.009795478406,-0.01226296522,-0.005932930252,-0.006549486481,-0.0107832189,-0.01198522334,-0.001086199308,0.008467592989,0.008531236029,0.0052392231,0.01192650479,0.01121873709,-0.004418455238,-0.002529582093,-0.0008472690443,-0.00817891813,-0.008989479832,-0.007192161316,0.003789191125,-0.01066846345,-0.01124240284,-0.007449341002,-0.01077442921,-0.006960773338,-0.002518006155,0.005891695818,0.00233371416,-0.009822016095,-0.00787794305,-0.01249759753,-0.01494711702,-0.005498860028,0.001426829526,0.002715122532,-0.01568251531,-0.01300824163,0.002797972344,0.002077154525,-0.002480366242,-0.01002384392,0.005210539231,-0.00389566379,0.005281557984,-0.008486859997,-0.005908696495,-0.01353831213,-0.00450398729,0.006241869678,0.01146984655,0.003035316757,0.007030674734,0.004897655753,0.008412287561,0.003819740335,0.00576465915,0.008790242685,0.01054068954,0.0005120722499,-0.001777848138,-0.001469728112,-0.001823525755,-0.0009713402559,0.008592014915,0.01507852514,0.009629383554,-0.01339297594,0.006827480266,0.002650216277,0.0167168016,0.002545925024,0.007825583447,-0.002416713146,0.003574294433,0.0002470596838,-0.003064952605,0.000253229956,0.00603840533,0.007486922968,-0.009459931898,0.002351522024,0.0006661898203,0.001248986607,0.004189956264,0.0193209804,0.0009165890353,-0.003102320328,-0.01260886805,-0.001615526567,0.002596738453,0.005169480425,0.006794749993,-0.008144930016,-0.005982483848,-0.006683868976,0.003051738232
2024-05-31,0.000245413514,-0.0006058902359,-0.0006624241247,0.0007765568655,-0.000126066908,-0.0005981129265,0.0008061953138,0.0009904767253,0.00295462248,-0.001014711816,-0.002392227754,-0.001930076961,-0.004251546077,0.003477913664,0.006089740831,0.001016858873,-0.0004812858529,-0.003110367037,-0.004031299073,0.004125693492,-0.005149039316,0.001765706785,-0.005818858465,-0.005786766719,-0.006100890414,-0.004070473395,-0.001014244841,0.001290661245,0.0002773796938,0.0003888237762,0.002684983846,0.0004206124536,0.005365789248,0.004495359316,0.005621896913,0.006372434857,0.004347469833,-0.0005839559743,-0.001822408687,0.0007756768671,0.005464954668,-0.0002070989294,0.006649727598,0.008807686761,-0.002721191538,-0.003745325484,-0.003773109192,0.002634125312,0.002676367777,0.002311673582,0.0007824401736,0.001410642676,0.00356753549,-0.001914103342,-0.0007238663279,0.0001165836404,0.002099092576,0.001044341964,0.002813000863,0.001603945726,-0.001231485975,0.0004928081499,0.004265417561,-0.002374248428,-0.0008341182619,-0.0003818792868,-0.0003434354428,-0.002395111969,-0.002944619561,0.001053120163,0.0006321201836,0.0001669906575,0.0002372733438,0.00105602741,-0.002178607233,0.001286109508,-0.002404808142,-8.904466023e-05,0.002617028509,0.002382811127,-0.004153747333,0.001657002302,0.006939490356,0.003261367429,0.0007084141113,-0.002159822575,0.0007434582514,-0.0004600258004,-0.002374248428,0.0001797599923,-0.001110283478,0.002815639194,-0.004391874925,-0.003434850962,-0.001546333029,0.002220764859,0.001591402557,0.003214681885,0.005179297539,0.002925776848,0.005095370644,0.002175444446,0.002986759165,0.001718398285,0.002490113189,0.002251667264,0.001078141232,0.002415520759
2024-06-30,0.0003881704263,0.001647191537,0.0005107309669,-0.001271121117,-0.000175697769,0.0007746345849,0.001373283373,0.002237178489,-0.001929438846,0.002058125107,0.001090903936,-0.0009183725275,0.0007667335238,-0.002757106523,-0.003047564523,-0.004197577494,-0.001868061497,0.0002094033588,-0.000311930464,-0.005378655016,0.0006220261622,0.0004406641342,0.0003320212331,0.002416331209,0.002304671958,-0.003036683057,0.003507814386,0.001855376972,0.001522325236,-2.710354597e-05,-0.002131677758,-0.001388346032,-0.003140592889,-0.003904490473,-0.00185584896,-0.001274521181,-0.002139881446,-0.001846352296,0.00238804922,0.001778005969,-0.00227767308,0.00127553714,-0.003169781085,-0.004369363538,0.001111145999,0.001307134941,0.003459898211,-0.001250401021,0.001460469756,-0.0002333219175,-0.0006541885918,-0.002557395312,0.00362765408,0.0003632569344,-0.002467458105,-0.0006306579128,0.001992991251,0.001672273376,0.001708774348,4.945188331e-05,-0.001824320715,0.001114432454,-0.0007275356648,0.003116139951,0.0003239251047,0.0009135215696,0.0003970068501,0.0003313584838,-0.001388852774,0.000666126745,6.160107456e-05,0.001347878763,0.0008414289811,0.0007455208791,0.0004822171876,0.0003167951969,0.003203469226,0.001767416451,0.001606679524,-0.002203201302,-0.000178394941,-0.0001731148531,-0.001989849323,-0.002435402219,0.004812257074,0.004241752387,0.0007658088389,-0.001331635487,0.002237732529,-0.0009128227369,-0.0001058198796,0.0002031382102,0.0007474389254,-0.0006651209198,0.001064327294,-0.00136130724,-0.0003783006847,0.001080481911,-0.001551934798,0.001764890067,0.002118003442,0.002310865386,0.002944941243,0.003387707217,-0.0004136459972,-0.0005726360123,0.002044290271,-0.0009746621142
2024-07-31,0.002732518362,-0.0007453847676,-0.001277124827,0.006700769918,-0.01231313935,-0.009198163407,-0.007179123931,0.007023331828,0.008728146086,-0.00557141618,0.0150207091,0.01088549975,0.0005029620785,0.003696870468,0.0006445291521,0.00032505961,0.008736363958,0.00549692623,0.007520843677,-0.00550403169,0.01632738491,-0.004827808061,0.01362033854,0.00801297645,0.009543513424,0.008388407896,0.004462924864,-0.001511929857,0.007198543638,-0.009071239162,0.002035812071,-0.0076089431,0.00329956569,0.003770321532,-0.001084960579,-0.008332357294,0.005288936896,0.001797928023,-0.004038846405,-0.001174465425,-0.01398624189,-0.01594812046,-0.01323865552,-0.006689731856,0.01146914485,0.004651723329,0.009819669997,0.006393456327,-0.01446025691,0.0108565824,0.01235740732,0.0100792452,-0.00406799369,-0.004107283561,0.004822481027,0.000901229189,-0.0006560677018,0.0008017459489,-0.004995586028,0.008793689756,-0.005212784725,-0.003626868043,0.0001434309403,-0.00256277595,0.0006092262205,-0.002133859284,-0.001549163586,0.0001868347068,0.003019465292,-0.006423574499,-0.002827355566,0.007780920474,0.008010491448,0.007511518953,0.002855889624,-0.009230099828,-0.008660864566,-0.006336620639,-0.01484902887,-0.01146488642,-0.005547440635,-0.00378212319,-0.001485772602,-0.01026657403,-0.005437852172,-0.007609281848,-0.005124248978,0.005063489519,-0.001673915979,-0.002988369558,-0.005267574859,0.0005284315408,0.002168710236,0.005493529991,-0.01164562326,-0.01583741907,-0.009192639495,-0.01142721496,-0.002986065583,-0.01312433854,-0.006243717686,-0.003882566706,0.001900285026,0.004037930967,0.007053099785,0.007902054436,-0.0007641119604,0.01360465386
2024-08-31,0.005160636829,0.01130153955,0.01176178565,0.01084605899,-0.004791026319,-0.005940767758,8.089058031e-05,0.001022941926,0.006422794254,-0.00382588823,-0.001273930202,-0.002512508899,-0.0002355741581,0.004459381644,0.01059334718,0.007792236619,0.009529532026,0.007277296337,0.00931672479,0.004351785781,-0.003295414419,0.0007979767829,0.002478665629,-0.003671549763,-0.004458859363,0.0002969779573,-0.001927306054,-0.004100264542,0.008927253023,0.00239300975,0.01377428057,-0.003074658123,0.01034443885,0.007606061492,0.008211844467,0.004063522251,0.009925993614,0.0002115359933,-0.00800781619,-0.002741710829,0.007458518268,-0.001375545394,0.00346890805,0.008354534105,-0.003313528366,-0.002798990439,0.0004707413341,0.01212131996,0.01472111126,0.006820016298,0.005967808787,0.005117473457,0.01057218129,-0.006684660333,-0.002571622809,-0.001884883594,0.01861531638,0.01696662515,0.0157748147,0.0143718553,-0.00269977921,0.003155772173,0.004214183861,0.001273662286,-0.003462904855,-0.003598241422,-0.003031694215,6.816086795e-05,-0.002974986292,-0.002249968899,0.003726695261,0.01443161355,0.01327847287,0.014522483,0.008268567329,-0.01194187716,-0.01424462285,-0.01166831385,0.01506621829,-0.006706793499,-0.002394555171,-7.443854501e-05,-0.003245542337,0.00157934717,0.01234708978,0.006182984304,0.0005550409316,-0.002631241704,0.007973042617,-0.01019542494,-0.004136101143,0.01726242094,0.001565979848,0.00391269584,-0.005423710886,-0.002961572226,-0.01204987143,-0.004773679594,-0.00632206736,0.01469923831,0.009464157391,4.116161334e-06,-0.00166134461,-0.005492061013,0.01518920722,0.01465038385,0.01611159667,0.005591750186
2024-09-30,0.001858332651,0.007965257881,0.007908945447,0.01111868017,-0.005722243153,-0.004722944912,-0.0006386385025,0.0007148747762,0.01039844452,-0.005870469883,0.004762735477,-0.006194183682,0.001178708177,0.0103334995,0.01482723072,0.008066401913,0.007648724273,0.001986027354,0.006957913254,0.004303102814,0.004273528821,0.0008405001586,0.004811054441,-6.143637303e-05,0.0003880368921,-0.003806877333,-0.004340457977,-0.00448374468,0.004163335179,0.004147641577,0.01256273689,0.0006830560363,0.0161929465,0.01201098546,0.01012847039,0.004806055216,0.01327036776,0.004874792763,-0.006704673615,-0.002634711168,0.008597681672,-3.11403243e-05,0.007498283177,0.01099128472,-0.00579404018,-0.007688429202,-0.00502052017,0.01634750207,0.008747015824,0.01208326723,0.01310567664,0.008297371239,0.001988255833,-0.00410730431,-0.001409474016,5.649142817e-05,0.01566031361,0.01525371423,0.01232731353,0.0180079923,0.0007785119135,0.01121775144,0.002192763064,-0.001629656057,-0.004292119056,-0.007265845277,-0.007632069938,0.008068644649,0.001576065122,0.007199419487,0.001839929517,0.01817605454,0.0181287012,0.01775039732,0.006598031485,-0.00909203773,-0.01315464635,-0.01307108122,0.008747269478,-0.005737667959,-0.003709149859,0.002370252533,-0.005533719771,-0.003388722738,0.005658323761,-0.001026121805,0.0003699732656,-0.001092184072,0.005916767185,-0.01049658467,-0.001338420555,0.01754843387,0.003230887527,0.006488567308,0.01008340224,-0.005458954219,-0.01765335282,-0.01485006751,-0.0001446292734,0.008111520979,0.01085910571,0.004039278413,0.002400511289,-0.0007834459919,0.01855315277,0.01801315004,0.0133943317,0.01198916537
2024-10-31,-0.0006414568088,0.0008846914836,0.0002149214992,0.00512107345,-0.005880732415,-0.00143848907,-0.003794590627,-0.0008367126079,0.007702271027,-0.0003122980899,0.01073562411,-0.0001570185681,-0.007411058616,0.0009269307378,-0.001854789021,-0.007843144099,-0.005671547545,-0.004551905229,-0.002949836051,-0.005894741,0.008969531088,0.007158073953,0.006108803401,0.006811433119,0.00710286637,-0.007499560217,0.001327398476,0.0007679319238,-0.003016094404,-0.006065256215,0.0006038803766,0.00461762851,0.0002207783181,-0.003504132637,0.001144242231,-0.008860137246,0.004463058438,-0.0003082136748,0.003480583228,0.002869635836,-0.01202275652,-0.008534310114,-0.01310880603,-0.01137424887,-0.0004947355094,-0.007628693376,-2.074930198e-05,-0.0009612008014,-0.003032416064,0.0158906879,0.01459636606,0.002780561508,-0.006999254559,-0.003938730043,0.0008414783032,0.001275718854,0.005013794919,0.006660166264,-0.005566213893,0.009180573527,0.002128472283,-0.004591577255,-0.0007869126577,0.001655013497,0.00572864967,0.006341585127,0.005583164587,-0.001515332037,0.006010094526,0.0005808443341,0.001914595045,0.01119395865,0.01135672726,0.01169746273,0.003561368527,0.004195536873,0.004250229319,0.004273153009,-0.003714761966,0.006241111438,0.004124171982,-0.002368699028,0.006522244243,0.01024801385,0.00196076031,0.002793498938,-0.0001216195284,0.001585364531,0.00187020464,-0.005626707854,-0.001652344249,0.004533489278,0.00417126258,0.004471883685,-0.005572715855,0.007446211001,0.00901817602,0.009645043771,-0.006956295347,-0.002482514548,0.0060205128,0.0005012476516,0.006322696722,0.00488317377,0.007802651054,0.008438162547,0.005069609442,0.01589288125
2024-11-30,-0.001225506653,-0.003606389948,-0.002919439711,0.005723937714,-0.003555378145,-0.00204724803,-0.002450756816,-0.0007318023639,0.004135050069,0.0003593242383,0.002928972006,-0.002900549238,0.00270489379,0.006097177939,0.007616766553,8.146279555e-05,-0.002882950986,-0.002421972789,0.0006143309372,-0.0006583976206,0.003051297179,-0.0008694038693,-0.0003071435351,0.001327983343,0.0006475074138,0.002484933012,-0.003333978831,-0.000642851512,-0.003840537497,-0.0009308459557,-0.0003355818142,0.005080889662,0.007364126102,0.007456772079,0.003892131132,0.002195294981,0.006612781925,0.006096375715,0.001232036081,0.001745278134,0.007155932842,-0.00313172072,0.005178043309,0.006500525424,-0.002597921776,0.001950918202,-0.006733647696,0.004362803762,0.001484324899,0.009500545371,0.008683618046,0.006525761738,0.0004738784652,-0.001547720658,0.003091547259,0.001252351541,0.0008549005171,0.0008136721941,0.000337635541,0.005755962075,0.001123783141,-0.0009511182517,0.002829916948,-0.002319760929,0.002170904051,0.001730850895,0.001784933609,0.003394194529,0.003713035507,0.001684429427,-0.0002240846071,0.002643614628,0.003343115363,0.00396943795,-0.001004758176,0.003320615447,0.001202465218,-0.002410978318,0.0007812689759,0.004674929627,0.004536998727,0.0017647008,0.001533236094,-0.0001702975618,-0.002315229028,-0.007400334221,-0.001871761781,0.001278754371,-0.0006447579795,0.002874871865,0.002110836384,0.003419105657,-0.002176361663,-0.001699818547,0.0003079722069,0.004866838785,0.005100691766,0.0004103455828,0.004396341956,0.002513852888,0.003786355069,-0.0004499958052,0.002451290795,0.001045586223,0.006171498693,0.005814060537,-0.001140429145,0.009329730022
2024-12-31,0.001075957912,-0.0002141116316,-0.0007594272324,-0.003012057247,-0.001380947993,-0.001864222756,-0.0009509019445,0.001760564091,0.001880095961,0.001710566335,0.003496803739,-0.000878918439,-0.007283702026,-0.006430588226,-0.007812523392,-0.008241011922,-0.007293846517,-0.008096037977,-0.008828639366,-0.005938314744,0.006904518891,0.00959439848,0.004552462538,0.006027174489,0.006627128994,-0.003832011762,-0.00739101885,-0.004415501069,-0.008527574618,-0.005790291162,0.0006449411162,0.0007507886718,-0.007275448668,-0.008255458837,-0.002095239889,-0.006972578441,-0.00428690968,-0.007185235226,0.0005581062026,-0.0006440327085,-0.01068496568,-0.003501865049,-0.01066879528,-0.01083641395,0.0008069274644,-0.0002195155012,0.003139580629,-0.007946772634,-0.008408880087,0.001887556573,0.001663682797,-0.001747206491,-0.008239343173,-0.0006953746473,-0.002538628836,-0.00253603348,-0.003752642592,-0.001210809256,-0.007477052099,-0.0005054854925,0.003924288729,0.0008815876409,-0.002322521656,-0.002136748492,0.0006060675978,-0.0002447984783,0.001283191904,0.002939064033,0.001625466576,0.0006185108536,0.0008256972223,0.002373880779,0.001533794743,0.001793087933,0.001279101252,0.002309538264,0.002556121531,0.005227221243,-0.008373335287,0.004523086935,0.006114658992,0.0003252322465,-0.0003319563032,0.005049570656,0.0001063654103,0.004926435583,0.0006939387555,-0.001331123016,-0.002136748492,-0.001486794943,-0.002885823167,-0.006476560215,0.003899885815,0.003029802962,-0.003169012254,7.607894958e-05,-0.001295793657,0.003442585707,-0.005228564722,-0.008211461424,-0.002088224177,0.0009459386944,0.001116342848,0.001999661497,-0.002766140488,-0.001651785594,-0.0002682187963,0.001632715814
2025-01-31,0.0002359894473,-0.002852463796,-0.002926292214,0.0004633935832,-0.002071717486,0.0008480786011,-0.002206823052,-0.0005199305023,0.002881127924,0.0005901480096,0.009673074458,0.003665521728,0.001290134949,0.001076204681,-0.0003846937872,-0.005347684957,-0.004707533285,-0.003913265664,-0.003819275595,-0.007396218955,0.01021126016,0.001437044447,0.007058179441,0.00918025454,0.008497233221,0.0003973438946,-0.0003946701871,4.875138735e-05,-0.003223401634,-0.003750663604,-0.00389989145,0.004070426677,0.001755874801,0.001233721604,-0.001543245255,-0.002394856563,0.002957332235,0.005225195447,0.003407903459,0.001054184991,-0.004351144574,-0.003313986081,-0.005155250906,-0.003415296931,0.002004799978,0.001289957062,-0.001460466965,-0.001723344238,-0.005580887717,0.01040447986,0.009532595028,0.001740973117,-0.003632309503,-0.007242685704,0.001619902771,2.759873305e-05,-0.0006309774926,-0.0004275549525,-0.003997442251,0.006709661811,0.000419902555,0.0004085555676,-0.00290866744,0.0004298502846,0.003534869471,0.004476150479,0.002760011902,0.003132400213,0.002547391983,0.003194274043,-0.002181215291,0.005571446272,0.006330631647,0.006089073065,-0.001764413726,0.001248288269,0.003101053842,0.001411705419,-0.005467069111,0.002382957934,0.003478830457,0.002321975643,-0.001098318588,0.0003775119126,-0.002319412626,-0.0005315548166,-4.85597538e-05,0.001046365327,-0.001230141474,-0.001802354938,0.001208147909,-0.0007026914341,0.00075856414,0.0009772568849,-0.002866772671,0.0009915408578,0.001221204726,0.001103064863,0.001388700823,-0.005181596144,0.002894158487,0.000677255743,0.0053263367,0.005340348941,0.003853986552,0.005406029744,-0.001587898392,0.00967995177
2025-02-28,0.0003001760006,-0.003902858957,-0.003848987766,-0.005529290557,-0.001387713388,-0.001418995602,-0.0002418424103,0.0006682716095,-0.0009984740334,0.001039637369,-0.001102760528,-0.001877455112,-0.002802846924,-0.005827219268,-0.004691547755,-0.001787508463,-0.002975876783,-0.004128660461,-0.0009910033747,-0.001284029367,-0.0005865637512,0.002415297786,0.0002975228936,0.0007963285177,0.0005403354232,0.002016532262,-0.004844454401,-0.002795247382,-0.004737862106,-0.0008445300179,-0.0006537597614,-0.0005604125614,-0.00554833927,-0.00281056681,-0.005504714992,-0.002203611253,-0.005591623701,-0.0004464336545,-0.001392088192,-0.00103357883,0.001352132897,-0.002046214159,0.001073075294,-0.000923944291,-0.0006397361346,0.001711332097,0.001082662027,-0.002041383241,-0.009703010525,-0.005294285497,-0.005989630446,-0.003353699871,-0.004246317628,0.0004178798729,0.0006302378707,-0.002315232273,-0.007095967124,-0.00579318819,-0.005864032425,-0.006324097666,0.003221187517,0.0006424441784,0.0006625326096,0.002292355563,-0.001336088205,0.0003311100436,-0.003093984762,-0.002764668909,0.0006317254083,0.000686490385,-0.0004134777628,-0.00638364182,-0.006180035592,-0.006691745049,-0.003746547624,-0.002395138629,-0.001210361657,-0.001864530947,-0.009520211362,0.001528529258,0.002208630015,-0.000170358136,-0.002437506686,0.001845965018,-0.001665314334,-0.000882367867,-0.001116896931,0.0001176341667,-0.0008179079778,0.003930058671,-0.000623022058,-0.007238080249,-0.002713692159,-0.002922369905,-0.001210369708,-0.004781298889,-0.0005851846319,-0.005469247245,0.002903644255,-0.009526306174,-0.003828050034,0.003312153575,0.0002222576097,0.003467878878,-0.005933398351,-0.006357612351,-0.00657933221,-0.006383234899
2025-03-31,0.002179270887,-0.002603393958,-0.002952341191,-0.006106926411,0.006800598287,0.004531418507,0.001958311671,0.003576030257,-0.00738275814,0.003885338337,-0.005603632818,0.004236991692,0.003177365967,-0.01396504857,-0.01528418125,0.0004014357862,0.0002899644235,0.001449933188,-0.002642564544,-0.001006068177,-0.001807508677,-0.001363810069,-0.0007370862028,0.001876813546,0.0007551454809,0.00486264001,0.001172220391,0.001946032752,-0.0009398523835,-0.001091007546,-0.004930451332,-0.004243192785,-0.01640812869,-0.009932336105,-0.01139689689,-0.006029748651,-0.01690820474,-0.007202091075,0.002643822414,-0.000758368067,-0.00590447579,0.004088424526,-0.004732321775,-0.01079187242,0.004861922629,0.002030117149,0.01458192122,-0.01033781235,-0.01296179553,-0.02007494279,-0.01998122843,-0.002220452204,-0.009373271849,0.005377999905,-0.002625696871,0.001737077974,-0.01457514947,-0.01428450558,-0.01089497267,-0.01710149391,-0.001599482095,0.0017804791,-0.001755869396,0.002676809169,-0.006332108397,-0.006679471462,-0.004220724067,-0.001991120775,-0.00483102766,-0.0008652206859,-0.0005676325872,-0.01616061157,-0.01690902859,-0.01731977833,-0.002662687991,-0.01191427965,-0.006166042038,0.004242978976,-0.0128771524,-0.001517044534,0.00422418099,0.002566682808,-0.003186662607,-0.003682204576,-0.005506375966,0.001038955181,-0.0008935731464,-0.003680453263,-0.002887829599,0.01463587666,0.006756220603,-0.01543504303,0.002367055893,0.0009148280251,0.008488110798,-0.005394733785,0.005260489832,-0.007188911376,-0.001266939847,-0.01315509578,-0.01381257451,0.003367394733,-0.007640969399,-0.001415266944,-0.01811332319,-0.01787290313,-0.01021728055,-0.02065991135
2025-04-30,-0.001896690343,-0.01085895861,-0.009012680658,-0.0136930326,0.002745184272,0.0001918433084,0.0005241056738,0.001531125853,-0.009606991952,0.0009592501729,-0.005863914072,0.004178781544,0.009985347393,-0.01431176347,-0.01302542238,0.003998598415,0.001210152574,0.003784835822,-0.003539432193,-0.001930421691,0.0005690394602,-0.005211734692,-0.001526761248,0.000847943691,0.00068978038,0.005223962783,0.006875152482,0.006534648175,0.00545623339,0.0006637481917,-0.009880270162,-0.007868498574,-0.01393931194,-0.0020233978,-0.01393662963,-0.0004477911044,-0.01728874949,0.003375646081,0.00190529363,0.001620510305,0.006561748288,-0.0002284127827,0.008308905821,0.002789355542,0.001638802798,0.005604771247,0.01147851147,-0.008168926005,-0.01102071176,-0.01965019404,-0.01999133819,-0.009398587961,-0.004837805125,0.001776229632,0.001373300971,0.002257058265,-0.01801502256,-0.01984156823,-0.01001813256,-0.01842106125,0.004206524723,0.006769646257,-0.0006836283648,-2.892162115e-05,-0.007218228845,-0.006990151161,-0.01111835545,0.008451516619,0.001660442711,0.003448769349,0.001514300895,-0.02005772218,-0.02000464772,-0.02091609562,-0.009787329396,-0.008043480105,-0.005758611061,0.0004578531119,-0.01020483395,0.005011912376,0.005120394392,0.006003976691,-0.001813963134,0.00496935083,-0.007815877037,-0.002478215844,0.001009464017,0.001643333219,-0.006579018179,0.00918635691,0.01276487101,-0.01901532303,-0.006663493452,-0.007154332304,0.01399025229,0.002680435414,0.00453836485,0.003087224251,0.008248178213,-0.01253856349,-0.01577502634,0.0001037306485,-0.007387923949,-0.002004932524,-0.02042949272,-0.01870055235,-0.01554990834,-0.02271066084
2025-05-31,-0.001476173592,0.0001939747101,-0.0003236471093,0.01305549139,-0.004893291348,-0.004306965344,-0.003762211888,-3.838372408e-05,0.01189772293,0.0006310982595,0.01537997773,0.004013425524,-0.004845019035,0.01171240298,0.01452058037,-0.0007647782293,-0.004291509998,-0.008996435892,0.004071705404,-0.002699735777,0.006447260394,0.002889932782,0.009262266346,0.005546576052,0.006100925696,-0.003674879352,-0.01179852299,-0.01037667226,-0.01190818581,-0.003760504555,0.003435449933,0.008174523601,0.01636730587,-0.0001466185359,0.01239533139,0.002333631532,0.01881096592,0.002218901913,0.001115470401,0.00117284697,-0.00441574782,-0.008080516494,-0.005491981127,8.294187876e-05,0.00212221461,-0.004983482368,-0.01146747003,0.004955411572,0.008100187362,0.02335625781,0.02306848162,0.01160467364,0.01175179212,-0.001441529892,0.004389297306,-0.00138754416,0.01422614787,0.01441544843,0.01156065883,0.01994978939,0.002893505103,-0.003189761161,0.006192383129,-0.002150245892,0.01013902018,0.007356977258,0.008219964618,-0.00508653104,0.002018558328,-0.006755248725,-0.001063241172,0.01747406878,0.01913480662,0.01955614207,0.002940724356,0.01497004239,0.01280804082,0.003614036723,0.007831918293,0.005492010393,-0.0002380000402,-0.01104360256,0.003438142056,0.004020299604,-0.001675516909,-0.003697000187,0.000591764719,0.006018434436,0.002065950812,-0.005745643468,-0.006958003869,0.0172184436,-0.0006330790186,-2.268155471e-05,-0.0091216942,0.003976202852,-0.01017682281,-0.002584711802,-8.473046589e-05,0.009471962258,0.01131238153,-0.003467486779,0.007665289293,0.001511863108,0.01859813646,0.01896609225,0.008688675317,0.02476686606
2025-06-30,0.000298482736,0.003557234823,0.004045841417,0.007900925059,0.0003350940229,-0.0004721888409,-0.001617614267,-0.0006384223711,0.005615967129,-0.002890262381,0.001592847333,-0.001044865458,-0.003228437545,0.01299465642,0.01431310016,0.005128453087,0.003209730512,0.0002840519493,0.004618613688,0.005328464675,-0.003880051139,0.0008972813383,-0.003823902423,-0.004833845315,-0.004526267357,-0.0116208099,-0.006789520345,-0.006005184163,-0.006381523025,0.0001936010711,0.008416866514,0.001580358995,0.01426492553,0.007800119532,0.01334508668,0.00732942119,0.01450145482,0.0003893565504,-0.003854885703,-0.002886031203,0.005217788937,-0.001430005064,0.002878285023,0.009095522796,-0.002337243429,-0.006530976192,-0.01115978761,0.01061075276,0.01398978923,0.01252926095,0.01176515765,0.005063174959,0.008784573492,-0.004770557001,0.004167945795,0.006719032417,0.01319950934,0.01194262813,0.008915115459,0.01307350657,0.0009224040069,-0.00435002648,-0.002487543772,-0.007207044445,0.0007017786808,0.0004579430827,0.002871031017,-0.00632766117,-0.005992322116,-0.00886948315,-0.001508630955,0.01142022335,0.01185830776,0.01208929557,0.002343153029,0.005828371686,0.004007095724,-0.004932640794,0.01408069002,-0.01032123471,-0.001053571431,-0.01588247018,-0.01396176247,-0.009584640644,0.002350152668,-0.0006287985607,-0.0007298897822,0.004071582808,-0.001508352728,0.0001792878127,0.003145519978,0.01476984362,-0.003100111367,-0.001965292561,0.002763251513,-0.01216231224,-0.01469195964,-0.01442035409,0.002922115578,0.01407875274,0.01103838696,-0.002129824609,0.007940394805,0.002981749546,0.01402775299,0.01357553353,0.00748432546,0.01461883759
2025-07-31,0.001364270291,0.005976846653,0.005525291211,0.005448727367,-0.002546957461,-0.0004771837484,0.0005770208701,0.0008593007988,,0.0007389028567,0.002229200895,-0.004514494906,-0.005831484613,0.008432850714,0.007709278128,0.001036894991,0.0009124897525,-0.0036084031,0.001367718378,0.001196538705,-0.0001233300528,0.005313891886,0.003418091761,-0.0009142036859,-0.001131670564,-1.263582333e-05,-0.007640244797,-0.006536151512,-0.008028912085,-0.003501448482,0.009608279807,-0.0006610548801,0.009681468422,-0.001519079135,0.01186963749,0.00288821513,0.01026678072,-0.005419420323,-0.002904095844,-0.001343317242,-0.00193526784,-0.002362013018,-0.003411327875,0.002434259555,-0.001690750433,0.000146015009,-0.004522628484,0.003404084966,0.005928396646,0.01033546132,0.00942691089,0.004258840533,0.0001057507616,-0.00558920802,-0.002502686392,0.001397303264,0.009874160944,0.01020914163,0.003981648458,0.01111512318,0.0001496690807,-0.005033196979,-0.004615267395,0.003936839861,0.00571742052,0.005336223795,0.003689814988,0.0009508204765,-0.001060492717,-0.002961367839,0.0006063727824,0.01055988446,0.0103138856,0.01066447837,0.006188218622,0.006774770438,0.006364994194,0.0001154142314,0.006306931018,-7.157711682e-05,0.006195767868,-0.005096609081,-0.006031456869,-0.00192700526,0.003837059798,0.005129429683,0.002092197676,-0.001353096119,0.004805397325,-0.006111223988,-0.0001008064249,0.009639390143,0.003435173698,0.004304193376,-0.0006923520853,0.00109570077,0.0009268539792,-0.0004405254914,-0.002963099844,0.00644150667,0.009508659564,0.001929097956,0.005923665802,0.001602928911,0.01106494698,0.01121394179,0.007856428146,0.01245409459
2025-08-31,0.001642947103,-0.0006850062615,-0.001315215345,0.0002521028139,0.0007073809737,0.002750943783,-0.00388968627,-0.002952966434,,-0.002349001695,0.005134615573,0.0008084181591,-0.006188784376,-0.003275347095,-0.001319865538,-0.001379282006,-0.0005690755222,-0.002325211527,0.001333370963,-0.0005806912584,0.0005274556013,0.004686174353,0.003129120419,0.001265926497,0.0001820922006,0.001770696037,-0.006452974142,-0.007108393191,-0.006497930573,-0.005435932052,0.003054025408,0.004306294886,-0.001060371411,-0.0006191393096,-0.001312913047,-0.005439346295,-0.0006529509179,0.0006985622963,-0.0003833482837,-0.001567613944,-0.003062774363,-0.006157775945,-0.005713937059,-0.003740672018,-0.0005112568995,0.001949629762,0.0009997719261,-0.0004872168947,-0.007120686065,0.003299223081,0.003512709662,0.0005712182649,-0.004215721658,-0.004223035314,-6.953427476e-05,0.0006197841243,-0.001616641304,0.000332333243,-0.004982206095,0.003607076344,-0.00353765721,0.003886819175,-0.003282173663,0.002452620184,0.002230733642,0.003712846327,0.003069346061,0.001755840091,-0.0009073979181,0.001823771527,-0.002925621856,0.004842524232,0.004747116501,0.004188040779,0.0009718173297,0.003463200462,0.004987031508,0.001476768993,-0.007006645599,0.0008884049918,-0.0004105597524,0.002423265006,-0.0003413681595,0.001910979934,-0.0005999005212,0.0007915619905,-0.0003770688628,0.000163085287,0.001072182169,-0.000303077644,0.00195513277,-0.00147762862,0.001866435829,0.002088615268,0.001726815113,0.003581902065,0.0005048828756,0.003678471761,-0.002062806032,-0.006606266685,0.001422278688,0.003735179199,0.002399390482,0.003774004875,0.002696906392,0.003508465662,-0.001123324485,0.003105819283
2025-09-30,0.001008640906,0.004281149965,0.005061705012,0.009704486512,0.007550166176,0.003406177849,0.00137265003,-0.0007942823817,,-0.004486049863,-0.0115611338,-0.00195119736,0.00233203782,0.01593263256,0.01829900542,0.003051753188,0.003367467897,-0.001523099819,-0.004375246127,0.004579464586,-0.009161981019,0.0004559534784,-0.009433721354,-0.01222882969,-0.01215497677,0.0008489224413,0.006648204878,0.004526743404,0.007279352378,0.005179419792,0.0149630625,-0.009199040534,0.0166709032,0.01142337334,0.01569800693,0.01193667962,0.01523220292,-0.0006065317381,-0.004942079435,-0.005371331361,0.01316016024,0.005035836312,0.01233132048,0.0160885274,-0.008155062348,0.004912857108,-0.00784924106,0.009343926906,0.02002838082,0.002868443487,0.002238813997,0.006946916803,0.01171780854,0.008518971031,-0.004793795122,-0.003803681293,0.009722409601,0.00810701772,0.009863550165,0.008876965086,0.003592118116,0.009902351242,0.005715097756,0.003092765489,0.0001021433407,0.0007074789356,-0.001328468586,0.004368522489,0.001551148121,0.004407368977,0.003040672594,0.006110060225,0.005865817624,0.00832749311,0.003931341702,-0.00595294486,0.001895144836,-0.006887263256,0.01956888218,-0.004473425094,-0.003628337426,0.0153460234,0.000325910757,-0.004925533285,0.0009803653199,0.0003068574489,-0.00121071863,-0.007393938962,0.00329144712,-0.006172120375,-0.003063023179,0.01192277723,0.0008327951633,0.0009519865238,0.009282843436,-0.004402162989,0.01564570778,-0.003074354627,0.001220686052,0.02103010535,0.008505998493,-0.003809979075,-0.0009479406105,-0.007922149507,0.01114980079,0.008611490419,0.004701022481,0.008285449814
2025-10-31,0.00151872792,-0.0004605814899,-0.00133912113,-0.006343628573,-0.004281573489,-0.004569410685,-0.001990596353,0.002582084803,,0.0008526747412,-0.003032707471,0.002275993864,-0.001907061871,-0.006650083951,-0.009273797126,-0.005672587008,-0.002370479509,0.001827204682,-0.004077876305,-0.006070372318,-0.002613721558,0.002911355017,-0.003984395008,0.0008072399672,0.001416523446,0.001545297742,0.001535231473,0.001951439559,0.002512334284,0.001409096855,-0.004859166367,-0.0004792751611,-0.009466237451,-0.0002569953554,-0.005243229725,-0.007694616134,-0.009246726842,-0.007070988319,-0.001464018624,-0.0002885870765,-0.002799549193,-0.00306266084,-0.00310134671,-0.009088966311,0.001247442463,0.0002617470888,0.004624194761,-0.004389324762,-0.002457833738,-0.005939782148,-0.006227921612,-0.007790082943,-0.004048560274,0.005107726507,-0.002331251522,-4.008283219e-05,-0.003878934695,-0.003659893183,-0.003640911542,-0.006259323185,0.005075051087,0.002890902285,0.004171379554,0.001672689041,-0.001349233243,-0.0002840871592,0.00136808878,0.0002077916013,0.003343654501,0.00384617464,-0.0005454996362,-0.004725420751,-0.005113303076,-0.005634961637,-0.001772163099,0.005267943917,0.003530568428,0.006605849448,-0.002216347767,0.007758311555,0.00209384445,0.002788671593,0.002728240845,0.00761261519,0.003820143667,0.007008199305,0.00070715169,-0.0005858797772,-0.001120659934,0.0040968762,0.002492905496,-0.006670781371,0.002272063063,-0.0002469110981,-0.001539324686,0.007167133701,0.002834184845,0.0002912481238,-0.001961474519,-0.003941299816,-0.00556789991,-0.002157091432,-0.001504570317,-0.0006123209914,-0.006020064734,-0.005791907825,-0.001772277197,-0.007868420042
2025-11-30,-0.002071605725,-0.005726608286,-0.005738486687,-0.003773429716,-0.004693923148,-0.003420152737,-0.001969097624,-0.002398320157,,-0.002464038485,0.001487271049,0.003419037828,0.002393454937,-0.004971115104,-0.005261319475,-0.0009934415066,9.21360671e-05,0.004550599084,0.0009161210183,-0.001321161117,-4.895375625e-05,-0.004245139936,0.0009182592802,0.0003234729952,0.0004047137184,-0.0003738486444,0.001854492157,0.001828429007,0.001312480221,-0.00101747411,-0.005737209136,0.003472371223,-0.004762707682,-0.0003990110978,-0.00589348951,-0.007184725985,-0.005713093892,-0.0008273571393,0.002796103145,0.001377066102,-0.002463571843,-0.003766432778,-0.002299099419,-0.004623184238,0.001165021175,-0.002589567782,0.008693893242,-0.007871119617,-0.006111313293,-0.00289956027,-0.003648882081,-0.0007424297616,-0.005304821157,0.005330600724,0.001580254543,0.0002678271797,-0.009524456973,-0.008742806227,-0.006401294784,-0.007476063866,0.006426214058,-0.001305209786,0.002589935028,-0.001031346858,0.0002558954875,-0.0002079631365,0.0004441007152,-0.002524557518,0.003140657592,-0.003387512341,-0.001741390746,-0.007699096518,-0.007415551984,-0.007588000614,-0.004020795646,0.0006296611831,-0.0008549750371,0.001362856877,-0.0063049013,0.00721063087,0.005549280649,-0.002208349493,0.0009084283777,0.005883530745,-0.006746233874,-0.005707465634,2.139591911e-05,-0.0006199596596,-0.004364176478,0.001042145226,0.00118507165,-0.008639824051,-0.001387045265,-0.002804181286,-0.0006998307305,0.004442911875,-0.001047995355,-0.003939285488,0.003583094234,-0.007449401378,-0.005797875673,0.001478607526,-0.002743041346,-0.000681065833,-0.008650787035,-0.007837451332,-0.008089605977,-0.004904473072
