date,age_wf,ami_v_wf,ami_wf,ar_sprd_wf,b_amd_m_wf,b_amd_wf,b_coskew_wf,b_cpi_vol6_wf,b_cptlt_wf,b_credit_wf,b_crf_wf,b_dcpi_wf,b_dcredit_wf,b_defb_wf,b_drf_wf,b_dunc3_wf,b_dunc6_wf,b_dunc_wf,b_duncf_wf,b_duncr_wf,b_dvix_dn_wf,b_dvix_up_wf,b_dvix_va_wf,b_dvix_vp_wf,b_dvix_wf,b_dvixd_wf,b_epu_wf,b_epum_wf,b_eput_wf,b_illiq_wf,b_lrf_wf,b_lvl_wf,b_mktb_dn_wf,b_mktb_mkt_wf,b_mktb_up_wf,b_mktb_wf,b_mktbx_dcapm_wf,b_mktrf_mkt_wf,b_psb_m_wf,b_psb_wf,b_rsj_wf,b_rvol_wf,b_term_dcapm_wf,b_termb_wf,b_unc_wf,b_vix_wf,b_ysp_wf,bbtm_wf,convx_wf,cs_mu12_1_wf,cs_sprd_wf,cs_wf,db_mkt_wf,dcs6_wf,dkurt_wf,dskew_wf,dvol_idio_wf,dvol_sys_wf,dvol_wf,es_90_wf,idimom12_1_wf,idimom3_1_wf,idimom6_1_wf,ilq_wf,iltr24_3_wf,iltr30_6_wf,iltr48_12_wf,imom12_1_wf,imom1_wf,imom3_1_wf,iskew_wf,ivol_bbw_wf,ivol_mkt_wf,ivol_vp_wf,lix_wf,ltr24_3_wf,ltr30_6_wf,ltr48_12_wf,md_dur_wf,mom12_1_wf,mom12_7_wf,mom3_1_wf,mom6_1_wf,mom9_1_wf,p_fht_wf,p_zro_wf,pi_wf,rkt_wf,roll_wf,rsj_wf,rsk_wf,rvol_wf,spd_abs_wf,spd_rel_wf,str_wf,sysmom12_1_wf,sysmom3_1_wf,sysmom6_1_wf,sze_wf,tmat_wf,val_hz_dts_wf,val_hz_wf,val_ipr_dts_wf,val_ipr_wf,var_90_wf,var_95_wf,vov_wf,ytm_wf
1973-01-31,,,,,,,,,,,,,,,,,,,,,,,,,,,,,,,,,,,,,,,,,,,,,,,,,,,,,,,,,,,,,,,,,,,,,,,,,,,,,,,,,,,,,,,,,,,,,,,,,,,,,,,,,,,,
1973-02-28,0.0006478990439,,,,,,,,,,,,,,,,,,,,,,,,,,,,,,,,,,,,,,,,,,,,,,,0.0008280343975,0.0004140643542,,,-0.0009752645549,,,,,,,,,,,,,,,,,,,,,,,,,,,0.0008696879019,,,,,,,,,,,,,,,,0.0005108590873,,,,-0.0009751478747,-0.0005859342422,,,,,,,,-0.0009844388967
1973-03-31,-4.241931445e-05,,,,,,,,,,,,,,,,,,,,,,,,,,,,,,,,,,,,,,,,,,,,,,,-0.000364067627,-0.000549093911,,,0.0003564487842,,,,,,,,,,,,,,,,,-0.001563217575,,,,,,,,,,-0.0004649690164,,,,,,,,,,,,,,,,-0.001546138027,,,,0.0007149424769,-9.812880332e-05,,,,,,,,0.0004177921266
1973-04-30,0.003639593776,,,,,,,,,,,,,,,,,,,,,,,,,,,,,,,,,,,,,,,,,,,,,,,0.004066079543,0.002035221758,,,-0.002714315612,,,,,,,,,,,,,,,,,-0.0007809358685,0.0007748857775,,,,,,,,,0.002934571962,,,-0.002008286075,,,,,,,,,,,,,0.001034237273,,,,0.0008794924184,-0.003252247806,,,,,,,,-0.003126961832
1973-05-31,-0.003036405495,,,,,,,,,,,,,,,,,,,,,,,,,,,,,,,,,,,,,,,,,,,,,,,-0.004096021678,0.002300033129,,,-0.002189953066,,,,,,,,,,,,,,,,,0.0008467359254,0.0008467359254,,,,,,,,,0.001137071089,,,-0.004049853209,,,,,,,,,,,,,-0.004619572919,,,,-0.0009772006234,0.002844115929,,,,,,,,-0.00239557877
1973-06-30,0.003758073911,,,,,,,,,,,,,,,,,,,,,,,,,,,,,,,,,,,,,,,,,,,,,,,0.002215341463,-0.005059574312,,,0.003865157112,,,,,,,,,,,,,,,,,0.0002463232001,0.001643195068,,,,,,,,,-0.005113815533,,,0.003349908072,,,,,,,,,,,,,-0.001105580948,,,,0.002037808524,-0.003654870182,,,,,,,,0.003460090043
1973-07-31,-0.0006411628801,,,,,,,,,,,,,,,,,,,,,,,,,,,,,,,,,,,,,,,,,,,,,,,-0.003953862521,-0.003287349301,,,-0.0003467164276,,0.001313079112,,,,,,,,,,,,,,,0.003263937925,0.002792758403,,,,,,,,,-0.002384882354,,,0.006190331564,-0.001608765049,,,,,,,,,,,,0.003462959916,,,,-0.002162116755,0.0001913134628,0.007839171879,0.00722249125,0.005208766908,0.005318553853,,,,-0.0003703774736
1973-08-31,0.00870218153,,,,,,,,,,,,,,,,,,,,,,,,,,,,,,,,,,,,,,,,,,,,,,,0.01244504556,0.0009519335679,-0.004672933653,,-0.0007802922222,,-0.005617977191,,,,,,,,,,,,,,,0.003740650029,-0.001351096301,,,,,,,,,0.006168392043,,,-0.00518997187,-0.005455292464,,,,,,,,,,,,-0.008759271409,,,,-0.006380938931,-0.007814403346,-0.007124134779,-0.006957233599,-0.0005926191129,-0.001539191746,,,,-0.001052607701
1973-09-30,-0.01221165123,,,,,,,,,,,,,,,,,,,,,,,,,,,,,,,,,,,,,,,,,,,,,,,-0.01197349936,0.005760947692,0.0004195464062,,0.00367167295,,-0.008519465568,,,,,,,,,,,,,,,-0.004012921156,-0.004012921156,,,,,,,,,-0.00138129404,,,-0.002797516802,0.002413099279,,,,,,,,,,,,-0.01365647463,,,,0.00788699581,0.01193458422,-0.001078082837,0.001761703221,-0.002300699957,-0.0003497827391,,,,0.005524560111
1973-10-31,0.002813827544,,,,,,,,,,,,,,,,,,,,,,,,,,,,,,,,,,,,,,,,,,,,,,,0.0007581483722,-0.005220193611,0.004782908158,,0.004737480369,,-0.002329881986,,,,,,,,,,,,,,,-0.002651205711,0.0007905070051,,,,,,,,,-0.005477319423,,,-0.002570769482,-0.0009903173929,-0.002453318536,,,,,,,,,,,-0.003860634756,,,,0.002289270239,-0.003108428273,0.0003696033113,0.0005187687918,-0.0009425809521,-0.0006135997906,,,,0.004703745501
1973-11-30,0.004931795035,,,,,,,,,,,,,,,,,,,,,,,,,,,,,,,,,,,,,,,,,,,,,,,0.005791142,-0.0004489193624,-0.002411356313,,-0.002219031323,,-0.004191822467,,,,,,,,,,,,,,,0.001074040729,0.0009747674281,,,,,,,,,0.001140851135,,,1.707804195e-05,-0.003818032464,-0.003892467486,,,,,,,,,,,-0.001592813261,,,,-0.004937002546,-0.002921123545,-0.001434325045,-0.001426489938,0.0002082111813,-0.0003855921964,,,,-0.002586078506
1973-12-31,-0.008666072857,,,,,,,,,,,,,,,,,,,,,,,,,,,,,,,,,,,,,,,,,,,,,,,-0.01054292952,0.00313567063,0.004661502832,,0.003870709981,,0.0004607086123,,,,,,,,,,,,,,,0.001509910355,0.003377173172,,,,,,,,,-0.005078261502,,,0.008621944105,0.00637095008,0.006225062453,,,,,,,,,,,-0.008143864131,,,,0.005684819206,0.00947441276,0.004105853588,0.00621859071,0.002388642721,0.003802811264,,,,0.004603557527
1974-01-31,0.005980663926,,,,,,,,8.710549237e-05,,,,,,,,,,,,,,,,,,,,,,,0.004838242442,0.001196034034,,0.003392828808,,,,,,,,,,,,-0.003752037141,0.005898794225,-0.001772517077,-0.002534035877,,-0.00113378612,,-0.005531275093,,,,,,0.002804064039,,,,,0.0004817818473,0.0004817818473,0.0004817818473,-0.001099598753,-0.0002332911362,-0.0002332911362,,,,,,-0.003528152858,-0.003528152858,-0.003528152858,0.001438408555,0.002975338284,0.0002732974813,0.005674662586,0.002820013611,6.668745001e-05,,,,,,,,,,,-0.004697024076,,,,-0.004830420205,-0.004657872424,0.001045979578,0.0004540461655,0.0003370741943,0.0001965675395,0.002526672684,0.001583268068,,-0.002400524396
1974-02-28,0.001986923209,,,,,,0.002389362575,-0.001738176874,0.0005500751587,-0.001386385925,,-0.0007378906189,-0.001208046927,0.0008559496394,,-0.0006542986904,0.00134997624,0.001131898094,0.0007222197753,0.0003854595779,,,,,,,,,,,,0.0006563464784,-0.0008647385936,-0.0002200984321,0.0008446090052,0.000706859331,0.0004782963024,-0.0008591280849,,,,,-0.001135112295,-0.0007971770115,-0.001201498935,,-0.000203601316,0.0009551102412,-0.002191806054,0.002846875644,,0.002887595462,,-0.002198744189,,,,,,-0.0004810630663,0.0009502135233,0.001144422103,0.000414500784,,0.001435365616,0.001435365616,0.001435365616,0.001678119331,0.00191155682,0.00191155682,0.001143438672,,0.00166073045,,,-0.0003860119857,-0.0003860119857,-0.0003860119857,-0.001346423225,0.0005033225762,-0.0007384206202,0.00223876492,-7.381033922e-06,0.001161826608,,,,,,,,,,,-0.0003865866953,-0.0005631456613,-0.001224906147,-0.0005504153317,-0.002378812132,-0.0009512307005,0.002283416614,0.002766814976,0.002833483139,0.003051304209,-0.0003602669169,-0.0001214494834,,0.002528866147
1974-03-31,-0.00208069049,,,,,,0.002689308482,-0.001953805961,0.006608080195,0.004537440661,0.007639768441,0.004981623054,0.005688620888,-0.008580013582,,0.001675758534,0.00290439348,0.00109779988,-0.002199978486,-0.003970045008,,,,,,,,,,,,0.0001388788369,-0.006912498325,-0.009083952184,-0.005998458816,-0.008964384243,-0.009191437094,0.006614292532,,,,,-0.002842470434,-0.005478372459,-0.006650211264,,-0.003083495885,-0.006690622684,-0.004638412433,0.006160344748,,0.006661157725,,0.005882315615,,,,,,-0.006541830467,0.002890448545,0.004452429873,0.003236719525,,-0.002000025285,-0.002000025285,-0.002000025285,0.001586724611,0.002298724475,0.002502375424,-0.003875774405,,-0.002180238805,,,-0.0004262628241,-0.0004262628241,-0.0004262628241,-0.008727276835,0.005777709675,0.006080374988,0.007241475655,0.007625534641,0.006894331504,,,,,,,,,,,0.003414495429,0.006137278122,0.006974400478,0.007054940162,0.005127821891,0.004110984858,0.004265924712,0.004617596979,-0.0002041961685,0.0008290023319,-0.005867510314,-0.006236095211,,0.006280724567
1974-04-30,-0.002373645942,,,,,,-0.0002042895937,0.003250473794,-0.006198440184,0.001345256073,-0.0002440287154,0.0001021144342,-0.0001471424479,0.004755856232,,-0.0003816640374,-3.268991062e-05,0.0004585112493,-0.001929004856,0.002161662049,,,,,,,,,,,,-0.002318189522,0.00101166053,0.004211902485,-0.001888913988,0.00415485251,0.004471223281,0.0007922554146,,,,,-0.0001427635849,0.0001519103381,-0.001903106194,,0.006540173155,-0.0001547919217,0.003180699338,-0.00386920329,,-0.002594228248,,-0.0001727839887,,,,,,-0.0004810654642,0.0007994521175,0.0008731159479,0.0001259365387,,-0.0003514239064,-0.0003514239064,-0.0003514239064,0.00132732099,-0.002331870073,0.00128043297,-0.003808254761,,-0.004673176751,,,-0.000209407785,-0.000209407785,-0.000209407785,-0.001316669438,-0.001139706465,-0.002666388909,0.003691636011,-0.003941441611,-0.000894603935,,,,,,,,,,,-0.00397385142,-0.001144364667,-0.000756231691,-0.00410624652,0.001088793508,0.001756854959,-5.945940371e-05,-0.0004192584132,-0.001751760097,-0.002136341004,-0.0008287741928,-0.001617937371,,-0.001817485338
1974-05-31,-0.001881009835,,,,,,0.006356730271,-0.001593513174,0.001199096125,0.005215727576,0.003653724321,0.005846932898,0.005789341617,-0.008475815827,,0.003674126862,-0.0009296928815,-0.003064905124,0.004102518161,-0.00199569774,,,,,,,,,,,,0.001816119294,-0.005508966761,-0.007669401257,-0.005995690851,-0.008263406604,-0.007929026517,0.008257952497,,,,,-0.005685476669,-0.002623675837,-0.007782258653,,-0.002991801682,-0.004269692928,-0.0008204647954,-0.0001393064421,,-0.002303703244,,-0.0005556981833,,,,,,-0.005143141527,-0.002551384037,0.0009123186907,-0.0007161141332,,0.009514536308,0.009514536308,0.009068826507,0.00832270588,-0.005454492444,-0.005454492444,-0.004689584508,,-0.001686202674,,,0.005130944224,0.005130944224,0.005669977512,-0.005185014417,0.002112227193,0.007936889307,0.002691702002,0.000293922127,-0.0005175767921,,,,,,,,,,,0.0004030031895,0.004609426814,0.006132394741,0.005238226853,0.0013719767,0.00263497837,-0.0001948876309,-0.0009830688636,-0.0003085411993,-0.000693401246,-0.003220495306,-0.002027726893,,-0.003024504836
1974-06-30,-0.00454818499,,,,,,0.0005727590197,-0.002515570591,-0.005617511581,0.0034105051,-0.001351937591,0.008028295069,0.003867098471,-0.008904000157,,-0.005592888873,-0.003521822135,-0.002811159338,0.0003292278314,-0.002300847807,,,,,,,,,,,,0.006370427105,-0.007082191901,-0.00820162996,-0.01032314471,-0.009921606893,-0.008893353438,0.008639289091,,,,,-0.00426062297,-0.005586653245,-0.0009717827162,,-0.006363871581,-0.008021344646,-0.002360140849,-0.0002873360676,,-0.002437267998,,0.003738325734,,,,,,-0.007833189775,-0.006976198477,0.0009131223765,-0.0007689403724,,-0.006169582692,-0.006169582692,-0.006150635505,-0.006017623865,-0.008651695139,-0.006169582692,-0.00407584889,,-0.004636675292,,,0.007960934417,0.007960934417,0.009670302951,-0.005808865354,0.009512866294,0.0104955226,0.009050509901,0.01048056619,0.01042883611,,,,,,,,,,,0.006144674307,0.01103906332,0.01017005059,0.01022643276,0.005815672581,0.004120785774,0.001234925961,0.0008229557346,-0.00534723958,-0.005492419933,-0.009050491675,-0.005450063288,,-0.002880374701
1974-07-31,0.00305023725,,,,,,5.080898117e-05,-0.001247537734,0.003045017138,-0.000693058789,0.0002968005315,-0.001200548237,-0.001573652266,0.002708985427,,-0.0007459977058,-0.0004925662578,-0.0003956928131,-0.000245409553,-0.002100013471,,,,,,,,,,,,-0.0009454824876,0.002545206113,0.003798983735,0.000514366015,0.003908795639,0.003630677975,-0.001423792594,,,,,-0.0002643774067,-9.558507924e-05,-0.0006327788921,,0.0009137313617,0.003073046073,0.002291938026,-0.0004910181867,,0.003067636896,,-0.0002050150515,,,,,,0.002392762123,0.0008948777127,0.0003297520697,0.0007831845857,,0.006381969544,0.007105851666,0.007105851666,0.007184484771,0.007166594992,0.008594815061,-0.000591339331,,0.0004095540399,,,-0.0003410549652,-0.0004648845747,-0.0004331521002,0.003868685987,-0.0008246473269,0.00237759409,-0.00117196386,-0.001035364804,-0.001030322132,,,,,,,,,,,-0.0041957648,-0.001371774233,-0.002059075756,-0.001986815805,-0.003911900276,-0.001746359864,0.0004547348212,0.0005689004496,0.004983810099,0.004859474962,0.001431234862,0.002484374933,,0.002423741401
1974-08-31,-0.003072675826,,,,,,0.007008789624,0.008106949364,-0.001223075512,0.001510304871,0.002420128805,-0.0007271932492,-0.001604311465,-0.002660524959,,0.0006100842332,0.008156546464,0.003389260374,-0.01160280201,-0.00261571315,,,,,,,,,,,,-0.002056674096,-0.002619688234,-0.002133484379,0.003428526337,-0.003312129167,-0.00321497855,0.002909429769,,,,,-0.005964209201,-0.006857717194,-0.01027748663,,0.001640925691,-0.006389745073,0.003279858197,0.002792329464,,0.001958486472,,0.004983504441,,,,,,-0.001655034078,-0.003084309921,-0.005981998427,-0.004660006192,,-0.0009679552351,-0.0002537345915,-0.0002537345915,-0.0009554670917,5.013927225e-05,0.0007643599159,-0.0133927471,,-0.0009519819478,,,0.001738872732,0.01094263335,0.01096026084,-0.001359871455,0.001721103021,0.009657321749,0.00125526108,0.002698243644,0.002620893537,,,,,,,,,,,-0.007912705224,0.00166561713,0.00316142376,0.002564512052,0.001038391016,0.002925217646,-0.00370485756,-0.0035074379,-0.00184744264,-0.001647392437,0.002037904358,-0.001234794759,,0.003922983067
1974-09-30,0.00424214356,,,,,,0.002681541455,0.005333771587,-0.0001134888731,-0.006910656571,-0.001491698597,0.001137140245,-0.0006236767527,0.002367882716,,-0.006965010054,-0.006542894445,-0.004332575831,-0.003322557715,-0.007236686618,,,,,,,,,,,,-0.01028163784,0.01272220936,0.01213857173,0.001843517777,0.01209370788,0.0122155516,0.001871500475,,,,,0.005603486179,0.007528453279,-0.00465958645,,0.008755011543,0.008018694534,-0.004539297798,-0.003376081176,,0.008261499193,,-0.01129085865,,,,,,0.00147832949,0.004551113365,0.01229845698,0.005425349848,,-0.002880534103,-0.006021492627,-0.006148203095,-0.006148203095,-0.006519638216,-0.01031257817,-0.003840172815,,-0.0005155814194,,,-0.0003120532403,-0.000822480014,-0.006878753967,-0.0008524205629,-0.001330504947,-0.002887663612,-0.002242898673,-0.001813694628,-0.0009322428277,,,,,,,,,,,-0.008987480168,-0.01126934621,-0.01217382688,-0.01173884556,-0.002222838428,-0.003164011117,-0.0046683188,-0.004580531251,0.001789048564,0.001598445004,0.001093585737,0.001092313789,,0.007344948809
1974-10-31,0.00593532427,,,,,,-0.002930612834,-0.002823419395,0.005541312733,0.002971008749,0.00230537266,-0.004654687545,0.002322671558,0.007712884414,,0.003741533512,0.001377994955,0.004652216941,0.003928005949,0.005101799902,,,,,,,,,,,,-0.007311774048,0.008145782059,0.01162117271,0.003527899369,0.01168765118,0.01149090762,-0.00612708806,,,,,0.00347352525,0.00321132197,0.00410842144,,0.002286829887,0.008617496791,0.007721489266,0.0009616445159,,0.002545791169,,0.0008148690495,,,,,,0.009601969335,8.899071686e-05,0.005321594185,0.0002524395313,,0.009301941063,0.01257825859,0.009301941063,0.007952151752,0.007316615833,0.007088373988,0.003953629438,,0.003054169031,,,-0.007406776616,-0.006333506555,-0.00644005968,0.007962468042,-0.007551830786,-0.003418617251,0.0002717445034,-0.00763852167,-0.007227174059,,,,,,,,,,,0.00330516129,-0.008363688972,-0.008476850261,-0.008663279929,-0.009150945454,-0.002728945648,0.002560363471,0.002705610241,0.01037265005,0.009965745389,0.007067320488,0.0070207898,,0.002610153905
1974-11-30,0.002762808966,,,,,,-0.004990530424,0.005382403581,-0.01036034588,-0.006857617644,0.004115046919,-0.003639142157,-0.005426817496,-0.01130627984,,0.003581088163,0.004353491429,-0.004352489459,0.004110463807,-0.01059076396,,,,,,,,,,,,-0.001077887815,0.00104098052,-0.01067970659,-0.01114121871,-0.01115696271,-0.009619611994,-0.003806714527,,,,,-0.001433254736,-0.003545271944,-0.01016889135,,-0.008693078763,0.002233808087,-0.008696155421,0.004416632339,,0.006877000769,,-0.006542783432,,,,,,-0.000558947003,-0.007182291065,-0.00993510918,-0.009096645259,,-0.0148649667,-0.01529819205,-0.01508997712,-0.01271104166,0.01161506922,0.0138105991,0.003831165274,,0.006988273998,,,0.0007858880103,0.0011628965,0.0004086426342,-0.00736334719,0.002152299363,-0.0002263019202,-0.005171240258,0.001395011125,0.0007053175562,,,,,,,,,,,-0.01090782299,0.0005754242812,0.001297038294,0.001296799101,0.002502213191,-0.002123577806,-0.002309533293,-0.002631150798,-0.001058219496,-0.0006106727717,0.005000650579,0.0007088902676,,0.005321404422
1974-12-31,0.001631600307,,,,,,0.005998962927,-0.003963831842,-0.002760256509,-0.002266474918,-0.003690809958,0.004486665673,-0.002472027573,0.005552098502,,-0.002258687795,-0.003173843862,-0.002706150216,0.005626161604,-0.001043450768,,,,,,,,,,,,0.001549056575,-0.003587346019,0.005097025143,0.005944180976,0.005469736329,0.005638669732,0.005179909765,,,,,0.001914989314,0.0006435962027,-0.0006498673356,,-0.0003179492497,0.002844119355,0.002308269143,-0.006163324407,,-0.005540490813,,-0.003350467137,,,,,,0.004345621611,0.00227854666,0.00772939374,0.006235558727,,-0.003490790923,-0.005954296026,-0.004790776897,-0.004619310703,-0.004326505506,6.656097812e-05,-0.002682689767,,-0.002479456291,,,0.001034897953,0.002396505456,0.001984617281,0.004581004209,0.002634812723,-0.0003270044753,0.007188253042,0.006552059426,0.002724654363,,,,,,,,,,,-0.006468940601,-0.004283673348,0.006964585005,-0.004197651951,-0.006866937982,-0.0002452383807,-0.0005789454749,-0.000591147819,0.00174468166,0.0008797429031,-0.003132892753,0.003681136689,,-0.005924900552
1975-01-31,0.00133937174,,,,,,-0.003239542592,0.006519107747,0.01025530296,0.006114044562,0.006064326884,-0.004273878758,0.005990690305,0.004686463634,0.01042679223,0.007018990612,0.007379887677,0.007186104893,-0.002663883281,0.007880622558,,,,,,,,,,,,-0.008215068175,0.007832003873,0.00390596601,0.002703715602,0.00449581832,0.003687420583,-0.006396798947,,,,,0.008956406691,0.009725668316,-0.001626989718,,4.639571796e-07,0.004196408577,-0.002557293763,0.006097297528,,0.01308601774,,-0.004436673158,,,,,,0.01342482404,0.001632188999,0.01003531622,0.01242411775,,0.006785910871,0.0118982551,0.01093973623,0.008579464265,-0.006785910871,-0.01195990022,0.007471066235,,0.006201967364,,,-0.01115139473,-0.008937550534,-0.01156558238,-0.002863328261,-0.00455873112,-0.01210501757,0.01036152456,0.007434430411,-0.005692573785,,,,,,,,,,,-0.003577338558,-0.01095194472,0.002957168966,-0.004662261857,-0.003773558882,-0.000802241369,0.008881095414,0.009100662685,0.0004180679172,0.0006872467695,0.0002108414462,0.009255312249,,0.01401282937
1975-02-28,0.006178102069,,,,,,-0.005200955975,-0.0008945922455,-0.001194362749,-0.004731332277,-0.005758185386,-0.0003633285939,-0.002752113947,-0.002242031936,-0.003214494939,5.076391762e-05,-0.001081929289,0.004975627234,0.002085701332,0.006142227998,,,,,,,,,,,,0.001120331508,0.006014092263,-0.0005156525716,-0.002992850917,-0.001518650201,-0.002137632325,-0.00500505119,,,,,0.004438017488,0.001516204306,-0.002645194657,,-0.004574161645,0.006739082044,-0.003728088317,-0.001946199282,,0.005228931486,,-0.006122448575,,,,,,0.001944868159,-0.004358357336,-0.002368969286,-0.002091451972,,-0.004816279628,-0.003329904673,-0.003598385143,0.002055286437,0.003536360891,0.003598385143,-0.0009341507122,,-0.0001210708459,,,-0.001935725976,-0.001536866958,-0.0011785529,0.001104129498,-0.004081555903,-0.001385428771,-0.002078830779,-0.001697211133,-0.00371930698,,,,,,,,,,,-0.003093171751,-0.002009177518,2.323244356e-05,-0.004084527588,-0.005688304644,-0.005199606733,0.003717531762,0.003502787191,0.005564792979,0.005371522511,0.002134595407,-0.0006567912936,,0.005057881746
1975-03-31,0.006404546839,,,,,,-0.003946174508,-0.003166968508,0.003291764774,-0.003532616667,0.0006075727158,-0.005334471911,-0.006933006765,0.005690802421,0.0033982486,0.0007199193692,-0.0001616424103,0.006404404025,0.005552088868,0.002851934497,,,,,,,,,,,,-0.0002024560281,0.001591839723,0.007330408913,0.0006109057367,0.005093842684,0.005213778822,-0.006669905059,,,,,-0.001557026413,-0.001349502462,5.539988155e-05,,-0.000100972522,0.006975413804,-0.001603875507,0.006599433845,,0.007707883801,,-0.001354762946,,,,,,0.006691942482,-0.005447955471,0.003027562261,0.001945999994,,0.0006242341894,0.001426029479,0.001426029479,0.001119307373,-0.004322990104,-0.003887001644,0.003666158018,,0.004764701088,,,-0.007540809773,-0.005740096466,-0.005178378692,0.002013308091,-0.004034876337,-0.007745235577,0.009892339336,0.00176190042,0.004784022518,,,,,,,,,,,0.001689000287,-0.001923367088,0.006480548965,0.005587924846,-0.008314465553,-0.004776947639,0.009393135706,0.00884190508,0.008364913248,0.008030457145,0.004155748628,0.001022511347,,0.007082424871
1975-04-30,-0.006928625814,,,,,,4.242856112e-05,0.004105462546,-0.0002470410338,-0.005144061492,-0.00182783239,0.002974916304,0.01020963839,-0.005489557399,-0.0006678395423,0.007019378487,0.004397594761,0.006670222991,0.005653177685,0.006566849235,,,,,,,,,,,,0.0012534119,-0.0007747166291,-0.003825155617,-0.001332171177,-0.004531610396,-0.004463722675,-0.002781414661,,,,,-0.003910433907,0.0008625772524,0.0004961427341,,-0.003184814658,-0.009611942592,-0.01080023065,0.002434312515,,0.006753524622,,-0.00520951177,,,,,,-0.005504903624,0.00630252035,-0.000334124557,-0.002397812388,,-0.03565469403,-0.03588935482,-0.03419099123,0.03476762116,-0.03667063157,0.0344568083,-0.006600492387,,-0.004516394749,,,0.007794547473,0.006126971936,0.00746898732,-0.01283245362,0.005931052386,0.004927340665,-0.004164673883,-0.001753758174,-0.003219418152,,,,,,,,,,,-0.009925299219,0.0006943946274,-0.005946311706,-0.003573247934,0.007332624129,0.007379416664,0.003531931017,0.003478883281,-0.004751677559,-0.004235272557,-0.001772416905,0.0007790574189,,0.01133186296
1975-05-31,0.000787821159,,,,,,-0.002042427699,0.001315176027,-0.00172562256,-0.002454631326,-0.002096058893,-0.0003649930449,0.0003208312332,-0.002410092183,-0.002310407264,0.001700542149,0.002066957291,0.004447217806,0.001755387496,0.001702207622,,,,,,,,,,,,-0.00374601008,0.004866714947,-0.002040362069,-0.001251301152,-0.001736078912,-0.001849318215,-0.005628800412,,,,,0.005747208175,0.004968347092,0.0005105045075,,-0.0016586415,0.002938961488,-0.0003449577429,-0.003037502598,,0.003653733968,,-0.004044543951,,,,,,0.0005101322584,0.001836450096,0.001458850641,8.919698067e-05,,-0.0003749166757,-0.0003749166757,0.0008913317728,0.001994661198,-0.001395169956,0.001487536359,0.001694929971,,0.002582863065,,,-0.002910719003,0.0005263394324,0.0004911967086,0.0006264593533,-0.003228850234,0.002300912691,0.001202039215,-0.002034689193,-0.003168405454,,,,,,,,,,,-0.003730558957,-0.008071696956,-0.003797011607,-0.008667613146,-0.001388493956,-0.0001395342496,-0.0001786563722,0.0006312402238,0.004941998786,0.005264737819,0.002110822815,-0.0005407165077,,0.005362179251
1975-06-30,0.004081974649,,,,,,-0.0007339109242,-0.001196568679,0.0002096777791,-0.002763381579,0.0002882737528,0.003218490616,-0.003824272449,0.003689136016,-0.0004643786966,0.001456560337,0.001045053805,-0.003381329891,-0.001874180394,-0.005020849628,,,,,,,,,,,,0.0009522129376,0.001811335149,0.003487525581,-0.0005999059862,0.002775613325,0.0006990623883,-0.001936094274,,,,,0.001234775257,0.001164639459,-0.0008587542781,,-0.002435767668,0.00467213073,-0.005128279519,0.001697280735,,0.004890849435,,-0.003361813774,,,,,,0.0005521738648,0.002690936044,-0.001331967281,0.003389322295,,0.0002767577529,0.0003363809603,-0.000115055356,0.0004712986096,-0.003325484317,-0.002569301636,0.0002092564874,,-0.003934926298,,,-0.001640160538,-0.002378809973,-0.003986081226,0.003130297143,0.0005385837624,0.0008965208036,0.002189865943,0.004783138444,-0.0004764051552,,,,,,,,,,,-0.001012867239,0.000646885,0.0005237911298,0.001932646977,-0.002700384725,-0.003361027942,0.003668624733,0.00387905634,0.004898432246,0.004770924628,-0.00116148528,-0.001680854111,,0.004377800944
1975-07-31,0.01023348169,,,,,,0.0001360927978,0.0007400885814,-0.003600644911,0.001494935185,-0.002032611745,-0.0004477402963,-0.0005008805775,-0.004226521869,-0.004444831695,0.0008707584459,0.001405869926,0.00102140377,-0.002552739601,0.0005802047242,,,,,,,,,,,,0.003538359888,-0.00136552205,-0.002603471378,-0.004105715173,-0.004353994717,-0.005060251331,0.0004339190338,,,,,0.0009388046994,0.0002455459285,0.001197197375,,-0.00410178013,0.007759129045,-0.009625293888,0.008116783317,,0.009439757392,,-0.007769049382,,,,,,-0.0001963518206,-0.0002720056491,0.002540704404,0.002887520304,,0.007628826078,0.007879840437,0.007053791228,-0.006515681519,-0.006853694738,-0.006657099876,-0.001844187197,,0.001426640594,,,0.001681860288,-0.003095952195,-0.0002355874265,0.0005171113921,-0.001272892451,-0.0006620235284,0.004001302999,-0.003605783913,-0.0009882040217,,,,,,,,,,,-0.005144285937,0.0007705033887,-0.002448222912,-0.002353276912,-0.007080718519,-0.008346368106,0.009183078072,0.009367649783,0.007520120815,0.008020474191,0.001186663008,-0.0004673341834,,0.007763838533
1975-12-31,0.002204074991,,,,,,0.005381442362,0.002427365262,-0.001612538164,0.0002684873737,-0.004992865946,0.005357950209,0.007515095998,-0.002898423667,-0.002334013055,0.008774263332,0.007513079824,0.006043513054,-0.001687867315,0.007888743659,,,,,,,,,,,,0.004785965421,-0.001547288714,-0.0002881893739,0.0003423286798,-0.001643403022,-0.002467190437,0.0007784016325,,,,,0.005263930005,0.005671986242,0.006729535338,,-0.006721736158,0.003649569578,-0.002519687761,0.001484614687,,0.006250354774,,-0.003407402546,,,,,,-0.001613518986,0.003831827333,0.003783985804,-0.0006234538691,,0.003539521804,0.003173728956,0.003780225292,-0.0009364261331,0.0005393896221,-0.00304113937,-0.007622261429,,-0.001613072016,,,0.002396701639,0.002411923613,-0.004109425681,-0.0007238795884,0.004218879719,0.006129490765,0.005469158376,0.001880724236,0.001628657083,,,,,,,,,,,-0.0007984563321,0.004833175272,0.003655227245,0.00408185306,-0.0001320903101,0.0004922379492,0.00358647166,0.003833628649,0.0002640977559,2.559834242e-06,-0.0006994186646,0.0007067244014,,0.006769508285
1976-01-31,-0.00032708875,,,,,,0.003024901865,0.00552568183,0.005657025919,-0.001495370796,0.00114426299,0.003273280794,0.001750275325,0.002158660422,0.004525724596,0.00290797688,0.005827706382,0.003311113336,0.003484294517,0.004277171044,,,,,,,,,,,,0.001835259882,-0.00321171206,0.0033992949,0.0003735126144,0.001564322407,0.002209221517,-0.0004870362311,,,,,-0.002374567717,-0.003779230346,0.002617119716,,-0.003293894985,0.003781373265,0.0001299527421,0.007067104782,,0.00909844697,,-0.01382590822,,,,,,0.004830130355,0.00206519552,0.002530909598,0.002373167597,,-0.01416028981,0.01106663032,0.01090901561,-0.005975503896,-0.01583353254,-0.01583353254,-0.001477480175,,0.001043612024,,,-0.00175783111,-0.005181189062,-0.0009635289172,-0.00438279411,0.0006682204582,-0.001090964272,-0.003565376541,-0.0006405471267,0.001591520185,,,,,,,,,,,-0.002959083935,-0.001465854814,-0.009001892474,-0.001238980065,-0.005168529951,0.001064265643,0.007278751326,0.007757677494,0.001639225339,0.001864949582,-0.0001344507341,0.002357312569,,0.01279575626
1976-02-29,0.008633225792,,,,,,0.00205068417,0.005155613151,-0.001884972949,0.007869244285,-0.001887509993,0.004064039484,0.005320718392,-0.000858434843,-0.0002453909875,0.009583471192,0.005969394224,0.006225635603,-0.001667690922,0.008494086545,,,,,,,,,,,,0.0001217534879,0.0004099792451,0.0009382674606,-0.002839330298,0.001679603128,-0.000972620978,0.0008933519115,,,,,0.008136972742,0.008569109039,0.004102843348,,0.0002190201543,0.01054241384,0.003095258159,0.003105967985,,0.0002872854768,,-0.003601645668,,,,,,0.004221069651,0.009287318518,0.003400558186,0.002760133693,,0.0001135785388,-0.0003512659775,-0.0006005108431,0.0006634098189,-0.0002264732161,0.0001113864453,-0.00556609567,,0.003272988011,,,0.0007979176852,-0.0006028669828,-0.002111511125,0.004730306895,0.006924749857,0.003414451963,0.004199631338,0.007371450108,0.0008007505459,,,,,,,,,,,0.001268905983,0.002738913435,-0.0002533494407,0.00396373376,-0.009805016065,-0.003875983571,0.008838302273,0.009190023846,0.007381746736,0.007840703586,0.001424093275,0.002582185754,,0.001710667708
1976-03-31,0.00221836406,,,,,,0.004496490325,0.007739252083,-0.00029489785,-0.001011615817,0.002523943251,0.006771021488,0.006191800384,0.0007532385847,-0.0014824013,0.0001500419594,0.004566429803,-0.001742722764,0.000243298906,-0.0008046130084,,,,,,,,,,,,0.004335497021,-0.004693238149,-0.001540114706,0.0005538655964,-0.001177782507,0.001227392507,0.006855388758,,,,,-0.001154033876,-0.0002992240883,0.002415132915,,-0.003790692164,0.005069605287,-0.002501130021,0.003389019477,,0.0006787504158,,-0.001702934499,,,,,,-0.002333547295,-0.0003142933857,-0.0009477218416,0.001155629619,,0.002540442304,0.0002209554093,0.001014429311,0.00246836321,0.0004042540304,0.001707965742,0.0006673902524,,-0.003778867867,,,0.00408826657,0.003630378594,0.003560753928,-0.003752557533,0.0005214165494,0.002596574179,-0.006568407085,0.003206958629,0.0001744587857,,,,,,,,,,,0.004867803028,0.002733441814,0.002792047845,0.002738202673,-0.003533314839,0.003517982378,0.0005380031281,0.001031487918,0.002721609489,0.00289602699,0.0001471698835,-0.004274371151,,-0.0009089184508
1976-04-30,0.002119836781,,,,,,-0.004064813072,-0.006100759569,-0.007193091591,-0.0003886226504,-0.006073945177,0.000943940835,0.002557417974,-0.005974167434,-0.00528296993,0.002929975624,-0.001142207575,0.004150888295,-0.006452488147,0.004342811528,,,,,,,,,,,,0.004699181429,0.001990045849,-0.005012521323,-0.004895764935,-0.004328784205,-0.005193674721,-0.001691379228,,,,,0.003735987087,0.00407740842,-0.0001614284738,,-0.002779559033,0.004304144557,0.004548841559,-0.002535821894,,-0.0008935379386,,-0.0006966458216,,,,,,0.002625448241,0.005107388502,0.004839618174,0.00645148169,,-0.0007946144218,-0.0007946144218,-0.0006693714348,-0.0003798834929,0.0006526442337,0.0001274360368,-0.00454164323,,-0.003013387998,,,-0.006783395436,-0.005857356344,-0.006889498571,0.007179350791,-0.001056918466,-0.003699843632,0.002001051931,0.001396029509,0.004602857203,,,,,,,,,,,-0.006959342881,-0.00399923852,-0.00510124044,-0.00555079109,-0.002028959821,-0.001791257026,0.006157332144,0.006243285705,0.004215133943,0.004232257133,0.001498483124,0.002787925953,,-0.001041540881
1976-05-31,0.0008640360335,,,,,,0.003580943742,0.005010643217,-0.001075487407,-0.002576629249,-2.35429951e-06,0.004233567393,0.003746900009,-0.002060785015,-0.003272780156,-0.004307992042,0.0008575004791,-0.002172034488,0.0007456175427,-0.002996378407,,,,,,,,,,,,0.00595645348,-0.00530453455,-0.00491260772,-3.561921794e-05,-0.005297396206,-0.003127681615,0.004609650106,,,,,-0.001602111687,-0.002362896923,0.001651918929,,-0.004383238466,0.001816189276,-0.00650987311,0.007271079102,,0.004484071319,,-0.004953094504,,,,,,-0.007028456966,0.003104868582,-0.002075349364,0.002239281913,,0.0001758635757,-0.001224497642,0.001700232183,-0.0003183125481,-0.001057332135,0.0009605023034,0.002278070421,,-0.004800573206,,,0.00733906645,0.006008603605,0.006461548487,-0.008568471419,0.001306202895,0.001395628102,0.001014780938,-0.0003028997951,0.001786150925,,,,,,,,,,,-0.008904017182,-0.002494494042,-0.001187129282,-0.002041844083,0.0007332637372,0.00262242155,0.0008929519688,0.001303663197,0.002983130924,0.003472476009,-0.004677345569,-0.006031584957,,0.004189406197
1976-06-30,0.004465920478,,,,,,-0.0001416956796,-0.0001262385498,0.004689597054,-0.001038235212,0.003126077927,-0.0003845693882,0.00213287968,0.004707467934,0.005577567462,0.005027920169,0.003454479786,0.003650392604,0.004709129836,0.002433976633,,,,,,,,,,,,-0.002340210287,0.001733993654,0.007618154512,0.003805755126,0.006540508426,0.005155556286,-0.003027994399,,,,,-0.001609332326,-0.001113710557,-0.0006332318407,,0.004238959181,0.007340966507,-0.003813062282,0.002568706514,,0.003943663551,,-0.001822075875,,,,,,0.006639741419,0.0002774070722,-0.00285926904,0.0006122680806,,0.001299129824,0.0008208909625,0.0007162732084,0.0002441248854,-0.002122241052,-0.002122241052,-0.002896190219,,0.004823570323,,,-0.002669374523,-0.004972734705,-0.004574121576,-0.001786991561,-0.0005125007356,-0.00227750506,-0.0003228308176,0.001146582329,-0.0003146713235,,,,,,,,,,,-0.00573815457,-0.0009567569359,-0.0002387373258,-0.0002254740408,-0.002689305003,-0.006982767671,0.003528655529,0.003554072561,0.003737741597,0.00320164768,0.005477627698,0.006098843863,,0.003725202228
1976-07-31,0.003460885568,,,,,,0.00177185491,0.002926872867,-0.004889041782,0.001381913001,-0.00118415495,0.001837525591,0.004587320217,-0.005368436853,-0.005768237168,-0.001274362495,0.001173290765,0.002641345249,-0.00374517872,0.00240760933,,,,,,,,,,,,0.004820004029,-0.002267595043,-0.006559624461,-0.004609205857,-0.006248838342,-0.004870408996,0.003618321736,,,,,0.004226417492,0.002801402117,0.0004647495829,,-0.004774404726,0.003737123205,0.0004937896134,-0.001970747822,,-0.001859051265,,0.0007704181261,,,,,,-0.002836794833,0.004400696357,0.001145184978,0.004955005213,,0.0001212060592,-0.0003621643755,-0.001806803639,-0.000349142999,-0.0007212040851,-0.0001675020512,-0.002576233809,,-0.005257260704,,,-0.001160242389,0.001148759473,0.001572906905,0.002059252783,0.002702691142,0.005878083602,0.006183028958,0.00112377581,0.002808069169,,,,,,,,,,,-0.006101257835,-0.0009167222774,0.002380696545,-0.0008065028677,-0.0002416979412,0.002222540173,-0.002843496264,-0.002791765841,0.002872634756,0.002497026985,-0.002420835763,-0.003313813317,,6.690288878e-05
1976-08-31,-0.0005950855863,,,,,,-0.0023972639,-0.001317236956,0.002081464359,-0.0004804498347,-0.002499780799,0.001389027396,0.001981428776,0.0007437792541,0.001164947834,0.002738130622,-0.0006815059031,-0.0008129705928,-0.0008625336093,0.002162993562,,,,,,,,,,,,-0.000165976089,0.001388363266,0.002492688422,0.0009916387314,0.002599123182,0.001276216765,-0.003316629526,,,,,0.0008262107527,0.001173676551,-0.002998621042,,-0.0003305120839,0.002186200279,0.003479164632,-0.004365971108,,-0.002576243908,,-0.002774344902,,,,,,0.001283197224,0.003526632021,0.0009888310321,0.002524372949,,0.0009905299317,0.003387263258,-0.000154269254,0.001081641663,0.003099818236,-0.00160613144,-0.002341339706,,0.0005512166565,,,-0.001510660889,-0.0005113820922,-0.00242898582,0.002586221326,0.002225704342,0.004059809497,-0.00103316148,0.001622618806,0.0005402030355,,,,,,,,,,,0.0004229088324,-0.001305246742,-0.00515216183,-0.001951840271,-0.001911881281,0.0007811197884,-0.001396643109,-0.001192455391,0.004078298682,0.003850882081,0.002118166423,0.001817172961,,-0.00163750489
1976-09-30,0.002549194004,,,,,,-0.00150329002,-0.001453565276,3.383864087e-06,0.0009977285163,-0.003550911654,-0.001253543454,-0.0008033463118,-0.000479804924,-0.001898131507,0.001228395778,0.001708495397,0.0007264398283,-0.003927461414,0.003289980018,,,,,,,,,,,,0.002859893203,0.0002458182428,-0.001211518886,-0.0008309209094,-0.0009592366247,-0.001078608467,-0.001544832311,,,,,0.001084098403,0.002545522912,0.0009992882117,,-0.00156064402,0.002561285502,-0.0005696176893,0.0002500467806,,0.003357574961,,-0.004160097327,,,,,,0.0004731893317,-0.001495696966,-0.002221612397,-0.002091850406,,0.001862234424,0.001374710037,-0.0009171023533,0.002024793038,-0.003101205732,-0.003927759025,-0.003485620722,,-0.002584975829,,,0.001059122355,0.0006164200426,0.00108742868,-0.0002440578647,0.0005835480899,0.000132022603,0.001209542652,2.283345255e-05,0.00189442118,,,,,,,,,,,-0.002597478404,0.0007199127992,0.000750497147,7.086167953e-05,-0.001093069725,-0.0005951047488,-0.0006149328102,0.0002507981832,0.0034859883,0.003607776806,-0.001099928301,0.0001664603031,,0.00305836357
1976-10-31,0.006712569226,,,,,,-0.002770992751,-0.004395992915,-0.0001910366286,-0.004110003597,-0.00498826864,0.0004369550289,-0.002667826208,-0.001553903564,-0.005455825572,7.404371449e-05,0.002050966606,0.002884889924,-0.004330582163,0.003943981386,,,,,,,,,,,,0.006503679174,-0.001094242333,-0.002296161189,-0.001039560608,-0.002765745531,-0.001089921373,-0.002550526346,,,,,-0.0007240386927,0.000636241296,0.0002742237844,,-0.002565307701,0.005063868907,-0.004069472142,5.570277491e-05,,0.001167568207,,0.0004261137013,,,,,,0.001367105293,0.002574378704,0.002396192377,0.001958200358,,0.0009838570509,0.001041761232,0.0005344224014,0.0002388723318,0.000146528305,0.000146528305,-0.002400256231,,-0.002545623958,,,-0.003721021889,-0.004176395289,-0.004733661368,-6.64622584e-06,0.002053295155,0.002166389036,0.002688046308,0.002741554833,-0.00301189202,,,,,,,,,,,0.004021421844,-0.003707764043,-0.002388460541,-0.003620514009,-0.001242714844,-0.003158792525,0.0009516069118,0.0008117798222,0.002991830744,0.002812092696,0.001835801553,0.001540422796,,0.0003011469071
1976-11-30,0.003858976878,,,,,,0.0002076916361,0.001703806587,0.002356407836,0.002557363788,-0.002796080603,0.002478263727,0.004841314201,-0.000856178115,0.002433201259,0.007966308678,0.004418239557,0.005300391992,0.002209734976,0.006196801685,,,,,,,,,,,,-0.004192628367,0.0004428209434,0.005487808569,0.0008221925562,0.004483778837,0.0003540448884,-0.00133203759,,,,,0.004568978508,0.005916870122,0.001927901334,,-0.001536435227,0.006349366877,0.006620705505,-0.005164961243,,-0.001581376686,,-0.001386883306,,,,,,0.003213122191,0.001156987162,0.0002217969871,-0.004212705468,,-0.0008730638152,-0.0004052841321,0.001403407098,-0.00120594876,-0.0008127690932,-0.00112635013,-0.006601893795,,0.0004722636657,,,-0.0002519376114,-0.004637490931,-0.002916231317,0.003616914764,0.002679493942,0.005488376404,0.006141030896,-0.0002808355202,0.00324347217,,,,,,,,,,,-0.0008584158459,0.003608912942,0.006458476587,-0.0003078635995,-0.0015157949,-0.002768263513,-0.002779977754,-0.002657379801,0.0003317812607,-0.000219123408,0.001974501251,0.002488917499,,-0.001589781535
1976-12-31,0.0131133267,,,,,,-0.001133329442,-0.008065804233,0.005818452691,-0.00548355527,-0.005314697761,0.006535087431,-0.0006611126175,0.004556691103,-0.0003030033291,0.008293794059,0.004927621033,-0.0004021561356,0.0003745977571,0.008644922958,,,,,,,,,,,,-0.009287748074,-0.006957530339,0.004580394478,0.004966814078,0.004956580642,0.002996507173,-0.007014363054,,,,,-0.001914651285,-0.005730705326,-0.006881593151,,-0.00485884853,0.011643793,-0.01060077834,-0.005716216835,,-0.005984460516,,0.004648595788,,,,,,0.008434571556,0.005194193062,0.005373822554,0.006639198855,,-0.000916454751,-0.003621143523,-0.002432336055,-0.001632849766,0.0001523624768,-0.001810458551,-0.01069079095,,0.004107996031,,,0.002581127492,-0.0112696916,-0.01137648822,-0.008602328376,0.01171713332,0.003051148714,0.009520898092,0.01090087577,0.00952877826,,,,,,,,,,,0.005205973227,0.007269077249,0.008162022496,0.00699926553,-0.0109168736,-0.008982809262,-0.006375997471,-0.006541013804,-0.0003642556755,-0.0002698290114,0.008570168186,0.006379384916,,-0.007228553177
1977-01-31,-0.008517700117,,,,,,-0.002863435363,0.007692182138,-0.004859189806,-0.0004033568432,-0.001142696164,-0.004446747544,-0.007687257968,-0.003684772715,-0.004795866056,-0.01322577007,-0.007199200421,-0.003433098635,-0.004024376494,-0.009712427085,,,,,,,,,,,,0.01242031702,-0.003925210532,-0.009548663109,-0.005552333863,-0.005300980567,-0.00446674243,-0.0003726183475,,,,,-0.009733752953,-0.01117567299,0.004517604712,,-0.008006685672,-0.007279891744,-0.002807812013,0.0080557948,,0.01161008837,,-0.01141990655,,,,,,-0.01058981867,-0.002537844429,-0.01136640859,0.000285489893,,-0.0006343685276,-0.0007003496954,-0.001142684014,-0.0005896072588,0.0007751470432,0.0007288271144,0.008544659042,,-0.007782713077,,,-0.003485208963,0.005979417359,0.009240310182,-0.005091936119,-0.009161580018,0.003945898705,-0.01109302533,-0.00304802118,-0.004645484868,,,,,,,,,,,-0.007915866483,-0.003432492014,-0.004942649641,-0.003498487417,0.008757909555,0.007973117826,-0.0002943737409,0.005161662529,0.007147602882,0.01017508815,-0.006165933371,-0.01012031918,,0.01093109358
1977-02-28,0.005893210165,,,,,,-3.010038998e-05,-0.004401518005,0.001944375597,-0.0003677092151,-0.003116641161,4.521097716e-05,-0.002767235279,0.001222007262,-0.001413805295,0.002100335753,-0.001242000293,-0.003257125401,-0.001911703475,0.000266323952,,,,,,,,,,,,-0.00257563396,0.003942787956,0.0004459015092,0.000980154583,0.00129997067,0.001547255989,-0.001329388505,,,,,0.0005842494608,0.005410130178,-0.002985242194,,0.000258117077,0.005597101003,-0.003730277908,-0.001892181015,,-0.001576909461,,-0.002424582961,,,,,,0.003504300664,0.005152668484,0.004452541463,0.001866031318,,0.0004238331205,0.0003171587465,0.0006555828677,-0.0011607051,-0.0001259197586,-0.001491677842,-0.006185765993,,0.0008436834612,,,0.003289509489,-0.0006124253093,-0.002866168077,-0.003669959633,0.004536075562,0.005515383891,0.004364673413,0.003634627183,0.002439526002,,,,,,,,,,,-0.004589342334,0.004665640506,0.004089053983,0.005188873394,-0.004442003961,-0.003768830673,-0.002035681893,-0.003811401576,0.005009410996,0.003031877544,1.154934685e-05,0.003435888962,,-0.002049190353
1977-03-31,0.003435765567,,,,,,-0.001104518763,0.0003308833357,-0.002226807088,0.004480790306,0.0002295985418,-0.0009539854035,-0.0003767125557,0.0005529899131,0.0006515420887,-1.219779599e-05,-0.0001825675341,-0.001472867511,8.906584855e-05,0.001060011539,,,,,,,,,,,,0.0007836089977,0.002322705267,-0.001245247221,-0.0003596974812,-4.762691711e-05,-0.000380780007,0.003926335487,,,,,0.002820791431,0.001360841637,0.002439191697,,0.003156400102,0.002660169786,0.0001776165317,-0.002898216962,,-0.001270458137,,-0.001159509927,,,,,,9.310101687e-05,-0.002110285398,-0.003470775566,-0.004963009253,,0.00050026602,0.0008317913461,0.000385850471,0.0004629689949,0.0004911239795,0.0005505525757,-0.001531655042,,0.003511028549,,,0.004621102497,0.004103613983,0.00203718574,0.0008062894668,0.0006301911514,0.001455487083,0.0001261422892,-0.002389530876,0.0006085501972,,,,,,,,,,,0.002445276757,0.003750350321,0.0005195114454,0.001401085893,-0.003668415534,-0.0009583205566,-0.002250735217,-0.001603595522,0.0008041680684,0.0007839639333,-0.00307564978,0.0005551573447,,-0.001684690366
1977-04-30,0.003110082743,,,,,,0.002881305732,-0.0001632470515,0.003175103289,0.001752169315,0.004849241742,0.001496094455,0.001880367421,0.00415459808,0.004900893627,0.0008386776435,0.001677372266,-0.001748693622,0.003381982701,-0.0006077583175,,,,,,,,,,,,-0.001864918617,0.001332397058,0.003143576083,0.00284698133,0.003179964243,0.004409506959,0.004224770933,,,,,0.002716819771,0.001022564425,0.001602433297,,0.001578756378,0.003755783935,-0.0009717076879,-0.001707617898,,0.0002264307186,,-0.003813377007,,,,,,0.001710614568,-0.0001742904971,-0.005524073864,-0.002787788724,,-0.0001418843676,-9.248948376e-05,0.0005908464851,-0.0001418843676,0.000970915424,-0.0006516841841,0.0008947289524,,0.003083104187,,,0.003864348684,0.004427778718,0.0009510808639,-0.001367886573,-0.002151532661,0.001213412264,-0.004530137286,-0.00496274074,-0.00169722115,,,,,,,,,,,0.0009152302231,-0.00127710121,-0.003963516121,-0.004544561283,4.895736612e-05,-0.0005309559254,-0.0036731138,-0.003517587616,-0.002437310728,-0.003164819139,-0.00181782803,0.001824193887,,0.000650986339
1977-05-31,0.005720239939,,,,,,-0.00262755878,-0.001047017304,0.002646444425,-0.001336879458,-0.002222780937,-0.001771200929,0.001860080907,-0.0001244497577,-0.0009856641281,-0.001012687855,0.0005170987888,0.004587013448,-0.003694410231,0.003796260921,,,,,,,,,,,,-0.00194697113,0.003030852255,-0.0003503012105,-0.0003541499224,-6.875539156e-05,0.0003443949423,-0.001701391672,,,,,0.002637601468,0.00198387324,0.0004528448519,,0.001912038359,0.006375455673,-0.00267591817,0.0008686264536,,0.003209032576,,-0.002020811355,,,,,,0.001532972548,0.001534212008,-0.001546343111,0.001643113828,,0.0006642529962,0.0007908228736,0.0008158734265,0.0007345072324,-0.001159782772,-0.0008432521387,-0.001552380423,,-0.003230410352,,,0.0008326806476,-0.0005884324467,-0.001718516903,0.0005063870403,-0.0003629491476,-0.001460678234,-0.001981689569,-0.0003969381189,0.001368204755,,,,,,,,,,,-0.001119834965,-0.0003938438106,0.0005235523933,0.0003754915298,-0.00275223459,-0.004031360134,0.001400489461,0.001360910344,0.001832142493,0.002081112155,0.003403052344,0.001390547508,,0.002221741355
1977-06-30,-0.0003444448778,,,,,,0.001049628722,-0.001351466443,0.002039398593,-0.0006721639058,0.00200598121,0.0004193494384,-0.000883080221,0.002226878874,0.001718974456,-0.0001218785669,0.001583637009,-0.002279530589,0.0005760068984,-0.00157306733,,,,,,,,,,,,-0.0006576457476,0.0003741035412,0.0009989026889,0.00288310474,0.001240012299,0.00191729665,0.0011225793,,,,,-0.0003177555265,0.001393476378,0.0001361824722,,-0.0006365232581,-0.0002589667174,0.001366418114,-0.001935295256,,-0.002525158551,,0.000131056374,,,,,,0.0004810830375,-0.0002649634442,6.953428392e-05,0.00122360933,,0.0002077794858,0.0003282073763,-2.003931792e-05,0.0002077794858,0.0004153794826,0.0002828133001,-0.0005923567674,,0.0006030529307,,,1.753680022e-05,0.003147496028,0.000214231456,0.0007432471073,0.001024267541,0.0008918916298,0.002281183865,0.001149267482,0.002451555339,,,,,,,,,,,-0.003688452438,0.0007065715011,0.003001554337,0.0007406798833,5.651933724e-06,0.001771813303,-0.00310154229,-0.003336304078,-0.001019471605,-0.001109313221,-3.467208308e-05,5.005233373e-05,,-0.002779892032
1977-07-31,0.001213425818,,,,,,-0.004661683699,0.0009936955614,-0.00191450932,0.001636245063,-0.003849459315,4.906315159e-05,-0.00448172518,-0.002792984245,-0.003226002983,-0.003162257953,-0.003384150547,-0.0003010433058,-0.003660797474,0.001610833108,,,,,,,,,,,,0.001927686074,0.004102318369,-0.003044971937,-0.0029975398,-0.003050044799,-0.003072893389,-0.0002953662505,,,,,0.001490373487,-0.001796303562,0.002123514202,,0.0007758471339,0.002309458729,-7.323003936e-05,-0.0007321370043,,-0.0004994461772,,-0.0003708802994,,,,,,-0.002707664337,0.002301538048,-0.0005670046434,0.0008814613184,,-0.0002643609353,-0.0002352225442,-0.001269078534,-0.0002643609353,0.000389545202,0.0008704391816,0.0002212144172,,-0.003724895,,,0.00105260807,7.763069994e-05,-0.001460702867,-0.0003515240047,0.001168851046,0.004713139963,-0.000542352766,0.001128368528,0.0008201837822,,,,,,,,,,,-0.0007101820086,-8.870533143e-05,-5.860418007e-05,-0.0001933015753,-0.002077819318,0.0007485093413,0.001180520129,0.0007497117341,0.00261102889,0.002665789262,-0.00142756466,-0.002816945209,,-0.0007087154305
1977-08-31,-0.00309199583,,,,,,0.00318403764,-0.001876117364,0.003109088104,-0.0009311064162,-0.0008081652503,0.002489576558,0.0005361181206,0.003564884926,0.0001212301684,9.571127391e-05,0.002491581688,-0.002191394627,0.0004033074501,-0.001856494595,,,,,,,,,,,,0.001398178054,-0.0004463508186,0.002724661566,0.00349084344,0.002614422454,0.00253678606,0.00277142344,,,,,0.000389301431,0.001402151688,-0.001443543068,,-0.000778133259,-0.002511388797,-0.00271763271,-0.0007503287231,,-0.0007969709857,,0.001370429396,,,,,,0.003566855631,0.0037945218,-0.004052073945,0.003724766069,,0.0008740677403,0.0009089619485,0.002875121815,0.0008740677403,0.001283788247,0.001283788247,-0.003633482032,,0.002936935382,,,0.002246480186,-0.0008828617504,0.0005272281967,-0.001162430467,0.004430086775,0.003998498603,-0.001725745575,0.004728063618,0.003874853789,,,,,,,,,,,-0.002896267948,0.00210034947,0.002771313806,0.002560654042,0.004872683019,-0.001797374646,-0.002586850868,-0.00194500411,0.001341384557,0.001467384242,-0.002759427413,0.003282982288,,-0.00058541356
1977-09-30,-0.00117742265,,,,,,-0.0004717439036,-7.968426163e-05,-0.001651522401,0.002575200637,-0.00142932455,-0.0008446566495,-0.002427041298,-0.002710049846,-0.002563933874,-0.0008124483012,-0.0002934188035,-0.00387595234,-0.001601660437,-0.0008395599785,,,,,,,,,,,,0.003214835461,-0.001083647094,-0.003171800431,-0.002325439799,-0.003255074243,-0.003430011607,0.00100559176,,,,,-0.002590063763,-0.003955399897,0.002221392479,,-0.002656676284,-0.0005038107457,-0.0007886030194,-0.002104393894,,0.00264676912,,-0.0004314390668,,,,,,-0.004021206646,-0.0010782818,0.001511736473,-0.001959268609,,-0.002027442319,-0.002027442319,-0.001595136922,-0.002027442319,-0.001828467754,-0.001880534883,-0.0005938361781,,-0.001110822363,,,0.0001150350488,0.0006048063313,0.002285951952,-0.001812171574,0.0009587039053,0.003821922092,0.0005645166158,-0.0007613096331,0.0007623129061,,,,,,,,,,,-0.001144014735,0.000867810339,0.0005229957005,0.0002571458859,-0.003637120387,0.0008705105528,0.001886110088,0.002317254328,0.003338588271,0.004000554689,-0.002114429789,-0.003757557996,,0.001338550664
1977-10-31,-0.005401754362,,,,,,0.0001470597828,0.001411875106,-5.496861399e-05,0.001625229186,7.133530882e-05,-0.00185462383,-0.001181380108,-0.00247247265,-0.00134350103,0.0004941359846,-0.001083171014,0.002523052504,-0.0009222250692,0.0005146778558,,,,,,,,,,,,0.002216722881,-0.001142133677,-0.0005559952697,-0.002873683842,-0.002258301527,-0.00214844402,-0.002444316147,,,,,-0.0008367364401,-0.0003094854106,0.0004622980188,,0.001123774227,-0.004297765045,0.00115226243,0.004768937315,,0.003370522475,,-0.008147834073,,,,,,-0.001269275072,-0.001305708425,0.002239626532,0.000281441967,,6.924755149e-06,6.924755149e-06,-8.258178028e-05,-0.0002999840942,-0.0005449449841,-0.0002230103656,0.001557671283,,-0.0007682400739,,,-0.001550587547,-0.003298665525,0.0003279405786,-0.0008746628247,-0.003985156103,-0.001188703482,0.002675600841,-0.004243396819,-0.0004390714407,,,,,,,,,,,-0.002762505528,-0.002275738859,-0.003499476373,-0.004533243458,0.004471171322,0.002530225141,0.004243765554,0.006407493016,0.002484076991,0.003892911521,-0.002694578089,-0.0005183259046,,0.003025444102
1977-11-30,0.002144461381,,,,,,0.0002740400957,0.002403279559,-0.0003627198459,0.002349794541,0.002527657331,0.001455709802,0.00169551122,0.0003723675877,-0.0003246671791,-0.002108026915,-0.0006020744103,-0.0001043582812,-0.001276907569,0.0009830107846,,,,,,,,,,,,0.002000145141,-0.001019083325,-5.777569785e-05,0.0006070178992,0.0007669247372,0.000854611309,0.002904078378,,,,,0.001227936851,-0.0002465966286,0.002213206477,,0.002438905549,0.00221654432,-0.002121927485,0.00128498223,,0.003959073295,,-0.001675421537,,,,,,-0.001676011794,-0.001353161144,-0.0008859977537,0.000505809193,,0.001165871919,0.001165871919,0.000471115892,0.0006963172527,0.002118900179,0.0009553754773,0.0006383764768,,-0.001301530381,,,-0.0006311288355,-0.0008175251314,0.0009095140558,-0.002352649368,2.145475189e-06,-0.0001972739483,-0.000733260797,-0.0002260353554,0.0008281651145,,,,,,,,,,,-0.0003430286526,0.0005599194904,-0.001851464977,0.0006001990366,-0.001378350439,-0.001263684667,-0.0001915730595,8.34574457e-05,-0.0006841192173,-0.0002703890129,-0.0002945953886,-0.002130326631,,0.003765656347
1977-12-31,0.004208274783,,,,,,-0.003805476989,0.0008816013106,-0.005648046079,0.002878140146,-0.003508206268,7.628625027e-05,-0.004852938917,-0.006693685082,-0.008614033667,-0.006203351828,-0.00335825946,-0.003508132658,-0.006674855587,0.001547319166,,,,,,,,,,,,0.004585208932,-0.004049951438,-0.007880466229,-0.005330118674,-0.007126344043,-0.007118508855,0.002343998079,,,,,-0.004786765297,-0.008221130411,0.002032408998,,-0.001741821159,0.001730918616,-0.008533565892,0.005420027709,,0.008157008242,,-0.007239351625,,,,,,-0.00464168462,0.001474786113,0.003594931092,0.002731829328,,-0.001565375328,-0.001266316924,-0.001394158417,-0.001040940061,-0.001661851595,-0.002368963987,-2.787254588e-05,,-0.006845427998,,,-0.004771020202,0.0006753269809,0.006413809323,-0.01082660664,0.001981510896,0.002775536215,0.0007686701164,0.001262545451,-0.001647134832,,,,,,,,,,,0.001081743538,-0.0006188414704,0.001843845619,-0.0001952798799,-0.005130331472,-0.003459044017,0.009078229683,0.009410697609,-0.001417705532,0.005820149508,-0.003203484239,-0.004045707971,,0.005856079692
1978-01-31,-0.000337522,,,,,,-0.002865504235,-0.002690526573,0.0007673454385,0.0007503358469,-0.003661895761,-0.001579700819,-0.002538616478,-0.001912284715,-0.0005374238944,0.0008811387303,-0.003434444734,0.001068604904,-0.002705737692,0.001263867032,,,,,,,,,,,,-0.0003435325652,0.001348852708,0.002737085626,-0.002677205437,-0.001262222592,-0.001087914209,-0.004403436993,,,,,-0.003178519812,-2.986447481e-05,0.0008239954267,,0.001066560241,-0.0003646854131,-0.00257854125,0.003057289589,,0.008864710033,,-0.0008369787923,,,,,,0.001465479023,-0.001347067328,0.0007529290617,-0.001552889854,,0.002506726221,0.002606656468,0.002770873068,0.002606656468,-0.001127796219,0.002454938417,-0.001986055995,,0.001590417859,,,-0.00261702048,-0.001697737396,-0.0008945912111,-0.004410721546,0.001960023678,-0.002209677655,0.006436904299,0.001926926397,-0.0001842212338,,,,,,,,,,,0.0011629598,0.0004554407813,0.001301499014,0.001821852727,-0.001234053316,0.0001056253771,0.003604745051,0.005144352824,0.004910785293,0.006483475485,-0.002320365821,0.001051287928,,0.009253178454
1978-02-28,0.003764341097,,,,,,-0.0007951268916,0.001115857599,-0.003569987256,0.004264806519,-0.002233409851,0.003181990632,0.002355227166,-0.003388561911,-0.001773556674,-0.002501865506,-0.003059556179,-0.0008458960764,0.0006742358275,-0.000552185698,,,,,,,,,,,,-0.00176978517,0.002481193586,-0.004041558057,-0.002310077138,-0.003784827273,-0.003786370177,0.0008842505007,,,,,0.004136867322,-6.639456108e-05,0.002156167017,,0.0001586571354,0.003365054405,-0.00203455794,0.0004718737349,,0.00245911339,,-0.002542689655,,,,,,-0.004621315696,-0.001126174926,-0.0009543656724,-0.002906016955,,4.492190583e-05,4.492190583e-05,-3.586246846e-05,-0.0002242135997,-0.0001609040969,1.880824541e-05,-0.0008556969149,,-0.001953159358,,,0.001459770191,0.00176341627,-0.001688228278,-0.0004090181774,0.0006184053216,0.00176727133,-0.001479792748,-0.0006602725859,0.0002653510341,,,,,,,,,,,-0.002412220047,0.001099410581,0.002327707463,0.000149265258,-0.002012192563,-0.001594458485,0.001368773368,0.001244292207,0.00177103433,0.00103247819,-0.003697025561,-0.001500411153,,0.00155164408
1978-03-31,0.0026759556,,,,,,0.0006363776666,0.0002330340047,0.003072056853,-0.0009556082393,-0.0002898915197,-0.0008122120897,-0.003727163025,0.003021301716,0.00299806887,-0.000754898428,-0.002352667201,-0.003160302923,-0.0005364514518,-0.003452302482,,,,,,,,,,,,-0.00171110902,-0.0003723668349,0.002304308212,0.003430254362,0.002836351097,0.00269085494,0.0002812592607,,,,,0.0003604874622,-4.392846828e-05,-0.002216453071,,0.001746542691,0.002739310937,-0.001143577734,-0.001425616771,,-0.0009194672527,,-0.004188084343,,,,,,0.003304143059,-0.002401190593,-0.001357969292,-0.004446490313,,0.0003650339442,0.0003650339442,0.0003982912045,-2.850897647e-05,-0.0005575622323,-0.0005575622323,-0.001706281581,,0.001284975439,,,0.001280694799,0.001979241024,-0.001433015062,-0.0003655772044,-0.0005135236349,0.002984551658,-0.001584135492,-0.002573639351,-0.0007620298116,,,,,,,,,,,0.0003250484599,-0.0005677303153,-0.0008366774278,-0.0007473607906,-0.00436099805,-0.0005278249491,-0.0009919197645,-0.0008831902247,0.002126341441,0.002243913573,0.002485913596,0.001656379479,,-0.001297435476
1978-04-30,0.001402105619,,,,,,-0.00128074541,0.001350750048,-0.002459969515,0.002114969813,-0.00178130692,0.002452135708,-0.002897925397,-0.002707890728,-0.002992182461,-0.0007569556931,0.0003780567396,-0.003523336742,-0.004935351989,-0.003689734492,,,,,,,,,,,,0.000252414053,0.0004156289773,-0.00330281322,-0.002781114193,-0.002800639447,-0.002866352153,0.0002812397539,,,,,-0.002898944505,-0.00281221379,0.001486661308,,0.002504510174,-0.0007078909275,-0.0006075024023,-0.0007594092569,,-0.0001188987013,,-0.0003818947037,,,,,,0.0003711671049,-0.0006072568247,-0.003169991228,-0.0003953446673,,0.01568737212,0.01568737212,-0.01796391393,0.01545799153,-0.01791583622,0.01549271377,-0.001316176038,,0.001518539483,,,0.001764426618,-0.00250788865,0.001782742784,-0.0009649414055,-0.0001725406069,-0.002555715218,0.0004479010952,0.001925024192,0.001487096864,,,,,,,,,,,-0.00176303342,-0.001602498268,-0.001140654341,-0.001051783772,-0.0007195958378,-0.0006744424211,0.001944961016,0.001885967428,0.0007690259319,0.0005649096299,-0.0002320577243,-0.0008440364038,,-0.001539887427
1978-05-31,0.00114893671,,,,,,-0.001369154054,-0.005446238068,-0.009135482991,-0.0051778851,-0.007467630375,-0.005314895344,-0.01528174141,-0.004785351119,-0.004677888521,-0.009222753188,-0.009800571619,0.007040325942,0.001336590734,0.007187540599,,,,,,,,,,,,-0.003434171347,-0.001569029291,-0.01163767856,-0.003472678956,-0.01153268212,-0.01134065611,-0.006307929521,,,,,0.004938920582,-0.01494593658,-0.007696095709,,-0.005954859053,0.000519367486,-0.002437265305,0.008364574394,,0.008171829312,,0.0001727103138,,,,,,-0.01034497925,0.00786687568,0.002050067006,0.006553685607,,0.009934575332,0.009934575332,-0.006110926467,0.01016332745,-0.006244731209,-0.01081663415,-0.01004029841,,-0.008838190209,,,0.01158843002,0.007584198149,0.001311732621,-0.005318494451,0.01423024982,-0.00356812162,0.003037414716,0.009462402698,0.01486820478,,,,,,,,,,,-0.001277047174,-0.004128595389,0.005493744302,0.008017858373,0.00257581654,-0.0001085194959,-0.001329477203,-0.0001603462319,-0.002491985853,-0.001854235224,-0.00961793984,0.0006469640952,,0.007642363178
1978-06-30,-0.001728531714,,,,,,0.006114598764,0.005457665567,0.005575518681,0.004995705553,0.006757697008,-0.00620196002,-0.004592889148,0.005692752608,0.007804681895,0.006594540325,0.006161193647,-0.004656697308,-0.004094754383,0.007705431149,,,,,,,,,,,,-0.007034974667,0.008233537879,0.008080972087,0.006603298704,0.007725657438,0.007776292745,0.007373635604,,,,,0.007161259791,0.008729725037,0.007133245173,,0.007657219852,-0.001437001005,0.003753666066,-0.006454351157,,0.00458478592,,-0.007285790624,,,,,,0.006930536115,-0.006954846437,0.006296236105,0.00556362112,,-0.02269304495,-0.0225760432,0.02199411298,-0.02122041629,-0.0223397155,-0.0214816412,0.006241101216,,0.007564660392,,,-0.00610907474,-0.005941939655,0.0055045311,-0.003157851008,-0.007350949332,0.005512009339,0.003350963939,-0.004803300874,-0.005385970665,,,,,,,,,,,-0.008217158019,-0.007348321984,-0.007325552051,-0.007553895828,-0.003491484946,0.001201334853,-0.001493787457,-0.0008527673536,0.006688239829,0.006684611508,0.006684507022,-0.004104994664,,0.004615175668
1978-07-31,-0.001160171368,,,,,,0.0006715485959,-0.0004262380116,-0.001119079109,-2.31232439e-05,-0.003539045603,-0.005306070465,-3.800540028e-05,-0.003839906495,-0.0004774227265,-0.001634130605,-0.003516820569,0.003307339008,0.00218904697,0.003599134146,,,,,,,,,,,,-0.004978064497,0.001605842847,-0.0006839954244,-0.00213632981,-0.001747079644,-0.001715552342,-0.005835919623,,,,,0.002828699877,0.000355130007,-0.000950101284,,0.001188706078,0.0006031699458,-0.002305835662,0.004153554674,,0.005784810982,,-0.004514496095,,,,,,-0.0005038091413,0.002374584564,-0.0002172949004,4.459064634e-05,,0.005638210238,0.005638210238,-0.003278210853,0.005064293236,0.004878312757,0.003653889421,0.0003632559337,,-0.003197939503,,,0.0005407495352,-0.002425212848,-0.002106004174,-0.0007838510534,4.488303877e-05,0.003329664158,0.0008763758401,0.002275355823,-0.0001213180659,,,,,,,,,,,-0.002582749441,-0.002688105098,-0.001029978612,-0.002625647128,0.005354345812,-0.0008662800917,-0.002592027943,-0.00182708555,0.003948692641,0.004579330428,-0.003968890856,1.945790957e-05,,0.005870966282
1978-08-31,-0.00158711514,,,,,,0.0001821998565,-0.00153394392,0.0009061189885,0.0004242686386,-0.003933616253,0.003104983136,0.004647298699,0.001813074245,0.0008950168317,0.002707211699,0.0005442341243,-9.965330827e-05,0.002794199994,-0.001739303772,,,,,,,,,,,,-0.001529465737,0.001751762084,0.002847135493,0.001301398172,0.0009927471452,0.001096282756,-0.001292531087,,,,,0.003278445954,0.0009251735772,0.002072777323,,-0.0005865216115,0.0003622184132,-8.858072743e-05,0.003071699341,,0.003307707595,,-0.004418826035,,,,,,-5.388182505e-06,-0.0002150598842,0.002460269802,0.0007260599242,,0.007699478651,0.007472641726,-0.007778895334,0.008562199413,-0.008072340201,-0.007684822134,-0.00259744284,,-0.004120191999,,,-0.003991029747,-0.001133717982,-0.002579920332,-0.002971486826,-0.002059420124,-0.00294837484,-0.001959907598,-0.004286347948,-0.003479250738,,,,,,,,,,,0.001724042242,-0.003560499881,-0.004066435501,-0.003967994291,0.0003496628267,0.002532473326,0.0008213234259,0.001365076287,0.001177339997,0.001619285276,0.0006266501627,-0.0003907049419,,0.003087414556
1978-09-30,0.001568777114,,,,,,0.001905416998,0.001945050889,-0.002658751401,0.002741564435,0.001985024238,-0.002001849611,-0.002875232337,-0.0007246074336,-0.0009877179052,-0.004552121172,-0.001376476596,-0.00157912796,-0.00393580108,-0.001221962674,,,,,,,,,,,,-0.004390085581,-0.001506440877,-0.00229230935,0.0001776712988,-0.00254471859,-0.002260783776,-0.001122158535,,,,,-0.0004411886631,-0.001260500244,0.003128268489,,0.00419791892,0.003257828187,0.001421361673,-0.00340319795,,-0.001292893682,,-0.003346756476,,,,,,0.001066617333,-0.002112328537,-0.004362966093,-0.001213004147,,-0.0002329405816,-0.001188960216,-0.0006850206587,-0.0004914735571,5.982472274e-05,0.0002669153355,-0.002118774855,,0.002757173293,,,0.003114110157,0.0004456733278,-0.0003441589189,0.002268421362,0.00070172477,0.0009216771588,-0.004267507184,0.001072316083,0.0009348557126,,,,,,,,,,,-0.003047895102,0.002193237028,-0.001913030083,0.002511959024,-0.003133910927,0.0006566984667,0.0006004127983,0.000911909227,0.00217447264,0.001648468968,0.0005714661436,0.001627336845,,-0.001115840186
1978-10-31,0.005828147451,,,,,,0.006158771464,-0.006929542089,-0.000672255992,-0.0002393570647,0.005773907518,0.003718000546,-0.004749764997,-0.005777775233,-0.003604668306,0.003686665668,0.003593812356,0.008513012602,-0.002750233757,0.004767797551,,,,,,,,,,,,-0.002812864219,-0.01116883273,-0.005901561572,0.002765347797,-0.005909665523,-0.006600710746,0.003414190188,,,,,-0.007573256254,-0.009119266438,0.007639090172,,0.004737651772,0.003382846835,-0.002986823958,0.004779029633,,0.004443791961,,0.001097402056,,,,,,0.00104953318,-0.003971819582,0.001103382439,-0.0002252901466,,0.00619333917,0.005777331405,0.005777331405,0.006437408705,0.006879237707,0.006046287646,0.001103864989,,0.006027335336,,,0.007441989051,0.008077831449,-0.002692492929,-0.003837684133,0.004424742876,0.005065708463,0.004021021088,0.003006175503,-0.000103102849,,,,,,,,,,,0.0001473132558,0.009844627756,-0.00756016738,0.00186978821,-0.00894760404,-0.002070402774,0.0001254317341,0.0009576153095,-0.005632734504,-0.004715846278,-0.0009673378014,0.0001862023738,,-0.0003145352272
1978-11-30,-0.005025366643,,,,,,-0.005365405325,0.004287144604,-0.0101509852,0.007908862631,0.00154055169,-0.007855284581,-0.001338000448,0.001526962545,0.002501048315,-0.001179248099,-0.001418076026,0.0001636872968,-0.01182036515,0.001374317239,,,,,,,,,,,,-0.00887268808,0.005735895448,0.002007575374,-0.0007645097454,0.001844672799,0.002199682277,0.001486751381,,,,,0.009333454903,0.006767489865,-0.004397846029,,0.006891038676,0.001482347899,-0.006501354787,0.005106162421,,0.01217339018,,-0.01246516136,,,,,,-0.0004898118172,0.001887062309,-0.003685127795,0.003451253493,,-0.008000953165,-0.007970723243,-0.008067057201,-0.008149053761,-0.007406929169,-0.007702613499,-0.003420768333,,-0.008146761842,,,0.0009665553151,-0.002244001838,0.00437215478,-0.008877686894,-0.008122270206,-0.007656540082,-0.006484328276,0.004957944948,-0.0007000688674,,,,,,,,,,,-0.009656776523,-0.006079991191,-0.004537118205,-0.0009237186106,0.006412913202,0.0001310309226,-0.003108170703,4.692468417e-06,0.01100407184,0.0118298334,-0.001144888641,0.002178558051,,0.01471273671
1978-12-31,-0.000257752577,,,,,,-0.003625828041,0.001995814188,-0.001334947004,-0.0003250193499,0.0003757078642,-0.004747671054,0.0005655792181,0.001395865343,-0.0002686177212,-0.002685713201,0.0008534859681,-0.002928311202,-0.0007929765601,-0.002075444797,,,,,,,,,,,,-0.001907375233,0.00267970508,0.001686134358,-0.0003528759236,0.001997566736,0.001786182637,0.002669719965,,,,,0.000580777103,0.001746458246,0.0003027949391,,0.0012566986,0.003808639307,-0.0005987237742,0.001944217082,,0.00304631126,,-0.002348810965,,,,,,0.002877665403,-0.0009740304778,-0.000591087102,-0.0003694158258,,-0.0007381880528,-0.0002634974151,-0.001192620541,-0.003568318679,-0.004559323942,-0.005095344711,-0.0002657133246,,0.002596419387,,,0.0003058411029,-0.0001964227917,-0.001428070383,-0.001017326327,0.0005113854599,0.000781553379,-0.001096420796,-0.003255863963,-0.001076819372,,,,,,,,,,,-0.00224210781,-3.29801416e-05,0.0001023316865,0.0005900797248,0.0002090190832,-0.001666308668,-0.001303196969,-0.001429513862,0.002843467704,0.002584094703,-0.0008596572295,0.003167302941,,0.003036756692
1979-01-31,0.001499880118,,,,,,0.0002995902308,-0.003213174301,-0.002137110395,0.004834059489,0.001147917069,0.0008743291802,0.003242956285,0.004135643228,-0.0005917495701,0.005561548874,0.003392583664,-0.0004746486569,0.001356126442,0.0008410464177,,,,,,,,,,,,-0.005433505709,0.0001674666164,-0.0006329270952,0.001311094565,-0.000733799344,0.003377811008,-0.001377469316,,,,,-0.002144473259,0.0002256923466,0.002607134437,,0.003002968024,0.004042459978,-0.001476355762,-0.001941276641,,0.004570821967,,-0.008138203292,,,,,,-0.0009842032686,0.001803716601,0.003410870348,-0.001699032396,,-0.01909672716,-0.01992919895,-0.02026071749,-0.01923578933,0.01924591722,0.019493502,0.003978349033,,-0.003536658978,,,0.003512134437,0.003123877082,0.006941719215,-0.0005416344788,0.001911353114,0.003054565216,0.004920380485,0.0033178365,0.00062517545,,,,,,,,,,,-0.003904147362,0.001478866071,0.0002396943286,0.0008508762968,0.0009111058173,0.0009243911338,-0.001362522162,-0.0003975652728,0.006494655137,0.007280421075,0.00446815786,-0.001054690835,,0.004440689056
1979-02-28,0.004317670861,,,,,,0.0007887285887,0.0001477823926,0.002886715016,0.001129886466,0.0008416954813,-0.0007847948807,-0.00249376284,-0.0004279035355,-0.0007555710703,-0.002214846217,-0.002721984499,-0.002450954465,0.0006913113848,-0.001829894762,,,,,,,,,,,,-0.004705633639,0.001703352226,-0.002027191172,-0.00261142046,-0.002208985109,-0.002323901541,0.0002862983774,,,,,-0.001864895109,-0.001353193437,-0.001827506254,,0.00561493565,0.00496667212,-0.005722312546,-0.0001236080697,,0.002354361805,,-0.004691480837,,,,,,0.00216943975,-0.001428947937,-0.0003817742553,8.504645258e-05,,0.02032453398,0.01793665657,0.02006449109,-0.0205162781,0.01840336304,-0.02135775529,-0.001038210148,,0.004223775513,,,0.0009807895501,0.0006297288104,0.001151087309,-0.002791328269,-0.0006273842571,-0.001623457117,-0.0004557719031,-0.00114751711,-0.002700095783,,,,,,,,,,,-0.005207811175,0.0003047359797,0.0007534332181,0.0006152489464,-0.004594158918,-0.006400116803,0.002012801266,0.001752134015,-0.001735948322,-0.002039600107,0.001107729536,0.002946008007,,0.00171179947
1979-03-31,-0.002047043069,,,,,,-0.00379301977,0.0007833210176,-0.003600737629,0.002306338118,-0.002645835321,-0.002202965035,0.003977988935,0.0004819073674,-0.003611053688,0.005558021154,0.002091264049,0.006062357278,-0.004054157428,0.006068544651,,,,,,,,,,,,-0.00198860902,0.002289244406,0.001554540817,-0.001385702153,0.001458444716,0.00101285313,-0.0006915461288,,,,,0.003422730448,0.003578071674,-0.002066856383,,-0.001391065294,-0.0007873911181,0.0005741400468,0.000528769505,,0.006952995576,,-0.003597667656,,,,,,-0.003967659014,0.002257487785,0.001815888545,0.003297891164,,0.006242077318,0.009362419641,-0.004603081001,-0.005887398445,-0.004814035267,-0.005354193751,7.465658223e-05,,-0.004365464142,,,-0.0003501531597,-0.0006795694168,0.003607279944,-0.003206325087,0.003943507739,0.0005044612644,0.004773138071,0.004457484158,0.001291492938,,,,,,,,,,,-0.003290231301,-0.00146769434,-0.001469580988,-0.001698616604,0.006470653509,8.468167175e-05,0.00462065352,0.005251525849,0.003889771003,0.004430364353,-0.003443727067,-0.003926481112,,0.007076480536
1979-04-30,0.00695319471,,,,,,0.0006779168028,0.0008749447264,0.003087636853,0.0005242020878,0.0008316853592,-0.0009396423509,-0.00146967761,0.0003273198711,0.00596566706,-0.001379490635,-0.003619587562,-0.005789168945,0.002242847905,-0.004745412623,,,,,,,,,,,,-0.004207618264,8.412155925e-05,0.000748131821,0.0004535265297,0.000564973542,0.002444104472,-0.001148262531,,,,,-0.0001527488391,0.0007131063549,-0.0004558682005,,0.004882792993,0.007450128433,-0.005640299652,-0.003866918577,,-0.0009657514738,,-0.004068788962,,,,,,0.002852293332,0.00125110093,0.003798691599,0.002242687335,,-0.007914204422,-0.01044416444,0.005833388663,-0.005556460384,-0.005044722801,-0.007643753885,0.0009562895361,,0.003780479875,,,-0.0007197373316,-0.0004911608516,0.001904507123,-0.002319792368,9.549010365e-05,-0.003453239504,0.004118770144,0.003603655447,0.002504945828,,,,,,,,,,,-0.004496367667,-0.0001943353724,-0.0001019721801,-0.0001019721801,-0.006948530527,-0.007556752463,0.00124540816,0.001141145107,0.0001587090943,-0.0005582196586,0.005081160616,0.003591399891,,-0.001593795912
1979-05-31,-0.001319961201,,,,,,0.0006935207649,-0.003255677279,-0.0002106330899,-0.001881006291,0.002691170154,-0.003274688044,-0.002077079608,-0.001794082399,-0.005603355224,-0.00281611185,-0.004234084063,-0.001222573988,0.002258994807,-0.001035873582,,,,,,,,,,,,-0.001563955798,-0.001171013316,-0.002707957742,-0.0007388045498,-0.003074872463,-0.001471978927,-0.00304436277,,,,,-0.002621188003,-0.002092465883,-0.003728127581,,0.003909626424,-0.0002098440976,0.001043361812,0.001323948531,,0.00351282307,,-0.00626500516,,,,,,-0.002452078462,-0.00136711588,-0.006144627279,-0.002256500183,,0.0008557276873,0.001097027306,0.0009398431313,-0.0002530473057,-3.889131953e-05,-0.002021521649,0.002057471875,,-0.002210975268,,,0.004975728054,0.002596379699,0.002642101547,3.461477468e-05,-0.001542455567,-0.001149900705,-0.004243504425,-0.003357127245,-0.00298333835,,,,,,,,,,,-0.003057848747,-0.0007097626859,0.001201811915,0.0008889601569,-0.0001587438582,0.001946281321,-0.003684364147,-0.002560238569,0.004060529459,0.004448389529,0.0005444052265,-0.003317138644,,0.00528030791
1979-06-30,-0.003211458885,,,,,,0.001139529052,0.0004791910103,9.477636764e-05,0.002665983945,-0.0001440544514,-0.001941540571,-0.0004734473851,0.003837400141,-0.002138138789,-0.002241352094,-0.003414282229,-0.0007843730135,0.003340300357,0.004255099266,,,,,,,,,,,,0.003374680577,-0.001122229965,-0.0005894016584,0.002786209146,-0.0003191504308,0.001205904095,0.001290489179,,,,,0.0005886055111,0.0002092284667,0.0007768629956,,0.002017269883,0.005196344483,0.002204549498,-0.000838060123,,0.003560764225,,-0.001557077427,,,,,,-0.002793987582,-0.001419161142,0.005222133497,-0.0001391407255,,-0.001065601436,9.801992485e-06,-0.001110724001,-0.001956172782,-0.001235232962,-0.001143564622,0.001036942162,,-0.004580806418,,,-0.002851408089,-0.002771236527,0.002062651933,0.0003953698966,-0.001334271214,0.002688921702,0.004361871029,-0.001196229749,-0.002509170104,,,,,,,,,,,0.0006379647616,0.0005188046515,0.0005597939404,0.0007707461784,0.002655954708,0.003197625091,0.005355068436,0.005642041556,0.005123462543,0.005419059023,0.002097799722,-0.002317906136,,0.002652649055
1979-07-31,0.002842660007,,,,,,-0.002585205543,-0.004836841716,-0.003838041666,-0.002858111863,-0.00334356317,-6.355539484e-05,0.001953743935,-0.002768180477,0.002180728029,0.003950960599,-0.005449586171,0.004242321048,-0.002012968965,0.004806119509,,,,,,,,,,,,-0.003120679117,0.004225620068,0.0009098248035,-0.001627130396,0.001209735577,0.001099535333,0.001982610342,,,,,0.002192360063,0.002683253557,-0.002892357865,,0.004010971857,0.001367449958,-0.00210963133,0.001440363517,,0.002769865057,,-0.001793008564,,,,,,0.004001373315,0.004157097772,-0.004090184726,0.004321081684,,-0.001679184965,0.0008924481926,-0.0009608376131,-0.0003400823773,0.001354849413,0.001354849413,-0.002080559784,,0.003645154458,,,0.002102620443,-0.002451025514,-0.0003939765193,-0.0007113688607,-0.002747766407,0.001802925365,-0.003583857306,0.003829457062,-0.002755653599,,,,,,,,,,,-0.003397384933,-0.003176878229,-0.002899910638,-0.003001433446,-0.001147669972,-0.004170056325,-0.003077423537,-0.002196126239,-0.002476340291,-0.002548842515,-0.001059886224,0.002138065759,,0.002560142576
1979-08-31,0.0008718415378,,,,,,0.001343629635,-0.001481808691,0.000991303491,-0.002648905615,-0.001124096272,-0.001690006569,-0.002248011005,-0.0004729216584,3.920357316e-06,-0.0003504225504,-0.002261974842,-0.000955405786,0.001310800389,0.0001120483227,,,,,,,,,,,,-0.0001941652232,-0.002533631976,-0.001693472007,-0.0009640940341,-0.001991380717,-0.002027931347,-0.001916736727,,,,,-0.00181952567,-0.002096494222,-0.003054055179,,0.001716248132,-0.000763073989,-0.001337976668,-0.001169534415,,0.001554530983,,-0.004538523114,,,,,,0.001965475608,-0.003281259507,0.0003286067715,-0.001257498385,,-0.0001045505339,-0.0004999492653,-0.000276088999,-0.0003969567619,7.970199669e-05,0.000410630292,-0.001727172625,,0.002438862727,,,0.001116396855,0.001677747012,0.001163621895,-0.001180992004,-0.001142781667,-0.0005980993237,0.001202376753,0.0005773946549,-0.0003888031296,,,,,,,,,,,-0.004003239971,0.001968108155,-0.0007329810487,0.001493126734,-0.004418443151,-0.0003511694744,0.003577247258,0.003876489508,-0.0001141507128,7.777299455e-05,0.001330542982,0.002335310922,,0.001326005785
1979-09-30,0.00840194422,,,,,,0.001860698981,-0.002135255235,0.002831395592,-0.001853016752,0.002652414344,-0.0008064804965,-0.004272550631,-0.005138603822,-0.002213757838,-0.003004661656,0.0004775306707,-0.003933754208,0.00284383162,-0.002315490362,,,,,,,,,,,,-0.0007973361975,-0.003765499517,-0.005587787461,-0.0003511904098,-0.006878184812,-0.007015441561,-0.002621709081,,,,,-0.003642671009,-0.004962291681,-6.211692625e-05,,0.0004362476957,-0.007635072284,-0.0107323107,-0.003075708501,,-0.01014088612,,0.001255151122,,,,,,-0.001973023956,-0.002350465863,-0.0003362277329,0.0006134082808,,0.006344284127,0.006283214047,0.007485545585,0.0061388285,0.004976045998,0.005070395019,0.0009203547837,,-0.0004653060588,,,0.004013410585,0.002005171484,0.0004348803676,-0.009324575028,0.004880067318,0.004334435924,-0.0004742301147,0.001361778413,0.001778216105,,,,,,,,,,,0.002028272725,0.004751518369,-0.003854093512,0.001948591848,0.004675670568,-0.002953036646,0.0002138030205,-0.0003520005873,-0.005428522673,-0.005453465288,-0.002849990222,-0.00348277739,,-0.01059162083
1979-10-31,0.002701804433,,,,,,-0.001392139266,0.002748951137,-0.002773097748,-0.001334007282,-0.0007458512988,-0.006055925699,0.003281208722,-0.001356174423,-0.003159464443,0.003259613452,-0.0005518878672,-0.001297240524,-0.003272494281,0.0007103915872,,,,,,,,,,,,-0.001585648172,-0.003907326903,0.0006681239192,8.364056813e-05,-0.00340232425,0.001024701211,0.003344097902,,,,,-0.003185501662,-0.002841762361,-0.004366046289,,0.005720172237,-0.0006642458878,-0.0077164979,0.001919948264,,0.003612826013,,-0.006302445521,,,,,,-9.936567081e-05,-0.001908224987,-0.007273594304,-0.006539421708,,0.002899224385,0.002899224385,0.003581277034,0.003124830298,0.00363360019,0.0007074158908,0.003341242497,,0.0002915717479,,,0.008385314318,0.01008964771,0.005015733839,-0.008015972475,0.008686666153,0.008302621228,-0.003846710596,0.0006704754028,0.006799277672,,,,,,,,,,,-0.001024226367,0.005669215251,0.005723179799,0.01005217339,-0.0004456338518,-0.003104540644,-0.004702844402,-0.004832772234,0.003555627558,0.00343495626,-0.003649700662,0.0001238179144,,0.004624927683
1979-11-30,-0.003926659629,,,,,,-0.006920602452,0.000167599133,0.005760732452,-0.007057056318,0.003265243593,0.002275182849,-0.002510918248,0.007057917453,0.003399472673,0.00339118217,0.005148919863,0.0002228271292,0.0008069271271,0.002353083624,,,,,,,,,,,,0.0007322112269,0.006796754384,0.008671501482,0.0002263796746,0.004545589179,0.007241187367,0.001165473381,,,,,0.005572740656,0.005834151505,0.003167730306,,0.002523900115,0.005797809666,-0.002375864543,0.003915330617,,0.01025548444,,-0.009371418846,,,,,,-0.002460542342,0.008235468466,0.001986032187,0.004401499531,,0.0129953576,0.01203805609,0.0129331896,0.01310315429,-0.007715482666,-0.007132276829,0.0005675580994,,-0.00211795814,,,0.00263134094,0.0007499147531,-0.002900857458,-0.003384520166,0.002478705398,0.002833096445,-0.003459548879,0.0005918887269,0.0007668212436,,,,,,,,,,,-0.006719196517,-0.001934269911,-0.003681958974,-0.00118922472,0.004165761258,0.002267189279,0.001501731426,0.001716087517,0.003469645998,0.003916869448,0.001360878863,0.002439102863,,0.01093835306
1979-12-31,0.003062182414,,,,,,0.001227510203,-0.001602298855,0.003144102216,-0.001885488864,0.0007386944854,-0.002844326372,-0.0005873182515,0.0009794231289,-0.001160444017,-0.0013268151,0.0001666848045,-1.575742298e-05,0.0002087137676,-0.0005381654005,,,,,,,,,,,,-0.002370332626,-0.0002536963418,0.003305465501,-0.0003376245405,0.003207153911,0.003577404189,-0.004371642945,,,,,-0.004076277569,8.473806372e-05,0.001258780365,,0.003080299084,0.000600320822,-0.0002753564244,-0.001713358432,,0.0007195923714,,-0.00226649374,,,,,,0.003773222535,-0.001514310069,0.0003053281717,-0.0007827711442,,-0.00465795304,-0.00465795304,-0.0009921801605,-0.004389595282,0.01298973022,0.01298973022,0.001825119138,,0.0001541075658,,,0.0005025697665,-0.0001045958848,0.002457881729,-2.429734954e-05,-0.002107708371,-0.00202644361,-0.002548446637,-0.001245778343,-0.001394972383,,,,,,,,,,,-0.00266154159,-0.001039507348,-0.002529343199,-0.001492693251,-0.004794504748,0.001155604647,-0.002051218888,-0.001903252391,0.002165435613,0.001480895295,-0.0005323872832,0.001423443578,,0.000781904937
1980-01-31,0.001892521462,,,,,,0.002652919774,-0.001194852688,-0.0008515829955,-0.009369762632,-0.001920770318,-0.008411251596,-0.006385369273,0.004555726033,-0.002598453186,0.001720623272,-0.001755578196,0.004521993449,0.00374035165,0.009001350445,,,,,,,,,,,,-0.004810506099,0.001982402385,0.004357144995,-0.0001304125248,0.003121700399,0.003678709128,-0.004571759061,,,,,-0.004444146283,-0.0004726013105,-0.009787856502,,0.006113884254,0.003627012557,-0.006035816158,0.002377753113,,0.001872302194,,-0.006582488933,,,,,,0.002749144877,-0.0003888894751,4.233935467e-06,0.00342569592,,-0.01297607109,-0.01243681836,-0.01970954806,-0.01323710542,-0.01178322779,-0.01320379628,-0.0003461955526,,0.005117379525,,,0.002606289683,0.003182650091,0.005180883542,-0.00792185954,0.000456480539,0.0007890039089,-0.004781557391,0.0009459093218,-0.0002889777225,,,,,,,,,,,-0.002827890083,-0.00254251893,-0.002600728055,-0.002736728671,-0.004059367286,-0.00347235679,-0.001843630377,-0.0006717325271,0.000738690549,0.001378156524,0.001699468205,0.001764365266,,0.0008762089118
1980-02-29,-0.002788170067,,,,,,0.008895325589,0.003494433002,0.00247556645,-0.001555182547,-0.009024241617,-0.004156836932,0.008769527505,-0.004584117215,-0.01083926568,-0.0008142688681,-0.007427538338,-0.003821309948,0.00436865978,-0.005413569709,,,,,,,,,,,,0.003089032382,-0.005466341263,-0.00302089539,0.01026940018,-0.001168043878,-0.001436861498,-0.005900086851,,,,,0.001671465743,-0.001666382795,-0.002786107534,,-0.009910810904,-0.003328827719,-0.00485322084,0.008164677619,,0.008616323941,,0.0060290746,,,,,,-0.005838623736,0.003089245493,-0.002554379382,0.0007665021478,,-0.001046089206,-0.00294958936,-0.003206350212,-0.002798041784,0.002100385477,-0.003159613424,-0.001996334886,,-0.004627620373,,,0.01009773335,0.008982248134,0.004657535488,-0.009682600456,0.006670724919,0.000564893561,0.002897763666,0.00993710713,0.00854646866,,,,,,,,,,,-0.004057320292,0.00810923437,0.005290344331,0.005576980666,0.006514254831,0.001833242757,0.005333308871,0.007793066305,-4.687290134e-05,0.001953298253,-0.001260257229,-0.003002726907,,0.006113236484
1980-03-31,-0.005819823649,,,,,,-0.001094698529,-0.01741710975,0.01770813805,-0.003377244034,0.01300889019,-0.0257696021,0.01368514657,0.01675278258,0.007656415982,-0.02122675728,-0.02845311557,-0.02261309465,0.004635691822,-0.02866907237,,,,,,,,,,,,-0.01840085388,0.007118879755,0.004167336437,0.01300857735,0.002871174058,-0.005619882878,0.009909638835,,,,,0.0003086228488,0.003842522808,-0.02828825942,,0.01924233534,0.02048994589,-0.01744015841,0.02024401607,,0.0241298967,,-0.01323234839,,,,,,0.02426998991,0.005045241266,0.01484451209,0.01991504082,,-0.01379006312,-0.01237440819,-0.0148009136,-0.01347029039,0.01582499599,0.01537804166,-0.01338708429,,0.01185697413,,,-0.0141790169,-0.01742960729,-0.01352469712,-0.02366079337,-0.0133294793,-0.0149526459,-0.009651872939,-0.008231942424,-0.002044552374,,,,,,,,,,,-0.01531600869,-0.02311875483,-0.01660688195,-0.01609474787,0.0139939152,0.006697970017,-0.01135308621,-0.009958129324,0.001077423248,0.001552835114,0.01305473028,0.01312228182,,0.02536665621
1980-04-30,0.004149466153,,,,,,0.01196584738,-0.01510044565,-0.01595490081,-0.01690171538,0.01294204737,-0.01983514908,-0.01807080339,-0.01472625611,0.0131337017,-0.01985228981,-0.008969601549,-0.0196626779,-0.01322616866,-0.01691247583,,,,,,,,,,,,-0.03016964335,0.01104137282,0.01570532328,0.01055592218,0.01614560122,0.01579637463,0.01369639858,,,,,0.0004300094664,0.02725351116,-0.02568115179,,0.02404115755,0.007524954521,-0.00266130892,-0.004724126184,,0.02213696428,,-0.02922118892,,,,,,0.01519557091,0.0221647374,-0.002355643274,0.00634695343,,-0.001207111772,-0.00113248585,-0.002012195694,-0.00516353889,0.0007760823402,0.003331730065,-0.01832740563,,0.001678419587,,,0.007105509752,0.01096290976,-0.01180328559,-0.0108744111,0.009844807393,0.02483046481,-0.007511406989,0.003191000042,0.01092770565,,,,,,,,,,,-0.02240042099,-0.01060542632,-0.008716251674,-0.008034374628,-0.003066090151,0.002933172226,-0.0229178154,-0.02146662755,0.009351303258,0.009418536846,0.004340421338,0.009893713745,,0.02146245762
1980-05-31,0.003411569552,,,,,,-0.00632717935,-0.006722111627,0.00287137221,-0.009965630439,0.009126546873,-0.007513450328,-0.009947631537,0.002565102127,-0.004188731053,-0.01140786479,-0.00997128968,-0.008113058967,0.002861312767,-0.008874875268,,,,,,,,,,,,-0.009507659316,0.0110792822,0.007431410529,-0.007627885664,0.004530394738,0.01019203678,0.0006250662377,,,,,-0.00590399678,-0.0008614408676,-0.01000984934,,0.008014967041,0.007367562429,-0.007354304435,-0.006921474369,,-0.00138299337,,-0.01326275331,,,,,,0.004038581247,0.002837607086,-0.008850977955,-0.006575722514,,0.06513838675,0.06589908268,0.0643885255,0.06559992525,-0.0673062567,-0.0674042397,-0.003136385621,,-0.0009010012865,,,0.002042962823,0.003333511503,0.003446948559,0.0006014371486,-0.002738513621,0.003063390433,-0.009304713055,-0.008954491496,-0.001572413229,,,,,,,,,,,0.0007301971991,-0.005572179693,-0.004804365131,-0.004342405961,-0.0100061214,-0.008391709979,-0.001504409861,-0.0003339180077,0.001096212204,0.001387579063,-0.001200475338,-0.000631072243,,-0.001457654499
1980-06-30,0.001675709478,,,,,,0.0008597421818,-0.007614940086,-0.006457727919,-0.0112010667,0.003869298708,-0.008969999406,-0.003385868625,0.000838727626,0.001025782783,-0.00990926472,-0.0105930943,0.004350094629,0.002608135992,0.004626064378,,,,,,,,,,,,-0.006713086029,0.0003999500981,-0.008307294846,-0.01061960522,-0.005650617618,-0.003174988657,0.005110467462,,,,,-0.005498938379,-0.007252451364,-0.01168169264,,0.0003111379439,0.002587666502,-0.005258366743,-0.0008709382305,,0.00660519482,,-0.01075774104,,,,,,-0.001782725594,-0.006956174572,-0.004307479569,-0.0085070581,,-0.01055834759,-0.01001198062,-0.009372589696,-0.009628981051,-0.004680117008,-0.006368538476,-0.001037016725,,-0.0006101390723,,,-0.00311890907,-0.00203041954,0.003268562878,-0.008201839878,-0.008021401213,-0.006963826772,-0.004973407062,-0.009942411906,-0.00536860958,,,,,,,,,,,-0.008211154641,-0.001203133868,-0.006035036607,-0.001685735276,-0.006096134622,-0.001881217715,0.002142458633,0.002898369521,0.00532571222,0.005385539017,-0.00274522352,-0.0001431283475,,0.006955865307
1980-07-31,-0.01271588215,,,,,,-0.01103238279,-0.0006402691551,-0.00631498839,-0.01794009706,0.01059120143,-0.01735065236,-0.0153269904,0.002234372629,-0.01503377941,-0.01506077199,-0.01864935718,-0.01440727481,0.007922024919,-0.01039146508,,,,,,,,,,,,-0.001058756198,0.001769203227,-0.01365241131,-0.01511828234,-0.01380771411,-0.01026878377,-0.004659499747,,,,,-0.01357722723,-0.01635639327,-0.01836313122,,-0.009926719734,0.01239974597,-0.01587741074,0.02312081729,,0.02426913334,,-0.005094707843,,,,,,-0.0008733779114,-0.01459891241,-0.01478967887,-0.01447792226,,0.006377408952,0.00558700918,-0.002026607267,0.004816549335,0.003184207472,0.01446400035,0.004645651376,,-0.002440563329,,,0.006817821832,0.003314152061,0.003487121207,-0.01982794611,-0.009326229288,-0.0009498090468,-0.004649690839,0.001013243206,0.005230942456,,,,,,,,,,,0.01272520065,0.007429350147,-0.01349938615,-0.009126738822,-0.006519528172,-0.0036371258,0.02294217322,0.02307753787,-0.002737382613,-0.001775879652,0.004446786186,0.001684324408,,0.02448764493
1980-08-31,-0.0008891142522,,,,,,0.0008484574485,-0.004100738346,0.001323036291,-0.009804249239,0.002887921597,-0.007475147972,0.004462045351,-0.003874466296,-0.006204748665,-0.0002736910543,-0.006270680515,0.001995915131,0.004810716535,-0.0008652020254,,,,,,,,,,,,-0.001567723251,-0.0004898635042,-0.002507832148,-0.003132478635,-0.003385515794,-0.002256391455,-0.004089447325,,,,,0.002051626406,-0.003475652283,-0.01018907975,,-0.004080673214,-1.574599735e-05,-0.008870727298,0.006075988197,,0.01546694409,,-0.01343333216,,,,,,0.002840151539,-0.001424784476,-0.0006258154287,-0.000305727825,,-0.02788976231,-0.02829089586,-0.02636806066,-0.02823119913,0.02750342736,-0.02818412192,-0.002752150409,,0.004176897525,,,8.718937766e-06,0.002151296764,0.002340528338,-0.01167363052,-0.00190328955,-0.0003396550839,-0.0001801776202,-0.001558919691,-0.002703387839,,,,,,,,,,,-0.01103709346,0.0003308632643,-0.002490278523,-0.004065843183,0.001808772343,0.002429113728,0.01363517251,0.01421403839,0.00887211353,0.009744003555,0.004901549865,0.005435039702,,0.01397879308
1980-09-30,0.002253321813,,,,,,-0.002834120598,-0.001704937372,0.0005590781123,-0.002358105801,-0.001741911529,-0.0003114276752,0.0005735149705,0.00246928503,-0.003950025612,0.0005005541735,-0.000620699371,0.0009293838325,0.003586544767,-0.0005661684252,,,,,,,,,,,,0.001175021647,0.001953546601,-0.004110295395,-0.004222416491,-0.004878026264,-0.005771818441,-0.002774821691,,,,,-0.0006562792833,-0.002378972872,-0.003885670871,,-0.005112530071,0.004604077355,-0.00623597474,0.002474046585,,0.007383105819,,-0.003956274414,,,,,,0.004007217752,-0.002458373077,-0.0006613542355,0.002517387053,,-0.01072679335,-0.0108345743,-0.01122052202,-0.01072679335,-0.004445584539,0.01076524847,0.002407713157,,0.005840287935,,,-0.001115891944,-0.001056459208,-0.002157706237,-0.006863768872,-0.001001569031,-9.609938655e-05,-0.00149678479,-0.001440352514,-0.0007710753626,,,,,,,,,,,-0.005299176922,0.001642483356,-0.005054381967,-0.006311843351,-0.002560645336,-0.001122633825,0.003778934131,0.004101035063,-0.0008249752354,-0.0007210918553,0.002663772718,0.0004649324871,,0.007618682606
1980-10-31,-0.001790701347,,,,,,0.003978328003,-0.005114236472,-0.001315663845,-0.002347821344,-0.002610562856,0.00106303369,0.001895107368,-0.001816388107,0.001398732436,0.00480695607,-0.001719419673,0.004895182704,0.006873130896,0.003157139571,,,,,,,,,,,,-0.005471750234,-0.0007405734767,0.002496059385,0.001819952842,0.000853821924,0.001020882693,-0.001923335511,,,,,-7.508359361e-05,0.001562497025,-0.004024324002,,0.001599233131,-0.0004113969984,-0.002013359922,0.003291736687,,0.008607974055,,-0.005223147367,,,,,,0.0009148933429,-0.001393585905,-0.002859578843,-0.004588968956,,-0.0006915195611,0.0001923660843,-0.0002403352759,0.0008584770542,0.00121870822,0.0009272872495,-0.003076139485,,0.000315126836,,,0.002342586634,0.002462953271,0.002051798025,-0.00385298598,-0.001691808454,0.002463398162,-0.00104750359,-0.001888521651,-0.001904815415,,,,,,,,,,,-0.005694562924,0.0006147713393,-0.001700383042,-0.0008713918331,0.0005316078738,0.003946506723,0.00731684842,0.007756426217,0.005809249908,0.00594918867,0.002490849104,-0.0002874115319,,0.009055341951
1980-11-30,-0.00607085903,,,,,,-0.0002553519172,-0.00433413925,-0.0008683210637,-0.002004619686,-0.003314459424,0.002441289003,0.0001350997391,-0.001380265028,-0.005085741166,0.004069293435,0.002996496632,0.0008318566984,0.002764216155,0.002161107356,,,,,,,,,,,,-0.0005740497706,0.0001915234305,-0.001650662544,0.001523935549,-0.0003767937988,-0.00168007354,0.0002686369883,,,,,0.003179080888,0.001061572005,-0.001655111214,,-0.0005463313728,-0.004628389151,-0.004531635621,0.002901052906,,0.008257860787,,-0.004748691707,,,,,,-0.00423755932,-0.003214576237,-0.00425002864,-0.0009893487417,,0.01770513698,0.01770513698,0.01721336455,0.0185228801,-0.01772801794,-0.01763966257,-0.003183481269,,-0.004960269669,,,0.002550894474,0.002767095623,0.00127735603,-0.007088159964,-0.001340763862,-0.0003281452538,-0.00150625823,0.000560827854,0.001773055816,,,,,,,,,,,-0.00419362395,0.001172630408,0.0007106442142,-3.823540742e-05,0.003925462469,0.0041120771,0.0005082409589,0.003165392946,-0.002602852281,-0.002389015977,-0.004445697514,-0.004347932162,,0.008953869164
1980-12-31,0.004993107754,,,,,,6.881230717e-05,-0.002352334276,0.004183504283,0.002596884781,-0.004710289068,0.001327888723,0.002235379643,0.006392373057,0.003712945836,0.004066065687,0.005228389481,-0.00102573344,0.001389636301,-0.001415950052,,,,,,,,,,,,-0.007004473675,0.003923514976,0.004972701718,0.004510978884,0.005186059829,0.004100467425,3.155256496e-05,,,,,0.001812347543,0.003997458787,0.002542622278,,0.002091885498,0.008578385996,0.001425349243,-0.001479787285,,0.003328490076,,-0.00660184951,,,,,,-0.0004088005181,0.003663901378,-0.001443369807,-0.001948756072,,0.001928310697,0.001449557115,0.002652962111,0.01005645475,-0.01026464797,-0.005639293729,0.003337361237,,-0.001698837157,,,0.004275490056,0.003992474826,0.0004832203693,0.003574231148,0.00227853766,-0.0005317204178,-0.002953063088,-0.0003531515119,0.005087169879,,,,,,,,,,,-0.004984415672,-0.005241944172,-0.002968324452,-0.00184621244,-0.004128240519,-0.00459559873,-0.006151920936,-0.005724691735,0.004306293461,0.003668642323,-0.0004059418804,0.001916836717,,0.00147578642
1981-01-31,0.00398712685,,,,,,-0.001587907046,-0.004709853112,-0.006202541187,-0.00548042049,0.002370309021,-0.001708336631,-0.004324249575,-0.0001913742825,0.0004902917272,0.00223239415,0.004178010648,0.0003763963087,-0.0008283591111,0.001105070064,,,,,,,,,,,,-0.005682404378,-0.001633397633,-0.002248246299,-0.004302833683,-0.001701598885,-0.002038037384,-0.001057852378,,,,,-0.003018591564,-0.002774455641,-0.003724187349,,-0.0002435428878,0.005122999016,-0.004322748666,-0.003611524379,,0.002556885353,,-0.003521326424,,,,,,0.0007398031941,-0.0003489572491,-0.0025863196,-0.0008253458744,,-0.006765259506,-0.006615748564,-0.008079342052,-0.004241839617,-0.00579627649,-0.004554740098,-0.0005505849257,,-0.0004792736307,,,0.0008970271899,0.0006313761296,-0.001083950736,-0.001818419566,-0.006464224791,-0.0001900440672,-0.001735702023,-0.003665480398,-0.004410941307,,,,,,,,,,,-0.003545896101,-0.005532674913,-0.00575940987,-0.006216576225,-0.004536330603,-0.004627974417,-0.0004048344699,-0.001350387954,0.003063463834,0.002677343309,-0.0004843772365,0.001353175715,,0.001373293083
1981-02-28,0.0002681119405,,,,,,0.001633958653,-0.006223053731,-0.0005366054074,-0.002718585501,-0.0005955147078,0.002141192615,0.001838642312,0.001393810575,0.004911892752,0.004473543499,0.00520336938,0.003485524189,-0.0007325003012,0.002695407571,,,,,,,,,,,,-0.004921149462,-0.0008011664926,-0.000261383232,0.0003935034535,0.0008797363168,0.00115026827,0.001252308381,,,,,0.003246333729,0.00207615942,-0.001482528031,,0.001935736447,0.004175027593,-0.005713935706,0.002004466491,,0.005328729436,,-0.006029674298,,,,,,0.003661082915,-0.001163427812,-0.004735789419,-0.0009346169988,,-0.0227734001,-0.02131410725,-0.02125636586,-0.01663038934,-0.01907711631,-0.01720157263,-0.001485951944,,0.005205268412,,,0.001756438799,0.001249891258,0.004161828939,-0.006755510858,-0.001777271117,0.001780250835,-0.004153886715,0.001460040439,0.0003966873733,,,,,,,,,,,-0.001794858423,-0.0008120119418,-0.00281804798,-0.002145778115,0.002211960646,0.0005841378862,0.000107896507,0.000107633839,0.0009191811637,0.001631639835,0.0007979513593,0.002579018028,,0.005643663038
1981-03-31,-0.002646123081,,,,,,6.407859369e-05,0.004170978439,0.0002363748329,-0.003688689124,-0.001894064738,-0.003960026561,0.006034101671,-0.003324706616,-0.002165108854,0.005930161661,0.003857137929,0.004683423877,0.002826340145,0.005803021979,,,,,,,,,,,,-0.001238642959,0.0006821009669,-0.004772980234,-0.002039577788,-0.00593670532,-0.005920186206,-0.002736143189,,,,,0.002159229415,0.0004270572446,-0.0008279935169,,-0.003348289691,0.001188897639,-0.002825685943,0.001868076129,,0.00641028705,,-0.003333134681,,,,,,0.003830588012,0.005647475096,-0.004306155625,0.002094256813,,-0.01469267963,-0.01258935538,-0.01326393773,-0.01623081692,-0.01699391956,-0.01631014384,-0.0006223884163,,0.004983556359,,,-0.00113397345,-0.002259355573,-0.002935500211,-0.002801553651,0.002395674942,0.0006869726687,-0.002640143727,0.0008347314761,-0.001874229905,,,,,,,,,,,-0.004919020983,-0.007707102865,-0.006560025365,-0.006328627434,0.003070770757,0.004340762476,0.001374088856,0.002120588926,2.851538326e-05,-0.0002273045853,0.0007236863844,0.001953075812,,0.006205868116
1981-04-30,-0.004298597107,,,,,,0.003531873223,0.001398280418,-0.009151087996,-0.009318637996,0.003524225156,-0.006464711856,-0.0001128864389,-0.007171771299,-0.0008773141533,-0.0002394703065,0.001564445362,0.0002126726229,0.004021670794,0.0001626362402,,,,,,,,,,,,-0.003272079023,-0.008974861268,-0.004443024056,-0.001009171116,-0.003420349576,-0.002441523747,0.003585770119,,,,,-0.005868449979,-0.005089354934,-0.006062926093,,-0.0001476615785,-0.007723425234,-0.01323901395,0.005164077411,,0.01051277167,,-0.009420675141,,,,,,-0.001281165566,-0.00414294629,-0.004079303285,-0.00986525394,,0.00366143074,0.008221155226,0.008221155226,0.001793531797,-0.0038940432,-0.003966608094,-0.004446467573,,0.002485837545,,,0.001066498767,0.003777538754,0.003826257723,-0.0118919687,-0.007551834292,-0.0009785621515,-0.003485703984,-0.007475431794,-0.00354900188,,,,,,,,,,,-0.0009959017767,-0.004805394878,-0.003987258605,-0.0041882331,0.002885764686,-0.004957997195,0.0090397948,0.007844866053,-0.001310154601,-0.001535475591,-0.001827539523,-0.001349131749,,0.009479817911
1981-05-31,-0.006946579209,,,,,,-0.000413835948,0.002912624849,0.001141465217,-0.004988327065,-0.003022215669,-0.0001989353367,0.002909646898,-0.0007536216075,-0.004009021067,0.001024722647,0.001577510655,0.002735013054,0.00225347887,0.001518987012,,,,,,,,,,,,-0.002832293249,0.001371945981,0.0005237327561,-0.001039277044,0.001532281611,0.0008257383988,-0.001586791115,,,,,-0.0005560318841,0.002471765791,-0.00346898168,,-0.004608949897,-0.002526277981,0.00180288431,0.005368780019,,0.01080874421,,-0.002259781017,,,,,,0.002104751236,-0.0001661304459,0.0009597858368,0.004056579649,,-0.02884317092,-0.03191371434,-0.0332318178,-0.02797494388,0.030661783,0.03101615938,0.0007672352914,,0.0003537809902,,,0.0007695176627,-0.00143700346,0.001414125147,-0.005133563933,-0.002087691817,-0.00341937028,0.0006143530695,0.001482932339,-0.0006453658397,,,,,,,,,,,-0.007247363401,-0.00292714072,-0.002875987211,-0.002947671105,0.006373505099,0.009295733479,0.0053215144,0.006911175768,0.00568039121,0.007010956174,0.003693682721,0.0002594377363,,0.01253600125
1981-06-30,0.00798670614,,,,,,-0.003592890572,-0.001993314596,0.001195078849,0.00479368243,-7.430836933e-05,0.004708771775,0.002162995709,0.00677080047,0.002053916542,0.001894745784,0.003374991697,-0.0005739675623,-0.002186850739,-0.002107651626,,,,,,,,,,,,-0.009637014785,0.004515860011,0.002878481625,-0.0001739197096,0.002238333184,0.004225710717,-0.002236476821,,,,,0.003745699744,0.001944913867,-0.00081623764,,0.002788210427,0.0108157197,-4.721009042e-05,-0.006902388455,,-0.00127612374,,-0.006517768093,,,,,,0.004680021272,-0.001566089817,-0.006764517187,0.004789430469,,0.007683310704,0.002879541068,0.004991391955,-0.003635803758,-0.008725722719,-0.008602637006,0.001348877409,,-0.0005775334257,,,0.003183888153,-0.003528611038,-0.00397257654,0.005217628195,-0.004105388109,-0.002974256741,-0.006493733398,0.0008825961717,-0.003637683604,,,,,,,,,,,-0.008498321996,-0.00565334199,-0.005571053274,-0.00615203381,-0.006497562838,-0.004615436456,-0.006519945475,-0.005628061587,0.003516803104,0.003654063652,0.003423053483,0.003474880697,,-0.00262497327
1981-07-31,-9.328856287e-05,,,,,,0.0006935072987,0.001461435566,-0.001823209051,-0.003406133229,0.001491291988,0.0002890377838,-0.002185947437,-0.002119866253,0.0006289466189,-0.0003397546399,0.001291230501,0.0001901593581,6.234125791e-05,0.0021887095,,,,,,,,,,,,-0.00132820588,-0.001467449041,-0.003361208043,-0.00032318233,-0.001876624235,-0.001251771846,0.002543105649,,,,,-0.0009811917855,-0.0007224955208,-0.0005707061782,,0.0007164436289,-5.266051419e-05,-0.003733931381,0.002341742892,,0.004038254718,,-0.006033766255,,,,,,-0.003156402247,0.002783075475,-0.0007583183674,-0.0004920147667,,0.005323923966,0.004859917717,0.007370946593,-0.008727877251,-0.008030460018,-0.007245767553,-0.0004914511216,,-0.0005579737998,,,-0.0002064056603,-4.961108604e-05,-0.0004096353481,-0.003650922909,0.002786345707,0.002778165315,1.922168583e-05,-7.928461117e-05,0.0004802239796,,,,,,,,,,,-0.004396050257,-0.00301676291,0.001362853974,-0.002812454596,-0.001070891694,0.0005488435593,0.002971173034,0.003699035894,0.0002777285197,0.0005238930359,-0.001755511241,-0.001586380523,,0.002423000991
1981-08-31,-0.004144832341,,,,,,-0.0003188789251,0.002722720127,-0.002744000321,-0.0008996789349,0.00288437308,-0.003876875166,-0.001535076497,-0.0002702073391,-0.0004109317405,-0.003109933869,-0.004965373451,-0.003942258803,0.0005560571609,-0.005394057924,,,,,,,,,,,,0.002232997702,-0.001997151182,-0.003417934281,-0.001345212404,-0.004470846012,-0.004295125637,0.001376616514,,,,,-0.002618705712,-0.004078436551,-0.0006121613189,,-0.002407772402,-0.005765667309,-0.009623494865,0.008774819049,,0.009472754082,,0.003412235506,,,,,,0.001543369203,0.00458592915,0.00275721888,0.003626755019,,-0.003118552301,-0.003269199245,-0.004877878014,0.005245778112,0.004432699831,0.004875821054,0.001662862674,,0.004514341167,,,4.337160853e-05,-0.002052184946,0.001951301637,-0.01098596456,0.003000033596,0.003562630307,-0.002286167945,0.002635179862,0.0006347503562,,,,,,,,,,,-0.004031854114,-0.00553355643,-0.004902939327,-0.005409283616,0.002672255649,-0.00266858328,0.007638946501,0.008612535777,-0.0009199151028,0.0002860164775,0.0002601808657,0.001655057514,,0.01080434707
1981-09-30,0.005186712528,,,,,,-0.006744730118,0.00132425686,0.003082826751,0.0004310799359,-0.001537301497,-0.00272248909,0.0009825499864,0.007754844108,0.002339481644,0.0006099349018,0.001516632238,-0.00149315695,0.0009164970577,-0.001053971356,,,,,,,,,,,,-0.003532397669,0.008058695172,-0.0005051380015,-0.0003996291951,0.0005034208872,-0.0009444653213,3.805769075e-05,,,,,0.003520406565,0.001999924501,-0.002392499944,,0.0006155776155,0.008279986917,-0.007094122617,-0.0006789238222,,0.007741409459,,-0.006828834798,,,,,,0.000844702062,0.000806759007,0.005396430354,0.001110545059,,0.004398705705,0.004398705705,0.0008348032368,-0.003579183914,0.0009326436055,0.004343727829,0.0004468750832,,3.983302939e-05,,,-0.001159967039,0.003817372474,-0.0003243198615,-0.001550135782,0.0008025436111,0.00288416235,0.003986032319,-6.979860512e-05,0.003017417506,,,,,,,,,,,-0.004065986408,-0.002243264255,-0.002506542401,-0.002221938733,-0.003890397232,-0.008661141658,0.0009539097527,0.001156244442,0.00569158486,0.006066479007,0.0005053306072,-0.0004282977469,,0.005861292772
1981-10-31,-0.01183517129,,,,,,0.009205017,-0.00186622903,-0.001921257233,-0.01349798383,0.002081182235,0.004019654682,-0.006242485266,-0.008463020815,0.001463494623,0.006888708035,0.003299372924,0.004916534673,0.001709438728,0.0006719131464,,,,,,,,,,,,-0.005947770283,-0.001850979156,0.004453715486,0.005759884113,0.00717637967,0.007322580187,0.009542476179,,,,,0.0003898663948,0.003599838995,-0.002878796423,,-0.009370152872,-0.001815013027,0.001670476377,0.006608082895,,0.01829347572,,-0.01109702596,,,,,,-0.003246716842,0.005252695715,0.006903409305,0.005533676883,,0.002924760439,-0.007797848456,-0.0009082916873,-0.0006029640065,0.004267652651,0.006231564554,-0.006926582171,,-0.002865598663,,,-0.00104329029,-0.005084070718,0.005071358708,-0.007016498057,-0.002025405756,-0.006381588549,-0.0009981968915,-0.00281528596,-0.0001634672363,,,,,,,,,,,-0.01826547762,-0.007943111341,-0.01210935032,-0.01213474153,0.009711207067,0.02542229282,0.004279805757,0.006933656355,0.01025056726,0.01407053822,0.0003082683515,-0.002387266158,,0.01789725071
1981-11-30,-0.006414358432,,,,,,0.005252857952,-0.005475123241,-0.001210755701,-0.007534170618,-0.006279064449,0.0007452057709,0.001272800065,-0.005669805302,0.001975172315,0.006526927096,0.006718227418,0.004022514805,0.0008751612648,0.001105651464,,,,,,,,,,,,-0.008681885196,-0.004235067121,0.00264019335,4.187061836e-05,0.001152159376,0.002589877117,-0.003412172719,,,,,-0.001161133805,0.001974612727,-0.004268096192,,-0.01038740132,-0.002908614707,-0.008326143308,0.002918549897,,0.01277755498,,-0.01399283324,,,,,,-0.003680960753,-0.003557026695,-0.004820452726,-0.005522111199,,-0.002456807422,-0.00193569511,-0.004326490763,0.001782141032,-0.001574332012,-0.00108487583,-0.005270969541,,-0.001247740603,,,0.001017554399,0.0066334607,0.005262768153,-0.009027535073,-0.005373605607,-0.00451687754,-0.0001576300185,-0.004675708275,-0.004140843944,,,,,,,,,,,-0.01062200047,-0.01018283572,-0.004504813859,-0.009283734817,0.007142039835,-0.009239209746,0.01542037449,0.01521763457,-0.0001094796595,8.376200297e-05,-0.006397051774,-0.00364916903,,0.01110685657
1981-12-31,0.001149869285,,,,,,-0.005292831924,0.001645341683,-0.003321127262,0.0005085490503,0.001391865414,-0.004565392286,-0.007546562046,0.008999484231,0.006571843023,-0.004728016404,-0.001347345125,-0.005743590459,-0.002870926864,-0.005435479207,,,,,,,,,,,,-0.004212111294,0.0007265823131,-0.006824174572,-0.008652090892,-0.008568263899,-0.006243377985,-0.001607339721,,,,,-0.006097070129,-0.007873467488,-0.0004929986165,,-0.004485085385,-0.002799251485,-0.01896165564,0.003059880124,,0.01653977531,,-0.0008204095003,,,,,,0.0005367612975,-8.837754567e-05,-0.01189211355,-0.005461404225,,0.003464617656,0.004595345019,0.005180920525,-0.003477533163,0.002466917073,0.002981449172,-0.001146727956,,0.004364780149,,,0.00799820328,0.003553518599,0.001559920411,-0.01471831093,0.0008050653151,0.00806053153,-0.01293993548,-0.005269151262,-0.003928426589,,,,,,,,,,,-0.002692061555,-0.003078703857,0.005820350133,0.002272511821,-0.003815303864,-0.01381775992,0.006449834433,0.008581591132,0.004277899661,0.003248480754,0.0001982125727,0.0003082963816,,0.01259936143
1982-01-31,0.002724014477,,,,,,-0.003759770033,-0.000470370283,0.001798860112,-0.001073336918,-0.0004719725742,-0.0008017105155,0.002475419598,0.005236389629,-0.0002138077842,-0.000416781493,0.001121768914,-0.0008135978158,-0.0002293299645,-0.002408056068,,,,,,,,,,,,-0.007240107664,0.002694123663,0.002044189842,-0.001843097075,0.001377647933,0.0003557762298,-0.002871602943,,,,,7.629820418e-05,-0.0001359573295,-0.002345880198,,-0.002462262301,0.006004331758,-0.001061609681,-0.003251495884,,0.002501502392,,-0.004694083078,,,,,,0.002857093274,-0.004623770068,-0.005676233287,-0.005069856837,,-0.0004805294732,0.003325069121,0.001389009593,-0.001794376509,0.002791050733,0.00318134323,-0.002940383221,,0.002411008651,,,-0.001578855087,-0.0001081768842,0.0001881604302,0.00161996279,-0.005512873818,-0.0004513097742,-0.00360630679,-0.003491483753,-0.003723157633,,,,,,,,,,,-0.002929088597,-0.003354511557,-0.0009472825021,-0.003672245961,-0.003804327942,-0.002389712053,0.001246340738,0.001893286382,0.007614657161,0.006384527282,0.0009680490921,0.002811960861,,0.00342025235
1982-02-28,-0.004056037064,,,,,,0.003381564647,-0.001932797914,-0.002530457124,-0.003129453132,-0.002951861157,0.002646707792,0.004575896277,-0.0006901081217,-0.0006073242002,0.0009060860094,-0.0005472145238,-0.0002553765234,-0.001189146984,-0.002149940564,,,,,,,,,,,,-0.001167134868,-0.0024586457,6.023425224e-05,0.003227020045,7.632507712e-05,0.001400287494,0.002628207349,,,,,7.598269738e-05,0.001374579385,-0.002510111673,,-0.001053177179,-0.004719369674,-0.006206331515,0.006725284114,,0.007905178907,,-0.006275210202,,,,,,-0.001697707966,0.004568334149,0.0003335550399,0.005614383575,,-0.004469964336,0.0007836103426,-0.000874511719,-0.0006119466705,-0.008136377669,-0.0009391559689,-5.139702295e-05,,0.0004649313514,,,0.002483743331,0.004763356105,0.003294783308,-0.006871157204,0.004178025914,0.001441296589,0.001661533563,0.004075815692,0.002454589987,,,,,,,,,,,-0.008733156661,0.0004205325399,0.001772399145,-0.0002996744335,0.005208861946,-0.002459298943,0.005327803963,0.008082147666,0.00309962731,0.004732383705,-0.001849758785,-0.001885199075,,0.007482600667
1982-03-31,0.000358947578,,,,,,-0.001151580468,-0.002395349953,-0.0008080061088,-0.001883685992,0.001181607901,0.004270643578,0.001577264626,-0.0008848250338,0.0002543795588,-0.001094431758,0.000795249547,-0.0006351541788,0.001992112512,0.0001482071698,,,,,,,,,,,,-0.001442533856,0.000571646726,-0.001714107512,-0.003063298252,-0.0002570126895,0.000185681229,0.000689632016,,,,,-0.002533901222,-0.002186650953,0.0008345054863,,-0.003447375664,0.002115661572,-0.0003428526193,-0.001120405056,,0.004529456252,,-0.006667996151,,,,,,0.001187303714,-0.001829050861,-0.003563247417,-0.005417932796,,-0.001335697847,0.003670393802,0.005370878872,0.003286276362,-0.003780409765,-0.0005614969945,-0.0006374673991,,-0.00145547484,,,-1.023410245e-05,0.003071384904,0.001275033184,-0.0007883216535,-0.002598298504,0.002329021981,-0.003406686686,-0.004888500466,-0.004519342349,,,,,,,,,,,-0.00244322702,-0.001187818056,3.764967399e-05,-0.001439551414,-0.0001648855531,0.004481701764,0.001238747893,0.002692475803,0.00466838873,0.005920820212,0.0005970472306,0.001678899419,,0.004505345707
1982-04-30,0.008248019891,,,,,,-0.002593538591,-0.005235066326,0.009951307103,-0.003041190442,-0.0006394595596,0.005796230049,0.003093798161,0.001200550381,0.002258541199,0.003648081081,0.003198533463,0.004236616756,-0.000167504548,0.005670930868,,,,,,,,,,,,-0.002059795974,0.005920665969,0.00458270757,0.001546565968,0.005407435334,0.002844867821,0.001297785899,,,,,0.005546798277,0.006925722055,0.0007512894396,,0.001924593423,0.01230484697,0.01065081711,-0.005901383121,,0.0001177535384,,-0.01007692431,,,,,,0.004805052567,-0.003880573567,-0.001130876811,-0.00415413122,,0.006915130914,-0.0008477776848,-0.001790703467,0.01261158007,-0.01350555734,-0.01259313408,-0.00306717458,,-0.001175147636,,,-0.00180621105,-0.00595939385,-0.004409838285,0.009977339067,-0.007033342247,-0.007424468606,-0.002531554256,-0.004027640114,-0.006285831999,,,,,,,,,,,-0.002728112883,-0.008720834795,-0.004536461235,-0.002032813386,-0.004363756047,0.00770831383,-0.002072954034,0.001666969755,0.005679910524,0.006061905078,0.00538753143,0.004168087217,,-0.0001237285778
1982-05-31,-0.003757080391,,,,,,0.003541828757,0.001570209131,-0.002768186872,-0.004247154218,-0.0007342980178,0.0008531081888,-0.0001849017452,-0.001166795914,-0.002806268418,0.002467226412,0.0007510673866,0.002282932295,-0.001303159635,0.001926415159,,,,,,,,,,,,-0.001520931872,-0.003806180465,-0.00125910244,0.002192780107,-0.002420593521,-0.002875100589,0.001770423486,,,,,4.397463797e-05,-0.001229510109,0.0007320105142,,-0.003970189088,-0.002363770656,-0.005214474502,0.005865517611,,0.007195889304,,-0.003551805259,,,,,,-0.001400337823,0.002730751517,0.0004376448146,0.001726007401,,0.00156362182,0.00107359943,0.0005278605644,0.001558450739,-0.001898193147,-0.0008475279055,-0.0009419464631,,0.0007211417751,,,0.0005853826965,0.002683908748,0.002062484295,-0.005634527076,0.00195423448,0.0007791838826,-0.0001105717554,0.001461333919,0.001346461687,,,,,,,,,,,-0.007515002532,-0.002649961162,-0.002908797871,-0.002159443178,0.003387901838,-0.001200705696,0.00642393922,0.006605083863,0.00297116618,0.003802084952,-0.001561326049,-0.0009655760526,,0.006613158786
1982-06-30,-0.009372373944,,,,,,0.001892936388,0.004507547477,-0.00811751575,-0.005241219294,0.003626284201,2.550108152e-05,-0.004691036654,-0.002831401723,-0.004204527769,-0.00398442917,-0.003728069386,-0.003329909866,-0.0003683578291,-0.0005949829977,,,,,,,,,,,,0.0008114385527,-0.005226021352,-0.007074226592,-0.003189985813,-0.006970602615,-0.003635448634,0.00447362315,,,,,-0.004782389588,-0.006587026465,0.0004369601711,,-0.004756384212,-0.008938179766,-0.006162558031,0.008401321944,,0.01059331986,,-0.005089784088,,,,,,-0.005502068147,-0.001555043133,-0.002829430857,-0.0006303983646,,-0.001922125216,0.005221755718,0.002856912167,-0.003851981802,-0.002786489637,-0.002999888735,-0.0001090456986,,-0.001441788651,,,0.007600010955,0.007173325343,0.002799499517,-0.01032266588,0.001007932873,0.006152937967,-0.00458343317,-0.0001791914154,-0.002409841892,,,,,,,,,,,0.0007710551702,0.001197159226,-0.004812947834,-0.000325294356,0.007128133543,0.005540150141,0.005870634125,0.007290784909,0.0006027607794,0.003486283705,-0.006471865764,-0.005503268438,,0.0105709731
1982-07-31,-0.006411331811,,,,,,0.003484503641,-0.001715315373,-0.000137136683,-0.005440886773,-0.002064120302,0.0009458469657,-0.0006949066372,-0.002232857287,-0.003584676866,0.001713495466,0.00153037287,0.001537339133,-0.0001620208584,0.00135238334,,,,,,,,,,,,-0.001633652165,-0.002189360798,0.0009301967337,0.003929094695,0.001731688432,0.0007740951206,0.002349990423,,,,,0.001429274944,0.00189943755,0.0004667820176,,-0.002609195529,-0.003530012917,0.0009070187948,0.005445062613,,0.005025563918,,0.001423905449,,,,,,-0.001194781413,0.001081417726,-0.001009111696,-0.0003349035945,,0.007119248785,-0.005122787838,-0.006906730465,-0.00446277091,0.003408698117,0.00509321895,0.001706325107,,-0.00105922821,,,0.002191833571,0.0007008074659,5.399546485e-05,-0.003077818502,0.0003702029618,0.002284987021,0.001393589865,0.00259093428,0.002552113259,,,,,,,,,,,-0.003466487174,0.0002345549716,0.0005182787558,0.0002039185286,0.005030480506,0.003450637524,0.00718516523,0.007536853958,0.0009850751388,0.001940016037,-0.001127822726,-0.001411685364,,0.00503587197
1982-08-31,0.01752975181,,,,,,-0.00415000795,-0.009663340776,0.01378895333,0.0002057582441,-0.00133457282,-0.005837713793,0.006658236271,0.003683721564,0.00811304553,0.003805548557,0.00421444788,0.003073096511,-0.005297788994,0.002382533703,,,,,,,,,,,,0.0004822954749,0.008742142948,0.005600588802,0.001543659346,0.008429513857,0.007865542664,0.001220758292,,,,,0.002611329427,0.007301492987,0.005487612462,,7.783662564e-05,0.02090455191,0.007358986537,-0.01130892548,,0.002511350671,,-0.009136762383,,,,,,0.006980572875,-0.005243480893,-0.009886757777,-0.009878851623,,-0.01260756401,-0.0007702430251,-0.01966474769,-0.01282302636,-0.01149067862,0.006658351627,-0.005662892016,,-0.0003475599701,,,-0.005339271294,-0.007590837136,-0.005536773507,0.01168391087,-0.01356907711,-0.007827560975,-0.01403978121,-0.01294908895,-0.01061027773,,,,,,,,,,,-0.01119758134,-0.01600747516,-0.01590408151,-0.008255428273,-0.0142643126,-0.0003475107938,-0.007311969263,-0.001656669937,0.01509064643,0.01550170952,0.007959340303,0.007899004197,,0.005091799392
1982-09-30,-0.007182507603,,,,,,-0.006792062182,-0.005185657986,0.001081799736,-0.01762480948,-0.00296965606,0.01367982201,-0.009611418557,-0.000668690213,-0.008090854139,0.00436790336,0.001784184175,0.0005188264608,-5.711968368e-05,1.528371155e-05,,,,,,,,,,,,0.01112890137,0.006151453695,0.001504386527,-0.001050907817,0.000468716355,0.0008786700926,-0.001113067137,,,,,0.001214602352,0.002240216792,-0.0002665658688,,-0.01147030959,-0.001547088252,0.003034866365,0.006972482583,,0.01052233199,,-0.007554619712,,,,,,-0.005030954935,0.01137895056,0.003262608186,0.005396738045,,0.008319035795,-0.01283159062,0.006048738959,0.006303158546,-0.0124550715,0.006516190007,-0.003399837638,,-0.009042744381,,,-0.001704401574,-0.003823012197,-0.006959490912,-0.002672788614,0.004100128924,0.0007814551365,-0.001404888261,0.004955598157,-0.001468034818,,,,,,,,,,,-0.0004618203622,-0.003207556616,-0.003616665483,-0.002583452522,0.004390018681,0.00600169653,0.003409787711,0.009402917576,0.007141225145,0.008887167045,-0.005089592098,-0.006448844287,,0.0122999956
1982-10-31,0.01843832287,,,,,,0.0001476892461,-0.005597949806,0.01079089135,-0.001683373752,0.002638203931,0.003298511877,0.01028870263,-0.0007068651621,0.004548928734,0.002381362515,-0.000336034622,0.001843059891,0.0026131765,0.0005008742725,,,,,,,,,,,,0.01289551557,0.004753768882,0.009207504463,0.008090174707,0.010293823,0.006196549088,0.003729686684,,,,,0.007640664573,0.01126597709,-0.001411733489,,0.006984802915,0.02153835902,0.006649380428,-0.01477909731,,-0.007756361931,,0.003824262053,,,,,,0.0156276778,-0.003371300185,0.009987556587,0.01106555406,,-0.003726633237,-0.00334003997,-0.006755705565,-0.006681420015,-0.005371943745,0.003330753007,-0.004004875674,,0.006201290894,,,-0.01419980089,-0.005138005117,-0.01572779669,0.01207530864,-0.006654633213,-0.01106218767,0.01331626977,0.009355592985,0.002852513153,,,,,,,,,,,-0.004544836049,-0.00122431755,0.005111296626,-0.0001077506272,-0.0166782225,-0.003842068827,-0.007679764354,-0.006900743029,0.004495281042,0.003213307844,0.01580661105,0.01519402032,,-0.007815392828
1982-11-30,-0.0104787984,,,,,,-0.00175508865,-0.007106030031,-0.01200035604,-0.01133632275,0.003842146388,0.01008398799,-0.003803923492,0.0001375156046,-0.007933876341,-0.0004816802967,0.003546614237,-0.00198165894,-0.006153818012,-0.002471872775,,,,,,,,,,,,0.009559629372,-0.001868667206,-0.003694500834,-0.00630116661,-0.004977375072,-0.003387236741,-0.008875968173,,,,,-0.007883837137,-0.007373259495,0.008498609876,,-0.01038731112,-0.006674332341,-0.00084893348,0.00673452756,,0.01069097777,,-0.008213076239,,,,,,-0.003872151141,0.004285829669,-0.005700729212,0.006304321827,,-0.01199545829,-0.01233341322,0.001123761063,-0.01109473699,-0.008490398384,-0.001053547535,0.0007610582025,,-0.003102978854,,,0.008137857692,0.003426822837,0.005758600388,-0.006563790538,0.001894303785,-0.001579248415,-0.009929786379,0.002463586216,0.005005710585,,,,,,,,,,,-0.01487106267,-0.007007217081,-0.006969014261,-0.00719270115,0.007658299497,0.006647313334,-0.005183261944,0.001207780316,0.003695738956,0.005142275527,-0.003273314625,-0.004254817154,,0.0109515833
1982-12-31,0.001175867138,,,,,,0.0007707920774,-0.001757871539,-0.001915453399,0.00168529984,0.000132749732,-0.0005598645621,0.0007293317744,-0.000554561157,-0.0008928451803,0.0008126219364,0.002759853695,0.0006640366311,0.00127207612,-0.001497239594,,,,,,,,,,,,0.003139445146,-0.003317661263,-0.003723119723,-0.000737101198,-0.003927892614,-0.005489999281,-0.002204229073,,,,,0.0008189607824,-0.001805719941,0.00469798356,,-0.002675452284,0.0009188695703,-0.007551093068,0.0001778065902,,0.006274682897,,-0.006671065246,,,,,,-0.0007106921022,0.002368560831,-0.002096619455,0.0006164650523,,0.01228160849,-0.01184406018,-0.01480719043,-0.01171826337,0.01072872386,-0.008050260134,0.001443710785,,0.002359453792,,,0.001965316932,0.002029540274,-0.001020143232,-0.007179882803,-0.002107352765,0.00195025772,-0.00505384385,-0.003440983639,-0.003725435673,,,,,,,,,,,-0.00784441786,-0.005634340712,-0.005242393652,-0.005884089054,-0.002545342368,-0.007132303208,0.0032391957,0.002564482388,-0.001061956063,0.0004589338344,-0.001206362742,-0.0004722363652,,0.005831557143
1983-01-31,-0.006129296483,,,,,,-0.004045794563,-0.002121849997,-0.007505345013,-0.005292746223,0.007992456071,0.0008548623954,-0.003766677133,0.004027949794,-0.00558482134,-0.001388935945,0.002802184126,-0.00689562399,-0.008598116033,-0.006117360165,,,,,,,,,,,,0.007629051089,-0.002272825708,-0.004643206245,-0.00642742907,-0.00670318315,-0.001967341366,-0.00486122252,,,,,-0.007814091963,-0.008922352192,0.004862253141,,-0.007182347829,-0.005418537696,-0.003822920028,0.008252671957,,0.01066268005,,-0.009461113269,,,,,,-0.002255451198,-0.00135667079,-0.00328615464,-0.005523127277,,0.0009102342395,0.0007527910338,0.001393775264,0.00436791808,0.001030169459,-0.001504255787,-0.0004654777801,,0.001946088755,,,0.005506681763,0.006427863415,0.006034153873,-0.007814312705,-0.004979404257,0.001258480075,-0.005537933474,-0.007901995945,-0.005593099765,,,,,,,,,,,-0.002589386801,-0.006527419983,-0.007435513368,-0.007540078813,0.004352025298,0.006468317169,0.007029925445,0.008656621951,0.008329167089,0.009721636114,-0.002830180976,-0.002263748427,,0.01221981601
1983-02-28,0.008802952923,,,,,,0.002916490811,-0.0001154821886,0.0062928822,0.003939052063,-0.006446776581,0.0003088631117,0.006282327538,-0.003790476937,0.003879622916,-0.002780892829,-0.0009325007588,-0.001372733587,0.008209557251,-0.004708154519,,,,,,,,,,,,-0.003170907458,0.0006183456232,0.00369101453,0.004705757583,0.006422873368,0.001692951401,0.0034053596,,,,,0.004975308691,0.005326224702,0.00450867597,,0.002614193379,0.009523364395,-0.0002504101087,-0.003983717242,,-0.001704946083,,0.001764960554,,,,,,0.002495259885,0.002609790517,-0.006636479306,0.005507191022,,0.006259926667,0.006828203525,0.0004372827889,-0.000605073647,0.0008732664624,-0.0005871848702,-0.001188247462,,-0.001087766075,,,-0.0004030458333,-0.005717039086,-0.004155305957,0.003837918417,0.001781301551,-0.003458482766,-0.008025696372,0.007464194922,0.002338599616,,,,,,,,,,,-0.009708986931,0.001275819184,-0.002662086305,0.003672677343,-0.006805783561,-0.00475991482,-0.002224158439,-0.001584836619,0.000317083068,-0.0001153689157,0.002925841297,8.079351241e-05,,-0.0003376381694
1983-03-31,0.002622623434,,,,,,-0.001713962659,0.0001042973897,0.0002196773693,-0.002508839752,0.001788448663,0.0002770312024,0.0001184595144,-0.0003154459546,0.001991122071,-0.001103229126,-0.001242491979,0.001158735143,0.001930464379,-0.0002654185602,,,,,,,,,,,,-0.0009975873693,0.00474352384,-0.0003100034258,0.0001863663998,0.002122629865,0.002721618722,0.003977924655,,,,,0.002202952604,0.002298155391,0.002684400642,,0.001231389258,0.006415818414,0.007798544713,-0.00122348701,,-0.0001809337971,,-0.0001615872245,,,,,,0.004817566822,0.002006152663,0.001225321647,-7.845642996e-05,,0.005177370222,-0.005299418252,0.004537555062,-0.003686952257,0.003941407623,-0.004556653096,0.0002688729922,,0.0007212634894,,,-0.003820068053,-0.004511038183,-0.003809531132,0.006467412705,0.00210235398,0.001060052798,-0.001136505154,0.002215658485,0.004411287261,,,,,,,,,,,-0.006459649137,-0.002370859368,-0.005843181943,-0.001686646646,-0.003170447825,0.007928197754,-0.005351650673,-0.00209415862,0.005665405227,0.005047284617,0.003912640547,0.004241255392,,0.004293502469
1983-04-30,0.006833627324,,,,,,-0.002445328772,0.001799404475,0.0111941396,-0.0005085187429,-0.006718951953,0.005167578728,0.002284387554,0.008422168571,0.006957146257,-0.008949795545,-0.009646730307,-0.004877822543,0.01178472551,-0.006781411772,,,,,,,,,,,,-0.01053419211,0.01311567749,0.009111688164,0.005620752918,0.0140686479,0.01167700704,0.008738423337,,,,,0.007669080587,0.01365344706,-0.003832437211,,0.005614736574,0.01315975114,0.01980301396,-0.007496719,,-0.008517687281,,0.007968392718,,,,,,0.01011476953,0.007551603644,-0.007624015162,-0.001266562498,,0.002880347817,0.002395111554,0.0002158523177,0.004139641302,-0.002595838049,0.0007488331948,-0.003512411905,,0.0001473396995,,,-0.00739300482,-0.006729562606,-0.01504586001,0.02065034238,0.01335007795,0.0108609924,-0.003199014161,0.004556698063,0.01318774529,,,,,,,,,,,0.009534610701,0.009536293368,0.01016702923,0.008550137031,-0.006486401998,0.01405712831,-0.01392070499,-0.00823490281,0.006295891466,0.002759247613,0.009271240765,0.009652068378,,-0.0003240375637
1983-05-31,-0.00630661133,,,,,,-0.000318056174,-0.008084870852,-0.01375123329,0.0008341702276,0.002429124502,0.002767626572,0.007687202679,-0.01128146375,-0.009249643978,0.01553180396,0.01437269118,0.003109528119,-0.009473563514,0.001677995868,,,,,,,,,,,,0.01311978874,-0.01114141489,-0.01112793081,-0.006251246237,-0.01401947798,-0.01359728622,-0.004262285468,,,,,-0.006616833255,-0.01071318623,0.01294205028,,-0.01244867857,-0.003667110446,-0.01598709841,0.01124448612,,0.01538822409,,-0.005098322366,,,,,,-0.009379178692,-0.003530104992,0.003639613846,0.00894480561,,0.001151719938,0.005965072917,0.004428217488,-0.00708253403,0.002841563727,0.002317733118,-0.002236177399,,-0.003768243668,,,-0.00745139548,0.002081860221,0.007816956032,-0.01890182151,-0.0145127571,-0.01298971817,-0.007013009418,-0.003833870445,-0.01236189882,,,,,,,,,,,-0.01670389065,-0.01410282858,-0.01436416944,-0.01399095199,0.0009518333034,-0.004863517863,0.01251193422,0.011401833,-0.0004413836032,0.004075872893,-0.002469389526,-0.007106186141,,0.01152830469
1983-06-30,-0.005203767274,,,,,,-0.002332029095,-0.002173784724,-0.003013605611,-0.001710250957,0.001081659794,0.0005095958438,-0.00135162834,-0.00192254295,-0.002268217763,0.004398681048,0.004411567483,0.002085588031,-0.005202869164,0.003168222813,,,,,,,,,,,,0.003784210084,-0.002711968816,-0.001815046259,-0.002667853947,-0.002796726492,-0.002571505091,-0.005301767608,,,,,-0.002750961274,-0.002259087909,0.003755902671,,-0.00222277708,-0.004990998901,-0.003217600619,0.005634163018,,0.007384030419,,-0.006555395096,,,,,,-0.003101218114,-0.003266989607,-0.002652515356,-0.0005877115142,,-6.833566539e-05,-0.003561856258,-0.002729267825,0.003449653716,0.00189926816,0.0007564979573,-0.0007930409972,,-0.0005817937221,,,-0.001231191314,0.00313165102,0.005685732704,-0.00482618855,-0.003995087011,-0.004529260222,-0.002418155992,-0.0009865738096,-0.004546335977,,,,,,,,,,,0.001459727243,-0.002550403234,-0.003086565289,-0.002764728141,0.005110857441,0.001243360695,0.007226142589,0.008822032668,0.002620537045,0.004290508155,-0.004139249424,-0.002896068997,,0.006615651272
1983-07-31,0.001136564076,,,,,,0.003699831128,0.004722203058,-0.006046935991,0.003522103692,0.002234432746,-0.002128618622,-0.0002345488931,-0.002792647664,0.001028379069,0.004664626297,0.002543931874,0.000749695941,-0.003326098198,0.003294555184,,,,,,,,,,,,0.003872087987,-0.008773155386,-0.00991777966,-0.0009144935282,-0.008579358358,-0.006093935431,0.001781326729,,,,,-0.004873347816,-0.007221566788,0.003612922408,,-0.005375961882,-0.001453555428,-0.01069450658,0.01104801419,,0.01277452563,,-0.00915400892,,,,,,0.0003724399431,0.0005885228072,-0.0008706700685,0.002912204502,,0.0005160770843,-0.0003736943927,-0.005268924032,-0.002667435659,0.001438108594,0.003038058169,-0.002138430912,,0.005084250517,,,-0.001654792005,0.0004494541323,0.002052849013,-0.01362144455,-0.008763258987,-0.005916110169,-0.004210542731,-0.003947914321,-0.002206389952,,,,,,,,,,,-0.0008282542882,-0.01046613796,-0.008726697729,-0.01052851653,-0.001653019336,-0.005030577585,0.0105255363,0.01341841545,0.00903923138,0.01146245434,-0.00245727434,-3.307086222e-05,,0.010556171
1983-08-31,-0.002606798337,,,,,,-0.001034805293,-0.001160194944,-0.0004374622112,-0.0008468265301,0.001740092324,0.00198238067,-0.001043405027,5.283359077e-05,-0.0001911619835,0.0009696413954,0.002947022898,-0.001093821071,-0.002263780723,-0.0009699621155,,,,,,,,,,,,0.002063256754,0.0006007620231,0.001636341287,-0.002691756845,0.0005044489462,0.000988815724,-0.001067659374,,,,,-0.001978946083,-0.0003300791675,0.003378463465,,-0.002243163921,-0.00109380658,0.001105779097,0.00136720621,,0.004464585476,,-0.004095306787,,,,,,-9.207847423e-05,-0.001844828495,-0.0006953065107,-0.0005670811048,,0.001000209232,0.000609410814,0.003809828939,0.001110995828,-0.003069224996,0.001157373751,-0.0003444356898,,-0.0007603092917,,,0.00113190936,0.001414213592,0.0009158570986,-0.0004638308436,-7.910155606e-05,-0.001662891822,0.0004444123283,-0.0004124771103,0.0005308053262,,,,,,,,,,,-0.001558555132,0.0003521759276,-0.001113390725,0.0002204555063,0.001971516133,0.002701093775,0.001609275066,0.005088273016,0.002523593325,0.005183088,-0.0006600271087,-0.000144562035,,0.004949402376
1983-09-30,-0.001003534908,,,,,,-0.001883252234,-0.002362889345,0.003704788398,0.0006631437165,-0.001485081549,0.001609704208,0.0007423113916,0.002273304132,0.001952580568,-0.001251646067,0.0004286195465,0.0008047967556,0.005549098109,-0.002664849283,,,,,,,,,,,,-0.002032071958,0.005143701882,0.003743099379,0.001861560837,0.004767680061,0.003754826176,0.003706256198,,,,,0.004658631139,0.006099889287,0.003691507898,,0.002091508062,0.003808836297,0.005129641276,-0.0009572975091,,0.003933943264,,-0.006809687921,,,,,,0.001347410374,-0.001155010291,-0.004191354177,-0.001786810765,,0.0003969874634,0.0004491359289,0.005452641528,-0.002147163771,-0.004159260508,-0.001774162643,-0.001136656676,,-0.004995118288,,,0.00392542772,-0.0014405362,-0.001713874679,0.003060536526,0.0006299113441,0.00168649883,-0.007689602519,-0.0007870479855,-0.002320908397,,,,,,,,,,,-0.005029987492,0.001878359991,-0.005593305439,0.0006370046097,0.0001264486233,0.006519761444,0.00122893709,0.002274265086,0.006870290359,0.00640705214,0.00229702849,0.0003484217803,,0.004779141669
1983-10-31,-0.003848051543,,,,,,-0.003075708676,0.003584070101,-0.003409516384,0.003612158224,0.004086568165,-0.000520690252,-0.001115564533,-0.002222803594,-0.002867097279,0.003184026842,0.003827379252,0.0005259815998,-0.006860479961,0.003432540158,,,,,,,,,,,,0.006810131001,-0.002620933898,-0.005419563338,-0.006236994615,-0.007021665891,-0.00670514169,-0.004490301459,,,,,-0.004375082205,-0.004807293209,0.003113290912,,-0.006173210355,-0.001108803115,-0.005209504466,0.007245585324,,0.01106615681,,0.0001536519469,,,,,,-0.0006156668494,0.003420920853,-0.0005292073455,0.001160882928,,-0.006276166705,-0.006652481569,0.001003908268,-0.006744006712,-0.001398374433,-0.006314197157,0.0006627975703,,0.003139271636,,,-0.004754570761,-0.0001640688911,0.003659964201,-0.006627945522,-0.001207956043,-0.001065581897,0.002059275022,0.00256140315,-0.0001112654344,,,,,,,,,,,-0.005439879477,-0.00498367685,0.003965170066,0.0008025211814,0.001664953353,-0.003666724897,0.006711820634,0.008894007262,0.007481269316,0.008488541461,-0.002687197679,-9.052977109e-05,,0.01004248198
1983-11-30,-0.003748862353,,,,,,-0.001364763056,0.001218145599,-0.002066631644,0.002950677071,0.001498934825,0.001801961872,0.0006260126021,-0.00116532882,-0.0007981500027,0.004080576058,0.004363006993,0.001420550199,-0.003904218438,0.001241357359,,,,,,,,,,,,0.004605607675,-0.002093035617,-0.0009644781579,-0.004628726921,-0.002961826285,-0.001409659193,-0.004337164666,,,,,-0.004474958781,-0.004803191691,0.005674398103,,-0.004505919101,-0.003905098601,-0.002391789501,0.005066456504,,0.007689119904,,-0.0001225764221,,,,,,-0.0007919425253,0.0001710143169,-0.002103253364,-0.0009623619354,,0.003417475974,0.003824329537,-0.00176091999,0.003867528107,-0.006582623046,-0.0068620193,-0.0006659610874,,0.0008912335126,,,-0.0007670778852,-0.001279999742,0.004497736378,-0.004908053658,-0.001421897353,4.75054473e-05,-0.001829084327,0.001448469706,-0.004054698815,,,,,,,,,,,-0.0001241114404,-0.001165586913,-0.001222861234,0.001904195361,0.003877730701,0.001180177409,0.006035107337,0.00577671318,0.004977810154,0.004882528862,-0.002322511591,-0.0005028810218,,0.006452315894
1983-12-31,-0.003275432712,,,,,,0.00238183812,0.002774078032,-0.001858159096,0.003044831241,-0.001385530565,-0.001548865816,0.000764291543,-0.003891460623,-0.002678334661,0.002963757291,0.002145975564,-0.001472621181,-0.003524017112,-0.001037715164,,,,,,,,,,,,0.003783752428,-0.004342619635,-0.004181713746,-0.001279158065,-0.005667060044,-0.004875660521,-0.0039581307,,,,,-0.001806560655,-0.004025470693,0.002990069043,,-0.006640417241,-0.003729667511,-0.006891593785,0.004943490581,,0.005169047345,,0.003572319766,,,,,,-0.003685823728,0.001008722939,-0.001916712373,0.0007481859947,,-0.003149383599,-0.002950473039,-0.0001655448989,-0.002569565871,0.001029373656,-0.002294866633,-0.0001105679641,,0.0009241008029,,,-0.002671826606,-0.002322499346,0.004757618132,-0.005738171572,-0.0007352955746,-0.002976206713,-0.0006547086746,0.00386175022,-0.0009517181338,,,,,,,,,,,-0.001688767955,-0.001393608684,0.001262475095,0.003197200063,0.001857904468,-0.005703660014,0.005640146205,0.004989551013,0.003781361797,0.003000274318,-0.003629031166,-0.003823860435,,0.003094385574
1984-01-31,0.01634618084,,,,,,0.008977649656,0.007668954918,0.006741466753,0.008222469312,-0.001189656529,-0.004194256275,0.001483040939,0.002689357465,0.006149537083,-0.001026643919,-0.0006076785343,0.007287245033,0.01353000659,0.00374578682,,,,,,,,,,,,-0.006069988293,0.002080166956,0.00101519235,0.01402722199,0.009181404134,0.005484015409,0.01332399122,,,,,0.01123351152,0.009342223834,0.01143974713,,0.00525461645,0.01583859352,0.0006341693687,-0.01298645212,,-0.00444955459,,-0.01678013444,,,,,,0.009489716081,-0.00545289298,-0.0124260209,-0.004955037254,,0.006285893314,0.007255759378,-0.0006915190822,-0.0004371466938,0.005842851485,0.005534876836,0.00380438438,,0.005686697666,,,0.005313362957,0.003472588985,-0.008393303211,0.002099415869,-0.00493522118,0.005504549597,-0.01573224092,-0.01167987186,-0.01129151077,,,,,,,,,,,-0.01685042929,-0.003716012425,-0.009709253914,-0.01165303796,-0.01618182681,-0.0006640919486,-0.000237725401,0.0008753483078,0.004133373787,0.007396192011,0.01398552655,0.01137311595,,-0.003437255345
1984-02-29,-0.0006314226457,,,,,,-0.000763679825,0.007756907518,-0.008255108416,0.005987330815,0.00264744707,-0.001509803348,-0.00176596668,-0.007931064519,-0.0056924716,0.00575633034,0.003119921744,-0.003112519114,-0.006143481922,0.00333782215,,,,,,,,,,,,0.00659782978,-0.008341146018,-0.007008542898,-0.006103206605,-0.009204295896,-0.00566770226,-0.003507668045,,,,,-0.007635083697,-0.008911935332,0.004575392159,,-0.007891453981,-0.003193324579,-0.01163426807,0.005868389648,,0.008129370913,,-0.006770722764,,,,,,-0.0008793003848,-0.0001366014088,-0.0005397061229,-0.001610320929,,-0.002180725403,-0.000774470772,0.0001027230158,0.0009154659652,0.002982898916,-0.0001614329884,-0.003747882932,,0.005232822149,,,-0.007583419351,-0.002731306271,0.003482888301,-0.01235515901,-0.002962215287,-0.007374542959,0.00233189168,-0.0007356883272,0.005196376241,,,,,,,,,,,-0.01116909357,-0.005791956206,0.004446916977,0.001444336293,0.000245715174,-0.00583521797,0.007521804027,0.006532663543,0.007889650055,0.006147294226,-0.004311171386,-0.002072825993,,0.00448131818
1984-03-31,-0.004021974745,,,,,,-0.0007332304371,0.005198918903,-0.005088584082,0.005183893602,-0.0006625830538,0.0008784834216,-0.003121485896,-0.003666345612,-0.003942651206,-0.003201169964,-0.005231983056,-0.00758303565,-0.007405245057,-0.004311119348,,,,,,,,,,,,0.00716943159,-0.002565013919,-0.006954674892,-0.004476687721,-0.004224743212,-0.003742893537,0.0007703888001,,,,,-0.003753976904,-0.005409866468,0.006521484454,,-0.01052898838,-0.001274892605,-0.004755992457,0.00507343781,,0.009238779552,,-0.001902213423,,,,,,-0.003503686176,-0.003143893876,-0.007185149535,-0.004887618703,,-0.003694486701,-0.003227201868,-0.002924204002,-0.001453943783,-0.001978414262,0.0001599523543,-0.002379641134,,-0.003194077448,,,-0.001082450492,-0.001874601874,0.0006790544128,-0.005385163951,-0.003333599788,7.567393653e-05,-0.006966533935,-0.003390526337,-0.001066479412,,,,,,,,,,,-0.001737453148,-0.004181365634,-0.002233381985,-0.0009762445173,0.002403002956,-0.002547358856,0.004912159885,0.004267082778,0.00615545668,0.005389312706,-0.005307035568,-0.003425503356,,0.00673448063
1984-04-30,-0.0008658684837,,,,,,-0.001274290865,0.002770781385,-0.005282075319,0.003792369121,0.0005298420947,0.0006197746291,-0.001014654078,-0.00615428577,-0.005960409302,0.001593375853,0.002872407126,-0.001365989485,-0.004460526358,-0.0008519861292,,,,,,,,,,,,0.007634622363,-0.005614237346,-0.007581651325,-0.006047023039,-0.009595225162,-0.008941000245,-0.002073369931,,,,,-0.004110411071,-0.008704454787,0.002414325396,,-0.008147048833,1.455972639e-05,-0.00327653897,0.004302560009,,0.007114305651,,-0.0007922123373,,,,,,-0.004540364269,0.001290814172,-0.002146826011,0.003597368843,,0.001915365777,0.003504520725,0.003059814196,0.006320177286,-0.0003999827142,0.00205463563,-0.004001806237,,-0.001299180106,,,0.001084210151,-0.002742143755,-0.00112530608,-0.002898980155,0.005268928137,0.003006748457,-0.002349532599,0.005684887196,0.004696035454,,,,,,,,,,,-0.001335118791,0.00163386663,0.0001539745526,0.005208255466,0.0003345105798,-0.001874378921,0.005337048105,0.00422247596,0.007318739847,0.006218960817,-0.007366776363,-0.006303179197,,0.005305990231
1984-05-31,-0.004085315354,,,,,,0.0001795807607,0.005628499775,-0.00306064211,0.002191815069,0.001182669341,0.001691067759,-0.003307004111,-0.003223672033,-0.005951341328,-0.001980785673,-0.00256118943,-0.001303726008,-0.004351038564,-0.0003421110597,,,,,,,,,,,,0.005924868825,-0.005389214815,-0.005258231457,-0.003399626466,-0.005206603721,-0.006395206253,-0.0005869815606,,,,,-0.003164066445,-0.004960329558,0.002665618658,,-0.00436983197,-0.005714295161,-0.0106380148,0.004739648189,,0.002683488662,,-0.0003939387471,,,,,,0.0005982819213,0.002836694574,0.002346691466,0.0008068905947,,-0.000550436816,-0.0008654212546,0.002045328831,0.001703270759,0.000177185493,0.0002347142511,-0.002192424793,,0.000864228057,,,-0.001233752788,-0.003223856347,-0.001233215686,-0.009564250138,0.003452107986,0.00490246383,0.004018924053,0.001542325224,-0.0004856651684,,,,,,,,,,,-0.001939115214,0.003395796525,0.004980371723,0.003064254749,0.004836378254,-0.005797347043,0.004592615014,0.003333628393,0.004598281733,0.002794804868,-0.001133758661,0.001089402794,,0.0005961928141
1984-06-30,-0.002512712982,,,,,,0.0008885657,0.003439491416,0.003972231817,0.0005554512918,0.002631986731,0.004758764119,0.00110352004,0.003256107564,0.001796377719,0.007602146746,0.003855509061,0.004256478565,-0.0036839514,0.005838705583,,,,,,,,,,,,-0.004222312836,0.002022868257,0.00528809423,0.002470700465,0.004886566965,0.005373759958,-0.002286053934,,,,,0.001134389427,0.005213248362,0.01034490856,,-0.007250322216,0.001730140235,-0.004075687418,0.006313771017,,0.0149942406,,-0.01003608731,,,,,,0.005702435104,-0.001085307771,-0.006628848815,-0.002908810023,,-0.002174045899,0.0003325848388,0.0008431054452,-0.00137606283,0.003183732029,0.00365674611,-0.005932910579,,0.005076068294,,,-0.005000186612,-0.006930133542,-0.003860042487,-0.007726738199,-0.006071180687,-0.001299243332,-0.009622089212,-0.006349739411,-0.009612244289,,,,,,,,,,,-0.007730658972,-0.009664919665,-0.008618701853,-0.009725321019,0.0009751618494,0.001961786774,0.01445767855,0.01519227637,0.01552932567,0.01585212884,0.007169099951,0.005748726118,,0.01509982402
1984-07-31,-0.001920602171,,,,,,-0.00183595413,-0.0006727287839,0.003920774655,0.003528780385,-0.001520993691,0.003790098936,-0.003274044402,0.008978658124,0.01210237381,-0.005450264143,-0.004721530414,-0.001666517277,0.004030986536,-0.0028134824,,,,,,,,,,,,-0.008126692032,0.005850135568,0.009288039124,0.009470259217,0.0122181928,0.008984201234,0.000974943081,,,,,0.004410588835,0.01007737501,0.005064211931,,0.000217887608,0.01020513453,0.01018713681,0.0001578875641,,0.01339257083,,-0.01390682005,,,,,,0.004955434712,-0.0005451622734,0.002884286254,-0.0007862010783,,-0.002048005882,-0.008977868243,-0.005917939066,-0.009657200563,-0.00462796405,-0.005468933681,-0.0006004152476,,-0.004145862831,,,0.005082807671,0.009136710032,0.0004020190023,0.009613951588,-0.009376502249,-0.00161713288,-0.005393793864,-0.009384129513,-0.01028664297,,,,,,,,,,,-0.00452412828,-0.01309376392,-0.01347240435,-0.01270541471,-0.001142550482,0.009764686299,0.002794955904,0.008637013924,0.002467481296,0.009139103849,0.004558622537,0.001742909904,,0.01279259896
1984-08-31,-0.002533545684,,,,,,0.0004457290131,0.004587975332,-0.0006813010215,0.00172629294,0.002635651259,0.003233477054,-0.0051061071,0.001853297443,0.001309569375,-0.004162792852,-0.00449735023,-0.002888051301,-0.003063999709,-0.001709848929,,,,,,,,,,,,-0.005588071452,-0.0006820828086,-0.0001834675938,-0.001513508824,-0.0001769358778,0.003026378815,0.002071049767,,,,,-0.003204973963,-0.001443043118,0.007162209119,,-0.0007062374509,0.002351976237,-0.002634027022,0.002937545853,,0.009970678703,,-0.007922210027,,,,,,0.003406187612,-0.00235880183,-0.002069690885,-0.001756228464,,0.00164850572,0.001884120349,-0.004720930599,-0.003020215427,-0.004687773301,-0.002399391239,-0.003905550927,,0.001210961954,,,-0.001739962695,0.000371631888,0.0001952637258,-0.004305422757,-0.003848240211,-0.0003721096058,-0.003909723261,-0.005253828625,-0.006255773716,,,,,,,,,,,-0.003196730405,-0.006380361408,-0.005672511904,-0.004894596513,0.0009232192046,0.0009773926914,0.004808341772,0.006794516195,0.007345657209,0.009862409041,0.003023839028,0.001264981732,,0.01052674173
1984-09-30,0.003063544349,,,,,,-0.003104296934,0.00505052078,0.001296269108,-0.00151182963,0.006617814149,-0.0004416246926,-0.004450638539,0.009640096936,0.006508549378,-0.01004153052,-0.00743131923,-0.004600536237,-0.002640368806,-0.0002023592108,,,,,,,,,,,,-0.002910426606,0.00588247722,0.004828833732,0.001209883916,0.004456064798,0.004470075931,0.002999700422,,,,,0.003718318269,0.00312869202,0.007147848331,,0.000990080244,0.008206199766,0.009650789511,0.003664336604,,0.01145354467,,-0.01303830597,,,,,,0.006199386493,-0.006518397794,-0.002283245003,-0.002183446324,,0.001628054685,0.001115001519,-0.001950242536,-0.001846595294,0.004067604998,-0.001226872,-0.004837338528,,0.0002867188115,,,-0.003980185339,0.003869206966,0.0009154529653,0.003885714512,-0.01204724428,-0.003784057831,-0.0002719903998,-0.008389846111,-0.009890056753,,,,,,,,,,,-0.004766576345,-0.008769120728,-0.001317436658,-0.007848325946,-0.002465431155,0.01329250839,0.002350260552,0.005232301493,0.006864304569,0.01227611834,0.003944304774,0.007453717234,,0.01050417735
1984-10-31,0.005707988437,,,,,,0.001927947877,-0.0009535965951,0.008010696943,-0.005070999744,-0.008317346509,-0.0001489290332,-0.001316208432,0.007765453518,0.007111150023,-0.004753093698,-0.00389912267,0.001122153065,0.01050376047,-0.001722918263,,,,,,,,,,,,-0.002294523202,0.01024776627,0.01293150134,0.007525201641,0.01224963472,0.009340285924,0.001977319589,,,,,0.008508810273,0.01141999479,-0.004028104533,,-0.0001312039154,0.0144605848,0.01197086017,-0.002488807768,,0.004624591707,,-0.001502707848,,,,,,0.001781902623,0.005894415099,0.00393155326,0.00596304896,,-2.363273954e-05,0.000242668512,-0.002696690146,-0.002500611562,0.005753006893,0.002868024659,0.002740310255,,-0.004373782972,,,-0.00961741057,-0.0007275625672,-0.001842977683,0.01287833505,-0.009109847029,-0.01053178324,0.008464955714,0.0004417960805,-0.004975619872,,,,,,,,,,,0.004375765243,-0.01279998894,0.009583625489,-0.01388126783,-0.006639775073,0.009163815285,-0.004660590977,0.001202742784,-0.002161538843,0.004379946794,0.007000375895,0.002659289144,,0.003446333391
1984-11-30,0.003709395957,,,,,,0.0006134434382,0.004321928522,-0.003235187037,0.00504920605,0.002677988324,-0.001313796571,0.002844885411,-0.0035110343,-0.002368487256,-0.0008695502554,-0.002776939565,-0.002441210055,-4.53669292e-05,0.0004237388584,,,,,,,,,,,,0.001151883487,-0.002786320517,-0.005010063648,-0.001874329663,-0.004462817238,-0.003092762695,0.002032015288,,,,,-0.001887103472,-0.004003363887,0.004752216032,,-0.0001066910207,0.001883189847,-0.0067961681,-0.002872087557,,0.001412949727,,-0.004428464089,,,,,,0.0008197981198,-0.001445561413,-0.0001475981684,-0.001885667837,,-0.005244109817,-0.001351765938,-0.0004162408244,-0.0003652122826,-0.004012948874,-0.00239344692,-0.001844615249,,0.002511047691,,,0.00162594432,0.002047557578,-0.0004113358621,-0.006101123917,-0.0002825807976,0.0006760650416,-0.001555225906,-0.002259472464,-0.001050405255,,,,,,,,,,,-0.004843135988,0.001785906598,-0.004605345516,-0.002586425655,-0.003976433361,-0.005640290986,-0.0009128413201,-0.001725127993,0.001556810429,0.0003077665142,0.0007738795687,0.002263308654,,0.0007951661689
1985-04-30,-0.01239680221,,,,,,-0.005183486866,0.005862686739,0.001524095818,0.003256598244,-0.0001802624161,0.003493630298,-0.002450552132,0.005600483639,-0.002000632092,-0.002094259975,-0.002553860542,-0.001402017078,-0.004741690521,-0.0001370815228,,,,,,,,,,,,0.003825712684,0.001144833747,0.005487770486,-0.002934664204,0.001851002742,0.003766794086,-0.005797234737,,,,,-0.005681914485,0.0006355869491,0.00551573002,,-0.01160343876,-0.007944053795,0.006835380431,0.008159471601,,0.01083871279,,-0.00514224768,,,,,,0.0006845700166,-0.001621260485,-0.003754657122,0.003891366136,,0.0007525105032,0.001101462175,0.001498426747,0.001104261499,-0.0008384524836,-0.004204647259,-0.001557155642,,8.803506931e-05,,,0.0001035093198,-0.002469548937,0.001335359133,0.002403292282,-0.0006533085773,-0.005014035895,-0.002688351107,0.003756975504,0.0009928347509,,,,,,,,,,,-0.006944772696,-0.0007582563449,0.00182337429,0.0008248979833,0.01386193228,0.009566160452,0.004229659448,0.007476867348,0.006289371876,0.009098988483,0.003329792336,0.0008536336142,,0.01184878786
1985-05-31,0.01171309478,,,,,,0.01923762394,-0.01420992804,0.01049233029,-0.001975827298,-0.005328969056,-0.008452336589,-0.009048045556,0.01120319673,0.0192336705,-0.01329514128,-0.008657147729,-0.004329563863,0.01155055583,-0.007672258959,,,,,,,,,,,,-0.001897918394,0.002355950785,0.01449287498,0.01563775145,0.0189446868,0.01896508515,0.009515059219,,,,,0.00675997593,0.01407720294,-0.01132822438,,-0.006133784174,0.02812454236,0.01479361356,-0.004166850013,,-0.0004173092147,,0.003932544765,,,,,,0.01428210497,0.01690642853,0.005659986893,0.0101180086,,-0.01684643001,-0.01968868534,-0.02102488198,-0.01393330751,-0.01636062522,-0.001578261343,-0.004936631831,,0.003231819431,,,0.004701742851,0.006557388103,-0.001978546538,0.01788242642,0.009952241655,-0.01774189644,0.001427300817,0.01396045865,0.01294931948,,,,,,,,,,,-0.01112803755,-0.01367218901,-0.006608949388,0.0114121736,-0.01527625169,0.009047051241,-0.01318289303,-0.01019698973,-0.001299110477,-0.002352283096,0.01435382129,0.01572563669,,0.006113111077
1985-06-30,0.009427492595,,,,,,-0.001445127079,0.001466245239,-0.0004309003379,0.006149068223,0.004831282007,-0.003561064027,-0.006126742148,0.001002384174,-0.0008697068048,-0.00388334178,-0.005309225103,0.003441487883,0.007003810941,0.002510973256,,,,,,,,,,,,0.005524427591,-0.000117876582,-0.002055465233,0.00134523965,-0.0003738381195,-0.0007016835755,-0.001099341412,,,,,0.000798923486,0.0002970216313,0.002964544561,,-0.002584321415,0.01254952576,-0.006374837661,-0.0031370606,,0.006353756013,,-0.008606029687,,,,,,0.004662929938,0.0002034734803,-0.002775045024,-0.004502828508,,-0.006458873575,-0.008299719771,-0.008843210237,-0.001064777659,-0.0001929206133,-0.0007151561599,0.0006806373108,,0.003139838015,,,-0.001850503076,-0.003318048272,0.001294990015,-0.005435626457,-0.005467490799,-0.001158775588,-0.003963225835,-0.004211962432,-0.004894775065,,,,,,,,,,,-0.009715167833,-0.01057984805,-0.01055044152,-0.008074233556,-0.009404503989,-0.006396368867,-0.0003723175634,0.0008042156796,0.004532148203,0.004973007944,0.002020610981,0.00132381493,,0.007553392228
1985-07-31,-0.00148790487,,,,,,-0.003170551511,0.005649861005,-0.002905015817,0.004519328219,0.003521640381,0.0003009690541,-0.001029535425,0.0005264767322,-0.004589870367,-0.002080228411,-0.006127989967,0.0009192987274,-0.001104043499,0.003697059604,,,,,,,,,,,,0.004957063812,-0.0009185601145,-0.002515056171,-0.004641953916,-0.002885218437,-0.00298049124,-0.002344481738,,,,,-0.004142585038,-0.003380606827,0.00525860662,,-0.000606670208,-0.001651738962,-0.002962531177,0.001149137233,,0.008974234072,,-0.009732047323,,,,,,3.54723844e-05,-0.006288910849,-0.008056737786,-0.005900364858,,8.117434117e-05,0.001754957391,0.001991320791,-0.006089782553,-0.006930977146,-0.007460315556,-0.00243592143,,0.0019559155,,,0.0007364812273,0.0003243685948,0.002750260319,-0.006533149487,-0.005950936569,-0.000855588178,-0.009283997729,-0.007585613919,-0.007282464201,,,,,,,,,,,-0.0046880853,-0.004813230926,-0.004704635781,-0.004107798549,0.0005630442523,-0.0005461550799,0.004094841103,0.00536511042,0.006537122338,0.007163362294,-0.002020401901,-0.002373287546,,0.007257131988
1985-08-31,0.002539043538,,,,,,0.004701360866,0.0007500939107,0.0002737956803,0.0002484295365,-0.002186639494,-0.001168289641,0.0004691121606,0.000908569099,0.0009064608945,0.001261765368,0.001803078376,-0.0006104877454,0.003505384409,-0.001603746817,,,,,,,,,,,,-0.00052418158,-0.0003374201413,0.001949046173,0.004055636884,0.003276217144,0.001180150749,0.001572875727,,,,,0.003333976084,0.002420383877,-0.0002135185448,,-0.000425140105,0.005615116529,-0.0005725484238,-0.001121492864,,0.00301409879,,0.0001505269909,,,,,,0.001253917426,0.005311754971,0.005229732591,0.003234354449,,0.001481585899,-0.001203930917,0.001587460001,0.00228572238,-0.0007328644985,-9.869624192e-05,0.001739815741,,-0.0003462441698,,,-0.002377727301,0.0004116981481,-0.002165379405,-0.0002314152007,0.005167470055,0.005056422426,0.007078564399,0.004554301887,0.003883676661,,,,,,,,,,,-0.007146315163,0.002900668228,0.003217268139,0.002398028084,-0.00248184491,-0.002012390273,-0.0008807099523,-0.0004414264673,0.0005477042679,0.0003469400885,0.002424603753,0.001807610094,,0.003141685744
1985-09-30,0.002046209541,,,,,,-0.002019758343,-0.001488433668,-0.002388733651,0.003709428917,0.005078074151,0.001322424955,-0.001490858449,-0.004438594478,-0.003873214089,-0.003240627827,-0.004716194265,-0.004566005199,-0.003928694232,-0.00342697298,,,,,,,,,,,,0.002306274946,-0.003506686672,-0.005387289842,-0.002186574107,-0.006206022778,-0.003214082766,0.001550097433,,,,,-0.003887260572,-0.006567330969,0.003634761043,,-0.001320750476,-0.0005407170329,-0.005124683785,0.0007762387348,,0.003561806448,,-0.007105739573,,,,,,0.00215272931,-0.003860413115,0.0002622503681,-0.003180495532,,-0.004056057459,-0.005107337638,-0.006337835372,-0.00643767111,0.004770764842,0.006006083008,-0.00119979804,,0.002781955652,,,-0.001954276224,-0.001213056685,0.002991739922,-0.005107339706,-0.005380392131,-0.004955857985,0.001241733572,-0.005135160208,-0.004293784848,,,,,,,,,,,-0.007949757916,-0.007312537871,-0.002490002332,-0.006698035497,-0.002463012198,-0.005101446651,0.006799970801,0.006384757732,0.002215493509,0.002378706902,0.00154000751,0.002116712226,,0.001263745346
1985-10-31,0.001760258981,,,,,,0.00680008986,0.0005454876313,0.003027930299,-0.005041712769,-0.008085402701,-0.0008264910708,0.002144377452,0.004918753102,0.004106209606,-0.0007773439688,0.003449739057,-0.002757907462,0.002257777182,-0.004434725234,,,,,,,,,,,,-0.0001549232782,-0.001288033074,0.007182257775,0.007960363221,0.007827372754,0.0052166377,0.002086674275,,,,,0.005179586487,0.009422128287,-0.002871929926,,-0.005111804789,0.006163091328,0.003223754836,-0.001452703484,,0.0009082366057,,-0.0003734161703,,,,,,0.0001209270434,0.00195758033,0.001479558858,0.003859452848,,0.01045251061,0.009921651852,0.009040470797,0.01381541476,0.0001381020702,-0.002157798617,-0.00165748185,,-0.003703806166,,,0.002580594834,0.001825314391,-0.0009969285356,0.004392566303,0.003649955389,0.00414022194,0.0008940815846,0.00341607914,0.003443397628,,,,,,,,,,,-0.008820037069,0.005712567951,-0.002526478351,0.001612214984,-0.001636020825,0.004234700621,-0.003064495482,-0.00168534616,-0.0009934145782,1.551484934e-05,0.0009234677711,0.00105416978,,0.002638024268
1985-11-30,-0.0007571949336,,,,,,0.005154852695,0.0007146529438,0.004219285965,-0.003467954266,-0.0006482189345,0.002523263344,-0.002371650248,0.005724083182,0.00746318457,-0.0009211795227,0.00343913407,-0.001585081336,-0.0001594368438,-0.002507928885,,,,,,,,,,,,-0.003930410481,0.0008203048764,0.006547003376,0.005023466408,0.00553408974,0.003910063333,-0.0009448977704,,,,,0.003049810238,0.004937399782,-0.0009361316736,,-0.0005967402456,0.002879763437,0.0008787333495,0.001426284729,,0.00420775604,,-0.003227580336,,,,,,0.003523196435,0.007488746433,0.003945803356,0.001957288594,,0.01304438128,0.008735280743,0.01018492846,0.01048241732,0.00885994742,0.01052316466,-5.281462079e-06,,0.001387060252,,,0.0009713300553,0.0008213222476,-0.003508998281,0.0008387772186,0.006083034771,0.006757415617,0.0009512086224,0.001269418857,0.005303647728,,,,,,,,,,,0.002187490067,-5.162274715e-05,-0.006686804193,-0.004775642464,0.001276251333,0.0003410144568,-0.001874197152,0.001234272579,-0.0008150411204,-0.000117928462,0.005369241804,0.005486914684,,0.00361381499
1985-12-31,0.007475624359,,,,,,0.01131631247,-0.005168569669,0.01000250611,-0.007947208803,-0.008533094452,-0.003670535937,0.0007084003308,0.006975461584,0.009619053849,0.001825535038,0.007241415324,-0.000420781045,0.009029421688,-0.007141437099,,,,,,,,,,,,-0.003708974871,0.004507640821,0.01311287444,0.01405055032,0.01348714995,0.008090607761,-0.0004838408351,,,,,0.01203242515,0.01319844399,-0.01181881671,,-0.003210366382,0.01508854118,0.007219345882,-0.01168008026,,-0.0009635304361,,-0.01263884849,,,,,,0.008726466819,0.01401336934,0.005064415952,0.005427340039,,0.002380579447,-0.005001631434,-0.01013493064,0.009536142087,0.002683978235,0.002037529921,0.001167094149,,0.005220215929,,,0.01383647971,0.01329518917,0.001608896222,0.009509685935,0.01358786037,0.007278259345,-0.0005127619758,0.001462393727,0.01627636666,,,,,,,,,,,0.0002202378724,0.009406536622,-0.01079263278,-0.006204546568,-0.006213265455,0.003612788132,-0.01338210331,-0.008867591238,-0.008523034825,-0.004725583733,0.007000991378,0.005826438817,,0.0007451842571
1986-01-31,0.004695480662,,,,,,-0.002773901787,0.00604703948,0.002197307868,0.004871811513,0.002834172697,-0.005958955041,-0.0006423060372,0.007483088489,0.002658584819,-0.002635644279,-0.004511328142,0.0003006264842,-0.0004676722398,0.002773344073,,,,,,,,,,,,0.002523140006,0.003102586647,0.006398350214,-0.002913259001,0.003163642158,0.003983439824,-0.004255750802,,,,,-0.00262898593,0.001055153294,0.003163153499,,0.0001172604144,0.006561814696,0.003517937448,-0.00378767471,,0.002911150304,,-0.005913806778,,,,,,0.001875673319,-0.002597366596,-0.007603585867,-0.001460057385,,-6.022047971e-05,0.0001035210914,-0.000235684122,-0.003200001393,-0.002521914416,-0.001343357509,-0.001471596407,,0.0008729528082,,,0.001721428963,9.164464435e-05,0.004387379233,0.003276873865,-0.001128387438,-0.000941187029,-0.006288250103,-0.002561916673,-0.002803591169,,,,,,,,,,,-0.006215193967,0.001050396946,0.001741019175,-0.001958657588,-0.004356444132,0.003423070542,-0.005361493493,-0.00292987617,0.003198590072,0.00428663852,0.003433518999,0.004240692949,,0.003440944044
1986-02-28,0.02128662903,,,,,,0.0205322413,-0.02026110126,0.01209393921,-0.01541022172,-0.01746791189,-0.006128728166,0.005057744667,0.006496496292,0.02551371203,0.01441439379,0.01934827862,0.009002306993,0.01325866536,-0.005235838265,,,,,,,,,,,,-0.02136017897,0.006038069003,0.01777894434,0.02274290248,0.02173060131,0.009931629112,0.01021854381,,,,,0.02604669163,0.02740697175,-0.02084875682,,-0.01081398025,0.03316659836,0.01067340801,-0.0207120495,,-0.0160848742,,0.01232155345,,,,,,0.007886391311,0.02657550958,0.02526205223,0.02396988852,,-0.009738755542,-0.007846154374,-0.01429429339,-0.01301461925,-0.0003466746634,0.007856098294,-0.001257087209,,0.002305810916,,,0.0191272085,-0.005271395073,0.002838260206,0.01667534124,0.02400227352,0.02221039777,0.021671621,0.02030448097,0.02695627583,,,,,,,,,,,-0.0009459393651,0.01251000086,0.008601591482,0.0003115520272,-0.01768267031,-0.0002442394909,-0.02572427213,-0.02350474527,-0.0225109134,-0.01897595876,0.01076381903,0.007592919912,,-0.01091013325
1986-03-31,0.002683465388,,,,,,-0.001716848483,-0.0005450212633,-0.005035532361,0.00365356317,0.001508270498,0.001160960918,-0.0001687976204,-0.00522650403,-0.003765318138,0.002203318107,-6.096293515e-05,0.0005360155896,0.001791321013,0.000428544519,,,,,,,0.003402727018,0.003618145545,0.004067723189,,,-0.002379847012,-0.00186393069,-0.003640321536,-0.00149885684,-0.004272864068,-0.006304066267,0.002112749363,,,,,-0.002384437873,-0.004073783,-1.232913293e-07,,0.001432621743,0.01040680132,-0.01449478261,-0.0002694615175,,0.0005814312931,,0.002679421483,,,,,,-0.0009783707676,0.001450939456,0.0005077214654,0.002510734974,,0.01585887832,0.01681676432,0.01787091719,0.0137926951,0.005027138651,-0.01073241355,-0.001306788428,,-0.002050778081,,,0.0007131895072,-0.005108483471,-0.002652443423,-0.01340580883,-0.0009220143905,-0.002107855885,-0.0006660884705,0.0005177849105,0.003934059805,,,,,,,,,,,-0.002386686925,-0.002598957085,-0.002420755391,-0.0005621712101,-0.005849168904,-0.01482994178,0.004811889691,-0.001408234025,0.002157162737,-0.002756147695,-0.002063225825,-0.0005222468686,,-0.003276254525
1986-04-30,0.006668887515,,,,,,-0.005602609411,0.005402123234,-0.002913626585,0.005804474072,0.002171601554,0.001516876995,-0.001696888644,0.003460397126,0.0004305155708,-0.01073089449,-0.01016448514,-0.009666146915,-0.004173714049,-0.01027847374,,,,,,,-0.004642494114,-0.001171328971,-0.003687842358,,,0.008897463517,-0.003035340352,0.0009018230477,-0.004694685764,-0.002543650968,0.00237076783,-0.009580680525,,,,,-0.005949070732,-0.004062526089,-0.004061759936,,0.009338610987,0.00973577399,-0.001504984651,0.001824654355,,0.009582336309,,-0.01460433598,,,,,,0.006471381662,-0.00767875991,-0.007275878586,-0.01353529655,,-0.02413381913,-0.03197084632,-0.03048653238,-0.0112069108,0.01903051344,0.02443152921,-0.002915200416,,0.0019768587,,,-0.005636481959,0.0007105291521,0.00127564326,-0.00281355482,-0.008694170604,-0.003928873938,-0.008323433093,-0.01074583516,-0.01120299564,,,,,,,,,,,-0.005215976433,-0.006205389789,-0.004699600725,-0.007109091058,-0.0100589075,0.002006264311,0.005551717433,0.008880781347,0.006775428603,0.00994367212,5.632994276e-05,0.005914665166,,0.009281013628
1986-05-31,-0.005687761748,,,,,,-0.006064812043,0.0007386682815,0.004999700992,-0.004151759553,0.0008731030166,0.005402062925,-0.004298532397,0.006009919069,-0.001856626656,-0.01276257062,-0.01399046412,-0.007708792818,-0.01053553777,-0.007332858397,,,,,,,-0.01352834777,-0.009732823139,-0.01312772059,,,0.01404949018,-0.001065449066,0.001540835813,-0.006813172227,-0.00159550216,0.002810037226,-0.008328439051,,,,,-0.00830002033,-0.003878135149,-0.01035780033,,0.01430100027,-0.004093949593,0.005419613898,0.009045901996,,0.01360066063,,-0.01333841743,,,,,,0.006128481413,-0.01130105659,-0.01298768139,-0.01139244135,,0.01751889355,0.01896267517,0.01626159135,0.01809662683,0.02451879947,-0.003512192542,-0.001343793665,,0.0009073766209,,,-0.004448746196,0.001106064762,0.0008437022488,0.002941317959,-0.0137000746,-0.004498872928,-0.01346676542,-0.01218945527,-0.0115365959,,,,,,,,,,,0.001409101437,-0.01031964757,-0.004253085072,-0.01145624258,0.004920071046,0.009777248048,0.002971016561,0.01052302701,0.006566150156,0.01293398356,0.005130628375,0.005472485085,,0.0131698008
1986-06-30,8.167618991e-05,,,,,,0.0001738899747,-0.00239634532,-0.002064764851,0.0031070265,0.003413037475,0.005699733409,0.002013559483,-0.01355470056,-0.007775551282,-0.001464229914,-0.003076987383,0.001220932961,0.003526486573,0.001901717782,,,,,,,0.003311679217,-0.0003873936655,0.003393975289,,,0.00506292966,-0.006406223475,-0.01280182401,-0.002285601417,-0.01178828964,-0.01284667403,0.003521478048,,,,,0.0005945063551,-0.007347718475,0.003080036295,,0.005402206171,0.002479352225,-0.01722900696,0.001846161133,,0.0008447644961,,-0.004511544926,,,,,,-0.001864325258,-0.0009703705164,-0.002190681071,-0.001852547815,,0.0003914407189,0.01489785176,0.01641244888,-0.01245000595,0.005852856776,0.00730029296,-0.001849914967,,0.005131583112,,,-0.005779686433,-0.008385854186,-0.008200104952,-0.01702134206,-0.002320845899,0.0007949639498,0.003673123249,-0.002504673565,-0.004069026056,,,,,,,,,,,-0.006845260865,-0.004055903526,0.0099737358,0.0007882124204,-0.001374287108,-0.01542084789,0.007914417262,0.002553998544,0.009530845308,0.00314193732,-0.003898411275,-0.001092412826,,-5.819831266e-06
1986-07-31,0.004294705022,,,,,,-0.001362499701,-0.008135264001,0.005675758898,0.002268057305,-0.006915938645,0.0006125574684,0.004155913272,0.003770249336,0.00245551066,0.004703388162,0.002704767745,0.004471624967,-0.004496823963,-0.001851740368,,,,,,,-0.004029245154,-0.003621648112,-0.001105796673,,,0.005519769832,0.002403997389,0.003557123307,-0.0008981253186,0.003607563833,0.004463220671,-0.002760169203,,,,,0.001483803183,0.002602754936,-0.003541649921,,0.0006853573988,0.005324837849,0.002232496888,-0.001452837343,,0.0005525713956,,-0.001504045232,,,,,,-0.0004729217752,0.002635246993,-0.0001819759554,0.001993970587,,0.003846220128,-0.01356269806,-0.01336081037,-0.004813602116,-0.00560223562,-0.004129744594,-0.004228674253,,-0.003026066262,,,0.0001151830144,0.003009865634,0.00339563301,0.001873836972,-0.001598500326,-0.002539966185,0.0001175531584,-0.002065795897,-0.004519283243,,,,,,,,,,,-0.007561938019,-0.005602554858,0.001922290712,-0.005778562774,-0.005166760801,0.001154351643,0.001695309573,0.001288167642,0.0004543036737,5.823354026e-05,0.0008775733997,0.000260677652,,0.000531194196
1986-08-31,0.005449408766,,,,,,0.006582939485,-0.009041512763,-0.001957670524,0.008547859943,-0.0001782590501,-0.0006678600951,-0.002016727653,-0.0004802518447,0.0005241411019,0.005831852305,0.0107261863,0.006461113852,-0.004976147985,0.003398408749,,,,,,,0.002625713713,0.000279397369,0.001390531146,,,-0.008263132879,-0.0003569217702,0.0002258419153,0.004585878064,0.002912558493,0.001920439175,0.007361963988,,,,,0.006504742137,0.004247058873,0.005272087083,,-0.009449417736,0.007278829215,-0.006537859674,-0.004313720821,,-0.001277400399,,0.001412945122,,,,,,-0.000223198576,0.01033731197,-0.004649164888,0.007600416906,,0.00292499966,-0.001883453407,-0.001742245736,0.006187008526,-0.007490525578,-0.001942829456,-0.001295068685,,0.002545289532,,,0.01050101973,0.009437394187,0.004250938819,-0.004749435568,0.005250126851,0.001758851538,-0.001031628623,0.00592521908,0.005611329855,,,,,,,,,,,-0.007231963524,0.004623304351,-0.001138926721,-0.001717771989,-0.001545951179,-0.008773204733,-0.001913195975,-0.004915549676,-0.0007131536127,-0.007304677215,-0.001534436622,-0.002522780024,,-0.002919357751
1986-09-30,-0.005450008921,,,,,,0.0002942521744,-0.008595482317,0.001675611327,-0.006084551785,0.002385199375,0.007266706707,-0.01355829826,0.01456000829,0.007331414382,0.006085209132,0.00745902004,-0.003540148535,-0.005260238315,0.002757413699,,,,,,,-0.006198555155,-0.004295064421,-0.007016109066,,,0.01718985556,-0.01186282461,0.0173762051,0.006028633148,0.01563607981,0.01682301645,-0.009469563323,,,,,-0.009247936171,0.002294710542,-0.006180365294,,0.01562225759,0.01041677273,0.004623263706,0.005914690332,,0.0174641461,,-0.01532613189,,,,,,0.01459973495,0.006937131638,0.002646881318,0.004879952598,,-0.005781122301,0.007409320601,0.006226086054,-0.004712518107,-0.002281462716,-0.001293885562,-0.01209176575,,-0.002565266082,,,-0.007973835731,-0.00698534055,0.0007513005933,0.001397223486,-0.01067483667,0.002127020584,-0.01386454266,-0.01648578898,-0.01234058956,,,,,,,,,,,-0.01146943315,-0.01613547028,-0.01884982524,-0.01909432226,0.0005011369473,0.01030291109,0.002640692636,0.01348332773,0.01123633905,0.01836723586,0.01277459937,0.01467485881,,0.01752069875
1986-10-31,0.0003458013222,,,,,,0.007559520853,-0.009016639056,-0.001322261481,0.006720087218,-0.007126116393,0.00256230635,0.006960834894,-0.003849780011,-0.007334322981,0.004796010728,0.003158670989,0.003050081217,-0.002732913975,2.673683093e-06,,,,,,,-0.003679585237,-0.006586996281,-0.002644539964,,,0.00367221219,-0.003983371496,-0.003787957523,0.005027921259,-0.003503865475,-0.005011702056,0.008524623762,,,,,0.009709404953,0.001660362074,-0.002912028212,,6.135333819e-05,0.004866961814,0.001428599904,-0.002037299998,,0.007926638776,,-0.01009557082,,,,,,0.002455881703,0.002574252951,-0.002321822554,-0.006405380284,,-0.004148735595,-0.001670201322,-0.00135097403,-0.007946209362,-0.003898120493,-0.005451392481,-0.003719717777,,0.001943413398,,,0.003306909911,0.006557598852,0.0003331912391,0.0005022877915,0.003161234981,0.004024073625,0.0009706940062,-0.00219797858,0.001194726217,,,,,,,,,,,-0.009964036452,8.813986013e-05,0.003219208879,0.001339108276,-0.001669080359,0.00205768837,-0.0005647632771,0.006132539731,0.004813248011,0.006099140841,0.001586346711,0.001844058907,,0.008985473829
1986-11-30,0.004759681675,,,,,,0.004659930188,-0.01005909692,0.003924152618,0.00792705509,-0.004363216626,0.004768271003,0.003777625496,0.002048542331,-0.0003494564493,0.005524260335,0.004606736162,0.006696498239,0.002847999821,0.005387680423,,,,,,,0.002597439418,0.002099371419,0.002801554521,,,0.002192889728,0.000487919268,0.0009736847127,0.005575681391,0.0009265656071,0.001626278126,0.003869576549,,,,,0.004173760959,0.003946732404,0.001326996742,,-0.002948554805,0.006824417542,0.001502901354,-0.0025545085,,0.00271184898,,-0.003981648019,,,,,,-0.001151399658,0.003938281168,-0.0006163719381,-0.005292448125,,-0.002448147803,0.000408935141,0.002813866399,0.001294280027,-0.0005707616619,0.00223623282,-2.021106328e-05,,-0.001144253133,,,0.003998676419,0.008440291935,0.005106750446,0.001243665683,0.003666858836,0.006844841993,0.001280778154,-0.00162465373,0.003049913444,,,,,,,,,,,-0.004435513353,0.0002620426964,0.00306852797,5.09873667e-05,-0.002167318055,0.0004250827012,-0.0005052539105,0.0005439714981,-0.003546967112,-0.003286896929,-0.000842482931,-0.001481937557,,0.002841921702
1986-12-31,0.0006006617173,,,,,,0.004740118277,0.002472611175,0.001539888095,-0.001687446165,0.001185917429,0.001100967257,0.001063295329,0.001767454793,0.0002352884551,0.0005506082878,0.00281612684,0.0004037609361,0.003867457877,0.0004259540644,,,,,,,0.006023071738,0.00397838719,0.005511837728,,,0.003500238634,-0.002216516198,0.003054942237,0.004924098617,0.002895544172,0.001236139577,-0.001612606586,,,,,0.002511226868,0.002493692185,0.001046903226,,0.0004362396727,0.007853796922,0.002429113156,0.002459457306,,0.003336365368,,-4.40681224e-05,,,,,,0.006325061037,0.002632142332,-0.0003902185904,0.002566862719,,0.007810221986,0.005142318866,-0.002064558802,0.005583899742,-0.006327350076,-0.007714075855,-0.002646414857,,0.003731076395,,,0.000339861199,0.0002317156834,0.0009917447531,0.002769264516,0.001236703955,0.0007868545133,0.001003148851,-0.001927070908,-0.00242631641,,,,,,,,,,,-0.003101370712,-0.001040712509,0.0007626420805,-0.002215101284,-0.001825953082,0.002494807191,-0.003324860405,-0.0001853133066,0.0003604451499,0.002461318712,0.003657034687,0.003843430129,,0.00267300636
1987-01-31,-0.005660408792,,,,,,0.01176893485,-0.004054880136,0.001270290083,0.004633001751,-0.008757597115,0.003194344335,0.004085671578,0.003059504642,0.003645851636,0.005889726758,0.005707484555,0.003179443346,-0.004703623623,-0.001265000551,0.001588117627,0.01154081375,,,,,0.006295026337,0.000593628414,0.007005773948,,,-0.003970557641,-0.001262650583,0.002748326724,0.01286732241,0.003898966857,0.005716072183,0.01328900392,,,,,0.01302425541,0.00976799831,0.002274105604,,-0.003888714171,0.009137186009,0.005253665886,-0.002051154566,,0.005540101709,,-0.0007081893825,,,,,,0.001325158097,0.007241480899,0.005978807243,0.002851618747,,-0.002047393126,0.003730958425,-0.003589561995,-0.005323765398,-0.001659873046,-0.006469293497,-0.001127936226,,0.003604859662,,,0.008265583059,0.006857931924,0.006276406055,0.005779304154,0.005002978967,0.008354845653,0.00817107844,0.003132270408,0.001048629467,,,,,,,,,,,-0.005652698704,0.003803241337,0.004553020766,0.004164306537,0.002880473756,0.005003079749,-0.007481140707,-0.0009064549108,-0.001147090368,0.005011473265,0.00414550079,0.003349563645,,0.008682383074
1987-02-28,-0.0007897868554,,,,,,-0.002574993381,0.000339802725,0.001611754013,-0.001278593334,0.0007878148143,-0.001291393121,-0.0006194817612,-0.0003126708028,0.0003522945797,-0.001253427225,-0.001070041308,-0.001642425629,-0.003057699888,-0.001114220567,-0.001430074326,0.0009813147676,,,-0.002382254017,,-0.0009235702347,0.000562742616,-0.001557951026,,,0.005393918045,0.001325177212,-0.0008383389833,-0.003039892496,-0.0006763107842,-0.000370440695,-0.004085542997,,,,,-0.002787188847,-0.002514371656,-0.004179552548,,0.002247744109,0.00240459425,0.003140937492,-0.0008974822767,,0.005326300522,,-0.007587793824,,,,,,0.0003835897454,-0.001181853836,-0.001447688468,-0.001057017074,,-0.002214376663,-0.002321570336,-4.66916775e-06,3.637691968e-05,-0.0004861104468,0.00182815048,0.0005944631053,,-0.001193555442,,,-0.002311693664,-0.001187697753,-0.0006433538895,0.003042363229,-0.003438536176,-0.002435323237,-0.003177818305,-0.003361890788,-0.003741832719,,,,,,,,,,,-0.002630285388,-0.002856907493,-0.002269621419,-0.002334853664,-0.0008909391132,0.003804156644,-0.00308413855,0.002638805301,0.003081358338,0.005173670675,0.000745847212,0.001722879804,,0.004268789966
1987-03-31,0.0001501110725,,,,,,-0.001738215565,0.009041404073,0.004379085325,-0.002797922991,0.006086094593,-0.00542501819,-0.003144205649,0.003365033678,0.007937369006,-0.006951217905,-0.002175926742,-0.004034157246,0.002378258571,-0.002924636778,0.0001846593128,0.0004584847842,,,0.0007315829815,,-0.001832279444,0.002698283438,-0.002213401219,,,0.007591093103,-0.0004308547742,0.006985206125,-0.001231904683,0.004663439421,0.005298702108,-0.008957822013,,,,,-0.00672384625,0.001635574777,-0.001932763485,,0.004754387199,0.002899885301,0.0004044124258,0.007300066392,,0.00992311884,,-0.01149996797,,,,,,0.008913833816,0.002134532144,0.0008840793711,-0.005348546839,,-0.002737314475,-0.004533752092,-0.004119011913,0.004605026556,0.0003266023713,0.0006446490189,-0.002751129811,,0.003604777099,,,-0.006778557828,0.0005733520245,-0.00526417792,-0.000327476778,-0.006507598707,0.00243355795,0.00194168433,-0.001709172139,-0.005295677695,,,,,,,,,,,-0.0005947485442,-0.008446744067,0.00228897116,0.002225400767,-0.000255421525,0.001794620967,0.003777190491,0.008430829252,0.004977611293,0.009754811555,0.005655671973,0.008852355208,,0.01041878944
1987-04-30,0.0009899472873,,,,,,-0.01062143323,0.01181463471,-0.0062417333,-0.009363522795,0.005769539581,-0.008098842746,-0.00851894609,-0.005877970068,-7.300438263e-06,-0.01331208563,-0.01128730201,-0.01120383716,-0.002609601233,-0.009787648117,-0.01159632506,-0.003074192005,,,-0.0095548805,,-0.00308122761,0.0004978458869,-0.01017251311,,,0.01510100459,-0.005074891049,-0.003941813882,-0.009747631859,-0.005308251066,-0.007579263954,-0.01408980826,,,,,-0.01318916055,-0.009770805582,-0.01353949544,,0.01445122113,-0.01006049773,-0.006026405625,0.01312737273,,0.01725490258,,-0.01988860219,,,,,,0.0008853325302,0.008547858936,-0.003399370312,-0.006155834056,,-0.006513684851,-0.00430246419,-0.0005847573133,0.00174744403,6.090290574e-06,-0.002459452317,-0.005964595685,,-0.003843784331,,,-0.01768776621,-0.01757793699,-0.01452370596,-0.009753315369,-0.01070532219,0.004966175014,-0.0121543591,-0.01583455705,-0.0152516172,,,,,,,,,,,0.002846460159,-0.01883660392,-0.01305563857,-0.01408187685,0.0002500636927,-0.003455431394,0.01357746098,0.01735195349,0.012865371,0.01437772899,0.001272299604,-0.001221201553,,0.01329421008
1987-05-31,-0.0004049236859,,,,,,-0.002668388922,0.002786020851,0.003065814773,-0.0009536920613,-0.001696364606,0.003631512967,-0.003810146133,0.001877750649,0.003044863728,-0.0008767969126,-0.004644413576,0.004091934174,-0.002341983637,0.003890842059,0.001306772598,0.001473352945,,,-0.001501808368,,0.00385732039,0.003587130181,-0.001896529273,,,0.008155227387,-0.0009883759714,0.001772749282,-0.002728987348,0.001027598366,-0.001854054839,-0.005783702181,,,,,-0.001951835134,-0.004838149693,-0.002604353748,,0.005528699004,0.0002008533758,-0.0001310329758,0.00755322724,,0.01303896662,,-0.01276611806,,,,,,0.003908220267,-0.0007895218791,0.0004154093696,-0.003607149883,,0.000926323163,0.0003087480874,0.007717881786,-0.008950269895,-0.00934730758,-0.005347034291,-0.004686891879,,0.002897900061,,,-0.005282318892,-0.003010660338,-0.003965321764,-0.0007353561944,-0.003065017144,0.001621174801,-0.002349840146,-0.004718753735,-0.007564152051,,,,,,,,,,,-0.001904712219,0.002388926561,0.002679882454,0.0002680663756,-0.001562825514,0.001238221727,0.0038164107,0.01167901241,0.003100185629,0.008889997702,0.00168846115,0.002051518638,,0.01525773028
1987-06-30,-0.0003678404039,,,,,,0.00743926347,0.005409224457,-0.003190908243,0.004522778061,-0.007002196758,-0.004505577353,0.006353358711,0.001076953603,-0.007390658128,0.007281283073,0.007173206406,0.00221060485,0.0017735143,0.0007352673153,0.00736133369,-0.00439616439,,,-0.004699603418,,0.0009814011279,-3.338180548e-05,0.009094280832,,,-0.001862994718,0.0006766438104,-0.002763697613,0.009460475142,-0.002805161031,0.0008128583145,0.009402660889,,,,,0.009707122089,0.009559989473,0.005932914392,,-0.00591850023,0.005114311911,-0.0017014323,-0.0007169194784,,0.01108882418,,-0.01094656762,,,,,,-0.004480275115,0.003153210947,-0.001283753956,-0.001474249116,,-0.00448198463,0.001305880442,0.0006134366367,-0.0002166167304,-0.0003655745299,-0.000817075219,-0.004363386884,,-0.006911389444,,,0.001599057848,0.002502717039,0.001963251708,-0.00284364719,-0.004054576144,0.0002776665544,-0.001099401413,-0.001614048029,-0.004747937172,,,,,,,,,,,-0.008208388659,-0.007633330343,-0.007378972559,-0.006631545744,-0.001055916966,-0.0009455686473,0.004058543519,0.01111168413,0.006907554521,0.01143766337,-0.002077545992,-0.003313264837,,0.01152075834
1987-07-31,0.001570259796,,,,,,-0.001936904162,0.006841269036,-0.004137174428,-0.003817664955,0.007745314981,-0.006089458833,-0.00688202503,-0.001359337233,0.007053984897,-0.004556460363,-0.002235711096,-0.003871778021,-0.00144520456,-0.004202697109,-0.002641741612,0.00670074362,,,0.003251458539,,-0.00309197081,0.0002082665448,-0.001490344214,,,-0.003559525263,-0.0009852339277,0.001231167964,-0.00648126947,0.00060529028,-0.001705519617,-0.007987365753,,,,,-0.009022942451,-0.003528367588,0.002831527889,,0.003066979566,-0.0006689802217,-0.001006798828,0.002881099716,,0.006296931855,,-0.0003311687773,,,,,,0.00651388975,0.009172103544,0.005319949064,0.005357886963,,-0.001774750232,-0.002877480188,-0.001266015786,0.002834747763,0.005085112439,0.004942033863,0.001355077958,,0.003158899259,,,-0.0006243191665,-0.002462289454,-0.0008938805025,-0.0009885764811,0.007280575903,-0.002852960349,0.003873473844,0.004462081041,0.003191593884,,,,,,,,,,,-0.006393920556,0.0006122789772,-0.002797677603,0.0008760500255,0.001278365673,-0.002504520496,0.005972985681,0.005453632819,0.004612630643,0.00429208974,0.00436210266,0.005994121295,,0.006154964344
1987-08-31,0.0003970647002,,,,,,0.001230255703,0.001230100748,0.002211467973,-0.0008768648949,-0.0006775794958,-0.0004514900256,0.0008304378562,-0.002424423589,-0.001420293481,-0.0005535478019,0.003053517982,-0.003580539231,-0.005193307193,-0.00371402026,0.002003279298,0.0002531436601,,,0.003265777881,,-0.001543354727,-0.001236389216,-0.001586156853,,,0.001546413106,-0.003674488814,-0.001668604576,-0.0002175894541,-0.001877122576,-0.00151522061,-0.0002376419764,,,,,0.0006550805682,-0.003332797442,0.003478373046,,-0.001892304018,0.003422765664,-0.001250468318,0.001818838939,,0.008307359795,,-0.001267877545,,,,,,0.0005953541783,0.004359473459,0.0002480560531,0.002383471879,,-0.00250447159,-0.002347555187,0.002590223387,0.002207486258,0.00048835818,-0.001394345734,-0.003155926937,,-0.0005119149229,,,-0.0006287565483,0.001667540635,-0.002144481757,-0.001332222679,-0.0009893835954,-0.0004638182226,2.77715701e-05,0.0009318034101,4.545123934e-05,,,,,,,,,,,-0.001764178608,-0.00314114829,-0.003107423798,-0.003013241094,-0.0007192750687,0.001104510058,0.004181932112,0.007677503454,0.006147444377,0.007513089148,-0.0004146580721,-0.0009662948029,,0.005222078047
1987-09-30,0.001547861263,,,,,,-0.007632065584,0.006949156378,-0.005261786748,-0.005902339799,0.01193347603,-0.002635144037,-0.006642487326,-0.006397683865,0.003423721815,-0.01034684011,-0.009293688835,-0.006534688438,-0.005967939141,-0.003607168861,-0.0066474624,0.003453483712,,,-0.001338019672,,-0.003174670883,-0.001633755959,-0.004828313224,,,-0.001832846137,-0.004307658068,-0.002746413982,-0.01105538089,-0.00272649839,-0.007092639524,-0.01360720972,,,,,-0.008707317121,-0.0103961748,-0.004129051777,,0.01263536802,-0.007455906315,-0.008905312956,0.003553861635,,0.007559655564,,-0.0004885582877,,,,,,0.002064190224,0.01325703078,0.00559586621,0.01111212887,,0.006065828437,-0.0004693372094,-0.002537202837,0.001331282778,0.0001872873695,-0.002688777125,0.002691200165,,0.004278011704,,,-0.009787553908,-0.01277280951,-0.006760614145,-0.01013638885,-0.001345886669,-0.00853179472,0.0040225622,0.007826315154,0.0003575458544,,,,,,,,,,,-0.005070274587,-0.006567408707,-0.004580082227,-0.003133068473,-0.0009506036701,-0.01022817032,0.01113094057,0.008078297725,0.01304975302,0.009422443807,0.003542359001,0.0008711551669,,0.002280527397
1987-10-31,-0.0009995807383,,,,,,-0.004416141377,0.002676506924,0.005297947084,0.005606557642,-0.0051089255,-0.002702957969,0.00515836749,0.004808934759,0.001825463394,-0.0004349340986,0.006236486293,-0.0007535454882,-0.005905587243,-0.0002700396967,-9.479063896e-05,0.0001853871157,,,-0.008356849946,,0.00779012866,0.007482334344,0.007390491807,,,-0.001662518841,0.007535316196,0.001711376442,0.00314359909,0.002423256386,0.002341618624,0.003652181895,,,,,0.008460453078,0.006373015861,0.00687659374,,-0.005248199422,0.002926175067,-0.0008630245351,-0.0009150258737,,0.003621894871,,-0.006997610476,,,,,,0.001053141544,-0.002180348015,-0.001920417994,5.83386655e-05,,-0.004156937873,-0.004661133467,0.006036217856,-0.002392976162,-0.006189841299,0.00219607186,-0.002128551764,,-0.001387762517,,,0.007213570705,0.005127780425,0.00349789525,0.0009802590249,-0.004449765323,0.002663715079,-0.004148385721,-0.004346866113,-0.005413023537,,,,,,,,,,,-0.007619231101,-0.0008352758778,-0.001232454897,-0.003132347681,-0.001480267162,-0.0007277120092,0.0005437419714,-0.000489086691,0.003190677289,0.001850399503,0.001012373203,0.0009248167286,,0.003129324683
1987-11-30,-0.004377944871,,,,,,0.001414644354,0.002225447138,0.003689316633,0.005554303666,0.0002442759964,0.0003352104959,0.00541820229,0.008265202068,0.004826815594,0.0008529164354,0.0005141877137,-0.0004770448875,-0.002744743877,-0.003045696681,-0.001726425182,0.003607620868,,,0.001238630263,,-0.0005293992982,-0.001162221839,0.0006265626511,,,-0.001711737293,0.004490931586,0.005330544032,0.001807294795,0.007752487447,0.008131492667,0.003122692767,,,,,0.004482518136,0.007912484278,0.002171919167,,-0.004047364218,0.00529901862,0.006799340845,0.002481333758,,0.009447901836,,-0.005217476729,,,,,,0.002370863482,-0.002528087035,-0.004246057592,-0.002956067847,,0.001558499723,0.002331476089,0.002485800032,-0.001704159396,-0.002296094621,-0.004183909368,-0.001274659877,,-0.002470171282,,,0.001824317226,0.0008720967434,0.001454516973,0.006980027368,-0.002460061758,0.005002803252,-0.00718887344,-0.005942873681,-0.006212308676,,,,,,,,,,,-0.006009135285,-0.0006111163702,-0.008244102285,-0.004127187995,0.004582083442,0.008842835909,-0.004560241002,0.007500311412,0.002220909333,0.009896309554,0.004807344133,0.002709795198,,0.0103797821
1987-12-31,-0.00112513029,,,,,,0.004500049426,0.001561290792,0.0007674813666,0.00578256449,-0.001375973685,-9.218818791e-05,0.0008908787155,0.001458537974,0.0004641216026,8.201137565e-05,0.003011601991,0.0005255517859,0.00302270511,0.001228637284,0.001098165876,-0.002165844696,,,-0.0004205857276,,0.001401008961,0.001317384606,0.003244316253,,,-0.001263788324,0.0003120608508,8.012787273e-05,0.003539498745,0.0007146578399,0.002367838867,0.001575246186,,,,,0.004321440714,0.004547131522,0.004235995625,,-0.0003417964059,0.003648056925,-0.0005246264157,0.001340614408,,0.006895154189,,-0.005607422167,,,,,,0.002067869415,-0.002747787235,-8.025115732e-05,-0.00355190605,,0.00419145443,-0.002239433696,0.004417373854,0.0007686079768,0.002029961975,-0.003052221258,-0.001343228152,,0.001681851631,,,0.00113558297,0.001109304305,0.0051963884,-0.00118994227,-0.002227845809,0.0006625516723,-0.002581128647,-0.005050723838,-0.003885002755,,,,,,,,,,,-0.001693571407,0.0005774827408,-0.003990085129,-0.00299415421,-0.001244101205,0.001896280107,-0.0004923913326,0.003562944038,0.002585655594,0.005974938949,0.003160657666,0.003130339973,,0.006245146505
1988-01-31,0.0005182772693,,,,,,0.004771702612,-0.001125268462,0.006754063619,0.01052535186,-0.009784813211,0.0009332384729,0.006025106177,0.004906084123,-0.0003071094654,0.01311846109,0.00929474233,0.008567512965,0.00365523179,0.008156153991,-0.001785723946,0.006157672984,,,0.01090565449,,0.008992144866,0.007928841104,0.01110522209,,,-0.001066032366,0.009805970612,0.001588207249,0.008702272307,0.00120850921,0.003566699882,0.001583751418,,,,,0.0126073676,0.00965374457,0.01234081275,,-0.00700860182,0.01084465403,0.003554386144,-0.006810280157,,-0.002632565975,,-0.008033146936,,,,,,0.001353983337,-0.007286003151,0.007994354419,-0.004327755748,,0.0002940947014,-0.0002043159932,-0.001582089179,-0.0002028612662,-0.001553184303,0.0002777074392,-0.004078206632,,-0.0002990605498,,,-0.005954051419,0.003140359516,0.005609129362,0.00305778486,-0.00977606343,-0.007259880066,0.00571322131,-0.007573747712,-0.009381396449,,,,,,,,,,,-0.001640117652,-4.890582439e-05,-0.001626003769,-0.001342377146,-0.001890617895,0.00198236186,-0.003911627412,-0.004596458042,-0.002912974891,-0.002227745254,-0.000173093191,0.002025855846,,-0.0009156557559
1988-02-29,0.001963073929,,,,,,-0.002620485051,0.001064317599,-0.001297557114,0.005851584515,-0.000949496659,-0.0004202456699,0.0002624353557,0.0004307471278,-0.001482816842,0.003353418598,0.001907658452,0.002534169182,-0.0006915480652,0.001330519076,-0.001020975657,0.002887371063,,,0.002984758937,,-0.000185156244,-0.0007820250003,0.0005856921574,,,-0.002680932258,0.003785182812,-0.001024784578,-0.0003764576095,-1.953209482e-05,0.0007558696178,0.003414388716,,,,,0.001133107386,0.0007994421437,0.00572001677,,-0.004273716104,0.004763878459,-0.001457117291,-0.0005190128508,,0.002535460846,,-0.004691301537,,,,,,0.0008411348501,-0.001993739794,0.002218226127,-0.0009539286639,,0.0006304484757,0.0008661808946,0.0001584484717,-0.001648790212,0.0002047277602,0.0003990506666,0.0002331177392,,0.0003878709979,,,0.0009651101402,0.001339232552,0.002805317705,-0.001464031627,-0.003023245098,-0.00491481392,0.001386057491,-0.002443744705,-0.002890680138,,,,,,,,,,,-0.004020597787,-0.0009980193882,-0.000866663295,-0.0009216298144,-0.001431305227,-0.0004825115295,0.0007081316121,0.00123869239,0.003381550251,0.003454726276,0.001123671274,0.000716588541,,0.002294485351
1988-03-31,0.003192776541,,,,,,-0.0006676794874,0.007049437369,-0.002819613352,-0.003273204184,0.006492350934,-0.0006297947561,-0.004742542866,-0.005311919292,0.00292186971,-0.00632192931,-0.007144601164,-0.004821472895,0.005649612503,-0.004453585834,0.008452311053,-0.008022353469,,,-0.00626946003,,-0.00832077029,-0.009441853988,-0.006962948882,,,0.004295699154,-0.008143743733,-0.0001958474071,-0.005231687306,-0.001414251823,-0.003074607123,-0.005605879442,,,,,-0.007049777796,-0.007635242995,-0.004003035762,,0.004020619198,-0.0009080275813,-0.0003807302473,0.0009841769551,,0.005488223567,,-0.007583998435,,,,,,0.002795090487,0.001689006008,-0.006747690027,-0.006844670736,,-0.001414039273,0.001107897548,-0.001486289195,-0.001005316684,0.0003706398171,-0.001334683332,0.001066085288,,0.004189685304,,,0.002152417453,0.002074657763,0.000191623123,-0.001155634957,0.001600504472,0.006687931865,-0.006550293306,-0.007853943072,-0.004645948893,,,,,,,,,,,-0.006253612979,-0.002838818595,-0.00218407008,-0.002927017703,-0.002133976211,0.0010488691,0.00221129351,0.003821506556,0.002775152337,0.002635200256,0.002092476884,0.00268388022,,0.004709531737
1988-04-30,-0.001405889887,,,,,,-0.005647475781,0.005052227259,-0.003987429543,-0.004090967492,0.005158240086,-0.001142822297,-0.004279262906,-0.005971147781,6.563120653e-05,-0.005371080001,-0.005056970023,-0.005163742359,0.0005880044326,-0.004389502243,0.0007324776283,-0.003814137634,,,-0.002683657999,,-0.007164980739,-0.005583137651,-0.007267344711,,,0.0002430343797,-0.003265342434,-0.004531822735,-0.004994108553,-0.004225919559,-0.006641478216,-0.0004307305795,,,,,-0.005769950366,-0.005866298149,-0.003389541848,,0.003392008256,-0.005844150342,-0.0007631557252,0.001288601118,,0.004251836901,,-0.005865522233,,,,,,-0.001828091314,0.004986702556,-0.004366835498,-0.004604396847,,-0.0003744514523,-0.000259552528,-0.001017826785,0.001455907565,0.002712832229,0.001640991674,-2.064023169e-05,,-0.001339892424,,,0.003473816779,-0.00131449925,-0.005687466144,-0.001490794006,0.002081101077,0.007794477581,-0.00478445352,-0.005963551378,-0.002898739649,,,,,,,,,,,0.001570337997,-0.003955655486,-0.004079560519,-0.003644103088,-0.0004676212549,0.0007838394329,0.003058123428,0.003468503041,0.005817287303,0.004547423093,-0.001028247786,-0.002246865153,,0.002463187173
1988-05-31,0.0009164810231,,,,,,-0.004276213453,-0.0001639883309,-0.003203660708,-0.003957161839,0.00381574223,-0.0005948556331,-0.002625590831,-0.001395825549,0.00220337465,-0.004434145779,-0.003165932554,-0.003688129718,-0.001011517213,-0.003945406518,0.000591683189,-0.004264434309,,,-0.002338867695,,-0.002427465106,-0.003204411286,-0.0035074032,,,0.002289164811,-0.002753242259,0.001746776982,-0.005090373207,-0.0003110803637,-0.001311331932,-0.003819766275,,,,,-0.00439172732,-0.003728089522,-0.003922540199,,0.004056501504,-0.000689385171,0.003884404122,0.003337566577,,0.00785633066,,-0.004855820676,,,,,,0.001816705064,0.001948886986,0.002931469775,0.0003808192569,,0.01268347133,0.008534515955,0.01144886036,-0.01235339224,-0.01223018906,-0.01335769582,-0.0004018204862,,0.00177593824,,,-0.0007058005664,-0.002249333107,-0.002368180574,0.002217575022,0.001120203919,0.001435969392,0.0005093973833,-0.0004022418598,-0.001054201036,,,,,,,,,,,-0.0006504308975,-0.002447258513,-0.0009857673143,-0.0001356497369,0.001746623972,0.003244409175,8.429446203e-05,0.005609491638,0.001155583605,0.004411778383,0.001258841039,0.001342039227,,0.007585088491
1988-06-30,-0.0002994545194,,,,,,-2.359229964e-06,0.0004765093994,0.004071287208,0.003353828117,-0.004510560964,-0.0004457528768,0.005293719685,0.004598886798,0.0007038180415,0.0050183114,0.004692500676,0.001523946891,0.003584178494,0.00199003149,-0.001607447891,0.001494969997,,,0.004355198377,,0.00426936362,0.005483527111,0.002919777524,,,-0.001215113219,0.00514840958,-3.70331823e-05,0.00275721203,0.0004695449121,0.002257354451,-0.001219136574,,,,,0.005497080255,0.004153148433,0.004498476926,,-0.001292337542,0.004442255958,0.001807031458,0.004120421236,,0.005852250123,,-0.003782803492,,,,,,0.005145884017,-0.002281164781,-0.004692969118,-0.003495087059,,-0.009504873599,-0.009946246519,-0.008069800181,0.009463911797,-0.006228309382,-0.009677803782,-0.0005688496607,,0.002147991373,,,0.002678089743,0.002845151202,0.0049702135,0.002073921068,-0.00381067875,-0.001903523332,-0.003238438801,-0.0003844500303,-0.002177378721,,,,,,,,,,,-0.005559156547,0.0008890817694,-0.0007010296903,-0.0004513523636,-0.001075586257,0.002797809671,-0.0003604808361,0.00289074627,0.00139840538,0.004661023575,0.006977405848,0.00496609759,,0.007253639151
1988-07-31,-0.003328989427,,,,,,-0.0003354950944,1.077299787e-05,-0.005982230809,0.00337548089,0.001234404821,-0.003515527289,-0.004548726364,0.00120966803,0.0002295361967,0.002746116585,0.003313995903,0.001607367904,-0.0001576692399,0.0008658109394,-0.00028131454,0.001564414336,,,-0.0007954012713,,0.004232916073,0.004968138138,0.003243880742,,,-0.003535771354,-0.00115417505,0.001621043506,-0.001037306448,0.002092950092,-0.00122872599,-4.061313626e-05,,,,,-0.002279279444,-0.0006507469307,0.004872698717,,0.00305363842,0.001924021512,-0.002050687857,0.001352125861,,0.007154752626,,-0.006765751319,,,,,,0.0004095036173,0.003621645479,0.00291165574,0.001491019655,,2.782971438e-05,-0.0003740907678,0.0008758753371,-0.0003750342203,0.0004604809561,0.001682231523,-0.001587643887,,-0.000451214678,,,0.0005703394185,-0.0002855588757,-0.001484493171,-0.002540470884,0.001233758359,0.002453539829,0.0003027201461,-0.0001683806564,0.001341251172,,,,,,,,,,,-0.00825679412,-0.005383381483,-0.00567628825,-0.006221293415,0.001109470817,-0.001208514003,0.003835950058,0.00638646751,0.004601069368,0.005025490114,-0.003485249111,0.001322028523,,0.006695789716
1988-08-31,0.003044123248,,,,,,-0.001423318153,0.0004822106541,0.0009449793019,-0.00238868268,-0.0002062665829,-0.0007005675296,-0.002281586662,-0.0003083978043,0.001554193755,-0.001068970129,-0.001705849675,0.002264269989,0.003751773436,0.001126218094,0.0007804307416,0.0008989240542,,,0.001443859652,,-5.596395002e-05,4.669166098e-05,0.0004954233319,,,0.001684417061,-0.001175052487,0.002247834609,-0.002484205503,-0.0002573440535,-0.0005740554639,-0.002834030723,,,,,0.000107284251,-0.0001245166408,-0.0004291112002,,0.003718845765,0.002417984423,0.003310611157,0.001732269043,,0.007204618337,,-0.0007594560852,,,,,,0.002954175673,0.001302160092,0.001837620025,0.0003033749634,,-0.03160371507,-0.03023391513,-0.02856651395,0.03429944345,0.0339162816,-0.03209981941,0.0002427503378,,0.002614430953,,,0.001464426581,-0.0001407021115,0.0005345380714,0.003171324635,0.001713915726,0.001817364109,0.001200447518,0.001244313516,0.001320259734,,,,,,,,,,,-0.002218576524,0.000672858144,0.001224989424,0.001307584204,-0.002307934915,0.002595890094,-2.15168739e-05,0.00491386199,0.0009560655187,0.004233673239,0.002756848395,0.002246432198,,0.007816069662
1988-09-30,-0.002600397367,,,,,,0.003827357099,-0.002893681889,-0.0005307667331,0.004080449957,-0.00228532431,-0.0006491583805,0.003630672083,0.002768864852,-0.00321815777,0.004003368537,0.003901285303,0.003150070945,0.002119820778,0.004215143446,1.518369807e-05,0.004472565562,,,0.003948537385,,0.002284681709,0.002061860183,0.004722962991,,,-0.003697601509,0.0009392029202,-0.0009799220373,0.004407001493,2.359231526e-05,0.00216516885,0.004012566214,,,,,0.004765109029,0.002885890082,0.004454696713,,-0.001101644621,0.01216004945,-0.004090276699,-0.002440708083,,0.01034292325,,-0.006506034541,,,,,,-0.002201862357,0.003110687614,-0.000205886521,-0.0009016701007,,0.02966749675,0.03004937312,0.03112229488,-0.03088480233,0.02778830751,-0.03169168483,-0.001668720459,,-0.002352485717,,,-0.005217255032,-0.001920479685,-0.0037862227,-0.004197640004,-0.001527453466,0.002241311588,-0.002176545094,-0.002552016854,-0.001796865848,,,,,,,,,,,-0.01710849612,-0.006410005219,-0.006003947499,-0.005937569547,0.0009344273945,-0.003913825104,0.002236116071,-9.501008839e-05,0.001427701919,-0.001267975726,-0.001377110473,-0.00211283522,,0.01000129882
1988-10-31,-0.002411083209,,,,,,0.002767444268,-0.001349757751,0.002593541145,0.002678571505,-0.003858350695,0.001239389184,0.002939175828,0.003313311262,0.00196104872,0.003361388716,0.002548043813,0.002560452949,-0.0001045018565,0.002580576128,-0.003819540424,0.002922229893,,,0.004428958214,,0.003468227995,0.003482641478,0.002980709953,,,0.0001359751468,0.00212297733,0.001992531063,0.00335377745,0.002763906495,0.003472961644,0.001175895081,,,,,0.003539239159,0.003712862585,0.0025114668,,-0.0001077433219,0.0008101216841,0.001469843403,0.0003781915378,,0.00180470597,,-0.0003671991141,,,,,,-5.042123797e-05,-0.0002875290046,-0.005433521274,-0.0009798889559,,-0.001898512091,-0.002754004244,-0.0002438479447,0.0004189735284,0.001186755358,-0.0006740711114,-0.001494982678,,-0.001679921024,,,0.001574223212,0.001124287529,0.001523119351,0.0012583042,0.003131224205,0.003413084286,-0.004355439368,-0.001118226717,-0.0003747187428,,,,,,,,,,,0.00179261146,0.002580394587,0.002928772467,0.002615590006,0.001379834237,0.001025077957,-0.001315238921,0.000547005144,-0.0003523557588,0.002088639343,0.000418952205,0.0002006453031,,0.001453639674
1988-11-30,0.008649587057,,,,,,-0.001597584548,0.003989681932,-0.0003973910844,0.0003987772924,0.001762438051,-0.0007644417896,-0.001318588449,0.00141473058,0.005362257789,-0.001980064044,-0.001794060567,-0.002709435282,0.001335885335,-0.003058468529,-0.001237546157,-0.002009450794,,,-0.0007581562592,,-0.001900819493,-0.001768876893,-0.002295606572,,,1.624328294e-05,2.271140811e-05,0.003918135786,-0.002769888756,0.003883633661,0.0005493472402,-0.002437923461,,,,,-0.002832457217,-0.0001543596555,-0.0003264530268,,0.005047868968,0.007618792119,-0.0009323727734,-0.002036613065,,0.01291313575,,-0.005422237282,,,,,,0.005517923347,-0.002170908944,-0.003187608968,-0.001963780858,,0.007287495524,0.007069994753,-0.001505238289,0.007694172964,0.006669584476,0.002768542061,-2.427113372e-05,,0.00269188005,,,0.002560731234,0.00191866934,0.0009587805291,-0.001280104169,-0.001153402746,0.001523252282,-0.005408131992,-0.002135850809,-0.0001453671195,,,,,,,,,,,-0.006861622576,-0.0002097211461,-0.00370035517,-0.001341033976,-0.008653072576,0.009566008547,0.000103971685,0.006756013217,0.002655289959,0.006092003395,0.005336928935,0.004230779368,,0.01285179575
1988-12-31,-0.002955027712,,,,,,-0.0002842628742,0.002032657107,-0.001551014121,0.003025504712,-0.001021232093,-0.001456727675,-0.002099810217,0.002122378221,-9.491235063e-05,-0.003747356597,-0.003332460522,-0.003332175882,-0.001089115289,-8.203731594e-05,0.001528613205,0.000638330508,,,0.002995611097,,-0.001838619168,-0.002201249602,-0.003022292365,,,-0.00282355361,0.004308419702,-0.000531491481,0.0004162916349,0.002928043621,0.0006525240585,-0.0002827849814,,,,,-0.001036153189,9.414015562e-06,0.002217956265,,0.005268738186,-0.0002783437992,-0.001387080743,0.004479868056,,0.006097920579,,-0.002737814683,,,,,,0.005181881222,0.001906975477,-0.004327458502,0.001047439788,,0.002368958488,0.0004924939839,-0.0003342970768,0.003050590793,-0.001765739917,-0.006454559205,-0.0014774453,,0.00103314104,,,0.002655572681,0.004215502566,-0.0004467892713,-0.0008427802056,-1.646952752e-06,0.004824816396,-0.004589954089,-0.001771513567,-0.001114235044,,,,,,,,,,,-0.0007058242491,0.0001029695656,-0.003019655632,-1.451590536e-05,0.001069786919,-0.0005385030297,0.0007036490039,0.004088395748,0.002361966455,0.00392941923,0.004122035463,0.003068626787,,0.006246912413
1989-01-31,-0.001562792356,,,,,,0.002192299854,0.003916220568,0.001156175056,0.004841195419,-0.002210145328,-0.001638394005,-0.002044849378,0.003553164484,-0.003901218366,-0.0008044073697,0.001760312534,-0.002839714455,-0.002569349639,-5.623692426e-05,-0.0005971021264,0.002190012855,,,0.000782657752,,0.002407114502,0.0005997411452,0.002167169721,,,-0.005877126874,0.001563424247,-0.003128306045,0.003125791419,-0.0006011793444,0.001746403578,0.002570535751,,,,,0.00552981345,0.004883579468,0.004883464318,,0.003799137106,0.003890597123,-0.002395028971,-0.0009564795113,,0.003857911405,,-0.005418587875,,,,,,-0.002561075516,-0.001249686601,-0.005737291126,-0.001677101287,,-0.002795676432,-0.002436801184,0.003818403453,-0.003571145589,-0.003547162601,-0.003902098203,-0.002198442393,,-0.001514234294,,,-0.00200976554,-0.00202685238,-0.00279672165,-0.002480497561,-0.005326411316,-0.004082390686,-0.005691648574,-0.004836780405,-0.005330030166,,,,,,,,,,,-0.006599030293,-0.003529640491,-0.004227560606,-0.004815830417,0.001975669998,-0.001900055189,-0.000306728486,0.0002104640878,0.004648927752,0.00341896692,-0.001094674054,0.0006291456968,,0.004243390505
1989-02-28,-0.0004595823127,,,,,,0.001190895709,0.000912006201,-0.003481147867,-0.0001562237863,0.0006864353672,-2.291212417e-05,-0.003807351926,0.002453358954,0.002605776695,-0.003293519906,-0.002132583345,-0.001567897301,0.0008576493305,-0.0005628122337,8.088472082e-05,-0.000955819363,,,-0.003903233482,,-0.003059791758,-0.002378103289,-0.002210058301,,,0.0005231035172,-0.002800086602,0.0037779165,-0.003487956271,0.004866326913,0.003274964736,-0.001238767164,,,,,-0.001308415754,-0.0007296365848,-0.0008429636652,,0.005883140907,-0.0005673015316,0.004369903246,0.004293806272,,0.00425517852,,-0.005001907053,,,,,,0.003859951257,0.0006866857327,-0.0002416232315,-0.002520136716,,-0.002463713648,-0.002020445466,-0.004777107091,-0.004567477027,-0.003157949692,-0.005082370449,-0.00149104435,,0.00250884751,,,0.002471055005,0.001574082076,-0.001057714151,0.005066534272,0.002419061919,0.001388317742,0.003130411776,-0.0008120843946,0.0002238607432,,,,,,,,,,,-0.00505839371,0.0007102297693,0.00311318868,0.0006260765753,0.0009494222826,0.0042443153,-0.002942223121,0.002029743738,0.0003674043738,0.005010859522,0.005106383303,0.00255146925,,0.004066886641
1989-03-31,0.002699117621,,,,,,-0.0009535703518,0.002741785881,0.003935839478,0.0007081464369,0.002384635676,0.002240915076,0.003378285925,-0.002895160519,-0.002942949287,-0.004331127937,-0.004002943531,-0.003549878979,0.0008254425776,-0.003309153797,-0.001026128347,-0.000605667537,,,-0.0002311328652,,0.001712042082,0.0006888010783,0.00203486349,,,0.0002158330623,-0.004038914456,-0.004188408831,0.004315292518,-0.007099468459,-0.005849511453,-0.001199834861,,,,,-0.002797075628,-0.002188591585,-0.002547211533,,0.00127696766,0.003117603533,-0.006235246922,9.864738741e-05,,0.005256618269,,-0.001422057156,,,,,,0.001138238657,0.003507801499,0.0004142026179,0.003824410803,,-0.003080770964,-0.003354613672,-0.002888793505,-0.003814214537,0.001481767172,-0.001300225173,-0.0001156917167,,0.001394024845,,,-0.0004553636491,-0.002021129428,-0.0004484907461,-0.006554962668,0.002020247572,0.004565089603,-0.001738738036,0.0007831960799,0.002085547808,,,,,,,,,,,-0.007091143306,-0.002340024003,-0.002181047855,-0.002794023286,-0.001815601432,-0.001841145108,0.004822288351,0.002393491389,0.003367564142,0.001321629468,-0.001378980384,0.003009462332,,0.006089015452
1989-04-30,-0.0003492093812,,,,,,-0.0001073361091,0.0007005187859,-0.00193445598,0.003608703049,-0.0009096983527,0.00114844224,0.002930346678,-0.0001885502121,-0.002545270663,0.0006616574294,-0.001281040051,0.001681250817,-0.0008716653109,-4.745237608e-05,-0.002766550411,0.002414750948,,,0.003269495481,,0.004384145455,0.004010737514,0.005228845554,,,-0.004182370772,-0.0008987573493,-0.001950528424,0.004505685477,-0.003712385388,-0.001774437137,2.248200934e-05,,,,,0.001537683972,8.207565443e-05,-0.000604092579,,0.001734475242,0.003850048629,-0.003206887604,-0.001521054987,,0.001339810192,,-0.003265214814,,,,,,-0.001788979536,0.001051748456,-0.0002282600166,0.0002769056641,,0.002690455143,0.002871522219,0.005412473137,-0.004830366294,-0.005172809845,-0.005093480212,-0.0003921604216,,-0.001035480358,,,-0.001018405671,-0.0004182028767,0.001275112871,-0.004696228006,-0.002887286649,-0.003826985734,-0.003479869519,-0.003024011069,-0.00184067318,,,,,,,,,,,-0.002916904455,-0.004052538714,-0.00399451259,-0.004045625836,-0.0006784222713,-0.002569624735,0.003108524038,0.002019731112,0.002652152357,0.001759606907,-0.003364505199,-0.0005788234855,,0.003520066737
1989-05-31,0.0002279635061,,,,,,-0.0005318055404,-0.0006415953546,0.003700459443,0.004466631961,-0.006053966039,-0.001335353175,0.001134082382,0.004527423453,-0.000412413831,0.005530032761,0.003807819213,0.004819844064,-0.0006429098561,0.004031279538,-0.002513479198,0.005000906486,,,0.003213609477,,0.006311417475,0.005581148482,0.004906741985,,,-0.005349189855,0.005239339568,0.0007324478105,0.005054880705,0.001225060776,0.005590969435,0.003289661186,,,,,0.008337823899,0.007205046512,0.003050227203,,-0.002831770215,0.00730225331,0.0003348875949,-0.002754788937,,-0.0009895432118,,-0.004734445114,,,,,,0.0006772123036,0.002583652373,-0.001852738785,-0.0006916607764,,0.003056716007,0.001680402689,0.003435588696,-0.003174316649,-0.0008855391508,-0.002364278957,-0.004225207765,,-0.001291231413,,,-0.001547038879,-0.003385068202,0.0001178177013,0.00120268725,8.709840305e-05,0.00100953913,-0.003570765781,-0.002829571045,0.0002184279987,,,,,,,,,,,-0.001105420879,-0.004540973625,-0.004626690125,-0.003746204407,-0.0007017625722,0.0001265820609,-0.002097188325,-0.00252704856,-6.710699069e-05,0.0001588867978,0.0003029832855,7.843479598e-05,,-0.001756051375
1989-06-30,0.00277857178,,,,,,-0.001683346627,0.001735438403,0.001187060511,0.001040166964,-0.006015544907,-0.001204580426,0.00255921102,0.001121923145,-0.0008158695726,0.005006964858,0.003897297117,0.004255872723,0.000117613133,0.005556979408,-0.003100161182,0.004492767175,,,0.00260831544,,0.00467261435,0.004162771118,0.004408203535,,,-0.004653876099,0.00286977778,-0.0003750764736,0.004166849234,-0.000439805205,0.003060842565,0.002641049734,,,,,0.006279865743,0.003692682383,0.003590159169,,-0.003582455973,0.00788787831,0.0005027945775,-0.002891984311,,-0.001245038532,,-0.001393100616,,,,,,0.001709402953,0.003261463753,0.002505312551,-0.001838880197,,-0.002175641567,-0.0009078502018,-0.0007392116861,-0.002967548655,0.002663583358,0.002152071128,-0.0001188063523,,0.00159828701,,,0.0007244449308,-0.001319714613,0.00207273494,0.0009246234721,0.002934481131,0.00507230203,0.002128951305,-0.001034829998,0.00312067669,,,,,,,,,,,0.002939112964,0.0009764508132,-3.555230599e-05,3.434148149e-05,-0.005179660891,3.515539497e-05,-0.003274863257,-0.002237695114,-0.003011985057,-0.001467128153,-0.0004167034261,0.001516709235,,-0.001350185834
1989-07-31,0.001291713019,,,,,,-0.0001426074889,-0.001218801624,0.001128671021,0.003846842791,0.002853491063,0.0007383610404,0.0007029959761,-0.004105590999,-0.005434059167,-0.002925830744,-0.003687022247,0.001284985405,-0.0012915888,0.002056267953,0.002293226467,0.0008920978439,,,-0.001141927932,,-0.001956805004,-0.001903380674,-0.002331149682,,,0.001180336724,-0.002306088595,-0.004347095111,0.0002947764811,-0.005355724157,-0.004480737242,0.004575845539,,,,,-0.001592922358,-0.00267395189,-0.001447208587,,0.002422140541,0.005693274043,-0.008907828211,-0.006874612499,,0.0003077193097,,-0.005916700215,,,,,,-0.004015415229,0.002756587183,0.00212808347,0.001250970622,,0.005796790485,-0.001274823165,-0.0003263734246,0.002827200967,0.00507011196,0.007425985012,-0.00118221087,,-0.005064516487,,,-0.008443781539,-0.006257904311,-0.004384592955,-0.00956040012,-0.00404059821,-0.002830694444,0.002324230877,-5.91481373e-05,-0.005490112884,,,,,,,,,,,-0.001894806395,-0.00897075863,-0.004246325711,-0.005604291057,-0.002674525988,-0.00937417837,0.004288284969,-0.0009002655365,0.005894588526,0.001292852404,-0.002948121307,-0.00398377323,,0.0007988122188
1989-08-31,0.00150703996,,,,,,0.003684716417,-0.001681696291,-0.0076772113,0.003935414833,0.003360615315,-0.001718022926,-0.004735640953,0.004976082712,0.008240940263,-0.003645403886,-0.006725673235,-0.002694078233,0.005553404838,-0.003729715542,-0.000102388179,-0.0001971771703,,,-0.0006517131256,,-0.001885810449,-0.0007507725742,-0.0001523714531,,,-0.001624231434,-0.0009297843535,0.008750648434,-0.003285787907,0.008865669922,0.006179289867,-0.007315674922,,,,,-0.003518787259,0.001679372234,-0.002608136094,,0.009605140847,0.0006594994001,0.006576280895,0.006450243885,,0.01031809966,,-0.004657313642,,,,,,0.004480319459,-0.002699041037,-0.003594929476,-0.003856449306,,0.0008410527056,-0.0001863580602,-0.001386271244,0.001566518726,-0.000313036713,0.002372827013,0.0003282897653,,0.002551476972,,,0.001120687814,0.007323278657,0.00645446459,0.005752501881,-0.004086056409,0.002142831215,-0.004774497787,-0.006982641399,-0.002156399252,,,,,,,,,,,-0.01133666895,-0.002696343584,-0.004588811561,-0.006259319457,-0.001343252063,0.00733242339,-0.0004364925144,0.004382382011,0.001119026913,0.005166254238,0.005568705251,0.004671252574,,0.01131384545
1989-09-30,0.001959944462,,,,,,-0.0004697555411,-0.0006861472981,-0.001850215607,0.003269935523,0.00128632874,5.351671647e-05,-0.0009129172664,0.0008050965404,0.0008053985623,-0.001389716496,-0.002760498233,-0.001521287376,-0.0005263519946,-0.003093718669,-0.0009618138968,-0.0008178636126,,,-2.2335544e-07,,-0.0005320018648,-0.0008618835378,-0.0001343675107,,,-0.001117724049,0.001443375705,0.0009102941055,-0.001692134029,0.0009096759676,0.0006885835866,6.602163126e-05,,,,,-0.001361091003,0.0001434237197,-0.002133408168,,0.002740357329,0.0001906723452,0.002054072537,0.001075888807,,0.003453175691,,-0.002641684006,,,,,,0.001305422107,-0.001746529443,-0.001135995623,-0.003263126563,,-0.0001483345099,0.001447698711,0.002228301573,0.001900650899,0.002130325232,0.002551466142,-0.0004720446271,,0.0007357663435,,,-0.0004528835866,0.0009347678985,0.0004959371503,0.001872712108,-0.002167707949,-0.0002962771741,-0.000929166271,-0.003029304344,-0.002716015724,,,,,,,,,,,-0.001723267146,-0.00173778164,-0.001110084246,-0.0017437774,-0.0007482947422,0.00221264048,0.0003797179123,0.002459976904,0.0008910633227,0.00258427046,0.0008691652917,0.001155594539,,0.003455573369
1989-10-31,0.002966107619,,,,,,-0.002378462155,-0.0005634198469,0.003714900702,0.0008693904791,-0.004083380262,0.002559286362,0.002095432537,-0.002021193495,-0.005276843855,0.00218541993,0.004837788798,0.003314158998,-0.00188801536,0.004347174872,0.001119088398,0.002272992936,,,0.00156864201,,0.003131663399,0.002287492115,0.00374561599,,,-0.0001531796661,0.001847872583,-0.0053413135,0.004390096737,-0.00554482764,-0.003189506494,0.004219022161,,,,,0.003538619906,0.0006958048695,0.002274423143,,-0.002204910659,0.00560778604,-0.005704301994,-0.008353334984,,-0.006755096885,,0.002104552773,,,,,,-0.003941804377,0.002733394158,-0.001322675345,0.002334401184,,0.0007281218402,0.001921738722,0.002620677166,0.003018605053,-0.007524755153,0.005403316077,-0.001049633574,,-0.004004736809,,,0.001515485662,-0.003836079475,-0.001156483071,-0.004430864117,0.0009679602433,-0.004189738107,-0.000707505964,0.00448566555,0.003774339083,,,,,,,,,,,-0.00354869056,-0.002007630886,-0.002410666961,0.001293070369,-0.004570876364,-0.006159903447,-0.001365589822,-0.005801109789,-0.0001992295135,-0.003667710503,-0.00425043678,-0.003419470107,,-0.006568376525
1989-11-30,0.0003140814931,,,,,,0.001332039086,-0.0007662338516,0.000282270823,0.000251422717,-0.0004069176814,-0.001000088639,-0.0004850081809,-0.0003399009223,-5.168582367e-05,0.001742619515,-0.0001159095496,0.001646192505,0.0007774748216,0.001215318736,0.00083714291,-0.000103777812,,,0.0005614903303,,9.253025284e-06,0.0004913681121,0.0004540801738,,,0.001250030175,-0.001807332841,-0.0001461445429,0.00111205449,3.191284755e-05,0.0005996255791,0.0007131104884,,,,,0.0003463545584,0.0005828364744,0.000471037643,,0.0004939145012,-9.009825335e-05,-0.001650284659,0.001469579627,,0.002287518668,,-0.003165520292,,,,,,-0.0001914445284,-0.000100163966,0.002812937896,0.0005196734193,,-0.004509016845,-0.004065473911,-0.00506534001,-0.004210175018,-4.00549303e-05,-0.001733981699,-0.0006898244927,,-0.002034429141,,,-0.001359343703,-0.001942699265,-0.002510607881,-0.002066128965,-0.0005073955837,-0.0007510682675,0.0008001052852,-0.001055271104,-0.001193757838,,,,,,,,,,,-0.001097751785,-0.0008415941326,-0.001826973696,-0.0006739442853,-0.0004266688222,-0.001286950657,0.00210025489,0.001298322708,0.003775776257,0.00241412453,-0.0002848855026,0.0004622908442,,0.002307402305
1989-12-31,9.534967096e-05,,,,,,-0.0001832160442,-0.002966601111,-0.0003257304794,-4.54259934e-06,0.002630169055,-0.001269983232,-0.0001147166474,0.000516804457,0.002508013739,-0.001001736508,-0.003298633219,-0.0006027794349,0.001677228436,-0.002092923054,-0.0002532057796,-0.002306447141,,,-0.00276317995,,-0.00165686554,-0.001710086234,-0.002009629552,,,0.001841412584,-0.001009807935,0.002531862669,-0.003651065979,0.001980220776,0.001484464169,-0.0007842720418,,,,,-0.002381744369,-0.0007845019178,-0.002356873976,,0.003245062969,-0.0007549709555,0.0005274498353,0.001707658603,,0.002479421265,,-0.002468419594,,,,,,0.0009015663841,-0.003056071633,-0.00227290102,-0.0008140908117,,-0.002248134772,-0.002420839796,-0.004323982526,-0.002227359034,0.0004686308733,-0.000177442207,0.0001870940765,,-2.103664711e-06,,,-0.002050662028,-0.00123087726,-0.001165552822,0.0004357484215,-0.002706565398,-0.0007306282789,-0.002181568984,-0.003978474441,-0.004333918059,,,,,,,,,,,0.003168690661,-0.002398315458,-0.002047670279,-0.002560290531,-0.001399689926,0.001981976548,0.002502537636,0.002566413713,0.002115811967,0.002106873159,-0.0005027247058,0.001683736096,,0.002445962696
1990-01-31,-0.0003646362573,,,,,,0.0004336447839,-0.001476391163,-0.003372357805,0.004741820495,0.004494900373,-0.003482103552,0.0009910042478,-0.002606994106,0.001972638998,-0.006245597324,-0.00597033536,-0.004342212533,0.002899149422,-0.004281073648,-0.0007141346896,-0.00320130505,,,-0.0009896161409,,-0.005440061906,-0.004455082363,-0.003753272538,,,-0.001084800301,-0.0005385000427,-0.0003490290989,-0.006137562109,-0.0003980551792,-0.00255768962,-0.002738227879,,,,,-0.00705872192,-0.00494376462,-0.00129638939,,0.007148455375,-0.00586603654,0.003375922648,0.003677125674,,0.0048045424,,-0.0007265835647,,,,,,-0.001309090871,-0.008099485654,-0.00213796494,0.001118090912,,-0.0008513709755,0.0003335642055,0.0009250246522,0.001084002418,0.004528939486,0.000907481772,0.002574603734,,-0.0009708858434,,,-0.002833645525,-0.002607618757,0.0005513897526,0.004238979936,-0.006509233474,-0.005561246006,-0.00298420009,-0.0004634172943,-0.004394257024,,,,,,,,,,,0.003710350078,-0.0006668413507,-0.0006243956907,-0.001307877611,0.003493078548,0.003365560315,0.001518886546,0.004024404814,0.002737912321,0.00512813181,0.001153832892,-0.001937204171,,0.004578547192
1990-02-28,0.000394858783,,,,,,-0.0008814284557,-0.00082048615,0.00118098586,0.000712343349,-0.003086805097,0.001017411353,-0.001521890648,-0.001040737036,-0.001161929985,-0.003767489379,-0.003704746716,-0.003014360788,-0.0007300580487,-0.003872427002,0.002784270382,-0.002043232064,,,-0.00105543172,,-0.003132834095,-0.003269424313,-0.0004562534553,,,0.00100122889,0.0005356281258,0.0002735661408,-0.0006805746482,0.0004826998405,-0.0006331076932,-0.001034350461,,,,,0.001589860258,4.310230312e-05,-0.00145348303,,-0.0003137135015,0.001266013151,-0.003329385459,-0.0003579032456,,0.002591867987,,-0.001838859072,,,,,,0.00137195211,0.0005884258223,-0.000291984118,0.0002857725582,,-0.0004251944709,-0.000792766248,0.002098261378,0.001289237323,-0.005238262195,-0.005126000865,-0.0008702917893,,0.001339327095,,,-0.0006899820176,-0.002357895128,-0.002696526244,-0.003215744657,-0.001915258289,0.001064918819,-0.001985924284,-0.0007134131687,-0.001635381813,,,,,,,,,,,-0.002677229052,-0.001191132678,-0.00108002326,-0.001261632821,-0.003900595818,-0.001053497851,0.0006917739912,0.001196542033,0.002766926861,0.003159285689,0.001769559913,0.001587417485,,0.003006313598
1990-03-31,-0.002261516949,,,,,,0.0004633371435,-0.003966617955,-0.00158042325,0.002016187312,0.003236870456,-0.00258531655,-0.0003616659022,0.000918463908,0.002812815265,-0.003470317184,-0.002608581406,0.0005251350597,-0.0009582799913,0.0004027225969,-0.0005327710805,-0.001639309491,,,-0.001898938132,,-0.001780036332,0.0003427983713,0.0003588449047,,,0.001284210749,-0.001157840297,0.001347030687,-0.0003295025098,0.00170220138,0.001256421377,0.001686866754,,,,,-0.0008424588733,1.905079448e-05,-0.002942603468,,0.002862960606,0.003056793772,-0.0009846288876,0.003157913468,,0.005633314939,,-0.005384707411,,,,,,0.001974337436,9.330518458e-05,-0.001348357238,0.0003276136681,,-0.01008126174,-0.007586329556,9.114822072e-05,-0.008394961723,0.006419905211,0.0005999086198,-0.003555745534,,0.0009669835174,,,0.0004822461938,-0.0004693408366,2.938569769e-05,-0.001006543293,-0.002019438404,-0.00120794136,-8.155536139e-05,-0.002006238852,-0.001652451256,,,,,,,,,,,-0.005052384396,-0.003777998414,-0.003742153623,-0.00304233938,0.001203451739,0.001293857703,0.002058503844,0.003064764929,0.003842647386,0.004792927844,0.001149340788,0.001462985707,,0.005375037122
1990-04-30,-0.004807147735,,,,,,0.002681891804,-0.00880963229,0.006505394289,0.008849972755,0.004142296526,-0.004581174832,-0.00538060472,-0.007257760871,-0.001734171677,0.0004844378681,-0.005522996427,-0.004281605748,-0.002134119253,-0.002941413817,0.004323589571,-0.002853320655,,,-0.00747003569,,-0.004851876932,-0.001828006476,-0.003881161781,,,0.00224155285,-0.005649410135,-0.004827974495,-0.004584522798,-0.003706619584,-0.006452528065,0.001294199863,,,,,-0.005983602057,-0.008423106916,-0.005179887259,,0.007566752147,0.003854376857,-0.01144272384,0.01252116271,,0.01444636365,,-0.01423911227,,,,,,-0.002725127276,-0.009362262186,-0.001013154225,-0.005423731738,,-0.003906745128,-0.002408408984,-0.002011793011,-0.002668634079,0.003116730587,-0.00570113092,-0.001932605032,,-0.002320020124,,,-0.0002766416461,-0.00202619912,0.006109676806,-0.0111053178,-0.003539385091,-0.002729430638,0.008087558312,-0.00753185038,-0.0008390379534,,,,,,,,,,,-0.005278432941,0.002331065784,0.003480222519,0.00224765345,-0.007623315491,-0.006754191991,0.01231480291,0.01394522287,0.01196608759,0.01216352855,-0.002575991973,-0.001384392182,,0.01507529222
1990-05-31,-0.001412165992,,,,,,0.003037752513,-0.01747967944,-0.00668766866,0.02132269623,-0.0152368651,-0.01680311871,0.005978042763,0.01396803192,0.001180726086,0.01181365908,-0.01326326344,0.008533268792,-0.009865031474,0.009062486079,-0.01485905356,0.01686574184,,,0.01690746208,,0.01016872791,0.02018896555,0.01437421543,,,-0.01221735452,0.006144795673,0.0008355913429,0.008219076713,0.000577620865,0.01231152433,0.007107134765,,,,,0.0142782794,0.02079279682,-0.01988472167,,-0.0005266321321,0.03688317927,-0.0008214134512,0.01131677731,,0.03018501286,,-0.02910775106,,,,,,0.01382901433,0.009749609951,0.001193400533,0.002868021953,,-0.007959577661,0.0001694926724,-0.005101747875,-0.001845373627,-0.007247770614,0.01283797098,-0.0147105832,,-0.001421518334,,,-0.000179578339,0.004935449478,-0.007034894806,-0.00200528593,-0.000476827374,0.006474471364,-0.005017610103,-0.005991593327,-0.0007888427418,,,,,,,,,,,-0.02510872106,-0.0192487552,-0.02118569505,-0.02070849683,-0.004601422958,0.007132331556,0.01436115681,0.02471429108,0.01857187878,0.02704807707,0.01167670115,0.01181909415,,0.03058908034
1990-06-30,-0.0001516696625,,,,,,0.00217265782,0.000816481955,-0.0007059873497,-7.316310043e-05,-0.001355272909,-0.0006228312888,0.001757026486,0.00226163447,0.001070774114,-4.922289164e-05,0.0004578445038,0.001725380135,-0.0005182597939,0.001532713371,-0.001819441622,0.001724218274,,,0.001780859421,,0.001740605035,0.002334363686,0.001039023548,,,-0.002542374075,0.002001836654,0.001462824759,0.002889506524,0.001144142926,0.001998696786,0.0003693367271,,,,,0.002423206463,0.002410003994,0.0001876279609,,-0.0004985106655,0.002117074136,0.001596877884,-0.0006745784491,,0.0005087082463,,-0.001543466797,,,,,,0.0003938264662,-0.0004510827899,-0.0027591248,-0.002388185993,,-0.001517050499,-0.0002137822523,-0.003453572189,0.004117549899,0.004880955463,0.001246647726,-0.0005149028015,,-0.0004830984598,,,0.001022585442,0.001092424342,-0.0003723361027,0.001744453617,-0.001546682039,0.0006662054203,-0.002352951319,-0.00189750545,-0.001720868079,,,,,,,,,,,0.001413814466,-0.001070309357,0.0003976367757,-5.365500177e-05,0.0001275164624,0.001541737203,-0.0007309614718,-0.0002179620257,0.0001998227119,-0.0001173860127,0.0003171794804,0.0006783384302,,0.0005600689787
1990-07-31,-0.0002675655438,,,,,,0.0005424459071,-0.00173990846,0.001134504297,0.0006205930763,-0.002274942217,-0.0003078549374,0.0002455855236,-0.002359036106,-0.00527777925,-0.0001228291023,0.0008389502665,-0.001179360551,-0.001741270034,1.921880493e-05,0.002244278628,0.0006314233102,,,0.0001519779776,,0.0003364431968,0.001003318089,0.00113081258,,,-0.001184703753,0.000261990393,-0.00409639489,0.0009705724998,-0.004058060756,-0.00325276021,0.002213597871,,,,,0.00115913332,-0.0008384229045,-0.0003039357243,,-0.001623711137,0.0004094579835,-0.006051303586,-0.003042389341,,-0.002384747264,,-0.002203680046,,,,,,-0.005432968389,-0.000132597716,0.001268132263,0.000676265714,,0.001653192793,-7.174175804e-05,-0.001491212735,0.0007094346235,0.002111965835,0.001864216442,0.0004481203598,,-0.005346529741,,,-0.0002372428259,0.0003812645709,-0.001845432943,-0.005973516152,0.0005535193299,0.002763198397,0.0001623193458,-0.001208996127,0.0006674192936,,,,,,,,,,,-0.002274572385,-0.001807998928,-0.003625347308,-0.004276117586,0.001022344356,-0.006307899792,0.003770924343,7.455089013e-06,0.004286639491,0.0008267176425,-0.005354501441,-0.005538756133,,-0.002733022926
1990-08-31,0.003578499872,,,,,,-0.001463137797,-0.003449684155,-0.0008930050846,0.001396385864,0.00246005775,-0.0002801884406,-0.001889071792,-0.007657948567,-0.004870294766,-9.450364342e-05,-0.001192277463,0.001028540714,0.0001809070824,0.001321474257,0.004348872613,-0.002161112912,,,-0.004192006324,,-0.00338689155,-0.00373400366,-0.0004369695158,,,0.0009049999097,-0.003957145559,-0.005276945947,-0.003862757503,-0.005015479374,-0.007748366748,-0.0005885884787,,,,,-0.005692899038,-0.008447749973,0.001426456864,,-0.0003033971501,-0.003835004321,-0.005692624536,-0.003079510603,,0.0008465814027,,-0.006147480912,,,,,,-0.004861927388,0.003777819631,-0.004168221488,0.0002464907238,,0.002498342137,-0.0005935334025,0.0003802848057,-0.001865730739,0.004732167003,-0.00475573252,-0.0004015542571,,-0.003985936748,,,0.000641828332,0.001328878103,-0.001139671169,-0.005382675903,-0.0003986327813,0.001221063933,-0.006584818304,-0.003080036046,0.0007013577554,,,,,,,,,,,-0.002617338535,-0.005059615794,-0.005618772944,-0.005896480279,-0.001990203386,-0.004735192104,0.005460734944,0.001634416238,0.0062318348,0.003437679827,-0.004222487902,-0.005608321265,,-0.0001856007234
1990-09-30,0.003953704088,,,,,,0.001059934344,0.005105582616,-0.004911567688,-0.0005140570329,0.0002785413229,-0.002874844734,0.002358608354,-0.002460193734,-0.003212933576,-0.002878426576,-0.00150638321,-0.001366279577,0.001699436656,-0.003478326666,0.002500175396,5.471295771e-05,,,-0.001753124144,,-0.002240407256,-0.002576897823,-0.002995586811,,,-0.002878364257,-0.001068304395,-0.00387361166,0.0008521591422,-0.00293313653,-0.002446287755,0.0003776765006,,,,,0.00077468215,-0.004045618255,0.001053261816,,-0.001076580447,-0.004616785455,-0.007140461706,-0.00537944002,,-0.003001780717,,-0.002300157065,,,,,,-0.006825229649,0.005459923357,0.003903190574,0.004132898667,,0.006099278994,-0.003213299995,-0.005769262146,-0.000465781159,0.003897983573,0.006298295962,0.001188451164,,-0.007804676613,,,0.004404653786,0.004078522533,0.003527513499,-0.007722785835,0.007005962548,0.006688555234,0.003411495004,0.003794877197,0.006052973701,,,,,,,,,,,0.0006563313223,0.00405724203,0.003034868826,0.001944191468,-0.004993079844,-0.007907084732,0.001563824398,-0.002933948989,0.002698557876,-0.00113594951,-0.008558038506,-0.006872756658,,-0.004302612843
1990-10-31,-0.001725531024,,,,,,-0.003602069776,3.432891076e-05,0.001686945912,-0.003068237108,-0.00220801885,0.0009715975778,-0.0005838226795,-0.004294760288,-0.004334686211,-0.002068581889,-0.0007190602261,0.0002569072129,-0.0003486754987,3.282614216e-06,0.001880342627,0.002994339486,,,0.001108441114,,-0.00285707819,-0.004871084755,-0.0027258111,,,-0.003087828313,0.001232968271,-0.005497892476,-0.001496682486,-0.004703530323,-0.004805785603,0.00286034139,,,,,0.0001350896744,-0.004474716708,0.002063651991,,-0.003353494425,-0.007061500054,-0.007269875868,-0.003128324085,,0.002842015364,,-0.005254929696,,,,,,-0.006429849179,0.005450162484,0.003581972706,0.00438470601,,-0.001008956838,-0.01080110508,-0.01236168242,-0.003102313107,0.008353310295,0.009718462233,0.0005622738097,,-0.004541702069,,,0.0005370915366,-0.0009721163289,-0.002055283731,-0.007636182962,0.006733037755,0.006740069193,0.005520134249,0.003752624659,0.003819411602,,,,,,,,,,,-0.0003234284359,0.002514230571,0.005067770883,-0.000496960836,0.003490154145,-0.007738088343,0.006794540692,0.001346840819,0.008575467134,0.00313802792,-0.006912325471,-0.005825819431,,-0.003395778634
1990-11-30,0.002195456272,,,,,,0.0006051616588,-0.002050812031,0.0006504607511,0.0004164597235,-0.003033255831,-0.001729338025,0.0007098534709,0.001075375352,-0.0001418530938,-0.00269966809,0.001138004615,-0.0008655244858,-0.003175162037,-0.001543018802,-0.001428666733,0.002181981687,,,-0.0005338497862,,0.0002865338537,0.001692095653,0.001678318701,,,-0.002363545487,0.003784743163,-0.0005181464378,0.003093473071,0.0001646392691,0.001521349927,0.004835970563,,,,,0.004795961514,0.002378594881,-0.002906701426,,-0.003443920473,0.00444741086,-0.002003996233,-0.002089494485,,-0.001653341093,,-0.001496614746,,,,,,-0.0009046184872,-0.003927541487,-0.002218215033,0.001246947926,,0.00341271968,0.001902248315,-0.004632781642,0.002593076604,0.0008448755597,-0.001512834285,-0.001650849348,,-0.003291494725,,,-0.001371464754,-0.0008463984117,0.0007954578357,-0.002432826076,-0.005466370702,-0.004152111863,-0.002193711708,-0.0001722707361,-0.002768266297,,,,,,,,,,,-0.001652138269,-0.003261993194,-0.00126723653,-0.003565605183,-0.001150177477,-0.001734082731,0.002218855545,-0.0003393437629,0.002302100474,-0.0004383603703,-0.0002895600518,0.0003091220183,,-0.00112493918
1990-12-31,-0.0008427588658,,,,,,0.001799553276,-0.001165374841,0.0002342010999,-0.002607686921,-0.0004957313192,-0.002359891285,-0.003101922978,-0.0006971210596,-0.0004061199058,0.00114612159,-0.0008232931426,-0.0006842813316,0.001455063719,0.0001533036063,-0.0002168640948,0.001947441052,,,0.001317957882,,-0.001594239208,0.0003069086903,-0.00239087422,,,0.001410353088,-0.001242586238,-0.002378846542,0.001478147322,-0.00151385714,-0.0006777244233,-0.000111291967,,,,,-0.0005921145606,-6.169590481e-05,-0.0004103428246,,-0.001418099253,0.0005636921797,-0.0001084486332,0.002874889989,,0.003225393183,,-0.002366605622,,,,,,-0.0001018237104,-0.0002578657388,-0.002367126187,-0.001048637106,,0.002319227057,0.006240764027,0.00606903727,0.002965529042,-0.003597391334,-0.00225160108,-0.0004051235593,,-0.001906738592,,,0.001819429014,-0.000478517638,0.0002501146188,-1.390029968e-05,0.0001513086996,0.0003921180851,-4.008820254e-05,0.0009606663738,-0.0001431895582,,,,,,,,,,,-0.002418153577,0.0005128830483,0.002223693122,0.001241512568,0.0006408038825,0.0002998120697,-0.001653768116,0.00165101023,0.000485599332,0.003549485797,-0.0001467043879,-0.001013215565,,0.00322022362
1991-01-31,-0.005883393218,,,,,,0.002955807642,0.001521289599,0.0002732241903,0.0003402613446,-0.002670408808,0.001250329937,0.0005036743456,-0.0001927875518,-0.002331506045,0.00280951128,0.004503658054,0.0007024164919,-0.000259925183,0.0008172050741,-0.0002027034699,0.001581045903,,,-0.0007320894102,,0.001472344203,0.003450806422,0.0005012813887,,,-0.002787245634,0.003047485795,-0.00132900079,0.003322829041,-0.00197472118,-0.0005821472564,0.001688044266,,,,,0.002671423185,0.0005093571023,0.002562968067,,-0.003135478673,-9.781848656e-05,-0.0008296346708,0.0001239286242,,-0.001465421928,,-0.002907602104,,,,,,-0.001514835196,0.001175867151,0.004632569299,0.0007290399584,,0.01469840355,0.01289986155,-0.007804963825,0.01408640345,0.006174963356,0.005364355602,0.0005717012454,,-0.001155639039,,,0.002268212312,0.0006998995208,-0.003248369185,-0.001531045511,0.001165664554,0.002583573925,0.005559443018,0.002020073423,0.002040626074,,,,,,,,,,,-0.001349726687,0.00118021741,0.002111223467,0.002146924214,0.001776613464,-0.0007672581617,0.001313581846,0.0001218790513,0.003963031124,0.002118874529,-0.002213389578,-0.002432322376,,-0.0002226270409
1991-02-28,0.003361726461,,,,,,0.004060073964,-0.004832011087,-0.0008033309151,-0.008064270141,0.01051329693,-0.001484134412,-0.001019037268,0.009836059297,0.01712336841,-0.005867602202,-0.003268593026,-0.002091928328,-7.243040739e-06,-0.003525269746,-0.0007474360728,-0.0008239961108,,,0.002495538107,,-0.01058963018,-0.008288276303,-0.007436317703,,,0.008458047474,-0.003708407852,0.01464796782,0.006434281583,0.01546584976,0.01536494783,0.003171471696,,,,,0.006298899355,0.008853785977,-0.01027870862,,-0.009468958969,0.01799155739,0.01125547616,0.007706035649,,0.008819842294,,-0.008005196305,,,,,,0.01339151494,-0.004861783707,-0.002407958264,-0.004239817318,,-0.0139287156,-0.01392633557,0.01817045355,-0.006778988995,-0.008511956778,-0.01183097431,-0.002566928458,,0.01075084114,,,-0.01574606572,-0.004735907336,-0.004980862557,0.01055862952,-0.01403751589,0.002413332413,-0.004357807956,-0.01666183182,-0.01196736905,,,,,,,,,,,-0.01125173667,-0.01967926128,-0.01152374908,-0.01983174697,-0.002455403236,0.01090598933,-0.006129908273,0.004556803627,-0.0006287686231,0.0101528369,0.01435301595,0.01700709847,,0.01346340415
1991-03-31,0.000356424544,,,,,,0.0001890281916,-0.009878130478,-0.003556856467,-0.01034548772,0.00450206958,-0.01354516263,-0.005879087305,0.005336599264,-0.001159903911,-0.003211476149,-0.003538976806,-8.569500523e-05,0.006378965616,-0.00196186318,0.001792641532,-0.006076858057,,,0.001910222006,,-0.008724286226,-0.008280158066,-0.01329004634,,,0.00956307155,-0.0009033186414,0.00516853414,-0.002951404131,0.000283955294,0.002880824768,-0.008492321065,,,,,-0.007513826416,-0.002919479253,-0.01027903841,,-0.01130079587,0.01449109096,0.008475714021,0.006222012913,,0.009984317514,,-0.01019578118,,,,,,0.01308956647,-0.009272347107,-3.91626995e-05,-0.006918770617,,-0.004710973613,-0.004297914845,0.003809297719,-0.005450186308,-0.00537680446,-0.003334900094,-0.002390583915,,0.005867565979,,,-0.009863654867,-0.00473084755,0.0003380336139,0.006694571689,-0.01204347521,-0.004122480338,-0.002364764913,-0.008294192757,-0.00908623925,,,,,,,,,,,-0.005994462866,-0.01288304407,-0.01385482304,-0.01094055313,-0.006090572521,0.01170865586,0.003425496484,0.01097995409,0.004776114189,0.01200085278,0.009851479084,0.009451765907,,0.01207875299
1991-04-30,-0.003316193531,,,,,,-0.0009038601235,-0.0008129748921,-0.00183724359,-0.0009075660719,0.0006434749659,-0.001455773355,0.001108465954,0.002289977424,0.0007213933742,0.0004959158491,-0.0001982299177,0.002952623524,0.004096670118,0.002958787112,-0.0004348728303,0.001447256919,,,-0.001782341434,,-0.0007624187128,-0.001064090802,-0.001470927679,,,-0.00140036279,0.00248191963,0.0001639045753,0.0004827900752,0.001281933947,0.001610790784,0.00110363179,,,,,0.001957909122,0.002485213443,-0.001661510483,,-0.001627338495,0.003387978722,-0.0001534228732,0.0009477862031,,0.003058149259,,-0.002734339695,,,,,,-0.0008905362055,0.0008855676164,0.001818223569,0.0001615790213,,-0.0006212075613,-8.375496096e-05,-0.0006795082057,-0.0005570026385,0.001487511436,0.00446288149,-0.001451514071,,-0.0006502477795,,,-0.002111539413,-0.002342695401,-0.003454859379,-0.000144589117,-0.001116211813,0.002249279073,0.0009784271553,-7.729838241e-05,-0.002806174953,,,,,,,,,,,-0.001353820614,-0.002492709272,0.0009771900941,-0.001261918348,0.002916453659,0.001126180191,-0.0003116615736,0.003156691098,0.001420718029,0.003258017933,0.000247594532,-0.001549254517,,0.003242695439
1991-05-31,0.003534677543,,,,,,-0.001285606801,-0.002866335323,-0.002680741909,-0.001920531726,-0.0009728996791,0.002518557079,-0.0002111731949,-0.002791005864,-0.002181264176,0.00157356178,0.0006001703264,0.0006328980417,0.001384817572,-0.00144895988,-0.001029352816,-0.0005593680665,,,-0.0004466210902,,-0.001592232571,-0.001772686281,-0.001156267272,,,0.002945545997,0.0007096813111,-0.001995955105,-0.003982962279,-0.00331019387,-0.003481846896,-0.001229781508,,,,,-0.001957734644,-0.003467958023,-0.002012848765,,-0.00524352112,-0.0003649780118,-0.001873838306,-4.828553886e-06,,0.001312829158,,-0.004440012348,,,,,,-0.0001399991918,-0.001659725745,-0.001638058283,-0.0008550987318,,-0.001229567998,0.003528416516,0.005471239948,-0.001008590887,0.0001888229127,-0.000470829702,0.000475531559,,-0.0005734018898,,,0.001097073907,0.002239584065,0.00146180981,-0.001627008392,-0.000768261382,0.0005600816429,-0.001614203322,-0.003557993148,-0.0005961105169,,,,,,,,,,,-0.002931406804,-0.0021249777,-0.002602869346,-0.003109710667,-0.003869788406,-0.001959771214,0.001642273837,0.00177479055,0.0004224288112,0.0009639978945,-0.001331128515,-0.001640292321,,0.0005963359247
1991-06-30,0.0002419638514,,,,,,-0.001020031373,-0.0005229564398,0.004027361838,-0.0009289641692,0.004156024811,-0.0006468570291,-0.002678727908,0.003352181555,0.005004392785,0.002438888549,-0.001191801067,-0.0003828392955,0.001511701875,-0.001946247318,-0.0004722084038,-0.002636327686,,,-4.338521043e-05,,0.001203554596,0.001457255143,-0.0006929841646,,,-0.001878254327,-0.0009148833836,0.005887480081,0.001758868946,0.004950697663,0.004193167107,-0.00375573847,,,,,-0.001639169787,0.001897409677,0.001748806619,,0.003965947699,0.004323204844,0.004247220812,0.004342457448,,0.005138353772,,-0.002458783173,,,,,,0.007239008401,0.0005382996978,-0.0005235624001,0.001663255761,,-0.001563105373,-0.0009989774284,-0.00583309836,-0.003034120324,-0.006673394748,-0.006100029914,-0.001583644047,,0.00580700641,,,-0.003548950299,-0.005730884729,-0.00242036628,0.004099181507,-0.003868992701,-0.003051139585,0.001072047866,0.002495793207,-0.002356032453,,,,,,,,,,,-0.001420641265,-0.003361606085,0.003800128776,0.003833607127,-1.683319112e-05,0.003241577878,0.000413418554,0.00513345982,-0.0004162776159,0.0008598573549,0.005523822863,0.007370822898,,0.006012348853
1991-07-31,-0.002095070311,,,,,,0.0007059380623,0.0006277557468,-0.001695709692,0.0006381741506,0.0003653665049,-1.101338663e-05,-0.001425056455,0.002854155342,0.001762928856,0.0004049577581,0.0006807391189,-0.000527987593,-0.0007834949553,-0.0007213955276,-0.001504941706,7.934302612e-05,,,-0.0008531050974,,-0.001226102898,0.0006099079903,-0.001103007367,,,-0.001042645341,0.001963181821,0.001047109441,0.001433472706,0.002489972249,0.00322406663,0.00112527481,,,,,0.002332600878,0.002950887194,-0.001922810945,,0.0007409679823,0.004341402412,0.002688050418,0.001503533868,,0.005302857884,,-0.001834150966,,,,,,0.002090163726,-0.0002704328732,-0.003320261089,-0.0001746028612,,-0.001839988204,-0.0009207643108,-0.001588528128,-0.0005827304502,0.002671245144,-0.002596213286,-0.000158826766,,0.001629211828,,,-0.004374780871,-0.002398193022,-0.0008274805815,0.002857834311,-0.001500693719,-0.001808629498,-0.002537117494,4.370986716e-05,0.0006883831475,,,,,,,,,,,0.0004245988793,-0.001434449698,0.001566417823,0.001873307619,-0.0008048601176,0.003954797482,-2.990882472e-05,0.004081761536,0.0004388404806,0.001492347174,0.00338499883,0.00250810071,,0.003831309011
1991-08-31,-0.001407433437,,,,,,-0.0001280993301,0.0008515346046,0.001759672244,0.003243442174,0.0009323500843,0.002186537607,0.001198974957,0.003698087501,0.002067278134,-0.002437134034,0.002422319845,-0.002804164626,-0.002884189399,-0.003206630645,-0.0008089879119,-0.0002115448968,,,-5.07414183e-05,,0.001542348638,0.0003227221834,-0.0006104615205,,,-0.00264669235,0.002106041754,0.000279998246,0.002855970719,0.002516094088,0.004631640511,0.004540123918,,,,,0.005447121683,0.004757619078,-0.001805620763,,-0.000844771681,0.00662490076,0.0004939172497,-0.003390423522,,-0.002112290073,,0.001633331681,,,,,,0.001088177188,0.0005008274731,-0.003161089708,-0.0005459665499,,-0.0004267200529,-0.0003125786756,4.585165214e-05,-0.001581571491,-0.001279178058,-0.0008032803497,0.001374127885,,0.0008832644558,,,-0.001251300283,0.000421314232,-0.001367475435,0.0008778201532,-0.0006262857757,-0.001133698272,-0.003090682907,0.0001039763641,0.002575923974,,,,,,,,,,,0.001943566652,-0.0005511944831,0.0002873566392,0.001466138626,-0.0004141231715,0.0007801904653,-0.0004207580889,-0.001967882721,-0.001080868118,-0.0009444682247,0.002115793159,0.001576417918,,-0.0008738458423
1991-09-30,0.0004896857735,,,,,,-0.0004650177368,0.0003045492531,0.001842445038,0.001890733745,-0.004957215869,-0.001052753951,0.0001792892705,-0.002432625575,-0.004013518972,-0.001317432564,0.001100935379,-0.001682102943,-0.004000608815,-0.001823229148,-0.001928759511,0.0007911226759,,,0.001499737548,,0.0009654153995,0.001191060123,-0.0016675772,,,-0.001513078859,0.005779278155,-0.007040614899,0.0004535194596,-0.004612416177,-0.002703671466,0.006060896156,,,,,0.004508719063,0.000893918993,-0.0009770347875,,-0.003079413135,0.006988770124,-0.007873373402,-0.0008419878199,,0.001094465534,,-0.0003444452533,,,,,,-0.001512383092,0.001007752357,0.0004363081316,0.0009463358895,,0.00185118814,0.003493797318,0.004218425643,-0.002271214874,-0.001893205073,-0.002744647227,-0.0002188538329,,-0.001776820665,,,-0.003316475677,-9.113777971e-06,-0.004616170562,-0.008198575809,-0.001443586075,4.374113716e-05,-0.001784676127,-0.003854696219,-0.001882981353,,,,,,,,,,,0.002109453605,-0.00412453689,-0.00412891164,-0.003899014477,-0.005107886275,-0.005098142354,0.005630573527,0.00199313294,0.003859246296,0.001773176865,-0.002671733221,-0.001302232586,,-0.003095024223
1991-10-31,-0.001528670032,,,,,,-0.001078357732,0.0004941130975,0.0009086582711,-0.0006641843741,-0.0004346695147,0.001601890646,-0.00172299912,0.0001337669887,-0.0006125106011,0.001314318586,0.0008956806066,-0.0004316086004,0.0004813472743,-0.001473837887,0.00138259788,0.001319074944,,,-0.001105217515,,-0.002228199006,0.0002987525461,-0.001070234869,,,0.0001035993722,-0.0001852387462,-0.002874080233,-0.004367443413,0.0001183462641,-0.0003208223271,0.0009931158485,,,,,-0.001929128738,-0.001250184231,0.0009251407819,,0.0007832817847,0.005666679517,-0.0009926411002,0.001208430015,,0.003406882253,,-0.00192279476,,,,,,0.0003614062293,0.001738284883,0.00307381995,0.001947242693,,-0.005083464595,-0.002257298026,-0.001826276946,-0.003487213523,0.001120865497,-0.001140854174,0.0006858549922,,0.000209621524,,,-0.005036858977,-0.004270933827,-0.002231255346,-0.001678625324,0.0007753551155,0.001708635519,0.002649696063,0.0004446094365,0.000908946092,,,,,,,,,,,-0.001244375054,-0.00103644663,-0.001308151905,-0.001378136769,-0.003863468631,0.002302088162,0.003283689926,0.00336689552,0.003188627074,0.003249619357,0.002327547193,-0.0005224425346,,0.002376902114
1991-11-30,-0.0001746646304,,,,,,-0.0005915448195,0.0002207991379,0.0009593673104,-0.0001867038819,-0.001332330087,-0.001280346437,0.003085373378,-0.001143805338,-0.001208231508,-0.001525829508,-0.0004096817225,-0.0007735457431,-0.001665973703,-0.0003030061679,-0.002595364722,-4.59776603e-05,,,0.0007694994089,,0.002125615468,-5.988719571e-05,0.0003283470954,,,0.0007231488943,-0.001135034767,-0.002150208612,0.0008039878141,-0.001110622384,-0.0009409447394,-0.001929971604,,,,,0.0002121875186,-0.0004983358191,-0.0007366055467,,-0.00111900254,0.0003531807831,0.000715262106,-0.001547829575,,-0.0007080324951,,0.0004972726427,,,,,,-0.001369969933,0.00230638042,0.003852260343,0.001607483788,,-0.001095974363,0.00249737634,-0.001134199423,0.001691993097,-0.002463986301,0.0008082297558,-0.001366244072,,-0.001175293328,,,0.001621702237,0.002375166042,-0.000816207107,7.278568089e-05,0.0010081349,-0.001071904016,0.003295329,0.001645744454,-0.0007770892003,,,,,,,,,,,0.0005123516234,-0.001179723797,0.002341766984,6.153103227e-05,0.0001021406092,-0.0004964426848,4.421744855e-05,0.0003090029801,0.0008657121679,-7.886090158e-05,-0.001264039149,-0.0005311161517,,-0.002590625441
1991-12-31,-0.002030217933,,,,,,0.006142786053,0.0004522429888,0.003768973136,0.000663239454,-0.003554695233,-0.0009677235525,0.006158426918,0.002159262609,-0.0007677072544,-0.006017020935,-0.002729287395,-0.005901482134,-0.004677217939,-0.0068117406,0.002958876328,0.001542799163,,,-0.002188485057,,0.000719885404,-8.653271841e-05,-0.00132510743,,,-0.005446532897,0.003395299755,-0.005320346631,0.007918212664,-0.0009747410828,0.002652677062,0.006309972693,,,,,0.008011784742,0.006486391315,-0.006651315994,,0.0001006536055,0.009273059486,-0.002077790419,-0.009234018801,,-0.007787847189,,0.003837505773,,,,,,-0.0002415735347,0.003443505762,0.005409089767,0.004383633931,,0.0007746891543,0.00234200478,0.0009043287674,-0.003374024704,-0.001172901961,0.001509724141,-0.0009892331241,,-0.0001007038229,,,-0.002709383457,-0.00093949979,9.471064553e-05,-0.001335905679,0.004610954638,0.004254974847,0.005337610636,0.005243367797,0.004407039595,,,,,,,,,,,-0.001241582505,0.001663171105,0.003967639866,0.005332809313,-0.001752947108,-0.001813710615,-0.001480727999,-0.004950220111,-0.001230247376,-0.004100949873,-0.002017683977,-0.001617496603,,-0.004805491123
1992-01-31,-0.0005497466169,,,,,,-0.01145009058,0.005740465728,0.0006643948273,0.0008243375714,0.005585981447,-0.0003570125214,-0.000941043934,-0.000500313938,0.005332383297,0.006718059171,0.006389127219,0.00256897016,-0.000994344946,0.0001190503666,-0.003734218099,-0.0002605817293,,,-0.008069990811,,-0.01128198847,-0.007757956311,-0.009633783351,,,0.0142126244,0.001034908056,0.01015196455,-0.009965985214,0.006183957282,0.001723463436,-0.009090200294,,,,,-0.007483832001,-0.005027048374,0.01195663817,,-0.01090033612,0.003975077352,0.003265886184,0.006383454406,,0.01395083378,,-0.01113418173,,,,,,0.006478450522,-0.002945649052,0.002442143458,-0.005074573083,,-0.007257463465,-0.006072916018,-0.007880673816,0.006194386631,0.00608443762,-0.007544267967,-0.001647540303,,0.003199774135,,,-0.005275351453,-0.001020726013,-0.001322688442,0.002923826006,-0.005854138447,-0.001729286988,-0.001170984792,-0.008415874351,-0.004585907566,,,,,,,,,,,-0.01789554049,-0.003061982005,-0.01690561556,-0.01478961362,0.001846077732,0.004831365954,0.0009331520744,0.007453791987,0.005882210255,0.01195623678,0.009018096614,0.005437225498,,0.01337588889
1992-02-29,-0.001768549615,,,,,,0.002678056859,-0.003665129044,-0.001033726451,0.001296262886,0.002830593317,0.004167478329,-0.0005620424662,0.004683529377,0.003758593803,0.002976264615,-0.001538919456,-0.0001817709652,-0.0005844478057,-0.006043595742,1.026311011e-05,0.003413521047,,,0.001416216275,,-0.002852356964,-0.002542543527,0.001954547856,,,-0.003022725104,-0.002627037375,0.004272671862,0.002247601594,0.00423056064,0.004908763516,0.002133259248,,,,,-0.0006057577648,0.004312814125,-0.001134636075,,0.001900500501,0.005245249415,0.003696013512,-0.0005668902877,,-0.00126750529,,0.0014184337,,,,,,0.006142077952,0.00349282581,-8.955540423e-05,0.001870015054,,-0.008832745945,-0.008065438254,-0.007361344354,0.009836919334,-0.007803554399,-0.007450233294,-0.000155712202,,0.005461836512,,,-0.004003267751,-0.003900038465,-0.004197176197,0.003864643076,0.003516759205,0.004179831154,-0.002818421216,-0.0004210231686,0.0009150676412,,,,,,,,,,,0.002766106467,0.003055872318,-0.006972968087,-0.006853856715,-0.0001573907788,0.006175387945,-0.002947877526,-0.002131576409,-0.002605187393,-0.0005390761977,0.009151937008,0.004724540187,,0.005161088285
1992-03-31,0.0008126081552,,,,,,-0.004794130679,0.00405300101,0.0006413977274,0.001492047777,0.002013957989,0.0006677868517,0.0002358257025,-0.0009220569221,0.001489002085,0.002782801792,0.004853299994,0.0001681984294,-0.0002912420052,0.001620527848,-0.002962362141,-0.002909653289,,,-0.004062420683,,-0.002554579446,-0.0003635275168,-0.001088800954,,,0.00618961581,-0.0008693798932,0.003985163845,-0.004129944629,0.001670179826,-0.0006282857385,-0.004293945915,,,,,-0.005146088687,-0.003601018364,0.00535434996,,-0.001511331989,-0.0008889991596,0.0006231782171,0.006668302899,,0.00821649735,,-0.007424085341,,,,,,0.001990914116,-0.002206224972,-0.003439080093,-0.005372387414,,0.00893706775,0.008678984637,-0.002347031145,0.002546351725,-0.0009221086916,0.00264545663,-0.0005862138905,,0.001026791028,,,-0.002294769615,0.001322009385,0.0005846064191,0.0006810138063,-0.004565382656,0.002304905087,-0.003707574823,-0.005738954798,-0.006757462922,,,,,,,,,,,-0.00473442451,-0.002445835868,-0.002943293325,-0.004171404593,0.0005877899426,0.002195997613,0.001180191119,0.006441637651,0.001975855614,0.005017472468,0.001650547218,0.001306968748,,0.007395064806
1992-04-30,0.00317431128,,,,,,0.0007105728719,0.001499165513,-0.0009210208096,-0.00146623034,0.0001635543851,0.001443202636,-0.001147551384,-0.001019768603,0.0007066461426,-0.003325236598,-0.002409441292,-0.0009531848975,0.001901040829,0.0003494416457,-0.001161495554,0.001476820187,,,0.0006739365879,,-0.003775236002,-0.002855181412,-0.002980436227,,,0.0006432886604,-0.0002519145545,-0.001188434956,0.001283114744,-0.0001549241722,0.0001316634728,0.001502908192,,,,,0.001942862257,-0.0002508158222,0.001666358934,,-0.001832572039,0.002794585228,-0.0012574277,0.000816575525,,0.001931444868,,-0.003900382992,,,,,,-0.0003097922549,0.001072777434,-0.001074094474,-0.001527793911,,-0.01144554329,-0.009633742525,-0.009186045487,0.01079245458,0.01066384868,0.01162762549,-0.001701149105,,-0.0004173544184,,,-0.0004451292264,-0.001093190276,-0.000883934556,-0.001100330986,-0.001640097685,0.0006396562789,-0.002238770117,-0.001215183954,-0.001858031586,,,,,,,,,,,-0.001463271569,-0.003223917698,-0.001606049875,-0.003365486883,-0.002254709577,-0.001024302582,0.001897129676,0.002875150034,0.001504921909,0.001876886507,-6.76760704e-05,0.001109458644,,0.0001364446343
1992-05-31,-0.002147107112,,,,,,0.006634421015,-0.0004310390114,-0.001969977899,0.006627829767,-0.003112236017,-0.0006842620608,0.002852744736,0.00287037417,-0.001495579946,-0.003339934332,-0.002387307175,-0.002923119884,0.0009169100569,-0.001602772717,-0.000269368647,0.002710931768,,,0.002353561593,,0.003747009711,0.003455024437,-0.0007180808901,,,-0.002421280757,0.001088040385,-0.002234379189,0.006142840163,5.497768009e-05,0.002668622775,0.004015803022,,,,,0.006034958752,0.004283395959,-0.001667326852,,-0.001010642735,0.002536378944,0.003797824971,-0.002945405863,,-0.002620627068,,0.001582720463,,,,,,0.0007202963915,0.003817096394,-0.002809563907,-5.417366448e-05,,5.998523046e-06,-0.003619338402,0.002807156412,-0.0008573211903,-0.0008512779529,0.001475985357,-0.0006824870302,,0.001288589168,,,0.004264862443,0.002999994015,0.001058519382,0.004355116806,0.003181714516,0.003945648779,-0.001182946267,0.001970568403,0.004214199829,,,,,,,,,,,-0.003078693426,0.002009590915,0.001864752404,0.001864755743,8.01982769e-05,0.003158346707,-0.002907497399,-0.001636878385,-0.003462784893,-0.00112206684,-3.438115011e-05,0.0005242591616,,0.00156897167
1992-06-30,-0.001100598538,,,,,,0.00387983369,-0.002271438117,0.0001516153994,-0.0009554421266,-0.003060859311,-0.001513337883,-0.0002903246665,-0.0006862775275,-0.002808432385,-0.003985392816,-0.005964223233,-0.002616812028,0.0005439266682,-0.001046994041,0.0007689754344,0.002997883623,,,0.003438664505,,0.001053507929,0.0006524910089,-0.0008719322361,,,-0.00536592618,0.001027420735,-0.003451783529,0.003856021093,-0.002789009619,-0.0007978361273,0.003891950559,,,,,0.005177122087,0.00216867695,-0.004807237332,,-0.0005728243474,0.001163214003,-0.004713497021,-0.004174422792,,-0.00173213072,,-0.000411017655,,,,,,-0.001120293661,0.002288919608,-0.004701512196,-0.0009408028081,,0.002291387306,-0.007143627426,0.002419026278,-0.006701866755,-0.003873139523,-0.004511479801,0.000899451549,,-0.0003305518522,,,0.004584347839,0.0007371971066,-0.0009272981211,-0.004671486918,0.002069146706,0.004251243082,-0.004547950722,-0.002409357495,0.001783084731,,,,,,,,,,,0.003042180279,-0.0007897576683,0.0006602031624,-0.001514303248,-0.0009891019879,-0.004749693911,0.003342671622,-0.0002510402452,0.002119053918,-0.001213459724,-0.002626465296,-0.001502004408,,-0.004720269941
1992-07-31,-0.007600412029,,,,,,0.00809834458,-0.001055689458,0.0001229169036,0.003643074884,-0.006628625941,-0.003452378465,4.83011512e-05,-0.0005228063959,-0.005032291695,-0.005772457712,-0.004946599518,-0.001853751733,0.002976550219,-0.0005143786637,0.0007181252884,0.005250147602,,,0.001478079534,,0.006227198152,0.003031054245,-0.0003518832881,,,-0.004583539547,0.002515545891,-0.00688412524,0.005828172914,-0.004958553569,-0.0001008601688,0.009595890989,,,,,0.009791502937,0.004539296391,-0.004810134616,,-0.002616740733,0.001449815048,-0.0007727839755,-0.002750436398,,-0.002093736703,,-0.003968451378,,,,,,-0.004536244751,0.006801945987,0.004086378963,-0.006785087761,,-0.002644003028,0.0004281432276,0.001563652017,-0.001830906101,-0.001437672081,-0.00230513857,0.001481159911,,-0.002682189618,,,0.001930347303,0.005702337943,-0.003104835305,-0.001145581555,0.005098916925,0.007141594916,0.002990341868,-0.006648205365,-9.778580972e-05,,,,,,,,,,,0.002624501084,-0.003525773653,-0.002798229851,-0.003947548559,0.001919364387,-0.00105075594,0.002512654303,-0.0007738495029,0.004215449301,0.001352914355,-0.003185756719,-0.002893477052,,-0.002616187767
1992-08-31,-0.00163294169,,,,,,-0.005711542382,0.002901818883,0.002437686474,0.006997955215,0.004300075524,0.002407348529,-0.00141443785,0.001059842224,0.004602200658,-0.001601040983,-0.0005852470135,-0.003429303698,-0.001565064187,-0.0005608552985,0.0004150249341,0.001074466991,,,-0.001809246424,,0.003728171489,0.0005833233174,0.00410538114,,,0.002593225211,0.002380004543,0.004830813843,-0.005478316221,0.003206666996,0.00234262771,-0.005250096956,,,,,-0.009145879604,0.001887283481,0.001385688414,,-0.0009207947414,0.007926304729,0.002904979068,0.0008564169406,,0.003803432574,,-0.006078312119,,,,,,0.003352739498,0.001490399692,-0.002050520581,0.0009891394657,,0.007337923828,-0.01043387308,-0.01253678893,-0.00940479102,-0.01085061537,-0.0100501596,-0.004534084655,,0.001837791121,,,0.003515801794,-0.0003122690604,-0.002841073205,0.001616442535,0.001082686052,-0.001523308194,-0.001124466023,0.002905680663,0.002013916247,,,,,,,,,,,-0.001581399275,-0.001873079093,-0.002221498896,0.0001642239633,0.004536226131,0.003140383809,-0.0009391599035,-6.786509035e-05,0.003777640923,0.004084843464,0.0009331755385,0.003751161883,,0.006074028711
1992-09-30,-0.001569918612,,,,,,0.002447079296,-0.004625073294,-0.006358948247,0.004574749843,-0.002115414779,-0.0009601810589,0.001308302175,-0.0006742505566,-0.00398426648,-0.001059313871,-0.004825508337,-0.0004367342681,0.001396681511,0.00118981291,0.005779440496,0.003227036971,,,0.008441920616,,0.002923611964,0.005784433128,-0.00132308852,,,-0.002619980477,0.002709516893,-0.003919306845,0.004106932463,-0.002673078192,-0.0005540322836,0.003437463668,,,,,0.004262250937,0.002806216726,-0.001269721054,,-3.657358531e-05,0.002838808602,-0.002186757501,-0.00356257452,,-0.001257828232,,-0.003115271657,,,,,,-0.002148544579,0.003175348265,0.004140614049,0.002414985255,,-0.004578538919,-0.0004619516059,0.0006736726182,-0.002664681886,0.001540957846,0.001014698775,-0.003491278284,,-0.005709070261,,,0.00163360287,0.003424639594,0.0008612421479,-0.001890946195,0.003173404242,0.001074389176,0.005906165411,0.004278450121,0.00189515899,,,,,,,,,,,0.001518970897,3.607542583e-05,0.001691906771,-9.197265106e-05,-0.001387199267,-0.002376288326,0.004131254553,0.002802531417,0.001797858024,-0.001901383773,-0.003441149805,-0.002105816583,,-0.005319892755
1992-10-31,0.008924121303,,,,,,-0.002533173074,0.01114769163,0.0005356632685,0.01100918834,-0.0005801015178,0.009448416699,0.004831849771,-0.007865116973,-0.001280854216,-0.0003169811134,-5.668533565e-05,0.0009871535685,0.004438720967,-0.00224879706,-0.008624456915,-0.001017729244,,,-0.009131486222,,-0.007499534772,-0.006481623225,-0.004270423302,,,0.01269268166,-0.007208257661,0.003145269337,-0.005993551573,-0.002686766957,-0.007033984888,-0.006200728059,,,,,-0.006586614412,-0.008919141698,0.01273636679,,-0.01363815698,0.01093326849,-0.006714902776,0.008507767269,,0.01308507628,,-0.0156265598,,,,,,0.004302648171,-0.007715961239,-0.009021448672,-0.009055605343,,-0.007059987185,-0.004679385393,0.007840866922,-0.006682664209,-0.003807850442,-0.007786575974,-0.00216184165,,0.001888509,,,-0.009057692058,-0.004899524493,0.003459090017,-0.006893042636,-0.01060701211,-0.008888618454,-0.009675312353,-0.009893761741,-0.01321544175,,,,,,,,,,,-0.007640197682,-0.01537917229,-0.006746538578,-0.0132321686,-0.008043270283,-0.005668271407,0.005059459989,0.009069814038,0.00344351375,0.006859595766,0.003690328037,0.002700845625,,0.005904217259
1992-11-30,-0.003571907921,,,,,,-0.005139591949,0.005643039733,0.002654997444,0.003030845482,0.002717033224,0.003753560652,-0.00195296056,0.002454086653,0.003746805049,0.0002811950382,0.0008563195697,-0.002826085098,-0.0004339817493,-0.001005178284,-0.003577401293,-0.001102971887,,,-0.003900396442,,-0.002939720988,-0.004299826319,-0.001229550281,,,0.005997092296,0.00286046664,0.005137990764,-0.00451690342,0.005603252803,0.004809259296,-0.003500111222,,,,,-0.001764440664,-0.0007361890294,0.005136113583,,-0.003149210038,0.001989664153,0.01233972312,0.002748839339,,-0.0002570957484,,0.000499537663,,,,,,0.005599206347,0.0005768207634,-0.001906425011,-0.003398099132,,0.004754873928,0.000882118257,-0.0002328638945,0.0019875924,-0.002966823637,-0.002180778334,0.0005256572823,,0.003946458961,,,-0.002246991375,-0.001827576383,-0.004439059692,0.01268197502,-0.005114088102,0.003283908771,-0.005836845555,-0.006456999411,-0.006355129749,,,,,,,,,,,-0.001999437319,-0.005841462013,-0.008199168338,-0.00746905605,0.001560782957,0.011276425,-0.004529386166,0.0002603329897,-0.001634064135,0.005393623547,0.005626615295,0.003807305065,,0.008220262189
1992-12-31,-0.002269294782,,,,,,0.003707241803,0.004332675985,-0.002268254681,0.0009710008891,-0.003598270019,-0.0001811173476,-0.002664442743,0.002181936735,-0.001180247787,-0.003740432235,-0.002091985831,-0.0003627012423,0.001313325423,0.00105650941,0.001338573658,0.001927300938,,,0.00114424962,,-0.003594102415,-0.001726260498,-0.004744743864,,,-9.436282545e-05,0.001238783118,-0.003207485724,0.005127165999,-0.0006170959665,0.001507007453,0.0037805174,,,,,0.004927418683,0.006080426228,0.0005674370319,,-0.002064941953,0.003507961312,0.001008486932,-0.002365363252,,-0.0001807913904,,-0.002309743294,,,,,,0.0002512943366,0.0003851452796,-0.005334189749,-0.0003529585046,,-0.001971278258,0.003081807261,0.001855530519,-0.002936285039,-0.003899429707,-0.002858792029,-0.002528979882,,-0.0002179289335,,,0.001803855306,0.001760991348,0.003872694799,0.001113590677,-0.000412405079,-0.001437810208,-0.004011726078,-7.863419869e-05,-0.0009148386998,,,,,,,,,,,-0.001695289309,0.0002767693626,-0.0002402372698,6.008256565e-05,0.0009663440676,0.0008857949356,5.505296013e-05,0.0008003046648,0.002084196363,0.001805850502,-0.001231566944,-0.0005302261652,,0.001778905859
1993-01-31,-0.006143497943,,,,,,0.004788754667,0.0002153657231,-0.003091594225,-0.002059350668,-0.002695922316,-0.001930273718,-0.00329717194,0.001569726652,-0.00293217239,-0.002955236439,-0.001661471957,0.002862890278,-0.001841792742,0.00510385444,0.003551366018,-0.0005335129659,,,-0.001665513047,,-0.000421934005,-0.0006353632874,-0.001336570982,,,-0.005077670327,0.001918013904,-0.004300299125,0.006765646247,-0.001600285164,0.0001021951622,0.006402978819,,,,,0.006017620826,0.005287080614,-0.003724837812,,0.001489773669,0.003444813063,-0.001993595523,-0.002176499862,,-0.0009113320699,,-0.002508060383,,,,,,-0.002015717011,-0.002220573638,-0.007078052858,-0.001401210265,,-0.002796931977,-0.004381322247,-0.002270200948,-0.001478015574,-0.002830821906,-0.004755910214,0.0003648895702,,-0.0005290510707,,,0.002586199658,0.002805351211,0.002210743297,-0.002023385099,-0.002676873124,-0.005524845261,-0.006954085664,-0.0005669844851,0.001939179533,,,,,,,,,,,0.003954557938,0.0003420312308,0.001067510761,0.002883296964,0.001795349605,-0.001876264213,0.002335534963,0.0005337665897,0.002769046764,2.810931694e-05,-0.0005045416361,-0.0005515910918,,-0.001599784671
1993-02-28,-0.006632019207,,,,,,0.005857279834,-0.001338371648,-1.620790959e-05,-0.004460877068,-0.004171373318,0.0004462685009,-0.005728257446,0.004090359592,-0.003252989994,-0.002221265994,0.0005454772116,0.002980991708,0.001511161649,0.004079612449,0.002081937161,-0.001929238987,,,-0.003124083914,,-0.002930916175,-0.003528320264,-0.005110863468,,,-0.003186238287,0.003459553986,-0.001160865315,0.004534669934,0.001452569152,0.004024037526,0.00641934476,,,,,0.006894042756,0.006482673702,-0.004752473348,,0.002035142307,0.001493502933,0.002673929409,-0.005143505707,,-0.005407515044,,0.0007760528074,,,,,,-0.0003663580044,0.002319295125,0.002572322746,-0.002059910971,,0.004900523773,0.002838128396,0.0008779795706,0.002729530703,-0.001622994779,0.003623266617,-0.0005210921829,,-0.0005336682988,,,-0.001834558186,0.0003824059439,-0.001232978137,0.002356267433,0.00288515451,0.00119715927,0.003693842221,-0.001089507086,0.004055308468,,,,,,,,,,,0.004964737184,0.00209513953,0.003616783645,0.002055423519,0.002980362852,0.002356634171,-0.0001495337202,-0.002378975714,0.0006408468529,-0.001638259609,-0.001319345785,0.0003743393204,,-0.001322598019
1993-03-31,0.002124709242,,,,,,-0.002464797642,0.003092615795,0.00310776569,-0.001407587372,0.003154433475,-0.005953057561,-0.003247217368,0.001317946534,0.001930765762,-0.003497966744,-0.004170120447,0.004967831826,0.002372444187,0.003221905048,0.003137527577,0.004868123475,,,-0.003715440687,,-0.001732059957,0.001825579624,-0.003246962951,,,0.002708682135,0.001900853629,0.0005777465704,-0.002661178826,3.071958398e-05,9.800474755e-05,0.0003143769409,,,,,-0.00207933663,-0.001113647732,0.004335118964,,-0.00339095754,0.00317449931,-0.003157639968,0.000642842194,,0.003728294974,,-0.005907227046,,,,,,-0.003697761852,-0.004081492578,-6.705702104e-05,0.001982794157,,0.002412002099,-0.001093805259,0.0001934494471,0.002645304161,-0.003419809842,0.0002790942763,0.002764887537,,-0.00351874805,,,-0.002181484517,-0.001903465653,-0.003643201776,-0.003283111526,-0.003696022691,0.000446045219,-0.002674673518,-0.004319565967,-0.003438507643,,,,,,,,,,,-0.0006937249787,-0.004954342607,-0.00482179839,-0.004403480868,-0.001306291596,-0.003006463749,0.004074925821,0.004204276516,0.004512602366,0.003836739529,0.0003720631737,-0.003574503114,,0.0006084522301
1993-04-30,-0.0003154674539,,,,,,0.001318438115,1.922556409e-05,-0.002616945728,0.001464438856,-0.002670815159,0.0007181689597,0.002877658764,-0.0002523488169,-0.001671456596,-0.0003205142019,-0.0006021644287,0.001616850236,-0.0002696138158,0.001430800721,-0.0009331660847,-0.0006532603222,,,-0.0009850180492,,-0.001270055574,0.0008706429414,-0.001063676788,,,0.001481397969,-0.001788558296,0.0004425017767,9.959251271e-05,-0.00240660167,-0.001281542686,-0.001315758847,,,,,0.001806569729,-0.0007747501075,0.001472050287,,0.0006382019907,0.0006797685614,-0.001492482864,-0.0008295846925,,0.0009432940777,,-0.002122457312,,,,,,-0.0006422709121,-0.0001221135625,-0.001043222988,-0.001779971041,,-0.0004777326565,-0.000843454902,0.0008129830147,-0.0002701173729,0.0001814006455,0.0009644251201,-0.0005305504769,,-0.001753041581,,,-0.001045568434,4.721696031e-05,0.0009915403046,-0.001501727551,-0.0005415295655,0.0010784879,0.0007236699903,-0.0005059128017,0.000704085052,,,,,,,,,,,-0.001002028755,-0.001454593111,-0.00211290296,-0.002015103783,0.0001448208085,-0.00248600574,0.002013824771,0.002415640471,0.003197709613,0.002192209285,-0.001018444494,-0.0002229402873,,-0.00208263599
1993-05-31,0.0008656335554,,,,,,-2.404229661e-05,-0.0007777633351,0.0003814584822,0.001799451537,0.002116889216,0.001439600459,0.00195307244,0.0004910999351,0.003691637423,0.002205702582,0.0007767614463,-0.0002199745845,-0.001709141853,-0.0009442110401,-0.001319983303,0.001082003392,,,0.0007591674037,,0.002510865687,0.002447973082,0.001926711461,,,0.002526003126,-0.00105405601,0.001903531976,-0.0005499748497,0.002506401321,0.001974078114,0.0004799567836,,,,,-0.001195814862,-8.41460958e-05,0.00140541376,,-0.0001785307579,0.0009313242078,0.002438498295,-8.39704121e-05,,0.002676681149,,-0.002662695877,,,,,,0.001822280974,-4.004063617e-05,-0.001645737347,-0.0009465799891,,0.0003444710009,0.001713908876,-0.001206805932,-0.001299798129,-0.0004276541968,0.0006556203651,-0.0002512697924,,0.001076112378,,,-0.00144574998,-0.0004763466839,-0.001596455304,0.002487182883,-0.002423657494,-0.002098305369,-0.002178154672,-0.00122913021,-0.002979276072,,,,,,,,,,,-0.001447914026,-0.00380051452,-0.001766135281,-0.0005579174653,-0.0006343986206,0.002447286631,-0.0006824832118,0.0009298651672,0.0004071909215,0.002359111131,0.002390817323,0.002078981443,,0.003388544916
1993-06-30,-0.007633226973,,,,,,0.006767878683,-0.001513611392,-0.0007180273583,-0.005957003139,-0.004811103199,-0.001796276605,-0.005468177388,0.0011283836,-0.005251976122,0.0007295269932,0.000497801913,0.001732406995,0.003114233998,0.004777116045,0.002051798294,-0.000195259922,,,-0.001015703714,,-0.004360899015,-0.002982405361,-0.004575081296,,,-0.003994335437,0.0005458096207,-0.0029711165,0.006585500123,-0.002087716052,0.001101901214,0.003834533265,,,,,0.007435926076,0.004685519046,-0.002624848941,,0.001494337602,0.0009722071767,-0.000347800713,-0.00595663469,,-0.00666190189,,0.004139191021,,,,,,-0.003844084018,0.006983945919,-0.001317893508,0.008327222814,,0.002155330363,0.001210263612,0.0001808450413,0.0009374612899,0.001238305142,0.0002127723619,-0.0003506240689,,-0.003289370315,,,0.005635277832,-0.001394807995,-0.001488515888,-0.0001859471587,0.006778034141,0.00239195245,-0.001206466442,0.007018694567,0.006366798959,,,,,,,,,,,-0.002728151909,0.003623816687,0.004165168099,0.003321567542,0.003695621296,-0.0009645857394,0.002181878263,-0.002373173292,0.002332980349,-0.0009174054348,-0.003339017611,-0.00334507604,,-0.006102132537
1993-07-31,3.818388682e-05,,,,,,0.001384968127,0.001397846871,0.001411594301,0.001545257122,-0.000995204214,0.003269064357,0.001159932276,0.0009596499568,0.001248543042,0.001144901137,0.002523994662,0.00151191166,0.001014681532,0.0016187189,-0.002647350446,0.001369581427,,,0.0007769356296,,0.00147706332,0.0005316013615,0.0005927703483,,,0.001449669401,-0.001278007525,0.001202975525,-6.270520697e-05,0.001480891455,0.00101306459,0.0005981507667,,,,,-0.0004343216257,-0.0001006471392,0.00149583736,,9.756529591e-05,0.0003577874549,0.003929217722,-0.001554689499,,0.0004675017904,,-0.002203315391,,,,,,0.001457485423,0.00114091754,0.0007381003951,-0.0006881790507,,0.004391582333,0.004320956305,0.004141586485,0.00425213919,0.002912412463,0.003003731053,0.002196834834,,0.001981796126,,,-0.001925204213,-0.001195198268,9.850452881e-06,0.004026902106,6.359439305e-06,0.0001660339022,-0.0003079023,0.0001694292642,0.0008704970494,,,,,,,,,,,-0.001379013657,-0.0024205583,7.236157711e-05,-0.0008177617374,0.0004214067586,0.003866649392,-0.002351174885,-0.001835049324,-0.001250196784,0.0004289713096,0.0008195146348,0.002491104676,,0.005124551536
1993-08-31,-0.007894292584,,,,,,0.003450933342,-0.003182009942,0.003664183147,-0.003943770233,-0.004106500133,0.003298917149,-0.004326044839,0.001161403182,-0.003198177761,0.00201566269,0.001659927296,-0.001422670719,0.001914168977,-0.0002493296495,-0.002849717991,-0.001343222989,,,-0.002720424927,,-0.003454581125,-0.001604269931,0.0004455471257,,,-0.002390982794,0.001602043621,0.002482227438,0.002915746353,0.003025496913,0.004198075387,0.003213057265,,,,,0.006125633254,0.004315121388,-0.002721868841,,-0.003695400745,-0.001444096352,0.004658175592,-0.008829180634,,-0.006188701894,,-0.0002116759879,,,,,,-0.004596357455,0.005765987368,0.005231937955,0.003977290256,,-0.002471815354,-0.003857461378,-0.007391377915,-0.002319841081,-0.002875387893,-0.002577946188,0.0005519587791,,-0.00244919921,,,0.00335994573,-0.003532923324,-0.00277814106,0.004738606212,0.006402663399,-0.001474997359,0.007558338843,0.006483227552,0.008609919187,,,,,,,,,,,0.002012719522,0.003816007423,0.00659312734,0.006445293763,0.004459810841,0.00464789166,-0.001059327687,-0.003451689327,-0.001196474069,-0.002122769254,-0.002559452497,-0.003150538451,,-0.0008192711767
1993-09-30,-0.0001030402093,,,,,,0.002877315542,-0.002176926187,-6.768834534e-06,-0.002087611244,0.002568497104,-0.002042800546,-0.00399359744,-0.005129486162,-0.002134110339,-0.0004418608877,-0.002328768354,0.001663014507,-0.002064646873,0.002276165324,0.001752511556,-9.966712768e-05,,,-0.0007021494998,,-0.0009906416323,0.0008281921666,-0.001898423957,,,-0.001110938635,-0.004012331386,-0.003665197655,0.0007329761628,-0.002954582612,-0.00408206513,0.0001806109104,,,,,0.0003262613618,-0.001864397808,-0.002461575641,,0.001440339439,0.00101605894,-0.006297811668,0.003109627005,,0.001564168382,,0.001796197483,,,,,,-0.002419819496,0.003583210999,0.005190599585,0.003590862843,,-0.003354489192,-0.00407283887,-0.002570845558,-0.002881673728,0.0001988067407,-0.005502823172,-0.004106698837,,-0.00468927941,,,-0.0009195077219,-0.001501345122,-0.002068335918,-0.006403599273,-0.002807329374,-0.001787912727,-0.001368817497,-0.0002929302305,-0.001586525151,,,,,,,,,,,-0.001891951931,-0.005062726222,-0.00670344952,-0.006193324548,-0.001082542909,-0.005140629073,0.00713963901,0.00456963249,0.00624227558,0.003546220198,-0.002579141174,-0.001669257113,,-0.003026792364
1993-10-31,-0.001835413475,,,,,,-0.001033453147,0.0001793571272,-0.001261502443,-0.0008418279852,-0.001870199565,0.002370576658,0.0007403742248,0.002429483461,0.0007704509436,-0.001514289675,0.0006493199336,-0.002528691335,0.001498473317,-0.001748344553,-0.001525176732,-0.001488764068,,,-0.001306312253,,1.706829006e-05,-6.737334554e-05,-0.0003179957786,,,0.002241249715,8.33440995e-05,0.001617755996,-0.000456092398,0.002532979084,0.002734778284,-0.0001083491962,,,,,0.002024597536,0.002481433714,0.001980314243,,0.0016219586,0.004742776385,0.0007499381301,0.001309240579,,0.0041063761,,-0.0009930951281,,,,,,-0.0001681326074,0.001366062919,0.0001984118499,0.0009619616394,,0.003493313803,0.004225166184,0.003893202623,0.00357218594,-0.002364970878,-0.003591385714,0.0004166802512,,-6.94678054e-05,,,0.0007888081155,0.001057593419,0.001055824751,-0.0007172490477,0.001695783771,0.003361433923,-0.0006735353274,0.0006619280316,0.00214270388,,,,,,,,,,,-0.003763767207,0.00168356968,0.001951623247,0.001482787141,-0.0004119589621,-0.0001535687112,-0.001197096423,-0.0009591285302,0.000298593822,0.001631432345,0.0004432094105,-9.480740928e-05,,0.004837867114
1993-11-30,0.001975975348,,,,,,-0.005862470341,0.000642213026,-0.0006543116959,0.003300443968,0.007660395693,0.000242667484,0.003764507751,-0.0005121169258,0.006910035152,0.0009295369874,0.000280764866,-0.001052969196,-0.002851187225,-0.003594274067,-0.002856451021,0.00333006723,,,0.0009563417413,,0.001662655607,-0.0008800058297,-0.0001314158375,,,0.005680878283,-0.002973813813,0.002041476865,-0.005723807984,0.002694926308,-0.000248635363,-0.003183636402,,,,,-0.005531017884,-0.005013047988,0.003917797235,,0.003128449433,0.006390917534,-8.888714119e-05,0.007618830136,,0.01072584596,,-0.001450659521,,,,,,0.004156079399,-0.008204894905,-0.008109601916,-0.009478087145,,-8.088183861e-05,0.0006124631495,-0.001022824373,-0.0007202719191,-0.002450335539,-0.001340622692,0.0001961030908,,0.002946895707,,,-0.005058255914,-0.003931202622,-3.167473446e-06,-0.001029496972,-0.01055502459,-0.007461035684,-0.008802234923,-0.008185589649,-0.00926542991,,,,,,,,,,,-0.001992723113,-0.008318466542,-0.004433816066,-0.0063169219,-0.001932100939,0.0004205467768,0.002082596479,0.004799810782,0.002207082021,0.004361461199,0.006218117458,0.004919694431,,0.006916434755
1993-12-31,0.001364652304,,,,,,0.001005367805,-0.0005444709245,0.000402366109,0.001153632672,-0.0003193956796,0.0007146142223,3.274203116e-05,0.0003284086853,0.0001740705308,0.0004460188395,0.001109668031,0.0006179717344,-4.299151956e-05,0.0002923302655,0.001015047615,0.0006845549598,,,0.0006545605834,,0.001469486684,0.0008772124609,0.0006697919622,,,0.001054385082,-0.0003670787486,-0.001876676501,0.001660320227,-0.001417794925,-0.001109720373,0.0006877237038,,,,,0.001195144392,0.0008083992392,0.001924650114,,0.0009885553524,0.0007857734844,-0.002555487601,0.002881698966,,0.003319720939,,-0.0004759006296,,,,,,-0.0009655898455,0.0002356446254,-0.001565948811,-0.001576800156,,-0.001483885401,-0.001619424364,-0.0009735355146,-0.002662607143,-0.002039350808,-0.002284744855,-0.0005496773148,,-0.0008881256642,,,-0.0005279062847,0.0001940738128,0.0005448307077,-0.002508472149,-0.001405957708,0.0005456876357,-0.001866956822,-0.002169226593,-0.001170821244,,,,,,,,,,,0.0006472472077,-0.001397801082,-0.0003336148089,-0.001433283311,-6.366839175e-05,-0.002657747522,0.002717485176,0.002401415017,0.002187354453,0.001638053722,-0.0009537710549,-0.001191532956,,-0.0006989899126
1994-01-31,-0.005164053353,,,,,,0.004435753865,-0.0006375593007,-0.0003636085099,-0.001198486864,-0.003906131118,-0.0005811310631,-0.002440309166,0.002911437069,-0.0001191723471,-0.005325151327,-0.002448987826,-0.005901848319,0.0004487973561,-0.004724962286,-0.0001002761094,-0.003931536518,,,-0.002966573416,,0.0009202818514,0.002478774223,0.003390947081,,,0.0009571776229,0.003418082375,0.0030732121,0.003962504998,0.00381976699,0.005797737072,0.002248073719,,,,,0.00523503248,0.006029464031,-8.835470354e-05,,0.001419481719,0.002199491243,0.007275047965,-0.007490043883,,-0.001675753187,,-0.006707454891,,,,,,0.002771773899,0.00210586683,-0.004552139748,-0.001977979266,,0.005087781346,0.004205236987,0.001486021612,0.006851918882,0.006460278502,0.006611556805,-0.001877025113,,0.002864863196,,,0.001629865997,0.002428072168,0.0001472542474,0.007265218644,0.003037194923,0.002539253912,-0.00455023597,-8.238404136e-05,0.001595955983,,,,,,,,,,,-0.00568827518,0.000529023377,0.002223731139,0.001383738519,0.002471398161,0.006456508163,-0.003639106109,-0.0007055434941,-0.00306778527,0.0004293649769,0.00154219976,0.002856942761,,0.003564536726
1994-02-28,0.006972080231,,,,,,-0.005397418319,0.000568544686,-0.002466202135,0.004942254739,0.00427615288,0.001127916446,0.004760254465,-0.0004439498343,0.004626571614,0.002101736346,0.0007381462683,-0.0002263852023,-0.0003140925435,-0.0005739680197,-0.002665374569,0.004689328781,,,0.003619898289,,0.001192995803,-0.0003314916131,-0.001761928779,,,0.007280220914,-0.004243977465,0.0001763097148,-0.005615429824,-0.0006967966025,-0.002724290101,-0.002574488579,,,,,-0.005881695861,-0.005760032824,0.003316826542,,0.003749710008,0.001280425764,0.0008969436057,0.003831902148,,0.006901886909,,-0.003130431829,,,,,,0.003300332266,-0.003594696628,0.005559039675,0.0004476022315,,0.003289363118,0.002808155507,0.000201095009,0.001756164481,0.0002705277183,0.002836300774,0.0001304357606,,0.003187475337,,,-0.007721975131,-0.00456915804,-5.048824014e-05,0.0006640644001,-0.007550649401,-0.00677325989,0.004207104049,-0.001806997619,-0.004623296665,,,,,,,,,,,-0.005652438244,-0.007038300974,-0.004732831753,-0.006253596865,-0.0026844568,0.001136776238,0.0003902388886,0.003375455036,0.001290157165,0.003417202447,0.003125450167,0.002710000401,,0.005249043949
1994-03-31,0.01089854498,,,,,,-0.008204470285,0.004307145657,-0.004614026403,0.004651953614,0.005244355679,-0.002018369848,0.007387634633,-0.003608709382,0.008795906456,0.005930787586,0.004852052442,-0.001178593935,0.001086533267,-0.002051594399,-0.003682744857,0.006977615535,,,0.005602936448,,-0.001785614986,-0.002930784674,-0.003129962662,,,0.009926974676,-0.00821990664,-0.0003494565081,-0.009822675676,-0.001786550381,-0.005748995747,-0.008999103529,,,,,-0.01104273379,-0.009384230711,0.004481672698,,0.004173098547,-0.002020920021,-0.004914304437,0.01138175177,,0.01107817512,,-0.0003878679628,,,,,,0.00356870251,-0.006503838321,-0.006633331082,0.001253002078,,-0.00437110306,-0.003985979147,-0.003056587697,0.0008909849149,0.0008503138016,0.001436719267,0.003395746479,,0.003649842069,,,-0.007549853472,-0.005687262815,-0.002529255346,-0.00493462244,-0.01000465216,-0.005583481152,-0.01034186435,-0.002490253264,-0.01310324231,,,,,,,,,,,0.007669200934,-0.006252626633,-0.005343711613,-0.006330046885,-0.003529904446,-0.003180863384,0.005952418287,0.00755318843,0.005480451789,0.006584713323,0.002196442721,0.001902558269,,0.006029850536
1994-04-30,0.002900614453,,,,,,-0.002513921457,0.001609398134,-0.0006091270963,0.0001268529795,0.000594421597,-0.0005074769582,0.00107698889,-0.003423083728,0.001262592792,1.820131214e-05,-0.0002673569798,2.472399527e-05,-0.001194122201,0.001075451421,0.0002846873946,0.0003183892376,,,0.0004277906093,,-0.00028757687,-0.0007443391161,-0.0009646444052,,,0.001665935774,-0.001472327721,-0.002491328496,-0.003830382199,-0.002839247998,-0.002893543998,-0.002089306435,,,,,-0.002026444384,-0.003560463223,-0.0002087554973,,-1.228055414e-05,-0.002657358753,-0.003894304147,0.004427601514,,0.005331928648,,-0.0003193429257,,,,,,0.0001299338677,0.0006581822427,-0.0005601718505,0.0005790293608,,-0.001457044445,-0.001514056203,-0.0007048436744,-0.0006572782637,0.001058496368,-0.001384245041,0.000448091591,,-0.0001430338825,,,-0.00132029816,-0.001209690412,-0.001231546478,-0.003909052358,-0.002530035971,-0.0024130661,-0.00237867434,-0.001237356522,-0.001405916147,,,,,,,,,,,0.003156398815,-0.003294611049,-0.003108537619,-0.00311974647,0.0003760966889,-0.003229479789,0.004267595624,0.004993293848,0.004589971367,0.004991217225,0.000727792272,0.0007039759052,,0.0009397822069
1994-05-31,0.00334742122,,,,,,-0.004470204966,-0.001226078672,0.0003586257004,-0.001064474101,0.0001903144176,-0.0006996024951,-1.840430414e-05,-0.0006969342816,-0.003509627295,0.0006499602127,-0.0009649424376,0.002173685779,-0.0009329026835,0.00155572533,-0.0003306908316,-0.001730269959,,,-0.001987527081,,-0.0005828625827,-0.002356262893,-0.001600801803,,,-0.0001928551918,0.0009004555013,-0.003645941909,-0.001674582127,-0.003992273625,-0.003442794909,-0.0001635492004,,,,,0.001722100998,-0.001535838982,0.00125832435,,0.0008123970405,-0.00189335616,-0.006698516464,-0.000217488569,,-3.949440895e-05,,0.000275347313,,,,,,-0.004529054539,-0.001237433513,-0.003079930517,-0.0006172964532,,-0.001863332393,-0.00207508609,0.001378228105,-0.00102783944,-4.900184157e-05,-0.0001023767326,0.001442790628,,-0.004339028934,,,0.0002100591426,-0.0004673677111,-0.001147454353,-0.006730742288,-0.000603982061,-0.003371924738,-9.146543177e-05,0.0003441053205,-0.0001196459565,,,,,,,,,,,0.0009479768323,-0.002477619797,0.003893281184,0.001192398614,-0.001593403485,-0.007244020961,0.00586275256,0.001641000808,0.006696026116,0.003418667313,-0.004823395517,-0.00483441718,,-0.003246633425
1994-06-30,0.0003099576104,,,,,,-0.0006454161176,0.000412084684,-0.0008560948666,-0.001171307347,0.0005861201578,8.844389031e-05,-6.529658729e-05,-0.000613474879,0.0007234889034,0.0008615043265,-1.674869612e-05,0.0003941689063,4.91511228e-06,2.835895935e-05,-0.0003800261784,0.0002247503009,,,0.0001698265264,,-0.0004054541913,-0.001049248038,-0.0007677660029,,,0.0003763643887,2.61197794e-05,-0.0006532084447,-0.0007030591227,-0.000924737779,-0.001064791931,-0.0005617378031,,,,,-0.0009033834045,-0.0004930226722,0.0004355363975,,-0.0003027372592,-0.0002931852073,-0.001150208083,0.0009737523184,,0.001456665779,,5.982013405e-05,,,,,,-0.0004891631444,0.0004496737405,0.0009960362626,0.0001975628802,,0.00257911776,0.002475348548,-0.0009688130462,0.001057987762,0.003798049333,0.001728781532,0.0005958445033,,-0.000699926957,,,0.0001584295033,-0.0001411331726,0.0003618401904,-0.001280195588,7.497822034e-05,-0.0007178273041,0.0007173748108,0.0004135490088,0.001497985297,,,,,,,,,,,-0.0001681502475,-0.0005665981899,0.0004432041414,-0.0004729665419,-0.0008759652688,-0.001011006033,0.001203626918,0.001541840931,0.001566379063,0.002023618301,-0.0003602645582,-0.0001208664589,,0.0003175022907
1994-07-31,-0.003639837437,,,,,,0.004997140384,-0.003307358189,-5.242135397e-05,0.00423424784,-0.000122916076,0.004145871416,-0.0008117617173,0.005676059583,0.0002333170176,-0.003794213634,-0.002892057887,0.0002217144567,0.00159613327,0.001394499261,0.001310514195,-0.001463434615,,,0.001276097455,,0.003699595281,0.004516608611,0.004999279388,,,-0.005512687048,0.003554092538,0.007079805867,0.005783413818,0.008039975114,0.007265889236,0.004032293788,,,,,0.003609856055,0.007541032446,-0.002554360583,,0.002542925386,0.003110269283,0.007213106835,-0.0001836337275,,0.004806226963,,-0.006052207647,,,,,,0.005123335105,-0.001387812738,-0.002206067934,-0.002863742257,,0.003385323977,0.00400399053,0.003841567283,-0.0009168402346,-0.00123875541,-0.0005967462279,-0.0005155769216,,0.003615758676,,,0.001204746139,0.001520171987,0.001038822844,0.007359315948,-0.00334760813,0.002571061513,-0.006241660931,-0.005394167034,-0.006490841409,,,,,,,,,,,-0.004985653838,-0.00302561936,-0.007223513278,-0.006222496973,0.000521107299,0.00714687728,-0.0021339312,0.004679248041,-0.002469285976,0.003795242692,0.004566032311,0.004584681088,,0.005793144273
1994-08-31,0.0001009883688,,,,,,-0.002016763375,0.0002346957588,0.0007064546468,-0.0008522744598,0.002206537545,-0.002199186053,-0.0004543651717,-0.00133316585,-0.002158326784,0.001697943484,0.001170837311,0.001783204782,-0.001213700678,0.001373429878,0.002189325866,-0.001428037456,,,-0.002113224316,,-0.001340857107,-0.001983751234,-0.001687829338,,,-0.0001257796409,-0.0002958988163,-0.002081760598,-0.0009457839868,-0.002149338542,-0.002331411152,-0.0004470431584,,,,,0.0009104199864,-0.0009745446521,0.001824060658,,-0.0009250974515,0.001258678597,-0.004613143088,-0.001767753474,,-0.002648459436,,0.001726690681,,,,,,-0.002329478344,0.00130657731,0.002929118902,-0.0003227387884,,-0.001477217244,-0.002414677491,-0.00262432738,-0.0005576588858,-0.0007648880163,-0.0004118831774,-0.0008416216264,,-0.002882194472,,,-0.002871585814,-0.002410161817,-0.0006360734799,-0.004788939677,0.0002379295917,-0.001045164015,0.003185677098,0.001692586401,0.0008632053697,,,,,,,,,,,-0.004731651324,0.0002530439469,0.002427929304,0.002659107275,-0.0009616222072,-0.004646731253,0.002771308152,-0.001140241248,0.002607700121,-0.0007988247191,-0.002887962982,-0.001731932477,,-0.00364743955
1994-09-30,0.003999946794,,,,,,-0.001800900375,0.002702972828,-0.0001149011939,-0.0007109637719,0.002301492961,-0.002835768164,0.002704088822,-0.003447289305,0.0007771861864,0.004655554111,0.004257751945,-0.0005787235651,0.0006913471529,-0.001272308005,-3.598925268e-05,0.00329112101,,,0.001059101714,,-0.002222085344,-0.002637198453,-0.002297063627,,,0.003775378503,-0.004096446187,-0.004351939126,-0.006028902224,-0.005572341296,-0.005153045029,-0.003329573852,,,,,-0.004426110825,-0.006579184211,0.002399607287,,0.001361951795,-0.002532360661,-0.003606499565,0.001029383835,,-8.334506916e-05,,0.00397138648,,,,,,-0.002566853842,0.003446362385,-0.004122371457,-0.0001496546514,,-0.0003414689665,-7.071071291e-05,0.0008010697022,-0.0001394328609,-0.001400415876,-0.001811058152,0.0009882514532,,-0.001409322069,,,0.002179430398,4.493968553e-05,-0.0001534926308,-0.003820088599,0.004015979017,0.001354171133,-0.005895457125,0.003491683166,0.002795348605,,,,,,,,,,,0.00294024392,0.001811820875,-0.005067192041,0.004874775866,-0.001462779191,-0.003629586173,0.002276821737,0.0008934629217,0.002512178139,0.0008303987366,-0.002293461013,-0.002623367922,,-0.002009338817
1994-10-31,0.001172943744,,,,,,0.001440882193,0.0006736212176,-0.0009815371743,0.001017018076,0.0006544525809,0.0009533458329,0.001678423684,0.0005019695014,0.002805945394,0.001647264804,0.0008954490361,-0.0005388312588,0.0009227593554,-0.0005688570135,-0.001456691573,0.002058155087,,,0.002100046911,,7.510669055e-05,-0.001013768788,4.338807816e-05,,,0.0009932083421,-0.00206785894,0.0009987992834,-0.0003864189545,0.0005090829749,0.0004573137695,-0.002398448288,,,,,-0.002229951855,-0.0002992687531,0.000997070142,,0.001182711903,-0.0002112622829,0.0007324496661,0.002848434249,,0.003125235158,,-0.0003622355436,,,,,,0.0007367579135,0.0005174996248,-0.0008421056295,-0.001237096607,,-0.00031588921,-0.0003224681917,0.000770142405,-0.0004870351249,-0.001518151612,0.0001063486177,-0.0003996217593,,0.0009014696562,,,0.0004222891881,-0.0001708614082,-2.541365464e-05,0.0006572188455,-8.792824217e-06,0.0007389713844,-0.001113932473,-0.0005914162212,-0.0003619137706,,,,,,,,,,,0.0004075289144,9.629492038e-05,6.869107082e-05,3.047354205e-05,0.0001836584268,0.0007932167094,-0.0002664759217,0.003051658694,0.0006300938914,0.002656523125,0.001084281032,0.0007422739762,,0.001683435514
1994-11-30,0.001361586057,,,,,,0.003197530503,0.003296672584,-0.00392306295,0.0009000433335,0.001216200868,-0.0001732325762,0.0003309351164,0.00223969827,0.003066997009,0.0005366601461,0.0006108149147,-0.001816650657,0.001286365304,-0.001554114234,-0.002381921014,0.004200759698,,,0.00277773027,,0.0009368780231,0.0009668616751,0.0006595741834,,,0.0008149966007,-0.002127584641,0.002031990049,0.002494378655,0.003044714069,0.003105167803,0.001317315794,,,,,0.001585699332,0.003335165957,0.0008408994608,,0.001044333531,4.223217346e-05,0.002311429606,-0.0006468760002,,0.0008943384982,,7.992038381e-05,,,,,,0.002149075757,0.00294365683,0.0005498411163,-0.0008155218195,,-0.0008367457425,-0.0006986863385,0.0006253448655,-0.0003269449385,0.0001337042643,-0.0009273552207,0.0007853929636,,0.001719936041,,,0.002967872924,0.0003076071868,-0.001108564166,0.002155401627,0.002669787491,0.0009560731714,0.0005583604215,-1.511625317e-05,0.002112169007,,,,,,,,,,,-0.0001994507042,0.002074774349,-0.0002453915659,0.001997192781,-0.001646100252,0.002419048264,-0.0003547178463,0.002271375305,-0.0020715551,0.0001474602342,-0.0009402099174,0.001929125023,,0.001835843328
1994-12-31,-0.001705058719,,,,,,0.00204903188,-0.0006418480284,-0.0006046480058,0.0005728232203,-0.001941160481,0.001172657755,-0.001333507216,0.002167377485,0.001193458283,-0.001401376112,-0.00135336304,7.12761452e-06,0.0002362422673,-0.0002955678542,-0.001112714604,-0.0009375979432,,,0.001051651176,,0.00113770845,0.001820142942,0.001892826297,,,-0.00250810861,0.001599099372,0.003065457362,0.003128002083,0.003194741227,0.003304821412,0.001284745509,,,,,0.001220383069,0.003013454148,-9.537335302e-05,,0.0009156995415,0.002206619282,0.002539344127,0.001630187871,,0.003704573174,,-0.003313155453,,,,,,0.002597831985,-0.001597306652,-0.002002738745,-0.0005585967725,,0.001102548537,0.001230023838,0.0006961953837,8.966266484e-05,0.0001543258843,0.0009692290238,0.0003030425676,,0.00144382509,,,-0.0007378725345,-0.001615173158,-0.001332681557,0.00273940744,-0.003815334699,-0.00162711019,-0.003234282205,-0.002397330225,-0.004041403926,,,,,,,,,,,0.0003569044016,-0.002893442641,-0.003386843058,-0.001606601897,0.001284102533,0.00268024218,0.0001486283525,0.003354874924,-0.0003390886739,0.002871249702,0.002273964757,0.002432391791,,0.003874011262
1995-01-31,-0.001683630673,,,,,,-0.001319034902,-0.001121986273,6.75770028e-05,-0.001073511054,-0.001194616165,-0.001321403598,-0.001430595971,0.0007374332679,-0.000211026581,-0.001798783706,-0.001497268783,0.0005694300512,0.000332154775,0.0008042241503,0.0009005793959,-0.002731726453,,,-0.002050634346,,0.001305451246,0.001796957897,0.0004706600368,,,-0.001227607756,0.002968114653,0.00253772935,0.001453695984,0.00243381825,0.001748888058,0.0007912837196,,,,,0.001441735263,0.002462953115,-0.001332119419,,-0.0005030243165,0.0008481949283,0.00120723873,-0.001624453532,,0.0005621174187,,-0.001773193494,,,,,,0.0007536584188,-7.776321917e-05,0.0007793071131,0.0008795489757,,0.006283136185,0.004716751966,0.005126496763,0.004981158009,0.002445654997,-0.006324984721,0.0009952613319,,-0.0006147950751,,,-0.0007707463051,-0.0001970487713,-0.0008583554733,0.002019284351,-0.001550688773,-0.002055605268,-0.0007126585401,-0.0007020665846,-0.001399807066,,,,,,,,,,,0.001052526071,-0.001963645127,-0.001896855517,-0.001710003812,-0.0003400974502,0.001006462825,-0.0002066807703,0.0009341742207,-0.0002946493081,0.0006706367168,0.0004114358211,0.0003846386521,,0.0008257871515
1995-02-28,-0.004280371307,,,,,,-0.003562510306,-0.005578415777,0.001392353468,-0.002582343052,0.0006953627445,-0.001630703651,-0.003698806366,0.002419390424,-0.004222360253,-0.00119249102,-0.002674722555,0.004344369477,-0.002389018815,0.004211000161,0.004260376709,-0.005758314065,,,-0.004514297044,,0.002245779791,0.001924369832,0.001737969092,,,-0.002561830306,0.005806655004,0.001767092699,0.002213099911,0.003025423728,0.001163426104,0.004897966701,,,,,0.005248971447,0.00506030427,-0.001827892292,,-0.002645683069,0.004025545956,0.001896476228,-0.003870230933,,-0.0009421864856,,-0.004495725731,,,,,,0.000999532542,-0.003349453472,-0.0003744162956,-7.320614823e-05,,0.001447749704,0.0007911551769,-0.001734033032,-0.001119824968,0.0003770952915,-0.003927915756,-0.00164382289,,-0.0003709864244,,,-0.004366559337,-0.003105603639,-0.001515038006,0.002241830508,-0.006144179555,-0.005283990176,-0.000633575134,-0.003635652552,-0.003194980261,,,,,,,,,,,0.003755862927,-0.004348494003,-0.00230463517,-0.004247403646,-5.385754452e-05,0.001821398918,0.0006980682281,-0.0002049822073,-0.0004774554096,-0.0005593420714,0.001230255612,0.0007600079588,,-5.598052941e-05
1995-03-31,-0.0001822285737,,,,,,-0.0001928208601,6.333912455e-05,-0.001276515983,0.001975602786,-0.0008056187837,0.0004683837804,0.0008750971064,-0.000296357228,0.001654204369,-0.0009189081533,-0.001412689419,-0.001453052102,-0.0001003869625,-0.00149557238,-0.001539011475,-0.000483631697,,,0.0005387069271,,-0.0002725475726,-0.000709099222,0.0008272769445,,,-0.001778693348,0.0006558536225,0.001724476078,-2.188156988e-05,0.001268922794,0.001653457845,-0.0004215613736,,,,,-0.001017328423,0.0006599113957,-0.001246746872,,0.0002163194625,0.001070719859,0.000964933536,0.002184122071,,0.00270513395,,-0.001502492384,,,,,,0.001662486362,9.978870706e-05,-0.0003631198048,0.0004855955636,,0.0001391733642,0.0002325922179,0.0006178963022,0.0008693186193,-0.0003988649007,-0.0006304415246,0.0005158235547,,0.001441805225,,,-0.0003028836966,-0.000116831646,-0.0002160169557,0.0007758394668,-0.00148188185,-0.0004613481416,-4.14302386e-05,0.000357976635,0.000729651455,,,,,,,,,,,-0.00246647026,-0.00128384544,0.0007480864663,-0.0007296090215,6.698809658e-05,0.001241109499,0.000294691987,0.00241542453,0.0006481784379,0.002317708053,0.001980346754,0.001461287048,,0.002054240967
1995-04-30,-0.001430239157,,,,,,-0.0001727590747,-0.001317766626,0.001370951038,-7.88575618e-05,-0.0002602671697,-0.001046507586,-0.001101599741,0.001129822361,-0.001003018652,-0.001170072741,-0.001580588381,0.0009571422647,-0.001189727653,0.001456062305,0.002190761139,-0.002387019002,,,-0.001668934128,,0.001925598956,0.002070506654,0.001969885797,,,-0.001473022411,0.002078399756,0.001807113506,0.00263489553,0.002431928342,0.001506431741,0.001421326295,,,,,0.002553272195,0.003105342444,-0.0003831156922,,-0.001261746402,0.00163755243,0.001050175657,-0.0004678200186,,0.000169470752,,-8.330602053e-05,,,,,,0.0002222734539,-0.0001383433683,0.001541772794,0.001071005957,,-0.0005179891717,-0.0003189687538,-0.000945994813,-0.0004653941367,-0.0001596455226,0.0002367879991,-0.0006534612524,,-0.0006176481873,,,-0.00144300677,-0.001241115636,-0.0003320678169,0.001070271136,-0.0003891641831,-0.001069989927,0.002343874132,0.001635084323,0.0008377900707,,,,,,,,,,,-0.0005476156981,-0.000186533364,0.002064291493,0.001362908391,0.000331026552,0.0007356445105,0.0001371286194,0.0001639510709,-0.0001579031417,0.0003913072204,0.0006208212126,0.0003553124238,,2.68489579e-05
1995-05-31,-0.005748674259,,,,,,-0.001901345623,-0.005377749851,0.004383163208,-0.0008557044115,-0.001308103133,-0.002414173775,-0.005333213215,0.00392333445,-0.004252022186,-0.005391943667,-0.005574519356,0.002642459697,-0.005573336472,0.004223013711,0.004169908668,-0.008657475917,,,-0.006011611969,,0.005648705374,0.005710145617,0.006414324469,,,-0.003162702104,0.009252226837,0.007241219386,0.008902530288,0.009604140481,0.005819360909,0.006301196007,,,,,0.008436047295,0.01121887804,-0.003229158809,,-0.006253526383,0.003993747388,0.00227483175,-0.003736122329,,-0.002826790228,,0.003076187833,,,,,,0.0003238632794,0.0009756625064,0.001501398421,0.003622066086,,-0.0001166188339,0.0003411854906,0.00141008671,-0.0008183410967,-0.001516771213,-0.0009526021312,6.470874337e-05,,-0.001587854227,,,-0.004973867416,-0.003216793745,-0.003179410537,0.00245317525,0.002188077267,-0.005288523938,0.006827896166,0.006645716796,0.001131819922,,,,,,,,,,,0.005821045742,-0.0002363209069,0.008176379452,0.006173322755,0.001410521367,0.001444259167,-0.0005547346806,-0.0002320569866,-0.00148566022,-0.0010304667,0.0008173435361,0.000438952075,,-0.001506579147
1995-06-30,-0.0006643560324,,,,,,-0.0001668097014,-0.001516316991,0.0001708784972,-3.978267289e-05,0.0005077476204,-0.0003453391349,-0.0004255837014,0.001529084355,-0.0003230497047,0.0005521524703,-0.0007120083995,0.001531413936,-0.0004192536226,0.001391569561,0.001595189103,-0.0008539734586,,,4.794433752e-07,,0.00103793113,0.0008003142839,0.001126400529,,,-0.0001911806441,0.001984721712,0.0005652403698,0.0009591339643,0.0009050104675,0.0008082445484,0.001265149073,,,,,0.0006686926307,0.001535090588,0.0001210260763,,-0.001479560996,0.0007801876198,0.000426001149,5.272643131e-05,,0.0004718950427,,-0.0004020600284,,,,,,0.0003377452924,0.0009191333576,0.0008929219759,0.001274439304,,-0.0007241844076,-0.0002350080667,-0.0003606502867,-0.0001536537675,0.0009908032787,0.0007467159003,9.452313344e-05,,0.0002320726794,,,-0.001293481674,-0.001406049072,-0.001170389251,0.0002483047603,0.0008143917259,-0.0004467432446,0.0006842768726,0.0009971263835,0.0004751588286,,,,,,,,,,,0.0003956824321,0.0002320342546,0.0003509169746,0.0007029796872,-8.350550088e-05,0.0003430770303,0.0002421147363,0.0007157384501,0.0003090429593,0.0008099969637,0.0005137834847,0.0005040308115,,6.692991778e-05
1995-07-31,0.0005018723796,,,,,,-0.002477820168,0.001951906375,-0.002128426711,0.001243460451,0.003147785574,-0.000685937487,0.0007409200696,0.0008328418216,0.001143688576,0.001370991319,0.0009179208591,-0.0001323369057,0.00087870398,-9.0695899e-05,-0.0005402016271,0.001136630227,,,0.0008486175833,,-0.001116004073,-0.002293917239,-0.0009692270115,,,-0.0002642000569,-0.000301446742,-0.0007008889286,-0.002891798599,-0.0006339022552,0.0003171008912,-0.001652696237,,,,,-0.00239758679,-0.001015591556,9.892534836e-05,,0.001808910355,0.0009262369132,0.000272212651,0.002190683373,,0.002624870707,,-0.002000252534,,,,,,0.001249734798,-0.001115239157,-0.001962155541,-0.001906148235,,0.0008502812318,0.001769626677,0.001356338151,0.000597603504,-0.0001788952984,0.0002460340167,-0.0006522409682,,0.001299481241,,,0.0002416871342,-0.0006133925486,-0.0006857153444,0.0001471816355,-0.001979600911,0.000345641901,-0.002315564039,-0.001695452201,-0.002066399471,,,,,,,,,,,-0.001788805105,-0.002116561133,-0.002135844007,-0.002141146224,0.000545992271,0.0003960045135,0.0007705546167,0.001372356008,0.002109038003,0.002229533854,0.001265592909,0.001522524996,,0.001181560234
1995-08-31,-0.001691724021,,,,,,0.002209814597,-0.0009520314147,0.0001309555705,-0.0005622889549,-0.00386123102,0.0003730572643,-0.001269361098,0.001404603247,0.000817211582,-0.00184099514,-0.002509520834,-0.001079318394,-0.0006775718221,-0.000794513106,-0.0001924895078,-0.00274639837,,,-0.000243837602,,0.0008784733014,0.0011873135,0.002347636148,,,-0.001274724904,0.002788761207,0.005134077688,0.004013995532,0.0049549678,0.003578069075,0.0003462054189,,,,,0.002540223837,0.004170722444,-0.001419586285,,-0.002224138243,0.001373530168,0.00358546214,0.002014716706,,0.002222484182,,-0.0008579157366,,,,,,0.002617566039,0.0004045440945,0.002886155078,0.000477940192,,-0.0006659472013,-0.0005561252423,0.0006017856946,-0.0009392270506,-0.001663075456,-0.002231466354,-0.000165582572,,0.002502808195,,,-0.00067666203,0.0003867069381,-0.0001664001953,0.003486624302,0.001765523509,-0.002159448629,0.003668802184,0.00296567036,0.003391216299,,,,,,,,,,,-0.003180947446,0.002383118978,0.003785901916,0.004410769383,0.0006729852897,0.003389578888,-0.0009231761501,0.002588581108,-0.001862751479,0.0007380863045,0.002426129278,0.002464163654,,0.002937384177
1995-09-30,-0.002116549219,,,,,,0.002047529398,-0.002266642337,0.001160606367,-0.001144778132,-0.0007056452563,0.000779620831,-0.0007171277593,0.001572031829,0.0003448500483,-0.0008915093503,-1.806902255e-05,0.0007755423981,-0.0007871703481,0.001459289199,0.0007915969425,-0.001389908893,,,-0.0002747901634,,-0.0001788517739,5.067180972e-05,0.0002249775401,,,-0.001076838359,0.002381075445,0.002197163638,0.002816758617,0.003068807719,0.00246876349,0.002139330624,,,,,0.001794638939,0.002813921002,-7.431334686e-05,,-0.00292706314,0.001552997891,0.001709930188,0.0001023958753,,0.000808655889,,0.001199406065,,,,,,0.001042081469,0.002426310401,-9.84007698e-06,0.003442630478,,0.0004472069307,0.0005196566992,0.0005942747871,0.0002690739009,0.001839727887,0.001184590681,-0.0002587323907,,0.0002106251852,,,-0.0006653513415,-0.001962801008,-0.00264834988,0.001763600713,0.002829341286,-0.0003501569669,-9.857042885e-05,0.003424795419,0.003297502361,,,,,,,,,,,0.001961964766,0.001365949147,-0.001370788646,0.001481821646,0.0004318096305,0.001603808211,-0.0006676966877,0.0005960127031,-0.001251041773,-0.0001836169079,0.001275888923,0.0008062715689,,0.0009063565685
1995-10-31,-0.0008157879021,,,,,,0.001225196205,-0.0002066388109,0.001008262288,-0.001812579732,-0.001120856984,-0.0003176240731,-0.00185602014,-0.0005596227587,-0.001333661432,-0.001818811529,-0.001011016949,0.0007484685421,-0.001741908923,0.0002926144732,0.0006905785375,-0.001957328805,,,-0.001427171893,,0.000837511418,0.0008343519942,0.0007890492389,,,-0.000414375778,0.0008429532149,0.001136033045,0.001724708565,0.0004712949677,-0.0003014672466,0.000287406111,,,,,0.002116680711,0.001347812572,-0.0007224460892,,-0.001296846223,0.0005925796437,-0.001204131161,-0.002455016057,,-0.002114050947,,0.000307070874,,,,,,-0.002175350163,0.0009962212947,-0.0005630639832,0.00125313944,,0.00202710375,0.001581590742,0.001974153339,0.001141982615,0.0003574931259,0.0003358429487,0.0004211800187,,-0.002510859874,,,0.001305238554,0.001053559571,0.0009346694617,-0.001155298187,0.002039582511,0.0006963474579,-0.0002161224214,0.001238959079,0.002329177824,,,,,,,,,,,0.0009359405196,0.001087038079,0.001240513173,0.001257893213,-0.0004888596882,-0.001293811946,0.0008987893389,-0.0006949161565,0.0007022908803,0.0002311590143,-0.002013519631,-0.001801125109,,-0.002330305412
1995-11-30,-0.001886553098,,,,,,0.002087421383,-0.00271283594,0.002514994047,-0.002425886537,-0.001177138829,0.0002045279916,-0.001910182468,0.002551470227,-0.001841631871,-0.001050139499,-0.0004051403932,0.00134838082,-0.0007111632974,0.001235959523,0.001653290125,-0.002919488578,,,-0.001944058006,,-0.0007780010906,0.0002951215358,-0.0001940241916,,,-0.0002130925156,0.002824442384,0.002714038769,0.003470200026,0.003746701607,0.002145923268,0.002428354178,,,,,0.00325493169,0.004448907085,-0.0002678192865,,-0.003058400498,0.0005844918473,0.00124064132,-0.001040494962,,-0.0004008991097,,0.0005186230613,,,,,,0.0007850884862,0.002687933589,0.00107440052,0.003104950605,,-0.0007176990537,-0.0008820005603,-0.0004420605135,-0.001094562176,-0.004069345934,0.001413737552,-0.0008737354582,,0.0003489039614,,,-0.001097001982,-0.0003120752151,-0.001302794821,0.001276654154,0.003675192165,0.002231443888,0.003097306814,0.003584229998,0.003736035673,,,,,,,,,,,0.0005498820579,0.002570709839,0.003017755048,0.002538703866,0.001076969582,0.001145779557,0.0008698331008,0.0008381132112,-0.001584824565,-0.0003573739237,0.0005461035274,0.001019969815,,0.0001915745356
1995-12-31,-0.002736193634,,,,,,0.001341309183,-0.001658700848,0.00195653161,-0.001146010772,-0.001638247883,0.001115961347,-0.00126852489,0.001364112523,-0.0006534891071,-0.002786894005,-0.001430782763,2.322434052e-05,0.0001475823085,-6.886989e-05,0.002012987295,-0.002109666331,,,-0.0006749613848,,0.0002088556983,0.0001179652668,0.001086345208,,,-0.0007729551314,0.002640182905,0.002907330742,0.003303923545,0.003372094934,0.002148170153,0.001758312738,,,,,0.002896436201,0.00374813502,-0.00216453326,,-0.00259273531,0.000911926404,0.001685376863,0.0006736071508,,0.0009940688552,,0.0006944697038,,,,,,0.0007007312913,0.001704313762,0.003371139098,0.00175974744,,0.001415771525,0.00242205315,0.0006229684992,-0.001518432302,-0.0002222273776,-0.000148493963,0.0008220971798,,0.0001612786061,,,0.0006469049702,0.0006603045781,-0.001697965088,0.001711345387,0.003118588396,0.002192889462,0.002497670331,0.002187330485,0.00322056054,,,,,,,,,,,0.001317494745,0.002642000696,-0.0007643282348,0.001243029942,0.0009923626441,0.001488057375,0.0005432760965,0.0006747036533,-0.0002654241853,0.0001556705614,0.0007750704901,0.0002853317911,,0.0005852398535
1996-01-31,-0.0003599323324,,,,,,-0.0004199888931,0.001064861982,0.001219130404,-0.0002898424045,0.003237512489,0.001104445919,-0.001227078049,-0.0003605474642,-0.002494023187,0.001009474062,0.0001319738714,0.001828363118,-0.0005221567027,0.001061673983,0.0007880299791,-0.0004694767488,,,-0.001621836101,,0.001650234988,0.0004519741393,-0.0005278760471,,,6.440230978e-05,-0.0009688046695,-0.002957753965,-0.001332858834,-0.00237215632,-0.002479560117,0.001318238419,,,,,-0.0002925408465,-0.001725338527,0.0001077754696,,0.002517894865,0.001881799897,-0.002319684918,-0.002353826172,,-0.002310855204,,0.0005789723571,,,,,,-0.002908548154,-0.001406920937,-0.002103963707,-0.002651883364,,-0.0002986973633,0.0001878642016,-0.0005316445999,-0.003820115458,0.0003470611612,0.001034901684,-0.0005090394163,,-0.002626177501,,,-0.001766567512,-6.905411407e-05,0.000175697102,-0.002503337162,-0.002011678078,-0.0005632563479,-0.0007954001972,-0.002024736077,-0.003053561211,,,,,,,,,,,-0.002213686548,-0.001574403914,0.001324601256,-0.00120625499,-0.0003958927271,-0.002515651562,0.002012104552,-0.001039182618,0.002450338876,0.0001774720198,-0.002831718602,-0.002421921353,,-0.002815759935
1996-02-29,0.006418718145,,,,,,-0.004742907881,0.004263909332,-0.0001737367209,0.002420862725,0.006485254257,3.366111097e-05,0.001001563052,-0.0009801553953,0.001704423127,0.004714282252,0.00336788813,0.0002653545213,0.00075031742,0.000744331495,-0.001436158491,0.004680806238,,,0.00163868437,,0.0007298691148,-0.001322332289,-0.002356951669,,,0.00253737975,-0.005748114716,-0.006741961931,-0.008091253319,-0.007486937244,-0.004349356306,-0.002825111941,,,,,-0.007197637733,-0.007428048278,0.001920534947,,0.007139197249,0.0004265409347,-0.004078762794,0.0008252103226,,0.001301975745,,-0.002874357308,,,,,,-0.001256739185,-0.005533056232,-0.006579939971,-0.007871560878,,-0.001250859911,0.0005336067594,0.0007808796259,-0.003333089583,-0.002339662965,-0.001481559902,-0.0005088618614,,-0.0008114613502,,,-0.003506692394,-0.001219646758,0.001164330005,-0.004266427711,-0.008000074394,-0.005696077118,-0.00807499404,-0.009320560595,-0.008609478367,,,,,,,,,,,0.004460969872,-0.007889003992,-0.007648016533,-0.007072332775,-0.002273521255,-0.003686835921,0.003260810579,0.0008979590425,0.00415725312,0.002689088858,-0.001566133006,-0.0009845903443,,-6.988456044e-05
1996-03-31,0.002016165877,,,,,,-0.001362136122,0.003073623034,-0.0009331748251,0.001113437642,0.002947691264,0.001700537161,0.0003758540285,0.001323671164,0.001912905552,0.001584957781,0.0009927047586,-0.0004741095004,0.001432472889,-0.0003182465295,-0.0008499420498,0.001986241077,,,0.00170541565,,-0.0007756072468,-0.001473828945,-0.001462999919,,,0.0005134966546,-0.00242461629,-0.001983123554,-0.002462903754,-0.002199433923,0.001005457843,-0.001090176271,,,,,-0.003868516389,-0.002760103133,0.0005585284875,,0.003467910074,0.0001082843002,0.0004490318165,0.002552886397,,0.003128675082,,-0.003219312841,,,,,,0.001772998603,-0.003658583578,-0.002968982408,-0.003977089455,,0.001175847726,-0.001445673038,-0.0007921252518,-0.001739125726,0.0008191481084,3.491103655e-05,0.001435093941,,0.001842924028,,,-0.00276650581,0.000190495197,-3.436608154e-05,6.451869597e-05,-0.004363402421,-0.002311634035,-0.002695713139,-0.00435598412,-0.004000988817,,,,,,,,,,,0.001574793932,-0.002617476395,-0.001819248706,-0.001360236843,-0.0004651361279,0.0006084519151,0.0007580467984,0.001923699537,0.0007847976846,0.001784623827,0.001468832649,0.001981295807,,0.0025416469
1996-04-30,0.001652916376,,,,,,-0.0004606086992,0.003046915096,-0.002742430361,0.002741750187,-0.0002648930929,-0.001528366104,0.001868932226,-0.002317453804,0.003758574593,-0.000270687414,-0.0002854161923,-0.002245761452,0.0006509065054,-0.002036008932,-0.0032311382,0.001735009615,,,0.00231139859,,-0.0008139956586,-0.0009736735269,-0.0003524109487,,,0.001229662241,-0.001833812072,-9.33333005e-05,-0.001449897098,-0.0007548852328,0.001135629616,-0.004207080058,,,,,-0.003364870673,-0.002795612954,-0.0007600179183,,0.004035316231,-0.0009666934908,0.001824923267,0.004490665819,,0.005092680483,,-0.000488911449,,,,,,0.002579676268,-0.003627495465,-0.0005065719125,-0.002660567498,,0.0009631903182,-0.0003099511232,0.0002627197945,0.000584320183,0.0006813558436,-0.0005120227102,0.0004416186975,,0.002774070991,,,-0.002591891038,4.321895374e-05,4.673923236e-05,0.001733892274,-0.003888906508,-0.00244453903,0.0005222945263,-0.001286715191,-0.002221382787,,,,,,,,,,,-0.0007654530501,-0.002116098109,0.0007472161994,0.0002670557188,0.000193265053,0.002010740841,-0.0004406262661,0.002713331548,-0.000450881055,0.00186956677,0.002612338464,0.002612143724,,0.003876345142
1996-05-31,0.001181753474,,,,,,-0.0006950930628,0.00167081574,-0.00264882822,0.00206138371,5.874246187e-06,-0.001154959015,0.001926429481,-0.001340570427,0.003596333318,-0.0008784315976,-1.203524602e-05,-0.002428736872,0.00232330472,-0.001931394182,-0.001183814829,0.001030808848,,,0.001992851823,,-0.00148480413,-0.001040313469,-0.0004362797162,,,0.0002675563857,-0.0007212578572,0.000512486382,-0.0009997674154,2.145234914e-05,0.001463631738,-0.002706594225,,,,,-0.002238731884,-0.001183165982,-0.0003802167809,,0.001877303552,0.0002074439078,0.002408854703,0.004141340491,,0.004041980149,,-0.000915616852,,,,,,0.003063171824,-0.001622092465,8.199128836e-05,-0.001409012248,,-0.001328171621,0.0001048293282,0.001140471786,-0.001538232942,-0.002794727646,-0.001465156036,-0.0003306882087,,0.002941868221,,,-0.001678440796,0.0006398114788,-0.0002654076037,0.002376433079,-0.001764450332,-0.000472151705,4.648050869e-05,-0.001062329262,-0.001554345494,,,,,,,,,,,0.002667788853,-1.66525013e-06,-0.0004987873683,8.821462067e-05,-0.001003372844,0.00252707252,-0.0004958940444,0.002296753816,-0.0006608130548,0.001637180941,0.002932906547,0.002666712997,,0.003783477554
1996-06-30,4.875371627e-05,,,,,,0.0006461355635,-0.001502942853,-0.0006515085535,-9.22192591e-05,-0.003063616493,-0.001946091909,-0.0002875533558,-0.0008246136774,-0.0006330846484,-0.003232650078,-0.003498518301,-0.001287818123,-0.0004878918153,-0.000982499235,-0.0001557310754,-0.002491756586,,,-0.002169877257,,0.0002957673509,0.0003535471301,0.0007864671251,,,0.0002222237311,0.002082191086,0.002356039488,0.001474908463,0.001678942847,0.001196931845,-0.0005191434463,,,,,0.001326789184,0.001580396077,-0.003805199499,,0.0001463710602,-0.0003445174223,0.0003186411555,0.001178991144,,0.001125687408,,-0.001076839042,,,,,,0.0004535000719,-0.002190438036,-0.0009253313194,-0.002087045134,,-0.00181394019,-0.002000974201,-0.0007909515051,-0.0003647314776,-0.0003263065085,0.0002974886169,0.0001180133476,,4.398106441e-05,,,0.001260248993,0.00215714366,0.002427672248,0.0003304890446,-0.001404735343,0.001850002369,-0.0007434644679,-0.002105848233,-0.002273172381,,,,,,,,,,,2.678653352e-05,8.512434905e-05,0.0001170314816,-0.00102423894,0.0001371811234,0.0002285765847,-0.0006312204773,0.001017179722,2.025015089e-05,0.001073391794,0.0001314424706,0.0007179570284,,0.0008820541067
1996-07-31,0.000308529232,,,,,,0.0003561223121,0.0009694226547,0.000189615309,0.0005783048795,0.0003766625098,0.0003677560021,0.0002168090872,-0.0006870908271,0.0008410066701,-0.0005543617075,0.0003678028407,-0.0007873538541,0.0004295999755,-0.0006170567566,-0.0006171131037,0.001029907884,,,0.0006874569945,,-0.0004630846613,-0.0005013810527,-0.0003568603708,,,0.0005278209862,-0.001077278543,-0.0007258230859,-0.0005275141427,-0.0007767334506,4.458748402e-05,-0.0002906399763,,,,,-0.0008980739861,-0.001186680106,0.000308214861,,0.0009147670573,-0.0001301900271,0.0002243773535,0.0004797344952,,0.001246912254,,-0.0005433385372,,,,,,7.205566239e-05,0.0001869775528,0.0007280165839,0.0002768010884,,0.000529431099,0.001262194028,0.0003337161206,0.0003520072613,-0.0006148028759,-7.289146945e-05,-0.0003740288375,,5.430434824e-05,,,-0.001278029974,-0.0006412645408,-0.0005391474274,0.0001806694607,0.0001302798664,-0.0006529024414,0.000737857306,0.0003720851363,0.0001227888235,,,,,,,,,,,-0.0005309865488,-0.0001690290415,-0.0005859343152,0.0001630201471,-7.052185465e-05,0.000338954569,0.0004825257735,0.00074840124,0.0001975731468,0.0004457142355,0.0002782824245,8.424159263e-05,,0.001221500946
1996-08-31,0.0005514800138,,,,,,-0.0001172484819,0.00045727884,0.0007237192816,-0.0003430995101,0.0020890664,0.001280714419,-0.0007307934888,-0.0004547388682,-0.0004323247948,0.002473483807,0.002069206023,0.001033637477,-0.0006778487159,0.001247971777,0.0007134611138,0.001797799448,,,0.000753325597,,0.0002968553808,-0.0002058333309,-6.807836764e-05,,,-0.001000395618,-0.001650010576,-0.002258091916,-0.001818335076,-0.002117337912,-0.001657676872,0.0008235471068,,,,,-0.001134331886,-0.001825483929,0.002016370525,,0.0007255951416,-0.0006097773383,-0.0006324550007,-0.0005038816208,,4.626773513e-05,,-0.0007433290804,,,,,,-0.0008016108298,-0.0003701349597,-0.001236395768,0.000109638509,,-0.0002955646936,2.428931743e-05,-0.0003574212203,-0.0002172349662,0.000839365481,-0.0006527870369,-3.288244814e-05,,-0.000716634609,,,-0.000116099845,-0.0005778245668,-0.000834049168,-0.0007643133601,-0.001037003856,-0.00166333703,-0.001849282929,0.0005457444627,0.0004541559016,,,,,,,,,,,0.0005024567419,-0.0005970505427,-0.001678916449,0.000740711139,1.440924608e-05,-0.0006798099435,0.001512992431,-0.0003012734315,0.001823840895,0.0009008643274,-0.001006718053,-0.0007034374098,,-0.0003117702892
1996-09-30,-0.00222361589,,,,,,0.0004891131235,-0.001321788664,0.0005038846387,-0.00214285935,-0.002765822305,-0.001589512407,0.0001961999888,0.001783247995,-0.0005783656026,-0.001433994426,-0.001264458181,-0.000135796074,0.0001161764701,6.523282792e-05,0.001473059299,-0.003089258159,,,-0.002007669844,,-3.211273552e-05,0.0006082411749,-3.282086637e-05,,,0.0003098128981,0.002840461455,0.004073748428,0.003579676624,0.003934911234,0.002793771177,-0.0004726567935,,,,,0.002027365239,0.003811440521,-0.00227930724,,-0.003522998534,0.002223550749,0.002483898744,0.0009107155616,,0.002047392722,,-0.002369722875,,,,,,0.002232037944,0.001554115533,0.001551704931,-0.0006066330627,,0.001457245861,0.0006372596727,0.00152757382,0.001088589928,-0.001468814425,-0.0003122801407,0.0008726066434,,0.002087543445,,,0.002230820706,0.0002535377982,0.0008680543563,0.002741908576,-0.0007772487029,0.002548517771,0.0009338084501,-0.0006798067653,-0.002052971806,,,,,,,,,,,-0.002993544647,-0.001678441274,-0.00163192233,-0.0003244658883,0.0004560851786,0.002521137432,-0.0003089405008,0.001821578131,-0.0004002887313,0.001578938337,0.002414514867,0.001780957115,,0.002368361166
1996-10-31,-0.001201132097,,,,,,0.00216732174,-0.002155717422,0.001959686267,-0.003388193994,-0.004808052165,-0.003885033991,0.0001384202269,0.001112818667,-0.0009081187106,-0.002934630676,-0.002128970014,-0.0009112339134,0.0006449598142,-0.001060187686,0.002363892472,-0.004133921522,,,-0.003003427308,,-0.001033326015,0.001292192873,-0.0008343306597,,,0.001526067517,0.004725728422,0.005667849744,0.005281926284,0.005612165086,0.002212258262,0.0001625863204,,,,,0.004288652067,0.005877694421,-0.003106345902,,-0.004745553908,0.0008438983084,0.003309124773,0.001458167295,,0.001971104501,,-0.002143237218,,,,,,0.002127682355,-0.00034162916,-0.001193741014,-0.0001470072819,,0.002885714151,0.002284706074,0.003276550995,0.00193162956,0.001287739928,0.0009224143237,0.0008409935773,,0.001852170076,,,0.004242716148,0.00239542745,0.002145946384,0.003902940344,-0.001919001714,-0.002370674493,-0.003349802149,-0.0007308190034,-0.003278292019,,,,,,,,,,,0.005139721634,-0.002051936103,-0.002796071876,-0.0003555531928,-0.0002898605962,0.002760941699,-1.907432609e-05,0.002900025515,-0.0006478840792,0.002183195606,0.002131821427,0.001963002096,,0.002532076373
1996-11-30,-0.002471873351,,,,,,0.001308949206,-0.004849776012,0.002850925256,-0.003390614282,-0.002405133554,-0.001923907007,-0.0003964240751,0.001269943551,-0.003581453891,-0.0004768730156,-0.0025799699,0.002646658124,-0.002311841754,0.002871784599,0.003330681678,-0.003229526191,,,-0.001201421207,,0.001535483498,0.0022378036,0.00124656626,,,-0.0008246751656,0.003388293614,0.003181071662,0.003470741442,0.003763082402,0.001037903624,0.001922375279,,,,,0.004095665161,0.00361584101,-0.002399973478,,-0.004491028666,0.001360031464,0.001119366664,-0.0007653345106,,9.143590854e-05,,-0.0004175739848,,,,,,7.257339164e-05,-0.00172322761,0.0002910135193,-0.001669525104,,0.001489638138,-0.002024954552,0.0002726231602,-0.0001871750503,0.001033964009,0.00120323624,-0.0004863950939,,-0.0001995341242,,,0.001460484782,0.001942211491,0.0004697321953,0.001558623291,-0.002022488787,-3.222935396e-05,0.003387346635,-0.0002210912623,-0.004174565856,,,,,,,,,,,0.002811279299,-0.0008057086985,0.00239147334,0.001499669558,0.00142182263,0.001296752004,0.00115237471,0.0009729683669,-6.207483316e-05,0.0006321822149,0.0005710642509,0.0002863397612,,7.193722411e-05
1996-12-31,0.001190494102,,,,,,-0.001038231402,0.002477918248,-0.002892180523,0.001248817898,0.002950604695,0.001726124031,-0.001223906699,-0.0006614713008,0.002633724681,0.0004491003616,0.002131602363,-0.001351921505,0.001300379162,-0.0009017558618,-0.003039915202,0.003230651361,,,0.001792336291,,-0.0006678978537,-0.001682974677,-0.001188097012,,,0.001121793475,-0.002254381163,-0.002339419287,-0.003226857439,-0.002573252126,-0.0005712238783,-0.001351292962,,,,,-0.003147612348,-0.002685493291,0.002656581085,,0.001675551268,-0.0003615875408,0.0009782243992,0.001878643169,,0.002222380628,,-0.002771424924,,,,,,0.0008961338397,0.002477592534,-0.003002869303,-0.002814153399,,0.0008792793932,-0.0004965105682,-0.0009254007776,0.001007440589,-0.0001823837426,-0.0002630265776,-4.699317517e-05,,0.001867069918,,,0.0004329004123,4.347165927e-05,-0.0009680844803,0.0009680122483,0.001897869951,0.003166750372,-0.003622983178,-0.00399241585,0.0003051143807,,,,,,,,,,,-0.002901033595,-0.001209964094,-0.002708059297,-0.002663052715,0.0006912171238,0.0008066813005,0.0003350213137,0.00126939773,9.032664341e-05,0.0007099787374,0.001504855851,0.001066858033,,0.002289225455
1997-01-31,-0.0002440334666,,,,,,0.001023420837,0.0002962074753,0.001616554162,0.0009886756515,0.0009752505182,0.0006946363427,-0.001635106515,-0.0003534333998,-1.945759781e-06,-3.750250796e-05,-0.0001462292386,0.0004899147533,-0.0009754836888,0.0005702039108,0.001053161163,0.0005406910073,,,-0.0002087305357,,0.0002973133539,-0.0001837461144,-0.0003441446667,,,-0.0001565082907,-0.0001413420122,-0.0004395350255,-4.731237017e-05,-6.891271964e-05,-0.001949005455,0.000313582364,,,,,0.0006681353123,0.0006349327615,2.643066681e-05,,0.0001217302937,-0.0006656942029,-0.0005405805201,-0.00226773893,,-0.001927652344,,0.001049275918,,,,,,-0.002044066653,0.0006283599145,0.0001882881215,0.0008580159341,,-0.000327448441,-9.801247528e-05,-0.000624883665,-0.0003037988808,-0.0004037397361,1.451768733e-05,0.0008781338366,,-0.002119769223,,,0.001192443265,0.0006088719546,0.001271536949,-0.0004652595248,0.001145140173,-0.0001301264179,-0.0002396546387,0.0008547936757,-0.0009409647236,,,,,,,,,,,0.0002510174403,0.0007598506885,-0.0001271992535,0.0001180792023,-0.0008193716794,-0.001938041999,0.001196572122,-0.0003732444059,0.0009995439068,0.0001248115244,-0.002242945436,-0.001818426228,,-0.002008415814
1997-02-28,-0.002213488246,,,,,,0.001323171985,-0.0007725767414,-0.0003519168512,-0.0004141090409,4.899192724e-05,-0.0002556861961,0.001662204844,0.0003950735656,0.0002942071306,0.0005246825963,-0.0004082356014,0.001357274776,-0.0007845070278,0.001301002809,0.0001829128876,0.0003686634126,,,0.0003080676695,,0.0008349602673,0.0005389347132,0.0006478081582,,,-0.0002104194401,1.566205576e-06,0.002309731301,0.002119788648,0.001414937978,0.001616336278,0.0001803024433,,,,,0.000292461976,0.0005895946818,-0.0001339158014,,-0.001295132486,0.001233660061,0.003657542987,0.002223069244,,0.002993300316,,-0.001217727119,,,,,,0.002580346556,0.0004870764447,0.001460518829,0.001825605888,,0.002181442326,-0.00090351778,0.00125000067,-6.447536045e-05,-0.0003955236465,0.001664450116,-0.0002930679712,,0.002621792006,,,0.0002095484627,0.0005327396253,-0.0007739381498,0.00346167199,0.0003429831232,-0.001566755412,0.00272425942,0.002339882865,0.001449683603,,,,,,,,,,,-0.001701420475,-0.0003165050913,0.0003665478682,0.0004266930113,0.0009576769545,0.004153717034,0.001554367134,0.003602391724,-0.0004093670917,0.00198546789,0.002953832193,0.002523914309,,0.003111311179
1997-03-31,0.003995475171,,,,,,-0.0005310355458,0.004944736115,-0.002977118083,0.001092883716,0.001874784698,0.001791127675,-0.001015829709,-0.000416518324,0.00498643247,-0.0002601242756,0.002896451834,-0.002114504202,0.002405177794,-0.001765826177,-0.004758934699,0.002752848705,,,0.00145822758,,-0.0009757655956,-0.000573347404,-0.002753061446,,,0.002740579448,-0.003156071619,-0.002191674105,-0.00294591532,-0.002547004683,-0.0008611982363,-0.002117437546,,,,,-0.004153271524,-0.003212476317,0.002631329546,,0.00325583525,-0.000453968755,-0.00230629983,0.002442750445,,0.003865184532,,-0.007247447651,,,,,,0.0005965817216,0.003151182051,0.001336393684,-0.001795436735,,-0.001822416675,-0.002280828418,-0.004040304418,-0.002039038711,0.001743948593,0.002512284106,-0.001141113459,,0.0008238641352,,,-0.002676967794,-0.001458291312,-0.002730070841,-0.002562371758,0.001360788782,0.00380916598,0.00086564814,-0.003856551732,-0.002875970755,,,,,,,,,,,-0.004651942091,-0.003443645368,-0.0002654860218,-0.004008065411,-0.001591015136,-0.0008562965599,0.00247690469,0.002419659053,0.001508994527,0.001343659716,0.0007301401092,-0.0003732092853,,0.002851689204
1997-04-30,-0.0003220848359,,,,,,0.0001061867866,-0.0007460200712,0.001086534761,2.27705875e-05,-0.001239600639,-0.001064839854,0.0007954406518,0.0006494207882,-0.0005889724898,-0.0005156927822,-0.001163979466,0.0003052409768,-0.001077604063,0.0001297951686,-0.0004784476681,-0.0003305767375,,,-0.001112204172,,0.0005729855007,0.001671050569,0.0009650116763,,,-0.0009359031685,0.001985044037,0.001071698395,0.00131066061,0.001383087871,0.000296948792,0.001741053736,,,,,0.001810763485,0.001637493529,-0.0004467044128,,-0.001357462149,0.0008895576969,-0.0009426069884,-0.001264252097,,0.001023756466,,-0.002792718333,,,,,,-0.0004376138094,-0.001054197058,-0.001555674124,-8.173566981e-05,,-0.0005915858893,-0.0004770999175,-4.114879385e-05,-0.0003614119595,-6.497968162e-05,0.0003408098018,0.0003503388288,,-0.0001923375925,,,0.00122642295,0.0007880017024,0.0006918575356,-0.0007880899874,-0.0005843345537,-0.0008420447302,-0.00159733921,0.0003677165097,0.0003674446786,,,,,,,,,,,-0.002782587278,0.000277360237,0.0006882287829,0.0005348763655,0.0003491032976,-0.001111468445,0.0009845472159,0.0007776526527,0.002120403168,0.002237670386,-0.0007288323923,-0.0005935229028,,0.000378140966
1997-05-31,-0.002105083853,,,,,,-0.0001393558172,0.0001199158258,0.0003674055559,0.001090016268,0.002324376838,0.001772706175,0.0001189280873,0.0008031536813,-0.0001320926876,0.001057641134,0.000132896281,0.002019151133,-0.001888204856,0.003014788491,0.0007838459445,0.00123060437,,,0.001501713485,,0.001509761624,0.001047299047,0.001647882829,,,-0.001326054533,-0.000160916734,-9.50125493e-05,-0.0003638274582,0.0001360172521,0.0009207905595,0.000954841845,,,,,-0.001083380708,-0.0004730327715,0.001176430329,,-0.0002942808616,0.001713860126,0.001352890753,9.825895492e-05,,0.00188560993,,-0.001611307547,,,,,,0.000194896769,2.296032748e-05,-0.0006724097056,-0.0004404681728,,0.005211953996,0.004843742723,0.0044879867,0.004087867764,-0.004589119056,-0.004815698415,-0.0008438321162,,0.0003241402736,,,0.000204599056,-0.0001619110519,-0.0003295532864,0.001393886682,-0.000964200784,4.829061039e-05,-0.0008960279309,-0.0006132818391,-0.000169546762,,,,,,,,,,,-0.001488211504,-0.001163423812,-0.0009922645388,-0.0008200373486,0.0009952053339,0.001535837863,0.0007428095587,0.0004301971474,0.0008233512597,0.0005395443928,0.00104488727,0.0003115060331,,0.001646859148
1997-06-30,-0.0008949841044,,,,,,0.001234720336,-0.002458587391,0.002254779859,-0.0006703051649,-0.001658243482,-0.0003956758011,0.001216806062,0.001312752077,-0.0008950363615,0.0004097406895,-0.0006262718647,0.001859771252,-0.001671529417,0.001601832603,0.0004155272012,-0.002587933919,,,-0.001047470632,,0.0004294098743,0.0008838028137,0.001172100393,,,-0.0007607621865,0.002722741238,0.003096363159,0.001801472276,0.003356545959,0.002317110374,0.0009923421339,,,,,0.001887866775,0.003310754492,-0.001032925046,,-0.002452184785,0.002766471005,0.001544037951,0.001854503841,,0.002983282789,,-0.001921052773,,,,,,0.001625005501,-0.0002994851355,-0.0001139687225,-0.00159647899,,0.007714933967,0.007645743501,-0.005804488126,0.00904695812,-0.004129703728,0.004011730948,-0.0003774593611,,0.001423054553,,,0.0004881557142,0.0009905728143,0.0001712196395,0.001702212278,0.0007192483806,0.001745816837,-0.00205529913,-0.001628061694,0.00133934056,,,,,,,,,,,0.0001556490338,0.0008743141156,-0.00287017066,-0.001272114039,0.0002763757844,0.001653138846,0.001741240787,0.003358888643,0.001028174295,0.002275703767,0.002030471925,0.001130306658,,0.003240916659
1997-07-31,-0.004659133715,,,,,,0.0006266098556,-0.002237044496,0.003940281455,-3.862178755e-06,-0.008251204734,-0.003476879865,0.004343810175,0.00134998586,0.0009927794662,-0.004649060368,-0.005572081876,-0.001434684806,0.0001911340065,-0.001322568988,-0.001015688441,-0.005264722692,,,-0.004924347011,,-0.003608973438,-0.0007804691211,-0.002019344116,,,-0.001847723766,0.008095337273,0.009475734807,0.005921793656,0.009210963337,0.00665868376,-0.001112302218,,,,,0.005659989167,0.007202749222,-0.006150770715,,-0.003698121746,0.002332859849,0.006130866053,0.003358045108,,0.004038107213,,-0.00293178557,,,,,,0.004241078275,-0.0008802847875,0.0007374190209,-0.004431114292,,0.003070725359,0.004673353962,0.004062050947,0.004468358302,0.004696435896,0.005505429638,-0.00181408884,,0.004070075422,,,0.001420152193,0.005213450838,0.001194439888,0.006324616089,0.003194907755,0.006787276297,0.0017277753,-0.003388333037,0.003021701902,,,,,,,,,,,0.006609695415,0.004691653984,0.003681739844,0.001606539108,0.002317411837,0.006012618596,-0.0005262287121,0.004027748664,-0.0004003381176,0.003063309919,0.004331144567,0.004143043979,,0.004830378809
1997-08-31,0.002225637679,,,,,,-0.003497559247,0.002187251279,-0.004167859449,0.002025330823,0.006233621479,0.002205844121,-0.003032331449,-0.002822623317,-0.0004910234056,0.0009729358671,0.00194315366,-0.0009416027509,-0.0005416497185,-0.001131316965,-0.002982182674,0.003226280099,,,0.0003352151972,,0.002848222871,0.00191561858,0.002145661162,,,0.003612477221,-0.003849215835,-0.005424203451,-0.006629574451,-0.005861628794,-0.00380558144,-0.001753473753,,,,,-0.004517381002,-0.005948260125,0.003123494869,,0.004514279324,0.000794327878,-0.00227762492,-0.0008702144244,,0.0002160258439,,-0.002761272856,,,,,,-0.001280147365,0.002447111033,6.995583661e-05,0.001584613142,,-0.001722316055,0.001221208311,0.0001234070374,0.0007872404426,-0.001841646363,0.001359068633,0.001467011959,,-0.001046373667,,,-0.001173497804,-0.002037973814,0.0004154046179,-0.002386238067,-0.00224561381,-0.00294747945,-0.003165282383,-0.001693505049,-0.0005050561606,,,,,,,,,,,-0.007642031484,-0.004845497714,-0.004942859872,-0.00459497156,-0.001663987041,-0.002269897992,0.0002092822528,-0.000172320279,0.001871659014,0.0005376850042,-0.0008825383258,-0.0008774413266,,-5.298219762e-05
1997-09-30,-0.001947931393,,,,,,0.0002396346994,-0.0017066714,0.001185762415,-0.0007585791278,-0.00228032652,-0.001992515181,0.001706499816,0.001103466104,-0.0001435517197,-0.0004596030092,-0.001045404762,0.00021999092,0.0006749781003,-0.0004857847805,0.001542297474,-0.002512168196,,,-0.00155732788,,7.305069953e-05,-0.0006455862343,-0.001535709642,,,-0.0008558436599,0.003156134443,0.003367780655,0.001920143453,0.004163029144,0.002841964815,0.001248123161,,,,,0.002189898208,0.002917553808,-0.001873550204,,-0.001723238259,0.001617170553,0.0008051639746,0.001093400117,,0.001630839222,,3.181204769e-05,,,,,,0.001060587997,0.002405186199,0.003124892824,0.003233474147,,0.0002753153506,0.0007986050992,0.000946314954,0.0007322198454,0.0001143595788,8.398569997e-05,-0.000289408536,,0.001086110371,,,-0.0004646592738,0.0006197023059,-0.001056713199,0.0008851790512,0.00257836357,0.001606533692,0.003906142087,0.00370338309,0.002033184109,,,,,,,,,,,-0.003746125275,0.002787458294,0.003813140659,0.001806352709,0.0005592275525,0.001533973856,0.001399026408,0.00154271429,-4.800071609e-05,0.0006813665282,0.001123793126,0.00101153539,,0.001535247651
1997-10-31,0.001919248707,,,,,,0.001699599897,-0.002250006633,0.003165343846,-0.0009325228059,0.0001362071594,0.000104179621,0.0003198260264,0.0006536404391,-0.002566143266,0.001559538915,0.0001891765562,0.002287136175,-0.001675947573,0.001823918388,0.001865560441,-0.0007223082823,,,0.0005005663302,,0.0006523379148,0.0007365620722,0.001840656631,,,-0.002709390575,0.001145775324,0.00103494915,0.001709769365,0.0009846963518,-0.0001315940724,0.002680234459,,,,,0.002277278752,0.001502380789,0.0005925461124,,-0.00273342593,0.0006777487585,-0.004806198712,-0.002542318984,,-0.002216786274,,0.0005691505262,,,,,,-0.002473228673,-0.000241181534,-0.001647619404,8.956528544e-05,,0.0013186994,0.002226333955,0.0005904438709,-0.0003465478491,0.003457297715,-0.0003686538068,0.0007072196452,,-0.002883292409,,,-6.136388839e-05,0.0005243712752,-0.000483578374,-0.004723184178,0.001077123019,0.002592363356,4.832958199e-05,0.0004748746718,4.011966016e-05,,,,,,,,,,,7.879107024e-05,9.017712757e-05,0.0004827420055,0.0004178273516,-0.001394186641,-0.005057213484,0.003056012113,-0.00012789561,0.003122031245,0.0006827685689,-0.002737383893,-0.0019922402,,-0.00325950569
1997-11-30,-0.0009921851983,,,,,,-0.0002127521885,-0.0002792116182,-0.0009138685943,0.002092912399,-0.002067863894,-0.001200136495,0.00121371376,0.002895920185,0.004047719468,-0.002487411837,-0.002398406329,-0.002518309925,0.003344040773,-0.002609628106,0.001222244279,-0.005641618736,,,-0.003331175964,,-0.002380461833,-0.001866841727,-0.001816998987,,,0.001957395944,0.0008514191003,0.003242044639,0.001597907528,0.003992567695,0.004642869553,-0.0008927336969,,,,,-0.000965317431,0.002739661294,-0.001584308125,,0.0008211952857,0.001067838218,0.003484140563,0.003478107419,,0.006036191944,,-0.003542447811,,,,,,0.003880109137,0.001158480627,0.001459765695,0.001829701607,,-0.0007306991817,-0.0005372051577,9.822546564e-05,-0.0006700344844,0.001242303716,-0.0002011239148,-0.001612798826,,0.003613818691,,,0.00144178334,0.001653960445,0.001200619362,0.003513659171,0.002343850974,0.001440399689,-0.0008574686692,0.002653431923,0.002594950121,,,,,,,,,,,-0.00618954576,0.0007695865722,-0.002556697586,0.001643512591,0.000930828302,0.003777489825,0.001598771425,0.004958356469,0.001447679968,0.003980828338,0.003358774643,0.003244482648,,0.005325780038
1997-12-31,-0.000999096038,,,,,,0.001106929502,-0.0006257772569,0.001667257072,0.001290757562,-0.000637223571,-0.0002719960553,0.001221418406,0.001809998334,-0.001494116643,0.0007634627362,-0.0008062121328,0.001363269525,-0.0005575334496,0.001491626008,0.002613590113,-0.0006087862093,,,-0.0001586021445,,0.00138722444,0.001321832628,0.001544158602,,,-0.0002181618851,0.001074410956,0.0009471766454,0.001423299863,0.001232519083,0.0001104093323,0.00140491682,,,,,0.00168700862,0.002374175708,-0.0007858503867,,-0.0007955726763,0.0008021537071,-0.0001854475403,-0.001229518584,,-7.80687598e-05,,-0.001258218039,,,,,,-0.000495416626,0.0002882847311,-0.0001852190174,0.0005726444946,,0.001331437104,0.0009018170358,-0.0007879663311,0.0005891528948,-0.002016145673,-0.000172846265,-0.000255562016,,-0.0009442730818,,,0.0009155259077,0.0006967133915,0.0008197865409,-0.0001630319104,6.879892274e-05,-0.0007472867424,-0.0001726220632,0.000844127395,0.0003007504277,,,,,,,,,,,-0.001177937918,0.0003258252886,-0.001274193574,0.0003130402127,0.0007866017123,-0.0001689620607,0.001883486547,0.0007978544688,0.002424573934,0.002343435794,-0.0004007545511,-0.001112511057,,-0.0003187039869
1998-01-31,-5.770081703e-05,,,,,,-2.935502918e-05,0.000491431359,0.0005506729632,0.001573077469,0.00195770937,-0.000296527228,-0.00180927376,-0.001113924004,-0.003065057944,0.001547130865,0.0004369461138,0.003108503983,0.0001953615854,0.002505731354,0.002901348944,0.0007826008086,,,-0.0004483265454,,0.002775499132,0.003172965375,0.003669997117,,,0.0009929761398,-0.001747829267,-0.0030540336,-0.0007951665042,-0.002740850212,-0.002803360819,0.0008108816825,,,,,0.0001235930478,-0.001682493811,0.0004367305626,,0.00165834648,0.003089757667,-0.004637053271,-0.004600828682,,-0.004221791163,,-0.0008466469009,,,,,,-0.004352723358,-0.001435297872,-0.002297883529,-0.002140570085,,0.001058591602,0.0002738487263,0.001235616467,0.000561315129,0.0001857924291,-0.0006287085066,0.0002884305938,,-0.004025104987,,,-0.002784407769,-0.002995041278,-0.001037065378,-0.004513028677,-0.002968481999,0.001556044997,-0.00241633147,-0.003857923913,-0.003026859885,,,,,,,,,,,-0.0007976197321,-0.002960888394,0.0007838946562,-0.002189240322,-0.001647032018,-0.004606731919,0.001435003488,-0.002725499978,0.002977315071,-7.373639226e-06,-0.003901291329,-0.003775367278,,-0.004856615839
1998-02-28,-0.0001728031823,,,,,,0.0005004981928,0.0009516357191,0.001222642754,0.001339528786,-0.000869516446,0.00110689348,0.001306839216,0.002798235328,0.002667642359,-0.001071452801,-0.0009618862923,0.0002510596326,-0.001817763709,0.001020070303,0.001097975503,0.00117432359,,,0.001859354948,,-0.0001433136111,-0.0004554663574,-0.0005378163065,,,0.0002007852026,0.001612133124,0.001688512866,0.0009623964365,0.001650279254,0.002157925461,0.0002653337161,,,,,-0.001139955999,0.002408774846,-0.001370287327,,0.0005539209427,-0.001055042643,0.002414869085,0.002171322675,,0.003952028438,,-0.002946668828,,,,,,0.002281897507,0.000945297073,0.0002339449872,0.0002022197631,,-0.0009012745502,0.00131039381,0.001215052842,0.001171909628,-0.00313688694,-0.002260232372,0.0001123655546,,0.001796941487,,,0.001364452818,0.0017912525,0.000834962247,0.002834010873,4.872708528e-05,0.001109206292,0.0005027521675,-0.0007052598558,0.0006361372598,,,,,,,,,,,-0.003985572201,-0.001046197999,-0.0002691749475,-0.001542470302,0.0003089720545,0.00182844149,0.001342007909,0.003508641681,0.002107451134,0.004043061818,0.00235626486,0.002095800423,,0.003307663383
1998-03-31,-0.001071352567,,,,,,0.0005755902992,0.0002709366503,0.00132953805,0.001252963867,0.000106299545,0.001149023024,0.0005996977704,0.001509360391,0.001129021854,-0.0001659400602,-0.0003149460406,-0.000909097538,-0.001178538238,-0.000704412077,0.001164513313,0.0001498211427,,,0.001264905376,,-0.0004125450407,-0.001705811438,-0.0001000581839,,,0.001299531689,-0.0006040759867,0.001559837734,0.001100472789,0.001344042079,0.001824994506,-0.001648842119,,,,,-0.0004193161746,0.00128671753,-0.001124016766,,0.001550774832,0.001065153574,0.002502043322,0.002868609334,,0.00354455063,,-0.002170923934,,,,,,0.002198808773,-0.000106195676,-0.0005463377902,-0.000203272761,,0.001687258746,0.0002340396097,-0.000557251217,0.002300212869,-0.0002644706028,0.0003616324114,0.0001866691995,,0.00247397381,,,0.001145547464,0.0009738876168,-0.0001976825501,0.002487811183,-0.0002719581776,0.000599177412,-0.0009331670439,-0.0009503844313,-0.0004111033321,,,,,,,,,,,-0.0003340712681,-0.0007485248012,-0.001047330398,-0.0007621832125,-0.0003958103754,0.002953227031,-0.0001078625064,0.002264118268,-0.0004821792952,0.0004692380429,0.003388390395,0.002348651328,,0.003562288488
1998-04-30,0.0004744546027,,,,,,0.0006893366364,0.000303396689,0.0003823668088,0.0002254639153,2.626086124e-06,0.0007576164993,-0.0005619196943,-0.0002441979068,-0.0005402179825,-0.001039382075,-0.0006371403383,-0.0008607675341,-0.0001659186468,-0.0002986195821,0.0004708875336,2.976550026e-05,,,0.0005808532777,,-0.000775131448,-0.0007845223607,-0.0009832868752,,,0.001117642587,-0.0002072221976,0.0003616766794,0.0007502693147,-0.0003806052251,-0.0003071792785,-0.0005659396846,,,,,9.164418323e-05,-3.819542624e-05,-0.001014261732,,0.0006025479105,0.000508336535,0.0003731445743,0.0002416981008,,0.001607084061,,-0.000637917424,,,,,,0.0001994801109,-0.0004575129888,-0.00037288591,-0.0002081065828,,-0.0003165188141,0.001019346126,0.00202318961,-0.0004642240281,-0.0009433362241,-0.001602575503,-0.0006988717571,,0.0006965116101,,,0.0003869829251,0.0001781415721,0.0005812039528,0.0003864940438,-0.000608183317,0.0004400297079,-0.001154526978,-0.0005259056787,-0.0005056369588,,,,,,,,,,,-0.0009519507357,-0.0006129384062,-0.0005852885193,-0.0005372253852,-0.0001489929661,0.0007546377411,0.0005396185249,0.0007831596029,0.0007195400592,0.001001960464,0.0001656666423,-0.000154568829,,0.001658017126
1998-05-31,-0.0002145085705,,,,,,0.001480404168,-0.0005348411826,0.001594977626,-0.002734244698,-0.003480461519,0.001768856284,-0.0003662839204,0.002712635231,0.001818209975,-0.001834258786,-0.0008584494065,-0.002570875889,-0.00150821264,-0.002504961187,-0.00115763827,-0.0009082931059,,,0.0003940068363,,-0.002736389963,-0.002118067222,-0.003514105922,,,0.0001191675071,0.001498037143,0.00384440585,0.003027949818,0.003221397776,0.003327662008,-0.0003032234397,,,,,0.001406621997,0.003191994602,-0.003178753656,,-0.0008469967036,-0.0006388046365,0.002528852408,0.002943087548,,0.003203258776,,2.553283538e-05,,,,,,0.003483524764,0.002614503932,-0.00159009635,0.0007357016318,,-0.0009682700338,-0.001119561167,-0.001854318648,-0.00082023869,-0.001995082394,-0.001073460904,0.0006165749913,,0.002668574572,,,0.002721916074,0.001482249516,0.001641619908,0.00250830043,0.002781759336,0.002806466702,0.001247096618,0.001070904994,0.0007117985333,,,,,,,,,,,4.504700208e-05,0.001294372959,0.003558114415,0.001149893203,6.739812653e-06,0.002600015229,0.001547975291,0.003498685118,-0.0005349623656,0.001439169982,0.003235419542,0.00357919925,,0.003640309758
1998-06-30,0.0003501630664,,,,,,0.0003848960035,0.00187289265,0.0009818386191,0.001168325822,0.0002905447286,0.0006356261973,0.0001754757634,-0.001230832524,-0.002080476514,-0.0004483494138,-0.001994460313,-0.0009652637266,-0.002037860857,-0.0001604300023,0.0003896071578,0.001721065693,,,0.001185773238,,-3.127542959e-05,-6.282366773e-05,0.0001154613447,,,0.0001507742682,-0.0001713494339,-0.001522784639,0.0008884404513,-0.001027455628,-0.001654422074,0.002246779532,,,,,0.001488550151,-4.683272732e-05,-0.00147759867,,0.0006315987132,0.001567367835,-0.00225598887,-0.0007489613623,,4.420479373e-05,,-0.001826358313,,,,,,-0.001733195291,-0.001131913684,-0.001027536699,-0.002609177583,,0.0001789755928,0.002032208362,0.0002102778987,-0.001582273759,-0.0002096048789,-0.001353327437,-0.0002470289182,,-0.002162124782,,,0.0003607744449,0.0005854489803,0.001145569265,-0.002264140812,-0.0003251493433,-0.0005188210466,-0.000618708836,-0.0009404916324,0.0001631693194,,,,,,,,,,,-0.001702241053,-0.0001652817362,-0.0004153375289,0.0005267552482,-0.001528999916,-0.002592320955,0.001569745423,-0.000375441511,0.00278967567,0.002294705773,-0.001516913397,-0.001819812658,,-0.0005543103313
1998-07-31,0.0006618670611,,,,,,-0.0008317575977,-0.0009399231941,-0.002883600801,0.002625838043,0.005418583457,-0.001404846008,-0.0004782237883,-0.001894934737,-0.001842158829,0.0003019433852,-0.0003137789229,-0.0001141478928,-0.003365442596,-0.0005943003088,1.370997203e-05,2.44566039e-05,,,-0.001477133957,,0.003821218636,0.003394395118,0.002534341542,,,0.001432882191,-0.003632855613,-0.00330591173,-0.003387406184,-0.003594207931,-0.002706057054,-0.0002161194579,,,,,-0.002941980362,-0.003652430214,-0.0007627716548,,0.001779353618,0.001990940958,-0.00300851032,-0.002271329456,,-0.001300594068,,-0.00177742778,,,,,,-0.00254467868,-0.002285155249,-0.002304438095,0.000174757692,,-0.001908091352,-0.00296912408,0.001446984095,-0.003094378757,-0.002891829468,-0.004294090734,0.0001190096057,,-0.002705035845,,,-0.002315547536,-0.002514763375,-0.001926752203,-0.002993604772,-0.004543725835,-0.003429236156,-0.004701255028,-0.002288338154,-0.003083456045,,,,,,,,,,,-0.002217974794,-0.003788183902,-0.004291538779,-0.004325667234,-0.0006143795678,-0.002925110393,0.001995853799,-0.001598483123,0.003073302068,0.001854533094,-0.002874480347,-0.002900242178,,-0.001706569364
1998-08-31,0.0102650524,,,,,,-0.003979379275,8.501291116e-05,-0.006128867889,0.008743052744,0.00975816239,-0.002813282175,-0.0001597875396,-0.01505287598,-0.01606725824,0.003193238916,-0.0008118218233,0.002493317547,-0.001422198915,0.003095035422,0.003864848921,0.00225701822,,,-0.005687873006,,0.006830400288,0.008022160205,0.008442594423,,,-0.003630761729,-0.008213333768,-0.01759847275,-0.009952390194,-0.0178185937,-0.01941287862,0.0008874265177,,,,,-0.002827845978,-0.01422281664,0.0008141507483,,-0.002891225908,0.003121712809,-0.02663596388,-0.01642145804,,-0.01622668024,,0.003125446033,,,,,,-0.02453432947,-0.007840949591,-0.006478619715,-0.005877700637,,-0.01135681117,-0.006000251793,-0.002581670745,-0.01366270303,0.009471581455,-0.007095870926,0.0006088538531,,-0.02373518534,,,-0.00825368939,-0.00444718994,-0.002958487178,-0.02627743534,-0.003037319456,-0.0003701991714,-0.006114719615,-0.01227270046,-0.008833171515,,,,,,,,,,,0.009640163706,0.004847391243,-0.002504719295,-0.01558288423,-0.006827585737,-0.02758771317,0.002846398632,-0.01186723893,0.01103500096,0.002047580711,-0.02298797468,-0.02185456333,,-0.01829448419
1998-09-30,-0.0002094865406,,,,,,-0.003514495035,-0.004634270551,0.001023237871,-0.006081057654,3.705238056e-05,-0.003204451756,0.001580602087,6.213163677e-05,-0.002291302853,0.006897809092,-0.000483360823,0.008034156524,-0.003492843669,0.006396856088,0.004062020916,0.002178142579,,,-0.0009557250475,,0.003656354068,0.003606754777,0.00588109729,,,-0.004754301478,0.004330750494,-0.002786362127,-0.0002623699917,-0.001620905985,4.621416568e-05,0.005302830068,,,,,0.002927214378,0.001161641018,0.001721777206,,-0.00660433969,0.007129814927,-0.01132310266,-0.008173996046,,0.001215434349,,-0.008964885121,,,,,,-0.004592718703,0.004420927423,0.004645404533,4.533489239e-05,,-0.00179644688,-0.001853282551,-0.003925477906,0.001556055063,0.0009246917613,0.001913073918,0.001292913369,,-0.008187732287,,,0.0005368273528,0.001869081231,0.0007861075775,-0.01149677373,0.005670937372,0.006617768232,0.002681942166,-0.0001705563797,0.005533009386,,,,,,,,,,,-0.00106987007,0.00102996507,0.001920581178,0.001316357977,0.001710216018,-0.01095595458,0.006146806268,-0.001311288437,0.005361558682,0.004317387817,-0.009314185447,-0.006200612668,,-0.002512871699
1998-10-31,0.003452743164,,,,,,-0.006608960973,0.0008534440657,0.0007613230292,-0.001445394163,0.0005590193852,0.0002120641882,-0.004166118714,-0.009095420377,-0.003470094374,-0.002519530539,-0.003453125148,0.001600694436,0.004848616675,0.002855245955,-0.000461232762,-0.0005176390471,,,-0.005686107834,,-0.003760464676,-0.003810099018,-0.000392970596,,,0.001565750996,-0.006980174527,-0.002448364703,-0.007414073795,-0.004434941051,-0.007041788774,-0.005433193943,,,,,-0.007298743758,-0.009207960723,-0.002089496366,,0.001379304702,0.002336806137,-0.006399558716,-0.005136524914,,-0.002026881997,,-0.004290966303,,,,,,-0.002968157386,0.001105260694,0.00661465414,-0.0005188691759,,-0.0006639497314,0.004146517424,0.00540782644,-0.005991713371,-0.004919755761,-0.005489916261,-0.002285374177,,-0.003380319201,,,-0.006490386098,-0.004411691016,-0.003278924927,-0.006497528027,0.002314084324,-0.003251893662,0.007309674308,0.003882959626,0.003568697784,,,,,,,,,,,-0.005553682733,0.0020167701,0.004094688763,0.003255498411,-0.003906830449,-0.006575034841,0.002106378229,-0.00192912201,0.004944778892,0.002699521378,-0.004760925509,-0.002903016292,,-0.003259770373
1998-11-30,-0.008929128892,,,,,,-0.004444501021,0.001811038683,0.01053710267,-0.01293388286,0.02312006484,0.006801799841,-0.01091272973,0.01928006131,0.02214209068,-0.0001890115457,-0.005136536158,0.009153313512,0.011510307,0.009521584685,0.02369863612,-0.02028671808,,,0.00202800617,,-0.006785893884,-0.00914439305,-0.01006190346,,,0.02387250111,0.02163828145,0.0269577103,0.0008907591006,0.02431931401,0.02401637623,-0.008626250241,,,,,0.001930919893,0.01636701702,-0.008861516087,,0.02199523169,0.01146892442,0.02084177241,0.01425008679,,0.01877069298,,-0.007500613873,,,,,,0.02333323836,0.006274985749,-0.002797118583,0.0001017477651,,0.006353971775,0.008392868853,0.004867747034,-0.01703070726,0.01110925884,-0.01272595918,-0.009239501596,,0.01774654013,,,0.004026851364,0.006425128448,0.001146250957,0.02095179691,-0.01898127845,0.00750268682,-0.0227638481,-0.02078676136,-0.02012284862,,,,,,,,,,,-0.02170828919,-0.02414417054,-0.02503370032,-0.02550552185,0.001589968302,0.02246827466,0.003967865575,0.01664302909,-0.002609839831,0.005896210384,0.02203552695,0.0203101902,,0.02329871079
1998-12-31,-0.0003690279816,,,,,,-8.149354106e-05,0.0001216835776,-0.001063348836,-0.005781923731,-0.001444241525,-9.075116662e-05,-0.004524315241,-0.001319311325,-0.002701108681,0.001259246783,-0.003818860768,0.001869552452,0.0007453186604,0.0007667878548,-0.0001239502161,-0.001539088613,,,0.00143721618,,-0.001361192411,-0.002153443833,0.0002011006671,,,0.003247637609,0.001663380826,-0.001718829621,0.0003494154049,-0.001462103004,-0.001327687866,0.001990131215,,,,,0.002454920235,0.0001066080959,-0.00469997733,,0.002054316233,0.001290055009,7.963630891e-05,0.001555292635,,0.00691052774,,-0.006262334627,,,,,,-0.0003619699046,0.0002703604223,-0.0002602427752,-0.003617493844,,0.002092989911,-0.0002566064021,0.001201960027,0.002321448813,-0.0001335945266,-0.001529435337,-0.002751239961,,0.000356027076,,,0.001124283284,0.002290034622,0.003704221193,-1.255794979e-05,0.0008787481988,0.002195999047,0.0008412427981,0.0008863557587,-9.962893479e-05,,,,,,,,,,,-0.004372777318,0.001401666757,0.001192146743,0.001295346274,-0.0007663390096,-0.0003465085778,0.003913279996,0.005536412105,0.005302124189,0.006162600775,-0.0001298601512,-8.601526553e-05,,0.004250450824
1999-01-31,-0.001682606087,,,,,,0.0005164107102,0.0002088728487,0.005792158604,-0.003043774358,0.006010579014,0.0005294608922,-0.001015927102,0.003975284,0.004888027319,-0.0008234940219,0.0003272082018,0.0002872588543,0.001488622064,0.001074342602,0.004075139303,-0.003828841315,,,-0.002773699112,,-0.002295102066,-0.002033208111,-0.0004918761798,,,0.004759744515,0.001715784512,0.005291608111,0.002173158117,0.004950411309,0.004659720197,-0.0009212758673,,,,,-0.00209687474,0.002219970399,-0.002638695868,,0.005832834993,0.001516792873,0.005982321316,0.002596367438,,0.003783759912,,0.0005832388329,,,,,,0.005340056726,0.001143838681,0.002065173903,0.0003985465158,,-0.0006650486427,0.004718423774,0.002108157968,-0.001119294725,0.004289029868,0.001529986653,-0.003054581942,,0.004466119072,,,-0.003920426712,0.0007637369909,0.0002393837824,0.005989784207,-0.004264692784,0.00156315733,0.003514013807,-0.005182828672,-0.004836392924,,,,,,,,,,,-0.00490101874,-0.004903420263,0.003662905905,-0.005691818293,0.0007324447073,0.005994818336,-0.002153589833,0.003378019433,-0.001653733794,0.001416762896,0.004350325481,0.005287104053,,0.005986105142
1999-02-28,0.0007208941685,,,,,,-0.00424842889,0.0008756122396,0.005329312808,-0.0008952827073,0.003867029879,7.074091812e-05,-0.003346636817,-0.00129641456,0.002941632679,-0.002467408367,-0.003814460075,-0.0009414989921,0.00318374014,0.001664899728,-0.00236677776,-0.003951546778,,,-0.005826448054,,-0.006336603184,-0.006109378661,-0.001911852805,,,0.007433871111,-0.004024956841,0.002533432542,-0.004152744467,0.001616942568,-0.0002829610392,-0.003378328859,,,,,-0.007886560718,-0.005377435026,-0.004220884689,,0.007138077235,0.0007680188418,0.003867475517,0.00249630619,,0.004683369817,,-0.00149191526,,,,,,0.003318150455,-0.00244012161,-0.001567967186,-0.004501312843,,0.005987440873,0.000803258751,0.002170560832,-0.0009275836388,0.003543710764,-0.00276744865,-0.001410787437,,0.002546417532,,,-0.00406931025,-0.003518235416,-0.00198111892,0.003792851646,-0.005596589636,-0.0006273751067,-0.0002579954545,-0.005723494046,-0.006104440148,,,,,,,,,,,-0.002170035986,-0.004124595311,0.0002466038807,-0.002532142987,-0.002101479907,0.003787329595,-0.0006616446071,0.003374000651,-0.0002378986653,0.00109924283,0.003239301893,0.002259004045,,0.005094867105
1999-03-31,-0.0001116598506,,,,,,-0.002007059757,0.002983054533,-0.001227904064,-0.004211458018,-0.0003461199333,-0.0004525473318,0.00166186224,0.0004254211258,-0.000201768408,0.0006292589573,0.002410650629,-0.0008031367116,-6.803081724e-05,-0.0002817965707,0.001093356212,0.00153469199,,,0.001389438648,,0.0009386147038,0.001513549398,0.001728393877,,,0.002499730749,0.002836405205,-0.0006018114162,0.0005269343767,0.0001633848981,0.001074857857,0.0009855355088,,,,,0.001549244732,0.00113749897,-0.002087620656,,0.001093279809,0.002208186105,-0.0005887625626,0.0004034319232,,0.002290332715,,-0.003744592634,,,,,,-0.0001853774822,0.0006953327396,-0.0006700263015,5.210866273e-06,,-0.002166216319,-0.002045452831,-0.003185682801,0.0006025841555,-0.0008312607472,0.0005516745603,-0.001116494709,,4.771194465e-05,,,0.0003289077243,-5.943496025e-05,-0.0005530668299,-0.0008828214436,-0.0008424611629,-0.00115641563,-0.001653546669,-0.001900909786,-0.0006453522466,,,,,,,,,,,-0.004687545612,-0.0008360390331,-0.001413479334,-0.001729600586,0.0006039765795,-0.0007671773464,0.002379248912,0.002914019059,0.002019304972,0.002219582972,-0.0001634920355,0.0004118348522,,0.001593110314
1999-04-30,-0.0006017628324,,,,,,-0.0006444006169,-0.0005114350102,0.003064351882,-0.001661442514,0.002431272172,0.00135057583,-0.0004431257072,0.0006864255495,0.002615032739,-0.0005686824549,0.0003717353327,0.001739738851,0.002367303594,0.002206047902,0.001355558678,-0.002608709022,,,-0.002432622344,,-0.001613363677,-0.001288194742,-0.0007366907513,,,0.002767028244,0.0005060431191,0.002542092741,-0.0003821600387,0.002472553454,0.001543483408,-0.001071213503,,,,,-0.001120885028,0.0003883829573,-0.0009509137976,,0.002210767405,0.003130421176,0.002465179102,0.002368912166,,0.004720303338,,-0.002886916193,,,,,,0.002732937885,-0.0004518156339,0.0005445410515,0.0001582257648,,-0.001088311295,-0.001585489481,-0.0007540258659,0.001742954702,0.001928666489,0.002200668597,-0.001324466985,,0.001613194148,,,-0.002850653685,-0.003111557289,-0.001006568456,0.002499566853,-0.003048063075,-0.001650809595,0.0002514618924,0.0002245646633,-0.003120424611,,,,,,,,,,,-0.002742758541,-0.003882807998,0.0007544985807,0.0008746882183,-0.001883376566,0.002529357724,0.0004117918798,0.003565848161,0.000301845366,0.001730929776,0.001355184522,0.002845439898,,0.004489044322
1999-05-31,0.002905059899,,,,,,-0.000830507429,-0.001826372319,0.002404373383,0.0008610356149,0.001469750882,0.0009476009862,-0.00194526818,-0.00245960366,0.0009356422913,-0.00153869053,-0.002367109675,0.002397580225,0.002516180142,0.002039101659,-0.0008467703864,-0.002770949061,,,-0.0031099735,,-0.003560932548,-0.003916185474,-0.002745455058,,,0.005548646033,-0.003793382507,0.001520711459,-0.00413408245,-0.0004492101195,-0.001423016964,-0.004711127099,,,,,-0.005734639417,-0.003310333046,-0.003192764167,,0.003568334309,0.0009327102233,0.001224589882,0.002445522618,,0.004168619771,,-0.004997018667,,,,,,0.00134697717,-0.0002210555754,0.0029474741,0.002423852371,,-0.003391962937,8.5585227e-05,-2.479921082e-05,-0.002662224527,-0.001832821185,-0.001098766631,-4.708594818e-06,,0.001566824104,,,-0.003958086022,-0.004204242641,-0.0008007169648,0.0007892816446,-0.003029098886,-0.001338835864,0.002336785459,-0.00105187318,-0.003252986885,,,,,,,,,,,-0.0002713614688,-0.004755537704,-0.003602025635,-0.001784350311,-0.003023394165,0.001339567611,0.001470973431,0.003743157529,0.00252191515,0.003276272297,0.001554122332,0.0009063258216,,0.004779435096
1999-06-30,0.001192818691,,,,,,0.002301804149,-0.0009890137131,0.0006147323715,0.0005628637852,-0.001296945928,-0.0005720025975,-0.003003887257,-0.004077845947,-0.002013733354,-4.359711038e-05,-0.001890742622,0.0007702825861,0.001922100274,0.001065922288,-0.002819596008,0.000929210027,,,-0.0007839242241,,-0.001437629554,-0.001952498291,4.478906188e-05,,,0.0005063054717,-0.003784298463,-0.00175682141,-0.003353180049,-0.00294274114,-0.003515609957,-0.001454155978,,,,,-0.002398931149,-0.00446558245,0.000120498368,,0.0001670930292,-0.001174377233,-0.003410530552,-0.002078769963,,-0.0002997834041,,-0.0008786890256,,,,,,-0.002767768099,0.001235255686,0.001527275201,0.002202634801,,-0.003748746894,-0.0007627391629,-0.0002548357472,-0.0008734618311,-0.00159257629,-0.0008900826031,-0.0007101130416,,-0.002668528893,,,-0.001139263418,-0.0006394721414,-0.0009106729438,-0.003529686419,0.001223416603,0.002350855044,0.001484126644,0.0001259998112,-0.00204990679,,,,,,,,,,,-0.0009597394283,0.001628956122,-0.003257395546,-0.003647473535,-0.001646938264,-0.00334278989,0.0006469304163,-0.0009310188211,0.001128048765,0.0004730254123,-0.002195248481,-0.002324676539,,-0.001339872929
1999-07-31,0.0008739000087,,,,,,0.0004727032766,-0.003164521345,0.0002062404077,0.001807907228,-0.002096722136,-0.0003971325844,0.0005173894075,-0.002894787936,-0.002835833734,-0.001291286026,-0.002033114362,-0.0006283637938,-0.0001292525564,-0.0008797830628,-0.003752091003,0.001206021445,,,-0.002080474209,,-0.0005358140005,-0.0002424045638,0.001084070317,,,-0.0006382737385,-0.002981403632,-0.002137617519,-0.001743907703,-0.003046258451,-0.00290773733,-0.0006275974739,,,,,-0.001834574666,-0.002815283719,0.0001554576068,,-0.001410242847,-0.0004253634476,-0.002104873054,-0.002239706563,,0.0001112804541,,-0.0005832694413,,,,,,-0.003186014831,0.0007633489984,-0.0002065972021,0.0001916052815,,0.001907065922,-0.00294517253,-0.0003567318235,0.003375676726,-0.002217147628,0.00212355444,0.0002330260613,,-0.002149018156,,,0.0008324270884,0.0006532151199,-1.957565885e-05,-0.002196064202,0.002473039854,0.002320217428,-0.0007910864495,-0.000374920269,-0.0005342864109,,,,,,,,,,,0.0008320562229,0.00194982781,-0.003077344615,-0.003421377589,-0.0009784599625,-0.001578450689,0.001601681517,0.0001901403777,0.0008389670458,6.327192739e-05,-0.003144891111,-0.003087587526,,-0.0005673385509
1999-08-31,0.0008983966988,,,,,,0.000729459557,-0.001320899129,0.0002271688867,0.0006186187476,3.199436558e-05,0.000703575533,-0.002384723724,-0.001725859503,-0.0001394835573,0.00115590013,-0.001458171033,1.971389365e-05,0.0003745612533,-7.994558599e-05,3.558569526e-05,0.001017679384,,,-0.0005458501986,,-0.001988915742,-0.001299579397,-0.001292683191,,,0.002005964729,-0.001709378397,-0.000384093436,-0.001479181391,-0.0007360684043,-0.001583325133,-0.0003473747403,,,,,-0.00199631718,-0.001974224558,-0.0001679295946,,0.001481373348,-0.0005127409936,-0.0004136511191,-0.0002028105615,,0.003546487045,,-0.001222258034,,,,,,-0.0001597044378,0.0004401245372,0.00150106324,0.002430252304,,-0.002284974445,0.002769000686,-0.0004759029666,-0.002508760315,-0.003113927969,-0.003907195198,-0.0006162645471,,-0.0002441390544,,,-0.0003503671443,-0.0005759247685,-0.0003953241811,-0.0003040060117,0.0006699079516,-0.001076100073,0.001024693462,0.001431008731,-0.0001857113089,,,,,,,,,,,-0.002377986536,-0.001033332729,0.0003062534084,-0.002663399889,-0.0009964462046,-0.0003291515544,0.003092718233,0.002891793073,0.003639670246,0.003904354001,0.00100099876,-0.0008155021787,,0.001725480346
1999-09-30,-0.0002029075164,,,,,,-0.0003998217883,-0.003771611661,-0.00162707735,-0.001202212391,-0.0009183738444,-0.001163692997,0.002513908809,-0.000510754454,-0.001554065308,0.002593394571,0.0033301793,0.0004039101974,-0.0005393800186,-5.359379394e-05,-0.0003340568245,0.00240594409,,,0.001500608316,,0.002916885478,0.001579293162,0.002473237249,,,-0.002200737154,0.0022437284,-0.000984753564,0.0009396664564,-0.0008433392891,-0.0001363202426,0.0001705794778,,,,,0.002634426111,0.001732448567,0.001698464193,,-0.003339516429,0.0009115609698,-0.001393079082,-0.0005045706417,,0.001718338151,,-0.003818418128,,,,,,-0.001193179578,-0.0008182125028,-0.001574421981,-0.001794185909,,0.0009616170285,0.0009679755994,-0.0007441018631,0.001152906324,0.0002641660762,0.001510306084,0.0006711723007,,-0.00120216486,,,-0.0001133712324,0.0006740874018,0.0005567854571,-0.00196972506,-0.002109770368,0.0003637964021,-0.001687064577,-0.002379490163,-0.002317227229,,,,,,,,,,,-0.003090690634,-0.00215275541,-0.0006264062855,-0.001776707511,0.0005725095739,-0.00131430685,0.00231104757,0.001955049188,0.002658485638,0.003110212034,-5.043835469e-05,-3.233985598e-05,,0.001363348564
1999-10-31,-0.001091535325,,,,,,0.001274274903,-0.0007852804107,0.00315871632,0.0009711434877,-4.472442186e-05,0.0003922966368,0.001891264379,-0.0007808806713,-0.0002635207644,-0.003421144355,-0.002303154362,-0.002440433487,-0.00212234926,-0.002593789058,-0.001972977037,-0.0009155230107,,,-0.00294862603,,-0.002314430621,-0.001663611537,0.001823979462,,,-0.000766938804,-0.001191983687,-0.0008677671469,-0.002767196262,-0.000698902951,-0.0004671837286,0.002173917208,,,,,-0.003084162394,-0.00164939105,0.001557191802,,-0.0001791842838,-0.0002622964765,0.003303423709,0.0006988058386,,0.003588368882,,-0.001401082475,,,,,,-6.889282918e-05,0.003611001248,0.002652172069,0.0001101412778,,-0.00455708798,-0.004587078319,-0.00592920369,-0.002807569633,0.005868119899,-0.004658873522,4.590052374e-05,,0.0002162068703,,,0.0009848411361,0.00122702684,0.001135612186,0.003233387128,0.004694031283,0.004465208337,0.0004825386512,0.003034782094,0.001744248457,,,,,,,,,,,-0.003221665842,0.004749113805,-0.0004420592965,-0.0006307173909,-0.0006665325373,0.003432326408,0.00133046318,0.003488643049,0.001201731667,0.003018691417,-0.0008527632988,0.0002804027908,,0.002863829899
1999-11-30,1.668027668e-05,,,,,,0.00101429248,-0.002609081966,0.0001347173963,0.0002689137408,0.005197024246,-0.003207565574,0.0004049852957,0.002644779945,0.004463634257,-0.00125985572,0.001336102107,-0.002860681871,-0.001016361146,-0.001759673935,0.002178749675,-0.00201199797,,,-0.001280290877,,0.001706606279,0.001020962188,0.001955458896,,,-0.002116728181,0.000199162365,0.003556356801,0.002969597001,0.003106136031,0.002623976468,-0.0009962635539,,,,,-0.0002921125208,-0.0001423929169,0.0005175665286,,-0.002138906241,0.003543455738,0.003707236395,0.002727148196,,0.004631783765,,-0.003163890959,,,,,,0.004806663389,0.001824316059,-0.0002972422544,0.0003770963575,,0.004047367947,0.003024138799,-0.005357513373,0.005569030661,-0.0007189101715,0.003477291481,-0.0008615594007,,0.003673894982,,,-0.002014445798,-0.00186518586,-0.002587692408,0.003641879755,-0.001171011886,0.001856195248,-0.002043274117,-0.003732978634,-0.002090758612,,,,,,,,,,,-0.001088341922,-0.001786802992,-0.004711988458,-0.004885767485,0.0003359761729,0.003875560001,-0.000954042575,0.002470454142,-0.0003405724258,0.00134581617,0.004504384321,0.003777965908,,0.004932222079
1999-12-31,-0.0005884571741,,,,,,0.0008916716435,-0.0001326269959,0.003175078974,0.001538445474,0.003450532599,0.001272233206,-0.000756734586,0.001071163897,0.002399282289,-0.00312431823,-0.001898546554,-0.002631089866,-0.001342697402,-7.249787573e-05,0.001315822756,-0.00274629573,,,-0.002131328379,,-0.002280477226,-0.002235072934,0.001043307517,,,-0.0005801907416,-0.001691572776,0.001402468204,-0.0006334863356,0.002041020648,0.00151874931,0.0008666001967,,,,,-0.002581657501,-0.001194257868,-0.001173815133,,0.002012072119,0.002854025474,0.004032464087,0.002566702461,,0.004550897617,,-0.002083265007,,,,,,0.003597738791,0.001971590068,-0.002753136514,8.462649031e-05,,-0.00512899239,-0.002986107254,0.001600422709,0.0005363228244,0.002051219242,0.005253910888,-0.0003695292627,,0.00272298509,,,-0.0009790600625,-0.001367760168,-0.002229545798,0.003948244502,0.001121076174,0.003767807823,-0.002714476657,-0.001188684878,-0.0004000816569,,,,,,,,,,,-0.00193369482,-0.002725882008,-0.001754992616,-0.002671152936,-0.001075427814,0.004183505974,0.001161487743,0.004303340704,-0.0001421858416,0.002289126545,0.002380212032,0.002573441196,,0.004632354598
2000-01-31,0.001397367468,,,,,,-0.0004437785446,0.001548381756,0.003119813777,0.0004309219108,0.004331547598,0.003120419479,7.732594126e-05,0.002985103786,0.004570955528,-0.002227267311,-0.000885850144,-0.0008294498953,0.001165232117,-0.0003925882159,0.003129865346,-0.002147467537,,,-0.0006366363158,,-0.0002477140931,-0.002051421092,-0.0008001894733,,,0.001308176694,0.001884254475,0.004840204726,0.001064354294,0.003995800667,0.003927630951,-0.002412151485,,,,,-0.00127211722,0.0008128838046,-0.001500947125,,0.000856441973,0.002926781638,0.001769469852,0.004151028163,,0.005896267035,,-0.002137779292,,,,,,0.004093326198,0.001452985841,-0.0008594824992,0.0008838743958,,0.001693130262,0.001665466095,-0.001252555733,0.00368582795,0.000343462141,0.002518370162,-0.0003766117764,,0.004418043888,,,-0.002197114935,-0.002401677463,-0.002045824707,0.001797731035,0.0009076707658,0.002592815975,0.001717002648,0.0002185265498,0.001834695122,,,,,,,,,,,-0.0001873061051,0.0001622913457,0.002012823591,-0.002969748492,-0.001043141259,0.002341349599,-0.000316301548,0.00471339907,0.001623550439,0.004154505594,0.00486618432,0.002506072939,,0.006256973476
2000-02-29,0.002336346465,,,,,,-0.0004204120376,-0.0007768460293,-0.001669194035,0.00274745951,-0.004039202744,-0.001683641871,0.002740361623,-0.001521391573,-0.003159477554,-0.003034651273,-0.003859225402,-0.002378817898,-0.001653168009,-0.001320161845,-0.004043156277,0.003855167684,,,0.0003283863934,,0.0002121594756,-0.0001316717906,-7.05281259e-05,,,-0.003082181295,0.0004421704108,-0.003311966299,-0.0001375721132,-0.002816797926,-0.002109558873,0.001256322479,,,,,0.001934958187,0.0004755535544,-0.004912469102,,0.00161887039,0.000102294417,-0.003757977246,-0.0008885597033,,-0.0007174664916,,-0.003946226432,,,,,,-0.001920064089,0.0009951602729,-0.0006444839712,-0.001546962095,,0.001169814433,0.003570369259,0.004633071437,0.001956724055,0.0004094311858,0.004091282434,-0.0002757676462,,-0.002548571924,,,0.001101513615,0.002162093288,0.001990573318,-0.003770887476,-0.001532578784,0.001156619642,-0.003698672853,-0.003124389963,-0.001338704072,,,,,,,,,,,-0.003648257503,-0.003072118278,-0.005334693238,-0.004295153729,-0.002178151257,-0.003745472106,0.003002207405,-0.0003796396818,0.004758530964,0.003270591897,-0.001500862895,-0.001168517977,,0.000378515496
2000-03-31,0.003233692614,,,,,,0.0008460868186,-0.002171084179,-0.006397391513,0.0006948652217,-0.01147676724,-0.005919824437,0.005150110726,-0.00432399886,-0.01125192292,0.001425720009,0.0002380404194,-0.003763617658,-0.00217610326,-0.00449284675,-0.006234054731,0.01016788496,,,0.005834990023,,0.006470077405,0.006533679046,0.003807318345,,,-0.008691867747,-0.0006438823789,-0.01016704631,0.0007680185295,-0.01040670568,-0.007856432009,0.00160425466,,,,,0.00352136456,-0.0008850327306,-0.00310594658,,-0.006517075053,-0.006895645777,-0.01492583659,-0.00809311906,,-0.008352353572,,0.003180614323,,,,,,-0.01141683243,-0.004317855798,-0.007101801599,-0.004721650732,,0.02143552904,0.01949612571,0.01450661421,0.02083119201,0.01420940847,0.01488019505,0.0009925239668,,-0.01129708341,,,0.005265254072,0.006330675186,0.004622992764,-0.01486683738,-0.00459005115,-7.19876336e-06,-0.007655376139,-0.007504606367,-0.004711795834,,,,,,,,,,,0.0005743493637,-0.002118994765,-0.009124740634,-0.00914709652,-0.001280561998,-0.01501886907,0.005665396198,-0.007651633467,0.006136142151,-0.001371856746,-0.01233259388,-0.01033072792,,-0.005429764068
2000-04-30,0.001122395032,,,,,,0.001819855325,0.0002277044006,-0.002076597893,0.001256546053,-0.001210253005,-0.004309596188,-0.001778885518,-0.00451109725,-0.001715198702,-0.002115859532,-0.003194538148,-0.002015087391,0.0007988624267,-0.0008450446309,-0.006136707413,0.002308525389,,,-0.002333673883,,-0.0004125024767,-0.0004581457303,0.0008960769997,,,-0.00238417074,-0.0039982554,-0.002417334584,-0.003762928833,-0.002996698767,-0.005131912577,-0.0007912469653,,,,,-0.001646104856,-0.005699763123,-0.003529602335,,0.00222889518,-0.002441156396,-0.005320483706,-0.004260091655,,-0.001313315115,,-0.002547129712,,,,,,-0.003128632775,0.0005824106804,-0.002065666485,-0.0004646148739,,-0.000544285296,-0.0008746725727,-0.002175557219,-0.0005637737643,0.003601029261,0.005780529806,-0.002018878602,,-0.003800768069,,,0.004387897581,0.00475724425,0.001567657365,-0.005495269819,0.0004421212272,0.003924170646,-0.001083375917,-0.001663258579,-0.002012442398,,,,,,,,,,,-0.002864825705,4.71118592e-05,0.002795158307,-0.003434054357,0.001583130195,-0.005328257239,0.0009932105472,-0.001604834981,0.002966352089,0.0005811548638,-0.003775207045,-0.003776678055,,0.0001671805163
2000-05-31,-0.000376530439,,,,,,-0.0006260626574,-0.001872093685,-0.004093306704,0.003547099672,-0.003730559261,-0.005883335271,-0.003877707275,-0.004261234152,-0.005190905637,-0.002391346136,-0.00455987666,-0.004246044543,-0.0008921091182,-0.003918892615,-0.006581716697,0.005932144783,,,-0.0003981947311,,0.000369613929,-0.0002963301353,0.00167371551,,,-0.004134481817,-0.001515275751,-0.006766703473,-0.004134103902,-0.005311724363,-0.005210972499,0.0002519258656,,,,,-0.001364364241,-0.004124444128,-0.003079691253,,-0.001893802314,-0.002179241713,-0.008297230273,-0.007708284725,,-0.00320740178,,-0.0004142808321,,,,,,-0.008694613466,-0.002910329315,-0.001368777321,-0.0009966596413,,0.007733080808,-0.01134346438,0.006603077093,0.01100850409,0.008765476211,0.007321855712,0.002282912946,,-0.008907999245,,,0.003805890057,0.00357574718,0.001687373899,-0.008609066423,0.002292600104,0.005997274213,0.004743796744,0.001300622388,-0.002576165843,,,,,,,,,,,-0.002561380874,0.004688118471,0.006828340102,0.003664216163,0.001747480216,-0.008112015101,0.002848172139,-0.00457210794,0.004777290711,0.0003465897914,-0.007281282992,-0.008401985514,,-0.000676058845
2000-06-30,-0.002226854809,,,,,,0.0004516200099,-0.001941803335,-0.004191055278,-0.006388464043,0.002585634462,0.002152651206,-0.00252397038,0.009942333986,0.007120453592,-0.004535094675,-0.003131765758,-0.003884079514,0.0005105917347,-0.001594570945,0.005720941415,0.00063156986,,,0.003633082649,,0.003271566541,0.002464634848,0.002560989422,,,-0.008541773821,0.004397290994,0.007276644706,0.006008654298,0.007960185912,0.009916882773,-6.079916203e-05,,,,,0.003416695689,0.00758783957,-0.007437176699,,0.003547368637,0.008863747588,0.005557289847,0.007158415725,,0.01064465364,,-0.008891723567,,,,,,0.007644431515,0.001168482579,-0.001070801031,-0.001920037143,,-0.008189158921,-0.004255168156,-0.008144937268,-0.008155101896,-0.007934899022,-0.01034524616,-0.001134570141,,0.006689755192,,,-0.004825849398,-0.002702969648,0.000860979286,0.005446720864,-0.008862973914,-0.002883058923,-0.007225133045,-0.008057089585,-0.006437085457,,,,,,,,,,,-0.009938744175,-0.009989824465,-0.009106663903,-0.010129515,-0.0005365778136,0.006072130541,0.00340465853,0.01009019743,0.001561084298,0.006378110061,0.006870612162,0.007972345264,,0.01200745986
2000-07-31,-0.0002262223668,,,,,,-0.001635393979,1.250317982e-05,0.001521154208,0.0005064011596,0.003725653036,0.00178522359,0.0002112932094,0.003750013637,0.005368587872,-0.004843066169,-0.00344524938,-0.0008218876971,-0.0001826599564,0.0003628960819,0.002822147182,-0.002224391452,,,-0.0002878364158,,-0.0007985115699,-0.0009712945844,0.002075717178,,,-0.002648836805,0.0002181849693,0.004584893851,0.0003174560465,0.004546624052,0.004009414182,0.0001409169672,,,,,-0.002979007097,0.000255153892,-0.004267861793,,0.003396993699,0.00503422967,0.005269691067,0.005525218132,,0.007890395212,,-0.003830801826,,,,,,0.006050429256,0.001345916437,-0.002137791433,-0.001009895256,,-0.0005482791941,-0.002030291498,0.0003978180443,-0.002491908273,-0.003804538882,-0.0003453543025,-0.0002851737655,,0.005445631994,,,-0.003461580367,-0.001354485713,-0.002442794359,0.005174255524,-0.005123090153,0.001501746506,-0.004047010674,-0.005481544966,-0.003998936727,,,,,,,,,,,-0.001041778678,-0.006545795071,-0.006031419502,-0.006412524996,-0.0007973069214,0.005686169301,0.001540869769,0.007599350458,0.0009405890747,0.004046176948,0.006251120689,0.0067636363,,0.008112372698
2000-08-31,0.0008023101664,,,,,,-0.0009595445295,-0.003918472593,-0.0009782005378,-0.0003682756397,-0.0002007788234,-0.001689150743,0.0008516956784,-0.001778753157,-0.002282583999,0.0005670880549,-0.001083783997,0.00066761254,0.002554355366,-0.0004330776499,-0.0003295435583,0.002560191924,,,0.0009114384881,,0.0004878193122,-0.001404183191,0.002208925384,,,-0.0004484703909,0.001178064727,-0.001786403042,-0.0008898747677,-0.001610768564,-0.001119149345,0.0009330356193,,,,,0.0004125892716,-0.0002330241438,-0.001895254224,,-0.0002498540669,0.001852210873,-0.002053320973,-0.002137507959,,0.0005765534988,,-0.004464237444,,,,,,-0.001042437729,0.000541944285,0.0001680747632,0.0005772586552,,0.004127908009,-0.01021400381,0.005165480722,0.00605044008,-0.005933721955,-0.007746861725,0.0003015897573,,-0.001433458756,,,-0.0001833132534,0.0001171712475,-0.0005500985553,-0.001987239465,-5.267147947e-06,-0.0002827274837,0.0002674977661,0.001702799379,0.001347178904,,,,,,,,,,,-0.005087168194,-0.0007769045985,-0.001691490567,0.0003584344497,0.0004045506144,-0.002094260695,0.001384582096,-4.008592293e-05,0.001843164838,0.001516700185,-0.001794473841,-0.001608695278,,0.0004956173626
2000-09-30,7.241599289e-05,,,,,,-0.0006988205226,-0.001501670789,0.000303084457,0.001402279423,-0.001673841632,-0.001252669744,0.0004093091512,-0.002326682322,-0.002140464104,-0.0004521789335,-0.001983672079,0.000268355255,0.001777852941,0.0009425764742,-0.0003864351863,0.0001292907353,,,-0.000866436983,,0.0005026665903,6.320003842e-05,-0.0005367262522,,,-0.0006664620716,-0.0006674044548,-0.001858688982,-0.00235309228,-0.002630870895,-0.003416888957,-0.001032523415,,,,,0.0001235732324,-0.002664337461,-0.002632950009,,0.001926761338,1.149589732e-05,-0.001854916878,-0.00151467033,,0.0003855019569,,-0.003553405099,,,,,,-0.0008747616328,-0.0004373805277,-0.000867640254,-0.0006501165158,,-0.007081687533,-0.004205122324,-0.007549819935,-0.007332793367,0.004909268532,0.003362307168,-0.001154933412,,0.0008152449339,,,7.912442712e-05,-0.0004458013386,-9.583971871e-05,-0.001710667575,-0.002554785208,-0.00103365479,-0.001677772572,-0.0007792247079,-0.001714690948,,,,,,,,,,,-0.003009670272,-0.001904543653,-0.003137154878,0.0002030798151,-0.0001287972478,-0.001704380102,0.00305682079,-3.640027535e-05,0.003511697339,0.003316432002,-0.0004741720612,-0.0005390890122,,0.0005945171266
2000-10-31,0.003418739473,,,,,,0.001304211352,0.001974524041,0.0004823994601,0.002352297304,-0.003141761839,0.001299636737,0.0002297994818,-0.002707360381,-0.004736978126,0.000433194088,-0.0001262556586,-0.0007274024359,-0.00263478603,0.0001522382768,-0.002305923397,0.001765052897,,,-0.00149137978,,0.000387206724,-0.00094981957,-0.003050319313,,,0.002332794923,-0.000970680383,-0.003999674844,-0.001206728845,-0.003899222847,-0.003890455061,-0.001288693165,,,,,0.0008912465289,-0.001166526804,0.001942203446,,-0.001036087053,-0.003785939932,-0.006439197631,-0.003829950817,,-0.002439156411,,-0.002328219984,,,,,,-0.005553596476,0.003373688134,0.001540078252,0.003489722208,,0.007771757918,0.006255870015,0.007344594249,0.007999598296,0.0001268190271,-0.002041178598,-0.002666711967,,-0.006922167551,,,0.003698177632,0.003736162581,0.004406457415,-0.005990154902,0.003728022149,-0.0005621278191,0.0001969883715,0.004432356787,0.005090418448,,,,,,,,,,,-0.0006225067287,0.003196262585,-0.001021849007,0.003280449333,-0.001616423173,-0.006699286593,0.003108969258,-0.001712346115,0.00516657057,0.003432614323,-0.005769549962,-0.005996850976,,-0.001865394837
2000-11-30,0.002538528687,,,,,,-0.00177664184,-0.005499608712,-0.001442235793,-0.004170932189,-0.002237164125,-0.004691065139,0.001441022178,-0.001497235976,-0.002253571934,0.003518426924,0.004559056436,0.0008964085755,0.001547757615,0.0003354667646,0.001827906127,9.884000209e-05,,,-0.0002485816883,,0.002557271685,0.002592022073,0.002868858804,,,-0.00199414494,0.002128445585,-0.004631651967,-0.002405797057,-0.002918344766,-0.001805691462,0.00243803477,,,,,0.00263152995,0.001442035301,-0.00203734718,,-0.0001736057733,-0.0008531656436,-0.008170621401,-0.004271517552,,-0.002966449111,,-0.008122926637,,,,,,-0.003076424524,0.002106647741,-0.0003370016164,-0.0001999395393,,0.004828205696,0.007768444056,0.007891946521,0.01296361993,0.01086907679,0.0001600643006,-0.0001567558292,,-0.00406702642,,,-0.001811938641,0.0002194683881,0.000544906116,-0.008209074748,0.00240348062,0.006063993291,-0.001116891041,-0.001041779106,0.004288081023,,,,,,,,,,,-0.0006944751757,-0.003173535414,-0.004738004722,-0.004910124415,-0.002154917554,-0.008382032464,0.003207526679,-0.001458531633,0.005173572909,0.002365476539,-0.003584733534,-0.003187428712,,-0.002505598646
2000-12-31,-0.004022357005,,,,,,0.003613876404,-0.003002102603,-0.001413616824,0.0004379362943,0.001423030394,0.0005948054126,0.003886615864,-0.001101131315,-0.0003251342815,0.001290039765,0.004534811545,0.001940298128,-0.004055501263,-0.0001344419566,-0.000871517925,0.001523347914,,,0.00138416566,,-0.001403016988,-0.00244481132,-0.003219959404,,,-0.002387707872,-0.003885135168,-0.0004866163714,0.003497388495,0.0002757323475,0.001132124691,0.005776031513,,,,,0.001211451661,-5.808314945e-05,0.0004796735341,,0.001329751822,0.001974094045,-0.002628282648,-0.00268288374,,0.003722004536,,-0.006333894097,,,,,,-0.0004879009345,0.002423741576,-0.002545372806,0.0005770316588,,-0.00735126936,-0.01476998534,-0.009494285988,-0.01366936104,-0.0120206197,-0.006859202051,0.0005174923274,,-0.0008445070247,,,-0.0005136598761,0.0006371769487,-0.0003769561813,-0.002722385686,-0.001547609491,-0.001661270704,-0.005269133497,-0.000699882719,0.002634959023,,,,,,,,,,,-0.004347220266,-0.0008792112614,-4.911116636e-05,-0.002455606759,0.003430953882,-0.001814165834,0.004041227729,0.001945305857,0.003182601342,0.001957394753,-0.001579375065,-0.0002646870386,,0.003729887878
2001-01-31,-0.002683424503,,,,,,0.0007241629495,0.001365116886,-0.001378732544,-0.003663305843,0.01184659535,0.004797427671,-0.0004997965263,0.01252239348,0.01815382738,0.001773192212,0.004185313976,-0.0006987804098,0.0005974816928,0.001799809168,0.008492278397,-0.007198222632,,,0.0001420969672,,-0.001936434945,-0.002352220254,-0.003994724011,,,0.002603394429,0.003333158666,0.01563592765,0.005317255412,0.01692056471,0.01459706232,-0.0009434035134,,,,,-0.003140041517,0.004797587973,-0.003613132068,,0.01077225159,0.01597044273,0.01837843417,0.01485721803,,0.01573650362,,-0.005387966291,,,,,,0.01610497291,0.004059408049,0.001482370868,0.003302088972,,-0.01564135429,-0.01047430209,-0.01364792671,-0.01504843841,-0.004800981481,-0.01485226216,-0.0007069772879,,0.0153069622,,,-0.006687417527,-0.00997938458,-0.006242957638,0.0183204963,-0.014707594,-0.01610851224,-0.01182186916,-0.008847360076,-0.009603253033,,,,,,,,,,,-0.008446367741,-0.01733131681,-0.01749080682,-0.01781023834,0.0006821093598,0.01901285628,0.0004925402172,0.01498682559,-0.004032364763,0.004713838357,0.01659120109,0.01494047666,,0.01621802331
2001-02-28,-0.003712549072,,,,,,-0.004919915146,-0.003634165174,-0.001215324401,0.0008206066379,-0.002402033507,-8.033778199e-05,0.000431538307,-0.002910289778,-0.003391507236,-0.0013975105,-0.0003678526175,-0.0009895351949,0.0006005587918,-0.001116002105,0.002005416942,-7.308181805e-05,,,-0.0004919637084,,-0.006910556663,-0.00697774576,-0.006890677999,,,0.005261384918,0.0008672110693,-0.002691855471,-0.003861946392,-0.002529100943,-0.002811252202,0.001693025954,,,,,-0.003839034575,-0.003899832629,-0.005691393562,,-0.0001259315538,0.007805309766,-0.003697617293,0.001421423799,,0.006989857638,,-0.005774923974,,,,,,0.0002534884001,-0.0002134273557,-0.002622466863,-0.001286501627,,0.01937036717,-0.01464175537,-0.0121264142,0.02216576271,0.01327790518,0.01325627602,-0.0008448278076,,-0.0002370086262,,,-2.349213926e-05,-0.0005632399717,-0.0002799037383,-0.003944497649,-2.657711375e-06,0.002112636819,-0.001528361411,0.0004833190176,-0.0008419984058,,,,,,,,,,,-0.009805389162,-0.0006861587049,0.0003252290307,-8.736100055e-05,-0.002829962895,-0.002351901882,0.005439633868,0.00447497869,0.006109767725,0.006146700388,0.001045150345,0.001108997447,,0.006554092332
2001-03-31,0.001066617976,,,,,,-0.001820425634,-9.173972225e-05,-0.001701434492,-7.065122369e-05,-0.003842105955,-0.003264574041,0.0008162945574,-0.003566251205,-0.004132511337,-0.002490978361,-5.771411098e-05,-0.0009431535877,0.001581997917,-0.001380648997,0.001564036455,0.002350649416,,,0.0007473101152,,-0.002681538675,-0.001744186427,-0.004124744293,,,0.004340276771,0.0009070081651,-0.004127259348,-0.004438919381,-0.004159666099,-0.004382428378,0.0007646498926,,,,,-0.001483136272,-0.002611382068,-0.003652329265,,-0.001519042482,-0.0008007164344,-0.002689457914,-0.004770972192,,-0.00245417874,,-0.003310072913,,,,,,-0.003073618196,-0.001724967091,-0.001768170297,-0.002175080705,,0.02020982391,0.01939143228,0.01865890969,-0.02235663165,-0.01633460568,-0.01843901522,-0.002083675215,,-0.003447448627,,,0.001038785431,-0.001063883259,0.000161058328,-0.002603438152,-0.001256930581,0.0004572953404,-0.005290816009,-0.0006234787317,-0.002687252483,,,,,,,,,,,-0.00253195944,5.289463921e-05,-0.004647462446,-0.003591607289,-9.392461532e-05,-0.004015240245,-0.0003158743396,-0.001382717778,0.004812337703,0.004526820586,-0.003607722822,-0.003753227707,,-0.002785849843
2001-04-30,0.001284330943,,,,,,0.0001768586704,0.002440651344,0.002377616691,-1.576096667e-05,0.005793004232,0.002001354521,-0.0022416652,0.001821874225,0.005080266406,-0.001851410964,-0.002586374765,-0.00037710362,0.0003243401112,0.001482164878,0.0013099746,-0.005851813781,,,-0.001569067468,,-0.002145620587,-0.002501578368,-0.002824441431,,,0.0008082266675,-0.002961068529,0.005493373196,0.002300859983,0.004884337457,0.00347282281,-0.002427309976,,,,,-0.00496067652,-0.001943304051,-0.002824792023,,0.004268625754,0.003910801197,0.01021768542,0.004270082614,,0.004871755235,,0.005723151771,,,,,,0.006762325117,-0.001455141244,-0.003271775841,-0.000507744513,,0.03085900324,0.0325038775,-0.01017027523,0.00535262826,0.03013268413,0.00751723624,0.001478425055,,0.005582954305,,,-0.00220329168,0.001617579247,-0.00258788141,0.009895842893,0.0005321052266,0.001244738689,0.003364794001,-9.673418527e-05,0.0005240448797,,,,,,,,,,,-0.0007679340463,-0.00144033566,0.00441932241,-0.002207624699,-0.0004208700987,0.01001487129,-0.004230512493,0.001655227518,-0.002542121696,0.0002380550077,0.005691110697,0.006462364373,,0.007055318195
2001-05-31,-0.0004296586586,,,,,,0.0008540620136,-0.0009639361135,5.083496327e-05,-0.001039662841,0.00538442273,0.002656426847,1.166396939e-05,0.005469829799,0.006446056332,0.0001919419909,5.307921815e-05,-0.002225213307,0.000474130502,-0.001655420484,0.002487402191,-0.002219796515,,,-0.002198798482,,-0.002060042382,-0.001823656174,-0.001223516184,,,-0.001628225278,-0.0007728499972,0.006146945723,0.004395395072,0.005787136512,0.005896821408,-0.003070300918,,,,,-0.0009921750479,0.002161413443,-0.004113160057,,0.003367895961,0.006812689755,0.005689896358,0.005730915976,,0.007333164813,,0.001175269535,,,,,,0.007156568915,0.0002216858629,-0.0003717308749,-0.001343750902,,0.01307212328,0.01192739607,-0.008393842256,0.006858016735,0.005061335478,0.005949502436,-0.0008415961149,,0.006336293687,,,-0.003120365686,-0.00046567136,-0.003556390867,0.00573274013,-0.003101308608,-0.002368993132,-0.001886170275,-0.0006423415401,-0.003390172077,,,,,,,,,,,-0.0007722776798,-0.003791839917,-0.003290173442,0.001571332689,-0.002477421882,0.006386287151,-0.0004967676131,0.005666553296,9.055175329e-05,0.003620095475,0.006682581373,0.006109164661,,0.00856381341
2001-06-30,0.001170272569,,,,,,-0.0003482696705,0.0008859600411,0.0016440939,-0.0009469605456,0.001470460201,0.0003537759135,-0.002625540996,0.0005758642299,0.00108054851,0.001489008538,0.0003613993778,0.001310026664,0.001541542536,0.002131592848,0.001480444078,-0.001525712206,,,-0.0004322970138,,-0.002616730174,-0.0016287425,-0.002820007196,,,0.001989278331,0.0002350021689,0.0006242202524,0.0003860182741,0.0009269148486,0.0007823699089,0.000593187626,,,,,-0.000386016638,-0.0008531146596,-0.002328103197,,-0.001726307234,0.004847294643,0.00159601105,0.001177686369,,0.00338658463,,-0.004105967267,,,,,,0.002155869756,0.001140591794,-0.001977959049,0.0006532793197,,0.002511757732,0.001560716883,0.003007052652,-0.001088951403,-0.001697030219,-0.00112640765,-0.0002723015525,,0.002543956799,,,-0.001931454531,-0.0008127789732,-0.002285527471,0.001485113211,-0.00136662437,7.48836749e-05,-0.001803542106,-0.001743374674,-0.002804819374,,,,,,,,,,,-0.003236624871,-0.003350198015,-0.002237839704,-0.0009490310854,-0.003229833939,0.001402424582,0.001831676412,0.00380339372,0.002526550317,0.003201077348,0.001229326448,0.003233791473,,0.003141166766
2001-07-31,-0.00272219605,,,,,,0.0009160857273,-0.001739774056,-0.001013822723,-0.001237118929,-0.0001985346233,0.0001281928406,0.001969791123,0.002838859522,0.0003868570165,0.002315392754,0.002599532094,-0.0004944111793,0.0001209959016,-0.002135442441,-0.0001784774549,8.48770598e-05,,,0.00335294611,,0.002591069208,0.002812462416,0.0007811684659,,,-0.001279801204,0.001229735509,0.0004018723375,0.003982209661,0.0005981443886,0.001954514702,0.001253515714,,,,,0.00443375532,0.004915262821,0.0005026730411,,-0.004034052291,0.001519855056,-0.001167444912,0.002489187871,,0.004983882609,,-0.005630519361,,,,,,0.0002347159106,0.0004100134974,-0.003016667672,-0.002597405845,,-0.01636108624,-0.01373979108,0.01744322019,-0.01757676646,-0.01410115404,-0.01631611591,-0.001172510191,,0.0002549050984,,,0.0007265558428,-0.0009297711568,0.0003935407957,-0.001249780318,0.0004466378709,0.0002678828838,-0.001647695904,-0.001540348631,-0.0001281745397,,,,,,,,,,,-0.003832998937,-0.001898509095,0.0005158690721,0.0008865498909,0.001785593856,-0.0007698515454,0.003994913181,0.00498811344,0.004466594964,0.004790637449,0.0009994316539,8.201107983e-05,,0.002982593289
2001-08-31,0.001460822557,,,,,,-0.002593778327,-0.001507326258,-0.0009979747244,0.0006845696026,-0.002670881225,-0.0004043380803,-0.001816157385,-0.003397608584,-0.003332760313,0.0001548994748,-0.0009028766482,-0.001757837131,0.001674018073,-0.0009466199444,0.0003490300835,0.001996045151,,,-0.0006060769361,,0.00032456934,0.0009611706111,0.0002313009772,,,0.002549867337,0.001309428794,-0.003908192961,-0.003320380043,-0.003135497197,-0.00322226497,-0.0003618268972,,,,,-0.001066622653,-0.001725181482,-0.001242327747,,-0.003614728479,0.001567551815,-0.002222323547,-0.0007390480756,,0.00206366941,,-0.002033312355,,,,,,-0.001843985634,0.0004471063637,-0.0004132089596,0.0001805297015,,0.01258699596,0.01231974949,-0.000811096845,0.004357656985,-0.01308426862,0.009805884983,-0.001796580841,,-0.001923935622,,,-0.0001387860784,-0.0005130043553,0.0007454524908,-0.002128109713,-0.0009446128259,0.002736048547,-0.001275310621,-0.001677676659,-0.002391092325,,,,,,,,,,,-0.002392559239,-0.002267375832,-0.003752832458,-0.002879637134,-0.0003158483614,-0.002144392004,0.002404947172,0.002293137904,0.001948931107,0.00176306675,-0.002480750422,-0.003056207209,,0.00087258215
2001-09-30,0.003250595755,,,,,,-0.002790274156,-0.003480522095,-0.001461920452,0.00334758677,-0.01614897153,-0.0034151349,0.002588335378,-0.01592690273,-0.0191934985,0.001965288017,0.001063435462,0.0008707481932,0.0004485363696,-0.004718460045,0.001164742754,0.000600774309,,,-9.798381518e-05,,0.00117751149,-0.001240587009,0.002165558309,,,0.01102766728,0.004567804166,-0.01702397068,-0.01423604701,-0.01803537065,-0.0172820067,-0.003776204699,,,,,0.001874829719,-0.007569097989,0.0004024585209,,-0.01025504107,-0.002730820774,-0.01916304427,-0.01441806233,,-0.01130889848,,-0.0007328818618,,,,,,-0.01901642871,-0.002698287217,0.0007009614847,0.0003886792361,,-0.004190534654,-0.00377619597,0.01046855744,-0.007598960697,0.00228688415,0.0005225853605,-0.003885068982,,-0.01738937002,,,-0.000811534638,0.006729280293,0.009533703316,-0.01944708521,-0.006731052299,-0.001132824597,-0.002690181639,-0.009370168141,-0.01416761438,,,,,,,,,,,-0.003698448901,-0.007898502422,-0.01266451588,-0.01505775679,-0.003364900297,-0.01943302594,0.002661274995,-0.007921126844,0.005607743448,0.001563018971,-0.0196723406,-0.01827091501,,-0.01767350521
2001-10-31,-0.0005880453129,,,,,,0.0004809748151,0.00175662966,0.003702585227,-0.003652525369,0.006858198375,0.001638588333,0.002528063915,0.006268907239,0.006238598627,-0.002362360111,0.001032608837,-0.003104180268,-0.001040363649,-0.001720423323,0.001970838757,-0.006242996794,,,-0.002667398137,,-0.007450868555,-0.005722915585,-0.006291556121,,,0.004002740093,-0.001469245147,0.00608359223,0.005449190718,0.006553811367,0.007074578439,0.0009741886924,,,,,-0.00145705975,0.006517975832,-0.001726088063,,-0.00540399881,0.01064097837,0.0001653119042,0.002555476091,,0.008413271274,,-0.004137480087,,,,,,0.005138879302,0.004541864698,0.003684642684,0.002737354807,,-0.003055426647,-0.001668248924,-0.0001814855107,-0.00538786092,-0.006044806851,-0.004179505463,-0.0009061270452,,0.003284458004,,,0.0002384931943,-0.001106951392,-0.001812469707,0.0001561943011,0.00521189471,0.003416245019,0.00519516249,0.005827733101,0.004022219888,,,,,,,,,,,-0.01192513143,0.001987405324,0.003018120979,0.003672889689,0.0001491683158,0.001397862346,0.003309080629,0.005761505042,-9.249455035e-06,0.0008092862455,0.002660896868,0.004526749186,,0.008117659417
2001-11-30,-0.00353746766,,,,,,-0.002035715568,-0.0009594366238,0.00162549234,-0.002813147484,0.01726117586,0.004168107839,-0.001498900809,0.01497839439,0.01670976733,-0.007329944073,-0.005281736196,-0.003421914818,0.001742361662,0.002089133451,-0.00231113643,-0.01054840925,,,-0.003877533885,,-0.006065221583,-0.004464574733,-0.007441413724,,,0.005532759773,-0.001628961618,0.01783714481,0.00801385938,0.01761174444,0.01562628941,0.002058952712,,,,,-0.006205494506,0.004150688633,-0.00715302039,,-0.005747713803,0.008307191505,0.01843754333,0.008567955864,,0.01035715047,,-0.008296357182,,,,,,0.01855551417,-0.0004244899041,-0.004507926137,-0.004964911673,,0.002321260731,5.95086066e-05,-0.006283749623,-0.0007770258605,-0.008026671122,-0.00848963221,-0.0001386868652,,0.01838780101,,,-0.0005138946676,-0.001936014153,-0.005589612202,0.01864191432,-0.004908533222,0.002097116501,-0.01459330807,-0.01170251823,-0.008735039076,,,,,,,,,,,-0.003955447406,-0.004400417679,-0.01683300607,-0.01542443886,0.002398605608,0.01825488676,-0.004243293461,0.007789150311,-0.004911913041,0.001617621769,0.01646659239,0.01714610025,,0.01821429802
2001-12-31,0.001291484393,,,,,,0.0001053173652,-0.001303896164,-0.002609273769,-0.001243362253,0.002615761211,0.002125008597,-0.001378154386,0.002327209903,0.00286750619,-0.001670369069,-0.003206450637,-0.0006562672847,0.0007495793917,0.001942840543,9.932041324e-05,-0.001132073327,,,-0.0003318427316,,-0.003687309747,-0.003815352094,-0.003987935632,,,0.001737227252,-0.0002494889629,0.003083123843,0.0007751573698,0.002995616559,0.002550029867,-0.0003560800819,,,,,-0.001489049857,0.001306693178,-0.004279721528,,9.444391399e-05,0.004055021588,0.003769913406,0.005411310796,,0.005876731095,,-0.002602141806,,,,,,0.003811819603,-0.001355731454,-0.002285548416,-0.001502373458,,0.002916002636,0.003682573296,0.004526794376,0.0004087468983,-0.003416901824,-0.005573593878,-0.0008079724716,,0.004086251832,,,0.0005840462009,0.0008626422954,-0.001894817014,0.003912942267,-0.0002763754558,0.002224037075,-0.004505377404,-0.003453746594,-0.001444103646,,,,,,,,,,,0.0004020338994,0.0001660201669,-0.003653572112,-0.003566917117,-0.002183913035,0.004314053831,0.001803488717,0.005268137939,0.003029962888,0.005914916839,0.005264422258,0.005435754136,,0.007635194157
2002-01-31,0.0003972558472,,,,,,0.0004569345925,-0.0002326831343,-0.001084106164,-0.001764603546,0.003782765045,0.002522442216,-0.003014303002,0.002039325429,0.003621103945,0.002168626012,0.001120524872,0.002291199022,0.0001780100457,0.002079842008,-0.001962563989,-0.002234856212,,,0.002773293945,,-0.002461686777,-0.001430963781,-0.0007713511805,,,-0.0005446909063,0.0002737482721,0.003926411711,0.002561427552,0.003673261359,0.003121455291,0.000644365543,,,,,-0.0002821563765,0.001804118529,-0.0001700335441,,0.0001212207329,0.002449927722,0.00331080251,0.002456125939,,0.003114382466,,-0.001962617354,,,,,,0.004638539535,6.15274429e-05,-0.0003038629324,-0.0008716823971,,-0.004290021964,-0.004315395911,-0.002678160343,-0.0001452378667,0.001223243203,0.002227815636,-0.002136270607,,0.003338169264,,,-0.002648886604,0.0005665372492,-0.002484450533,0.003421284099,0.00216925122,0.004000641689,0.001357959163,-0.002038045425,0.001442846222,,,,,,,,,,,-0.003522608286,0.002570919673,0.004684958565,-0.0001086236913,-0.0012452885,0.003924782604,-9.890985406e-05,0.002809099956,0.0001921751165,0.001513419435,0.002463984906,0.004897633212,,0.004947126311
2002-02-28,-0.001988212848,,,,,,0.0006961888237,0.0001975255902,0.002750825682,-0.005300386398,-0.002924405557,0.001067731861,-0.002403554141,-0.0009782583434,-0.003612064135,0.002722643107,-0.001542013824,0.001034098224,0.00199417914,0.0003557546119,-0.0009708979182,0.001399490681,,,0.001154645265,,-0.002299092058,-0.001425757499,-0.002105003639,,,0.003275306061,-0.00161780523,-0.003203534769,-9.429930299e-05,-0.002456690632,-0.002312758097,-0.0002342696349,,,,,0.0009424241905,-0.0007106655547,-0.001825916294,,-0.004013031406,-0.0008318583434,-0.001805226722,-0.0006367628173,,0.002930638166,,-0.003808952571,,,,,,-0.002831518115,-0.0004528126317,-0.0003965899483,-0.002076578973,,0.007480674909,0.01193795661,0.008285015293,0.007086310451,0.008684639491,0.007330676389,-0.0013269411,,-0.002215038746,,,0.003489844064,-0.0005053456481,0.0007553142256,-0.001806858111,-0.0006869153013,0.0002077889247,-0.0004482341118,-0.0007803885773,-0.001500152778,,,,,,,,,,,-0.004916506487,-0.002105534723,-0.003021499811,-0.001244972552,-0.0001502866115,-0.001074425586,0.003725530032,0.003158713634,0.003617009397,0.003857250627,-0.002251771865,-0.001418841412,,0.00060330187
2002-03-31,0.0033332508,,,,,,-0.002981966622,0.0008879335936,-0.00169067426,-0.005578845517,0.006374903264,0.001892419294,-0.001560130767,0.002167943456,0.005965778308,0.002534694915,0.003126492979,0.0001353477892,-0.002187867776,-0.001167740378,-0.004703713308,-0.0004621234269,,,-0.00235617975,,-0.00238851651,-0.001470361202,-0.001219077189,,,0.004006304271,-0.001729757832,0.005603659811,0.0002053623561,0.005297077396,0.003387661254,-0.002525132059,,,,,-0.004649893259,-0.002647737723,-0.002345296313,,0.0004052058572,0.006812635205,0.005262203751,0.0002088209299,,0.004146563402,,-0.001362130414,,,,,,0.007293239291,0.002572384061,0.00166396427,0.002369156209,,0.001818832708,0.002623152172,0.002755451598,0.005711069768,-0.0003672479164,-0.004372951841,0.0002902447422,,0.0063344019,,,-0.005614445302,-0.003628818994,-0.002640491022,0.005194843587,0.0003522006603,0.001137460846,0.003520397599,-0.0007717615568,-0.001080342001,,,,,,,,,,,-0.006372606182,0.0008924998146,0.001200486292,-0.002504377692,-0.003165240019,0.005478632173,-0.002703888586,0.000242499877,-0.0007733844502,0.001232054311,0.005098407822,0.004818940969,,0.007340236366
2002-04-30,0.001853153561,,,,,,-0.00050332771,-0.005267241901,-0.001976688875,-0.003348376212,-0.004054907185,0.0004804401234,0.0004847541422,-0.00365189944,-0.004290995058,0.002783632106,0.002407207742,0.001400495939,0.0008710595879,0.0008360279134,0.002942588724,0.001197879439,,,-0.0005238339269,,-0.0005979566098,-0.000606585714,0.001220513726,,,0.001520073017,0.003800515053,-0.004108092424,-0.002096240014,-0.004903282565,-0.00355947838,-0.001572324738,,,,,0.003608735209,0.0008940671668,0.001414861757,,-0.004141560998,-0.001523345548,-0.008239308955,-9.955834083e-05,,0.004903656075,,-0.002793605071,,,,,,-0.00303643218,0.0002183256618,0.002101849668,-0.0004455242607,,0.008453851629,0.008788844633,0.008586821182,0.008371570542,0.004375638742,0.006827938571,0.0001938688585,,-0.003722504116,,,0.0001164972859,0.003401031935,0.001423772542,-0.00805590555,-0.001931410091,-0.002563749018,0.002845347643,-0.003300266012,0.0007615761996,,,,,,,,,,,-0.004244752733,-0.003356040096,-6.502290835e-07,-0.0039692294,-0.002435555093,-0.007877165367,0.006114687214,0.005395206021,0.006054352968,0.004068203383,-0.003822821024,-0.003868821206,,-0.0002793639657
2002-05-31,0.001576117727,,,,,,-0.001762880158,0.00145394869,-0.0001695347217,-0.003616699393,-0.001161815494,0.001480625944,-4.50893343e-05,0.0003321545442,-0.001451408844,0.002862116322,0.003466996091,0.0008794399907,-0.001351534708,0.0004835031905,5.194594525e-05,-0.0009849868988,,,-7.849736129e-05,,0.001379960259,0.00193483543,0.0005865972551,,,0.0003655311592,0.00259792455,-0.0005075556565,-0.000689933004,-0.0008313590437,-0.0005551293989,0.001892454514,,,,,0.000673456158,0.001460991084,0.00373424731,,-0.0029511576,0.00185042514,-0.001186463324,0.001961582299,,0.004526472665,,-0.003430618214,,,,,,0.000433185026,0.0008026773695,-0.001316930248,-0.0002372551974,,0.009650447087,0.007513198128,0.009287683374,0.004944367759,0.004610428918,-0.004246175268,-0.0005554803707,,0.000704336787,,,0.002196233471,0.0001589709137,0.0007762148129,-0.001137757462,-0.001449474311,0.0009282668111,-0.000642730004,0.000701457847,-0.0005104498895,,,,,,,,,,,-0.001221286761,-0.0002930514397,-0.00078775535,-0.001264155797,-0.001557614988,-0.0008782775208,0.004099422174,0.005887087982,0.002686344912,0.004743120257,-0.0009670893543,-0.001163130727,,0.00340289075
2002-06-30,0.008769666907,,,,,,0.0002052210925,-0.003734966897,0.001898596452,-0.0004186778807,-0.007203286801,-0.001516794687,-0.005805480861,-0.01225870308,-0.006058372275,-0.002327103121,-0.002972903832,-0.004679194283,-0.001228732598,-0.004705718198,0.008228556254,0.008203493878,,,-0.0005717252107,,-0.004904184935,-0.005234903545,-0.005544976454,,,0.005076842616,-0.001735659918,-0.01164289324,-0.001553815652,-0.01427410301,-0.01222538611,-0.003570426897,,,,,-0.00112078675,-0.008295415204,-0.004699898343,,-0.003656110046,-0.003166596113,-0.01217280414,-0.006253672231,,-0.003308307226,,-0.0002508900854,,,,,,-0.01457019476,4.440900367e-05,0.003905399227,0.003211579652,,0.001180004844,0.003278287393,0.007601219614,0.005844141165,0.001595926297,0.00130613666,-0.003039014725,,-0.01594871443,,,-0.00301064482,0.001736133346,0.001482412049,-0.0120209956,0.003004284868,0.007375893887,0.004249219873,0.002596109481,0.003251373678,,,,,,,,,,,-0.00464993006,0.0004360907298,-0.0004407212283,-0.0008966444518,-0.009655081377,-0.01272829438,0.007817253814,0.0006768812987,0.006340597358,0.0009385104889,-0.01230494311,-0.01418872094,,-0.01644452713
2002-07-31,0.009026457853,,,,,,0.003218711621,-0.007983235825,0.004628652111,0.002289794639,-0.01599497245,-0.003195835708,-0.007812382467,-0.01715733971,-0.01803268042,-0.004447005148,-0.001723344571,-0.0063998823,0.003571496124,-0.006392019768,0.006172612541,0.009535039099,,,-0.003664358706,,-0.006262964416,-0.006604524476,-0.003225972328,,,-0.004465278003,-0.00642235154,-0.01812090019,0.00330950019,-0.01919128234,-0.01740026003,0.0004887137781,,,,,0.000830500689,-0.00793549129,-0.006140710325,,0.002455765906,-0.007765743311,-0.01235479045,-0.01160321304,,-0.006911751245,,0.003282099451,,,,,,-0.0210737499,-0.0001930492577,0.002359925586,0.001462512766,,0.003366681958,0.002357282458,0.005694412773,0.002355683648,0.004610149142,0.01018036038,-0.00551561998,,-0.02163369036,,,0.003149804818,0.0005885147476,0.003074824171,-0.01189610811,0.0018158332,-0.00176052338,0.00924687459,0.005442487924,-0.001792711756,,,,,,,,,,,0.01491795143,-0.0007386551525,0.0125513075,-0.000629567236,-0.002604315883,-0.01373798867,0.00776094446,0.001671928469,0.009371451508,-0.0009093508563,-0.01786467138,-0.01650891696,,-0.01900321475
2002-08-31,-0.008005632703,,,,,,-0.004760150437,0.01106464661,0.001017425799,-0.01624939751,0.009483012097,0.007968772447,0.01551540086,0.01208860529,0.01148999761,0.01447378079,0.01698531922,0.01739075275,-0.003126601648,0.01460840208,0.003506458454,-0.01524417897,,,-0.0008145981039,,-0.0004220812927,0.01524637794,-0.004155037139,,,0.01444957513,0.009517636228,0.01388571771,-0.003796530909,0.01341475483,0.01279450943,-0.002281738991,,,,,0.00441215373,0.01344666516,0.01694855154,,-0.01463888879,0.01232632561,-0.004105754533,0.01006666889,,0.01139452507,,-0.009783663137,,,,,,0.01050147475,0.002328734248,-0.003684312852,-0.001360132663,,0.011725375,0.006133250843,-0.003246239841,0.0201852147,-0.005376664773,-0.01191416394,-0.003602062715,,0.009234776165,,,-0.005055674676,0.0008201360483,0.0001296346423,-0.006925544968,-0.01059523359,-0.001023427964,-0.01106665418,-0.01347479389,-0.008050582097,,,,,,,,,,,-0.01436829796,-0.006753033256,-0.01410507403,-0.009315240292,0.01093651128,-0.003208106668,0.003744073814,0.004874627705,0.002099308081,0.002906891699,0.005572957927,0.007828510663,,0.01340593598
2002-09-30,0.005152200845,-0.004369875839,-0.004030381318,-0.01006275781,,,-0.0130151387,0.01323750822,-0.00651895148,-0.01225495566,-0.02238085384,-0.006207052848,0.01014950745,-0.02226349659,-0.02346445626,0.0006666155263,0.009316837926,-5.845585099e-05,0.01183092859,-0.006948463506,-0.002490158112,0.01606415967,,,-0.01263015337,0.00221997827,-0.004796955857,-0.003307923107,0.01171574854,,,0.01140131106,-0.002497961833,-0.02190395514,-0.02129927844,-0.02356576145,-0.02415353162,0.004558135375,,,,,-0.01273684527,-0.02150877242,0.01619462363,0.009695336004,-0.002452007134,-0.01543140263,-0.02084961948,-0.0003791190639,-0.008393272428,0.005589506656,-0.01133602889,-0.002621800068,0.0008701372672,-0.002782790181,-0.005933629071,-0.007733053262,-0.005869961302,-0.01427558755,0.005230200143,-0.002610144297,0.0005584329886,3.461683041e-05,0.002712311853,-0.003737147082,-0.007666027411,0.0120789155,-0.003243021389,0.002083521256,-0.00676084879,,-0.01492467846,,-0.005934089069,0.001967594519,0.008826672154,0.004738326239,-0.02094177899,0.01314842291,0.009185675942,0.01489579651,0.01391379144,0.01390596198,0.00131601085,0.007345016608,-0.000445930413,0.003167603895,-2.641827942e-05,-0.004332398505,-0.006422048441,-0.008271776941,-0.003195185982,-0.006893348883,-0.002067299471,0.01324699398,0.01879090979,0.01737795811,-0.002972285092,-0.02154895102,0.01622192159,0.009713916527,0.01651588498,0.008384735118,-0.01134923008,-0.01428461314,-0.001658584746,-0.008619150844
2002-10-31,-0.005277390102,-0.006577537808,-0.005973844003,-0.00292460326,,,0.005723287045,-0.0009281089386,0.009467079086,-0.009518808778,0.009068244789,0.003683736381,-0.003554119821,0.004544615129,0.00628420747,0.009573923299,0.01071020618,0.0121846425,0.004849412983,0.005254880722,0.006059326378,-0.009657226156,,,0.005879954991,0.0009198231971,-0.00407739263,0.0005631008528,-0.003564855312,,,0.01149403026,-0.00285154556,0.003468557102,0.008080757762,0.006306749641,0.006264503441,0.003632964473,,,,,-0.0003030247672,-0.0001536689354,0.005987560867,-0.0001788492299,-0.006713833232,0.005988859182,0.003922503301,-0.001165364624,0.002421400394,-0.0008187450003,0.001569681925,-0.004070299076,-0.0001419734782,0.004217730786,-0.006376766152,-0.001691139839,-0.005384345838,0.005084692162,-0.0003563300015,0.005240600199,0.003148453243,-0.004974325529,-0.000111084589,0.01027065336,-0.004430560184,-0.01813050441,-0.01075891795,-0.01144833743,-0.006029564087,,0.001104082439,,-0.006833254767,-0.003234968767,-0.002649351805,0.001849956387,0.00382399902,-0.003981817931,0.003468470963,0.0009535778457,-0.002218735093,-0.003384852297,-0.01203710846,-0.004702944886,0.0004534491431,0.0009252423194,-0.006356713807,0.00340377655,0.00361270479,-0.004713427817,-0.006877024213,-0.005159813526,-0.003880614141,-0.00837415157,-0.007627137197,-0.008413054572,0.005610855434,0.005982577456,-0.004485968386,-0.002251862963,-0.004033848886,-0.006640937341,0.004977961084,0.002605487591,-0.008140973809,0.0001155579452
2002-11-30,-0.003659725125,0.006050977975,0.008984704596,0.01363342131,,,-0.00154632229,0.01192548781,0.01078218165,-0.01725493845,0.02527690337,0.003423295268,-0.003803566705,0.02348739887,0.02107413849,-0.002003918086,0.00920820653,-0.00353996595,0.01203702349,-0.001191866291,0.009629395153,-0.02143057509,,,-0.001322028687,-0.003625939597,0.002590615066,0.001172161958,0.001013908343,,,0.01685785093,0.01251982271,0.02768591947,0.0117955866,0.02751111346,0.02482815009,-0.01023563639,,,,,0.003390899584,0.01600235737,0.01761317749,-0.01103354877,-0.005609449824,0.02335007131,0.02941953123,-0.001434170094,0.006221199977,-0.003690283238,0.0118519259,0.004532021942,-0.002632806001,0.00115037221,0.01596764781,0.0199767131,0.01757084923,0.03191891876,0.00204778155,-0.003747235384,-0.00635438275,0.01172754303,-0.01401197039,-0.01528563192,-0.01917987438,0.006680565923,0.01438903929,0.02735607919,-0.006031044319,,0.02704274358,,0.007920520166,-0.01384502424,-0.006630931019,-0.006440199798,0.02796786853,-0.01418940726,0.01728610387,-0.01321978414,-0.02221958494,-0.02383688386,0.01794096446,0.01196115372,0.0006298136463,0.0003676057011,0.01146218395,-0.002473350704,-0.003316493699,0.01742380206,0.005830390596,0.01004384317,-0.00421961994,-0.02481490774,-0.02315716977,-0.02912612636,-0.006731734159,0.03021494947,-0.0177618272,-0.007191382819,-0.01832234011,-0.004822775923,0.03174017992,0.02929249263,0.01566492407,0.02476359607
2002-12-31,0.0002987416476,-0.005876966214,-0.005412509239,0.002102362188,,,-0.002247005372,0.01406904379,-0.003543641842,-0.01073461575,-0.01117045129,0.001937834589,0.004361101262,-0.01226609088,-0.01204115975,-0.003601708937,-0.0005599496605,-0.01170969882,-0.008664355864,-0.00904664705,0.0007324730624,-0.003121780212,,,-0.001406154933,-0.006137164488,-0.002621328824,-0.001462334755,-0.006058387018,,,0.01111695573,0.0005856184103,-0.00949966102,-0.01045715017,-0.01267088141,-0.01002242523,-0.002427771101,,,,,0.004854588069,-0.003159606836,0.01193349104,-0.009689284376,-0.0095595717,-0.00104789298,-0.006151538474,0.006308644188,0.0009261635404,0.002765780662,-0.002633807325,0.002015316425,0.000249992246,0.002881442429,-0.002882942821,-0.002455560783,-0.003653551396,0.0006772214175,0.005881457599,0.008224605844,0.0001787314081,-0.001497144819,0.009323240749,0.009535991298,0.02961240533,0.01127227498,0.005489921266,0.0212288426,-0.003571239464,,0.002376031603,,-0.007172530098,-0.006388667696,-6.046714571e-05,0.001523999816,-0.007192422803,-0.001377856371,-0.005897095094,0.00439169253,0.0001439599932,0.001566532402,-0.001273019444,-0.004326034773,0.0001284578975,-0.001273633232,-0.002144651757,0.002590298029,0.004366184298,-0.001279947402,0.001477910216,-0.0005002998864,-0.002216582331,0.0009672029939,0.005200269031,0.005690910241,0.005629602975,-0.003991144358,0.009004982356,0.007655058388,0.001964284769,-0.0005125120316,-0.002726965422,0.0002660695545,-0.005246279595,-0.001504191035
2003-01-31,0.004585458093,0.006799468368,0.007027762732,0.002886641571,,,-0.009632178141,0.01826869879,0.005148576067,-0.01226859084,0.009921141202,-0.0003669009973,0.009812552659,0.001631015574,0.003281923108,-0.005622139514,-0.001115812862,-0.007456877986,0.01196999192,-0.01053433154,-0.00179367465,0.006420569992,,,0.01058538505,0.0008508147712,-0.007661132274,-0.003478813766,-0.01195971445,,,0.01255037235,0.001791938937,0.002276438411,-0.001575890631,0.005655548916,0.000965222803,0.008938875431,,,,,-0.01223685407,-0.007605260329,0.01230961088,-0.0007385475758,-0.002315245935,0.009648642531,0.007972264571,0.004118494096,0.001740311526,0.007774120672,0.004247193998,-0.009428385004,-0.006512169034,-0.0003993750971,0.007461096469,0.007696103199,0.00830996887,0.01030950016,0.004378677048,0.002065974136,-0.0007486730496,0.006965841378,-0.006545583065,-0.006398373122,-0.004123111962,-0.01426417474,-0.002432848827,-0.007866954701,-0.007976005777,,0.006573195188,,0.008736155657,-0.004979767408,-0.001946253071,0.004610175417,0.008352143594,-0.005853037032,-0.00486276696,0.002644141703,-0.002100101843,-0.005794780042,0.004816005799,0.005414881571,0.004781363543,-0.008791378829,0.006933897307,-0.0003199089049,-0.0008074079033,0.008366302466,0.002914811944,0.004257350122,-0.0007361614091,-0.01480691178,0.003942327568,-0.01101967321,-0.005325930108,0.006959881438,0.0001225466486,0.003941523609,-0.0003632389146,0.001670028515,0.007417545105,0.007734025024,0.006789588192,0.00868947173
2003-02-28,0.0002252175663,-0.001126564334,-0.0009926513714,-0.002354982343,,,0.004102996161,0.004257569831,0.0006210810976,-8.507654876e-05,-0.006486848348,-0.0007396903934,-0.0008562147316,-0.007083907517,-0.005791845371,-0.005411191251,-0.004740061907,-0.004201213383,0.001505372641,-0.0009290572524,-0.001432801985,0.005479195435,,,-0.002164910863,0.0004919834784,-0.005304844497,-0.0002223728849,-0.005386642278,,,0.003996296566,-0.006529274516,-0.007778023852,-0.002001967093,-0.006319211483,-0.007207365281,0.0008148318294,,,,,0.002578557579,-0.002589904619,-0.002550845605,0.002105313375,-0.00393622187,-0.004223159184,-0.008368669276,0.00110040713,-0.001694753327,0.002380318247,-0.0001272271962,0.002364027805,0.002148287628,0.0003590986597,-0.002505850722,-0.004239282945,-0.00337412193,-0.004969213701,0.008139356723,0.004950391719,0.005916211327,-0.002713396,-0.005050352361,0.005191696304,0.005744397029,-0.006838858674,0.001239752945,-0.005016418686,-0.001817005561,,-0.005831794932,,-0.003418530629,0.002912992745,0.000346809316,-0.003158476789,-0.008268501748,0.006405505641,0.003064438434,-0.001422776243,0.004821111379,0.007506817255,-0.002489604479,-0.005416763129,0.001396130908,0.003302593802,-0.00344703447,0.0005753251017,0.0009967539564,-0.004403861998,-0.002666242271,-0.005107234193,-0.003937422879,0.0008889000274,-0.007232141669,-0.006841551737,0.004204395203,-0.007811793525,0.007728991534,0.004377855039,0.008259201492,0.004801676532,-0.005279331901,-0.003096780938,-0.002521390108,-0.005143143778
2003-03-31,-0.003817359227,-0.002439434025,-0.0009451509091,0.002078536911,,,0.000278217373,0.002372776046,-0.000719107233,-0.001203659274,0.004686722229,-0.00679234273,0.0005765366756,0.003655530763,0.004097750632,-0.001144862699,-0.001191784231,0.001864423708,-0.001645669945,0.002660170494,0.002224200578,0.00268240204,,,0.003362517652,-0.0008587795088,-0.00259189344,-0.002960120155,-0.005467996925,,,0.002155055263,0.002094439648,0.001465788517,0.001950278688,0.003473079593,0.002367242524,-0.0006225971202,,,,,-0.001311393514,0.0006732978973,0.0008024077718,-0.001744303561,-0.003459567222,0.005605228941,0.0007022781838,0.003466581217,0.00171060629,0.004312336433,0.002352058506,-0.004288285871,0.001344656759,-0.001017797948,0.001297027894,0.0006710359243,0.001971358174,0.004099439112,0.003281746579,0.0009578697458,0.00164346302,-0.0009920769899,-0.007095970249,-0.004880052026,-0.003129538222,-0.0008281808306,0.006034629032,0.00627432195,-0.001895570514,,0.003714274003,,-0.001615905013,-0.004161819538,-0.001799048762,-0.002389132474,0.0009035358945,-0.00194995555,-0.003342539864,0.003481831319,0.001790195418,-0.0008788103075,0.000655220318,0.001776420474,0.0006023035333,-7.557534961e-06,-0.0006578783991,-0.0007469585432,-0.000179114618,0.0005499841402,-0.001116406656,-4.190515361e-05,-6.464766153e-06,-0.007016771138,0.001286558162,-0.001850030504,2.261358986e-05,0.002132225726,0.00134594026,0.001106626445,0.003398266952,0.002383689588,0.005356690184,0.003345154695,0.0001156145244,0.006371250877
2003-04-30,-0.006249860219,0.0001747688474,-0.0008188079539,0.009102282011,,,0.00419593776,0.009597991905,0.009312861177,-0.007404533374,0.01930573291,-0.01023885226,0.003093848568,0.01916078697,0.01863926861,-0.005848855972,-0.00616701731,-0.005546382851,0.002891913146,0.002177594339,0.0009995391828,-0.009892722653,,,-0.003585822272,-0.004299414119,-0.008552155325,-0.009770847,-0.01078684467,,,0.001954139296,-0.0004194987319,0.0194985645,0.01502885053,0.01993811726,0.0188854907,-0.0002748732837,,,,,0.0017229455,0.01500951655,0.01191240202,-0.009127963006,0.005868647598,0.01412782679,0.01954629656,-0.003878772542,0.005256592632,-7.907740776e-05,0.004600590349,-0.004154366926,0.003031171885,0.001212682966,0.008954757224,0.01145746406,0.008963911799,0.02079291567,-0.005966271253,-0.006384762028,-0.007439686298,0.004519983536,-0.001669896237,-0.004525933661,0.0004910239594,-0.00831679939,0.001539553899,-0.004966069795,-0.004971491304,,0.02173091872,,-0.00262233924,-0.0101516378,-0.008868023084,-0.004226907602,0.01994142464,-0.01247321861,-0.01065212885,0.00264819928,0.001112571576,-0.008511016074,0.005174416081,0.003659503517,-0.0007008392431,7.368056284e-05,0.004559648306,-0.001783522933,0.0002652353771,0.008304201811,0.0006025030108,0.001111601747,0.004507883935,-0.01270490188,0.0144891811,0.01250138433,0.001679508565,0.01927206467,-0.01277382903,-0.002355756107,-0.01358184435,-0.003469263369,0.02266378703,0.01869887653,0.001316332126,0.02134478768
2003-05-31,0.003706454289,0.001825710679,0.001467689289,-0.0006530348528,,,-0.001991171208,-0.003691008735,-0.002416609052,-2.161682639e-06,-0.007302620176,0.003267684028,-0.004813812533,-0.005726071651,-0.005927346224,0.001651238918,-0.001850148716,0.0001979171726,-0.007919883047,0.003380921995,0.001661356629,-0.003446798755,,,0.002117643482,-0.002129564675,-0.001453219261,0.0001255117663,0.0003200108622,,,0.005360914745,0.002797519914,-0.003555088478,-0.006080372552,-0.005740025931,-0.006495287163,-0.001452475758,,,,,-0.0004923540064,-0.003295906818,-0.0006691217369,0.002046873426,-0.003562433278,-0.001395088084,-0.008187268334,0.005398379159,-2.29504532e-05,0.004553754663,-0.001006030949,0.002071237457,-0.002457728995,-0.0008733864438,0.000791813463,0.0004235685777,-0.0001802892878,0.0006332909103,0.004464146696,0.002318427319,0.004992309897,0.0006392707696,-0.001371894423,8.060489384e-05,0.0007593663085,-0.002245507343,0.007917783893,0.004252711438,-0.003729741246,,-0.0004424754634,,-0.0005348622178,0.002304180517,-0.0004641078839,0.002085480752,-0.008290593225,0.003356355955,0.002052766535,0.0008792334149,-0.001753686204,0.002309463,-0.0008074373677,0.0001564076237,2.751689644e-05,-0.00268843321,-0.0008426507862,-0.0008312776513,-0.002471849268,-0.000532907193,-0.00207620931,-0.001574497706,-0.004244124661,0.000888794323,-0.005816373552,-0.007064892022,-0.0004060464161,-0.007985684371,0.006559720877,0.004778989105,0.006133248524,0.00381956119,-0.003266014378,-0.001420085535,-0.001259928741,-0.001483870077
2003-06-30,-0.001416488763,0.001654512967,0.002117622325,-0.0002719948144,,,-0.006476896416,-0.005721110984,0.0004503901115,-0.002789593874,0.002673113395,0.008754081535,-0.005297149202,0.0002128693149,0.002630965325,0.002794813395,-6.252206713e-05,0.005106919779,0.0005387321196,0.005539282025,-0.0005066825876,0.001110311944,,,0.001504326346,0.0002059345527,0.004764342101,0.005042768171,0.0007755111513,,,0.003357374376,0.0008369449708,0.003784957946,-0.00182249575,0.001508400715,0.0003604861479,-0.007178060426,,,,,-0.004823954881,-0.004164868742,0.002666460986,0.0006884479471,0.00340447443,0.002121243892,0.002410678092,0.0008662154677,-0.002872891431,0.001198853877,-0.001362984153,-0.00235306289,-4.344626756e-05,0.001513951167,0.003930608749,0.0005614701127,0.003950382896,0.001619697746,0.00310988503,0.003879536274,0.002969926734,0.003580476066,-0.003481092645,-0.007494082048,-0.003332457499,0.004833640233,0.002975067044,0.0009786179045,0.0001373988798,,0.002132688421,,0.003548750572,0.0005683485205,-0.002134784136,-0.003450510505,0.002044984944,-0.000942641087,-0.001563742614,0.001888233593,0.001656574511,-2.379949004e-05,0.005753958086,0.00176611182,0.0006306301995,1.524246367e-05,0.004814211569,-0.002111039561,0.001058299906,0.003065680216,0.0009140333025,0.002417759327,-0.0004565260282,-0.002566743632,0.00150934486,0.001090649229,-0.002822664324,0.003117843948,0.001510115685,0.001633604156,0.002011953742,0.001531295765,0.0008787761692,0.0003960185561,0.005515832,0.002868327332
2003-07-31,0.008812929537,0.005797943716,0.007548827785,-0.002111958518,,,-0.001718150286,-0.004319514645,-0.006261297997,-0.003179046451,-0.001999627729,0.002713610337,0.002773275467,-0.001304228305,-0.002267898579,-0.0002378808783,0.0005735604448,0.001281493359,0.003163413094,-0.0007105214423,-0.005086381423,0.004072813783,,,-0.005223458859,-0.001793195336,0.00123907378,0.002143387888,0.00225510828,,,0.01023315128,-0.004835484523,-0.002973232346,-0.002455401744,-0.003413230808,-0.003139744908,-8.113924938e-05,,,,,-0.001641178725,-0.00451984924,0.004041417018,-0.003749821653,0.003746044653,0.006552799768,0.002537689998,0.001330169346,-0.004290852765,0.002382040571,-0.004757872413,-0.008394461618,-0.004448506203,0.0001891683164,0.005012197444,0.001147692438,0.004743789577,0.001833603112,-0.0004530564225,0.001112677506,0.001174531171,0.004296431725,-0.007298932552,-0.003626910005,-0.005955065285,-0.005810465532,0.009271159706,0.002453809625,-0.0006083025383,,0.001363501191,,0.01244924059,-0.004694158154,-0.0009769633556,-0.000351487223,0.002511290988,-0.008398585252,-0.001666796225,-0.006139907799,-0.006204686793,-0.00956708686,0.01107000515,0.01165437178,-0.001527019804,-0.003047466438,0.005145163062,-0.0006752324439,0.0004164652935,0.00358134303,0.006361950801,0.00671293512,0.001578961895,-0.01060374326,-0.006313501599,-0.008197665999,-0.01483618087,0.003474027972,0.003797340333,0.00473465771,0.001597880638,0.00272731757,0.0004636080072,0.001090417482,0.009797926055,0.002309307684
2003-08-31,-0.007959596169,-0.003926766278,-0.005638414333,0.00587908048,0.003004968011,0.00899352367,-0.002043945174,-0.01071160174,0.004616678876,0.0001686070437,0.008233383753,0.00508404644,0.002039215821,0.009920425762,0.008018892961,0.004924963899,-0.004016576316,0.0004403806725,0.003877059241,0.002227079534,-0.002111979362,-0.006201505652,-0.001392506556,5.273798714e-05,-0.001860484834,-0.002318598579,0.002807047635,0.003378294162,-0.002427649965,0.0002272592543,0.005210005846,0.0004744724426,0.00711812839,0.007674939089,0.007527522483,0.00842712481,0.01077157268,6.055427086e-05,0.005841039534,-0.002840699023,0.007939877115,0.006241741159,0.01386861001,0.01373227853,0.003716781739,-0.0007604510756,-0.004350559146,0.005157201931,0.005468652341,-0.0002642218074,0.007769531625,0.006973005742,0.00761248262,-0.01035482638,0.001674840009,-0.004029112268,-0.004327357546,0.003642741521,-0.003195942432,0.00612839724,0.001348610212,-0.007004100761,-0.005266259861,-0.00455042095,7.088075867e-05,0.005110179589,0.005131020237,-0.00214414982,-0.003937747068,-0.005118326845,-0.002357833578,0.002099081481,0.004734354266,0.00454449666,-0.004586059181,-0.004191183231,-0.005206700413,-0.002375463181,0.004988924282,0.001731579006,0.00346242227,-0.005536799143,0.0004643467957,0.003907124324,-0.004772209203,-0.01005051537,0.00309851386,0.0002163373793,-0.00442057838,-0.007198092155,-0.007642427545,-0.0005435486784,-0.0002352494028,-0.0003598090546,-0.003639603136,0.005054345177,0.0009070342434,0.00427805401,0.009135266108,0.005320054198,-0.0009592207117,0.004592325837,-0.00153262851,0.002669019503,0.005439820356,0.006466780325,-0.009377672956,0.00924295929
2003-09-30,9.77464828e-05,-0.0009315572272,-0.001143167631,-0.000696644606,-0.008110816886,-0.005045835932,-0.002033051617,-0.009556268939,0.003808760075,-0.0006517592569,-0.004039400293,-0.003990444475,0.0005829442042,-0.002493156496,-0.003339876863,0.006585577407,0.004850342192,-0.0006427315931,0.001223332497,-0.002388553882,-0.006845955085,-0.001454947531,-0.004034246893,-0.005164106309,-0.004783858119,0.000443991721,0.007065349031,0.007009052522,0.008000957569,-0.003144017004,1.567472533e-05,-0.001989436732,0.0040332817,-0.001809450282,0.0003621666942,-0.002286390731,-0.001144046734,-0.001187463211,-0.005885301562,-0.002104322491,0.00826742442,-0.003921038998,0.0052129427,0.002437794811,0.002194644638,-0.001459385995,-0.008590738414,-0.0001872061611,-0.003561343488,0.0001534347241,-0.0007913505726,0.0006283617804,0.002680767618,-0.0002542784951,0.003119480125,0.0003671908703,0.00160782487,0.001357348611,0.001128189305,-0.00139879722,0.003373513527,-0.003464793228,0.001834934608,-0.001387553265,0.0004664991464,0.0008948584783,-0.01190089524,0.0007617543976,-0.001087354124,-0.004838459282,0.0003642585675,-0.0003880066907,-0.001635324715,-0.000809027914,-0.004093247347,0.002036776234,0.001824700381,0.001076128579,-0.003318275349,0.002167058836,0.002657466975,-0.006414176027,-0.002372197072,-0.0002579449935,-0.001139233494,-0.001409553128,0.002226616065,0.003088691596,-0.0009094193898,-0.001170286098,-0.001096700587,0.0006278742021,-0.004072318582,-0.00433381369,-0.001370426886,-0.003054289583,-0.004062682954,-0.003401926283,0.004868839393,-0.003650151913,0.001899780808,-0.0001154996004,0.002602398441,0.0002692923725,-0.001534281223,4.734554855e-05,-0.003001585666,-0.001373081816
2003-10-31,-0.002827335187,0.00382636095,0.004468752077,0.002322457245,0.005066284435,0.003382617802,-0.004228144075,-0.002828162521,-0.001951102044,0.00118559979,0.006436278976,-0.001438596922,0.002983284491,0.005709560323,0.006227316693,-0.001342528713,0.002424240981,-0.0006542591363,-0.0006762602098,0.002643285562,-0.001210735561,-0.007124065309,-0.003075261085,-0.0006450563185,-0.002170582888,0.000703649772,0.0009050408634,0.0009485823229,0.0006321724042,0.002919326795,0.006284153922,0.002201575322,-0.0007990663626,0.006614553546,-0.00168332664,0.007186006204,0.003788667622,0.001037322619,0.001332771943,0.0009906559754,-0.006930407527,0.00262102221,-0.006076154698,-0.002223644553,0.004106050536,-0.0012676831,0.003005043327,0.003634942599,0.009603102894,-0.001015080005,0.00156644686,0.001240093948,0.0007990754823,-0.00267816525,-0.0004250862341,0.001427623654,0.004895759606,0.00157359518,0.005289020336,0.009777434688,0.00275705929,0.003077653661,0.0006560520996,0.004172655897,0.003480786264,0.001921266446,-0.004589827063,-0.0002480399991,0.00501522362,0.004590798267,-0.001756383815,0.005715811314,0.009102586441,0.007306189035,0.003900724127,-0.00153502647,-0.003357217878,-0.003928060472,0.009729892499,0.005847120105,0.003573656686,0.002700759322,0.002754581513,0.006176672539,0.006284394127,0.003608656888,-0.001295366178,0.0002157878375,0.004791921495,-0.0003569381361,0.0006471914505,0.00411398154,0.001724972303,0.001892227963,-0.003740297242,0.005141900696,5.685151084e-05,0.004687377126,-0.004251462516,0.01000422035,-0.003442489512,6.625290855e-06,-0.00330412097,-0.0006880395313,0.01008973966,0.00881486029,0.005363368519,0.007810737111
2003-11-30,-0.0009371062795,0.001639464188,0.001570819005,0.003401604377,-0.001990018304,-0.001116630158,0.00278832083,-0.001963942897,0.0004618389303,-0.0006753859078,0.005903839498,-0.004711797666,0.004272454127,0.006695000694,0.005204040408,-0.001687278549,0.002246249942,-0.001077044197,0.001508287338,-0.004024080584,0.002543624332,-0.001431710863,-0.001503181953,-0.002820083293,-0.002610590016,0.002377800286,0.002021823859,0.0007077757391,-0.0006354834654,-0.002352950078,0.003467798196,0.003174911372,-0.0005745404272,0.007889539804,0.00561235044,0.005858889594,0.006822889732,-0.0008451737309,-0.006350716074,-0.003003189621,0.004030158775,0.00131644512,0.005060539726,0.004840234843,0.00470044579,-0.002665777955,-0.0009207396188,0.001443617636,0.00593241089,0.000581905934,0.002715273306,0.003408111757,0.00108346329,-0.002434472032,0.0001298880282,-0.003057018682,0.006719479275,0.004521102086,0.007417865346,0.008636397872,-0.001418015382,-0.0001752511842,0.002987883713,0.004055955669,-0.004655193604,-0.001243202909,-0.001908292318,-0.009452715208,0.0001750336673,0.001758165742,-0.001280770885,0.01009765541,0.009214861012,0.009899714351,0.001914600988,0.0003733001756,0.003040375666,0.001827170442,0.005672570612,0.004242846506,-0.001028550923,-0.0009942762313,0.002728390376,-0.0002876090619,0.001937063739,-3.580157092e-05,0.001055543527,0.0007738370453,0.004239543138,-0.002150602357,-0.004164857533,0.008607185982,0.003382015107,0.003474093285,0.002394212404,0.002713795005,0.001192710936,0.0008273110871,0.0009564783039,0.006131259002,-0.0002649687933,0.003147781572,-0.002218543648,0.003026675102,0.007014342709,0.007396043547,0.003064453486,0.008895671701
2003-12-31,-0.002957825914,-0.004656839383,-0.005243227757,0.002956437407,-0.003242029408,-0.001395368624,-0.001689831212,-0.003873604117,0.00186831102,0.004409433455,0.006230688432,0.003068023343,0.002408945929,0.004434646467,0.005556954474,0.001510324327,0.001466839143,0.002604153787,0.005395403352,-0.002557030091,-0.00411207019,-0.0009169903346,-0.00502525846,-0.003363308479,-0.002817924899,-0.003260196751,0.002294797943,0.002363639194,0.002146398921,0.003286711018,0.002155917468,-0.004463519533,0.001982345285,0.00456952573,0.002972683392,0.005156442641,0.004523328338,-0.0007316009749,-0.002294351285,-0.003867745364,-0.00209404934,0.000692996524,0.000531708079,0.002980801403,0.004445818607,-0.001217098478,-5.738516185e-05,0.004486068747,0.003381986066,-0.001445497401,0.00470309557,0.0001901813763,0.002742340865,-0.00191477517,0.002273616352,0.002250936999,0.0003964641239,0.002490435278,-5.047301659e-05,0.004225614212,0.0007612712857,0.001824423587,0.001615586042,-0.002117543384,-0.001347960727,0.006540891809,0.001244542715,-0.006148540611,-0.006728471778,-0.0066449444,-0.002294262794,0.001916344249,0.003179333091,0.003594789958,-0.004859212687,-0.0008984573543,-0.0012496278,-0.003379246263,0.003326077338,0.001687433174,0.002971700254,0.003321254684,0.002911703888,0.004689894628,-0.003077992484,-0.003995973031,0.001689481956,0.002328159694,-0.00173438497,0.002059833061,0.003868739862,0.001965576394,-4.553995669e-05,8.012364587e-05,0.003674552281,0.002491228856,0.002334603033,0.002784609896,0.005747143868,0.003892655039,-0.001893628031,0.0003719620129,-0.001691318146,-0.0002077804805,0.005981884862,0.004089539584,-0.004665299179,0.006163480043
2004-01-31,0.002233379238,0.002379440897,0.003392033511,-0.0009118859387,0.002738887951,0.003450751059,0.001688890224,0.0007757518305,0.002989769762,0.002572420054,0.0008540284419,0.0022518076,-0.001250826394,0.000107070873,0.0009891514565,0.003907126567,0.003711837734,0.00414819309,0.0008431231991,0.00344119331,-0.0002532774148,-0.005381965458,-0.004623891153,-0.004513293549,-0.005478358941,-0.002856719148,0.001882968874,0.002442369266,0.0013440864,-0.001191725193,-3.297898673e-05,0.001420720849,-0.00208530414,0.001729851184,-1.093471508e-05,0.0008049615319,0.0004503738596,-0.002800002607,-0.002091555207,0.0006314273757,-0.001166700524,-0.004823112334,-0.0007634834551,0.0003311771216,0.005277115782,-0.001380430508,-0.0004979598465,0.002283397463,0.0007118788755,-0.0006245880301,-0.0002860758532,-0.0007152217848,-0.002528582247,-3.412130895e-05,0.0001383848137,-0.0002421164698,0.004432084886,0.001919291954,0.004927185214,0.0007424449069,0.003573331873,0.002754087506,0.0005822089776,0.004224018695,-0.002017436288,-0.001617562644,0.00324898562,-0.002167401673,-0.0005942580786,0.0006509345216,-0.001897687675,-0.0003842298661,-0.000825154607,0.00246800484,0.002201788839,-0.00114908643,0.000575758875,-0.0002378835823,0.0007790866975,0.0005854621294,0.002149887952,0.0002992375805,-0.001105052577,0.001483475363,0.004384628207,0.002641804661,-0.002182606429,-0.0006827087292,0.004458492976,-0.00181503311,-0.001040820023,0.005367902603,0.00219994411,0.002739209968,0.002501286237,-0.00118740418,-0.0007043340732,-0.001424798532,-0.001551985753,0.00114795486,-0.0004274792906,-0.0004728047288,-0.001491763599,-0.002515660724,0.0006083752078,0.0005097754383,0.004157867214,-0.0004603071369
2004-02-29,0.002992779886,0.001332262969,0.002285636896,-0.002741956877,-0.003586283667,-0.004081908593,0.003521037589,-0.003833096345,0.002216412168,0.005626170155,-0.004579654432,0.0006793573889,-0.0009251073303,-0.004095965993,-0.003833556155,0.005297348588,0.001963833226,-0.0001630313621,-0.0004313350258,-0.001335471495,-0.001777811926,0.003235279844,0.001813680163,-0.0006448196142,0.0006257586354,0.000313973652,0.005755129587,0.0026378192,0.004531468949,-0.00273532488,-0.004490677474,-0.001938359826,-0.0009008905392,-0.004134918948,0.004348495541,-0.005667566728,-0.003448777422,-0.003071191339,0.0003124158297,0.001554776201,0.002500886832,-0.000215153625,0.003223849625,-0.001498526378,0.004672583377,-0.0002537453412,-0.006371706385,-0.003163321098,-0.006545797177,0.003729815608,0.0001445122518,0.002078897201,-0.00567449834,-0.001118714884,-0.0008060709073,0.001309618248,0.0002382102912,-0.002612190242,0.0001539368097,0.000857588597,-0.0006571533873,-0.003259806312,-0.003134389229,0.001729381624,-0.004007489529,-0.004529552749,-0.004589852111,0.003659187838,0.008189390312,0.007269543849,-0.001330131578,-0.0003928470601,0.0003722833011,-0.001833003459,0.001433874977,0.003025933013,-0.0009724828174,-0.0001856116126,-0.006645784265,-0.003472857819,0.0006850003749,-0.005471318959,-0.004693540423,-0.003692118188,0.001965676211,0.001857369356,0.002740649712,-0.002842344324,0.001701481455,0.0008841957125,0.001439425519,-0.0009045954514,0.001472022812,0.00113276728,0.001667087408,-0.007158186075,-0.006350579679,-0.00638482065,0.001210074413,-0.006610321187,0.007529335622,0.004301331339,0.007387474161,0.005156685914,-0.0009434068299,-0.001398525238,0.001182999259,-0.004416508598
2004-03-31,0.0008621661945,0.0001898938193,-0.000593741612,-0.0003102417937,0.002870552049,0.004067169325,0.001639532468,-0.0009485764687,-0.001578744954,0.002444970656,-0.002212466575,-0.002424173273,0.001371200707,-0.00280193586,-0.002428845332,0.001762050672,0.001269010889,-0.000753787463,-0.001385607684,-0.0009275929094,0.0001256760287,0.001122353631,0.003649910271,0.0006475952146,0.00212115065,-0.0001108352718,0.003076606103,0.002161246397,0.00221234922,-0.002293577152,-0.0003688783033,0.001406179603,-0.0005385796758,-0.002034986781,-0.0009092458828,-0.00194729024,-0.002573589246,-0.0007296843451,-0.004447747618,-0.003873646164,-0.001855899533,0.001689195024,0.0008739541036,-0.001788618614,0.003043469454,0.001159477022,-0.001581614039,-0.001719511432,-0.003483973564,-0.0004208240852,-0.0002270676838,-0.001357405761,-0.001421421343,0.0001354285524,0.001436768701,0.0001609947366,0.0003553609802,-0.0004007833971,0.0002342480339,-0.001485984078,0.002305101506,0.0006484539687,0.0006436716708,0.0006356029086,-0.004754927552,-0.002045430304,0.003537043665,-0.005953402429,0.005421643101,-0.003884245509,-0.0004828029149,-0.001576096903,-0.0002415659741,-0.001829203695,-0.0005993441168,0.001398714093,0.0003807770633,0.001909539553,-0.002858399226,-0.001368082798,-0.001170359193,5.903282781e-05,-0.0009618116451,-0.001281870295,0.0006621011541,0.00236550917,-0.0001484598415,0.00159392571,0.0003921539014,0.0004543297539,0.0002272603937,-0.0004834391737,0.001060841924,0.0007575156797,0.00129151043,-0.003013696388,-0.001503300821,-0.0009762777822,-0.0002546746985,-0.003255324604,4.229643398e-05,-0.001512463819,0.0002905344829,-0.0009206861227,-0.001767159773,-0.002393407854,0.0002389017108,-0.003038630061
2004-04-30,0.001869648427,0.003290267625,0.00423795941,0.0003761010592,-0.003720680162,-0.00131667691,0.0003173495091,0.004972404807,0.002456675254,0.0016679321,0.00556745169,-0.002808835756,0.0002696238594,0.003010812741,0.004481542574,-0.005666919726,-0.0004535907184,-0.002689426082,-0.001241420917,-0.002179813228,-0.0007959966614,-0.0001680726991,0.0003665010205,0.0003051315948,-5.927914486e-05,0.001666543037,-0.002799981516,-0.003936590051,-0.00112380655,0.0007242061013,0.005006279735,0.008136027398,-0.005425942882,0.003803961028,-0.002125726683,0.005008026553,0.001112293416,0.0004349912515,0.0001829494537,0.001479073165,-0.006103915769,-0.001149355822,-0.008444165189,-0.005131633631,0.004261072741,0.00224859062,0.005085790065,0.003117901606,0.006463610642,0.003824830777,-0.00142617143,0.007068817817,-0.003088395624,-0.005037650825,-0.004906146004,-0.0005676924015,0.004980442714,0.0003420263061,0.004853765787,0.006365167461,0.005914722933,0.001134903421,0.003950550496,0.004809126633,-0.001960079106,-0.004786624274,-0.004998874034,0.006901507002,0.007627491817,-0.001931621154,0.001948347294,0.004675932716,0.005518810839,0.00450354819,0.006346344786,-0.0001123244449,-0.00121590942,-0.0009912913678,0.006499932146,0.00171661535,0.003225852979,-0.001328380753,0.0004066946345,0.005144533747,0.008318502184,0.007102449487,-0.002826910021,-0.003828547757,0.005530276242,-0.001833986091,-0.0007031410601,0.003094461963,0.004371156721,0.004243441787,-0.004870527046,-0.001919083981,-0.005257905651,-0.00365218155,-0.003755676283,0.007051197185,0.003016227983,0.008480928376,0.0007677998737,0.005930873493,0.006695152575,0.004571335308,0.006539415721,0.006992229583
2004-05-31,0.001502819592,-0.001481169382,-0.001374088716,-0.001275114647,0.0004925640415,0.0006121239223,-0.001512626741,0.001312383548,-0.0003262312434,0.005249066471,-0.003179305398,0.0002000722733,0.002237167592,-0.002251658764,-0.004454614767,-0.001085805592,0.003074230351,-0.003056830129,-0.005234530087,-0.00404551472,-0.0006499212719,0.004023395381,0.0003059870923,0.0007677875901,-0.001911002528,-0.0004277800422,0.00437876573,0.004755071612,0.005235889973,-0.001354519196,-0.003065375807,-0.001547788253,0.005021463218,-0.00525105184,-0.000700820635,-0.003278671189,-0.001014056764,0.004485754291,0.003525577812,0.003074628699,0.006362076469,0.002007577703,0.004541630568,0.003680356625,0.002268477196,0.0002843284552,-0.004599803212,-0.00147318962,-0.008251299248,0.004177388912,0.0001528686965,0.003213139522,-0.001843122406,-0.001049433028,-7.460951485e-05,0.001479566104,-0.002506285305,-0.002732206894,-0.00231401952,-0.00226192758,0.0001562959937,0.001066078122,0.0001826695796,-0.002916288967,-0.003748380742,-0.0008066935666,0.002857326118,-0.005041323193,-0.00411552111,-0.003090351487,0.0008046118967,-0.002094329576,-0.003014349851,-0.004461005837,-0.0007673505164,0.0007230419662,0.001149729061,0.002007646166,-0.008206049728,-0.004519210447,-0.001639876072,0.001195722812,-0.001933728168,0.0003221065305,-0.003396944058,-0.004792067813,-0.001634717191,-0.0004307117238,-0.002815493661,0.001220411669,0.002471748494,-0.001831383381,-0.001077689932,-0.001310664161,-0.002912603208,-0.005124206809,6.485166976e-05,-0.004991803364,0.002123679227,-0.008206911503,0.005071372551,0.00236169448,0.005658921897,0.002712340966,-0.003549478163,-0.0009416479021,-0.002148843789,-0.002394369472
2004-06-30,0.002275133309,0.001166724131,0.001284128248,7.490543213e-05,-0.003096650534,-0.004255077222,0.0009664435334,0.001992451123,0.001924353719,0.004638705216,0.001103780858,0.001810456678,-0.002198594021,0.00244413177,0.001393850477,-0.002357431116,-0.000817050371,-0.001361503473,0.001181698255,-0.004777666993,0.0008938009165,0.003526717618,0.00128875618,0.001115413136,0.002753399054,-0.0007279204386,0.005806921056,0.001866399339,0.004462332222,-0.006240524008,0.003098893667,-0.003421052178,-1.7237497e-05,0.002755169356,0.001635380782,0.00183634384,0.002135160913,-0.004019916524,-0.0003293660466,-0.0006570375449,0.004416478219,-0.00407892271,0.002271066162,0.0007704677605,0.003095702075,-0.0002456252411,-0.003348707983,-0.0010810709,-0.002444146489,0.0007482051647,-0.001377825314,0.002127885579,0.001447187318,-0.001851587035,-0.0002930046224,0.0003951443109,-0.001171772175,0.0006817142168,-0.001310198803,0.001545717773,0.003080037594,0.00170938966,0.002070406393,-0.0009214893738,0.00177264719,0.00347388099,0.006302448281,0.002948919925,-0.00367411268,-0.0004336043254,-0.003317200141,0.001119961861,0.001266310134,0.001336272625,0.0007884384188,-0.0001511409127,-0.0003249285099,-0.001006469658,-0.002261924626,0.001494745749,0.001502117073,0.0004918972864,0.0008305773848,-0.0003482912741,0.002376657591,0.002262302407,0.0003354845108,-0.0006551072181,-0.0007929168856,-0.001247554479,-0.0006266406366,-0.0009989089678,-0.0004661696214,-0.000784412964,-0.00039626684,-0.001824949307,-0.0018936671,-0.003028651912,-0.001607816301,-0.001884493392,0.001362807286,0.001539675614,0.0008173975283,0.001185900907,0.001818741082,0.001373677884,0.0004835643437,0.0002669436492
2004-07-31,-0.0012160826,0.0008242764169,0.0005199210031,0.0009119078909,0.003025559293,0.002758317385,0.0004409322034,0.002066455725,0.0001161145717,0.0008396231358,0.0007583635071,-0.001498485593,-0.001700133199,0.002028294302,0.0008404076372,-0.001161803422,-0.001862658764,-0.002489825055,-0.002045908135,-0.002014015213,-0.001504721916,-0.002119844681,-0.0001668177149,0.0006417174705,-0.001607459223,-9.29530907e-05,-0.0003799907533,-0.0004235542642,0.001338200292,0.002943836601,-0.001018766062,-0.001874148398,0.0001687032037,0.001921086476,0.002094375118,0.001597166469,0.001499850433,0.0005328143937,0.001198469348,0.000341285898,-0.0008300826902,0.002701770638,0.000407762055,0.002306353514,0.0002467208064,-0.001618003191,0.0002711681636,0.001673557356,0.002500710563,0.0001883491813,0.0005157452394,0.0002760976876,0.0001083687149,0.0003973004112,0.001060027393,0.0003431564273,0.001827105051,0.001447418579,0.00210032972,0.001993430396,0.002658914393,0.0001729041733,0.002159799448,0.001918738135,0.0002658522463,-0.00212697674,-0.00298734679,0.001107423841,-0.002369766331,0.0004540580278,-0.0006440884607,0.0009115198819,0.00128485295,0.0002064200223,0.001565181129,-7.562860528e-05,-7.965041106e-05,0.0002799671123,0.002341031716,0.0005583415409,0.001361939886,-0.00076214862,-6.053572943e-05,0.0009156562851,0.001391059994,-0.0001089555367,-0.001198022779,0.0002442808442,0.002021843815,0.0001381670148,0.0007622506624,0.002708362033,0.00128465973,0.001381149974,-0.001135667974,-0.001130396945,-0.002093789337,-0.002930887039,-0.0009473375679,0.002702931757,-0.002222229126,-0.0003568016222,-0.002099737863,-0.0002424258858,0.002563170495,0.001938210885,0.001721031902,0.001642644704
2004-08-31,-0.003168561424,-0.001785697475,-0.003419160453,0.000578063456,0.0004149088265,-0.001456164925,-0.002100112359,-0.001041410671,0.001004499116,0.004588305417,-0.002898893478,-0.001132360141,-0.0001965911194,0.0003354578963,-0.0007171065934,0.0007836133849,0.000691203399,-0.0004245415998,-0.001563740414,-6.41873232e-05,-0.0007792576713,0.003923620748,0.0002305233251,-0.001154718862,-0.001503015122,-0.0004924715001,0.004156503335,0.002612101012,0.002753351969,-0.0009477062778,-0.0002621269028,-0.003012081163,0.003877605977,-0.001113209986,-0.0004590753976,-0.0009325597226,0.001361787807,0.0004875039592,-0.0004950842953,0.0009148978163,0.004423417625,-0.002312084826,0.004711639424,0.004578038132,0.003471596,-0.001046623912,-0.004858908476,-0.002334541341,0.0008459996338,-0.0035147706,0.0007791637487,-0.001042034731,0.001884082912,-0.001213881105,0.001166338355,0.001231921467,-0.002500481603,0.00180270265,-0.002602270607,-0.002616999621,-0.0007449770397,-0.00151589618,-0.002377050472,-0.002549157114,0.003580215274,-0.001283044587,-0.001267265703,-0.0004938858937,0.001564184471,0.003239289125,-0.001929477277,-0.00282461692,-0.002260784379,-0.001965866534,-0.004368453076,9.489754016e-05,-0.0005921333479,0.001982208257,0.0008313293049,-0.001202767897,0.001268029075,-0.003164028916,-0.002195789573,-0.002258821245,-0.002600588362,-0.003279779282,-0.0006810394443,0.0008809765386,-0.002512471774,0.0009993419857,0.0009665242656,-0.001943663978,-0.001844945556,-0.001759298391,0.001687608041,-0.001843664329,-0.0007287168471,-0.001846107288,0.003809681203,0.000993524224,-0.001858272483,-0.002594447864,-0.001102538154,-0.001868947894,-0.00271739699,-0.002915951031,-0.005306172376,-0.001241432661
2004-09-30,-0.0009336846517,0.0007779963292,0.0004120152184,0.001222703613,0.0002768454059,0.0004525024803,-0.001122847699,0.002204821649,-0.00170074513,0.002429266086,0.003812016127,0.0002101043038,0.00133727162,0.004716758072,0.00490268989,-0.0006522689568,-0.001831651383,0.0003458875829,-0.001105215959,0.001971622747,-0.0001579675293,-0.001328523996,-0.002568742127,-0.001836917956,-0.001603005147,0.0007406313309,0.00132513563,-0.0005784313474,0.0005352183433,-0.001303786042,0.001972120305,-0.001102587258,0.002193095514,0.00375645378,3.002974651e-05,0.004429925028,0.003750242243,0.0005461800989,-0.0005616870353,-0.0001488254585,-0.003381562013,-0.0007142398713,0.000843158005,0.002332813142,0.001514086639,-9.720223629e-06,0.003278814011,-0.000240716097,0.006218925425,0.001295595851,7.758966761e-05,0.001727895929,0.001805857939,-0.002724235238,-0.001341529706,0.0003266596771,0.001764945761,0.002901949452,0.002046469067,0.00408966144,0.001710835478,0.0009876850915,0.0004704383166,0.001134192687,0.001824122835,0.001824189369,-9.24858107e-05,0.002988425781,0.00153012697,0.002527237255,-0.0003796322429,0.003748158367,0.005015158466,0.004634816733,-0.0006887396502,0.003781348367,0.002426259234,0.001324014323,0.006542553167,0.001161896231,0.003826959584,0.0004573321256,-0.001425244916,-0.0006511143816,0.003636854645,0.001459604455,0.0005547397709,0.000257124229,0.001111870546,-0.0001325461503,0.001573295183,0.002037745491,0.002010729416,0.00175192525,0.0008401236948,-0.0004413274559,-0.0009216468019,-0.001335834991,-0.001777476413,0.006068720662,-0.001233677875,0.002009525679,-0.001590893932,9.864885443e-05,0.00388787094,0.004519951415,0.0009246762682,0.004826612072
2004-10-31,-0.0003477434856,-0.0008489413051,-0.001748361751,0.00236220796,0.002253039246,0.002015992412,-0.002383996839,0.000537398624,-0.0006153471599,0.002553499202,9.018304575e-05,0.001944406964,0.001974039468,0.001370551523,0.0007790020065,0.0014791247,-1.729644856e-05,-6.71620361e-05,-0.0007520823441,-0.0006086713342,-0.002215091198,-0.001325849604,-0.001061347172,-0.000221758261,-0.0005573697169,0.0008639748901,0.001282411163,0.001941185257,-0.0007058869222,0.0007556253073,-0.0004162805129,-0.0006133548263,0.002904289826,9.320038062e-05,-0.0001406489878,0.001106041051,0.001082828467,-0.001045757956,0.0007945060519,0.0006030778852,-0.0002796049995,-4.296301045e-05,0.0004648858252,0.000177868526,0.0007679031385,0.0003283019554,0.001098690922,-0.0006080201267,0.003064922245,-0.000766283576,0.001876267417,0.001686501807,0.00224494438,-0.0005086296216,0.002126062421,-0.00182393673,-0.001377352673,0.0005266591942,-0.001119395734,0.001087764372,0.0007705756476,0.003849087136,0.002774407504,-0.002272469953,0.0009699642256,-0.0007945902642,-0.003353764378,-0.002348401808,-0.001228767572,-0.00294187129,-0.001665426684,0.002197461188,0.001991939399,0.000630928621,-0.002008455888,0.001049028988,0.002096024796,-0.000254253123,0.002994893981,0.001071913154,0.0005314528272,0.00256782071,0.0007922971237,-0.0003758856347,-0.002610197903,-0.003412511864,-9.841224936e-06,0.001626035792,-0.002025484497,0.0007441722816,-9.169727598e-05,-0.0003315927043,-0.0002691763898,-3.735452167e-05,0.001248617532,-0.0005507213293,-0.0006505141687,-0.001086221818,0.001394416612,0.003375911411,-0.002424329661,0.001152099589,-0.002251740445,-0.001514894846,0.002388335972,0.0001739398153,-0.001030634522,0.003359138541
2004-11-30,-0.001458188348,0.001551502985,0.00158460887,0.001349660593,-0.0004186286252,0.0003167979767,-0.0001985172264,0.001512544556,-0.0003346641473,0.003207197036,0.006419086272,-0.002739509142,0.002418344493,0.005680989906,0.006281472325,-0.002803223172,-0.002144039546,-0.001995932551,0.0006957827032,-0.001174232756,-0.0005046021319,-0.003853746609,-0.001785240346,-0.0005806838284,-0.0004341640861,0.0001563705708,-0.001140857556,-0.00120286567,-0.002338539084,0.0009647133409,0.005043821057,0.001704581701,-0.001076171935,0.006821574368,0.0005680976005,0.006270541145,0.005055876087,-0.001053669841,-0.001132023742,-0.0008021042499,-0.003785692729,0.0002712626752,-0.002474993584,0.001639082209,0.002328269207,0.0003836547097,0.0051434332,0.002884543781,0.009464426105,0.004175424487,0.001135344892,0.005570942443,0.001460006953,-0.005087570839,-0.0005640585577,-0.001454942963,0.003520057587,0.002711187576,0.003411100485,0.006744765555,0.001052230518,-0.001000050288,0.00105811161,0.002428759894,-0.01339457406,-0.01232904282,0.01068353774,-0.01195001044,-0.01271828872,-0.01244368253,0.00108510475,0.005056707034,0.006874499629,0.006699604763,0.001303982964,0.002129414656,0.0001168347265,-3.155759241e-05,0.009485584293,0.001610582788,0.001817373697,0.001011577493,0.0002349763731,-0.0008538567655,0.001532678397,9.4225497e-05,0.0005712231099,-0.0009681722747,0.002683381938,0.001167571246,0.0007978888673,0.005033561082,0.004000586155,0.004466993719,0.001268413701,0.001698390863,0.00333286488,-0.0003010068519,-0.0008831387737,0.01010797651,-0.001085038542,0.005361265051,-0.003211840025,0.003568408409,0.007066760503,0.007089050323,0.002093609549,0.008761949094
2004-12-31,-0.001979637399,-0.000828050812,-0.001077047572,0.003587834312,0.0011527389,0.0008130725986,-0.001462508932,0.001120567535,0.0008656326517,0.002258516385,0.0006728901011,-0.0001561795205,0.002870284264,0.002351249488,0.0008538292625,-0.0005734004488,-0.0009595096081,-0.0006068794738,0.0003306627947,-0.002508759895,-0.001440860212,0.0009690193595,-0.002574086546,-0.0008409627052,-0.0009001189161,-0.003645156009,0.002551201533,0.0006110977435,0.002755273137,-0.0007548755847,-0.0001394710601,-0.0001028241697,0.002288524111,0.001349218975,0.001129027595,0.0005899196638,0.003769278982,0.0001815814038,0.002738542203,0.002598530071,0.00149017255,-0.0001857625695,0.0004110312928,0.003360296409,7.815027439e-05,-0.003003525461,0.001030411409,0.002259098836,0.002698419796,0.0008311612574,0.005287144495,0.003839612784,0.003760144668,-0.001335315622,0.003455433472,3.494878877e-05,0.0002999567522,0.003139259353,0.0007791106259,0.002884049221,0.002210090707,0.00248245016,0.003023998832,-0.0004053499046,-0.001053320826,-0.003301880161,0.001712279163,-0.0007384405389,-0.001151601484,-0.002683630323,-0.001660179177,0.0003124071031,0.001388505904,0.001275078538,-0.002701711495,0.0001864362259,-0.00362706747,1.601324533e-05,0.002795398093,-0.0003910805116,-0.00063823625,0.002042184522,0.001590051845,-0.0006431600118,-0.001142214155,-0.004215364857,-0.0003164504845,0.002493861368,-0.0001214696736,0.0001695568827,0.0005591556797,0.002885887951,-0.00123632483,-0.001148752257,0.002511539829,-0.002542896365,-0.0002451331482,0.0001174244237,0.003160816404,0.002399092405,-0.0009075354221,0.002964445803,-0.001245942894,0.0004927113283,0.001688733325,0.001046145663,-0.001396635211,0.00337582252
2005-01-31,0.00157145237,0.0007552571811,0.000663622829,0.0004329925325,0.003176436214,0.00323927344,0.001092298605,-0.003935091008,0.0004686636868,0.001995264752,0.002770036895,-0.002248510769,0.001937654499,0.003677630864,0.001841157306,-0.002756066666,-0.0008882155243,-0.001756507298,-0.0009090689872,-0.002076378828,-0.003193560391,-0.001375506328,-0.00333592298,-0.001140729262,-0.00206554764,-0.002741335534,0.001894673607,0.002592140017,0.0004825604182,0.003766225518,0.000314287231,-0.003126849185,0.0004765376417,0.001957144378,0.002496527416,0.003703546439,0.003093516064,-0.0009166594218,0.0006558483997,0.0002218334416,0.001408529976,0.001363365643,0.001861811479,0.004422490407,-0.004687512053,0.003935945242,0.0008406543602,-0.005107899005,0.005044197907,0.002173080517,-0.0007984482396,0.002266204589,0.002953880357,-0.003976269649,-0.003049526609,-0.001173788848,0.0007985366728,0.002592369864,0.001730766642,0.003558681253,0.004528150641,-8.555863745e-05,0.002559231267,-0.0009381831676,-0.0006371861576,0.002607434315,-0.001335749546,-0.005100620332,-0.008561703596,0.0001129252077,0.0003757555279,0.005279919872,0.003415122491,0.004300389131,0.001220552766,0.002972643375,0.004042726374,0.003733651993,0.005026968809,0.004487791404,5.768278333e-05,0.001015219183,0.003650359043,0.004993400127,0.002147017009,0.002485322913,0.0004898630833,-0.003134723382,-0.0008387401069,0.0001554523454,-0.0001399392725,0.0001638743604,-0.0008293102583,-0.0006886619341,-0.0001434079306,0.001155192207,0.002665091531,0.002596439383,-0.0005357605375,0.005362194608,-0.0004535215638,0.003386921712,-0.001299151076,0.0005084704845,0.003628980921,0.004043156582,0.002405562958,0.004593278935
2005-02-28,-0.002307944428,0.00370878323,0.003568515813,0.003676648389,0.000492426262,0.0006047647685,-0.00101784016,-0.00211953023,0.0005456397033,0.00046676124,0.006266494463,0.002045477373,0.001015119263,0.005618168448,0.004964082783,-0.001109065751,-0.002044946605,0.00124005605,0.001020725998,0.000973451991,1.341554542e-05,-0.0006723761452,0.0006237154164,0.001820702468,0.00185295106,0.002110394097,-0.001143359062,0.0004855701399,-0.001617887344,0.0009162483371,0.002782440695,0.001453621136,-0.0001078994205,0.00453101766,0.001229970798,0.006020625625,0.005291807623,0.0006342039754,-0.0008614804893,-0.001088993556,0.0004768787983,-1.572515021e-05,-0.0008865599524,0.002184394196,-0.001867921926,-0.0006396586987,0.0005953517419,-0.0009336025848,0.01004409149,0.003644512629,0.002869451637,0.007559320905,0.002503957224,-0.005014934211,-0.001225525266,-8.618365857e-05,0.00507998949,0.004778196618,0.005666613346,0.006242770542,0.001865761842,0.002770600498,0.003572720347,0.002989498868,0.001320908266,-0.003275608975,0.002734892072,0.00512416253,-0.002684940004,0.005332383444,-0.0006200806509,0.004545770801,0.006202724602,0.006559669893,-0.0001089319708,0.001422398168,0.0001154556407,0.001509194773,0.01010254602,0.002776839708,-0.004008025662,0.004661927864,0.005454416304,0.005990048558,0.001409871401,-0.000177405276,0.0003918769413,-0.0003307606863,0.002785883515,0.0009309422498,0.001328314368,0.005305822014,0.002069117951,0.002220706409,0.0005060685698,0.001329765822,0.004019338661,0.003362037406,-0.0009391729502,0.009921820142,-0.003001757125,0.00561359542,-0.004729790778,0.0007733565191,0.007011613735,0.005358956902,0.002534533592,0.009405064323
2005-03-31,0.003829817801,-0.001148650918,-0.000723475209,-0.00917291816,-0.001091000371,-0.002430003284,0.004055193807,-0.0001528001996,0.0006201827886,0.005822707323,-0.01068258178,0.001592338514,-0.00181158704,-0.01212592073,-0.01103800504,0.001801350336,0.001038457526,0.000786019987,-0.003125982415,-0.001050342749,-0.0002857349937,0.001347637395,0.0005487185228,-0.003656099839,-0.003252868782,0.001423185013,0.003764088562,0.0039671856,0.005394577153,-0.002552380386,-0.006042748663,-0.005102347309,-0.003648147731,-0.01200604474,0.0001360987595,-0.01343645589,-0.0114389061,-0.001161786893,0.0007991576509,0.001869979388,0.0007676864242,0.001266675112,0.002451779124,-0.007000171987,0.002774574783,-0.0005534917004,0.004716552453,0.0004541729243,-0.01823085409,-0.008433698777,-0.006901403793,-0.01045714365,-0.00982488204,0.005972419167,-0.0007962391622,-0.001172910303,-0.007915298999,-0.01104994812,-0.009371239785,-0.01018388955,-0.004180586591,-0.002882816522,-0.005009273592,-0.00368851369,0.002233732392,0.008504775703,-0.008126945599,-0.0002734410769,-0.001556624353,-0.002976964293,-0.0003438542341,-0.01023937885,-0.01176531224,-0.01206875842,-0.0003380877458,-0.007466316864,-0.002504599058,-0.001695029661,-0.01826556802,-0.008116597577,0.003551849557,-0.005008246613,-0.01028149581,-0.007850766525,-0.001510335196,0.00446493714,0.001316083325,-0.0005692341199,-0.003959831175,-0.0004717399998,-0.001455553121,-0.01032351918,-0.006456077813,-0.006677776607,-0.01093078758,-0.00716304085,-0.007887990028,-0.01178196533,-0.002882713026,-0.01852243628,0.006034842966,-0.0103077112,0.01188192685,-5.846863771e-05,-0.01074054795,-0.01011693501,-0.003101694747,-0.01487707564
2005-04-30,-0.001323973042,-0.003288769025,-0.003977140161,-0.004061135213,0.002772349895,0.0001178079373,-0.002542208527,-0.00395218772,0.001806539505,0.0009619195121,-0.00758661039,0.0005140487137,0.0006554867248,-0.00549073609,-0.006352428443,0.003383968115,0.001963155613,0.0009291459319,-0.004382857596,-0.002065527425,-0.000778562614,-0.0003405138006,-0.001325376612,0.0003429117476,-0.00194180645,0.001554500853,0.001113063981,0.002498507616,0.0008867592751,0.0005926143586,-0.003574529156,0.00058001255,0.001228310937,-0.005984663447,0.0007642875905,-0.006368806143,-0.005316952666,-0.002129915326,0.001454561294,0.002638740446,0.00471625707,-0.001944497206,0.005016787626,-0.0005304098109,0.0004363443515,0.002178370838,-0.004719718416,-0.005271414149,-0.009406475975,-0.00740381815,-0.004595303093,-0.006955812217,-0.004457890234,-0.0003811518146,-0.001762260814,0.001603373099,-0.005956262002,-0.006117780606,-0.006361936057,-0.006732964317,-0.0008471658122,0.001804134364,-0.0007545709332,-0.004539867622,-0.01270233584,0.003656955587,-0.01149075562,-0.01151536201,0.005683961921,0.00396462756,-0.001988864853,-0.008034504976,-0.00739624054,-0.00750667961,-0.00513610037,-0.002773447668,-0.001811144192,0.0012138556,-0.009374327575,-0.001751437113,0.001462323811,0.0004985539172,-0.003607379716,-0.001561715598,-0.002847675953,0.001549970819,-0.0002482269268,-0.001614973184,-0.004966283794,-0.002229730208,0.001635991382,-0.007036423758,-0.005426917217,-0.005734088269,0.005354960629,-0.002957462675,-0.004667754486,-0.004342180334,0.001351031879,-0.009050364261,0.003020828978,-0.006165162075,0.007737585658,0.0004045279785,-0.005438125606,-0.005913219668,-0.006540026646,-0.009316432292
2005-05-31,-0.001154515791,-0.001522763387,-0.001410882469,0.001494299669,-0.001109560149,-0.0003167364297,0.0009675197994,-0.003519057181,-0.002082314665,0.002331924143,0.001136554885,-0.00229155115,0.0001591476154,0.001133121721,-0.0001182404413,0.001883561052,-0.002579051773,0.001347533643,0.0003872062001,0.002685156869,0.0001453684706,0.002541475216,0.001052438201,0.0001983627357,-0.0006386881362,-0.0002640485799,0.002160637761,0.001625728803,0.001806287591,-0.00217076947,0.001091291233,-0.001572853982,0.0007527102666,-0.0005846080444,0.00053356996,-0.0002541723955,0.0003843778461,0.00197450194,-0.001734459429,-0.001276764275,0.002476821931,-0.001004044034,0.001614101067,0.0006763211618,-0.003694077888,-0.001328604644,0.0031150484,-0.0005159514593,-0.00132554853,-0.0006653297809,0.002301120399,0.0007639754556,0.000454352133,-0.003112858826,0.0006361216276,-0.0007029523677,-0.001109781337,0.0003585238509,-0.0005848929689,-0.001060076976,0.003000530479,-0.0008481660951,0.001205063779,-0.001241178577,-0.009907184577,-0.01265110036,-0.01003267109,0.003717391089,0.004752721364,0.003782403038,0.0006257554308,-0.002585739233,-0.001418269924,-0.002483798261,-0.002286041696,-0.0009076062513,0.0009744933838,-0.0005510748677,-0.001310037127,0.0003143985765,0.002462499576,-0.001900416843,-0.001721271763,0.001065284428,-0.004013078579,-0.004056810132,0.002658691519,0.0003864161074,-0.001786268369,-0.001579208095,-0.001800854839,-0.0005444027613,-0.001342783957,-0.001260185219,-0.002262086658,-0.001505488411,-0.001546337702,-0.002284863353,0.004731086518,-0.001822414665,-0.001406431005,-0.001175672434,0.001053186687,0.001210847924,-0.001112824369,-0.001030336721,-0.002612733598,-0.0006864958449
2005-06-30,-0.0003695503393,0.001854856075,0.002099133602,0.002079647092,-0.00106982674,-0.0008863736942,-0.0003719363018,-0.001386902097,0.001761045684,-4.630565702e-05,0.003854587406,-0.00231001471,-0.003899390892,0.004175646159,0.002507730062,0.001333794718,-0.00174755284,-0.00139797878,-0.0002239349167,0.0009056191149,0.002083000203,-0.001794994356,-0.0008619399955,-0.001573995718,0.0007987230886,-0.0003170449787,0.001673048793,-0.0001819267732,0.001894617129,0.0009713692206,0.003621370966,-0.004286767123,0.001871118351,0.004180014968,-0.001180334683,0.004142756019,0.003888431272,-1.309349187e-05,0.0006967878672,0.0005836039507,-0.001008391244,-0.002110365903,-0.0005003327292,0.002159773641,-0.002040034729,-0.001412383792,0.006277178465,0.001852665576,0.004600905023,0.003790212104,0.001592830113,0.004593822798,0.002393361531,-0.002850347121,-0.002660509996,-0.0003944641479,0.001531349714,0.002453462605,0.001861924476,0.004497513496,0.001463281844,-0.002459569011,-0.0009393265182,0.0007776428613,-0.001347976673,0.0002072802121,0.01118404184,0.01363279421,-0.005698346829,0.01063767572,-0.001117870139,0.002949699916,0.00325890666,0.003796186083,0.001690998561,0.002702916986,0.001704130096,-6.012800385e-05,0.004581369872,-0.0005516174842,0.0006915088664,-0.00457107364,-0.001727014089,-8.563620219e-05,0.001460601602,0.003529915738,-0.001105586997,-0.002608246678,0.0009628836351,0.001123286622,-0.0001449680083,0.0005193489601,0.00178021034,0.002158607738,-0.002322897632,-0.0015603676,-0.003716047747,-0.003732989705,-0.0009856302174,0.00439470123,-0.001384375802,0.002467250163,-0.001318240086,0.000921198029,0.004536500503,0.003983326545,0.002033976639,0.005012169713
2005-07-31,-0.0003103032191,0.002160914996,0.001515448794,0.007141681219,-0.0002741099632,0.0004023403944,0.0005616514889,0.0001299347385,0.0004040477754,0.0007135673978,0.01035636869,-0.0006450581853,0.0002083953313,0.01033814241,0.00807292039,-0.00149391594,-0.004024964677,-3.656086615e-05,0.003520575071,0.004137862625,-0.0006000194913,-0.002392592186,-0.00362847873,-0.001408467618,0.001149400174,-0.002509103485,-0.0005637876745,-0.0008142839164,-0.002559218367,0.001560635984,0.008600922314,-0.002331021488,0.001858099265,0.007946236668,-6.065630094e-05,0.009838033399,0.00886462196,0.001582048023,-0.001437882927,-0.001179490544,-0.003479869345,0.0006864879951,-0.003519373146,0.003495601134,-0.003062510619,-0.002782286333,0.008579705377,0.002375562355,0.01384760661,0.01070980574,0.005072736917,0.01195722758,0.006360531284,-0.006277917388,-0.001264849848,0.0001230661633,0.005670496123,0.006274812662,0.005739977076,0.009900709286,-0.0007528626649,-0.005359306395,-0.002868768515,0.001443444983,0.01293711299,-1.736759962e-05,0.01234714913,0.0130072791,-0.002681555348,-0.01097119893,-0.0007095865421,0.008569215975,0.008477796835,0.009214587383,0.002348018814,0.002732848934,0.004320513976,0.0003224461235,0.01387923708,-0.00209396739,0.004708825389,-0.007465385461,-0.006035341553,-0.002419680269,0.00239348759,0.0002311953684,0.0007639205101,-0.001118981323,0.001513735512,0.0002791758228,0.0008425658879,0.00704922032,0.0038045276,0.003987579421,0.005563884114,-0.002913471123,-0.00835508239,-0.008189031015,0.001367383524,0.01449313292,0.001014539954,0.01033831347,-0.00667213067,0.001964877949,0.01180818123,0.01074724085,0.004196194278,0.01279214034
2005-08-31,-0.0007126269513,-0.0008056811934,-0.001376562284,-0.004677343536,-0.0002323985112,-0.0009422420442,0.0002582113003,-0.002495264534,0.003996457016,0.00172212207,-0.009063464482,0.002133792644,-0.003201258714,-0.009082438869,-0.007274168668,-0.003163561054,0.001301953573,-0.004805144388,-0.00206933729,-0.006429218991,-0.003896303933,0.005205625908,0.002419151416,0.003041342965,-0.0008006632357,-0.000227904058,0.004169933558,0.003816654517,0.00654745484,0.0007877456581,-0.007520413197,-0.00249414175,-0.00114190301,-0.008357948368,0.004209257305,-0.01000094644,-0.00856750501,-0.002757740421,0.0007795795557,0.002009796603,0.005584022548,0.001459562236,0.004672225551,-0.003236627351,-0.002880896082,0.001576971163,0.00238779275,-0.00236516982,-0.009563724604,-0.007859935814,-0.003710108796,-0.008389306284,0.0001317578893,0.00259169592,-0.0005612196233,0.0007990567,-0.003861830797,-0.00259361452,-0.003000258622,-0.01073244919,0.001894913746,0.0004384627586,0.003923363612,-0.002404279892,-0.007478053116,-0.006765961696,0.00269545675,0.006341239501,0.00848417185,-0.001954114711,-0.001251729231,-0.007821126034,-0.008364142356,-0.009203821361,-0.001538215437,0.000427179721,-0.00275376321,0.0008110013214,-0.009343907993,0.00131269078,-0.002920156392,-0.001393845288,0.005064890924,0.001791613617,-0.0007010947794,-0.0019018408,0.001477178468,0.000665559586,-0.002452173642,0.0003717083504,-0.0002289880855,-0.005103224719,-0.002410627378,-0.002756198918,-0.005888380689,0.001126855641,-0.003865149419,0.004719872196,-0.0001875860611,-0.009905472564,0.0001978639773,-0.006813818641,0.004903030429,-0.001416013379,-0.00793479511,-0.008189812455,-0.00191679189,-0.009106458801
2005-09-30,0.001709011093,-0.002629155128,-0.001927543624,-0.002139226195,-0.007065331716,-0.006610715073,0.003740092645,0.003129092984,-0.002477287474,-0.001734766893,-0.003416686747,-0.0009540589605,-0.001521587285,-0.005415278608,-0.002276779165,-0.008684128768,-0.001107567636,-0.007947526707,0.0006959159851,-0.006002281223,0.000713675944,0.003228678182,0.003798897751,0.003349078074,0.001427527754,-0.000415446478,0.00109987112,0.0008397912573,0.0028171347,-0.00140858211,-0.002441671745,0.00245916161,-0.005572109084,-0.0034271999,0.001352534689,-0.00411672094,-0.005257332754,0.001092865514,0.003058875768,0.003867106108,-0.005832666166,0.001638186686,-0.004596260698,-0.003956946114,-0.005230240967,-0.001547875001,0.002636044759,-5.018586031e-05,-0.005593990581,-0.004453608096,-1.58644687e-05,-0.005344146174,-0.003455413593,0.005865434588,-0.001726257234,0.001626636275,-0.006723395328,-0.004915275371,-0.006923811183,-0.004058974504,0.001842530185,-0.0009204363324,0.005313254281,-0.005014016962,0.0009074874298,0.001507128549,0.00108229648,0.001855165287,0.007045534506,0.00657082991,0.0009668046367,-0.004324633194,-0.004584050193,-0.004196478321,-0.002016111382,0.0003807075325,-1.332312914e-05,-0.001211549125,-0.005560595123,0.0009992746481,-0.003918912132,-0.003561915106,0.004311397544,0.0009081050308,-0.001659531401,0.001173005416,-0.0001582641009,-0.000255172883,-0.005033199708,0.001480102497,0.001789808416,-0.006164445346,-0.002861171803,-0.002581499236,0.002166332777,-0.002607528221,-0.005052883629,0.001228290481,-0.001926802277,-0.005756563128,0.001121016419,-0.003195660706,0.003835462468,-0.0004483469276,-0.004093951773,-0.004622179253,-0.003451251883,-0.005552657075
2005-10-31,0.0003745823946,0.001517209297,0.001486795015,-0.001155340996,0.004218007394,0.004560039824,-0.002759948681,-0.002162374834,-0.002280838453,-0.001585099164,-0.0004462562499,-0.0003504884303,0.0003333214543,-0.001944655812,-0.001422600027,-0.003579234798,-0.00321922294,-0.005144295127,-0.0009242800978,-0.007278972698,0.0007753601056,-0.001752959336,0.001852778568,0.003532199568,0.002915139685,-0.001487663345,-0.002889677348,-0.001374546276,0.001477433399,0.001125822088,-0.002292562007,0.001554255774,-7.200946823e-05,-0.004519897624,-0.002025742082,-0.001889265912,-0.002596396256,0.001274824735,-0.001950232327,-0.0009580049372,0.000802237739,0.0008560826998,5.810149968e-05,-0.0008022542827,-0.006060329894,-0.001615304925,0.0005112685704,0.000367850837,-0.002233421457,-0.004555069278,-0.0001546873925,-0.006585985462,-0.00234930072,-0.000180826967,-0.001410965598,0.0009722269598,0.0004930622799,-0.0006824507392,0.001315719666,-0.004574013428,0.002924749697,0.003478082586,0.00591547508,0.0009406361513,-0.008099298506,-0.00894049989,-0.0088708469,-0.01335754856,0.01826821829,0.01870685546,0.001680795702,-0.005048295088,-0.005514254107,-0.001228794014,0.006249849217,-0.001886482211,-0.002314774218,-0.002279276176,-0.002422279045,-0.002488097183,-0.00362645926,0.0003288336958,0.002475384324,0.0001331296222,0.001040437014,-0.001038252184,0.001123953857,0.000267461678,0.0007166542642,-0.001246631564,-0.001111784014,-0.002012816353,-0.0003157692852,0.0003509951295,0.0005577596493,-0.0006518198539,-0.003409936483,-0.0006872090584,-0.001365874942,-0.002030961737,-0.002794919493,-0.001362445164,-0.001752416336,-0.004306608513,-0.005276495547,-0.004373677536,0.001536866181,-0.005501277042
2005-11-30,2.333902406e-05,-0.006276794728,-0.006441661686,-0.001850015681,-0.006267090493,-0.003821108719,0.0009569405951,-0.006176690428,-0.001537304448,-0.002617644897,-0.002318140296,-0.006287246396,0.0009146526801,-0.0003077400999,-0.002280692603,-0.003161312047,-0.004983923786,0.002924081531,0.0001281140988,0.006232636583,0.0007891864176,-0.0001372251384,-0.0001678752906,0.002592462028,-0.0003583195095,0.002792478135,0.00196636033,-0.0001231261727,0.001987000956,0.002015478312,-0.005154310512,-0.001675784039,-0.001938916823,-0.001304151047,0.004463382083,-0.0009704212139,0.0001447924653,0.001858912571,0.003779806776,0.003870968083,0.0007158907402,-0.003970094214,0.001724382036,0.00142586578,-0.005276731748,0.003413961851,0.001888760119,-0.003313853081,7.443507977e-05,-0.001385512437,0.001713715203,-0.0008671717526,-0.003523358723,-0.000728915328,0.003647853406,0.001523578647,-0.005779451832,-0.005085560571,-0.006287624049,-0.002046254046,0.005044969908,0.000911130453,0.002551260915,-0.004349668076,-0.007436540112,-0.004586367442,-0.003177706497,-0.006209851186,-0.002198347898,-0.0008375093559,-0.0001679140812,-0.002167217235,-0.002071411699,-0.001071670831,-0.006909793382,0.004217796028,0.003957073266,0.004039291235,0.0001364743712,0.001704707298,-0.0003367608277,4.801314506e-05,0.002440289639,0.0009120217559,-0.006306643874,-0.003691987103,-0.0002655297492,0.0005558375428,-0.006026147933,0.001368513436,0.0008369539997,-0.005693813533,-0.006175739205,-0.006142182255,-0.002399987501,-0.001440989926,-0.0005308239711,-0.0002431394397,0.006178904781,0.0001077618122,0.001831691349,-0.0005073169115,0.002302698134,0.001291100018,-0.003345348111,-0.003372149511,-0.007299351791,-0.001095131634
2005-12-31,-0.003569073911,1.385279867e-05,-9.840690918e-05,0.0001538597657,0.001576171454,0.0006004337048,-0.001398510738,-0.008119384342,0.0007659189331,-0.006205763709,-0.001444194419,-0.0005809314912,-0.0006828671181,0.0007502155064,0.0005168134235,-0.0004245038588,-0.004833046954,0.001283465152,-0.0009900541793,-0.0008985628728,0.002220060642,0.0002639516343,0.0004780346473,-0.0008080170212,0.0006555140021,0.001085240541,0.002488100807,0.002646145037,0.003353701067,-0.001787425935,-0.001709265427,-0.002660412227,0.001734111471,0.002117097065,0.002369646291,-0.0003667024776,0.0009852899346,-0.004247796165,-2.249412366e-05,0.0002291059056,0.003727996448,0.0002637385636,0.004088430702,0.001557824496,-0.006330562358,-0.0004030033086,0.001683029437,-0.003301569018,0.000905633315,-0.0004504364185,-0.002998148852,0.001194626101,0.0004430308138,-0.003970279516,0.00132373403,-7.095325275e-05,0.00129110249,2.974517946e-05,0.002081328652,0.0004942354343,0.00394973014,-0.002960147291,-0.00212256071,0.001865145847,-0.001872751369,-0.00424436712,-0.004068666242,-0.0009221265357,0.006073659147,0.001768083838,-0.001765684692,0.001584646207,0.0002692662575,-6.820922327e-05,-0.001120368706,0.004614028409,0.002559978594,0.002611654729,0.001046832216,0.00175011126,0.003971886193,-0.002558982431,-0.002712359897,-0.002187140346,0.001543580301,0.0006227294034,0.0007812099171,0.002029595288,0.00178637368,-0.0003704449436,7.405770607e-05,0.001540812215,-0.001111509646,-0.001373818256,-0.0006531326044,-0.001673579113,-0.001223000821,-0.002891484805,0.0005002537796,0.0005779187893,-0.001437682198,-0.001320588517,0.001298877929,0.002760772298,0.001189846401,-2.445924547e-05,0.0005150823883,0.002020931725
2006-01-31,0.001016286425,0.005061649682,0.00724946232,0.005381615959,0.006753441088,0.00637365396,0.002035450337,-0.01153678579,-0.003999673232,-0.005801658053,0.007044855209,0.005168179277,-0.003261792075,0.006198157742,0.01005471347,0.002308716759,-0.004745440123,0.004297200965,-0.001284591812,0.006806583612,0.005584874966,-0.00279439726,-0.001600119717,-0.004472089388,0.0007637516076,0.0002674134183,0.002900314581,0.003818237951,0.004105746489,-0.004677196666,0.008334980972,-0.01120352838,0.001220208167,0.008559696741,0.002046211627,0.007730722706,0.006549421328,-0.007723326631,0.0004304333161,-0.0001141132321,-0.002482885381,0.002012872805,-0.002559333861,0.003993184227,-0.006894031452,0.002381335397,0.01190184154,0.009685437312,0.005580671864,0.009765588997,0.001111544574,0.005851071726,0.0008810540496,0.001490417144,-0.00323956165,-0.002142448796,0.005338368265,0.002734827482,0.005106257167,0.01068037414,-0.002290200916,-0.0005513409014,-0.001079150242,0.004979067081,0.01438707693,0.01316746037,0.005401053079,0.008978153414,0.008951434029,0.008390137477,-0.001099430074,0.005707009486,0.006393033388,0.007643461359,0.009122823184,-0.006728830117,-0.00682604237,-0.007298630789,0.005431639056,-0.01007324072,-0.007658650937,-0.004241523608,-0.007454382747,-0.007955356372,0.003654479002,0.001415879978,-0.0002347161369,-0.003228570614,0.00517219635,-0.001128740988,-0.002252906123,0.006300040398,0.004195151546,0.007224265861,0.0003476326236,-0.01251453569,-0.01139736639,-0.01261173073,-0.002634839822,0.005519669508,-0.001583567632,0.003579068029,-0.003663836705,-0.003528344201,0.01176573856,0.011682694,0.00749356837,0.006790741121
2006-02-28,-0.002504509242,0.001880521046,0.00229790452,0.0004740974281,0.0006255811045,0.0007980772458,0.0001196480439,-0.006488774745,-0.0001820734735,-0.003182682789,0.001034342475,-0.003445634377,-0.001999616186,0.00207241308,0.001825200471,0.001983464293,-0.001335477241,0.0003164530596,-0.002001382577,2.779020722e-05,-0.001415261722,-0.003168458592,-0.003652207472,-0.003064824668,-0.003229424513,0.002329587789,0.001855222926,-0.0002449810932,0.002131248565,0.0002920204772,0.0007826589734,-0.005086850891,0.002907717056,0.002774791101,0.00122596477,0.002136374967,0.001819869533,0.0008875757646,0.0008591679617,0.0008918011026,0.002954314375,-0.001717738349,0.003500254316,0.001605246782,-0.004901315104,0.001218827427,0.003640008757,-0.001301746988,0.003367991348,0.004562865059,-0.0005359585835,0.005994964744,0.001696156655,-0.003468294779,-0.0003922294584,0.0001975544896,0.002377225867,0.002292051388,0.002821425793,0.003219808925,0.001900741588,0.002768372891,-0.001340951247,0.0009508244384,-0.004355023609,-0.003380186377,0.003175741914,-0.007411420791,-0.005271897583,-0.006186040823,-0.002011928769,0.0005576982532,0.002412909517,0.0008447038354,-0.000191675502,0.002699191586,0.003933928314,0.00418176215,0.00328556598,0.00103815391,0.001051695414,0.002612723715,-0.0008407100105,-5.55423399e-05,0.00320472071,0.002065798685,0.0007616372262,-0.0001359262268,0.001027822424,-0.002375504559,-0.001564093963,0.002138930513,0.001909488439,0.001501570404,-0.003188802846,0.0001428878307,0.0006362547621,-0.001129060777,-0.0008286378118,0.00304583193,0.004134471085,0.005537964307,0.002763330378,0.006921122108,0.003301283185,0.002891305667,0.002052926527,0.006049372621
2006-03-31,0.001981690239,-0.001445203313,-0.002058485302,0.0002439471849,-0.004507541654,-0.004884294143,0.003922249399,-0.004017748787,-0.003854825793,0.001818447246,0.001079839984,-0.001734510588,-0.000687274528,-0.001155561509,-0.0003227544723,0.001492450819,0.0009635581176,0.003975410046,0.0003336053068,0.004659486902,-0.0009000039874,0.001269632607,0.002945473115,0.003547218587,0.001839739604,-0.001466450869,-2.322976081e-05,-0.002124513689,0.00127050611,0.0008355322492,-0.0001344831112,-0.003168179636,-0.006996339678,-0.001415510894,0.0003113813134,0.000268773507,-0.001062471612,0.003661872383,0.0009603359878,0.00162629396,-0.006833538172,0.001047831587,-0.006562185239,-0.004528792941,-0.001915520602,-0.000429480843,0.004695329542,0.004795439195,-0.001155298405,-0.000108482311,0.0007732473981,0.0002483724148,-0.002970868813,0.002318374921,-1.412819542e-06,-0.0008574494687,-0.002660031719,-0.002412491283,-0.00308594808,-0.000111782262,0.00253451946,0.001007095097,0.003927506894,-0.0008113975976,0.00222494366,0.002327542892,0.002486487607,-0.005614450431,-0.003975609291,-0.002248354039,0.002398609004,-0.0008095440558,-0.001274270736,0.0003834536553,0.0004273985427,-0.005045196262,-0.005381044719,-0.001505308579,-0.001133894088,0.0007156887941,-0.001707195954,-0.0004225330324,0.002477785235,-0.0003375869878,-0.001165434946,-5.423171672e-06,0.0002749763233,-0.001010803382,-0.0009138002206,-0.003245630003,-0.003377068391,-0.001954721774,3.259834397e-05,0.0002239008555,-0.004609533882,-0.003849775357,-0.005841582494,-0.005135114157,-0.0004675426234,-0.001066130679,-3.281448681e-05,-0.0001533353693,0.0006754715428,-0.002823756241,2.380006168e-05,3.877024925e-05,-0.00183958894,0.000817449666
2006-04-30,0.000742606585,0.0009344708896,0.0004872603785,5.775253738e-05,0.003055803502,0.002523397312,0.0005245563582,-0.0001837581094,0.0006200800111,0.002461173122,-0.0001337567688,0.001783176388,0.000473531196,-0.0002064591565,7.860635674e-05,0.0006254693994,0.00228033854,0.001160723086,0.002130725065,0.001684726908,0.001701651009,0.002071105116,0.0006948108244,0.0009188438247,0.002316774728,0.0008662064973,0.001688697487,0.002454312571,0.001686609836,-0.003818496252,0.001380130872,-0.001347001947,0.0001335333607,0.0005358093473,0.0002661531912,3.525824293e-05,8.978873294e-05,-0.0001993720367,-0.002543893989,-0.002477188056,0.0003735563802,0.0009906361763,0.0005028208156,0.001355281714,0.0009651554468,-0.0003588418229,0.001555166175,0.002629123681,-0.003173849428,0.000665885642,-3.376757548e-05,-0.0006825620584,-0.001102667007,-0.0001874496684,-0.0003870561457,0.0001892713138,-0.0003075168939,0.0003662867016,-0.0003206521804,0.001810933563,0.0006559637245,0.002742048914,0.001135929943,-0.0004777092925,0.0008802828324,0.000990163506,-0.001791044762,-0.0001746277283,0.004276326864,-0.001045057299,-0.0008179012939,0.0005874653117,0.0004838398524,-0.0001203693965,0.0007131183296,-0.00413642019,-0.003774760006,-0.003951873323,-0.003188205432,-0.002932594421,-0.002259354567,0.0007295486593,-0.001089520249,-0.0007836829746,-0.00104626174,-0.002297012172,-0.0003642979403,0.0001487994056,-0.0003020189915,-0.00112849796,-0.0004839803757,-0.0007182926536,-0.0004744208605,-0.0002052423726,-0.001017717712,-0.004416695219,-0.002782141576,-0.004186765436,-0.0002075021795,-0.002966447152,0.000357917209,-0.000661783252,0.002498057314,-0.0004240428583,0.0006971822212,0.0008819736433,0.0001796477386,-0.000275422928
2006-05-31,0.001668385761,0.001913034769,0.003275755027,0.0005202048645,-0.000752075332,-0.00101804556,0.002096861809,0.0005375384061,-0.001471739674,0.0002936164061,0.001283840543,-0.0005392304205,-0.001228061999,-0.001042827698,0.00181840217,-0.0008178085606,0.0001707557138,0.001573501169,0.0004877076003,0.00144888189,-0.0007587268422,-0.0006664807391,-0.0005128937541,0.000526447803,-0.0006958033526,0.001165929989,0.0014471114,0.000562367536,0.0004085142513,-0.001195855613,0.003633476911,-0.003474315766,-0.002088768,0.001300681863,0.0006452193937,0.0007309793573,0.0004189191264,-0.0005110705474,0.001208080655,0.001283289937,-0.001412036898,-0.000280970384,-0.001177419607,-0.0004124691572,-0.001465378019,0.001447045633,0.002450938227,0.002411242575,-0.002871564108,0.002623868022,-0.0004868654714,0.001472472951,-0.001103103177,-0.0005418899838,-0.001083569165,-0.0009574816932,0.002253266089,5.517139453e-05,0.001688122263,0.002289383839,0.001220452628,0.001945038966,0.002586948841,0.002403755401,0.004688669673,0.004969161107,0.00496415522,0.00568643634,0.006433293221,0.004730516346,4.572999966e-05,0.001644265434,0.002789607465,0.001839048212,0.002668630517,-0.002369436314,-0.002676036295,-0.0002943827631,-0.002866395456,-0.001154946567,0.00043761284,0.001274688213,-3.472415752e-05,0.0002665386775,0.002525782117,0.003576667558,0.0002039193542,-0.000850177903,0.002461509737,-0.0001823922482,9.273148916e-05,0.0004363929726,0.001338872577,0.001661209366,0.0009403625332,-0.004932884397,-0.003198185401,-0.003421605029,-0.001612019987,-0.002663485488,0.001883693715,0.002330617544,0.000605252589,-0.0002292566102,0.001654804772,0.001755660692,0.002399317101,0.001909640771
2006-06-30,0.002363165021,-0.000970214549,-0.001096175702,-4.854058602e-05,-0.001045114734,-0.0008432861625,0.001140948629,-0.001113188308,-4.453660438e-05,0.0006937122735,0.000635100746,-0.002094501319,-0.0006115035365,-0.0018573746,-0.0005772151262,-0.001422536681,-0.001516133785,0.0003826854289,-0.0003990299925,0.002160826722,-3.489689571e-05,-0.001938517262,5.601945158e-05,0.0003298035642,-0.0001182711213,-0.0002845995398,0.00193248357,-0.0002036925464,-0.0001503586411,-5.429360442e-05,-0.001652558752,-0.001118948682,-0.001242183716,-0.001917632028,0.0006909622044,-0.001139173721,-0.001323875949,0.002259667169,0.0006679996735,0.00101280616,0.0002309859342,-0.002084774128,0.0004710712582,-0.0007978000733,-0.002331927741,-0.002274187191,0.001720027326,-9.031121249e-05,-0.00424112221,-0.00172623219,0.0005409708721,-0.001042769102,-0.0004959171083,-0.0005181734211,0.00265428967,0.0008963297454,-0.002551788903,-0.002788244333,-0.002616272111,-0.001910693716,0.0007318146058,0.00304199654,0.002422512699,-0.002379087777,0.005843091436,0.004576416673,0.006093954506,-0.008342315574,-0.008029192397,-0.00564682523,0.0007972159076,-0.003792606253,-0.003290083202,-0.003490649068,-0.0007011477919,-0.003062902177,-0.002493716557,-0.0003844209947,-0.004243976865,-0.002017093123,-0.002460889373,0.002202420745,0.001427698882,-0.001003962007,-0.003525328719,-0.002167967926,0.001046232273,0.002422300109,-0.002501106858,0.001459844891,0.001391685427,-0.001550983724,-0.0007612947847,-0.000839196566,0.001425063996,-0.004673574614,-0.003174003238,-0.003936118581,0.002101878947,-0.004375890163,0.0006331700067,-0.001661204877,0.001644133493,-0.0008282243019,-0.002564634983,-0.002408385785,-0.002283150908,-0.001853844064
2006-07-31,-0.001778550756,0.001617753736,0.001373224729,0.0006364455694,0.001008919939,0.001385783986,-0.0004361050878,-0.0005485085708,0.002464625405,-0.001810353119,0.001220534029,-0.001312337568,-0.000995912431,0.003963438639,0.001516084835,-0.0003486055175,0.00218667571,-0.0003920405419,0.00161041456,0.0002913274737,0.003528919412,-0.0005492336058,-0.0009675149437,-0.0004273041517,-0.0001348789655,0.002160024992,0.001331764538,-0.0003377671229,0.001868602698,0.0003955514085,0.001397010522,-0.005465898014,0.001924773182,0.004200752124,0.001616033351,0.004318819157,0.004103955341,-0.0007858117686,-0.0008398053038,-0.0005297165233,0.001771205512,0.0006532838432,0.001409244956,0.003829226527,-0.0006895960042,-0.001382496319,0.004117836353,0.001490635036,0.003331399666,0.002569317133,-0.001199832331,0.004821886471,0.002429023192,-0.002868978267,-0.0007361003409,0.001385951054,0.003130226027,0.003379884978,0.003297028689,0.003409486492,0.0007594372644,-0.001007273536,-0.0004384396214,0.001666370722,0.003577287595,0.00299430444,0.003516714648,-0.002237565484,-0.005060760641,-0.003913057924,-0.001599059987,0.001965539557,0.002370780829,0.003556484338,0.0001574662348,-0.0004852474641,0.00132069808,-0.0002036457711,0.003424250164,-0.001952702615,-0.002869429689,-0.002365651202,-0.001481463794,-0.001430609607,0.002816160627,0.003452545062,0.0007881129561,0.0001464613578,0.001756729173,0.0006954284628,0.0007274558085,0.003206802916,0.0009735716468,0.001135894748,-0.002226067085,-0.002099507012,-0.003237907311,1.772905651e-06,-0.00145075337,0.003739756796,0.002444854077,0.004036312252,0.001503390498,0.003193497106,0.004052102577,0.003921267964,0.00290984439,0.004720344616
2006-08-31,-4.781705761e-05,0.001061918548,0.0005672649341,0.000238348246,7.329356959e-05,-9.084074962e-05,-8.319057815e-05,0.00172124129,-0.002871489325,-0.0004654933586,0.003017334177,-0.0005246809211,0.0001543676099,0.003479139148,0.00278985537,-0.00138101935,0.002305568047,0.0002085121028,0.00154736496,-0.0008638914731,0.002282718315,-0.0008349878771,-0.0007445550761,-0.001884585472,0.0001894946763,-0.001919782808,-0.001853810759,-0.0008176175277,-0.0007306535657,-0.0003843765991,0.003587759903,-0.003741111525,0.002493319071,0.004601220369,-0.00127684116,0.004321901099,0.004115982139,-0.001498060738,0.0003162970862,-0.0008538689829,-0.001521814482,0.001626669052,-0.0006184315182,0.0008496850171,-0.0004267681191,-0.002728005926,0.00296000553,0.0024809844,0.004473442304,0.004318959273,0.0008043172183,0.004386373995,0.002350732929,-0.003514526418,-0.003275813528,0.0003795942158,0.002586763702,0.001140481604,0.002692916481,0.004350407134,0.001155934969,0.000177130693,7.426490549e-05,0.002942195984,-0.002190335121,0.002626307781,-0.002063659548,0.0007414102769,0.002171563533,0.002357904545,-0.0002782741559,0.002996190079,0.00322684783,0.003222281679,0.00131288549,-0.0002409596874,-0.001615967604,-0.0009800993608,0.004553696097,-0.003718948311,-0.001571245691,-0.002652722417,-0.002286970414,-0.001655410746,-0.0002471525441,0.002712448161,-0.0001920844785,-0.003308413404,0.002475355962,-0.001047994082,0.0006185321234,0.00284485511,0.001792399353,0.002265662206,0.003260593932,-0.005048397243,-0.006193856042,-0.004124587376,-0.0009745879204,0.004696724726,0.0001571295369,0.003304265134,-0.001209506429,0.0008315038346,0.005207583925,0.004071840875,-0.0001819150638,0.00434182189
2006-09-30,-0.00113911646,0.0005668649766,0.0006029569051,0.0007046770502,0.004689884575,0.004746775427,-0.002459111614,0.0005427648279,0.002093435376,-0.0003837176095,0.001495598082,-0.001111542401,0.000558118883,0.003234108207,0.00109621123,0.0006524577845,0.002007262397,-0.002054261349,0.002092039187,-0.002458273061,0.001428039013,-0.0008359476531,-6.650977656e-05,-0.0008267140228,-0.001352470878,-0.0005026276836,-0.0007125167249,-0.00274124986,0.0001457607808,0.001322757221,0.001745412582,-0.002276375018,0.002565989807,0.002403311464,-0.003000074104,0.002183487649,0.002574445828,-0.001218820014,-0.002164786042,-0.001052128298,-0.0003329781774,-0.002577750898,-9.598301623e-06,0.002741063734,0.0001220303977,-0.002220431845,0.002853881789,-0.0004734684542,0.003933840992,0.002583827037,-0.000235002487,0.003265623747,0.002005162922,-0.0007692944821,-0.0009108150511,-0.0001851097411,0.003558812087,0.003053804749,0.003867440024,0.00373653016,0.00113025005,0.002094700269,-0.0004295477844,0.002304634195,0.001397471068,-0.0001620415246,0.004653523228,-0.003142347472,-0.003231603734,-0.003905417064,-0.0006799606656,0.003313334849,0.003263758183,0.003319406749,0.0008295487436,0.001666213234,0.002027830875,0.0007616449911,0.003886450174,-0.001131478882,-0.0006383492363,0.0009771725011,-0.001105743854,-0.0003806620514,0.004604632007,0.003741332503,-0.0007589367158,2.633649833e-05,0.002431047536,-0.001365342955,-0.0006025651598,0.003245127982,0.002770874721,0.002739962482,-0.0006600993808,-0.001109309043,-0.002029692839,-0.002155037907,-9.828961082e-05,0.003968133501,0.0009123350584,0.002728890487,4.588168798e-05,0.001241121025,0.002841819037,0.004099127371,0.002996523829,0.003217559506
2006-10-31,-0.001460231599,-0.0004289347338,-0.0006102749743,0.001431536682,0.002174089771,0.001895982867,-0.001934567579,0.001409160814,-0.0006467991013,-0.002484173196,0.00206878716,-0.003446055661,-0.0001858628733,0.001757889301,0.001050886367,-0.002868308685,-0.001586928582,-0.003934933493,0.0004960819237,-0.002449024692,0.0002864543903,-0.0002814542158,-0.001195400275,-0.001906327986,-8.149328924e-05,-0.0009962996429,0.00254409427,0.0008522861157,0.002081053474,-0.0004981494569,0.0009820867604,-0.001854272068,0.002294186916,0.002553396832,-0.0006386321587,0.002517275802,0.001702841524,-0.001159026615,0.0005993172842,0.0002686438034,-0.001240692858,-0.002755241244,0.0001318103011,0.001997689088,-0.003142588718,-0.001643011905,0.002292335204,0.001385768812,0.002252481362,0.002418054938,0.001210525826,0.003917549142,0.002366102152,-0.00126143173,-0.002532827563,0.0008624762082,0.003657822826,0.002997967459,0.003444441769,0.002051339322,0.0002370244202,0.001970454501,-0.0003369351012,0.001409164706,-0.001258235375,-0.0002654156737,-0.0008365289645,-0.001313938441,0.0006392525817,0.0006449901811,0.001089051091,0.001596759541,0.001741706532,0.001900862259,-0.0005460565002,-0.001318134704,-0.001127782426,-0.0003370043186,0.002255073065,-0.00115675827,-0.001171794086,0.0005038270994,-0.0006995700381,-0.0002950709599,0.002418193019,-0.0007361405286,-0.001389874235,-0.0008863083865,0.001180965788,-0.0001822764711,0.0003047285437,0.003154693393,-0.0003485806136,-0.0006157720581,0.002556383887,-0.00307025029,-0.0003320999312,-0.0034321305,-0.00098131579,0.0019808829,0.002375333532,0.001791316081,0.001343001756,0.001311988266,0.001734794899,0.001475474794,0.0008922756988,0.00381182301
2006-11-30,0.0001466600357,-4.654283621e-05,-8.858853364e-06,0.001158242211,0.00127072003,0.001718984502,-0.00121205386,-0.004343994293,0.001890677315,-0.0004426227507,0.0004000507487,0.001198596584,0.001221121708,0.004657362849,0.001199505374,0.0004847631291,0.003268672487,0.0008618976959,-0.0009647428691,-0.0007804025028,0.001798138894,-0.0009928656033,-0.002493988819,-0.003588025111,-0.0021795093,-1.540160954e-05,0.0004908234378,0.0001451044696,-0.00106906345,0.002643261183,0.001375283779,-0.003200885526,0.00147184449,0.003907901806,0.0003354356738,0.004000701992,0.004538619925,-0.0004405128356,-0.001446417333,-0.001235533694,0.00323478774,-0.001193116888,0.003313451105,0.003965844765,6.447105966e-05,-0.001127995157,0.001478109724,-0.0007023988798,0.005102073166,0.003351087959,0.001207934961,0.00359085216,0.002297839848,-0.0007631696827,0.0005874357049,-0.0006767939471,0.001322441502,0.002803946754,0.001765977146,0.003139432434,0.001019414302,0.002479108619,0.002039835826,-0.0006360167178,-0.007318171953,0.003195780435,0.003621245289,0.002620670078,-0.002442282194,-0.0002195910287,-0.0003456843062,0.003620274659,0.002464397165,0.002790343583,-0.002515706247,0.001777288369,0.001734589796,0.001301617437,0.005031075969,0.001111752482,0.0002782624448,0.003189552942,0.001751989091,-0.0007472030148,0.0008045237925,-0.001131941245,-0.0002377376957,0.0006630808278,-0.00028143818,-0.001863795923,-0.0005989681343,0.001727808878,0.0006910034071,0.0004689883809,-0.0005833720858,0.0007799410249,0.002779821826,0.0007504446601,0.001342150874,0.005177432971,0.001068331418,0.004460572717,-0.0008825536584,0.0009878724405,0.003518464414,0.003109621272,1.503756167e-05,0.003505984454
2006-12-31,-0.001129220259,-0.0003531991548,0.000301254702,0.001763655273,-0.0001956718598,-0.0004499902382,-0.0003298203452,0.001243242779,0.0009597597164,0.002805541706,0.004447428855,0.00441609391,0.001029484079,0.004038389414,0.004695682011,-1.800958656e-05,-0.0007943532571,0.001004099897,0.002527386261,0.002663445438,0.001154915053,0.002040746392,0.001112421345,0.001855376725,0.002037469058,-0.002681814492,-7.422903972e-05,0.0006333367234,-0.00109486911,-0.002749373326,0.00444860754,0.001909460066,0.0005042633916,0.003131839483,-0.002854312559,0.004458312882,0.0035068369,0.0005401513533,-0.0007171940743,-0.000555031671,-0.003616935511,-0.0004874993718,-0.004013666411,-0.0002789604498,0.002836127934,-0.001148865955,0.002068547834,0.00351838575,0.004324022971,0.003016771632,0.0004767264963,0.004752948036,0.001414940937,-0.005340161875,-0.002593699085,-0.001604357332,0.0003873123778,0.00100002635,0.001210019596,0.006460984583,0.004040286221,-0.0005237291553,0.001368893299,-5.690560257e-05,-0.001020792807,0.002042873976,0.005260048511,-0.002676431979,-0.002634031398,-0.00197336679,-0.002039942734,0.006990471667,0.006996653325,0.006724905519,0.002785683348,-0.001854781667,-0.002839953958,-0.002562438954,0.004281320284,0.001431272062,0.001936733271,0.0008334099746,0.0002264025173,0.001430623265,0.002160206079,0.003646459148,0.001909234049,-0.002023743483,-0.000323320041,-0.0001523834543,-0.0004973667296,-0.0005290072733,0.002673284579,0.003201047312,0.0003819466725,-0.002325229795,0.001709644242,-0.001783566128,-0.003685649454,0.004245825881,0.001882703209,0.005365557146,0.0005320034857,0.001507106697,0.005931478548,0.006298441939,0.002406407904,0.00504624726
2007-01-31,-0.0001923330009,0.000879004479,0.0005807091252,4.401336541e-05,8.446803999e-05,4.249070434e-05,-0.0002108317805,0.000149682856,-0.0005612898139,-0.001327618438,0.00198816594,-0.0003342439272,-0.004963614661,-0.000286390333,0.001895667206,0.0003983825328,-0.004015424984,0.0002892057395,-5.523497228e-06,0.0006347606863,-0.001481895922,0.001047151418,-0.002349447421,-0.00117465481,0.0004022534554,-0.0001724132334,0.003947092299,0.002700989065,0.002715138362,-0.0009559489812,0.001673151867,0.002212291176,0.0006971294493,0.001254376857,-0.003564309903,-0.0002785094389,-0.0001759905515,-0.0004676857562,-0.001548394353,-0.001414666076,-0.001522264036,-0.001591655105,-0.0009991073891,-5.399459203e-05,0.0003594447154,-0.0001089289209,0.002372199853,0.004618721664,0.0004969405009,0.002597413308,-0.0005454792994,0.004533766966,-0.001456428227,-0.004893235744,0.0008379465335,-0.001852052277,-0.0003310985979,-0.002148834499,-0.0004264920335,0.001655082093,0.005695161471,-0.002030311895,-0.002921936365,0.0004728690765,-0.003874084228,0.006779718277,0.005647387597,-0.006592325117,-0.007163666367,-0.006642786052,-0.0009555579677,0.0003606248342,0.001292348152,0.001298740293,0.002585785569,-0.002195306966,-0.001967231722,-0.003131390882,0.0006020550287,0.002095450838,0.004215447259,-0.00274311134,-0.00319526721,0.001569340739,0.0002372215995,0.001025413117,-0.0001748265794,0.0003801729753,0.0004941115498,-0.00258682266,-0.002212393427,-0.0004415410616,0.001495824946,0.00228697119,-0.001363135831,-0.005327323422,-0.002979707777,-0.003987556394,0.0002457464335,-3.394339785e-06,0.0001479541294,0.001393267456,0.003278083483,0.001987625659,0.001938577863,0.001979401131,0.001411840354,0.004211316102
2007-02-28,-0.001246981685,-0.001268658198,-0.001177066463,-0.0002973585193,0.0007689730988,0.001273476448,-0.0004425148571,-0.00623056635,0.001227211625,-0.003761118352,-0.003954203566,-0.003244971507,-0.000652476985,0.001424020173,-0.002447401472,0.001496827634,0.00260965034,-0.002324202041,-0.003672218927,-0.001871104494,0.001510743849,-0.003843251758,-0.004037725468,-0.004387278305,-0.003413726612,0.001377154542,-0.0001416529611,-0.001077622685,0.0002945852013,0.002211973109,0.000840088736,-0.005750888073,0.002307197702,0.000988237592,0.003002859814,0.001196440679,0.001651532575,-0.0001119664332,-0.0009363280445,0.0002331919745,0.003983898047,-0.002403583925,0.003704284007,0.004885020883,-0.002747762227,0.0006946033409,0.002314019148,-0.001907145813,0.002712414235,0.002794026129,-5.59406211e-05,0.002386467903,0.003336983958,-0.0001070025718,4.682677271e-05,0.0006302969392,0.0003272672142,0.002085182807,0.0006359851112,-0.0001373351063,0.0006670034483,0.0007518189282,0.00236612396,0.0009405130514,-0.004043726904,-0.004884269365,0.004395380535,-8.689825151e-05,-0.0003473200208,0.001084810905,-0.001246973207,0.0001966190958,0.0003073286125,0.0005911115549,-0.002153873506,-0.0002013810312,0.000579457161,0.002259298697,0.002531018204,5.736869977e-05,-0.004350874058,0.001091381229,0.002659876556,0.001434310931,-0.001357394919,-0.000619069796,0.0004746963797,-0.0009087086903,0.0009608291844,-0.002179044793,-0.001444915594,0.0008900110685,-0.001822523644,-0.002042267053,-0.002779085166,-0.0002557439434,0.000720290681,0.0003525439892,0.002191515712,0.002584507008,0.002463256069,0.003051406065,-0.0005124132658,0.001501488699,0.0006641140793,-0.0004402608584,-0.0003758104585,0.00182084285
2007-03-31,0.0028118689,0.0002752564826,0.0003607667278,-0.001866977764,-0.002697678144,-0.002543702607,8.087850119e-06,0.001491074813,0.001617289984,-0.0003374645592,0.001615099475,0.003261863828,0.001125838678,-0.004869130414,0.0004420517647,0.001486615131,-0.001213789019,0.003708116957,0.0009164782532,0.005924154966,-0.001108046797,-0.001764832249,0.0008690236778,0.0004710683612,0.0006605201173,0.0006616626242,0.004528581709,0.003195942145,0.00335038798,-0.002367161032,-0.002613101886,0.002083153529,-0.004940776503,-0.005118087528,-0.002400213969,-0.004767756299,-0.005498341273,0.002490997256,0.001538149149,0.002994573628,-0.00588897316,0.002510665629,-0.005362071048,-0.006721252528,0.003202129102,0.001229902836,0.004075428723,0.000409363756,-0.007341370611,-0.003940428225,-0.0007557103221,-0.004410705808,-0.00270028974,0.0005511871298,-0.001804861396,0.0006118622998,-0.0006716501375,-0.002413700245,-0.001802667137,-0.002235124923,0.003678556838,0.002054153992,-0.0003219442305,-0.0003598763872,0.0009469745703,0.0002926130564,-0.0001741981891,0.0009905273037,-0.001608863347,0.004045954001,0.0007892076273,-0.002483624224,-0.002465523468,-0.002769594812,0.001171876961,0.001141529546,0.001550480408,-0.0003364890846,-0.007261675887,-4.710623363e-05,0.003458293843,0.002124606634,-0.002694253578,-0.004343417003,0.001964170587,0.003003798116,-3.546196817e-05,-1.497904297e-05,-0.0003204511992,0.0009087180367,4.551207722e-05,-0.002768433684,-0.0009505577898,-0.001147933461,-0.004413696988,-0.004637001092,-0.00508637319,-0.005070922967,-0.003415944376,-0.00733639627,0.001773392829,-0.002865296722,0.005326521096,0.00304836707,-0.003029296533,-0.00186921201,-0.0003575453941,-0.003677875464
2007-04-30,-0.0007049630965,0.0005845515538,8.747300197e-05,0.0004222603914,-0.0004006194037,-0.0004963304994,0.000152871625,-0.00107704244,-4.451038143e-05,-0.001916217214,0.001499670332,-0.0008031304562,-0.002455247998,0.002569803861,0.001651468787,0.0008212219248,0.001597607067,0.0007730429867,-0.002303453104,0.0006033634933,-0.0004535818544,0.001247273309,-0.001725453546,-0.002817216357,-0.002602315131,-0.001511727883,0.0002116964812,-0.0007748666379,0.001992394881,0.0007298768701,0.001186395704,-0.002307036778,0.002088283485,0.001588331039,0.0004119152669,0.002451058476,0.003202298003,0.0004023485417,-0.00164146525,-0.001386228257,0.0002039877558,-0.0007630356794,0.001007461632,0.00275278808,0.00117536702,-0.0008986392903,0.001237614593,0.0007522584511,0.002370561647,0.001570728292,0.0006263235658,0.00352201903,0.001327315929,-0.0009256213258,0.0009083612181,-0.001272308588,-4.561815246e-06,0.001052075934,-0.0001181804344,0.002350471575,0.001691502,0.001550102505,0.001351210363,-0.0005764682556,-0.001916232418,-0.00241508667,-0.000918066787,-0.001588919248,0.001149730345,0.0005300937419,-0.0003508811548,0.003005082312,0.00322024134,0.002346566754,-0.001130356526,0.0003193794289,0.001445493103,0.0007475602729,0.002384080101,0.0006722954832,-0.0003893640738,0.0006933893147,0.001848953683,0.0002475330855,-0.001627795572,0.0005689934012,0.000689004942,0.001832336947,-0.0007536070384,-0.002240415514,-0.001968750701,0.0005248353661,0.003035246589,0.003123910201,-0.001525962015,-0.001731037632,-0.0009703358072,0.0009723652393,0.0007411039198,0.002270293285,0.0002162073921,0.001766087217,-0.0002224598379,0.000642793209,0.003306253716,0.001895678655,-0.0007528588048,0.003403659172
2007-05-31,0.0009135179625,0.0001255556594,0.0008223589478,0.002634779931,-0.002005033029,-0.00223203211,0.001637608253,0.004845108425,-0.0002249775944,0.001811868843,0.006007841291,-0.0002211098313,0.002585616939,0.003487071026,0.005890829823,0.0003870345956,-0.0005251390885,0.001587511255,-0.002022697348,0.002655243937,0.0004591363985,-0.0003401301168,0.0008407506923,0.0002021174153,-0.0002634078128,-0.000642409233,0.0006185311086,0.001407918053,-1.046027971e-05,-0.0001324539929,0.004867198486,0.002767805277,-0.0002812131049,0.003628367123,-0.001310358855,0.004062966213,0.002828673345,0.001282445235,0.0009321704587,0.001323810495,-0.004747910622,0.0005761836026,-0.004235028743,-0.001707973989,0.003550283698,-0.001278477032,0.0006903079867,0.003542622928,0.006006590302,0.00519923743,0.002885276064,0.003818324511,-0.001438636546,-0.002312921526,-0.001531563737,2.84688283e-06,0.001972738079,0.001424123555,0.002422323003,0.005605253889,0.002172371563,-0.0006639963217,0.002075070586,0.001837707037,-0.0009329616983,-0.001308350577,0.005953686849,-0.006017094167,0.006134028898,0.007504316211,0.001470252635,0.005364991384,0.005152110739,0.005514858034,0.002267761993,0.002856275112,-0.001163161441,-0.002110266698,0.005838544396,0.001974362914,0.0003791576123,-0.002175714961,0.001496291768,0.001268473862,0.0024586927,0.0008645068356,0.0005956125465,-0.001330462924,0.002058707916,0.000895640411,0.0007055188624,0.002602939728,0.000726324183,0.001054381336,0.002257611748,-0.002195498429,-0.004926599403,-0.0008842386594,-0.002261973809,0.00580992298,-0.0001733141367,0.003950323059,-0.002283098113,0.0001768373681,0.006752714492,0.005277796031,0.0006795904744,0.004094306584
2007-06-30,0.003749116754,-0.001253046801,-0.001156610996,-0.003440923645,-0.002244500662,-0.001785385128,-0.000247669394,0.001861878337,-0.001889191024,-0.000341947062,-0.001225145962,0.0002481952754,0.000960979508,-0.005411807022,-0.003015947849,-0.001259328193,-0.002650845504,0.002414591021,-0.002033296449,0.003401238946,-0.001840047794,-0.001687687794,0.003506112507,0.003255762373,0.001993607755,6.593731308e-05,0.001704330034,0.0006233795857,0.0003788100904,-0.001413796025,-0.003611245776,0.002089306317,-0.001882904404,-0.005357979004,-0.001615143557,-0.005442738428,-0.004989468695,-0.001873488867,0.0007392007819,0.0009700169273,-0.0009888666049,0.0005149372558,-0.001277764719,-0.003552018995,-0.0009284590903,0.0002294456866,0.001866430404,-0.001846854747,-0.008506581841,-0.002977997645,-0.003054409429,-0.002939569509,-0.002299646643,8.637635139e-05,0.0004551960056,-0.0009520149552,-0.002876330333,-0.00279890756,-0.00346199027,-0.003568954704,0.0007224742308,0.000367762599,0.002500960768,-0.002199574264,-0.0007736781426,-0.001793460182,0.002679065134,-0.002622685525,0.0008587548406,0.003559502985,0.0002443746689,-0.00494063751,-0.004154673305,-0.00403045744,-0.001629477375,-0.001743427439,-0.002040192827,0.001357276527,-0.008419250356,-0.00177501031,-0.00130834862,0.001357006072,0.001916067167,-0.001852743557,-0.0007236296417,0.002042280369,-0.0003247051293,-0.0003048757106,-0.002056795843,0.0006236135905,0.0006573808677,-0.003799740284,-0.002131228917,-0.002308838565,-0.002458111199,-0.005011945649,0.003054948601,-0.004147684473,-0.0007556682149,-0.008205269383,-0.0004013535875,-0.005532484069,0.00447287256,0.00130480915,-0.003758673441,-0.003345187748,-0.001696745623,-0.003301477784
2007-07-31,0.002712106022,-0.003819272882,-0.004945556654,-0.01015208963,-0.008261813673,-0.007592311895,0.0009312867703,0.0009536874167,-0.001823416218,-0.0006350965034,-0.008912797433,0.000733489455,0.003781697641,-0.01454948111,-0.011236633,0.001198794293,0.0003120970491,0.002177815198,-0.0042242862,0.002610026244,-0.004325228443,-0.003859339371,0.002316991602,0.001402206445,0.001578123848,0.004194913681,0.002722310513,0.0005135040414,0.001999147419,-0.002013178016,-0.01285933451,0.0002949797698,-0.008098763196,-0.01457664013,0.002607052183,-0.01534683191,-0.01476180212,0.0008744247585,0.003492388721,0.003934294531,0.0003727494635,0.003997699975,0.000151104864,-0.007422937869,0.001851839204,0.005609242734,0.003579312028,-0.0076981604,-0.01939968364,-0.01605284717,-0.007949001272,-0.01591241947,-0.01197962468,-0.0007174884982,-0.001134769189,-0.0001190481691,-0.01239250719,-0.01389354741,-0.0141057623,-0.01694562364,-0.002640597119,-0.003112919053,-0.0003325121699,-0.008858238362,-0.0007175335134,-0.0006647379858,0.001872770353,0.007429203033,-0.005837082517,-0.006601104995,0.002415805708,-0.01637799612,-0.01567687473,-0.01595893533,-0.00595873899,-0.003509125392,-0.002073174549,0.002497955236,-0.01903598663,-0.01041377314,-0.008342017724,-0.008494366408,-0.003834381238,-0.008083824085,-0.007043694582,0.001451545803,-0.001047087853,0.0008412578677,-0.009301999447,0.005520355132,0.005601515123,-0.01441605791,-0.008996715455,-0.00957963833,0.01060219231,-0.01031910103,-0.0135408578,-0.004923588028,0.0006027989988,-0.01939589586,-0.002891706707,-0.01590728416,0.00418927858,-0.003469410177,-0.01609180341,-0.01591694099,-0.01032757377,-0.0168120667
2007-08-31,-0.002015079952,-0.004130485836,-0.003794658592,-0.0001899655659,-0.0004669286362,0.001687012531,0.003011724534,-0.001898999723,0.001694856937,-0.003332177497,0.002469320486,0.002412240443,0.0003803091476,0.002869002549,0.003180511704,-4.310924505e-05,0.0008399874672,-0.0008749169047,-0.003774869428,-0.001701514435,0.002186369344,-0.008673912399,-0.003772549422,-0.002423722511,-0.005177395185,-0.0004773878811,0.004435839433,0.00272791175,0.00252844448,0.002078858984,0.003015014944,-0.003440636756,0.00265590371,0.003470908953,0.002520354779,0.002341798604,0.004123254576,-0.001744759701,-0.000617279466,0.001275625193,0.001536406335,-0.0009938641927,0.001847125044,0.003800358075,-0.001367191452,-0.001234064954,0.001739439029,-0.002797382129,-0.001892886636,-0.0002387018573,-4.218272333e-05,0.0003327089706,0.001209405119,-0.002710979781,-0.0006696788075,-0.003792491688,-0.001373683412,-0.0002477050482,-0.001421648682,0.002730837126,0.0005406010171,0.001656861602,0.003958889944,-0.003787625453,-0.001771864224,-0.002233158644,0.007046002726,-0.006900081649,0.0008793120139,-0.0005790558565,-0.0004797295184,-0.0005676590312,-0.0002038567196,2.12914257e-05,-0.00223576742,-0.001495053781,-0.001146791197,-0.001259164008,-0.00211415514,-0.001049880287,-0.002598522198,-0.002134460175,-0.0005452917936,-0.0004369300272,-0.001709483184,-0.002434503863,0.000526885609,-0.0003209161674,-0.004443999715,-0.001935839281,-0.003307197125,-0.001640607974,-0.001372007932,-0.001127288612,-0.0005531796659,-0.002703382998,-0.0055058275,-0.005665989784,0.0003718273057,-0.002083253369,-0.0004339703947,-0.002159601019,0.001821807986,0.002313880461,0.001747704598,0.002495218591,-0.001690154684,0.000362943493
2007-09-30,-0.0001013987411,0.002462548068,0.003957670147,0.00430695868,0.001477035272,0.001912534669,0.001975840268,0.004241046604,0.006639762811,0.00103042264,0.01034769827,-0.001996335999,0.003552442977,0.009107643142,0.006977851164,-0.003172815429,0.0009003933028,-0.007759608935,-0.001623984934,-0.005539057354,0.0005908745343,-0.002778151203,-0.002270757126,-0.002857113725,-0.009008782855,-0.002682717231,-0.006100580577,-0.006596855901,-0.001301860581,-0.002241425942,0.01104418298,-0.0004071223045,0.006145121232,0.01058979977,-0.001049736352,0.01200199778,0.009569307474,-0.0006695901113,-0.004307096148,-0.003014930584,-0.0001250356361,-0.005330663934,-0.001701779402,0.002932277532,0.0002467215456,-0.007017182824,-0.0006449576292,0.006044598181,0.01068465957,0.006909391584,0.003238453334,0.004846386971,0.004452510297,0.005776501704,-0.0008726250984,0.000687713327,0.005778135539,0.004820690633,0.005176177597,0.01029754238,0.005288124348,0.001380718513,-5.008434e-06,0.004108559869,0.001391857368,-0.0007127519566,-0.007060082737,0.005220898507,0.005049854224,0.00656470499,-0.002083643429,0.007834447933,0.006668678161,0.006336440505,0.003795261003,0.004485627583,-0.0006613828548,0.0004522339028,0.01073769553,-0.004046016762,0.006772698899,-0.009242199737,-0.007948010477,-0.006276090454,0.005259420338,-2.344845013e-05,0.0008636935952,-0.0008772964854,0.004549845517,-0.001540640943,-0.0004909441317,0.005576982263,0.002831047626,0.003504554554,-0.002419721624,-0.01044533027,-0.01211959518,-0.01103743168,0.002032518943,0.01060537865,0.002602755568,0.008582751955,-0.003389270885,0.0005745516179,0.008407473697,0.01008767964,0.003267965909,0.007590319849
2007-10-31,-0.002378838484,0.0001282612292,-8.453904627e-05,0.001868423619,-0.001074916412,-0.0001115336926,-0.002011610385,-0.001116179243,-0.002610517783,0.0001368301245,0.0009365167553,-0.0033687857,-0.001895959757,0.001930602149,0.001580651391,-0.005594315873,-0.005207365459,-0.00164232757,-0.004397861885,0.0009729498872,0.004170383411,-0.002273656792,0.003160218714,0.003189914654,0.003962742289,0.002904173678,-0.002784855575,-0.003755640482,0.0002864265238,0.003728882153,0.002533711873,0.0007646989109,0.003089934985,0.001437487307,-0.002072742262,0.0006713136059,0.002084933674,-0.0004474683909,0.001561411405,0.002202798586,0.001750849196,0.001553684046,0.002796155679,0.001173744644,-0.004967521571,0.001547363037,-0.002873785398,-0.0001008795814,0.003232235372,0.004141564031,-0.0005578171289,0.005109052998,0.0007946135801,0.00189626972,0.0001286769605,0.0008367128619,0.001830818375,7.148215946e-05,0.001561628506,0.00370435209,0.005849959213,0.003601280062,0.003078888271,0.001047522809,-0.00709812551,-0.006460810162,-0.007205224355,0.009032401267,0.01112640724,0.007989419979,-0.001989581153,0.0004976896464,0.00175829716,0.002851366354,-0.0006898374243,0.001288908918,-0.0002914453366,-0.002424441873,0.003188419215,0.002229336784,0.003112076719,-0.0006245418319,0.0007641368625,0.0003791565324,-0.001320068457,0.0006727685062,-0.0007166054872,0.001241036824,0.0009937463026,-0.001379271575,-0.0004657488501,0.003085538944,0.001101679343,0.00103015451,-0.001871919398,-0.002563150588,-0.0007655162122,-0.002182712196,-0.000596823568,0.0033915497,0.001218759196,0.002642248022,0.000867554472,0.002196618833,0.004613889184,0.004535468705,0.0009999153392,0.005602402657
2007-11-30,0.005458271626,-0.00910401568,-0.01047495479,-0.008631004594,-0.008643845506,-0.01053439574,0.0009886082759,0.002163682741,-0.008368057215,0.0005254754022,-0.02104526469,0.002111757847,0.008832790972,-0.02619022799,-0.02183944634,-0.001214545831,-0.002168150076,0.002693187821,-0.00242436045,0.002826837284,-0.003485346961,0.004077936583,0.01154602326,0.01188335874,0.001033566922,0.0003089672104,-0.001389927929,-0.003370590393,0.00199623086,0.0002456494747,-0.02547598302,0.004956819027,-0.01884743186,-0.02254797418,-1.278290492e-05,-0.02632357299,-0.02555817275,0.002124397488,0.002616569221,0.001633841869,-0.003033615792,-0.001794842832,-0.002724712105,-0.01305734232,0.0008186211353,0.001196493971,0.001065255237,-0.01154838789,-0.02739902147,-0.02305238953,-0.003804444916,-0.01386477555,-0.006041728766,-0.02034716939,0.00474336502,0.0006397049625,-0.01934856996,-0.01232117898,-0.01895459528,-0.02563837234,-0.0006796498995,-0.004795593989,-0.002874982579,-0.01218814452,-0.007098048587,-0.00204344098,0.006909885025,-0.009086996099,0.0008177095638,0.005978644131,0.001049195104,-0.02213852808,-0.02266611771,-0.02244845098,-0.0100423277,0.001818628671,0.0004785456969,0.001446882835,-0.02709743103,0.005362750313,-0.004802751869,-0.006069089462,0.01139363527,0.01289294008,-0.01396661844,-0.007654761877,0.0006077138156,0.002935425937,-0.01335345949,0.0002107814938,-0.001964799255,-0.01846234913,-0.01023966324,-0.01012840016,-0.006254350975,0.007429284963,-0.01456582543,0.01680480135,0.00524747895,-0.02736472134,0.001686402854,-0.01379807559,0.0122782802,-0.002287582404,-0.0248768502,-0.024355169,-0.01314377779,-0.02162916001
2007-12-31,0.0003250755299,-0.002679847043,-0.004382637622,-0.002883247209,-0.0008979902117,-0.001063242744,0.003815741694,-0.002874663254,-0.00167353572,-0.003316773185,-0.002407532352,0.003170340541,-0.005240410421,-0.004424569966,-0.00225410247,-0.001736243862,-0.002371626632,0.001219804206,-0.001990439035,0.001960852287,0.002529252896,0.0006636461838,0.004966467865,0.002119460057,0.003820789979,-0.001697177386,-0.002219736749,-0.002689966854,-2.706828057e-05,0.003368160771,-0.002185056613,0.001959487799,-0.006149827469,-1.182664712e-05,0.002554548145,-0.002361199009,-0.004463872173,-0.0022981516,-0.004012377203,-0.004980687832,-0.001040995138,0.003552124839,-0.002288948162,-0.003705054881,-0.003481448283,-0.001344641596,0.001524111382,-0.002810623512,-0.006653284039,-0.007093964737,-0.001090565937,0.001169085778,-0.005096987757,-0.007271260601,0.0001580537619,-0.001170113508,-0.005822679367,-0.005597149319,-0.006434205182,-0.002631055973,0.001387660963,-0.002253323596,0.001380159797,-0.004959398895,0.00149732998,-0.0007259371354,-0.008976734484,0.003200908975,0.003935698037,-0.005317025332,-0.001662659461,-0.005025621556,-0.006233265512,-0.004924760396,-0.005764355906,0.0005863937655,-0.0008702602757,0.003220410972,-0.006606720826,0.000724451568,-0.001651892515,-0.001790022443,0.004389118207,0.002704726988,-0.005247440481,0.0008116965992,-0.000126849209,0.000806394139,-0.005691378027,-0.0009589302325,-0.0009499890495,-0.005618017636,-0.001843531009,-0.001917031557,0.004077062181,-0.001450734734,-0.003888274612,0.002061746338,0.0003722851235,-0.006566881061,0.003326616361,-0.0007324563329,0.004324378937,0.001549491564,-0.004140181107,-0.002835306199,-0.006649417814,-0.002916076753
2008-01-31,0.004442432282,-0.003244659558,-0.004219742218,-0.01012942367,-0.007141860993,-0.006017233232,0.002812059823,0.007096919045,0.007620825451,-0.008411048372,-0.01634083675,-0.002198962094,-0.005193050367,-0.01789189055,-0.01783554088,-0.005859413779,-0.008810085358,-0.004348446517,-0.003819681581,-0.004144316504,-0.003541591806,0.006305473637,0.004246739737,0.007220836816,-0.001078457542,-0.003207472751,-0.00769246814,-0.00837973144,-0.006025014525,-0.008563298557,-0.01661259277,0.001146411139,-0.011561188,-0.01810257021,-0.002516611809,-0.01797554809,-0.01610661552,0.004386506548,-0.0006271432603,-0.0001833977021,9.918205943e-05,0.0005173347779,-0.001034563196,-0.004544232091,-0.003972198392,-0.007466755547,0.001996802709,-0.004747452423,-0.02250420154,-0.01553476059,-0.005064397654,-0.001507522916,-0.008847294147,-0.01806698344,-0.0004407250085,-0.002174201109,-0.01134269168,-0.01286191483,-0.01124135364,-0.01649597996,0.003527011785,-0.001324533798,-0.002860250328,-0.005032458961,0.01511649695,0.01061792115,0.0100274986,-0.0005961172617,-0.002360689899,-0.003547168613,-0.00251589554,-0.01473849847,-0.01424692722,-0.014702116,-7.635945298e-05,-0.0001810488432,0.00194062274,-0.00200178284,-0.02242493589,0.01261343695,-8.880235322e-05,0.0158120698,0.01196267853,0.01076396127,-0.002309598151,0.003823665918,0.0004661132877,-0.001764351747,-0.005686642636,-0.001152095267,0.0006901053836,-0.01235687266,-0.001302888296,-0.0006775079834,0.004784367793,0.01023724282,0.01668421824,0.01421691874,-0.0002118476535,-0.02257236144,0.006933268503,-0.0050152364,0.009552312037,0.0003322105206,-0.01689718219,-0.01745226298,-0.005212285437,-0.01428430172
2008-02-29,0.005955831939,-0.001470734247,-0.0003609060314,-0.008508330952,0.0004427328,4.872270801e-05,-0.0006400801275,-0.00231244282,-0.008133504582,-0.004564174904,-0.009134559862,0.00424990424,0.00198528178,-0.009869756436,-0.008109457486,-0.001954137007,-0.00309603525,0.004379441318,0.0001930812697,0.006478352055,0.005762219323,0.002945727435,0.006357683843,0.00822992799,0.004733468172,0.001425154178,-0.004665879021,-0.005621738701,-0.006863815108,-0.005072256072,-0.01129941442,-0.005137958731,-0.007004511521,-0.007993245945,-0.005072886666,-0.01015218943,-0.01107806201,0.003253811934,0.004524958015,0.0003206861636,-0.00400196611,-0.0004320860742,-0.006804239313,-0.005333549522,-0.00163715192,-0.0005790691667,0.005428065155,-0.01107422357,-0.01393102657,-0.01150104936,-0.006765639012,0.0008245696493,-0.004725695706,-0.01068400834,-0.0004764406664,-0.003477803464,-0.01137765193,-0.007563445271,-0.01124402985,-0.01253313061,0.004813998927,0.004303454377,0.006143949344,-0.002783634472,-0.005941932031,-0.003867467183,0.005831314349,0.001508085715,0.007649750527,0.0098495709,0.001774400021,-0.01210430194,-0.009652223871,-0.008548269741,-0.000177056766,0.006878385013,0.008546483188,0.003966292291,-0.01409503989,0.0161943456,0.01055848283,0.01210764292,0.0120333768,0.01546850749,-0.001529786579,0.004669050045,0.002615885699,-0.001530906905,-0.003137395014,0.001959457019,0.0002357321797,-0.01100466754,-0.001840908334,-0.002554048136,0.004570669097,0.01290550827,0.01060689562,0.01238436783,-0.004260661905,-0.01437644294,0.004801443054,-0.003230208358,0.005320050882,-0.0006943561151,-0.01298204543,-0.01053931692,-0.001580405801,-0.01356878283
2008-03-31,0.0001355817377,-0.004983609149,-0.005767191517,-0.003124541372,-0.00308665234,-0.00279820215,0.004628312828,-0.003740802568,-0.0006475511223,-0.01027830786,-0.005868897869,0.0009631976776,0.004296809997,-0.007169075596,-0.005584986363,-0.0007575157286,-0.001418800218,0.0008053336027,0.002594675336,-0.00160856105,-0.0042516117,0.006144123883,0.003603613725,0.001242359056,-0.0005763487312,0.001349787222,-0.004420466782,-0.00352037124,-0.004544255167,0.01138673466,-0.008874948074,-0.001840070324,-0.004534418127,-0.008138963844,0.001318041368,-0.006847567342,-0.006649259881,0.0009755472809,-0.005005002736,-0.005812906772,-0.0005276183181,0.009417788874,-0.001143838062,-0.0008521528471,-0.00630089099,0.001087473923,0.001044044856,-0.00632401048,-0.009189748041,-0.007568978236,-0.001132440335,0.006326326737,-0.002585838818,-0.007199424322,0.001756011512,-0.001266543452,-0.00695632585,-0.004604673653,-0.00558028205,-0.009009415406,0.0058739423,0.002478687691,0.006238552937,-0.004427633086,0.001444539846,-0.007346124952,-0.008767230653,-0.004340104277,-0.00161095619,-0.003253656489,-0.001659616287,-0.01115110915,-0.01104058717,-0.01012331144,-0.007733386114,0.001318026526,-0.001775156985,0.0006320029925,-0.009224036406,0.005544998062,0.001105938739,0.003096766154,0.006822024553,0.007547942807,-0.003216582208,-0.005029366349,0.001162571487,0.002186774182,-0.005813070659,0.0007205000492,-2.258420085e-06,-0.007847051331,-0.00684629784,-0.0074395776,0.002538051219,0.003131372377,0.00488587945,0.004370977215,0.007562015023,-0.008720293811,0.00650263956,0.003488470604,0.005765465849,0.002000981052,-0.008742340909,-0.00697937198,-0.005962904759,-0.006478462914
2008-04-30,-0.006311613466,0.004953403056,0.005591390836,0.01041373618,0.005473972751,0.002384604727,-0.0004669114926,-0.002485299278,0.008673489964,-0.01798123867,0.01971739613,-0.0004240659619,-0.01183204365,0.02313797546,0.02596388507,-0.001282492875,-0.004939731278,0.0004380078367,0.0007839388714,-0.00750681244,0.005614279783,0.007573625963,0.007130693024,0.006171270496,0.01232077082,-0.002382020849,-0.01250037773,-0.00873257862,-0.01076438009,-0.008990700159,0.03005796285,0.03092847331,0.01896113747,0.02498232426,0.002106126794,0.02448150955,0.02484244321,-0.002427470043,-0.00101530889,-0.00456811584,0.003267080033,-0.009136315128,0.005335427421,0.01165084353,-0.01226263497,0.0004986029365,-0.02327012732,0.0168733474,0.02175350625,0.01596087518,0.009299313511,-0.004496292641,0.007853205295,0.01054881427,-0.002560976106,-0.0007388931629,0.01575501418,0.009250437773,0.01676851433,0.0229810044,0.008723242739,-0.001935817812,3.820030968e-05,0.007612606894,0.006129126119,0.01840775356,0.01163627288,-0.003450420217,-0.01895368453,-0.003809910804,-0.004705613067,0.01707236529,0.01885478075,0.0216008445,0.009536388548,-0.01086608181,-0.001334047884,-0.0039120364,0.02170576769,-0.02125154242,-0.01048643651,-0.01792984221,-0.02254035652,-0.02166519469,0.00900673727,0.004012827287,-0.0006761901984,-0.002421728248,0.01120473541,0.0008505738367,-0.0008036191982,0.0153059072,0.004987483581,0.00649135708,-0.01846471363,-0.02451672831,-0.02520868003,-0.02434369028,-0.004654311434,0.02184111372,-0.009602292573,-0.001011115571,-0.008859079572,0.003507109024,0.02021315052,0.0228396871,0.01067961361,0.01989285241
2008-05-31,0.002160232755,0.001771106156,0.002584015712,-0.002496732721,-0.001460438571,0.001240545718,-0.002265078256,0.00776998975,-0.003396082951,-0.00683083386,-0.008140539634,-0.000329017541,-0.001627903629,-0.005516372975,-0.00568988653,-0.005829007903,-0.003290476187,-0.007535569444,-0.006490353168,-0.007065220794,0.00588098927,-0.004231988352,0.00182617841,0.001692396809,0.001260402156,-0.001018183244,-0.002033195862,6.866058741e-05,-0.00124656909,-0.0009553560342,-0.004191202929,0.0006176463398,-0.0002549505223,-0.005374158468,-0.006786024199,-0.007331886707,-0.005889506255,0.001042771804,-0.009754988917,-0.006030893897,0.001243177395,0.003814001503,-0.003313666856,-0.004852156206,-0.005321761412,0.002009525785,-0.007681350144,0.0003676130163,-0.005446562936,0.001582195992,-0.002128105535,0.006512559503,-0.0005470951544,-0.004596981172,-0.002319781881,-0.004395123333,0.001369506954,0.0002491757604,0.001364391656,0.001119477703,-0.005398637972,8.915103167e-05,-0.003497932703,0.001882925002,-0.0122710536,-0.01168357881,-0.007445748333,-0.01127299188,-0.007885773725,0.01253267379,0.001826781629,0.003684262309,0.002632113383,0.001167801529,0.002655626543,0.002301953166,-0.001140176763,0.005836924515,-0.005860317592,0.00120918009,0.0001039140148,0.002147794049,0.002608644048,0.001267622505,0.001728027355,0.003885298962,0.002248951159,-0.003816193956,0.002346882064,-0.003146161848,-0.004379261836,-0.0001033916601,0.002942607369,0.003521304773,-0.001727201069,0.004047162545,0.005519583411,0.005107794275,-0.006880959101,-0.005382009277,0.004853413606,0.004814683578,0.006389806282,0.003840655972,-0.0005617032345,0.0004400960461,0.003160055278,0.0007224225917
2008-06-30,0.005685932922,-0.006904258196,-0.006622995594,-0.007807800024,-0.005276871908,-0.005741874151,-0.0003711808219,0.002851791655,-0.003956546799,-0.0008528266177,-0.02209009809,0.001246078769,0.005694526178,-0.02120464682,-0.02142776093,-0.0005411166435,0.001694595704,-0.000225955419,-0.003530847533,-0.001920814465,0.01041821862,-0.00531614907,0.003733626656,0.005348789698,-0.00239642965,0.001468932047,-0.0001048684801,-0.001640177919,-0.001506094402,0.005771075696,-0.02324390614,-0.01036402752,-0.007679884511,-0.02012552888,-0.01077255865,-0.02232379379,-0.01934369395,-0.0002897882461,-0.002492220789,-0.001402378167,-0.001008165972,0.0001849318942,0.0003839192202,-0.009272904699,-0.0006187275759,0.004537042022,-0.006262051508,-0.01342371734,-0.01851533056,-0.005184580945,-0.0007981281794,0.003334724234,-0.004888995303,-0.003602818818,0.003488358305,-0.001178692652,-0.01150436751,-0.009792070459,-0.01154166539,-0.02109545457,0.001703058833,9.969501138e-05,0.001472053247,-0.01011286532,-0.01027987799,-0.01496068433,-0.0212976159,0.0002867788732,0.005272441594,0.006960854179,0.002283112177,-0.01588306787,-0.01769989023,-0.0193392655,-0.009727101359,0.01607568852,0.009749928711,0.008864123754,-0.01828699108,0.01760849762,0.01288308212,-0.008978713099,0.01103271972,0.01530001371,-0.007557629281,-0.005619291966,-0.003430732838,0.002218192801,-0.008770163164,0.0051003262,0.002091349451,-0.01125105857,-0.01156954639,-0.01383933388,0.00129521027,0.01898269298,-0.02099470162,0.01158041671,0.003773792886,-0.01828644951,0.01125735092,0.006954410917,0.0108131341,0.004304627221,-0.01858293554,-0.02126063574,-0.01034045815,-0.01428127301
2008-07-31,0.004815266494,-0.005744498916,-0.00746604579,-0.003608142978,-0.002264076197,-0.0009284937819,-0.003159931171,0.002050728389,-0.002639371336,0.002524245337,-0.00867144941,0.002432486941,0.004590379846,-0.01182178196,-0.00674866686,-0.001331148937,0.0007396994449,0.0001948581353,-0.004411403797,0.001684826614,0.006975210118,-0.007365600835,0.004518833181,0.005203751013,-0.001779249123,0.0008350626943,0.007211325895,0.00579738363,0.008255152028,0.0007783185084,-0.009052224728,-0.01116118856,-0.005300647713,-0.01267108365,-0.006683649926,-0.01055673726,-0.008846373134,0.002149538592,0.001936127208,0.003376110606,-0.001989563586,0.004223882834,-0.0005102491237,-0.00727159757,-0.002520715502,0.002238530862,0.003551684226,-0.01301993363,-0.01493080401,-0.003504578992,0.00059722439,0.002185513623,-0.004396307662,-0.008040761722,0.001952816955,-0.002988968524,-0.009388502947,-0.006339571967,-0.01065284343,-0.01282750172,0.007178738261,0.003766912259,0.01207354701,-0.005294592265,-0.002740383052,0.002038941951,0.0007978077079,-0.0006954567816,0.01673633022,0.007278629275,0.003596922648,-0.01386360449,-0.01191930643,-0.01334625583,-0.008034050074,0.0121832178,0.001848283326,0.003163016368,-0.01473517135,0.01547716968,0.005500054803,-0.005575805073,0.01338544393,0.01552279804,-0.005976022347,-0.007615778335,0.0008005086237,0.002563977756,-0.006918845763,-0.0001135892867,-0.001408990273,-0.009938487061,-0.007523300875,-0.008637478871,0.006890649973,0.0108974648,-0.009270179145,0.00694201705,0.002958451861,-0.01550658402,0.008144032244,0.003196311012,0.007606351626,0.0001969790693,-0.01141473747,-0.01489303834,-0.00746520652,-0.008892443861
2008-08-31,0.00280958142,-0.003984109218,-0.005285814883,-0.0006762735923,8.138117032e-05,-0.003217045791,-0.0003061740421,-0.006859526247,-0.006687287777,-0.001778352953,-0.005254225686,-0.004278105931,0.001977416582,-0.00412158106,-0.00329448378,-0.003561454478,-0.003152133088,-0.002362966127,-0.00170378814,-0.002341015789,6.150193074e-05,-0.001578659332,-0.0007443041459,0.000290248559,-0.003011124989,0.002018696966,-0.002688521584,-0.001147831871,-0.001020703641,-0.005076265721,-0.002278452305,-0.0008371953086,-0.003090013501,-0.002574032054,-0.001767728628,-0.004491253795,-0.003902695477,-8.195415316e-06,0.0006149039251,-0.002109162287,0.002742155718,-0.002816763289,0.0008408581099,0.000429430514,-0.003940463401,0.00422583279,-0.001199289953,-0.007400677289,-0.004305273725,0.002308057031,-0.0003389079092,0.004441422489,-0.00343433371,-0.003057246283,0.0006629975366,0.0008132121253,-0.00323598572,-0.00481202225,-0.003724940448,-0.005713186095,0.006366034773,0.0006586510946,0.003534042932,-0.002168355345,0.002259882865,-0.001223257025,0.00679747995,0.003702036721,-0.00280537153,-0.00116434875,-0.0001494883129,-0.004174440438,-0.003537535981,-0.003595457292,-0.006566197065,0.006119476834,0.00266561665,0.003026311507,-0.004416618404,0.005935682439,0.004770430678,0.002253549735,0.005260569413,0.005874884917,-0.006335730819,-0.001865141651,-0.0005316675244,-0.0004667485519,-0.003078992562,0.002858518147,0.002619704446,-0.005201366314,-0.0009051311255,-0.0007271482348,0.004532860514,0.003138582943,0.003479601533,0.001864588306,0.004470952467,-0.004770143503,0.005852476153,0.002320239362,0.004692263695,0.003406184842,-0.002945673231,-0.004465963443,-0.004336111373,-0.001460088075
2008-09-30,0.01079196563,-0.01199283555,-0.0113695141,-0.02111031879,-0.01750547193,-0.0147636775,-0.001723431805,0.00407186165,-0.004969787651,0.005781644608,-0.0389336811,0.002550816129,0.0004882267519,-0.03992160466,-0.03849820769,-0.0004682557054,-0.001068468738,0.002634996874,0.004745410075,0.004573040383,0.01204614112,-0.0184599906,0.009782873885,0.01484448349,-0.008480902054,0.001690197202,0.01019952387,0.0008966966762,0.0133649191,-0.0006263292767,-0.03426989484,-0.0273951947,-0.01844331279,-0.02730123646,-0.02255525887,-0.03917796334,-0.03710995144,-0.004180808118,0.005399856273,0.008275024606,-0.007952486227,0.0001435740445,-0.00596740806,-0.01899992465,0.003624935028,0.003697430608,0.01091546028,-0.02364102133,-0.03720659418,-0.009667634725,-0.014421896,-0.01452367871,-0.01450420328,0.0195646315,0.001786634065,-0.006864309194,-0.02261232052,-0.02013045425,-0.02205102861,-0.03786811889,0.01328114997,0.003910886709,0.006884855342,-0.02254195248,0.0003978015436,0.02119002605,0.01331931105,0.012609327,0.01113358091,0.02610184114,0.0009825582536,-0.03215262427,-0.03364727233,-0.03498796012,-0.0241048012,0.02895442333,0.02913694136,0.0168574404,-0.03807672476,0.03655117629,0.03109348444,0.02925824176,0.01579715718,0.02934622641,-0.005707362658,-0.005056765972,0.004690227023,-0.003345578286,-0.02286924061,0.005060369028,-0.004334605623,-0.02736899737,-0.01195628421,-0.01941987581,0.01327684223,0.0322376342,0.03995509614,0.01939248277,0.004747316704,-0.03823261045,0.01540506981,-0.002017311225,0.01467151154,-0.005212554951,-0.03416952086,-0.03665333685,-0.0257592364,-0.04173626029
2008-10-31,0.01079007985,-0.02051802291,-0.01396715639,-0.001506470681,-0.0378447078,-0.04104778679,-0.0526967266,-0.03148825039,-0.01721207345,0.004788026115,-0.02797710764,0.04604888508,0.0356410608,0.011159927,0.0097508313,-0.003907642,0.004264923744,-0.01475260881,-0.007533530074,-0.02276680819,-0.003824988375,-0.03781385595,-0.008742755432,-0.0005279018837,-0.02199968936,0.001221015436,-0.0158341961,-0.01210581319,0.02042758769,-0.04376335431,0.01424517254,-0.007234631855,0.02625380594,0.02235217784,-0.02712897455,0.005491890415,0.01348826561,-0.03647061145,0.04556810419,0.05289190159,-0.02725059425,-0.03696726947,0.0405373654,0.02526553362,-0.009804432629,0.004212007861,-0.009285696167,-0.02107783168,-0.03514737454,0.01058464515,0.001097135365,0.01976307233,-0.004705372378,-0.01085119822,0.004901157962,-0.00427318399,-0.01963523291,-0.01780463603,-0.02251190416,-0.00411830611,0.04300478944,0.0280984315,0.0176797534,-0.01117797828,-0.01495616946,-0.03044777252,-0.05468378023,-0.04955171366,-0.01502019313,-0.01083052702,0.004167247751,-0.02813446681,-0.0310854877,-0.01141778586,-0.01198768685,0.01685416986,0.00808020835,0.01421530344,-0.0355506291,0.03203170308,0.01923874717,0.02832546286,0.02473462462,0.0337280262,-0.02315977831,-0.0118370363,-0.01109585732,0.006560522031,-0.01233826965,-0.01096889351,-0.004096472208,-0.01814115181,-0.01216456298,-0.01271906609,-0.000415534739,0.01275694457,0.0157667684,0.02169586445,0.009280086801,-0.03644155969,0.009788328519,0.007250426509,-0.0005784713228,-0.01488833069,-0.02185842321,-0.0136112903,-0.01617680171,-0.007165002974
2008-11-30,0.01530841819,-0.009378879202,-0.01510499713,-0.00215082933,-0.03256169842,-0.0305076309,-0.02318790899,-0.02768355912,0.01603194513,-0.0222542465,0.006175190806,0.016352914,-0.02455619054,-0.00795848435,-0.03844584811,-0.02040063251,-0.02279424038,-0.01947768647,-0.01804989669,0.01438084932,0.02164958929,-0.004912480004,-0.01199600733,-0.002353079104,-0.03825143647,0.004634206299,-0.02170271328,-0.01442523123,-0.01958650704,-0.02841621986,-0.03568113884,-0.004333998853,0.003251449499,-0.02750507175,-0.0256436842,-0.008701729839,-0.006385767615,0.01912247026,-0.02592763176,-0.02307450154,-0.01601073133,-0.03376869862,0.02738924308,0.01686416096,-0.02481803912,0.0004508975331,0.003516520276,-0.02519170975,-0.03005765206,0.007284006445,0.005025322498,0.01937920274,-0.01230053515,-0.01962167205,0.009572093669,0.001845334803,-0.01491949594,-0.01211231738,-0.0182336067,-0.02238689654,0.0384642742,0.006910861562,0.0245098717,-0.009088673737,-0.02324870591,0.01430556996,0.01106899732,0.004917509072,0.02599425065,0.02554790403,-0.02480132875,-0.02832572521,-0.02919984005,-0.03466247022,-0.01391160556,0.03543446654,0.0256895404,0.01998764602,-0.0304266561,0.03265149049,0.02949852675,0.01887795395,0.02725732688,0.02779690936,-0.02304004919,-0.02223213812,0.0003935884468,0.006903167036,-0.007470587206,-0.001229818483,-0.001305679582,-0.01262148661,-0.01249582384,-0.01306392399,0.001019676298,0.01400025572,0.008595228154,0.009574978677,0.01859163807,-0.02863762398,0.02427331976,0.0186355403,0.01642516558,0.001310344895,-0.03303343158,-0.02285001214,-0.02483658993,-0.005500106532
2008-12-31,-0.05072323728,0.05504029976,0.05792613608,-0.003743823618,0.009534212048,0.04311986516,0.06403534745,-0.08515049504,0.03518418299,0.02607413476,0.01288046591,0.08491722126,0.03655250557,-0.01792866582,0.09192686477,0.05612846726,0.0239293672,0.0784019055,0.08081427357,-0.02562828567,0.07921360251,0.06724612129,0.06793292602,-0.0448677058,0.07220492801,0.01958907333,0.03177703065,0.02854865235,0.02199380516,0.07826852061,0.09823704348,0.09618189175,-0.01529508672,0.07254906438,-0.01635700187,0.03849712555,-0.01951555376,-0.03850253405,0.0682913381,0.06175292399,0.03287936609,0.08783965399,-0.07314018776,-0.05322200441,0.007306899656,0.01840460718,-0.007578331,0.04216517078,0.03422811655,0.0211336258,-0.01831921414,0.006756403485,0.01341257683,0.01091089157,-0.01942919984,-0.02611023531,0.04372430284,0.03865224742,0.04513830823,0.0893017608,0.06495717671,0.07363105276,0.07397296154,0.04967019058,-0.1164989172,0.1034265415,-0.05313468464,0.08586820607,0.2161277344,0.007360351241,-0.01886753507,0.046996385,0.09562722505,0.05660341805,0.01709297486,-0.05658683127,-0.04358791341,-0.02300202027,0.04742158647,0.0121562186,-0.03271676208,0.01108177133,0.004787955054,0.02825473828,0.04219122898,0.02885353969,0.00486116009,0.02603009406,0.04851125069,-0.03590808992,-0.02188434068,0.03056349349,-0.01029601821,0.007438493526,-0.06967702893,-0.06106586237,-0.03690332972,-0.03886875775,-0.02136279653,0.01671965012,-0.03258706612,-0.01825789236,-0.03820557951,0.00650911203,0.04730055689,0.07613618733,0.04897172279,0.0567297888
2009-01-31,-0.003270948681,0.00970915508,0.0269749493,-0.01089365259,-0.03383244982,-0.03633691107,-0.03597223467,-0.03917484955,0.0263427645,-0.0398079062,0.01606291918,0.03571401248,-0.03184437598,-0.01039901791,-0.007383109271,-0.0293642623,-0.03699475947,0.002422117187,0.008406266123,-0.01613379804,0.03270467457,0.000783944838,0.01668821469,0.007613708401,0.01394116227,0.00331454844,-0.03584784818,-0.0308814858,-0.03138163003,-0.009760390556,0.001233741803,0.03776274028,0.01645312508,-0.02144262611,-0.0273604134,-0.004940766995,-0.006940331272,0.03539013742,0.02494575901,0.02001150639,0.0351005061,-0.01969605925,-0.02911815404,-0.02811965416,-0.03795593542,-0.004075562459,-0.0351627203,0.024780592,-0.00129804106,-0.004055989306,-0.002746961793,0.0230811975,-0.00154411814,-0.02475564071,-0.01146960372,-0.00334975578,0.01302507327,0.01375554627,0.01297584507,0.01424057803,-0.007710712926,-0.02117186463,-0.02817658769,0.008029299916,-0.001593109399,-0.01264630764,0.0005659961264,-0.03005874075,-0.0453212883,-0.03886395856,-0.0005643883579,0.01746688132,0.0139086804,0.007465438387,0.01425800418,-0.009149606083,-0.00590061252,-0.004124080533,-0.002040374358,-0.008919352364,0.001782124304,-0.01468841569,-0.00813907401,-0.01256864553,0.02697972158,0.03143947216,-0.005091754345,-0.01069946684,0.009964905173,-0.005824196685,-0.01015062735,0.005747169541,-0.0003839601452,0.002251572152,-0.01798429087,-0.01136347633,-0.002464432709,-0.001057712336,-0.04403651402,-0.001224573033,0.01081795464,0.01891082468,0.02384406944,0.02948835,0.008450221118,0.01452831231,0.03674185152,0.02771694557
2009-02-28,0.006321422314,-0.0002765012198,0.001322251853,-0.00934197525,-0.01484990815,-0.01239409637,-0.0133672599,-0.02410620548,0.02624661706,-0.02273921668,-0.02313669576,0.02390756953,-0.01644590766,-0.02846627582,-0.0235952478,-0.01212044174,-0.01846243559,-0.009581078232,-0.003440103898,-0.01568863972,0.02138623699,-0.001381737712,0.01776042873,0.01921926438,-0.001454723806,0.007586683636,-0.02086840504,-0.01364170687,-0.01695876763,-0.01031267759,-0.02530182436,0.01711728787,-0.008336702074,-0.02941024838,-0.01890837022,-0.02595629685,-0.0273101088,0.01522022344,0.007205461996,0.004596905718,0.01407003347,-0.01495411328,-0.01196855784,-0.01629510786,-0.02489195528,0.004151690975,-0.009467621093,0.001633131952,-0.02166591306,0.001255559242,-0.003736519521,0.01718773572,-0.001398401654,-0.01914851175,-0.0005669264836,-0.00283091691,-0.006749825195,-0.001507351133,-0.005133818578,-0.01447857371,-0.01560301248,-0.01929573891,-0.01897709157,-0.002855284014,0.02020951089,-0.02175798843,0.02092638659,-0.04490276786,-0.02625086956,-0.03115012677,0.001846264808,-0.02297752326,-0.02111997476,-0.0260864846,-0.007738091435,0.01485982522,0.01793224265,0.01331000282,-0.02258214713,0.0009706289227,0.006748189405,-0.02011107166,-0.006549532218,-0.0001479327209,0.003083093491,-0.009395584327,0.003824442969,-0.002543720288,-2.909775076e-05,0.005023205072,0.000349745652,-0.00724672155,0.003065119013,-0.0002525065511,0.00761670091,0.009136714197,-0.02554468745,0.01654852284,0.01117348874,-0.01932891214,0.0139639475,0.02162675208,0.02535758285,0.009922372444,-0.009948541671,-0.01379662011,-0.005606122788,-0.004007670045
2009-03-31,0.01264989439,-0.008247546424,-0.006634225715,0.0002977973598,-0.004533484401,0.004463966241,-0.01284257877,-0.03300153664,0.01434761661,-0.03608271055,-0.01530829721,0.01623737624,0.002421796839,-0.0201720731,-0.01177273737,0.00320114157,-0.01878478528,0.008800650731,0.003457013863,0.009608725776,0.017656271,0.01344868122,0.01903444278,0.02807466219,0.00399145302,-4.392481881e-06,-0.03317180051,-0.02195251119,-0.02930488806,-0.00215217763,-0.01490457562,0.02925494946,0.002616797807,-0.03014656103,-0.01699592267,-0.02066960162,-0.02010180065,0.02197915468,0.003156688645,-0.002168815723,0.01303873129,-0.002769075036,0.007733944463,-0.00484349808,-0.03432868185,-0.0008905427535,-0.01646534978,-0.001950246613,-0.02384180713,0.01049778263,0.004225186851,0.008743433864,-0.00817179375,-0.01301192798,0.006765822631,-0.004526160081,-0.01497740442,-0.009802556587,-0.01628568527,-0.01269252241,-0.003799730623,-0.01701482901,-0.01365418745,-0.007800503324,0.01173049997,0.069333142,0.03541997461,-0.03791238621,-0.04371181876,-0.04586775128,-0.0129900659,-0.01781870652,-0.0214816921,-0.02098912859,0.004062064635,0.01924773154,0.00970970615,0.007726103263,-0.02754147461,0.001858208009,0.007052810077,-0.01464347058,-0.003085437476,0.003379275596,-0.0002801881359,-0.02159683769,-0.009417619904,0.004005156626,-0.009001457306,-0.00464027685,0.002037604692,-0.01329635976,-0.02055669976,-0.00393841979,0.002365145269,-0.005769507076,-0.01384812869,0.008286650169,-0.003959576454,-0.02245760865,0.01597156427,0.002969346821,0.006290524839,-0.01099000414,-0.01710020841,-0.01412811274,-0.01367718172,-0.01527716315
2009-04-30,-0.008696235801,0.03914598243,0.03930266335,0.02276309026,-0.007558915952,-0.008896863686,-0.01038136168,-0.03169825663,-0.02561302058,-0.02323542049,0.0333638834,0.01679469487,-0.01868652642,0.03263984366,0.02904439106,-0.001563291766,-0.009351895633,0.008363867558,0.01530700427,0.01148578122,0.005757337385,-0.01513148014,-0.007032008901,-0.0177379448,0.0007813399331,-0.004459305365,-0.02577915635,-0.0180987148,-0.02468335545,-0.003423021762,0.02789110615,0.03541703209,0.03604466279,0.0321819765,-0.002312726174,0.03602207505,0.03347273185,-0.004164601574,-0.009632775085,-0.0002712438959,0.01600531096,-0.004867598686,-0.02189760214,-0.002072407854,-0.02363054042,-0.02925928578,-0.04441032787,0.060306756,0.04954946756,-0.002892698163,0.01232256742,0.02990741447,0.03063150211,-0.03697990455,-0.01754841547,0.007953198439,0.05218948287,0.04245716679,0.0519909864,0.05847493891,-0.01274455997,0.006513446214,-0.01776939408,0.03773292993,-0.07811575096,0.02395544486,-0.03520479355,-0.08007941496,0.03632364064,-0.05444165908,-0.00828481837,0.03962787058,0.03913715069,0.03643832073,0.03574569191,-0.04337755202,-0.03661692981,-0.03678466461,0.05013269811,-0.0499035015,-0.03312291977,-0.006879826349,-0.034622258,-0.05138615019,0.03709575503,0.02265043465,0.01167959261,-0.008266683264,0.0417126184,-0.03362384389,-0.002697398017,0.05626428352,0.02957743242,0.035922924,-0.02375944303,-0.05048867948,-0.0234080513,-0.05126347059,-0.02080092701,0.04928384261,-0.03952010204,0.02293701277,0.008701999303,0.05729871087,0.0460980321,0.05139755996,0.03618387264,0.05432246754
2009-05-31,-0.004878223465,0.02322727662,0.02783440475,0.02219195691,0.004229534864,0.008764248935,0.007469169125,-0.01338998427,-0.01273377012,-0.009717240354,0.02903780728,-0.002521691753,0.0105253663,0.02923685512,0.03237100876,0.01747001426,0.007630136162,0.02420235066,0.01936515889,0.01979084478,-0.01369346017,0.001989947892,-0.008742956594,-0.007481694325,0.009662318371,-0.003123121088,-0.006056538755,-0.002982337497,-0.007425224907,0.005433242982,0.03314824728,0.01088910057,0.02548549942,0.02774867,0.01703653052,0.03046985762,0.03072788015,-0.005801681807,-0.000623349404,-0.001727854964,0.00458323923,0.00936726845,0.003674050297,0.01160319705,-0.007473580401,-0.004814287166,-0.004706189285,0.04391751434,0.03167699091,-0.0003931945673,0.00836724834,0.02970266796,0.01756429269,-0.02481853497,-0.008202615041,-0.003166233131,0.03414029261,0.03255068573,0.03553567963,0.04252026024,-0.01691224516,-0.02490333447,-0.01446840211,0.02577553628,-0.0005009661882,-0.05511173176,-0.02224466605,-0.05076742254,-0.04970743791,-0.02141227016,-0.01018358407,0.03595873698,0.03836474724,0.02940382665,0.02753752737,-0.0305996503,-0.0229697483,-0.01750281981,0.03218643814,-0.03657809547,-0.01985542295,-0.03411690449,-0.03060224063,-0.03519713315,0.02595347652,0.02360721997,0.001181894022,-0.007511314397,0.02829101297,-0.02093323461,-0.006963928388,0.03115755179,0.01805492543,0.02672814878,0.02245250602,-0.03117481036,-0.04254363546,-0.01013651063,-0.02611562632,0.03605718218,-0.0191245536,0.02250356587,0.001192138331,0.03984442953,0.03011166869,0.03762561974,0.03652143198,0.04977192855
2009-06-30,-0.0005311906469,0.01549318141,0.01308020998,0.01376589363,-0.0005595395134,-0.00170131538,0.001857598482,-0.01237196475,-0.005780805202,-0.01153204218,0.01323915913,-0.001826819991,0.001908756075,0.01257670604,0.01325787058,0.005656677188,0.003683663481,0.005640940891,0.007637305397,0.006624572178,-0.007551178165,-0.007302677446,-0.007688654131,-0.005081743878,0.0008724125373,0.0005083120957,-0.01150323026,-0.003162626109,-0.009026524444,0.002006163529,0.0117544487,0.004769162887,0.01534428279,0.01162544106,0.008906482797,0.01379006409,0.0127172541,-0.003484354644,-0.003989715635,-0.003860426045,0.007922496088,0.002015206862,-6.663290199e-05,0.004832477758,-0.009580038171,0.005432462733,-0.005664417188,0.02337522208,0.02022594294,0.001622465767,0.008117806043,0.0186194994,0.005219672234,-0.01666074407,-0.004741141554,4.565041908e-05,0.01710832332,0.01276022954,0.01702509793,0.01792630303,-0.003846500139,-0.005203138256,-0.00552609747,0.0103278201,0.001954237222,0.02481282559,-0.004749230952,-0.01111249842,-0.02517838385,-0.0205077416,-0.006331708021,0.01417684843,0.01525742109,0.01467312216,0.01524912377,-0.0193587843,-0.01254397499,-0.01237204301,0.02034925852,-0.02078811273,-0.01305763858,-0.003453979556,0.0005727924177,-0.02086889088,0.01525772054,0.01528435871,0.001275757553,-0.0029201679,0.01201578449,-0.01124671811,-0.003646814801,0.01836635356,0.008788286961,0.01227172514,0.004297334471,-0.01454765269,0.008703363051,0.008043655437,-0.01067112005,0.02382344027,-0.0001801079573,0.0155076119,0.0103186881,0.02574324684,0.01859441378,0.01581295312,0.01776514251,0.02962730542
2009-07-31,-0.009616283783,0.003145528212,0.001434507587,0.01418871745,0.006551827588,0.009785491918,0.01024606847,-0.001606597079,-0.003140804406,-0.001916146568,0.01973799963,-0.006633221874,0.004478343023,0.02424100654,0.02304827142,0.006322225992,0.004169800021,0.007567502782,0.007382117603,0.006554789996,-0.01787101354,-0.000352244108,-0.01680142704,-0.01367800162,0.007320342572,0.008873325477,-0.004398362807,0.005720507524,-0.009864235095,0.006651835755,0.02301383486,-0.01051319221,0.01471692742,0.01835178076,0.01989605884,0.02366831229,0.02243800637,-0.004444598956,-0.006100986798,-0.003920881399,0.002826404019,0.007038674998,0.001766188557,0.01061927506,0.002406402667,5.21025967e-05,0.01227302686,0.02234745118,0.03053165034,-0.005737843145,0.01089060477,0.01036625443,0.01553214133,-0.01489711994,-0.00110498769,0.00492833394,0.01486068852,0.01911955755,0.01540123744,0.02626344922,0.003648951744,0.00750502212,-0.002561083951,0.00491410266,0.007518808674,0.01071601874,0.02011469902,-0.02032505505,-0.0160622475,-0.004345010083,0.0007958257696,0.02398891436,0.02472678089,0.02618050788,0.0001096076173,-0.02558760387,-0.02060976284,-0.02358953128,0.03049668564,-0.01624160592,-0.02704791991,0.02784150471,0.007472017589,0.002480974597,-0.0003990236188,-0.006977481259,0.003030097385,-0.003208294071,0.005830377457,0.002202592286,0.006427797509,0.0187447327,-0.002508196302,0.0009960576855,0.0103975789,-0.01907069913,0.02455926414,0.0213979894,0.01036064111,0.03105360104,-0.01039651425,0.01111501834,-0.001551606565,0.02168856232,0.02811552399,0.02425689579,0.006358589388,0.0290743853
2009-08-31,0.006594186264,0.008970318234,0.01132479246,0.00234453053,-0.002119260708,-0.005484002315,-0.005530222129,0.001189589856,-0.0005710260857,-0.001518051287,0.006903727495,-0.0005572303206,-0.002594192988,0.001146124592,0.005524820989,-0.002013118232,0.00224582384,-0.0008948299231,-0.00094051994,-0.002575135147,0.001861483475,-0.002907628578,-0.0007847911872,-0.003493702454,-0.006188652242,-0.003482963039,-0.003181223997,-0.0039789601,-0.0008846519868,-0.004381494736,0.007836859321,0.004717865537,0.003818951674,0.003627871897,-0.004106055823,0.004823343799,0.001225274182,-0.003123049188,0.003869609096,0.0062966982,0.001583914191,-0.004339140234,-0.006666420988,-0.00464349556,-0.005984192997,-8.457027595e-05,-0.005204973047,0.01363678351,0.002028274064,0.002508478224,-0.0006018394237,0.0170708874,0.001466102907,-0.005439019473,-0.005349171616,1.370227656e-05,0.009285416861,0.00869438487,0.009712229754,0.00448556757,0.004488508167,0.006618790867,0.005464554274,0.008144587061,0.006449342524,-0.0005624554118,-0.001652050533,0.006695379412,0.00140704161,0.007000127909,-0.002218454833,0.005052608081,0.005097459004,0.001499346045,0.01170849756,-0.002486029312,-0.001504644384,0.00400935704,0.003003731443,-0.003424994662,-0.003655731876,0.003311892923,-0.00052398837,-0.005029764415,0.01696919588,0.0197084975,7.587334352e-05,-0.002297118516,0.008906026664,-0.004846001311,-0.002386162124,0.007790649329,0.0111868816,0.01288406854,-0.005114107721,-0.008978456342,-0.0004240013221,-0.001602523844,-0.01706416405,0.003186453136,0.004021243062,0.01540253874,0.009833851071,0.01493129407,0.0008111187788,0.001445362972,0.01578704777,0.01567008869
2009-09-30,-0.001561677891,0.009452275341,0.009040699057,0.009545533154,-0.000470165396,-0.002028576901,0.000657205858,-0.001508167319,0.001384720311,-0.004190511825,0.01139598791,0.002164738928,-0.001622200018,0.008860468648,0.00877040155,-0.001341997696,-0.001180947339,0.003787427015,0.003150522512,0.001594099197,-0.003560060529,-6.605504611e-05,-0.002037326302,-0.002214172048,-6.442192815e-05,-0.001984828797,-0.002527544444,-0.0002139212264,-0.003754194303,-0.001921898223,0.008399836637,-0.002535993916,0.00668954202,0.00909040675,0.004881191167,0.01075982691,0.008969478785,0.001212421639,-8.395626388e-05,0.001492810794,0.0005247879187,-0.0002093442849,-0.003505287808,-0.0003307667548,-0.003442887159,-0.004554355245,0.005890006765,0.01509278311,0.01794912088,-0.003793608061,0.003421028165,0.007987564725,0.002579490847,-0.009274156157,-0.0009060348302,0.001982958654,0.01548324147,0.01064546784,0.01613097033,0.01393250322,0.001115814017,0.001254409214,0.00312589284,0.01256329363,-0.003986602019,-0.007283794908,-0.006373745644,0.007127194948,-8.141132394e-05,0.007720762737,-9.865590343e-05,0.01197757481,0.01219024662,0.0105775407,0.007528107447,-0.01176539952,-0.008482933169,-0.008887677892,0.01767435521,-0.00596508449,-0.00757943553,0.006393102524,0.006365523954,0.003646768171,0.01278114243,0.00910135411,-0.0007409461722,0.001823844025,0.012276551,-0.00408541656,-0.0007932525112,0.01565643714,0.006841466374,0.009214412207,0.003675621737,-0.0004052585743,0.009158080338,0.009060379067,-0.004247371461,0.01867383092,-0.003695818592,0.007589782308,-0.0003295583311,0.006736166806,0.0123722043,0.01097827838,0.01317945308,0.01691882844
2009-10-31,0.001314602082,0.002519093513,0.001787266205,0.001689909467,-0.001362553506,0.0007792007119,0.0003689535519,0.002494966616,0.00352112916,0.001157611392,0.00140002021,0.001051989928,-0.001191296231,0.001137975636,0.002362868799,-0.0008783040539,-0.001719534748,-0.001418789674,0.0008956685369,-0.001535928874,-0.001776177283,0.0008423946301,-0.001645005501,-0.002798579259,-0.0006205129227,0.0003549871613,-0.0001342681392,-0.0002816535597,0.0009464111016,-0.0009504438879,0.002636910581,-0.0003408793752,0.001600661221,0.001690079089,0.0005458153013,0.002055453144,0.001346033132,-0.001211028248,-0.001799713399,0.001600447339,0.0005776360042,0.0003181137578,-0.001841745597,-0.000959964719,-0.0005996218031,-0.0006570524661,0.001418401994,0.006861905386,0.001919553117,0.0005494895445,0.001348846267,0.005394079985,-0.0008224825679,0.002131790966,-0.001736162967,0.0002765488401,0.003269537624,0.001499787963,0.003325634597,0.0026958934,0.001860422997,0.003281622104,0.004462876042,0.003525440229,0.008307960631,0.01451395975,0.01734159263,-0.0112670311,-0.007056872267,-0.008012622276,-0.001836280455,0.001937766508,0.001655314708,0.002741563306,0.005657908966,-0.001619144623,-0.003078207986,-6.71401433e-05,0.002293255447,-0.001747283376,-0.002930326077,0.004439786846,0.003697330924,0.002694954087,0.00309852954,0.001561568679,-0.0002527209725,-0.001347391476,0.003377312075,-0.002499692653,0.0005186074879,0.003849854002,0.002567637853,0.003620562967,0.0002470696865,0.0001149146539,0.001699624672,0.0005990227171,-0.002739094647,0.001583571099,-0.0005469723843,0.002251014626,0.002659041151,0.003821494337,0.001770972655,0.002483938924,0.003093278713,0.004215996036
2009-11-30,0.001588801911,-0.001269511658,0.0001553314817,-0.002245710225,-0.00160966668,-0.001552885829,-0.001769280483,0.001159282124,0.001621046673,0.001430540131,-0.002376364842,0.0003710783261,-0.001464970998,-0.004982324041,-0.00390869678,-0.0005322691439,0.001871676932,-0.002159884369,-0.0008355436593,-0.001979292081,0.002051171001,-0.0002244754612,0.002394642448,0.001350770205,-0.002272994973,0.001815813342,0.002096951721,-0.0001219604554,0.002259902451,-0.001441808646,-0.003761936089,0.004501172807,-0.002804160467,-0.004915077878,-0.003765174677,-0.004839542355,-0.005069211369,0.001192824567,-0.0006935976292,-7.977008142e-05,-0.001962543711,-0.001923979701,-0.001445765357,-0.002845043891,-0.0005479751451,0.003600171537,-0.00581475908,-0.002769569176,-0.008841122566,0.003733168718,-0.000996452722,0.00243037391,-0.002082386715,0.001981231312,0.0007844156033,-0.0006052548831,-0.004449598666,-0.003361517419,-0.002662981455,-0.006797017418,0.003026226717,0.0001109190931,0.0006705079781,-0.001662673672,-0.003437010461,-0.002819282708,-0.004031692824,0.004735981993,0.0100993336,0.0001386961225,-7.982847555e-05,-0.005759391919,-0.005204099822,-0.005138685135,0.0002738726709,0.002670354852,0.00330962114,0.002470132171,-0.009438118092,-0.003752218907,0.001635259558,-0.001683628485,-0.006192900035,-0.00472375545,-0.00126266964,-7.108776319e-05,0.0002004910658,-0.0001447957982,-0.001641360452,0.00169849126,-0.0004135904749,-0.004778466175,7.290225895e-05,-0.0001035093537,0.0001834357285,-0.004683988731,-0.004934979526,-0.006221899132,-0.001462190671,-0.008487551447,0.004389376477,0.0008009027834,0.005527560214,0.001783392149,-0.006640067341,-0.005931548162,-0.001333829533,-0.006065965748
2009-12-31,-0.007404249472,0.004002307962,0.004672302948,0.01121495983,0.001459126199,0.001186624298,0.002927844116,-0.0008707878447,0.005046834095,-0.002329462911,0.01701950828,0.002726598598,-0.001251345445,0.01768857978,0.01684362055,-0.0008158452248,-0.001748230843,0.003512103584,0.005403005944,0.002231209956,-0.006146260504,0.001250481223,-0.006819015838,-0.007581486764,0.002964787223,-0.001148401909,-0.002758216349,-0.001259918627,-0.004269336861,0.002731350812,0.01822648595,-0.01097780939,0.009815502827,0.01707271763,0.01338947623,0.01828979573,0.0161742854,-0.001436389602,-0.002903195363,0.0001537998121,-0.003950911491,0.001845586081,-0.005271087249,0.001741140608,-0.0003388881022,-0.008839044502,0.01658870751,0.01225873154,0.02536699003,-0.007569802223,0.007642731283,0.00753629898,0.004561789609,-0.01106248761,-0.0003265619744,0.0006213102707,0.0112930861,0.009711801836,0.01142055508,0.02088730266,0.002861732136,0.003285680682,0.005262480623,0.007044709814,-0.007960521345,-0.008332126287,-0.001376069962,0.0003579411305,0.003724804245,-0.0003434924072,-0.0001747385076,0.01918419981,0.02035294218,0.01805745584,0.002486949667,-0.01363061081,-0.01159947911,-0.008228675322,0.02525572843,0.01073269437,0.001738763,0.0121806114,0.02004460699,0.01649966581,0.007086101218,0.004055260678,-0.0006762873944,0.001624837599,0.007799211677,-0.00827612865,-0.003696575202,0.01148802923,0.00839023323,0.009510263003,-0.01130599508,0.0112757596,0.01425223939,0.01610420277,-0.001105642225,0.02606301513,-0.00800478297,0.00733395468,-0.007437014963,0.007668265273,0.0205836356,0.01660551703,0.007827418544,0.02344039888
2010-01-31,0.007274343752,0.002681606007,0.0032796772,-0.001040227119,-0.004474931282,-0.002082982376,-0.0007304979803,0.00305118742,0.00222270132,0.002201138077,-0.004954170547,-0.001083110901,-0.004140861962,-0.007192678933,-0.005710299365,-0.002766979414,0.0006027895066,-0.004733951701,-0.004811392517,-0.00389200501,0.003236102276,0.0005149613598,0.002518400316,0.001568881967,-0.003254572165,0.0002944318036,-0.0005899642277,-0.0007131825202,0.001488998674,-0.001849669723,-0.005084725997,0.005984010055,-0.003587508897,-0.00581331975,-0.005495139854,-0.006832155884,-0.006495438028,-0.0008637876528,0.001793935503,0.00140131975,0.003886008942,-0.00286361832,0.00202449939,-0.0009893068555,0.0007742382559,-0.001371346933,-0.008216057434,0.001671017326,-0.006707585104,0.002454075927,-0.003192811436,0.003054788443,-0.003172151602,-0.002343696861,0.0003398842757,-0.001462008369,0.002988214675,-0.001231568136,0.00227721305,-0.00665641837,0.00623184323,0.005706887738,0.005701460869,0.0035366426,-0.0004073626309,0.0006846789992,0.002792874804,-0.004239465446,-0.007587660657,-0.007990195377,-0.0007917842989,-0.005670864903,-0.004821272174,-0.00562137279,0.006658433018,0.001921631551,0.00216350946,0.0009692854877,-0.006646118877,-0.003109058305,-8.802450781e-05,0.004980605639,-0.002791075988,-0.006864268687,0.00391066121,0.003487478416,0.00132744017,-0.0001818447649,0.00342954323,-0.004619032701,-0.00189590554,0.001749087457,0.0008823261177,0.0009094550831,-0.009713660227,-0.008460201321,-0.004669034661,-0.006653080889,-0.004862738688,-0.006911646745,0.003925218654,0.001430798482,0.005908782537,0.003149085344,-0.006274044865,-0.006596292065,0.004286247012,-0.005316572115
2010-02-28,-1.325654028e-05,-0.001569710412,-0.001503532669,-0.0001731761521,-0.000563188314,-0.0003670827397,-0.0004587497109,0.001551440768,0.001789619482,0.002040001048,-0.0009542564877,0.001230807216,0.002228243576,-0.002970353077,-0.001525849654,-0.0001343964007,0.0007674566689,-0.000948270591,-0.0004228709613,-0.002481955778,0.001333911572,-6.970197185e-05,0.001438078358,0.001352818915,0.0008054079138,0.001508017013,0.0005933023775,-0.0001696517097,0.0003922945791,0.0001545554586,-0.001653481058,0.001057786959,-0.001114930666,-0.001707627531,-0.001603784934,-0.001743759285,-0.00277181076,0.000998413466,-0.0006556553554,0.0003789332387,-0.0007336784569,-7.504157053e-05,-0.001598921328,-0.002098113488,0.0006260730698,0.0004910877362,-0.002422980286,-0.001046738206,-0.003048305946,0.002118326873,0.001548589807,0.001785969739,-0.002203585264,-0.001297438084,0.0002190152493,-0.0001398038954,-0.001105379219,-0.002154190922,-0.001261124418,-0.002282547097,-0.0004317084393,0.000220057908,-0.000327115457,-0.0004372277215,-0.001915086891,-0.005180627898,-0.004231590287,0.002044319082,0.0008527718591,4.685379145e-05,-0.0006346937142,-0.001355039597,-0.001717088324,-0.002273074591,-0.0008601510115,0.000621964035,0.001561101013,0.001081129265,-0.002873503772,-0.00132330423,0.000128598518,0.0004545184598,-0.0009268396494,-0.001514235423,-0.001764065968,-0.003117706695,0.001175347476,0.0005221712296,-0.000854095947,-0.001968715822,-0.001592297831,-0.0009862323483,0.001183365522,0.001259150034,-0.0003638143721,-0.001416289818,-0.002169507274,-0.002090090162,0.0005058631671,-0.002867568096,0.004300059311,0.002886159712,0.004765654969,0.003626143359,-0.002491277675,-0.0006419218932,-0.003316442195,-0.001927011945
2010-03-31,0.0008488035513,0.002989356586,0.003882065796,0.006495585003,0.003893127973,0.003302334739,0.001543703298,-0.001363598231,-0.0001687155792,-0.002130811964,0.007046802245,0.002214413039,-0.00124055474,0.009662848165,0.008649952379,0.001229807814,-0.001964462679,0.001953358137,0.0008054748841,0.001051090635,-0.003661219791,-0.0008063397604,-0.006112364907,-0.006591850203,0.002044103777,-0.001129631016,-0.004026994553,0.00109562995,-0.00359683719,0.003140254592,0.008397383652,-0.002889439785,0.005628537139,0.007331059236,0.005558508056,0.009134835049,0.009535572418,-0.0005876906636,3.740244801e-05,0.001464642714,-0.0001729812661,0.002943988849,0.0001039911444,0.003882242184,-0.0003216791157,-0.007085904418,0.009312225867,0.01055784492,0.01340927978,-0.002526924978,0.003316359561,0.00461946581,0.006623319581,-0.005653039741,-0.0003275933214,0.001262686349,0.007818525476,0.00853022054,0.007985111563,0.009893366391,0.00294552375,0.004464143797,0.003978857922,0.005198367876,-6.814829158e-06,0.00072622617,0.00382380001,0.002710400694,0.005765768084,0.01552745632,0.0007205338782,0.01093337999,0.01013692397,0.01032466338,0.005030635746,-0.00322395109,-0.005619083511,-0.00282632762,0.01328364093,0.007673241383,0.004637211573,0.006442410055,0.006363079384,0.006632621539,0.003052902848,0.003006944993,-6.734046913e-05,0.0001637620814,0.006064707501,-0.002076990535,-0.001218284186,0.008043637316,0.005781905514,0.006279995469,-0.00616590571,0.005490495924,0.004282110516,0.00457824269,-0.0009851381528,0.01372741033,-0.003360798399,0.003179478627,-0.003901321407,0.00010465,0.01025154619,0.007009283684,0.00550598939,0.01384238743
2010-04-30,-0.0005685230052,0.002601923623,0.002649369899,0.002811730683,0.0001396174957,-0.0003260511723,0.0006393851392,0.0007994612081,-0.001622771721,0.0001690747016,0.002301786775,-0.0001614776015,-0.001034084379,0.003171604785,0.001876850707,-0.0005912390401,-0.0005498209629,-0.0009527922235,-0.00107613474,0.0003434403462,-0.001493583444,-0.00179532402,-0.001447129263,-0.0005261157966,-0.0002499018893,-0.001349895693,-0.0006705361273,0.0005402591258,-0.0005861832174,-0.001585356086,0.002238927891,-0.001706998732,0.001482192513,0.003242870122,0.001945093831,0.002794544308,0.003235238917,1.678666605e-05,-0.001277679932,-0.000275461838,0.0001724814516,-0.0009178171174,0.0006828637042,0.0007885625436,0.000125008685,-0.0005706945778,0.002064855065,0.001700054944,0.003170818961,-0.001041967217,0.001574607226,0.002206360179,0.001431501303,-0.001720122657,0.0004491670409,-0.0004351041299,0.004368506537,0.002456788382,0.004063665928,0.003433360366,0.002042306218,0.0002148128931,0.0008140237333,0.002692099009,0.001566396635,0.002182261794,0.0009899854738,-0.002118720486,0.0001361412358,-0.005877679956,-0.0008170187227,0.001620512241,0.002902899646,0.002110710229,0.001344695563,0.0007874624671,-0.0009110257785,-0.001495661665,0.003234419455,0.003194278504,0.002749128002,-0.0008702336203,0.0007224963378,0.003391576031,0.003916340904,0.002236046908,-0.0005551385892,0.0002293554127,0.002795564678,-0.001556537881,-0.000549051497,0.004642626394,0.002464663127,0.002720474614,0.001267195143,0.002256875249,-0.001547321321,0.0009541826506,-0.0006815477794,0.003385492392,-0.001065899131,0.002009449299,-0.001836782439,0.00105840023,0.002715951815,0.003824046939,0.003262373947,0.00500961523
2010-05-31,0.004796356395,-0.00193840109,4.702503394e-06,-0.009049650038,-0.0049952911,-0.004322557887,-0.001363331187,0.003452367983,0.001836728029,0.002058468799,-0.01319819201,-0.003899959869,-0.001306815178,-0.01491645165,-0.014585427,-0.001570124995,0.001206977587,-0.002552587373,-0.004396883689,0.001242574332,0.006363272733,0.0008274710972,0.00711302615,0.009684885797,-0.006751517763,-0.0007906096548,0.00202322668,0.002338683537,0.002420201507,-0.004864753764,-0.01430966216,0.008953042341,-0.009092050114,-0.01457635309,-0.01180465687,-0.0150115119,-0.01445538108,0.001659327975,-0.001885312278,-0.002807467526,0.003870849942,-0.003165908289,0.002823682725,-0.004581009912,0.00119492978,0.006405567547,-0.01679345196,-0.00489047337,-0.02198183629,0.0003134308996,-0.007526111693,-0.004266255033,-0.01041693613,0.005637752603,-0.0004873423006,-0.0002923175068,-0.009088485144,-0.01063946185,-0.009044712496,-0.01530213803,-0.003350674788,-0.001108122779,0.00298284259,-0.00319599773,0.0007431144998,0.00430193751,-0.002798549955,-0.0001916649015,-0.004497720725,-0.002952794001,-0.0005550880356,-0.01463229606,-0.01498246046,-0.01631693464,0.002535930415,-0.001700568799,0.004136719073,0.003443484631,-0.02216734166,-0.01695190536,-0.01737249354,-0.01005015831,-0.007088715819,-0.00809773482,-0.0007605214573,0.004578118331,0.00285600282,0.0003320393929,-0.003925463901,-9.653797835e-05,-0.003170100484,-0.01096222769,-0.0008993274974,-0.001014882649,-0.005620971311,-0.0171443661,-0.01498432093,-0.01268374273,-0.005647559536,-0.0223109419,0.01006782606,-0.004045969435,0.0121916152,0.002375670119,-0.01477368831,-0.01371723909,-0.001273186157,-0.02076220963
2010-06-30,-0.002881559593,-0.004026402758,-0.004604209525,-0.002702481998,0.002448276039,0.001126339659,-0.000486157439,0.002639714878,-0.001734539376,0.002304088583,-0.004818181581,-0.001770198441,0.002253228054,-0.004041424517,-0.004059142595,0.003382916138,0.004253733743,0.001032843397,-0.0007199882078,0.002189456496,-0.0003771928619,-0.003818994768,-0.0006513104484,-0.0001280834831,-0.0009578608208,0.0003648005211,0.003079487265,0.002612072867,0.002089229554,0.0006938159656,-0.004865899028,0.001231431636,-0.0004171305879,-0.00223762978,-0.002750892643,-0.004346607806,-0.003600567346,-0.0007620327725,0.000706081368,0.0003585154882,9.155233752e-05,0.0005229820067,0.002608499095,0.0008491819156,0.002692596676,0.0001951478171,-0.002857189397,-0.004527750357,-0.006496448367,-0.0005797482399,-0.0009997550354,0.001920002656,0.0005154459994,-0.001489609831,0.003220192663,-0.001042220789,-0.00453596808,-0.0006704559393,-0.004807888917,-0.003423505808,-0.002327634149,-0.0006666621958,-0.0008485148956,-0.002997558028,-0.001481208897,-0.002577843201,0.002105424484,-0.003295427521,0.0003223307152,-0.009024600403,0.001473499951,-0.004529973149,-0.004752545893,-0.005075107114,-0.006787697093,0.003099929333,0.003699724366,0.004207049579,-0.006591849955,-0.004618344028,-0.003020528727,-0.00308075725,-0.004242656741,-0.005674680296,-0.003359376079,-0.003725926268,-0.0004579374319,0.00133836462,-0.002972986932,-0.001572744141,-0.002122737985,-0.004387700579,-0.004517298862,-0.004495321615,0.0008887494559,-0.002967256652,-0.00318022309,-0.002794073011,0.003196816601,-0.006249820758,0.005796337025,0.001316847068,0.00670030014,0.005479791965,-0.004002419824,-0.002781825409,-0.00548911937,-0.004913091028
2010-07-31,-0.002922956503,0.001402525923,0.0004705389245,0.005097088075,0.002173001309,0.001841690247,0.0003962599377,-0.0008280904655,-0.002588257247,-0.001372236032,0.005916465467,0.003295261229,-0.0006534430584,0.007939829844,0.008219051488,0.00375840092,0.000564902812,0.003414311197,0.002188425589,0.003756364248,-0.001302921611,-0.001190403426,-0.003652678774,-0.006124957973,0.001290093563,0.0008683697188,-0.002165063316,0.0007371793981,-0.001913564769,0.002730983535,0.006596420405,-0.0004877434778,0.005004798731,0.006708113221,0.005913913916,0.008264478724,0.007483526288,0.001076819168,0.001561332635,0.0009624345616,0.0003736853874,0.0007437562982,-0.002427056598,0.002149137768,0.002257896702,-0.006242632527,0.007836182292,0.006709557506,0.01070372053,0.0009727609668,0.004988055481,0.005552214189,0.005711173118,-0.006650106406,0.0002141498581,-0.001214089414,0.00650080868,0.007285086102,0.007513578525,0.007764037753,0.001347530317,-0.006475916638,-0.002342369067,0.003862439818,-0.0001764792951,9.300386809e-05,-0.005373337763,0.001026986104,-0.00944762936,-0.005087069574,0.001370845207,0.007593060238,0.007267038854,0.007554361754,-0.0004513780476,0.001821595287,-0.00175331953,-0.00222590189,0.01058659015,0.002020497815,0.004527113757,-0.01057451205,-0.006962009744,-0.004352589401,0.0003912208984,-0.002221514857,0.001173075175,-0.0004841687081,0.004030781108,-0.003391999516,-0.002075604445,0.007556563744,0.002145030391,0.002402096013,-0.005694751949,0.002513904405,-0.009640443698,-0.006364951375,0.003421496345,0.01147987086,-0.004935080744,0.0005759014696,-0.006056117687,-0.0004203754862,0.007428768065,0.007934880369,0.002880444279,0.01101763283
2010-08-31,-0.001434771022,-0.002245621248,-0.002043322383,-0.004204573382,-0.002606472248,-0.002924107725,-0.001002461867,0.001946214134,0.002055661107,0.00155764583,-0.003925688875,-0.0008267383066,0.0008020753939,-0.007919203863,-0.006188927261,-0.001552698812,0.001074166697,-0.001911810092,-0.001701109299,-0.0003592670073,0.005035981207,9.93446484e-05,0.003456374252,0.002689086711,0.003029858255,-0.002141158599,0.0003346273014,-0.002824965741,0.001115964739,-0.002361589052,-0.00576248409,0.001801418414,-0.0009546937967,-0.003920042113,-0.003435553078,-0.00675081503,-0.007188142166,-0.001974604049,-0.003979525013,-0.002909383018,-0.0007380008403,-0.0029339545,-0.0008627785528,-0.003256367749,0.001935640074,0.002223507958,-0.00549913138,-0.007174722709,-0.00775101363,0.000300972183,-0.00315800124,8.679586444e-05,-0.002329542413,0.001590482855,-0.0004217873047,-0.003296469632,-0.005134657989,-0.004347846011,-0.005247746982,-0.006548098351,0.001607110453,0.004603703619,0.004894021953,-0.002603596397,-0.003978338577,-0.004166946433,-0.001916824329,0.001800844158,0.006500840187,0.00871926169,0.0003922856104,-0.005771165396,-0.004657125593,-0.0033369573,-0.002336518857,0.0004043643681,0.003111319408,0.002984735476,-0.00767382959,-0.0001131456704,-0.00261220521,0.006235877659,0.005152048676,0.002510346322,-0.003436238861,-0.0004725258183,-0.0002917009009,-0.001428509205,-0.002910615348,0.001284367052,-0.001125302172,-0.005775108314,-0.001462042468,-0.002204603364,-0.005098102611,-0.005031817525,0.005597604622,-0.001206186255,0.0007095685507,-0.00721962586,0.005701269912,0.001978675491,0.008198782222,0.006294548413,-0.006354342233,-0.004079006702,-0.003005512288,-0.00802639848
2010-09-30,4.120870344e-05,0.001569200619,0.001638198205,0.00438728299,0.00176024187,0.001616731703,9.726463379e-05,0.0001295403913,0.001779390126,-0.00035927328,0.002188743715,0.001762136295,-4.267717489e-05,0.002775759371,0.002270281367,-0.0004522339038,0.0002241824609,0.0002640207371,0.001256762462,-0.0006729850614,-0.002154536597,0.001432361322,-0.000279873848,-0.0002928871809,0.002186012319,-0.0009242569269,-0.001244257501,0.000119120701,-0.002420706757,0.001525262306,0.001178857384,0.001331192597,-0.0003797192879,0.000866855287,0.001842952041,0.001906975942,0.001976937749,0.001667522813,0.0009576340722,0.00195628209,-0.00291449538,0.001825544275,-0.002656240876,-0.001073244423,0.001613904372,-0.001199348318,0.00258572642,0.004433935976,0.004793480836,-0.0004105449272,0.004582769295,0.002122801135,0.0001078460734,-0.004075642964,9.680972201e-06,0.0007478704963,0.002657919176,0.000301616051,0.002201386783,0.001958792012,0.002452014699,-0.0003415189397,-0.0003032605638,0.001143752602,0.001013725169,0.0002190197896,-0.003491640666,-0.0007127632154,0.00696665801,-0.001084606925,0.0005753539274,0.001399661302,0.001672663735,0.001741018483,0.001566240446,0.0004767653896,-0.0001424761616,-0.000856374095,0.004805634685,0.001684850825,0.004206600586,0.0001434328957,-0.001841287194,0.001487707369,-0.001706030815,-0.003343616398,-0.00032455113,-0.0001771025581,-0.000252376591,-0.001585842811,-0.001599454313,0.002688156029,0.001969147889,0.002002967155,-0.004340353522,-0.0009150929941,-0.001272632641,-0.002788996752,0.002305589288,0.004406736964,-0.00274870388,-0.001570766287,-0.002072184503,-7.536775784e-05,0.003436782944,0.001486678814,0.001349589777,0.006311251409
2010-10-31,0.0005610032895,-0.000667482173,-0.0005227419314,0.003494294355,0.0009475300334,0.001910641874,-0.00299785463,0.0003149785067,0.002911452441,-0.0007415351211,0.0007571503467,0.002632291064,0.001369915429,-0.001490269746,-0.00114454088,-0.00171854229,0.0003506373543,-0.001587169952,-0.0009320176216,-0.002380769075,0.001214012938,0.0008961642599,0.002068031827,0.003110780275,0.001394218641,-0.001797454302,-0.0003793424788,-0.0009492809523,-0.0002909655774,0.001563312294,-0.002535706551,0.002595787795,-0.0003437743303,-0.002838276475,-0.002106914953,-0.0007355378034,-0.001621733427,0.004424576383,0.0005606441142,0.001226142872,0.0005043328718,0.002186166243,-0.002372873045,-0.002025500205,-0.001227869745,-0.00120805102,0.00111816256,0.004310741895,0.0007396296861,-0.001450654339,0.003939653673,0.001430750228,-0.003005731588,-0.00120265272,0.001033833345,0.001664871628,0.001236431803,-0.0002382165899,0.0008889358065,-0.0003584314212,0.0005645522503,-0.001287463612,-0.004904948904,7.373816759e-05,-0.007653643838,-0.0110424255,-0.002116508711,0.0009028827807,0.003907203299,0.005934407431,0.0008003386059,0.0003709424028,0.0006144756786,0.00025182931,0.003364067569,-0.0006424526495,0.0005204956815,-0.0005577867924,0.001354540754,-0.0007231162799,0.00104842402,-0.001735679414,-0.006279186477,-0.004373606058,-0.0008244492341,-0.002984362219,0.0008708215812,0.001023711515,0.0009665956957,0.001891958915,0.00220257875,0.002898689386,0.002468851368,0.002970279811,0.003464327431,-0.003682538256,-0.001459864101,-0.002076793493,-8.421054185e-05,0.001227053277,-0.001341525211,0.0009346394584,0.002023959069,0.001159213755,0.002281364261,-0.0001275891657,-0.0001054743577,0.004364864717
2010-11-30,0.001629385724,0.00350433487,0.004245457542,-0.001200263943,-0.0027124259,-0.002335826056,-3.25854374e-06,0.000873161412,-0.002036213784,0.0002571373693,-0.0005878052407,0.0001824716011,-0.001951564531,-0.0007759357607,1.253826091e-05,-7.363414477e-05,-0.0009103409411,6.796199491e-05,0.0001237972847,0.0011939159,-0.0001421976174,-0.001105637758,0.0008428057886,-0.001300539616,-0.001783920066,-0.0007308829484,-0.001610927616,-0.001169806624,-0.001808593362,-0.001795772456,0.002454613432,4.706818468e-05,0.0003356254357,-0.0005910032366,-0.0008849383406,-0.0007272977976,-0.0003428527473,-0.003599422405,-5.264056043e-05,0.0003815851947,-0.0003647171933,-0.002018833536,0.000610270226,0.0001961410763,0.0007787925363,-0.004155037132,-0.0003323631203,0.001303363987,-0.002730412127,0.00336987292,-0.002320310632,0.005393362738,-0.001939595551,-0.003396662871,-0.002042286792,0.0002068744264,0.001224704662,-0.001084829007,0.001217464179,5.825588808e-05,0.00236761516,-0.0009471500165,0.0001894977553,0.002285929773,-0.01187213162,-0.0136182218,0.01414692004,0.02051103772,-0.01750294972,0.01332351411,0.0006469081226,-0.00138288368,-0.0007574765307,0.001357391479,0.004334517642,0.0002519109917,0.001334946346,0.001137289985,-0.003019235438,0.0005162809172,0.000241324746,-0.0004785246757,0.0003534863608,-1.559860412e-05,0.00255034099,0.001392648091,-0.000893826182,-0.0005698587308,0.002360947944,-0.0009462108033,-0.0006055805602,-6.709331665e-05,0.002368810831,0.002115269435,-0.00542267974,-0.001243780052,-0.001045669794,-0.0006412888184,-0.005121499088,-0.003400918631,0.00420555598,0.002803966581,0.006026281444,0.006197225706,-0.001135768687,0.0002867591993,0.003329965785,-0.0005387084016
2010-12-31,-0.003245185538,0.001471782737,0.0009126192483,0.01099902636,0.005327141125,0.006229371572,0.002438375197,-0.0005302777548,0.0004810345774,-0.001520472541,0.01058789962,-5.69336503e-05,0.004543031776,0.01312872522,0.01201604985,0.005250048291,0.001865722938,0.004582431601,0.002045781328,0.001480980009,-0.004643714163,-0.001960440865,-0.00833328171,-0.009639261333,0.005116447413,-0.004461327488,-0.002285142822,0.001303503983,-0.004687803399,0.005834185826,0.009748801305,-0.002463127025,0.005316791602,0.01132488932,0.008801092019,0.01294501409,0.01243450681,0.001906835748,0.003046628248,-0.0002207423254,-0.0009275090002,0.005434489988,-0.0005200233496,0.007626396704,0.003162178015,0.0003533596651,0.01062819456,0.007156033005,0.02033135603,0.007527186549,0.007859230924,0.006339052848,0.01080156303,-0.001155290904,-0.001729973236,0.0003357747278,0.01260487169,0.01250277725,0.01368046759,0.01315154968,0.0004377417499,0.001817877298,-0.00372910282,0.005046514668,0.001479914435,0.006214131326,0.002211536849,0.006449857746,0.00671114866,0.006144033902,-0.001560664207,0.01288588096,0.01165886023,0.01329809532,0.001295120091,0.003569429724,-0.001347160828,-0.002904661581,0.02033116512,-0.001972796905,0.0116988955,0.005325906677,-0.001069739217,-0.004008191043,0.006801492703,0.0006111106915,-0.0001314803098,0.000144188413,0.005512444798,-0.0005101545588,-0.002212077201,0.01449806744,0.005641841216,0.005842306561,-0.004795992258,0.00238414095,0.006925255889,0.004288501779,0.001085919417,0.02001392309,-0.006857967924,0.006588036045,-0.009209060282,-0.0005996102613,0.01347784558,0.01094185866,0.006120082777,0.02018872872
2011-01-31,0.004027205825,0.003406498755,0.004266429944,0.0009352576104,-0.002677240051,-0.003411880883,-0.002146457536,0.001388134981,-0.0003794233028,-0.0005072768909,-0.0003408882476,0.001612117827,-0.005321672376,6.745073148e-05,-0.0003149907968,-0.003429629449,-0.003690052507,-0.001524139326,0.000665893461,-0.00096381681,0.002444555087,-8.148080211e-05,0.001119448576,-0.0006994266875,-0.0008779060259,-0.001328929897,-0.001940118291,-0.001478934746,-0.003039369344,-0.002671084029,0.001117421296,0.001088384002,0.001364018592,0.0005817939971,-0.0005475982932,0.0003165254508,0.0001490462321,-0.002127041505,-0.0005845473107,0.0004725996154,0.002128788136,-0.003707890026,-0.0005395557769,-0.002045802205,0.001811231909,0.001874447653,0.001884314871,0.002222612024,0.0001474997435,0.002755369663,0.002624988482,0.00510560197,-0.0007509858435,-0.004082092835,-0.001273129523,-0.002179221915,0.003526974818,-0.00158014247,0.00321815891,-6.845432428e-05,0.0003534527234,-0.001315171245,0.00038106203,0.003323566584,0.00143238095,-0.0009842769635,-0.003921971171,0.003587465031,-0.003229960245,-0.004113057888,0.000302857913,0.001097396142,0.001313796956,0.0009290798558,0.005589456111,0.002563444602,-0.00139372182,-0.003031527419,9.924177429e-05,0.001242598395,0.001751901703,0.0002454047557,0.0006464866064,-0.002168931526,0.002756969727,0.003142804716,3.152763622e-05,-0.001291728939,0.003650514603,-0.002385278817,-0.001558430355,0.001723162035,0.002229666084,0.002764071258,-0.002095270857,-0.000854131183,-0.00143365731,-0.001652569164,-0.002722697379,-0.0002286582953,0.001843596256,0.004255346995,-8.532567883e-05,0.0006174186937,0.0007395565261,0.0005047910419,0.00399571303,0.001466539686
2011-02-28,5.350114746e-05,0.001072419313,0.0007528497888,0.003754982413,0.003004500203,0.002996291137,0.0003073481888,0.00154933285,4.753193893e-05,0.000757945079,0.003789046766,-0.0006451846205,0.003286790177,0.004745852236,0.005194740705,0.002747459489,0.00337499279,0.002410885896,0.0003339805157,0.001886889238,-0.002423452037,-0.001767969762,-0.004085021097,-0.002769751748,0.0005830815393,-0.002120289669,0.0003897954856,0.003529498212,0.001541129619,0.003650699841,0.003221600024,-0.001656578021,0.001760431196,0.004206339663,0.002058100706,0.006078181455,0.004751414583,0.0007226758025,0.001252837983,0.0006895180125,-0.004110857874,0.00412428791,-0.001329773568,0.001674259516,0.002058402912,0.0005579731297,0.001096705089,0.0008849735267,0.00638758745,0.003750621533,0.002536881422,0.004056070641,0.002388962101,-0.001474506279,-0.00139719475,-0.0004401719748,0.003544390702,0.002954985528,0.004160181645,0.004538150356,0.0002919858321,0.003692466248,0.001687094401,0.002713373151,0.00476717276,0.004185740175,0.002932884876,0.004292237928,-0.0003314760998,0.001292245114,0.000719251441,0.001737914055,0.002991807383,0.002703350684,0.001233795316,0.002696663,-0.0002244567904,0.0004235954756,0.006309519129,0.002419906356,-0.002612021806,0.00386804869,0.003490935365,0.0005190103147,0.0009033288942,0.0006734287452,-0.0009057760866,-0.0006162080688,0.002976733704,-0.003680480548,-0.002313887652,0.004252203187,0.001750345151,0.001674320806,-0.0003861274071,0.002468152382,0.004736226858,0.003618884304,0.0007843075667,0.006525173213,-0.001099034025,0.003656337785,-0.002759359296,0.0009114937173,0.004441328363,0.004510426745,0.001527730335,0.007062672893
2011-03-31,0.001702871765,0.001804508485,0.002147885282,0.0005857764867,-0.002833800844,-0.003279327,-0.001902899934,-0.0009947253911,-0.001576907581,-0.0004893680944,-0.001029604876,-0.0001779817611,-0.002359516423,-0.001875008779,-0.0007608786707,0.0004162420905,-0.001256118244,0.0005641216389,0.0009098240938,0.0005127905847,0.0004150063469,0.0001453068332,0.001030684877,-0.0002063898745,-0.00220997979,0.000323347406,-0.0008122136154,-0.001342605497,-0.0002544592753,-0.001851454318,-0.0007461987976,0.0001798387491,-0.0007303886542,-0.0005171973044,-0.0002570820545,-0.001561683674,-0.001669810059,0.0006485504035,0.0006933239806,-4.799677941e-05,0.001112068565,-0.001241205985,-0.0004184292234,-0.001333293157,-0.0005006313041,-0.00105530323,-0.0008491316263,0.0007019107885,-0.001244287187,0.0002240317679,0.0004675924201,0.001283865909,-0.001725943833,-0.003009665503,0.0003433493322,-2.063877199e-06,0.0007576438093,0.0001618292959,0.0009769073958,-0.0005896439478,0.002107063419,0.000831823128,0.001271479148,-0.0004222783965,0.0009842046098,0.00349428249,0.002839772692,-0.0009980165044,-0.001699042208,0.0002738704394,-0.0005045976526,0.0005907572026,0.0001195416862,0.0001914893534,0.002223013923,-0.0005319418729,-0.001431155982,-0.0005912269935,-0.001306698073,-0.001329586381,-0.0002604076317,-0.001389756951,-0.0009096481105,-0.001417469265,0.0008231547432,0.001272834986,-0.0001949289631,0.001569107756,-8.653037342e-05,-0.001247819728,-0.0007818998399,0.0004372851845,0.001531921535,0.001214478991,-0.0003947833103,-0.000685727798,-0.003044077218,-0.001475422,-0.002688555789,-0.001447404204,0.002187126121,0.00117704014,0.002146335341,0.001345173389,-0.001630526114,0.0003293891726,0.001544148075,-0.0007087154476
2011-04-30,0.0003777682086,0.0004080253244,0.0005910944478,0.003295804882,0.001963367089,0.003370988785,0.002500888576,0.002449466837,0.0008326821268,0.001937379597,0.00401298639,-0.0005299145738,0.001794269988,0.004352282119,0.003338320323,-0.00012153465,-0.001678841725,-0.0003771708758,3.029939861e-05,0.000358809396,-0.002050132684,0.0004188294825,-0.002530322999,-0.002085789339,0.002097058288,0.001822826826,-0.0002386706638,7.104230657e-05,2.017307953e-05,0.0007018476856,0.00356619455,-0.0007419231246,0.0003275389452,0.003103042263,0.003500327259,0.005000069053,0.004339627236,-2.133029178e-05,-0.0009011201397,-0.00130904864,-0.0008563222096,0.001173298183,0.001520562855,0.002978365892,0.002614998226,0.002376997927,0.00372821575,0.002840074064,0.004325998399,0.001071897323,0.001960881768,0.001844898603,0.002834773098,-0.0004681182638,0.0003422587535,0.0002102028531,0.00334458262,0.002611220185,0.003283237098,0.004582772115,-0.0008187800409,-0.001551256633,-0.0004927317769,0.002464269605,0.0005436389228,-4.443121316e-05,-0.001164378367,-0.001868848148,-0.001425619417,-0.000727510888,-0.0006115080715,0.003728621462,0.004477550575,0.003831341334,-0.0009800298972,0.003721110034,0.002024236831,-0.0004618873158,0.004271770404,0.0003504196032,-0.00247282601,-0.0006156621214,0.001033381946,0.001354912328,0.0005729613241,-0.0006203588508,0.000165563974,0.0004428950281,0.00238517114,-0.001607943124,-0.0008119618938,0.004380476346,0.001574183114,0.001332087842,-0.004183878952,0.001657636789,0.003001148373,0.003099508125,0.002421426678,0.004530756953,-0.001414551027,0.001193442303,-0.002061080827,0.0003022571192,0.004396315829,0.003079938062,0.001853312547,0.005660949813
2011-05-31,0.002054511578,-0.001002485362,-0.0004964325963,-0.002505345104,0.0002048810392,-0.0003052248667,-0.0002523693172,0.001138728049,0.0001987843408,-0.0004223303274,-0.002042795519,0.0003180161929,-0.0008366848171,-0.001902599266,-0.001951035562,-0.001847516699,-0.0006349099799,-0.00271761175,-0.001652971298,-0.001241610026,-0.000209003498,-0.0002113730413,0.001133549079,0.0002410769864,-0.000988328843,0.001262458419,0.0001962928918,-0.0003597826336,-0.001489872334,-0.001050437801,-0.0003366822118,0.002285805298,-0.0005951482989,-0.001158034029,-0.001340377536,-0.001132374004,-0.001470477555,-0.001168936043,-0.0001564044564,0.0003054563354,-0.0008309596759,-0.0006380391382,0.001069955806,-0.0002098861668,0.001810564743,0.0007188442054,-0.002532147445,-0.002197440252,-0.006374350247,0.0004918634799,-0.002065349194,-0.0001247524141,-0.002073655109,0.0026290807,-0.0007148541378,0.0001344943577,-0.003227091205,-0.001003236076,-0.003238065955,-0.002978987465,-0.0008881546248,-0.001310197613,-0.00283152696,-0.001233468288,0.002025454352,-0.002425850717,-0.001235223215,0.0002828688535,-0.0005963934343,0.001545214963,0.0003827056672,-0.003408722117,-0.001837510457,-0.001376756722,-0.0004562207862,-0.0004820051612,0.0008480052479,0.001604470626,-0.006297939445,-0.0006064469151,0.002473786155,-0.002528851383,-0.003375303934,-0.004060435352,0.0007589612533,0.001204272153,-0.0001284487089,-0.0002400610188,-0.001176487633,0.0008107862622,0.001022488215,-0.003707438393,-0.002792909979,-0.002813234121,0.001895995734,-0.0003815531369,-0.001776302204,-0.00158131708,0.000139755583,-0.006116435508,0.003079738,-0.00202038756,0.004226678629,0.001645896777,-0.004107487872,-0.002746623197,-0.001842920457,-0.0058066078
2011-06-30,0.0001168569617,-0.001448247791,-0.001498630996,-0.002888130093,-0.0003208256531,0.000348236051,-0.0009540366716,0.0004729864181,0.0006645725796,-0.0002629519008,-0.002423047801,0.0005225645047,-0.002221991743,-0.003768971338,-0.002688971882,-0.003173807554,-0.001849788959,-0.002052421244,-0.0002020825438,-0.0006666322553,0.001568901164,0.0009446359488,0.003312280441,0.00312069739,-8.797048438e-05,-0.00134620104,0.001330881426,-0.002637216624,0.001937025278,-0.0007054424191,-0.001761326087,0.0007014266843,-0.001329484988,-0.003144452553,-0.002083431204,-0.00197626193,-0.003311221671,-0.001307585977,-0.001025839428,-0.000399313773,-0.001217868521,-0.001811791715,-0.0009310404026,-0.002747179057,-0.001610424899,-0.001449959901,-0.002616868033,0.0008658879515,-0.003759606547,-0.00203466701,-0.001983790274,-0.000583644087,-0.00215750273,-0.001354799487,-0.0005498603033,0.0005512280031,-0.002880530861,-0.003314897696,-0.003958211109,-0.004168749449,-0.0009112092321,0.0006844901805,-0.001062006114,-0.001822529602,0.002091939385,-0.0009068736426,-0.003244407721,0.004351181451,0.0004533442463,-0.001834280213,0.0009646340772,-0.002711247534,-0.002790554635,-0.003841087008,-0.001770108889,-0.001447771846,-0.000752535787,0.001838279724,-0.003757645743,-0.004069018845,-0.002912608645,-0.001340187905,-0.003233419177,-0.004027428712,-0.002193942064,0.001898194373,-0.001249234273,-0.0002289903101,-0.002189057854,0.00146805056,0.0006226350793,-0.003323912006,-0.001539725859,-0.001212239301,0.001954658788,-0.002668697274,-0.001889024252,-0.003721807584,-0.001335384514,-0.0031607084,0.002930293347,0.0001520614565,0.00383011415,0.002244033024,-0.004118726329,-0.004716913342,-0.002635370783,-0.003291860439
2011-07-31,-0.003902391092,-0.002704460287,-0.004111618581,-0.001768359048,0.001566182389,-0.0007356817117,0.002797725296,0.002867130951,-0.0003506153121,0.005248166326,-0.001966337776,-0.001253318303,0.00207143995,-0.002055743484,-0.001559279953,0.0006062519851,0.002213957491,6.657120855e-05,-0.0004191375063,0.0003715319947,-0.001152621485,8.821530808e-05,-0.0003164935891,0.0001652941465,-0.0002544034044,0.00162053425,0.002463857832,0.003417299519,0.0009119734452,0.001766838394,-0.002503115121,-0.001857674099,-0.00196977664,-0.001402593392,0.0008369412665,-0.002814199576,-0.00163780729,-0.0009383871945,0.0003456411585,0.0003136480681,0.0006308805089,0.001227178717,0.002182007115,0.00111533491,0.00433842444,0.0004090288451,-0.001337883779,-0.0003417119426,-0.003246880875,-0.002806486472,-0.00109210198,-0.001731437052,0.001382980432,0.000236787488,0.001270840438,-0.0007992166576,-0.00269276673,-0.001640517495,-0.002426281863,0.0002432158072,0.0003805761277,0.002200240801,-0.0006606804936,-0.002582514141,0.001255149209,0.0001750020618,0.0001859281168,-0.001489356258,2.195754149e-05,-0.0004329495974,-0.0002989730522,-0.002317138989,-0.001663056182,-0.00169520234,-0.004889146875,-0.001476413318,0.0003529558747,0.001216162389,-0.003213001482,-0.001312712769,0.002122764613,0.003469223458,-0.0008168128315,-0.002412123186,-0.003366721286,-0.003311215589,0.0004143254518,0.0008959224821,-0.002407923976,-0.002935253093,-0.002659959412,-0.002238233382,-0.003221801398,-0.003383480024,-0.003231827162,-0.0003101903599,-0.001181895214,-0.0003729971635,0.002228472553,-0.003327499279,0.0008503186944,-0.003021961583,0.0003838114127,-0.001739883447,-0.0007918042783,0.0003216671296,-0.004897040135,-0.00399317432
2011-08-31,0.002820720222,-0.005477385036,-0.006054853814,-0.012489261,-0.003868865765,-0.004442627343,-0.003419496865,-0.002903246052,-0.004355688402,-0.0004090007641,-0.01549995692,-0.0002177987139,-0.003674812794,-0.01814776388,-0.01688820121,-0.006512943806,-0.002702305121,-0.00685913905,-0.001546138224,-0.004153618973,0.00735874273,-0.0003358891283,0.008603536262,0.005060795357,-0.006815641191,0.004063236711,0.0007138555967,-0.003373478432,-0.000901690596,-0.004250383387,-0.01427506471,6.512198107e-05,-0.006472455102,-0.01463285702,-0.009337696073,-0.01887135995,-0.01649654447,-0.001410051241,-0.001140677889,-0.0004857319039,0.0008993215942,-0.004104433876,-0.0001099606844,-0.009878085185,-0.002737957451,0.009036048682,-0.01207964054,-0.004553565447,-0.02665778696,-0.005657012397,-0.007408390674,-0.002011383525,-0.009584663447,0.0006787805468,0.00427669236,0.001342220549,-0.01614291378,-0.01401171961,-0.01687878913,-0.01281037089,0.005232444554,0.006575363442,0.003704460588,-0.01057254081,0.01016359454,0.003908205917,-0.001749332861,-0.0005910256025,0.005936208629,-0.0005987187505,-0.001070384165,-0.0145105315,-0.01345350212,-0.01290455641,-0.004315906709,-0.007793609433,-0.005422409626,0.002241064135,-0.02668309166,-0.007067392923,-0.01118285653,0.01562201631,0.0008054624211,-0.00992895619,-0.009558558128,0.0006380856017,0.001606037643,0.00415059279,-0.01145896712,0.003201640784,-0.002365804605,-0.01978770697,-0.007506565588,-0.007033055144,0.006295921938,-0.01027998491,0.01068036088,-0.001610964868,0.0003014939138,-0.02675829463,0.01685809591,-0.002579613606,0.01783384271,0.008043565302,-0.01595032127,-0.01094288956,-0.01185652243,-0.02495883149
2011-09-30,0.003424613669,-0.003531390859,-0.003179928446,-0.01437146315,-0.003602074459,-0.003484514788,-0.000386383543,0.001675068746,-0.000193409811,0.002055032956,-0.009724697383,-0.003568575788,-0.003353901442,-0.01377496407,-0.01420862332,-0.006362209327,-0.0008396986318,-0.007518658482,0.0008272575057,-0.003636233951,0.0005151824145,0.0002046963575,0.006162006219,0.005179362931,-0.002824647768,0.002883090577,0.002165865241,-0.0008224792893,0.002263897699,-0.00256674592,-0.01366439599,-0.004665459455,-0.002529863471,-0.008879460374,-0.006225224356,-0.0142121451,-0.0121421922,-0.004840706656,-0.001196441556,0.00175998831,0.002013363114,-0.004240826962,0.0002927776634,-0.006165028165,-0.0008691902839,0.009708324242,-0.01193334047,-0.01037675409,-0.01967242668,-0.005428057135,-0.01121384799,-0.002405145123,-0.01185692825,-0.001179501892,-0.001607430818,0.001979267421,-0.01311994853,-0.01135723655,-0.01400941463,-0.01092694357,-0.003437358494,0.009619906497,0.003902392751,-0.001793188547,-0.00113460204,0.0003823059722,-0.003679716401,0.0002853668932,0.00166735502,0.008270217515,0.001455378872,-0.009403817565,-0.009898584695,-0.01098546424,-0.002585282485,-0.006117720449,-0.005048463977,0.005541658625,-0.01972404437,-0.01016048949,-0.01430925786,0.01200341081,0.008526722339,-0.007004182678,-0.0009778809265,0.004303869949,0.001940737894,-0.0002760252059,-0.004006057975,-0.004416578002,0.0008829383201,-0.0157167143,-0.003452453142,-0.004076412794,0.01598471685,-0.003433465167,0.01130508672,0.008950979771,-0.00282033541,-0.01895517812,0.006501088199,9.808160358e-05,0.01423710134,0.008922379912,-0.01368081958,-0.01263115554,-0.005624119355,-0.01575530429
2011-10-31,-0.01024863929,-0.000754831844,-0.0004857451531,0.01933777075,0.01179738745,0.01098304173,0.006023179435,-0.00123319614,0.008297616869,-0.005096878569,0.02105931123,-0.001051782955,0.005543697563,0.02501886624,0.02550299444,0.009032396099,0.004730360373,0.01295694103,0.002317920377,0.002955254676,-0.006880879071,-0.003419740312,-0.01118625887,-0.01035613312,0.004919291645,0.006917866893,-0.007071200988,0.001653973502,-0.007050249884,0.005968110621,0.02546349012,0.0187239307,0.005117540864,0.01853470142,0.01359677365,0.02684232029,0.0240634004,0.00359274471,0.008808479517,0.001308480481,0.0089703959,0.009133237633,0.003198225404,0.01423102229,-0.0001852831593,-0.01204783401,0.02695489282,0.01072475602,0.03333268975,0.001775188366,0.01287948869,0.01377384138,0.02109689758,-0.01281455948,-0.001541558603,0.007204576707,0.02098748367,0.02105462807,0.02279587244,0.02082359262,0.004364309631,-0.006090185913,0.003890447895,0.004639825143,-0.0002139796526,-0.0004364747089,-0.009264252708,-0.003803727305,-0.007600716764,-0.01174461295,-0.001713967755,0.01468092513,0.01525676501,0.01779294232,-0.002662432075,-0.002076037918,0.004195213962,-0.007594312174,0.03263242184,-0.01557463798,0.0154582312,-0.02730077506,-0.02541435792,-0.02539424208,0.008688041172,-0.003964888646,0.003848661247,-0.0002834715669,0.00588154879,0.005511266795,0.004467760365,0.02700649543,0.006683666165,0.00841140972,-0.02549360883,-0.01526307675,-0.02451823365,-0.02277189078,0.008266372998,0.03268671739,-0.01532005523,-0.0003129964186,-0.02202518697,-0.01197176007,0.02747732951,0.02137569061,0.01053752789,0.03032600897
2011-11-30,0.005887293433,-0.005012415503,-0.001792015899,-0.0166317457,-0.00931148799,-0.008032278429,-0.007621912495,0.00165196848,-0.0038969094,-0.0005702477685,-0.02054703262,-0.0012815124,-0.0119573696,-0.02309112137,-0.02424458348,-0.009620548589,-0.006814193359,-0.007937550839,-0.004648519604,-0.005074963489,0.01473009858,0.0004887216529,0.01145016529,0.01234015492,-0.005351167615,-0.01161405013,0.003501062218,-0.002479145706,0.004735596201,-0.007762299422,-0.01996722941,-0.004633957406,0.0008345697286,-0.0171401427,-0.02227463026,-0.0241502904,-0.02192417374,-0.006136791378,-0.0027097895,0.0005720591749,-0.006369121705,-0.01115185238,-0.006111051833,-0.0159212091,0.006301335514,-0.0006128512198,-0.01024393356,0.002207263347,-0.02664772425,-0.003205347654,-0.01005431315,-0.0004531246764,-0.01499702033,-0.002267521217,-0.003586539737,-0.001599249938,-0.02053184174,-0.01697681439,-0.02168629632,-0.01828376978,0.0019805898,0.00264244893,0.002298936473,-0.005214059485,0.009621511271,0.008492661523,-0.002227504398,0.002133203098,0.0006233372797,0.003285924647,0.00274973893,-0.01591852719,-0.01523664572,-0.01744060793,0.002173461943,0.002349305791,-0.007374445285,0.002614780895,-0.02681321207,0.01808970338,-0.01016282293,0.02314357878,0.02259419672,0.02176232532,-0.008930659959,0.001376463668,5.556155004e-05,-0.001702411452,-0.007841515026,0.002936007169,-0.002155390344,-0.02429596125,-0.003858399565,-0.003492747522,-0.02140940076,0.01447356575,0.0226049941,0.02020832153,-0.007476745744,-0.02701141003,0.0154618084,-2.465660643e-05,0.02131774499,0.01626644174,-0.02224974166,-0.01944167994,-0.009518537601,-0.02201502855
2011-12-31,-0.008064613497,-0.001677089226,-0.003413129526,0.009369219652,0.00923121507,0.007858282229,0.003580501515,-0.001990633043,0.008183002095,-0.004548702664,0.006784968666,-0.0009393230802,0.006428685753,0.01270611029,0.0118172841,0.007746823567,0.002297643654,0.00802260499,0.009872665121,0.004181819657,-0.007859409698,0.003502560156,-0.001215143321,-0.003025665964,0.008443799595,0.002151130059,0.002116787381,0.007390590754,0.002347234519,0.007423312596,0.008908525671,0.01011411783,0.005882808694,0.01264145769,0.008853915419,0.01216484964,0.01288479212,-0.00233320838,0.001993686461,-0.001152117617,0.002806288644,0.007232618676,0.005783049563,0.008719626722,-0.003056418203,0.001687886928,0.01291190573,-0.002104678745,0.01136026121,0.0002449326932,0.00703458747,0.006265594182,0.005478222226,-0.00702485073,0.000753316636,-0.002999988729,0.006191676632,0.006207944365,0.005980697982,0.008148828783,0.01167604574,0.006634307073,0.01079357338,5.848668326e-05,0.001591110222,0.001811565896,0.003459168461,0.0002602693447,0.006355464847,0.00820268999,-0.002784952527,0.00300823298,0.003023090832,0.004739308545,-0.006087021749,-0.005917850421,0.001371342737,-0.0001127797756,0.01122134689,0.002953067326,0.007301479296,0.007610711716,0.0006910296233,-0.000828463048,-0.002883393087,-0.007902783182,-0.002197396146,0.002933281838,0.0005699835473,-0.003481755268,-0.007961519434,0.008766642091,-0.0006868088818,-0.00155546412,-0.01481124801,-0.008759017457,0.0015544363,-0.01397232633,0.009989164767,0.01089663261,-0.00346930621,0.004042928958,-0.004531102192,-0.0001760647494,0.009816602443,0.008187253749,-0.001573993069,0.008588131324
2012-01-31,-0.00171153767,0.001434882363,0.001579354238,0.004231147735,-0.00189131576,-0.0004978432901,-0.0003473233473,0.0004486159323,0.004238296066,-0.001815773489,0.006312050998,0.004723471748,0.002726386543,0.004056576206,0.005223637271,-8.555197018e-05,-0.001875796624,-0.0008605624016,0.001995476798,-0.005651707867,0.002882408056,0.003602813445,0.002984220044,0.004153050341,0.006682502638,0.001199367846,-0.004626781865,-0.002855436934,-0.005041892173,-0.0008105150964,0.005628901188,0.009728131687,0.002390043209,0.0001481575166,0.002800070477,0.005786222248,0.0032002188,0.006185130246,0.001742808109,0.0009550762807,0.00129475668,0.001690542034,-7.409812476e-05,-0.0005032867877,0.001370790263,0.001142129868,0.007956454768,0.005101356644,0.005017338516,0.001283528527,0.004143418266,0.004675862934,0.004287779224,-0.004314022361,0.0007158231753,0.0008890015391,0.005068439039,0.004379397986,0.004998119851,0.005623769837,0.001512625862,0.0004684995099,-0.002035629683,0.002382248469,-0.0004389529123,-0.003747943323,0.00410823536,-0.001949031218,-0.003965224822,-0.004466581033,0.0009870106528,0.003602135574,0.004228287076,0.005255630033,0.001349276409,-0.007082974796,0.000514966887,-0.001382328703,0.005101468685,-0.007392165574,0.00439171241,-0.00113682263,-0.009082842202,-0.007993131145,0.001608755088,-0.001436021162,4.884676854e-05,0.0008975409758,0.00243731477,-0.001723600576,-0.001669321613,0.005655690539,0.001304347205,0.002027547962,-0.001528074319,-0.006491407343,-0.004089379932,-0.005020458271,-0.0001300599582,0.006686820931,-0.003409011941,0.001603420383,-0.004189142738,-0.001889918811,0.007708635641,0.006933104406,0.00303168039,0.00696326054
2012-02-29,-0.00124905841,0.006146403293,0.006411729796,0.01067314538,0.0005242126673,0.0009267283233,-0.001756796594,0.0008345979095,0.005618877345,-0.001611103022,0.01317836698,0.004056991447,0.003339119845,0.0115569068,0.01388161421,0.004196132518,0.003769288517,0.002912421628,0.0004193006926,0.002972535898,-0.003222797917,0.002262065197,0.002339455621,0.0005858494792,0.005084880113,0.004475878095,0.001503080266,-0.002023866508,-0.0006474723946,0.003830404806,0.009052440269,0.0089521496,0.007956422323,0.008767782501,0.009068447425,0.01306331425,0.01157384544,0.002606816127,0.0009360387345,0.0002022791487,-0.002014337954,0.003952756464,-0.001332298106,0.005835527117,0.001373529253,-0.00321314676,0.008491053749,0.001937398195,0.01577900141,0.007614772502,0.005532390283,0.01267432679,0.007013797352,-0.01703409968,-0.0008738282061,-0.0003409439721,0.01246233438,0.01048174062,0.01298332871,0.01665364499,-0.0001700347406,-0.006378582395,-0.002602959167,0.006324244059,0.0007736380564,0.001798620764,-0.00279417853,0.003690387566,0.007697586417,0.001549297022,0.0002569166293,0.01347945206,0.01330503137,0.01440957249,0.00247407598,0.00099915002,0.002504589622,0.001822929366,0.01545658357,-0.0131027184,-0.0005006462058,-0.01013581733,-0.01424649291,-0.01503189166,0.007003094318,0.003232156943,0.0005931672621,-0.001256157981,0.009170315607,-0.009549212916,-0.003846749692,0.01572675732,0.005186497213,0.007523683362,0.001961537762,-0.007412734446,-0.008264040304,-0.008526857289,-0.00040530495,0.01598656652,-0.01017299752,0.003271161903,-0.009590075696,-0.002605594404,0.01555641875,0.01769164924,0.008733650117,0.01752466879
2012-03-31,0.003076229394,0.004358394545,0.004770393518,0.0005839593528,0.00020636479,0.0001155015433,-0.001225387182,-0.002547298044,-0.0005618120064,-0.001763879341,-0.001155873145,0.0003195496625,-0.0004846555057,-0.0009370119802,-0.000621230041,0.0001570298419,-0.000280854743,0.0009287485964,2.285834088e-05,0.001376123239,0.0006118208557,-0.002548636571,-0.001057935085,-0.0006282622787,-0.0007411523932,-0.0008737481072,-0.001138030883,-0.001642100912,-0.001454991361,-7.768063261e-05,-0.001041833586,0.003182154069,0.0001806593692,-0.001952775533,-0.0008013575437,-0.0003855378789,-0.001214471243,0.001543539536,0.001044444635,0.001098772996,-0.001215159479,-0.0001543376492,-0.002565222639,-0.002025935029,6.412354345e-05,-0.0002973989422,0.003381760872,0.001809456288,-0.0001550524197,0.0006924425619,0.001180602288,0.001842408954,-0.002438692974,-0.002100600426,-0.001312199031,0.0004060003685,0.001225046036,-0.0008439729986,0.0009085831349,0.0004144351652,-0.001877737727,0.0003963060515,-0.001981700653,0.001758887895,0.002990392721,0.002282681337,-0.0002662280267,0.002249880892,-0.0004811467777,0.003963260911,0.001677126146,0.001487644583,0.001319741687,0.001006542418,0.004384192044,-0.0008396155496,0.001677877092,0.001210201464,-9.408900933e-05,-0.002321025333,-0.00196197196,-0.002466139139,-0.003296346939,-0.002640551643,0.004397866373,0.004983318993,-0.000517359008,0.000526667972,0.001920685341,-6.898081981e-05,-0.0004127223647,0.0008027939064,0.001490398659,0.001833469531,-0.001492907136,-0.0004213770134,0.0003970226929,-0.002158735824,-0.003493534892,-6.288506857e-05,0.001198935346,0.001049865274,0.002401197175,0.001816601687,0.0001829044393,0.0003731360642,0.003508087756,0.0003243414934
2012-04-30,0.0003131108966,-0.001971965298,-0.002240330798,-0.004021877396,-0.001707640291,-0.00211544631,0.000619791536,0.001516480114,-0.003575023791,0.002469442496,-0.005950496495,-0.002300975084,-0.003031601515,-0.006634059944,-0.007182387492,-0.003693375578,-0.003477203385,-0.001963235939,-0.003170734841,-0.001687283614,0.001259972665,-0.002127333376,-0.001208463049,2.555313878e-05,-0.002947015274,0.0001883995338,0.003013081628,0.002548499608,0.003057213607,-0.001265937078,-0.00551607339,-3.768755042e-05,-0.003518856862,-0.005203940444,-0.005871764026,-0.007301739606,-0.006663675577,-0.001779037117,-1.561449871e-05,-0.0002821398285,-0.0009758648366,-0.002667603659,0.0007740097401,-0.002134148011,0.003689623259,0.002031982571,-0.001623514586,-0.0008365741606,-0.009579075433,-0.001013439988,-0.001743869079,-0.002419348149,-0.004117458459,0.002901717029,0.001251337086,0.0003666210298,-0.006215473265,-0.004675691707,-0.006627177937,-0.008254071318,-0.001563699045,-0.001017559156,-0.001346106316,-0.00335041573,0.002206671036,0.002216976422,0.003199107323,0.002394956746,-0.002723259189,-0.001238683413,0.0009059784819,-0.007228212135,-0.006828778091,-0.007599386381,-0.001345770608,0.005459952097,0.005112262462,0.002805162803,-0.009571140916,0.0004759122373,0.003916354716,-0.00475952998,-0.004432892663,0.001256563522,-0.003516832356,-0.002695477471,0.0003225687553,0.0006297065834,-0.003573149347,0.0008881986851,0.001640109188,-0.007338751378,-0.003965978367,-0.003952257993,-0.001193976064,0.004032535794,-0.006347195755,-0.00422246159,0.001804136948,-0.009982363661,0.004968281253,-0.001641996204,0.007958779095,0.005002997771,-0.008420017523,-0.008062854909,-0.004192404365,-0.008518528661
2012-05-31,0.00612994838,-0.00195057396,-0.002212377103,-0.008800026727,-0.00208462433,-0.0006267697193,-0.0005604105387,0.002153532953,-0.008247340686,0.005148314167,-0.0153204554,-0.00169087598,-0.005410333551,-0.01470740573,-0.01639289243,-0.007130130716,-0.00873471297,-0.00615805463,-0.00540726395,-0.005836591071,0.004793575326,-0.004074424096,-0.001837385603,-0.00130370482,-0.003916856762,-0.002915756284,9.53802708e-05,0.0004200915205,-6.3899563e-05,-0.001138499886,-0.0125597447,-0.003818994646,-0.007005834753,-0.01288881273,-0.01208687301,-0.01630367148,-0.01532987545,-0.002031137341,-0.0008228863118,-0.0004053439534,-0.001060021974,-0.003097934113,0.0003051907378,-0.006398446194,0.002683954091,-0.004550114451,-0.005521936218,-0.0004723489233,-0.02249977561,-0.002976296612,-0.005523537308,-0.007381014203,-0.009621076747,0.01361887521,0.0001738167141,0.0004898220834,-0.009658922797,-0.008383607242,-0.01006723697,-0.01699282608,-0.004334583404,-0.001546570474,0.003117651901,-0.005111567979,-0.003683548817,0.001208531634,-0.001191477262,0.00183833178,0.0002542661371,0.0004306954694,-0.0002474179103,-0.01173439745,-0.01263986199,-0.01344955907,0.0003287502102,0.007704125975,0.005243845818,0.004626896794,-0.02244029473,0.007240602668,0.01339182325,-0.008713486443,-0.002116926205,0.004621823216,-0.004297167438,-0.001335061924,-0.000798897696,-0.0004070069953,-0.005291680084,0.002268179478,-0.0006146207612,-0.01087619069,-0.004421566843,-0.005106471678,0.01288355027,0.01154869966,-0.01386585293,-0.009310133142,-0.002091240784,-0.0225479052,0.008554980828,-0.007125007238,0.01536539224,0.008117269054,-0.01675141824,-0.01636848741,-0.006185831116,-0.01614258549
2012-06-30,-0.003444030772,0.0003941985958,0.000420974429,0.006947585458,0.003162385595,0.001798705904,0.00108300379,-0.0005290071744,0.006503867393,-0.00520822667,0.01142798748,0.001789732958,0.002450831141,0.01081294378,0.01283153795,0.003587281115,0.005744400292,0.002932621309,0.003834804608,0.002563410484,-0.002658818395,0.001430604101,0.002198413373,0.001003403342,0.002022391572,0.000123072433,0.001328712988,0.001647702886,0.0007569933882,0.001181633528,0.009051938667,0.008361247374,0.0017806484,0.01026170124,0.01013035072,0.0124844624,0.01166887343,0.0009959133613,0.001105898187,0.0008972651431,-0.0003837774897,0.002903852038,-0.0005836881738,0.005833324873,0.0005469997365,-0.004213610684,0.008996338179,0.002199537747,0.01283575244,0.005127153982,0.005179758346,0.007887238953,0.008073931101,-0.009322327,-0.001246259644,0.0005208215456,0.008330523935,0.009275406801,0.008960217522,0.01261997517,0.004487400766,-0.002268876168,-0.001493204157,0.002388165597,0.001625884286,-0.002564565354,0.006060840841,0.003536539244,0.00428122366,0.002607571305,0.0008942263553,0.009975671018,0.01043542397,0.0101430827,-0.0004539316137,-0.001882007666,-0.005874451825,-0.003812975496,0.01278913229,-0.005405896488,-0.003820262606,-0.007734793697,0.005312395108,-0.0006280138756,0.003046827836,0.0007091560187,-9.032757007e-05,-0.0007929259452,0.00320421236,0.000551467983,-0.000172320016,0.009213873681,0.00370701171,0.003824953914,-0.01180307519,-0.009690120892,-0.01207716785,0.007441007962,0.002492025776,0.01304316471,-0.004306851298,0.006343060687,-0.00896899729,-0.004314369851,0.0122357528,0.01189816348,0.005120026604,0.01066664735
2012-07-31,-0.002279417922,0.0005915657491,-0.0003484591034,0.007586464612,0.002710168899,0.002908081244,0.003515125533,0.0006649684071,0.007188495051,-0.003193816677,0.0116758003,0.003514817769,0.006052070603,0.01270637239,0.0123932916,0.006009304619,0.007986115039,0.003689091692,0.007776813254,0.001484295471,-0.004240851004,0.003516998457,0.003135695234,0.002456527483,0.004334004012,0.006304139664,0.004107629174,0.005392600697,0.003170998426,0.002341324359,0.005606236438,0.006622537484,0.00411877803,0.01216842224,0.009728871213,0.01289634517,0.01238604631,-0.004267065847,0.0002311975678,-0.0001440258159,0.001539155679,0.004382122038,0.004608722868,0.01034553891,-0.0004255337616,-0.001784995078,0.006101080211,-0.005596562721,0.01310201738,0.006562653828,0.005331561178,0.00831151383,0.01018569505,-0.006625410553,-0.001886907674,0.001819446787,0.00905664477,0.01089602675,0.009731969406,0.01199971574,0.004886426011,-0.003933349427,-0.00545851786,0.003666925306,-0.007979848193,-0.005394151574,0.006809593758,0.004591892475,0.0002073249144,0.003907723375,0.0008531483348,0.00852196011,0.008817713946,0.01153203608,-0.00287328104,0.002762308874,-0.003184971121,-7.218920497e-05,0.01300810192,-0.006122143345,-0.005690220415,-0.01163536928,-0.005494300276,-0.0002866925927,0.002348389099,0.0005688790144,0.0004175712909,-0.0004338859465,0.003598078126,-0.0004218645163,0.003268057933,0.01056809692,0.004229533352,0.004059949478,0.01125306354,-0.01056558428,-0.01275353149,0.0004632090902,0.005946239505,0.01274434586,-0.001700307604,0.007271943317,-0.009231321532,-0.002842013231,0.01197191173,0.01114673359,0.004186215596,0.01071326084
2012-08-31,0.0006342339541,5.16431768e-06,-0.0003936071939,-0.0007861213659,-0.003102171247,-0.003335717023,-0.003312496568,-0.001602264052,-0.00185394572,-0.001884440497,-0.0006192812381,0.002392241843,-0.004796825189,-0.003339120183,-0.003149802918,-0.004431358591,-0.003226479949,-0.002795006071,-0.003505372281,-0.001735812989,0.002243027515,-0.002458495601,-0.001337116971,-0.001756952455,0.0005008942811,-0.002157941188,-0.001655035321,-0.003051559128,-0.002512810595,-0.002330451658,-0.0004671228676,0.003753368496,-0.0003672404748,-0.003716301269,-0.00247810043,-0.002816239942,-0.003386238591,0.00241744286,-0.0008864417752,-0.0004567788462,-0.001808279188,-0.001854343013,-0.003048943196,-0.00442385135,0.00271539195,-0.0004690102697,0.00378899363,0.004738069802,-0.002697772538,-0.0009535464027,0.0002892003548,-0.001064730376,-0.002519107633,0.0002899466562,0.001073568372,-0.000903473142,-0.002465045864,-0.002991844325,-0.002497070649,-0.001136855653,-0.000481783176,-0.002211341582,0.002032864383,-0.00261503422,0.0024986343,0.002525596063,-0.0005363953084,-0.0002798517235,0.001780102257,-0.002718022543,0.0002195239154,-0.001094207872,-0.001577830664,-0.001382673721,0.0002821618688,0.0001902060302,-0.0005798808475,0.0009128352364,-0.002857816229,-0.0004379132945,-0.001630953418,-0.0004554335444,0.001218038212,0.001262869412,-0.003347613929,-0.001432302523,-0.0006075651684,0.0001346263931,-0.00265894763,0.0001621512045,-0.002430772616,-0.002778136183,-0.0002555011347,0.0003741686222,-0.005198459056,-0.0003722636441,0.0008459463824,-0.001906560811,-0.002004657321,-0.0026401639,7.908947584e-05,-0.002251129749,0.002073175994,0.0007732958549,-0.001107917425,-0.0007937810648,-0.002150364458,-0.001920637506
2012-09-30,-0.001219763911,0.002481281122,0.002771933058,0.007563777369,0.001103954969,0.001291167197,0.002615623413,-0.0008475987896,0.004983120609,-0.004829997886,0.01034349492,0.003668064079,0.003237674579,0.01194874068,0.01286415729,0.001261139821,0.002564532828,0.001262955433,0.005244305394,0.001648827328,-0.001416197794,0.00295990142,0.001840937544,0.0009370907013,0.003323783368,0.001649015192,-0.0007056367605,0.0008431845341,-0.0008085251279,0.001411954768,0.009253950019,0.004814390372,0.003425521236,0.01084050856,0.009083042395,0.01253764969,0.01161681482,-0.000504593037,-0.001440167064,-0.001459856877,-0.0004072094783,0.003957617876,0.001894471166,0.007384875358,0.001183087393,0.000983507856,0.005816883587,-0.002503723009,0.01279740442,0.007589212601,0.005768617602,0.009947359004,0.007987048491,-0.008079030463,-0.002183408061,0.0003669342862,0.009031672022,0.009663468376,0.009801813752,0.01222817709,-0.0003992694168,0.001865617885,-0.0007641131465,0.004615887814,0.000804743418,-0.0002546340568,0.006886239464,0.003597969468,-0.006821443308,-0.0004313780482,0.001028367463,0.01151502621,0.01116332165,0.0119635333,0.001811601902,-0.007118896278,-0.002713201219,-0.001206294377,0.01280484042,-0.0002381922223,-0.001488767908,0.006716907512,-0.001749609553,0.003849928557,0.006995355776,0.0006346426179,0.0004460224856,-0.001915198962,0.004839081671,-0.005226001487,-0.00330156773,0.01012722316,0.006616806087,0.006480373998,-0.004265883091,0.003018216486,0.01142404201,-0.00466896841,0.0006826619338,0.01329843219,-0.000640169087,0.0090361333,-0.007145269691,-0.0008607088709,0.01201282129,0.01246254179,0.007359183597,0.0127041612
2012-10-31,-0.0008865226775,0.0007211307789,0.001092238072,0.0056180409,0.002322502483,0.002599928606,0.001518233503,-0.0002541896966,0.005692446403,-0.0007873870184,0.008749756768,-0.0009105636947,0.003824971491,0.007904593828,0.009416893517,0.003381717704,0.00350135252,0.004103517675,0.002761132267,0.002337846503,-0.001050506371,0.002001081847,0.002700276929,0.002916764679,0.002832747049,0.002169772427,0.002575531843,0.002617816187,0.002807500649,0.002070631967,0.006666461624,-2.002282665e-05,0.005890285203,0.007805988585,0.005895093553,0.008917494374,0.008838199602,-0.001143511878,-0.0001156392711,-0.0001983098002,-0.0001580995051,0.002097775703,0.001076474416,0.004727635767,-0.0004268667339,-0.001603598694,-0.0004974769311,-0.005342794757,0.01135605637,0.007120868361,0.004481565028,0.007703214121,0.002881284836,-0.006767920631,-0.001259129796,-3.418182602e-05,0.00764349757,0.005414009468,0.00804535985,0.01119286653,-6.128740364e-05,0.0005811805097,0.0001979289058,0.003281863568,-0.0008909471941,-0.002571651,0.001834945682,0.001275583443,0.001892551705,-0.002360266877,0.001197037978,0.008415535562,0.008787590751,0.01036781611,0.001308076433,-0.003620933755,-0.002814601681,-0.001525506749,0.01126473502,0.004207701998,0.00521645132,0.005079168572,-0.001384816147,0.003390285538,0.003996029649,0.0002930019173,0.0001337623243,-0.00111977623,0.00348460915,-0.003454580112,-0.001987492799,0.008412350595,0.005507596,0.005225279002,0.004747444092,0.006796862023,0.009356028341,-0.003776880011,0.00360658727,0.01087479881,-0.001131805738,0.007739751734,-0.004805076715,0.000297086039,0.01073440088,0.009385653558,0.004884329043,0.009993583988
2012-11-30,0.003231640715,-0.00117153354,-0.001353528216,-0.004400300387,-0.001671530967,-0.002417534512,-0.003828089094,-0.006745073277,-0.007024875621,0.002995112707,-0.005472767403,-0.004770591864,-0.002175288248,-0.006068576792,-0.006790908901,-0.005886133722,-0.006564934103,-0.001962486547,-0.004388040283,-0.002735873415,0.001442245026,-0.004425345693,-0.003295552704,-0.003641391161,-0.003365938012,-0.000249712452,-0.005148858814,-0.003180372456,-0.005352384817,-0.001686513213,-0.006090391336,0.004298268536,-0.003004117278,-0.007712845932,-0.005291987598,-0.006831021878,-0.006545335734,0.005212942003,-0.0003555754722,0.0008708771922,-0.002464266522,-0.00072635973,-0.003620992589,-0.005808938876,0.0003324386116,0.0008484912344,0.00373968018,0.003064247324,-0.007038576724,-0.005985432654,-0.002649353936,-0.005170276128,-0.004706667349,0.003206163833,-0.0006713436078,-0.003179831553,-0.004665547514,-0.00552110405,-0.005243239335,-0.007467135762,0.005984119441,0.003239175763,0.000728168091,-0.002268584989,0.000907705519,0.0007605427752,0.0006052067393,-0.003617071736,-0.001955541741,-0.002263894138,0.0003465966935,-0.005351292768,-0.005425476918,-0.006520623876,-0.0006077375212,-0.001178447897,0.004024902105,7.666494033e-05,-0.006946690859,0.0009872541441,0.002449159985,-0.000527510582,-0.003694244044,-0.0009007333642,-0.004218394647,-0.0001899589516,-0.0002922097379,-0.001118231444,-0.002486429039,-0.002246371385,-0.004312300715,-0.004810666846,-0.00365422293,-0.003418507353,-0.004880712071,-0.004826126837,-0.005503966161,-0.005953546526,-0.002049797819,-0.007116319739,0.000754502525,-0.005442340102,0.004979766717,0.001149768933,-0.007853814909,-0.006812308098,-0.004722238959,-0.008060272227
2012-12-31,-0.005826972005,0.00268224151,0.002379213852,0.006612080906,-0.0001910225767,-0.0006133881207,0.005015487741,-0.002889034367,0.00364005113,-0.000961324502,0.01037656141,0.001901296,0.003550342908,0.01024489621,0.009158753388,-0.000238581144,0.0004439434772,-0.002438001647,0.004186303572,-0.00220345927,-0.0001739945662,0.003752039943,0.002849016613,0.001964273338,0.002001004326,0.002819657592,-0.002827112929,-1.356842167e-05,-0.004274291972,-0.0007303817334,0.01017886675,0.003166301592,0.001496979574,0.0101282735,0.009870537693,0.01091993595,0.01007092411,-0.001080868015,-0.001068058972,-0.002103313752,0.004050654603,0.001655566306,0.004518010697,0.007200240893,0.004269588359,0.000327608394,0.002687290351,0.001644164735,0.008677906724,0.006659292929,0.006703970991,0.007082246774,0.005314512451,-0.004377533606,-0.001315788982,0.0008324402292,0.006983024916,0.007514088067,0.008176383538,0.01061993451,-0.002516724165,0.001232385819,0.003012699827,0.00490951402,0.002319194678,0.003283497933,0.002637938851,0.003815743504,0.001734709301,0.004793770183,-0.001378932262,0.008997911452,0.008591933601,0.01000162712,0.0004952039117,-0.004892788143,-0.006151624513,-0.003628022992,0.008643769819,0.004574307928,0.00236688623,0.004891394504,0.00652709471,-0.0003589327226,0.003847609792,0.0001112518452,-0.001537639074,-0.0007212476776,0.004636493443,-0.001348839403,-0.0006556467474,0.009122641074,0.002500206869,0.002733133794,-0.006830629304,0.004724163472,0.006651095815,0.006548943469,0.0004577150934,0.01061699991,-0.0004247681596,0.007465637499,-0.008312924416,-0.003585866499,0.01097752262,0.01106007072,0.004947192867,0.01037668273
2013-01-31,0.006084842258,0.003397528427,0.003356275377,-0.0002905918291,-0.003116598908,-0.004410868995,-0.00539700706,-0.006689510173,-0.001809429085,0.001294424814,0.002063507858,0.002636120196,-0.004760513833,-0.001212320792,0.0006433318835,-0.006840029506,-0.008005684924,-0.003752917363,-0.005224345033,-0.002838742348,0.001290245649,-0.003846712297,-0.002286554771,-0.001580247298,-0.001756397241,-0.003612398048,-0.007044643928,-0.00787991786,-0.0064770265,-0.002868374086,0.0002498150581,0.004902138437,0.0003703943912,-0.002247748422,-0.002756459693,0.001346246105,-0.0002135132726,0.004787320638,-0.001474459983,-0.001062777761,-0.001931014488,-0.002920967667,-0.003511149954,-0.004774382363,-0.0003495840012,-0.004397432679,0.002759920346,0.001821110656,-0.001293429009,0.002438662781,0.0003621045982,0.00348480233,-0.003963499071,-0.00363830419,-0.0009835973898,0.001304085663,0.002457830708,-0.0004494496789,0.001649583241,0.001498873593,0.003042076421,0.001859239246,-0.0007908448669,0.001632398401,0.004050995591,0.005205254126,-0.00174940569,0.005415025674,0.006966981383,0.005619379668,5.481818765e-05,0.003240389923,0.002537556944,0.002528674101,0.005975047453,-0.005214780491,-0.00257911014,0.001551049025,-0.00127270142,0.0005888575911,0.004992201462,0.001162475346,-0.00336314741,-0.003639683839,0.0009562064796,0.003198267534,-0.00180875321,-0.0002409930449,0.001517728234,-0.001487370544,0.0006106932807,0.001323056186,0.003866675275,0.004276444754,-0.002926012412,-0.001713255355,-0.003816063351,-0.000430802166,-0.00544774534,-0.001071038168,0.001674402409,0.001165304678,0.001262176242,0.001114761026,0.001701597987,0.00159623124,0.003845754393,0.0007716794216
2013-02-28,0.001135443759,-8.876051489e-05,0.0002216480499,-0.001345853612,-0.0008994758735,-0.000336129801,-8.539387173e-06,-0.002432640175,-0.001720591532,0.001016809313,-0.002861256206,0.0008944445293,-0.0007360688023,-0.002007652439,-0.002982708993,-0.000415423275,-0.001382714025,4.98283089e-05,-0.0006801837326,0.0004958984265,0.001184322172,-0.0002735732808,-0.001260447664,-0.0008230466822,-0.0004486039968,0.0003176064796,-0.001946468032,-0.00105606705,-0.001446386495,0.001274274476,-0.002704276908,0.0009753816424,0.0001044069747,-0.002144036238,-0.002911079212,-0.003003774481,-0.00286308275,-0.001183084578,-0.0002678300351,-2.145656899e-05,0.001113203641,-0.001190694989,0.000850869022,0.0001507543069,-0.0008337498991,-0.0004005803594,0.000699942474,0.0001269848696,-0.004682970143,-0.0008855657653,-0.001196515192,-0.0006434708118,-0.002359259627,0.0006108891625,-0.0003219155749,-0.0002715426072,-0.001968542203,-0.002071386886,-0.001956703051,-0.002997447405,0.0007736694927,0.0004366062479,-0.0001732635574,-0.0009322974078,0.0001652393375,-0.001923508513,-0.0007711390458,-0.002004230205,0.000559500291,-0.003060686651,0.0004733293217,-0.002734073239,-0.002111019836,-0.001804419209,0.0001728316723,0.001730206731,0.001533130467,0.00214027222,-0.004732438982,-0.0006573123325,0.002407520594,-0.0007276446349,-0.001265347361,-0.001537151958,-0.0005078441931,-0.0007182456819,-0.000109258874,-0.0009737568349,-0.001112258309,-0.0001014338041,-0.0001434121976,-0.001955546214,-0.001479110138,-0.001870184173,-0.001615127593,-0.002079012388,0.001338694311,-0.002548162148,-2.999009746e-06,-0.004281119281,0.00181047343,-0.0009507046357,0.002785691929,0.001632202551,-0.002811064209,-0.002656192232,-0.0005474561593,-0.002612253881
2013-03-31,-0.0003088936537,-0.0006939767473,-0.0007124994554,-0.0005547355129,-0.001098065227,-0.0005202978162,-0.0001805871687,-0.002983053566,-0.001615494523,0.0006009932418,-0.001175164786,-0.0005964438194,-0.0001169334633,-0.002138537877,-0.002211057474,-0.001421334424,-0.001901300504,-0.0008848144466,-0.001379038616,-0.0005912340106,-0.0003889990508,-0.0003276794492,-0.0008911561964,-0.001036979946,-0.001082671271,-1.451481396e-05,-0.001825839978,-0.001552421933,-0.001966963478,-0.00196031385,-0.002040079026,0.002050065088,-0.001057900117,-0.002087769406,-0.001038150586,-0.00184826566,-0.001671659514,0.001682057674,-0.0002453197052,-0.0005722822392,-0.00168762332,0.0006410895993,-0.0008751274766,-0.001288459084,0.00111616411,-0.001789463908,0.002007292393,0.002078335502,-0.002254698455,0.000472072221,0.0005418561212,-0.0001048290395,-0.0009551947839,-0.001196449371,0.001540386647,-0.0008733412831,-0.001834220789,-0.001473671525,-0.001969396258,-0.002105467399,0.0001270160237,6.423222055e-05,0.0004109056943,-0.001381224272,-0.001961230095,-0.0007327500072,-0.001343601148,-0.00043387479,0.0004461887209,0.002371198462,-0.0002671694883,-0.001779696051,-0.002125559935,-0.002254617287,0.0004199429644,-0.001198500682,-0.001431970899,-0.000917075305,-0.002222360214,-0.001054113904,-0.001436677379,-0.0005020073434,-0.0009954767048,-0.002613866718,-0.001791883199,-0.000108901365,-0.0002395705681,0.001129886818,-0.00167980703,-0.0002647255372,-0.001474236411,-0.002161678315,-0.0009470851538,-0.0006470444533,0.0005342579589,-0.003104727974,-0.002385639289,-0.002813586932,-0.001688076926,-0.001931508771,0.002597272451,0.0005140641456,0.003930040155,0.003016800223,-0.001309104247,-0.00194565512,-0.0005076205947,-0.00131877405
2013-04-30,-0.002018568536,0.0007353014087,-8.390467507e-05,0.004547227427,-6.498997754e-05,4.377754138e-05,0.00257720412,0.0005710359978,0.007442389341,0.0007041162249,0.005521315862,-0.002219902216,0.001622960153,0.007810515906,0.008497796764,0.003979386756,0.001985802034,0.0023336873,0.002153953907,0.002836071298,-0.0009115341286,0.0023880287,0.001698731085,0.0002353967209,0.00199618186,0.004206718669,0.003562757954,0.004034132007,0.002990058426,0.002260862252,0.007731379744,-0.001384489602,0.003033607968,0.007650082445,0.006893132157,0.008559008263,0.007520525122,-0.004134872865,0.0006165396856,0.001235408161,0.001140022075,0.001390335788,0.001955655197,0.005272424924,0.002623366278,0.001278275755,-0.0007676637809,-0.002381886596,0.008918175877,0.004289180975,0.003695102125,0.004373630204,0.005113318194,-0.002075320913,-0.0005555233892,-0.000113972658,0.004323588485,0.005134798936,0.00471809173,0.007819442245,0.001331930783,-0.001313876445,0.001171205124,0.0006200683661,-0.003432284631,-0.002941091644,0.00153275075,-0.0007092569405,0.005419247846,0.004942701019,0.0009312317397,0.007148633077,0.007391453938,0.007859395209,-0.0007270448291,0.002353715526,0.002098211756,0.0004782792245,0.008906485661,0.00309566782,0.000107200803,-0.00316729333,0.0011457758,0.00504760597,0.0006467635978,-0.001370784031,-6.695942703e-05,-0.0007309187211,0.001361568241,-0.0028539726,-0.001943536518,0.005185879062,0.003024266707,0.002727927206,-0.003850528995,0.004696837533,-0.004163250504,0.003186877019,0.003033736434,0.008729213623,-0.001421811658,0.004827914407,-0.003866884747,0.0001332546104,0.007285370746,0.007046508993,0.00250416346,0.006374444379
2013-05-31,0.004343388511,0.002060874613,0.002137594242,-0.001421153452,-0.002849795873,-0.003448412655,-0.006375433563,-0.0005991332621,-0.003741844951,0.0006171355523,-0.0005500602124,0.003957854757,-0.004513467237,-0.005091389853,-0.003359866372,0.0009651934559,-0.0008525588349,0.0003335751943,-0.003055020204,-0.001971980762,0.001540620573,-0.0009833142477,-0.00116089829,-0.001236059063,-0.001545119453,-0.00309234307,-0.0009406323244,-0.002620166679,0.001154630278,-0.003822235133,-0.002273366912,0.002754727362,-0.002448316104,-0.004745753363,-0.005844346698,-0.00353012602,-0.005014859674,0.00527827719,-0.001856172932,-0.001188588389,-0.005417131894,-0.001787576195,-0.006981172522,-0.008897001826,-8.184964933e-05,-0.001641775639,0.002991781874,0.003896531378,-0.004324905199,0.001265478563,-0.0004325932872,0.001632866905,-0.00651154965,-0.001302459576,-0.00228023648,-0.002161084621,0.0003564158577,-0.004511642862,-0.0007314557463,-0.002463818133,0.002763205974,0.001290463015,0.004771785036,0.001516147735,0.001943934329,0.00131200338,0.0004056912347,0.001700688794,0.002463875313,0.004386168556,-0.001664391866,-3.753302788e-05,-0.0002258303951,-0.001990250601,0.005353721494,-0.002422681001,-0.003764216222,-0.001161375783,-0.004371097486,-0.0004937876097,-0.003400207904,0.001919568372,0.005038197997,0.002903249363,0.002898887645,0.004431975807,-0.0002808353013,-0.001893697158,0.001616132442,-0.001459039681,-0.004853546704,-0.001983811091,0.002886287487,0.003274981851,-0.006810230763,-0.006348772079,0.001500698598,0.0008920828845,-0.005911013139,-0.003930416808,0.003525843374,0.000972403755,0.004236516291,0.003426318629,-0.002804454025,-0.001990870888,0.001747204649,-0.001536715494
2013-06-30,0.00171319026,-0.001122728682,-0.00118485118,-0.006160827132,-0.001480442098,-0.001400060793,-0.002531722459,-0.005413669874,-0.007502030491,0.003436504518,-0.004864117634,0.0003897698805,-0.001885261276,-0.008755484832,-0.008891306237,-0.001279684479,-0.002738558652,-0.000681917405,-0.005518996563,-0.001393024425,7.792707035e-05,-0.002431603741,-0.0001921509955,-0.0004171596132,-0.003945295359,-0.003501515933,0.0009332245899,-0.00117731134,0.0005798331567,-0.002496613376,-0.007954960811,0.003520528971,-0.0007754562142,-0.009276135084,-0.00826994268,-0.008925552045,-0.00883207611,0.003278744869,-0.0008060370885,-0.001232653386,-6.311549658e-05,-0.002745184742,-0.001250029154,-0.006136344562,0.0006784015388,-0.001141321765,0.001775324928,0.002959554443,-0.009243543481,-0.004127181428,-0.005012787755,-0.00341629677,-0.006815339986,-0.001635234163,0.002070861076,0.0004398254342,-0.007379014619,-0.006927192681,-0.008044274889,-0.008592275379,-0.001346724746,-0.001993293917,-0.002122838569,-0.004728575312,0.005678044521,0.001718271688,-0.0007060640738,-0.004921374615,-0.002807776282,-0.00279224092,0.0005617822366,-0.009352664286,-0.009777290374,-0.009346734994,5.146907875e-05,-0.003514917882,-0.003386587554,-0.0009645186104,-0.009321391789,-0.009126088924,-0.008925361638,-0.005740726493,-0.004692202954,-0.006800843051,-0.003344651038,0.0006915030229,0.001084945056,0.00171969683,-0.005487703696,0.0003078323442,0.003083792815,-0.008087430226,-0.004557926804,-0.004742717826,0.0001028648545,-0.009216809357,-0.009595664217,-0.007744722937,-0.002203323874,-0.009072125352,0.002853324612,-0.002995773693,0.006734740818,0.002974417619,-0.008352004242,-0.008489032949,-0.003383482158,-0.00584023818
2013-07-31,0.0002869571806,0.001543237782,0.001830275431,0.003383567888,0.001166561644,0.0005783067125,-0.003555635188,0.0003970762366,0.008256875826,-0.001174413243,0.005022783718,0.0006962065156,-0.0001495137707,0.009253215494,0.008955170985,0.004340227338,0.004184492972,0.001300778012,0.002588264289,6.539046877e-05,-0.0004096137659,0.003866271278,0.0008272032842,0.0005161733231,0.003270912616,-0.004090033706,0.003956732449,0.002714280751,0.00346581713,0.002049564247,0.008863623549,-0.003745485639,0.007856220088,0.00833183822,0.004937165023,0.009079119222,0.009075474467,-0.002581615504,0.0001694565241,0.0002437886225,0.003753188121,-0.002063608446,0.004591435229,0.007750827434,0.003702157216,-0.005010031768,-0.003509173873,-0.002810799229,0.007596042579,0.004839504054,0.002137874162,0.006346772508,0.00591544823,-0.002372102358,-6.633247556e-05,-0.0008280111275,0.00595873681,0.006102567346,0.005952889551,0.008510331276,0.001382108271,0.001966499076,0.00197128396,0.002374978641,-0.0007067504687,-0.0003897783387,0.003629817523,0.004948887549,-0.0001304073426,0.0006326508917,-0.0001715023281,0.007375428927,0.007165117586,0.007618712154,0.001465374586,0.003112488338,0.003414501014,0.002756204161,0.007614408162,0.005851692105,0.005449716924,0.002209608152,0.001498236458,0.002672261252,0.004502034774,0.001118229297,-0.0001168362005,0.0006144715717,0.003194654883,0.001351592411,-0.003260601576,0.006152873858,0.002445410495,0.001487864513,-0.007644208891,0.005760180436,0.003332875737,-0.001900558054,0.0002567762329,0.007525270039,0.000168533073,0.00613173595,-0.00295872327,0.001141278437,0.008770108282,0.00802430348,0.003646745051,0.006977475074
2013-08-31,0.0009247824672,0.001319401658,0.00136517075,0.001369646416,-0.00024661506,-0.0007127946253,-8.621347807e-07,-0.002809955849,0.0004923315008,0.0008935235002,0.0009341982833,0.0009659879737,0.0006894649483,-7.415055784e-06,0.0001254468923,0.0007129095592,0.002408946664,-0.0001943954139,-0.001281296174,-0.001976722232,-0.0008030193689,0.0004406245504,0.0002403323254,0.0001378855868,-0.0005676098656,-0.0001246958325,0.001772156215,0.0001704932578,0.001159923139,-0.001597654966,0.0002867035967,-0.000203979835,-0.0003337978353,-0.0001613559338,-0.0002818658688,0.0005941139588,0.0002715890675,0.0003318564787,0.0006256493961,0.0004734264984,-0.001482256612,0.001565915973,-0.001534201307,-0.001822751301,0.003459969333,-0.0003253593766,-0.001156876362,-0.0006456893781,-0.0005662719157,0.003452254534,0.001696710361,0.00433295374,-2.973577552e-05,-0.001075745316,0.0003385622064,-0.0004988902809,0.0006604589457,3.838290167e-05,0.0007597235073,0.0007495846973,0.001574729772,0.00146061272,0.0006441346659,0.002005564767,0.004398817438,0.0008229670873,-0.0005912306537,0.003135889168,0.005860288192,0.002837048117,-6.921968713e-05,0.0008076702856,0.0007398097814,0.0002486536189,0.001748237918,-0.0006163473125,0.0004150855245,-0.0002387699592,-0.0005541814344,-0.0002590517882,-0.0005455418028,0.001453473208,-0.0001283076558,-0.0001261200644,0.0001122113053,0.0006724017032,0.001046668656,0.0002039835083,0.001459149868,-0.001331661617,-0.0008668995253,0.0006664844759,0.0005599944715,0.000949002024,-0.002276748716,-0.002060860713,-0.001593346497,-0.001033935708,-0.001179422584,-0.0007666103271,0.003087715126,0.003089670034,0.003124141207,0.004299882755,0.0004014764237,0.0006708156127,0.001334002362,0.002643900533
2013-09-30,0.003054169343,-0.001565328706,-0.001211413072,-0.004930076207,-0.003800820452,-0.002769455179,-0.001681669965,-0.003922380484,-0.006110769729,0.003881302954,-0.003096020993,0.0009252366961,-0.001379050912,-0.00619117948,-0.007465707305,-0.001791889111,-0.002077351137,-0.00196836103,-0.001818820094,-0.003933783643,0.002079891464,-0.00212564469,0.001207984856,0.002161419628,-0.001271903229,0.0007221784813,0.00122962151,-0.002139034903,0.00174597129,-0.002497457669,-0.006660599963,-0.0004875615774,-0.001063850326,-0.006715519355,-0.005980889676,-0.007404066253,-0.006921331019,0.003501083062,-0.003857613062,-0.002860509711,0.001683273116,-0.002174713217,0.001270699019,-0.003057892831,0.0006286480469,-0.004662747496,-0.001528681343,-0.004242361363,-0.01033544706,-0.006146719591,-0.003236809777,-0.005723484217,-0.006910067656,-0.001081106445,-2.167597667e-05,-0.000352156157,-0.005734956195,-0.007537146136,-0.006446522125,-0.006718007239,0.0009727477324,-0.001469997378,-0.001818924869,-0.0002683829718,-6.43150111e-05,-0.0002485431938,0.002076983482,-0.001819112724,0.0005379848225,-0.003397550549,-0.0002694842514,-0.006310369906,-0.006489978688,-0.008213314722,-0.0004319134913,0.001024892041,0.00203904163,0.003731517531,-0.01036282609,-0.000374092308,-0.002322464815,-0.0002313237236,0.0001260066786,0.00136734213,-0.002485814068,9.093060347e-05,-0.0002602652224,7.494318545e-05,-0.000744491263,-0.0005850862205,0.001274325244,-0.006964483167,-0.002331454176,-0.002859212011,-5.036929078e-05,-0.002559239099,0.005960305366,0.004468726306,-0.000709506155,-0.01032623485,0.0001862733888,-0.006181858221,0.004996403369,0.001698386686,-0.007438605618,-0.00634376503,-0.003714765972,-0.008133704505
2013-10-31,-0.004090411235,0.0007306126997,0.0006058589326,0.007442598337,0.002250266482,0.002445170171,0.001961404941,0.005110360141,0.008877751771,-0.001741194375,0.004134419323,-0.001864852705,0.001076262525,0.009951988012,0.01013508957,0.0008866874651,0.005448291525,0.00292371307,0.004512991818,0.002379723388,-0.002392285434,0.00365584143,-0.001597829982,-0.001731799146,0.002108098782,0.0007589576739,0.002372860649,0.001159259786,0.002992717752,0.001526069964,0.00939683456,-0.006302944276,0.003898262304,0.009994909457,0.007961274713,0.01015945962,0.01050441233,-0.001373706871,0.0007137823191,0.0008655864083,0.001440632963,0.002561934816,0.001928765359,0.006812509116,0.003512455119,-0.008585823487,-0.007075834552,0.004281640324,0.01327001116,0.004274651573,0.007077273044,0.006222426911,0.009364229874,-0.005819231222,0.0005875380769,0.0004238667535,0.006556719223,0.009480378498,0.007910189937,0.008234567809,0.003814966384,-0.001995709897,0.001356118315,0.002378259541,-0.0005168809274,-0.0009342135634,0.001379417561,-0.0009620430144,0.001495358951,1.429919862e-05,0.000799897778,0.008301445208,0.008419643239,0.008984611768,0.0003022192546,0.001550576162,0.0004281765577,-0.003103446379,0.0132814392,0.00211622019,0.003352296353,0.0009580842993,-0.00111830724,-0.002340655589,-0.0001017223696,-0.002642224273,-8.811097028e-05,0.000354693486,0.002574001782,-0.004604621733,-0.001932961109,0.008813120538,0.004008034258,0.004385893777,-0.006013537614,-0.002026566304,0.007576810636,-0.004592423662,0.002833406931,0.01302775721,-0.002056849799,0.006630407627,-0.00480623206,-0.0002692549638,0.009301913829,0.008293772487,0.003878718046,0.009245011289
2013-11-30,0.001893353933,0.002259915517,0.001859899596,0.001389208809,-0.001067555591,-0.001477292379,-0.002488230916,0.0009265367556,0.0008055821591,4.587535596e-06,0.002424539316,0.001389393456,-0.002176616085,-0.0004617794884,0.0006516193582,0.000189639024,-0.0008170281485,-0.0009258894015,-0.0006413333035,-0.001678116787,0.0008634600193,9.591208521e-05,0.0003062880445,0.0002905266802,7.198624172e-05,-0.0001552592384,-0.001821180596,-0.001293595661,-0.001151188804,-0.0008822717338,0.001442401114,0.001178924094,0.0006084998713,0.0001118654541,-0.0007995275666,0.0008490917847,0.0007671470631,0.0005898184115,-0.0008118330653,-0.0004906488844,-0.001415922013,-0.000350792126,-0.001535886708,-0.0007333843036,-0.0006314520594,0.0006106377786,0.0006766967051,-0.001166889958,-0.0003051638706,0.001504697571,0.0008203779713,0.001866472233,0.0005594975544,-0.0006874104158,0.0001536356144,-0.001942691423,0.001797290152,0.0007287521026,0.00185897721,0.002642223721,0.001121710312,0.000479627298,0.002139268937,0.001785359917,-5.87194477e-05,-0.001061843893,-0.00289062389,0.0007974917859,0.0005445936475,0.004551597547,0.001037759102,0.003315342145,0.00365255095,0.003274316514,0.001011865195,0.002039242257,0.0004541955577,0.001898562782,-7.071050201e-05,0.001252779076,0.001021901673,0.0005029412278,0.001744853386,0.0006624724327,0.001699620968,0.002524580281,-0.001275772721,0.0001483203257,0.002199386954,-0.001357451839,-0.001302262973,0.001874686837,0.001332534473,0.001283661664,0.000297877735,0.0002516882491,-0.0003377521452,-0.0001100651335,-0.00208418618,-0.0003448279818,0.002043412267,0.001476354646,0.0008745255367,0.001108852343,0.002385901874,0.002129735405,0.001177246726,0.002131763548
2013-12-31,-0.005222739408,0.003010795412,0.00347110511,0.01146229287,0.005715256122,0.004653899422,0.004302538874,0.004815581123,0.01328308038,-0.002871966759,0.00799149254,0.0007589710042,0.004267775145,0.01494510508,0.0158381412,0.003868012325,0.003529125837,0.003563603516,0.006297192246,0.005251890432,-0.006169788577,0.006357743107,-0.00181462447,-0.001734359788,0.002784561354,0.01013289407,0.003982954354,0.004517109852,0.003626082198,0.005022295779,0.01313910751,-0.003688023477,0.004163831247,0.01516664701,0.01371309463,0.01575912865,0.01556236191,-0.00590415266,0.005075834506,0.004306436396,-0.0003186749598,0.004317032702,0.00265747633,0.00974569954,0.004205450799,-0.009021170474,-0.003316787211,0.002811211176,0.01956458886,0.01228545998,0.007332866635,0.01189401965,0.01435123178,-0.002694363827,-0.002861094678,-0.001439693702,0.01170232083,0.01445508992,0.01318233612,0.01434737744,0.0005817108655,-0.002658372214,0.003730384587,0.003398021817,-0.002292543866,-0.0005788628105,0.0007930673453,0.001672204704,-0.0008071828731,-0.003920451912,0.0004696445359,0.01243303204,0.01240146474,0.01519655157,0.0005124070737,0.003151356532,-0.00269158311,-0.001300111065,0.01956550781,-0.0009865834529,0.002557887247,-0.0005108994952,0.0007764354082,-0.0009041413016,0.007245601217,-0.001136573483,-0.0003373253426,-0.002164056454,0.004283634302,-0.008319174203,-0.007201179136,0.0134142053,0.005892940394,0.006490589741,-0.0002635550483,-0.001433983365,0.005223899385,-0.006062756343,0.001894698463,0.01978886141,0.0028650616,0.01227923903,-0.004765504594,0.001157562068,0.0148309458,0.01360991572,0.006742008016,0.01760532187
2014-01-31,0.003773302639,-0.0003009810098,5.621623984e-05,-0.004318620857,-0.003731546643,-0.003267427987,-0.0002841080037,0.001625330911,-0.004905535508,0.007219930571,-0.003510442516,0.0009859670819,-0.001266262128,-0.007236014994,-0.00770144941,-0.003453617221,-0.003154744665,-0.004538620062,-0.004065430116,-0.005100687225,-0.0006733261102,-0.001630633235,-0.0004369995672,-0.000884254046,-0.003004627618,0.001828114487,-0.0009802032288,-0.003245199368,0.0004968064274,-0.005134595894,-0.007685632709,-0.003372437734,-0.004087088321,-0.007603274466,-0.003889919791,-0.007518939652,-0.007217167196,0.002170800306,-0.002235694946,-0.002163825114,0.002325085023,-0.003016794502,0.001868455417,-0.003555937443,0.002838112466,0.001463667851,-0.005139323653,-0.00174821694,-0.01117663805,-0.004136474974,-0.003214975865,-0.003841531596,-0.006253401545,0.0002473173401,0.0009634359417,0.0001779659873,-0.003699228879,-0.00602287935,-0.004446379079,-0.006511413705,0.00131325382,-0.002534668048,-0.0005889423336,-0.001443093853,0.001634289069,0.0008772755076,-0.002549942533,-0.001529576425,-0.001410700998,-0.003503193511,-0.002069512952,-0.006447443341,-0.00686736917,-0.00851532038,0.001226691469,0.0004419067772,0.002097978636,0.00117603685,-0.01124288721,0.000326188117,0.002980485059,-0.007464437873,-0.003480385842,-0.002463761405,-0.001941875576,0.0004377718602,0.0005863874162,0.0005727480782,-0.001643478543,-0.002898643273,-0.002717130297,-0.004760818286,-0.002878812681,-0.002969080704,-0.008519661071,-0.0005396172349,-0.008847977838,-0.007913347426,-0.001452653811,-0.01058485025,0.0005613331735,-0.006210738396,0.006169988731,0.003310242521,-0.007035501249,-0.005703851976,-0.001224546199,-0.008327609866
2014-02-28,-0.004884940751,0.002454900065,0.002204980779,0.007647366776,0.003275569429,0.003812361402,0.0008746707034,0.002407004716,0.006108843765,-0.002269409118,0.004992049597,-0.002591299657,0.002162061627,0.00916426597,0.00956140216,0.001120939018,0.005147297183,0.0008968626322,0.003268697314,-0.0006216663215,-0.001280748382,0.001326029475,-0.0004895467615,-0.0006934091371,0.001279176106,-0.0006670227445,0.005066260958,0.005386927882,0.005556091597,0.002275862813,0.008374275586,-0.002863904161,0.005128369889,0.009009713773,0.005414829923,0.009094186501,0.009044551151,-0.001157590948,0.002478499866,0.003188437852,-0.0006300244701,0.004019000219,6.556041996e-05,0.006585371519,0.003254228862,-0.003097826865,-0.003761307298,0.005114035102,0.0134922567,0.005652786805,0.007526156909,0.007714364926,0.0050358356,-0.008144791843,0.0004698391403,-0.001297276965,0.008452058781,0.005473857541,0.008950851368,0.007453467236,-0.0001809172889,0.0024157561,-0.0003817038535,0.005259141261,0.002068510185,0.0009934080574,0.001895698274,-0.00327168516,-0.002414264477,-0.001263789087,0.0009977418949,0.009004490055,0.008982373856,0.009295680151,0.002555437952,-0.002168126104,-0.004204918847,-0.003664506842,0.01340800271,-0.0009092964001,-0.005004039423,0.006521441669,0.004460089131,-0.0005704554751,0.0007657700907,-0.001087177212,-0.001028748262,-6.837097973e-05,0.005246922459,-0.000606076652,0.0007513514502,0.009321706411,0.00660828453,0.006651819393,-0.008144850366,-0.0008369349534,0.008664452042,0.006696918518,0.00164670871,0.01300901751,-0.001778859114,0.00677972947,-0.006628412947,-0.002480284448,0.008662313274,0.007530701601,0.005348133833,0.01040039153
2014-03-31,5.322941745e-05,0.001989548671,0.002438912818,0.00271966195,0.001441220744,0.0008267343087,0.0006792471928,0.001738953662,0.004009295365,-0.001291932604,0.002614268602,0.0007404556518,0.001355637593,0.005626750748,0.005783456231,0.0008202512333,0.0005723957877,0.0001988550075,0.002198730397,0.001497121017,0.0006209597485,0.002291822221,1.982498173e-05,0.0001258455594,0.0013481999,0.001293073091,-8.12217746e-05,0.0007459167011,0.0004241336551,0.0006032615803,0.005361898831,-0.0003962667961,0.002122164423,0.0055871014,0.003358908058,0.005787495334,0.005241213739,-0.001899365926,0.00149264089,0.0008859843992,-9.12079014e-05,0.0007040898066,0.0002067152918,0.002562688799,-0.0001937343759,-4.830752339e-05,0.0001798485307,0.000175858235,0.0047629841,0.00617775077,0.001861291569,0.006826480554,0.003707603672,-0.004474936699,-0.001615143744,-0.00108153628,0.004302251604,0.003534951761,0.004602525579,0.00560573185,0.00278861413,0.001832773454,0.0004932120706,0.003016414153,-0.0002134676197,0.001769853342,0.001402094327,-0.0002761596848,-0.001064333026,-0.001049080625,-0.0002424397666,0.004676754885,0.005111040106,0.004944000831,0.002490964724,0.0008154995868,7.653992711e-05,7.779149739e-05,0.00474705013,0.001528119047,0.0003402887064,0.001980370232,0.0009242384313,0.001080440853,0.00417171055,0.004636859474,-0.00119109088,-0.002001833176,0.003382780488,-0.002330954816,-0.0005910878591,0.004708877832,0.002609828913,0.003417506451,0.0009940556388,0.0004155265396,0.002702536169,0.001604456711,-0.001193330001,0.004972662509,0.001590966238,0.006336800247,0.000698055585,0.003081978643,0.005486751521,0.005235044252,0.003944373408,0.006288024268
2014-04-30,0.0008198503803,0.001529645466,0.001490964312,0.002563853975,0.002074572116,0.001579973668,-7.78779753e-05,-0.0001352184533,0.000915209136,-0.001168604616,0.001805707469,0.0009503532022,0.0002056446633,0.003364497475,0.003387030058,0.001488512111,0.002697744838,0.0008833148646,0.001275762172,0.001386438817,-0.000239139264,0.0001135342159,0.0005327889284,-0.0002648836563,0.0007007764996,0.002101064693,0.0005424931386,0.0009541679441,0.0006410793406,0.001567006417,0.003835125301,0.0004650780841,0.0009792495258,0.003124468874,0.002812523414,0.003265154255,0.003378628319,-0.001215716497,0.001729882847,0.001301221535,0.0002451649967,0.0003547203338,0.0005600795361,0.003095392492,0.001651271343,0.001846947749,0.000659369799,0.001260023926,0.003830638037,0.004523780884,0.002344493143,0.004027102523,0.002211450194,-0.002329263312,-0.0008429494637,0.00109458797,0.00333445845,0.003634120039,0.003813016897,0.004319325398,0.0003145627855,-0.0001273067065,0.001091294283,0.002005890406,-0.002036528639,-0.002352966638,-0.001450565856,-0.002714361442,-0.001959165439,0.0003733858665,0.00146791469,0.004586429698,0.004805812317,0.004795006393,0.001460596634,-0.0002742746475,-0.0007454000349,-0.001532396037,0.003888297965,0.0007863136744,-0.0007877883984,-0.0005212286188,0.00272261148,0.001126605733,0.002345518377,0.001379096666,0.000330637308,-0.0005318040385,0.002552546162,0.002011896272,0.001737311441,0.003042363169,0.001325911859,0.002327703155,0.001837321748,-0.0002772906316,-0.001431296763,0.001649499389,-0.001159774856,0.00389642512,0.001584873152,0.004645638074,-0.002222745039,-0.0005330027857,0.004085046668,0.004467092959,0.002346678118,0.004239277845
2014-05-31,-0.0008541579844,6.705542487e-05,6.363221421e-06,0.002012791984,0.0009544867809,0.0002716390543,0.0001985509455,-0.0005553551148,0.0001085484702,-0.0006447788484,-0.0001050059873,1.078331217e-05,-3.934926639e-05,0.001578031932,0.001124515846,0.000598920643,0.001376249392,0.001405326581,0.00109796737,0.001218426706,-0.0002027567023,0.00031318707,0.0001811255841,0.000425015708,0.0006472491759,0.0002688803077,0.0014079632,0.001304179706,0.001184268358,-0.0001771376165,0.000158947821,-9.097486015e-05,0.001838541686,0.001719431604,0.0006619112007,0.001011874093,0.001198773809,-5.684312947e-06,-0.0005864422077,-0.0001242187411,0.001055705321,0.001069057317,0.001615463831,0.002010626084,0.0007441249907,0.0006027887579,-0.0005092737344,0.001010653796,0.001337803711,0.001362472318,0.002012644329,0.0009914311289,0.0009069752283,-0.0004095230186,1.000157968e-05,-0.0001232881442,0.0009282065248,0.001040699811,0.0008007681005,0.0004939063038,0.0003087705676,0.001110581452,0.0007486064543,0.000259103927,-0.0001956867039,1.483896331e-05,-0.0003637032034,-0.0004848634766,3.972437241e-05,-0.001074770295,4.534231596e-05,0.001522582209,0.0009650150183,0.0009219309384,0.0006136254106,6.428378426e-05,-0.001417264244,-0.0001069085438,0.001302650113,-0.0004134477226,-0.002633537274,0.0008420739921,0.001564624116,0.001504189409,-0.0001733223688,-0.001672211988,-0.0003123459413,0.0001984662671,0.0001527449893,-0.0002938038444,0.0002974598147,0.0005896243558,0.001111710086,0.001311401465,0.0002988438254,-0.0007190755139,0.0009648314295,0.0003184351896,0.001327466633,0.001176798261,0.001007003817,0.0008784871184,-0.0001075891286,0.0001775554147,0.0006069939974,0.0005827093292,0.0008634925543,0.001303036362
2014-06-30,-0.0009073076019,0.0004355067974,0.0001062700757,0.002680723183,0.0005213276916,0.0007305043784,-0.0004023110152,0.001768707252,0.001615781004,0.0004048220662,0.00257013198,-0.001277088791,-0.001051331826,0.001916541319,0.00337324382,0.001258519242,6.43294416e-05,0.0004054970099,-3.457690684e-05,0.0001147068047,-0.0002084619578,0.0008119805629,0.000164461311,0.001679758379,0.002072116454,0.0003260709012,0.001124303225,0.001597570215,0.0008541946233,0.001034559389,0.002981477229,-0.0005545870566,0.0008838568527,0.001823754556,-0.0002507888739,0.003041537446,0.002843687644,-0.000168822219,1.88852064e-05,0.0002904668401,-0.001327821779,0.0001066445697,-0.001409181576,0.0007640781669,0.0004573759165,-0.001686232196,-0.0004771513353,0.0002836196588,0.006571304552,0.001344573766,0.002247067164,0.00352111854,0.002745353144,-0.003310434977,-5.455203689e-05,-0.000494342095,0.002246943607,0.002980399525,0.002366488729,0.002785584913,0.002343702236,0.0008138644755,0.0007774496449,0.0007612295766,0.001985847985,0.002933844486,0.002212191522,0.001044722489,0.001008980154,0.0002907548504,0.0002901537998,0.002976916104,0.003213739369,0.003340532694,0.000309111174,0.001589582773,5.185254578e-05,-0.001216228586,0.00663430663,0.002561276859,-0.0007570544237,0.0009577785608,0.002162048849,0.003325081644,-0.0001902139082,-0.001215725605,0.0002886464393,0.0003699868129,0.001049321084,-0.001621534332,0.0003095844775,0.002925187667,0.001713939742,0.001746957955,2.84687254e-05,0.002160623315,0.002566107837,0.002797301831,0.0002665833787,0.00630653401,-0.001171062525,0.001576247392,-0.001826957618,-6.753528714e-05,0.003344445673,0.001583566823,0.001280597137,0.003932369983
2014-07-31,0.001654134698,0.0006581596782,0.0008493545305,-0.002168804903,-0.001929427248,-0.001722300924,-0.0007384118765,0.0004003413974,0.0006585470847,0.001173009131,-0.0007172764254,-0.001302749643,-0.001051672316,-0.002130477362,-0.001946315314,-0.0002951245702,-0.001196853108,-0.00150669042,-0.001401613155,-0.0001736718315,0.0008295531494,6.554194651e-05,-0.0001278020635,-0.0002224824408,-0.0004538030073,0.0002865712018,-0.0007166944315,-0.0002557337109,-0.001066369139,5.715465067e-05,-0.0002758850601,-0.001012561081,-0.001823101328,-0.001891631792,-0.000238900326,-0.001542546452,-0.001877850651,-0.0007841385371,-0.0001184190085,0.0001261702804,0.0002913154104,-0.001431463129,-0.001457086449,-0.002693891838,0.0007159452463,-0.0001108933294,0.0001538271879,-0.001165736977,-0.0007083610169,0.001451999718,-0.002071459952,0.001657888039,-0.001473722391,-0.002095933134,-0.0003778529799,0.0002007830614,-0.0006253514697,0.0002501283668,-0.000746816902,8.19466739e-05,0.0007170946504,-0.0008293384533,-0.0001520249213,7.311627581e-05,0.002205907549,0.0003850777232,-0.00127590569,0.002630290323,-0.0001131555523,0.0002691710929,-0.001164031941,-0.0007344192783,-0.0006056741915,-0.001205355519,0.0006229594191,0.0005554062923,0.0005841678652,0.001003680518,-0.0007451491612,-0.002134018348,-0.0009409879259,-0.001795041216,-0.001494531622,-0.002696266499,0.002040130404,0.002960630959,0.0005488940738,0.0005406906772,0.0002977456336,0.0002053005584,-0.0004921597887,-0.001353377196,0.0005953745338,8.05707539e-05,-0.000757692682,-0.002561920067,-0.001057118427,-0.0009756864098,-0.002238996701,-0.001048512116,0.002384370979,0.001610358727,0.0035243132,0.004031331102,-0.0005586696203,-2.957345044e-05,-6.292892427e-05,0.0002819162968
2014-08-31,-0.003578774994,-0.002329684323,-0.003208496274,0.001923987842,0.001063949917,0.0003241791089,0.001137566491,-0.0008832055603,-0.003507045891,0.0003036535396,0.0007661844221,-0.0006322820458,-0.0009020067885,0.001104336643,0.00164964388,0.001336689953,-0.0001239402743,0.001658015446,-0.001592121087,0.002345017313,-0.0009356726749,-0.00103160906,-0.002862575869,-0.001770479193,-0.0005325751878,0.0005674829536,4.623577106e-05,0.003344186806,0.001670440936,0.0009892336743,0.0002669202536,0.002477869317,0.0008551343256,0.0008574459052,0.001342843253,0.001198392463,0.00183994979,-0.001104257141,0.0006916048238,0.0003061558329,0.001779463587,0.000370183467,0.0006643774123,0.001210972451,0.0003830830932,0.00124219386,0.001179443417,-0.0001840128316,0.004451993848,-0.0008934136528,0.002108239497,0.000657012378,0.001690390229,-0.001172371078,0.0002399788896,-0.0002943003012,-0.0004623890159,0.0008774668328,-7.470851945e-06,0.0004437204025,0.003895168476,0.003330155752,0.002958162717,-0.002361248589,-0.0007242811958,-0.001750516866,0.002246809563,-5.008353302e-06,0.0001587184412,0.0004248865234,-0.0002664883063,-0.0001993121675,-0.000414649591,0.0009602923522,-0.002128907033,-0.001746428283,-0.001882464383,-0.0005439555573,0.004402180882,0.002323332288,0.003467993241,0.002260205167,0.003690137664,0.00303062857,-0.004204099051,-0.005309672605,-0.0001755037508,1.839557681e-05,-0.002243030911,0.001056591544,0.0002483124937,0.001008005999,0.0002625877543,0.0002669906629,-0.0005630665397,-0.000853822056,-0.001168821197,4.98962547e-05,0.003911357502,0.004125827494,0.001024626025,0.002205056498,-0.0007250494052,-0.0003977205146,0.001481483262,-0.0003416712978,-0.002305260407,0.00138197422
2014-09-30,0.005602362923,0.0006241096921,0.0006210007609,-0.00605645112,-0.004124480148,-0.004446828662,-0.002356850815,0.00332367833,-0.001162224567,0.004739675939,-0.003057023512,-0.0004498678246,-0.001811745023,-0.008942081209,-0.008722881287,-0.004315953453,-0.004272959545,-0.004213068843,-0.001563055312,-0.001530784059,0.002835248603,0.001799364319,0.0017687635,0.002087180823,-0.0002622799747,-0.0009449970218,0.001478191186,0.0003988880771,0.001624832531,-0.003685279225,-0.003460597287,-0.001532807275,-0.006649140202,-0.008043098693,-0.004733418536,-0.008922794279,-0.009169843973,0.001152586436,-0.001387262419,-0.001731008154,-0.003663630144,-0.002748866716,-0.004309975479,-0.009118166481,0.001104167657,0.004985260952,-0.002746702145,-0.0004652450223,-0.00948495044,-0.004330474981,-0.005326063868,-0.004115524647,-0.006743306362,0.001880800686,0.0002245586266,5.693463164e-06,-0.005836378429,-0.005517086462,-0.006330094462,-0.006883582908,-0.002275689272,-0.0003568670392,-0.002230463185,-0.001446413221,0.001844643304,0.0008781034114,-0.0001592465357,0.0001212702894,-0.001902613191,3.129521132e-05,0.0001312862981,-0.006312109717,-0.006416706784,-0.00763519251,0.0009662616774,-0.003450293897,-0.001321392165,0.00105101161,-0.008987249942,-0.006238479711,-0.002505801402,0.0007572310533,-0.003764100104,-0.006707119683,0.0005477287327,0.004290250656,-0.0007378194034,0.0009160176097,-0.001444351657,-0.0003693828369,-0.002883576608,-0.007439886304,-0.003221592093,-0.003131761894,-0.004804168869,-0.006279266643,0.004196072962,-0.002790841406,-0.00360790307,-0.009362605434,0.003513734258,-0.003307313707,0.007905574648,0.004920812303,-0.007738209875,-0.006528790354,-0.002137274065,-0.00661263421
2014-10-31,-0.002415554096,-0.002701523761,-0.002847160836,-0.001362780575,0.0006437853135,0.00102281033,0.0003988868927,-0.002032286761,-0.004111222952,-0.001983595063,-0.001854776448,-0.0003862571653,-0.002496211156,-0.002163516309,-0.003020003064,0.001225551714,-0.0008349016553,0.003293803476,0.001418456602,0.003451656149,0.001248832107,-0.001514627617,-0.003739539782,-0.0004505196491,-0.0005828899442,0.001058418677,-6.877667337e-05,0.000301380388,0.0002596893859,0.003083981405,-0.005328617478,0.0001260039651,2.949325601e-05,-0.002924458668,-0.002543329145,-0.002436426143,-0.00254802579,0.001088381736,-0.00147145798,-0.0008051760232,0.006095776096,-0.0005066213349,0.00220192164,6.3849654e-05,-0.002327897016,0.000511122804,0.000326558023,-6.474185147e-05,0.00294163772,-0.003968156635,-0.001568469617,-0.002970332645,0.003619592073,-0.003210788268,0.0003186802426,0.001304824836,-0.003365402045,-0.001890856605,-0.003520499622,-0.003340919987,0.003352760039,0.003436897216,0.003376529926,-0.002812610228,0.003159472956,0.004712211954,-0.0003013835294,-0.001264688286,0.001834090682,0.001815302322,0.0005495317638,-0.004663033904,-0.004428161999,-0.003665848897,-0.003615948791,-0.002110408422,-0.001432058154,-0.001734485732,0.00300909634,0.003013202262,0.001953373925,0.002252604212,0.002853129406,0.002370751152,-0.00277004907,-0.002828267873,-0.0005401914073,-0.0004283729653,-0.002436514513,-0.002332847599,-0.001271053509,-0.002582158422,-0.001164440344,-0.003976767028,-0.0004332903981,9.578458296e-05,0.00140166469,0.001678748167,0.001170954458,0.001961728714,-0.002287608005,-0.0002345362114,0.001420479735,0.0007942198967,-0.002431498483,-0.003282093969,-0.003935067549,-0.002583029681
2014-11-30,0.002065586872,-0.002010107759,-0.002860208338,-0.004308497243,-0.002002374608,-0.00204094282,-0.00218524926,0.001463401365,-0.001307662868,0.003321456846,-0.005201037835,-0.0001462539984,0.0002420316389,-0.006920903328,-0.008420968869,-0.003357288926,-0.005018982292,-0.00277491398,9.220368193e-05,-0.001142491444,0.0007185980381,0.001597841051,0.0006024307992,0.0006457114391,0.0001280358135,-0.0003355933193,0.001432109131,0.002396071309,0.000958827089,0.0006653335136,-0.003981873374,-0.001519735869,-0.003614090085,-0.006638052259,-0.004978773721,-0.007360733065,-0.007062587898,0.0009957618718,-0.002831009378,-0.002784388626,0.0001878726741,-0.00259235296,6.80565217e-05,-0.005341911366,0.0001917204161,-0.001157176349,-0.001133095502,-8.547666993e-05,-0.008506550256,-0.005862443798,-0.002509398047,-0.005438121704,-0.005093408073,-0.001727069526,-0.0002203097351,0.0005498532464,-0.00834946054,-0.00652141389,-0.008684117544,-0.007463601835,-0.003237944022,-0.000550561627,-0.003001235032,-0.003045256873,0.005154957956,0.005779980468,-0.001428843649,0.001001302722,0.0009674268489,-0.0003518606628,6.221750783e-05,-0.00840901738,-0.008903235824,-0.007914120935,-0.002162174205,-0.002539625455,-0.002035892058,0.0009327688828,-0.008190544378,-0.006052560816,-0.006358034601,0.003129174852,0.0008975970943,-0.00420104458,-0.006064363007,-0.002528872767,-0.0003520681929,0.000103928883,-0.00398094892,0.002832592338,0.0004304939736,-0.008289929109,-0.00462000713,-0.004754008359,-0.0003403937429,-0.002875294931,0.006600849008,0.004776522974,0.00172496138,-0.008775865918,0.002292782845,-0.00510414927,0.006810982532,0.00436596361,-0.008070316681,-0.007914903908,-0.007304980204,-0.006901643363
2014-12-31,-0.001214287525,-0.001159766146,-0.001527390406,-0.002862508905,0.003957835901,0.003863818268,0.002539372458,-0.000497653129,-0.0003403720048,-0.0001065319709,-0.004072995962,-0.001862044101,0.00532980338,-0.001928639842,-0.002553573638,0.0005314024252,0.000445842821,0.001492752286,0.001790373898,0.004681162651,-0.00169249994,0.0001692921211,-7.463459844e-05,-0.001186445287,0.0007821907005,0.001267899711,-0.002513361631,-0.00104010781,-0.002508200912,0.001591831464,-0.002374344872,0.001101834816,-0.002437256037,-0.001585191656,0.002191993368,-0.002083697708,-0.002397814303,-0.003686570472,0.002132112036,0.002585826085,-0.001898530095,0.003492021217,-0.001445559271,-0.0004731123443,-0.001982031233,-0.001140709671,0.0006983703197,-0.002548064671,0.0006217469095,-0.001140887142,-0.001994895106,0.0009152470598,-0.001822315303,-0.0002497429647,0.0001743963254,0.001486710777,-0.002248216159,-0.001663840279,-0.00284032906,-0.002652231774,0.002909772181,0.004202998743,0.00346530965,-0.00151127381,0.004713469689,0.003916255114,-0.004705037592,-0.0008610230385,0.005020411651,-0.0004665018602,0.003192340292,-0.003855829012,-0.003388749004,-0.002961296812,-0.001749729742,0.0007607525597,-0.001621332885,-0.0003895499977,0.0005320957477,0.002720703574,-0.00370425492,0.003440874817,0.003330988953,0.003258279263,-0.002525821398,0.002333666878,0.002019027839,0.0005450217205,-0.001925806627,-0.002373138764,0.0007034368591,-0.003257111106,-0.0005112577439,-0.001752543455,4.154255501e-05,0.0009237555081,0.00107714107,0.0009074574622,-0.0007397314103,0.001332924745,0.001400500293,0.001043910015,0.004420487011,0.005043692064,-0.001689508181,-0.002904959261,-0.002637263459,-0.0003003846323
2015-01-31,0.004958402247,-4.235015502e-05,-0.0003245821715,-0.001967192763,-0.00759005785,-0.007683738578,0.0001248633426,0.004967716175,0.00342852465,0.008257750326,0.00115304759,0.005865918403,-0.004949296144,0.0004294385315,0.0003931942212,-0.007935824691,-0.007420731377,-0.007105735354,-0.003915976242,-0.005522481875,0.0001398918638,-0.0041722073,-0.005433781641,-0.006087962637,-0.005652166145,0.004466911523,0.00790575291,0.008524245955,0.00633740009,-0.007547973389,0.002049307491,-0.006832293622,-0.00140144883,0.0002191225198,0.001976188991,-0.0005548308668,-0.0003824059594,-0.001348662226,-0.001952371343,-0.001723013309,0.002423100047,-0.008365896824,-4.970772566e-05,-0.002288825709,-0.003768646909,0.001487501008,-0.005372287547,0.001780543207,-0.008696095145,-0.005247530655,-0.0003341884195,-0.001866129948,-0.004646010296,-0.004279386268,0.0007166294074,-0.001945402116,-0.002167083384,-0.005605273144,-0.002810898918,-0.001601552748,-0.005729930084,0.0001258572961,-0.003503648834,0.003558838425,0.00469586977,0.005986626559,-0.002133946944,0.003711920074,0.003923170367,0.004085717863,-0.003582036573,-0.0009715479941,-0.0004672963425,-0.0009719065683,0.001343420641,-0.003771680278,0.000528705097,0.002027993553,-0.008637298245,-0.004228115937,0.001184377865,0.001361988024,0.000237809726,-0.002414596305,-0.004878414105,-0.004429379235,0.0001234419118,0.002005684911,0.003316683055,-0.001146192793,-8.96115973e-05,-0.001827447935,-0.004261899389,-0.003421655191,0.001335489658,-0.00348490841,-0.001074352468,-0.00171069208,0.001966064653,-0.007494421366,0.001692228261,-0.006532962276,0.002221170897,0.0012191026,-0.001547230479,-0.001704962702,-0.0009330934617,-0.004190951556
2015-02-28,-0.003551752268,0.002024368016,0.001946816114,0.007597427982,0.002190211383,0.002229985315,0.001213987935,-0.0002261096071,0.004265654482,-0.007118195616,0.01011799369,0.002864404523,-0.003302001987,0.009841257152,0.01166963241,-0.004916967618,-0.003856260709,-0.003421041861,0.003080636364,-0.00170033952,0.001990663574,-0.001830683995,0.0002796436652,0.0002424103791,-0.001024552584,-0.0002129696158,-0.0003711476292,-0.000876059521,-0.0003470544598,-0.0011341136,0.007065120802,0.005670868097,0.003733150553,0.01049656387,0.001278026151,0.01136786547,0.01008731495,0.0009377989194,0.002677521143,0.004040433034,-0.002694412421,0.00198470679,-0.003568712396,0.003490425917,-0.008187691391,-0.001939399394,0.001650354164,0.002445172897,0.01186940616,0.007427052161,0.007241399946,0.00843133347,0.002547526951,-0.002313175437,0.0007457466188,0.000299740932,0.007618826034,0.004042229482,0.007418951865,0.01292951042,0.005715857907,-0.002557708359,-0.0007248715696,0.002410653484,-0.002263977787,0.0001417408262,-0.003738057777,-0.00292161954,-0.009079568094,-0.00820053171,-0.0004288714893,0.01080860663,0.01182898259,0.01157127004,0.002017472333,0.002902527911,0.004270732668,-0.001359804118,0.01184314924,-0.0008233650731,0.01057546341,-0.006938183404,-0.008332510427,-0.006097245014,0.002705796641,-0.0003936197706,-0.0009559417272,0.0005415819694,0.003488465198,-0.001684507212,0.0005678489704,0.008713087351,0.003344895242,0.003772917408,-0.007653514089,-0.00717997187,-0.01151923323,-0.01149417379,0.0009640040846,0.01100020063,-0.002255877431,0.007609567849,-0.007642809002,-0.003951629967,0.0131299998,0.01100551902,0.004311367017,0.01057169617
2015-03-31,0.003471909576,-0.001794844994,-0.001435057792,-0.003054918754,-0.00116997844,-0.0009001449154,-0.0009257168902,0.0002713787938,-0.001869997833,0.003319546226,-0.005945843533,0.00331678855,0.0003179822266,-0.006776734418,-0.006855594393,-0.002489256922,-0.002846711501,-0.002769782912,-0.001404159559,-0.001710938095,0.003668756357,0.001358539708,0.003009271464,0.003389252817,0.0009968161469,7.854964099e-05,0.001597320282,0.00252888445,0.00137339047,-0.002088812212,-0.004868315961,-0.0005563697923,-0.004752871303,-0.005309848975,-0.001135683782,-0.007041212647,-0.007148706732,-0.0007761804571,0.0003882553536,0.0003625371272,-0.0005166722169,-0.0009353083239,0.0002533038705,-0.003951182294,-0.002336258333,0.002008907346,0.0008554578921,-0.0005067271707,-0.006584927711,-0.004105408566,-0.001913453992,-0.003842160752,-0.002793668913,-0.0005507189103,0.001128384122,-0.0008248527004,-0.004472666958,-0.004217992349,-0.004921172765,-0.00632502836,-0.001130820759,0.0002981176464,-0.0001372764528,-0.001716170095,0.006701048205,0.00585325812,0.007487780464,-0.001656035773,-0.0005971997591,0.005673163634,0.0004147237309,-0.004035514189,-0.005044445727,-0.006037614416,-0.0002571752999,0.0009426456086,-0.002305465887,-0.0001619579333,-0.006610049359,0.002332300664,-0.002496487634,0.002712602809,0.004673582785,0.002665068531,-0.001020543217,-0.000147909799,-0.0007708637767,0.001489774215,-0.002127979984,0.001526678338,-0.0001309048078,-0.0050520316,-0.001087353898,-0.001817190754,-0.005754946489,0.004037865067,0.006453370372,0.006413677416,-0.001709317927,-0.006651960756,0.002946916443,-0.002472737295,0.005155137167,0.003895952373,-0.005663091844,-0.005519811913,-0.003396727031,-0.005090857897
2015-04-30,0.002689282059,-0.001557639409,-0.001224315206,-0.001728013436,-0.001922712236,-0.00163535055,-0.001125368619,0.00123479186,0.002051911171,-0.002238748381,0.001914971191,-0.002078979518,-0.004403688563,-0.002345516296,-0.001399905209,-0.004313922523,-0.005583040128,-0.001765885248,0.003755384742,-0.002424154891,-0.0002183853262,0.0001596318851,0.001934337217,0.002061083088,-0.0003254389044,0.003972072486,0.002254605378,0.0006995304361,0.002327269198,0.002749743778,-0.0007897698512,-0.0004903571038,-0.003623339404,-0.002168290043,-0.002040222134,-0.001537052228,-0.001923893353,0.002668062134,-3.871215406e-05,0.001591695906,-0.00341213176,-0.001090139131,-0.003935598507,-0.004765996331,-0.004370679505,0.0006934955526,-0.0008507764128,0.00246864416,-0.003350709424,-0.002059525466,0.000429884951,-0.002485146025,-0.004951062599,0.0008044388076,0.0004400847405,0.00103039429,-0.003117521968,-0.004487585871,-0.003833824489,-0.0003111636527,0.0004081970313,0.001547042096,-0.0007381067814,-2.190055313e-05,0.009265665157,0.01118205181,0.01276372097,0.006758228382,-0.009463029037,-0.008581031051,-0.002284714009,-0.0004904146981,-0.00064096563,-0.0009645014419,0.002069656445,-0.001641918858,0.0005733252898,-0.0002110195575,-0.003379659265,0.0002373587256,-0.001080848559,0.0002082619576,-5.906497258e-05,-0.0006420552358,-0.001917989768,0.0004929978968,-0.000571947442,0.0001827891414,0.0001451245566,0.001509211277,0.0005715902578,-0.003993440115,0.0004267351408,0.0006909470223,-0.0001309611104,-0.000263884572,-0.003036886057,-0.0002588241455,-0.002429918669,-0.003661739272,-0.001327257162,-0.003758101597,0.001782634674,-0.0001964996089,-0.0005973215462,-0.0005584076273,-0.001894429578,-0.002676671628
2015-05-31,0.0002279713467,-0.00170556265,-0.001592363438,-0.0003965275688,-0.004502395858,-0.003988527806,-0.001724013189,0.001223309875,-0.0005759013501,0.0009789805416,-0.002248579932,0.0003258953559,-0.00368158031,-0.005122736158,-0.005072213124,-0.000467319466,-0.001113544146,-0.0005065869078,-0.0007360983705,-0.002310570376,-0.001274343396,0.001307331703,0.001313348002,0.0003703661194,-0.002248935102,-0.0003478581988,0.002451451413,0.00103079008,0.003160829066,-0.0009393144424,-0.002744479257,-0.0005432725583,-0.002142864268,-0.004062023761,-0.002844022492,-0.005330601898,-0.005058446827,0.0021247033,0.001057675919,0.00132336597,-0.0005423263826,-0.001166959737,-0.001106787655,-0.004899932285,-0.0005008010684,-0.002940468751,-0.0009216664905,0.002604182091,-0.005768069762,-0.004955074017,0.0006643486448,-0.004034731107,-0.003514922488,0.002840864549,0.0001595490953,0.0002331641971,-0.00369196786,-0.005003934958,-0.004352500826,-0.005064022553,-0.001016048489,0.00277618376,0.0002338865389,-0.002060646602,0.009038573831,0.008109634699,0.0085206778,0.009714739509,0.01259922181,-0.007925642202,0.0004797336891,-0.004341524956,-0.004879691025,-0.0051584458,0.0003960313072,-0.002652884718,-0.002455503115,-0.002696258835,-0.005822309724,-0.0003725117679,-0.0008402959763,0.0007327514184,0.001156292485,0.0008124058463,-0.004337408969,-0.001610625853,6.704501828e-06,-0.0006493971633,-0.002567209504,0.001925922888,0.001374243465,-0.003711768221,-0.002483116337,-0.002257247293,-0.001701976792,0.001420847212,-0.00613734407,0.002577008255,-0.001053502086,-0.005710486653,0.0006069429833,-0.004005129426,0.001093810245,-0.00114901881,-0.004665439513,-0.004699355899,-0.003239260996,-0.004903186017
2015-06-30,0.003060521373,-0.0008477450063,-0.0007186991982,-0.004404678237,-0.002407555053,-0.002594203569,-0.001502499724,0.003127097514,0.0003529866015,0.002227892334,-0.002273143486,-6.496219732e-05,-0.0009169868696,-0.005902810654,-0.005126338744,-0.0005018431687,-0.0008832266926,-0.001664073984,0.0002058072274,-0.0004593537208,0.001401598485,0.0010046074,-0.0002709677277,-0.0004296994372,-0.001047788597,0.001654408114,0.002483710853,0.002091834486,0.001670243348,-0.001467490124,-0.001142610352,-0.002487325852,-0.0048865587,-0.0050199283,-0.001337500928,-0.005497710489,-0.005793843406,0.0001660451136,-0.001448616652,-0.0009996400065,-0.002914763075,-0.002415639184,-0.002457887097,-0.005459428858,-3.753999847e-05,0.00269425606,-0.002335290932,-0.00289572673,-0.005855349291,-0.003903879275,-0.003160150057,-0.003759278276,-0.005181030418,0.001893765844,0.0005162876219,0.0001225886699,-0.004739955117,-0.005695757674,-0.005473002242,-0.005243542476,-0.001731485461,0.002209724543,0.001771154744,-0.001806552544,0.003625608998,0.006381351778,0.007063705006,0.00482852642,-0.001146470847,0.00981771912,-1.347703655e-05,-0.005499836111,-0.00553643408,-0.005384384444,-0.0002729010947,-0.001503781289,-0.0002085845509,0.001948324035,-0.006195447498,0.001338855056,-0.0008321383294,0.004158654731,0.001345729013,0.003287619991,-0.001271302412,0.001145470641,0.0002011943293,0.0004490547766,-0.002448281456,0.0006731919218,0.001425565197,-0.005435602012,-0.002086606172,-0.002456467462,0.002819064599,0.002853384114,0.004410184383,0.0009165607484,-0.001421070668,-0.00648558283,0.001681150052,-0.00322367496,0.004896706818,0.003323941196,-0.005904273586,-0.005397407137,-0.003167523781,-0.005203464884
2015-07-31,0.002897462619,-0.002289305591,-0.002294630635,-0.003936718276,-0.002109688795,-0.003461255687,0.001121319753,-0.001727572407,-0.002538628451,0.00399300508,-0.005038314575,0.0001499437571,-0.0001718322531,-0.005585949626,-0.006827072454,0.00327241274,0.001838888457,0.002189598776,-0.00295525317,0.001279878015,0.001743320766,-0.001424712185,0.002019182137,0.001665375013,-0.0001521768693,-0.003247725336,0.002458274088,0.003931464789,0.002310935858,-0.003136241848,-0.00565975509,-0.004665139224,-0.002606022472,-0.005909208593,0.001676840085,-0.006653923083,-0.005749843311,0.000338352029,-0.001499746373,-0.001472710857,0.003185020745,-0.002336304108,0.004204373344,-0.0009052611241,-0.0001824996028,-0.002662605402,-0.003681822893,-0.005125094146,-0.007948016547,-0.00567880509,-0.002912811972,-0.005525445512,-0.005485024455,-0.0006195477165,0.0007247521503,-0.001259641112,-0.006342461496,-0.005843658576,-0.007088484411,-0.006474042509,0.0005806849264,-0.0008262958535,0.001319319348,-0.004225495501,0.000132882267,0.001982403718,-0.001542567747,0.003808762574,0.0003845028221,0.0004392434895,0.00146928065,-0.006638448678,-0.006087211074,-0.006813448067,-0.002874359802,0.001765252062,0.00242834743,0.001487814816,-0.007906859471,0.004738557338,0.005559859402,0.0007063979727,0.001948953724,0.005043524229,-0.002904589443,-0.0001265579128,-0.001033709984,0.001203851139,-0.004465154931,-0.0001702956769,0.0008157727762,-0.007083519191,-0.003073964336,-0.003929541187,0.002872211267,0.004577691637,0.003370988519,0.00296495341,0.001736422676,-0.008658623388,0.002189551653,-0.004857802416,0.004965304858,0.002572767642,-0.006454645986,-0.006864542078,-0.005453675991,-0.007745076831
2015-08-31,-4.961997396e-06,-0.001866322104,-0.002239260705,-0.00285926618,-0.000920771223,0.0004925192427,0.0001939080766,0.0004583307487,-0.00161424902,7.860789048e-05,-0.002062510662,-0.0001469159909,-0.001265662407,-0.005568167711,-0.003923821444,0.002244937853,0.002119001939,0.00150027049,-0.001564367155,0.001127350295,0.002036466399,0.002551471399,0.002082926459,0.002330375669,0.002131003085,0.0009855747648,0.0009144730458,-0.0002457239228,0.001205884981,-0.001281997364,-0.002302330332,-0.0004488041594,-0.004938942203,-0.004428926393,-0.001076784779,-0.005014500265,-0.005300155821,-0.0002912568745,-0.002899486695,-0.002413258052,-0.0005152173695,-0.001103760505,-0.0002647433775,-0.004402677166,0.0004414778128,0.000919981945,-0.0001830507115,-0.002876850173,-0.004938955518,-0.00503075548,-0.002170049752,-0.0035878245,-0.002762986955,-3.189337393e-05,0.0005674442493,0.0005111190576,-0.004304439744,-0.003132933909,-0.004509448655,-0.004906091437,0.001438105995,0.0006665606337,0.0009230202594,-0.001115381065,0.0003966422379,0.0005330802843,0.0003650609828,0.001871959716,-0.0009689886636,0.003210843056,0.0001933325805,-0.004990631524,-0.005110620734,-0.005128234904,-0.001979410619,0.001447253498,0.002799857408,0.001160625791,-0.004956471592,0.004805427161,0.003857655756,0.00248890067,0.001239264844,0.004319002593,-0.003174309746,-0.000870925533,-0.0003516543318,0.0003959708131,-0.00202798646,-0.0006862338432,0.0002099736354,-0.004935348144,-0.001737762878,-0.00182071271,0.002346625327,0.003324325357,0.004313702973,0.0008047172913,9.729989084e-05,-0.005423594919,0.0005695960954,-0.003545777766,0.00275596865,0.0007735320319,-0.005718602661,-0.004829918716,-0.003080660144,-0.00448258832
2015-09-30,0.006919495333,0.0003252660529,-0.0001844338456,-0.01002778485,-0.000104220697,-0.001765985805,-0.003002486915,0.006258696247,0.0003951950681,0.003999635929,-0.0107700993,0.0009980547276,-0.001772358619,-0.01360656051,-0.01338775435,0.002121776567,0.003380027441,-0.001994088405,-0.001605527408,-0.0001483797131,-0.001360383582,-0.006404785529,0.0009055097116,0.00179613291,-0.005886582215,0.005671741202,0.003565351713,0.002794276524,0.001362296721,-0.0006022767257,-0.008192365633,-0.004535304538,-0.005867779823,-0.01318261625,-0.001804313776,-0.01390681646,-0.01394092625,-0.0003187722131,0.0004134220716,0.001288351579,0.001188713148,-0.005944733932,0.002447231368,-0.007816272088,0.002442110949,0.002750802146,-0.002996756808,-0.008080468332,-0.01675871955,-0.01163559379,-0.007383251017,-0.009729833907,-0.00814474966,-0.004747687866,0.00162370473,-0.0002644267617,-0.01265336918,-0.009362569512,-0.01298032075,-0.01480185036,0.005041595452,0.003469329009,0.003291936909,-0.004452161072,-0.001786131261,-0.002684467886,-0.006679035682,0.008429086498,0.007771809951,0.008531133221,-0.0008756452506,-0.01449296286,-0.01401079169,-0.01495883684,-0.0006049857375,0.003569087345,0.002256492232,0.001764284898,-0.01672671011,0.01189484018,0.01138135441,0.01124474836,0.01195779713,0.01058103884,-0.00326174514,0.0002378238748,0.0005736947488,0.001561572774,-0.005182999759,-0.001090359207,-1.8329154e-05,-0.0129374307,-0.003112583892,-0.003887052653,0.001585894627,0.01117754775,0.01400001269,0.01256154887,-0.001385146629,-0.01686661074,0.004696499427,-0.009261822413,0.01041325286,0.005646993802,-0.0157899584,-0.01488088207,-0.007829418549,-0.01353410676
2015-10-31,-0.006937003,-0.0003106994414,-0.0002737193616,0.009265343257,0.003060558009,0.003816957186,0.005415039243,-0.00373587747,9.333509385e-05,-0.00810824059,0.01276360971,-0.0009582102119,0.001440628107,0.0133237956,0.01331507126,0.003937893591,0.003798401772,0.005417609895,-0.0003989458467,0.002885694198,0.007566260612,0.009055351451,0.002761063389,0.003698065908,0.0006592648287,-0.00301971923,-0.001903083237,-0.004491890568,0.0004273028183,0.00656851051,0.009629875295,0.005629013713,0.005016031125,0.01233112507,0.00538528653,0.01328942193,0.01386365889,0.0008322864131,-0.001811469008,-0.00203293013,-0.001280787172,0.005077397171,-0.0005064982746,0.00901880187,-0.004796295276,0.0007871850363,0.007256954829,0.009395342028,0.01427901823,0.009404997938,0.008416107066,0.01088628624,0.01093416415,-0.003873872114,0.0007315776891,-0.002740804729,0.009671988677,0.01139949778,0.01048052182,0.01259800753,0.004444871681,0.003017242357,0.0005514601728,0.001133768971,-0.001042373719,0.002059951896,0.00174012993,-0.002589260687,-0.00219028869,-0.005541054141,-0.002227953089,0.009892549722,0.01095484286,0.01185838268,0.0007832218746,0.0003807372726,0.001090474513,-0.001885340528,0.01439108512,-0.009397208282,0.002193249072,-0.006049811213,-0.01116682357,-0.008149182313,0.0003051492143,-0.003627000958,8.566137247e-05,0.001827856866,0.001653840062,-0.004114162839,-0.006169284979,0.01060068956,0.00387396915,0.004252836822,-0.01315399438,-0.01134586391,-0.01278743833,-0.01195123943,0.002052551853,0.01438030681,-0.0009274236782,0.009966003414,-0.005857862931,-0.001998977775,0.01272301527,0.01150009389,0.005467681949,0.01299406269
2015-11-30,0.002966636213,-0.0004350935119,-0.0004235981981,-0.003823718906,-0.00172539953,-0.002270084034,-0.004992530097,0.001643854049,0.001099225559,-0.0008909496568,-0.00766492878,-0.0009458220094,-0.002238412061,-0.006943568167,-0.008506655409,-0.0007099085873,0.0005367519315,-0.0008885632192,0.001336422827,0.00054702167,-0.002416906061,-0.004298527089,0.001993102106,0.001926959874,0.0008233649192,0.001662117789,0.002594129748,0.003150697711,-0.00225244238,-0.0008685700535,-0.004215012966,-0.003190924837,-0.002070857016,-0.00507983813,-0.005563381533,-0.006083976725,-0.007152530319,-0.003825337868,0.0009635381582,0.0006567079967,-0.001261896627,-0.00203706382,-0.0001834267569,-0.004279789816,0.002651164342,0.001919383052,-0.003747354438,-0.005448867207,-0.005030169595,-0.005056605803,-0.003386534509,-0.004087868878,-0.001079918125,-0.001016222903,-0.001284996761,-0.001142984852,-0.006234185495,-0.003049432019,-0.006272147709,-0.007456401768,0.006733053826,0.00394606562,0.004867218479,0.0007860624391,-0.0009566106157,-0.002979839408,-0.003587679265,0.008333649056,-0.0006099856611,0.005871821441,0.003005785322,-0.00740335076,-0.007219373562,-0.006301908662,-0.002306113882,0.007417187637,0.004057503437,0.002568873837,-0.004837511201,0.009530147714,0.007057859531,0.005945783744,0.008094153506,0.008661331226,-0.003072921729,-8.744309891e-05,-0.0003742250575,-0.001778481339,-0.001678670192,0.002272978019,-0.001588964583,-0.006503888299,-0.001027949899,-0.001858596675,-0.003509625456,0.007788424615,0.007939389502,0.008026642731,0.00112718172,-0.005692730217,0.003873137535,-0.003360479363,0.006432966884,0.006389010333,-0.006281373482,-0.006431282723,-0.004478594939,-0.004913913187
2015-12-31,-0.0010322284,-0.0004133738068,-0.0007468818676,-0.002592149125,-0.003828643648,-0.001904828722,-0.001184602231,-0.00203128842,-0.002128560263,0.0001707313751,-0.004317861733,-0.0001684859612,0.0002604707366,-0.004504423963,-0.005052166979,0.003094455489,0.001167795049,0.00397244937,0.0003114835192,0.002478129825,-0.0003343169754,-0.0008534447648,0.002637904775,0.002375632014,0.003441960063,0.0004838042183,0.002005579168,0.001626172723,0.003113835902,-0.001024143947,-0.004973897676,-0.00219641127,-0.00269812741,-0.004719728485,-0.000723975023,-0.006113207847,-0.005028661911,-0.0006366112107,0.002562707981,7.512742339e-05,0.002602940629,0.001665994928,0.003642480933,-0.00225175955,0.0006962555983,0.001028705623,-0.0009096017122,-0.002532050594,-0.004368251712,-0.003967365595,-0.001997572041,-0.003237642698,-0.001329951521,-0.002702716831,0.0008764937025,-0.000412028424,-0.002370484093,-0.001400267386,-0.002248502107,-0.00479209789,0.002062314782,-0.0003765747217,-0.0009553420863,-0.0008816794259,0.006281955471,0.006779981701,0.004513147631,0.000613922836,0.004570012003,0.004662933122,-0.0008583049812,-0.002901655578,-0.003505893179,-0.004501277178,-0.0007719785079,0.004336670974,0.001878709032,-0.0003725299587,-0.004320484726,0.004760543373,0.002603717004,0.000561893939,0.004831386282,0.003742828862,-0.001458630356,0.0004083687311,-0.0001766917767,0.00127677066,-0.002036920589,0.001002186177,0.001652203034,-0.00278354872,-0.003143755936,-0.003319539756,0.001562008335,0.00347705208,0.001596783608,0.004357690455,-0.0009955690849,-0.005026835871,0.002297259779,-0.004785841186,0.0050968427,0.004346146181,-0.005664599619,-0.004430233287,-0.001086099823,-0.004556122709
2016-01-31,0.005337658777,-0.004776020037,-0.006107069968,-0.01389163679,-0.01304522413,-0.01329799027,-0.003831138513,0.01080781437,0.00485218078,-0.007280530329,-0.01437682289,0.00218853062,-0.008710394821,-0.0207223698,-0.01904368959,-0.002781839002,0.005799762334,-0.008231851577,-0.004977251287,-0.005464218845,-0.004373341646,-0.008741497182,0.001186353433,0.002521446555,-0.0001156577342,0.001335007651,0.006845328747,0.003513704859,0.006387145896,-0.01232714445,-0.01272914398,-0.01311459012,-0.008769633521,-0.01920740845,-0.007860316243,-0.02101338811,-0.02018182066,0.004878229991,0.007659478976,0.009231563209,0.004097003366,-0.01318852127,0.002203698943,-0.01517837084,0.005005028775,0.01245772232,-0.01232602481,-0.007268463305,-0.02601425861,-0.02274793268,-0.008918203707,-0.01918918815,-0.01496918483,0.006339656305,0.001187481476,0.001624069633,-0.01831392059,-0.01720342079,-0.01868984535,-0.0218244199,0.009444485794,-0.004294057012,-0.002700223551,-0.01023562123,0.0005404376162,-0.0004044390142,-4.421644939e-05,0.006058117738,0.006266816753,0.003830913901,-0.001353874234,-0.0207395301,-0.02237094217,-0.021251234,-0.004620417828,0.01748636143,0.006417033238,0.004142753609,-0.02607799843,0.01589220789,0.009694689955,-0.01270724827,0.008131706082,0.01669060937,-0.01243153359,-0.005017750121,-0.0008129611293,0.0006029126178,-0.01161178583,-0.005162956607,0.0005891903143,-0.01929110179,-0.009861424178,-0.01037798231,-0.000371060764,0.01319482619,-0.01897643002,0.01788912277,0.001290778489,-0.02671310577,0.001805580895,-0.01854386647,0.0126883258,0.004522137069,-0.02307506196,-0.02081227839,-0.0144602536,-0.02331417705
2016-02-29,-0.001830303483,-0.001660825143,-0.001864946781,0.002322522236,-0.006339536903,-0.007334969772,0.003064275501,0.0004664796303,-0.0001284460915,-0.00223701914,-0.00140111444,-6.007622004e-05,0.003179539504,0.001542858683,0.002250678825,-0.0003707404973,0.0004750883533,0.0004420094963,-0.00144054984,-0.001136178066,-0.001049753903,0.003443785897,0.001423262815,0.001161365554,0.002843547852,-0.0003530334275,-0.0009939109085,0.0006238145857,0.001327717833,-0.00633273842,0.003913538843,-0.0004583403882,0.0003950503827,0.001268072185,0.003446666872,0.001254719523,0.002078373599,0.0004518865847,-0.003456829766,-0.003344664346,5.254791692e-05,-0.0006340866979,0.0003617342404,0.003594158684,0.0002563828056,-0.001293595565,0.001843028849,0.002718089391,-0.0009980845413,-0.0003886723866,0.001744632893,0.00134962595,0.002665074423,-0.002441376746,0.0007295482518,-0.002064905797,-0.001167065334,0.001474336124,-0.0007247386686,6.583603304e-05,0.0005850674853,-0.001702212345,0.001620894358,-0.0009485009381,0.00192678651,-0.00090132177,-0.00520191665,0.002399918223,0.001613660391,0.0001121633437,-0.002212649579,-0.001093421274,-0.001699754726,-0.001344867689,-0.0009704951559,-0.0004614003015,-0.001769604138,-0.0009680688549,-0.00109839618,0.0003548556159,-0.0003896224762,-0.0004521928422,0.0006544745192,0.000814507752,-0.004835418598,-0.004989863414,0.0009501396379,0.001440549997,-0.001758657937,-0.001076467547,-0.002374001044,-9.424944831e-05,-0.000191265338,-0.0004968059576,-0.001849656511,-0.001302345335,-0.0007434532943,-0.001251450547,0.001236215214,-0.0003321797365,0.003290586758,0.001319357477,0.00143719962,0.001335931378,-0.0006398949177,-0.001872761864,-0.001688182043,0.001098657407
2016-03-31,-0.002633794959,0.0091685059,0.009818208313,0.01644730449,-0.01317302239,-0.01168635488,0.006895721081,-0.008608363304,0.006001763331,-0.01294294392,0.01880232157,0.007739469189,0.01029513335,0.02570535563,0.02638353104,0.002640593863,-0.001371623917,0.009329560078,0.008520415831,-0.003358421013,0.008595110612,0.01678936408,0.006651632984,0.007073841079,0.005845890766,0.004882138915,-0.003675625476,-0.003888125799,-0.002457078219,-0.01297105329,0.02605020237,0.01739664103,0.009357218677,0.02388897705,0.0117956995,0.02737599652,0.02570793233,-0.004240422375,-0.01441821536,-0.01378482429,-0.004475859581,-0.0001971132025,-0.004429217061,0.01493979674,-0.01429901799,-0.007343881995,0.02309149414,0.01265482025,0.02801014671,0.02662289766,0.01075291638,0.02612036639,0.01038961092,-0.01288974257,-0.001467684401,-0.002894902432,0.02325000685,0.0168580642,0.02345198008,0.03061501234,-0.006528863753,-0.005306335656,-0.003884883134,0.01011318744,-0.003095437201,-0.002161677353,0.004225207012,0.001989916981,-0.0007602547831,-0.001047762028,-0.004122657319,0.02738707305,0.02752974066,0.02666377582,0.006763538796,-0.01870382858,-0.01340708688,-0.003995556594,0.02772753053,-0.02821834789,-0.02119568193,-0.02522775178,-0.02667685884,-0.02846167762,0.01333476456,0.007116820709,0.002600330782,-0.0003548237254,0.01400449074,-0.008590905236,-0.004177670824,0.02515979711,0.008430874644,0.01008646327,-0.01117135796,-0.02843664678,-0.02741631571,-0.02913848893,-0.002129002728,0.03001970882,-0.0007022384995,0.02311367956,-0.006196630056,0.007458136307,0.0280128364,0.03100141708,0.017841853,0.03079566297
2016-04-30,-0.003111571386,0.003958197871,0.004474260426,0.01161868884,-0.001897506615,-0.001541862766,0.002129617066,-0.005907422714,-0.003665155037,-0.006628317634,0.01713898008,0.001180019524,0.001859910336,0.01714989022,0.01779541733,0.002117099506,0.0005699307012,0.002046668149,0.002096846176,0.0008682053892,0.004712797641,0.01108458316,0.004356765845,0.007247919274,0.005133626357,0.003327672684,-0.001284497178,-0.002516716188,-9.347840442e-05,-0.001281268391,0.01531786917,0.002465228092,0.005986053141,0.01495386905,0.01248816593,0.01828847564,0.01758429675,-0.002425295171,-0.0003515570292,-0.0008495882695,0.0001537303638,0.001230349691,-0.0001515099087,0.01124564516,-0.007709171629,0.005870333568,0.001214728702,0.006592160258,0.01990022407,0.0143122713,0.007884211813,0.01585111434,0.01130318833,-0.01046374663,-0.002414114679,0.0006948193243,0.01562633186,0.0130848212,0.01625941416,0.01993557229,-0.008132045514,-0.003383673821,-0.003253053392,0.00471411024,-0.006223986939,-0.005308456168,-0.004577160875,-0.003901897388,0.001289501668,-0.0009742196231,0.0001562821286,0.01657157332,0.01697668213,0.01716213173,0.002677529142,-0.01452840471,-0.01110689336,-0.00668945281,0.01962035537,-0.01994334508,-0.0161614122,-0.01241111138,-0.01224984199,-0.01900510354,0.004094295188,0.001457780901,-0.0003082704253,-0.002905418738,0.007096112048,-0.00617104079,0.00187969559,0.01669727043,0.004964649444,0.006479493899,0.01308455984,-0.01887942954,-0.01855903517,-0.01943388222,-0.001419869054,0.01993636679,-0.0004517318306,0.01519481951,-0.005235153968,0.003444426762,0.01924797734,0.01789971716,0.0102755336,0.01858630809
2016-05-31,0.003700918073,9.57305977e-05,0.000504968419,-0.004177273741,0.001861879481,0.001663280513,-0.004173412247,0.002473710086,0.0002044278572,-0.002537235557,-0.006905553484,-0.001377894468,0.001586461185,-0.006452601405,-0.005899475565,0.001686106065,0.0001670677701,0.002605015406,0.003605184895,0.002554180313,-0.001666828956,-0.002989608825,0.0007559659867,0.0001807201487,-0.0001745510744,-8.157817615e-05,0.002561621034,0.001443664886,0.001369719255,0.002568660981,-0.007235638776,0.001939346299,-0.0003806824585,-0.007253847015,-0.006857374882,-0.006331112777,-0.006538882858,0.002363452259,-0.002213439028,-0.002495093209,-0.0007256051825,0.002011852408,-0.0005215174334,-0.004351835027,-5.039396645e-05,0.001076413291,0.005386481197,-0.002108175784,-0.005930165224,-0.001240767096,-0.000940057422,-0.001375528571,-0.0055998177,0.001131297953,-0.0003383475834,-0.00168378944,-0.003730484879,-0.005336255415,-0.003974855094,-0.005578889631,-0.0006067734887,-0.002573880242,-0.002077718553,-0.0003664127958,0.002150762738,0.0009401727092,-0.004272595082,0.003466801613,-0.0007349917436,0.0001892328137,-0.0008705430044,-0.004592578347,-0.005090414735,-0.005700068011,0.001806705392,0.006114335298,0.005022481018,0.004388640686,-0.006107506676,0.002190893058,0.004872605612,-0.005431840048,-0.000563575662,5.797949574e-05,-0.0006702214138,0.002020968645,0.0002667988419,-0.001273768647,-0.0007893400835,0.001331481514,-0.001918467292,-0.004799771682,-0.0001831241212,-0.001363959996,-0.005020963893,0.0036202428,-0.007525556343,0.002377794013,-0.001043589422,-0.006171987656,0.003933071662,-0.001516969741,0.005632156387,0.003521404401,-0.005109372286,-0.005127298317,-0.00165055923,-0.003813522674
2016-06-30,0.0008047173069,-0.0006803922962,-0.001473937583,-5.403120987e-06,0.002197868413,0.002284249476,0.001596503809,-0.0007615594335,-0.002184101338,0.0007708789135,-0.0009990280276,-0.002198156574,-0.001858509152,-0.0001592057469,-0.0005614118663,0.0007161108729,0.002152833261,0.0003895163371,-0.001075009288,0.00144737576,-0.001090155714,-0.00216312404,-0.002123467328,-0.00163492014,-0.001111794069,-0.0003666122895,0.0007734221898,-0.0002029399237,0.001265695222,0.0006635302541,-0.0002075739886,-0.001713815374,-0.00068175082,-0.0008792323121,0.001429967986,-0.0007365592662,-0.0005565833386,-0.000836894017,0.003312908016,0.003456294868,0.002659225411,-0.0007719842367,0.002078307569,0.001735524822,0.0006347399355,0.0004352567243,0.0002068353612,0.002179448004,-0.002092500998,-0.001371299285,0.0007736963073,0.000512267392,-0.0003637552057,-0.001582731656,0.0009450253122,-0.001148173203,-0.00084561924,-0.0001306241139,-0.0009902920892,-0.001143526446,0.00138623743,0.00269634013,0.003719680938,-0.0005232519018,-0.005572038128,0.002618829235,0.004329864735,-0.006059069618,0.0005391926048,0.000274111551,0.001488108694,-0.001897964183,-0.001666128947,-0.001272834487,-0.00197000914,-0.00118944648,-0.002463472716,0.0005596503458,-0.002244670998,-0.002913888124,-0.001597141437,-0.0004647933484,0.0011560369,-0.001087422041,-0.001478375553,-0.002073930535,-0.0004902686472,0.001358785603,0.0001552874371,-0.002251094934,-0.001919252288,-0.0005037255514,-0.0009582525231,-0.0007775147036,-0.002351554281,-0.004776796195,0.0002362572073,-0.00292327725,0.001432331593,-0.002086869586,0.0008411853718,-0.0001906437709,-0.0001605976324,-0.0004315924211,-0.0006153026628,-0.0001899517104,-0.001681127827,-0.0004117215112
2016-07-31,-0.002985263696,0.001934494674,0.002472336004,0.006427516524,-0.001265264353,-0.001308983513,0.0005845228626,-0.003042719997,0.00267418318,-0.001145687833,0.01125260445,-0.003433197017,0.004425135102,0.01040211919,0.01157831161,0.00435741658,0.003616928771,0.003692262913,0.004472612029,0.001598444981,0.001759824367,0.007517315391,0.003408280674,0.00353525286,0.0006978098341,-0.003260783724,-0.004009248163,-0.004536540829,0.0005855734377,-0.00130638505,0.01098449022,0.002915140699,0.003555607413,0.01027201484,0.007828599858,0.0115525643,0.01074777652,-7.972636515e-05,0.003085348906,0.001652917206,-0.002052712158,0.002618516293,0.0004032128222,0.005489222383,0.0006051548538,-0.004931488671,0.0002266791949,0.0003710493647,0.01254482259,0.01060304258,0.004480848238,0.01263598636,0.006762240341,-0.005055967959,-0.001762579612,-0.001450054875,0.01007160629,0.008622431106,0.01103880853,0.0131150308,0.001964499752,-0.003186895856,-0.001288855349,0.001660034588,0.0006715845984,0.002282164867,-0.001395638231,-0.000190862353,0.0009354039,0.000542475872,-0.0006536886504,0.01064607823,0.01162883507,0.01171538086,0.001975285855,-0.007122634506,-0.007553943771,-0.004445445891,0.01219467006,-0.002548863621,-0.00473921071,0.004879975111,0.003404798804,0.004634027284,0.001919271523,-0.001217710009,-0.001012804532,-0.001739099561,0.003103269835,-0.00378160536,-0.0002416607602,0.01146652929,0.004761040689,0.005270856245,-0.004148030789,-0.006543891586,0.01000325338,0.008162127636,-0.0002646400402,0.01268228744,0.001929312392,0.01085918047,-0.002717898595,0.002520442613,0.01215627745,0.01276189776,0.006794003995,0.01330973494
2016-08-31,-0.002251084386,0.003409274384,0.004045112917,0.01052193058,0.000317717765,0.0007276440716,0.00387275877,-0.003627630372,0.002611845965,-0.001126453403,0.01390534961,-9.199791639e-05,0.004431760139,0.01527690897,0.01520685554,0.001798345546,0.00198709102,0.00256918026,0.0032346401,0.0006950868314,0.00461205154,0.01048556709,0.004359868262,0.00480455546,0.002896989191,-0.003105290959,-0.003236122572,-0.001872780978,-0.001312595125,-0.00287206419,0.01528775737,-0.0008962282373,0.002909760964,0.01484560972,0.01210383829,0.01558634198,0.01526714739,-0.002314381413,0.001766538669,0.001800526807,-0.0005339802975,0.002082904932,0.001628828462,0.009461053991,-0.0006187921224,0.009277018531,-0.005167117894,0.001703229112,0.01445308198,0.0123873833,0.00752880149,0.01532124887,0.009159635091,-0.01247296762,0.0003991513582,0.0006289966029,0.01350931704,0.01256391714,0.01448728231,0.01695797782,0.0005567600256,-0.004759684224,-0.0002272224206,0.003124818897,0.001494699036,0.001137225861,-0.003565864137,-0.004384077832,-0.0005609267541,-0.003809378646,0.00042141158,0.01639335601,0.01672041176,0.0167400423,0.003138294812,-0.008243148024,-0.009986555735,-0.007011314801,0.01441453232,-0.003915545077,-0.005886904838,-0.007043927663,0.008706768427,-0.0001795263681,0.00712399256,0.001980572865,0.001187894441,0.001311370054,0.004453466048,-0.002631021843,0.00222774705,0.01490900798,0.007491171775,0.008288790091,0.005913784481,-0.005198133936,-0.01216729462,0.01249984573,-0.002007822503,0.01531461204,0.003053878657,0.01514656134,-0.00294857578,0.003243177096,0.0166997813,0.01655239182,0.01002658908,0.01605649467
2016-09-30,0.002678711989,0.0002843949214,0.0004470708187,0.0009371521394,-0.001233014581,-0.0007069692308,0.000349470802,0.0009264821024,-0.0007294347822,-0.0003981830578,-0.0009960611661,0.00108492985,-0.002005651467,-0.000703290005,-0.001584247427,-0.001470676775,0.001386869778,-0.001961416685,-0.0005806317685,-0.001234850546,-0.00115738125,-0.001468953886,-0.00102137831,-0.001038937599,-0.001083739481,-0.0001950680506,1.653402299e-05,0.0005297705838,0.0009027277738,-0.0006658163535,-0.0007962045255,0.0006459648435,-0.001270474516,0.0001816189644,2.948192814e-05,-0.00155024943,-0.0003950189411,-0.0008008811154,-0.0009123169151,-1.273194625e-05,0.001491193039,-0.0003502705432,0.0009306517917,-0.0002546067846,0.0002463994763,0.0004352202306,0.00103426979,0.001691752271,-0.002521034436,-0.0001935258111,0.0003571475185,0.0003086612101,-0.001378661595,-0.0006342833933,0.0001188373528,0.0008450102316,0.001033632936,-0.001014682755,0.0008200664753,-0.000124482511,0.001079632109,0.0002582352126,0.001705752481,0.0003044842414,0.0004519342517,0.002736405712,-0.002111728699,0.0003724101764,0.0005670330217,-0.002652587298,0.0003213445341,7.906173165e-05,-7.915314783e-05,0.0001734000518,0.000945795949,7.160357568e-05,-0.001880047279,0.0002952404828,-0.002533281572,-0.0009143495275,0.001065931753,-0.001158783716,-0.001189181058,-0.000187685736,0.0006054554663,0.001260386559,0.0001511338058,0.000392172141,-1.264880482e-05,-0.001194822841,-1.975673963e-05,0.0004042846784,-0.0003746400909,-0.0002131765586,-0.0002394681493,-0.00145585439,-0.001092989172,-0.00134005819,-0.0005424425389,-0.002386282235,0.000628760765,0.000252530746,0.002080035407,0.001404015712,-0.0004270035107,-0.0004262928748,0.0001644075656,-4.058375308e-05
2016-10-31,0.001115094161,0.001410458337,0.001803564183,0.001664656205,0.000655395353,0.0007627950113,-0.0008684711524,0.001827989529,0.002652678873,-0.00279369824,0.0005566992147,0.0001052553543,-0.002299245704,0.0001925305012,0.0008265409238,-0.00113723799,0.002132710099,-0.00265402075,-0.001210639303,-0.002543136899,0.0002798192288,-0.0002093018008,-0.0006674236225,-0.000318882749,-0.0006961500534,0.001136663634,0.0004172378839,-0.0002429175127,-9.172325554e-05,0.000574914865,0.0002343632321,0.000560510892,-0.0001791301662,0.001078834201,-0.0004769147907,0.0003326548818,0.0002631248713,-0.0006592454875,-0.002682675317,-0.003237960187,-0.0003449277078,-0.001494519573,-0.0004959088143,-0.0007322002402,-0.0008095655335,-0.0001508648505,0.001457787137,0.003419698929,0.0002628152439,0.0001171104257,0.001333886776,0.001952558826,-0.001071011807,-0.002922200553,-0.002230003325,-0.0005389766134,0.001333739324,-0.000831802775,0.001377304963,0.0009263391431,-0.001219536538,0.0007676846384,0.002669451422,0.002112315874,-0.001432730288,7.904421638e-05,0.0004767444974,0.003655079089,0.00482087267,0.005070234963,0.001137553959,0.001063656884,0.0009584410375,0.001150665019,0.003497415918,-0.002444694164,-0.0007322085754,-0.0009047577104,0.0001473155785,-0.001619460766,-0.001879153205,0.0005583148986,7.046716021e-05,-0.0008877080444,0.0006969281608,0.0008479630175,-0.001341490309,-0.002132934658,0.002860302068,-0.001304982487,-0.0009738788475,0.0002768355526,0.0004801103379,0.0009895401396,-0.0009482364754,3.023355434e-05,0.0008457333581,0.00111121804,-0.004189886396,0.0003197439097,0.0008642821471,0.00193397033,0.001307358812,0.001321949257,0.001590540444,0.001058581335,0.001501459229,0.0016566966
2016-11-30,-0.001228047802,0.0005211277858,-0.0001814355058,0.001937703642,0.001110453685,0.000659324948,-0.00286652528,0.0002580663831,0.002969961122,-0.0006264494205,0.005017944008,-0.0002351137023,0.001074520359,0.004829431958,0.004541835342,-0.001120494547,-0.001997357783,0.0006200069388,0.0006819499373,-0.002503568272,0.002966759517,0.002081668337,0.001999568768,0.001458606058,0.0002436260324,-0.00160982468,-0.001031449713,-0.0003660763476,0.0007724881347,0.001743680915,0.003750290063,-0.0005914285738,0.002116922401,0.004734350323,0.001564603523,0.004640336482,0.004501785523,0.0005018189755,0.0005376763448,0.0007965416403,-0.00099627617,0.001450766935,-0.0008436481389,0.001544155417,-0.0007150272838,-0.0008317557859,-0.00200245587,-0.0002600343008,0.004907935616,0.003037806732,0.0009355707578,0.004918638047,0.002417557944,-0.001715163175,-0.0005647646888,-0.0004657353661,0.002061025692,0.002556048399,0.001742593819,0.004489849134,0.001235522195,0.001663439663,0.0006428045625,0.0001212209309,0.002280353659,-0.00036135104,0.003977021537,0.003515427279,0.005767818149,0.003528456656,0.0009842957464,0.004216416296,0.004269764297,0.004246559285,-0.0008975981338,-0.001770005685,-0.001949629473,-0.001296216344,0.005167302268,0.002566189348,-0.0007679457044,0.003037409616,0.002949781885,0.003583275866,0.0009588734262,0.00122289012,0.0004448030362,-0.0006848973384,0.0005240527243,-0.001299455532,-0.001371158962,0.002204325996,0.001301829407,0.001421360647,-0.0001781706899,0.004475107876,0.00496838409,0.004960664061,0.00102498604,0.00498562158,0.0003306349476,0.004834795584,0.0002925590319,0.002239095028,0.003658146258,0.003796673632,0.0005116448817,0.004833952486
2016-12-31,-0.001919771022,0.001016039355,0.001094263179,0.005244547591,-0.0006108328148,0.0001770937409,0.003862523406,-0.001389310517,0.002496061677,0.0001837043682,0.008193350945,-0.0003498305109,0.00134622049,0.01022193022,0.009161151846,-0.0004611453104,-0.001674855694,0.0006885071371,0.001275451836,-0.001188112642,0.004737204538,0.005724364782,0.003099382064,0.003656146662,0.0002713930892,0.00232561055,-0.001104504799,0.001342347376,-0.000700609396,-0.002100170782,0.009418382443,-0.005747549658,-0.001420976705,0.009861070849,0.009338035938,0.009758104847,0.01007707284,-0.003624790119,0.001275701606,0.002138606653,0.002559637841,-0.0006452538709,0.003533136616,0.009038345237,-0.001689408396,0.000625093041,-0.006791821192,0.002608667288,0.009688316155,0.00806730021,0.004078704764,0.009996747876,0.008704341732,-0.001372159363,0.001920481788,-0.002432626071,0.006690087368,0.008584354981,0.007847966095,0.009077917126,0.002061330622,-0.0006282114834,0.0003772597139,0.003029185952,-0.001853955826,-0.003304275195,0.004793112608,-0.0005728359,-0.005551111064,-0.00549815956,0.0001836156237,0.00845532753,0.00866347405,0.009222239413,-1.732437513e-05,-0.001834100025,-0.004950555849,-0.004530486307,0.009685224758,0.006249329198,0.003313089299,-0.002346643303,0.006460054871,0.008533877123,0.005241833716,-0.001208480157,0.0005983308807,0.002071377626,0.003034416043,0.002402069686,-0.003279677402,0.008718403632,0.001433584034,0.00216580071,0.002353775705,0.007513606212,-0.003724179039,0.008558570664,0.001859952473,0.009732753766,0.001658228956,0.009621702155,-0.002124661395,0.00375553812,0.009233138392,0.008771438606,0.00439482114,0.01052147473
2017-01-31,0.001783436186,0.001966593494,0.002325110493,0.001938190502,0.001198221299,0.001538943997,-0.0006256394902,0.0002869648481,0.0008270092642,-0.003210688085,0.002240268621,0.001741775528,-0.002421631618,0.002673717231,0.002605005551,-0.00317833152,-0.001121187312,-0.003318264911,0.002791445917,-0.00237684674,-0.0001505870413,0.0009925631781,0.002204481126,0.002096319735,-0.0002235885566,-0.001214935392,-0.001459582398,-0.0003600322547,-0.003618964527,0.0005765494136,0.002995519128,-0.003899415079,0.001372005114,0.002843130825,0.001117146318,0.002417041956,0.002360175453,-0.003223424864,-0.001717527231,-0.001319762626,0.0008524035564,-0.002154658128,-0.0003275713419,0.0009054677957,-0.00354099168,-0.0009042159835,-0.001792657909,0.002176431344,0.002382192537,0.001740899323,0.001389993919,0.003552048645,-0.0001632185531,-0.004491924708,-0.0003290052723,0.0006249677984,0.003659527828,0.0004098604967,0.003162181855,0.003771074299,0.00361838404,0.002669166346,0.003396854764,0.001137483961,0.001104625379,-0.0007257000855,-0.001080364903,0.004606544265,0.001290082712,0.002700716255,-3.280263791e-05,0.003588660113,0.00398302421,0.004313913861,0.00291759352,-0.004090265887,-0.004993399322,-0.002648065618,0.002292096203,0.0009176153565,-0.0005722038417,0.001749683417,0.001395659346,0.001314413944,0.002959855389,0.001407221118,-0.0001966043762,0.0004881316236,0.0015368454,-0.002070795301,-0.000743232399,0.002764223471,0.002979476559,0.003461927112,-0.0006705689442,0.0004764846665,-0.001899658155,0.001222395437,-0.003599590467,0.002485982845,0.0006620220716,0.003404909541,0.0001195653041,0.002506830325,0.003334143757,0.003278630373,0.003704110318,0.003599747169
2017-02-28,-0.00201493736,0.001146825381,0.001587048618,0.006387118697,0.0002040427666,0.001385320366,0.001457026444,-0.002053041563,0.004321809867,-0.002362444856,0.007485656386,-0.00023756467,0.003795509141,0.009017637466,0.009382567601,0.00149823209,-0.0001443792849,0.003597734616,0.003456554323,-5.42601379e-05,0.005646266184,0.004360485386,0.004659370791,0.004264934939,0.001364394896,-0.00104741521,-0.002045685245,-0.000850511149,-0.001303181186,-0.001358009489,0.008835075329,-0.003833480238,-0.0008313821303,0.009174735614,0.008232824158,0.009296428747,0.00904393669,-0.002153384082,-1.980586137e-05,-8.184361452e-05,-0.001685407647,0.002538552735,-0.0005886346649,0.004566707113,-0.002470081638,0.000230583881,-0.004455284911,0.003785941753,0.008137117766,0.008221383935,0.00504091119,0.00835317082,0.005837633699,0.001093667729,-0.0009452169521,-0.001511813435,0.007595633524,0.006532423569,0.008096674953,0.008860721266,0.001016908692,0.0001508743308,0.00181529384,0.002925459522,-0.008142558076,0.005748623232,0.006942758509,-0.007893983554,0.007204871498,-0.007468253631,0.0002714436806,0.008683746295,0.008539910376,0.008788276388,0.002295285894,-0.001768179452,-0.002757193603,-0.003574289837,0.00785891169,0.005632481737,0.002071187485,0.002868586551,0.004848752247,0.00457697328,0.002145829625,-0.0007505261595,-0.001574013969,-0.001528832664,0.004960432748,-0.003858772113,-0.003003931187,0.007986427107,0.003217906549,0.003692552801,0.000264994808,0.005995513747,0.00567320462,0.005514764635,0.000311788562,0.008459591169,0.001126679287,0.007325879077,-0.003478967431,0.0008097685642,0.008346030046,0.008576273971,0.00535786327,0.009190942352
2017-03-31,0.002929781307,-0.0006031585075,-0.0003754086128,-0.002033123101,-0.0004858234459,-0.0004313723326,-0.001895158276,0.00274258787,-0.0009915744711,-0.0006505477792,-0.004589930233,0.0002765532531,-0.001926791442,-0.005537293667,-0.005244815847,-0.0009257753057,0.0003322863087,-0.002396014651,0.0001051672529,-0.001511682778,-0.003366358579,-0.004451700401,-0.002200886314,-0.002052271157,-0.001304682118,0.0008793817398,-0.001819281537,-0.0018087585,-0.001661029119,-0.0002953354854,-0.005084453095,7.137029604e-05,0.00119625153,-0.004912380563,-0.005467021771,-0.005481678711,-0.005583987485,0.0001299541077,-0.0007181989623,-0.000960882754,-0.0008475053494,-0.0009184919581,-0.001462446579,-0.00397299566,-0.0001803548863,-0.001041715515,0.002872497358,-2.258185169e-06,-0.00614743255,-0.003210792553,-0.000559110661,-0.003413995278,-0.00410984535,-0.00272505341,-1.979970565e-05,-0.00071777296,-0.003248882131,-0.003735393693,-0.003520274384,-0.004998119205,0.001337127453,0.0006956641864,0.001818028992,-0.0007441388861,0.001474578226,6.0886778e-05,0.0002460133144,0.001224461704,-0.0003416400948,-0.00201499631,-0.000540745434,-0.004153086972,-0.004445945589,-0.004788123677,0.0005864060423,-0.0007708069528,-0.0004878543669,0.0003517933894,-0.006262253374,-0.003909108764,-0.004642209853,-0.002038937068,-0.0005138192282,-0.003207888324,-0.0007629140849,0.00136751439,0.00023128761,-0.0004483275628,-0.001141839531,0.000765243603,-0.001818428421,-0.004180805942,-0.0009657933834,-0.001267274138,-0.003286213299,-0.004999106714,-0.0046926017,-0.004279685795,-0.001695279677,-0.006171520608,0.002522674998,-0.002903225037,0.003674146414,0.001467396629,-0.004470651124,-0.004091434408,-0.001775691311,-0.00431572402
2017-04-30,-0.0005377545189,2.366652004e-05,7.118365808e-05,0.0007142849691,-0.0008580595756,-0.001024897078,0.0005614406037,-0.0002657065185,-0.0006542376399,0.00145414009,0.0004182556902,-0.0003277826974,0.0005911252338,0.001096802329,0.0008449178641,0.0004512142391,-0.0008540919321,0.000947780702,-7.103108928e-05,0.0004128465463,-9.509138702e-05,0.001012605048,-0.0005168177616,-0.0002010373405,-0.0003699633547,5.730070521e-05,-0.001804819383,-0.000473314164,-0.001112411697,-0.0003948490138,0.001169332,-0.00248695313,0.0001240263727,0.000673198799,0.0005707473219,0.000664321333,0.0009100842798,-0.0004618424558,0.001606782991,0.001384076813,0.0006467040594,-0.001055900086,0.001232863385,0.001485571852,-2.652630565e-05,-0.0005609540716,-0.0006377310846,0.000288124359,0.0004923166412,0.0010768603,0.0003744174926,0.001191757386,0.0006742476605,-0.0003937514761,-0.000206811912,-0.0007514053889,-7.216737082e-05,0.0007514933356,0.0001217748661,0.0008714620667,0.0003733756496,-0.0002403411822,0.0002253343361,0.0005902722292,0.0005492991519,-0.002682908098,-0.002772951649,0.0007847119946,-0.002021854588,-0.001251218181,-0.0004904061722,0.0006014492058,0.0006692444032,0.0005854426399,-3.32247563e-05,0.0002916727297,0.0003095295943,-8.698862106e-05,0.0004795735676,0.000714882949,0.001212132424,6.438352269e-05,0.0003656250175,0.0005194820397,0.0003622423754,0.0001421473018,5.36269023e-05,-0.0005380197991,0.0002143484116,-0.000820336389,-0.0008033023318,0.0002285633502,0.0008575737038,0.0007322422844,-0.001035116967,0.0002197306802,0.0001178733637,-0.0001737932776,0.0004922432105,0.0004410446874,0.0001214647743,0.0008746607585,0.001161825662,0.001202302292,0.0008568409688,0.0006137875862,0.0002202361371,0.0010395591
2017-05-31,-0.0009563661123,0.0005209251627,0.0005797790441,0.001275484346,-0.0006288469675,-0.000276932376,0.001999455705,-0.0007531121948,0.00206474303,0.00144031411,0.0043407132,-4.599775332e-05,0.001715850258,0.004797626168,0.00493881575,0.001317129854,-0.0008517102308,0.00240865194,0.001261514084,0.00023547491,0.002358662164,0.003593717613,0.0009452799161,0.001179431156,0.001593405609,0.002009288836,-0.0004220232141,0.001665408193,-0.000285428661,-0.001314082472,0.00421150268,-0.002501095671,-0.001585959368,0.004276114615,0.003956961645,0.005132332217,0.004725963682,-0.0001685652804,0.0004611415093,0.001629912171,-0.001384284837,0.0009300180492,0.0002849788374,0.002866564181,0.0002030111603,0.002056286045,-0.001917524596,-0.001200483126,0.003934022925,0.004547893853,0.0006412330225,0.005162532135,0.002683580568,-0.00209000162,-0.001140298994,0.0001484864609,0.003022893053,0.003499091924,0.003616594601,0.003350750581,-0.0006836782257,-0.001168401982,-8.924874848e-05,0.001296696426,0.00117802638,0.002605995061,0.0009967108458,0.001157718144,0.001142940004,0.002218784012,-0.000118270407,0.002913292863,0.003146277969,0.003312419679,-0.0007069226198,0.002597884251,0.001307351274,0.0009749823316,0.003927884061,0.002448190228,0.002521416948,0.0003217996519,0.001983762324,0.002683586538,0.001091871097,-0.0007003471406,-0.0009671097135,-0.0008648121792,0.001584213679,-0.001875427913,-0.0002595694339,0.003611432516,0.0008423003889,0.0007097828672,-0.0002586906345,0.003928896385,0.003215046116,0.0035012257,0.001677626767,0.0039342089,0.0007904207178,0.004502721134,3.902527078e-05,0.002169555848,0.003275507103,0.003768334781,0.002135554081,0.005110205534
2017-06-30,-0.0003765226632,0.002291449718,0.002295959962,0.002342334725,-0.001424747477,-0.0004299205546,0.003148928383,-0.0021851181,0.003128990757,0.002271274763,0.006538861244,-0.0001849553767,0.001832808865,0.007789200561,0.007716161689,0.000837063061,-0.001862927066,0.002969238273,0.0008897460923,-0.0008391781809,0.003026457867,0.005062128335,0.0009471478015,0.001194442994,0.001276508612,0.004194043166,-0.001318082646,3.751030139e-05,-0.001092031577,-0.001784153253,0.007451056713,-0.001763164597,-0.00247921507,0.007007622236,0.005513423609,0.007736908564,0.007622942976,-0.001723130145,0.001633959789,0.002324069751,-0.0005888836761,0.001172455916,0.0009455964401,0.005018032348,-0.0006145796347,0.004406069689,-0.003551908293,-0.002913148843,0.008429296232,0.007910175666,3.828258997e-05,0.008044847768,0.005639719778,-0.004345658628,-0.00141642409,-2.938010265e-05,0.005600524954,0.005965759786,0.005995412255,0.007050145036,-0.001642953135,-0.001497418147,-0.001975608856,0.003401625061,0.000638708792,-0.001477987962,-0.000307381256,-0.0006160740316,0.0007087709635,-0.0008505079655,-0.001232971318,0.006839778692,0.007111367398,0.007327612364,-0.0003788973599,0.00559098959,0.002231576421,0.001423892462,0.008427746364,0.005283230845,0.004434612929,-0.002868384956,0.002480380003,0.0009202999254,0.004870824517,0.00414850018,-1.238720697e-05,-0.0009635977097,0.003055786916,-0.001344733063,0.00158822853,0.005712946815,0.002341448651,0.002295772819,0.004016865393,0.006069884743,-0.004007168887,0.005753490518,-7.503814195e-05,0.008569020219,0.002283312706,0.008755021409,-0.0002116981266,0.003498910831,0.007334467011,0.007269618793,0.003829936729,0.008957505275
2017-07-31,-0.0003500205968,0.0003421658647,0.0003476145427,0.00299109935,-0.0002139160814,0.0004684012624,0.0004305952638,-0.001502326712,0.003082421966,-0.00106815795,0.004399514106,0.00148770962,0.0004070405554,0.004007137909,0.003716570229,0.0008676395587,0.0004262068284,0.0005661278939,0.0003311306191,0.001142246541,0.001659416172,0.003241365557,0.0005245558646,0.0009372916685,1.638207011e-05,-0.0004977623938,0.001137095769,0.001448418834,0.001747016457,-0.001006814221,0.004274011221,-0.0006906474172,-0.0007150771903,0.004467833396,0.002815313898,0.003930905822,0.004172588005,-0.001829153499,-0.0007799114158,-0.0006563277445,-0.0001387180801,-0.0001462637618,-0.0003525131596,0.001759590687,-0.001414105498,-0.0009628463609,-0.002478515946,0.0008530469715,0.004411360136,0.004206189257,0.0024051228,0.004097215336,0.003227886165,-0.002215721199,-0.000468028426,0.0002979888735,0.00328887216,0.003323403432,0.003545965745,0.004223072252,0.002580469719,-0.0007567870263,0.001689481947,0.0007960348053,0.001195836971,0.001546788926,0.0009826620565,0.003032310561,0.002156508702,0.001762159269,-0.0004182564374,0.004107654569,0.004014430766,0.004398839777,0.0001360163126,0.002313236635,-0.0004087959553,-0.001746641991,0.004332420582,0.004765114603,0.004129179625,0.0006049549893,0.002627615513,0.003956546314,0.0001726518763,-0.001670226445,-0.0005470368036,-0.0002441597745,0.0008054293784,-0.0007013945585,0.0001275168047,0.004061475436,0.001738823444,0.001824843987,0.0009465779442,0.003138355608,0.002122818984,0.001940776803,0.0004227921812,0.004689367315,0.001159800153,0.004367390328,-0.001476988524,-0.0002194049025,0.004758412816,0.004178520598,0.002306821159,0.004895089215
2017-08-31,0.002728777881,-0.0003775048182,-0.0005396996992,-0.002454818584,0.0009322544362,0.0004597320976,-0.002394174945,0.001384966136,-0.002740361678,0.0002806127501,-0.005627911019,0.0007552153171,-0.001459163499,-0.006701695539,-0.006802243251,-0.0005945117733,0.001003863081,-0.002156659379,-0.001608409664,-0.0008216976564,-0.003360175896,-0.004601529874,-0.0009077812004,-0.001478551457,-0.0008857817884,0.002604551969,-0.0006049871806,-0.0003179627642,-0.001150310522,0.0009244201768,-0.00646658836,0.0004386180036,0.002244082518,-0.006629443206,-0.005214548061,-0.006708356259,-0.006672987342,0.001663527084,-0.001278467742,-0.002040736395,-0.0007063995135,-0.0009817162736,-0.000861676462,-0.003942636559,0.001341421394,0.004371486704,0.004450253985,0.001284511136,-0.007705112617,-0.005800441009,-0.0007910338503,-0.005286088947,-0.006076694833,0.003475260502,0.001096217064,0.0002128988458,-0.004656308969,-0.006393271715,-0.005225802943,-0.005188919933,-0.0004855922364,-0.002213608122,-0.001100769616,-0.0001966427781,0.0004787645321,-7.362973403e-06,-0.001092457312,0.001995768918,0.001139020325,0.002247209816,0.0006025831179,-0.005517679242,-0.005970753061,-0.006020923425,0.0006921064361,-0.00381440549,-0.002198835756,-0.0004590376083,-0.007708647451,-0.00520843058,-0.004110623514,-0.004534422812,-0.003941795498,-0.005318556495,-0.001793503659,0.0002567603792,-0.0003223202064,0.001056458045,-0.0008878251777,0.002653793204,0.001189985003,-0.005724510493,-0.0018052005,-0.001900973324,-0.003038305734,-0.005697758361,-0.006194952382,-0.005384348656,-0.001163340625,-0.007979250733,0.0002341293565,-0.005034928837,0.00336818506,0.0009793039274,-0.005077110544,-0.004635735696,-0.003082806946,-0.0069141328
2017-09-30,-0.001786475985,0.001399003456,0.001972245572,0.004871829873,-0.001852385351,-0.0002228396238,0.002675549632,-0.001408907348,0.006250268967,0.0004849948727,0.009873157567,-0.0004020990781,0.002419331542,0.01065647828,0.01060770406,7.439976661e-05,-0.002711222817,0.002040128995,0.002327143022,0.0002343356144,0.005608220607,0.006588960731,0.001887819248,0.002334956308,0.001267961712,-0.002693374568,0.0003836936737,0.0006130506221,0.001372352968,-0.001758239519,0.01050959191,-0.00198166538,-0.003822071857,0.01059208569,0.008247063372,0.0112465738,0.01061861915,-0.002908685689,0.0006304193164,0.001248314813,-0.001678596703,0.0008784101651,-0.0002271823684,0.006265438999,-0.002367694337,-0.001228602851,-0.006416476722,-0.00229483461,0.01220360276,0.01057218781,0.002445787816,0.01083596882,0.006714920216,-0.006699910124,-0.001584959862,-0.0007655986933,0.007680488197,0.007250693241,0.007979693566,0.0101407038,0.002929826686,0.004078095079,0.002474473645,0.003698323543,-0.00165198496,-0.001844375745,-0.001099064905,0.002362709229,0.002372989576,0.004791592607,-0.001815621568,0.01010846702,0.01053849755,0.01130689346,-1.009295356e-05,0.007352971301,0.004536026268,0.001194596135,0.01224386823,0.008368202821,0.004732586339,0.008400792743,0.006152398637,0.009184054448,0.003449675929,0.0008809765232,0.001031036106,-0.001771183302,0.004145980768,-0.003028431948,-0.001228427651,0.008425631642,0.004734937822,0.00473415114,-0.008887547069,0.008467102315,0.009747179995,0.007131750639,0.001108058297,0.01220534614,0.003253335723,0.01060473656,-0.003825954992,0.0002151317116,0.01063361454,0.009563530718,0.004615859819,0.01214503799
2017-10-31,0.0005545297298,0.0007869044201,0.0007502763039,0.001466844572,-6.212556796e-05,-0.0003020339795,0.001231461032,-0.001670663345,0.001611420688,0.0006480401394,0.002273323069,-0.0009183758864,0.0004870046197,0.002917343249,0.002696113742,-0.0002281939253,-0.000830735451,0.0005736731325,-0.001243652267,-0.0008132171727,0.00129543603,0.002011886515,0.0001783640994,0.0002457925809,0.0001048461392,0.00179482869,-0.0003802166772,-9.042579536e-05,1.837549734e-05,-0.001205751501,0.00269615735,-0.0004252499178,-3.878229268e-05,0.003192437755,0.002224586671,0.002277246868,0.002740638587,-0.002252096509,0.0008487718027,0.000484077321,0.0004308884554,-0.0009992601754,0.0009327778888,0.002337922766,-0.001039458758,0.001377481369,-0.002224854036,-0.002141845392,0.003008751716,0.003089794895,0.0002365890651,0.003381437982,0.00182185056,-0.002179075311,-0.0002676828207,-0.0007547682267,0.001926786376,0.00232031658,0.002197113364,0.002898566291,0.0006120720403,0.001662485549,0.001083626936,0.001367528267,0.002985230444,0.001181820868,0.0007932479667,0.003627727572,-7.914370981e-05,-0.001271194764,-0.0005601944686,0.002826872837,0.002819537452,0.003207182549,4.519765291e-05,0.00274071227,0.001787305126,0.0006074802268,0.002999827954,0.003264153838,0.002207455919,0.0009469224862,0.002653911254,0.00254022763,0.001404381698,0.000440383717,0.0008062490068,-0.0002789975551,0.001227926125,-0.0004149222759,-0.0009938209603,0.002158968995,0.001728467258,0.001279001056,0.002229303915,0.003179830561,-0.0007445646839,0.002907948,-0.000239200806,0.002881077007,0.00222067962,0.003200269774,0.001993040771,0.002709268147,0.003320363354,0.003299585108,0.001448242165,0.003163966657
2017-11-30,0.00244865584,0.0009208450256,0.001077956034,0.0001365045158,-0.0008396288096,-0.0003813373865,0.0007440209383,6.107407447e-05,0.001228951075,0.001063033722,0.001460148109,0.0003018805788,7.782098613e-05,0.001633180721,0.001647603431,-0.001472707478,-0.001830115585,-0.001190601449,-5.351123103e-05,-0.001339212779,0.0007966812419,0.0004866692555,-0.0006441093649,-0.0002828838792,-0.001364426428,-0.0007047205247,-0.001613654855,-0.0005166172347,-0.001156529576,-0.0005567357141,0.002240832963,-0.0001660483531,0.0001588999681,0.001466140854,0.001952195491,0.001773372151,0.001595989611,-0.0004735500822,0.0001009619327,0.0004462343028,-0.001078280129,-0.0001711034879,3.137531809e-05,0.001711700922,-0.0002652126013,-0.001273926554,-0.001751732766,-0.0008469809521,0.002097710532,0.001125257057,-0.0005261461233,0.002119250704,0.001614519945,-0.003134538452,-0.001257862659,0.0004011720391,0.001453677426,0.0006314716856,0.001692055901,0.002911221753,-7.943960339e-05,0.0005918094246,0.0008269295062,0.001914447298,-0.001246354709,-0.001487171722,-0.001395117751,0.000382027852,0.001184772236,0.0006819447734,-0.00127185277,0.0024734598,0.002693531775,0.001783869554,0.001327978643,0.0005785615269,0.0001167032915,-7.451003231e-05,0.002401773691,0.0005728270939,0.000468551877,0.001343321041,0.0006921355284,0.001034261097,0.002129493514,0.003135270669,-0.0005281074466,-0.001379142195,0.002049180903,3.114689947e-05,0.0008239134913,0.001485442931,0.00187089126,0.001484570541,0.0008475762779,0.001352578228,0.001055559442,0.00145418474,-0.001582177132,0.001904307867,0.002790915324,0.002310809435,0.002371718387,0.003370558421,0.002805034522,0.001621523794,0.002124123656,0.001822437154
2017-12-31,-0.0008772327244,-0.0005192619513,-0.0009338137735,0.003585035011,-0.001532335448,9.255438547e-05,0.003602911344,-0.0009086322947,0.003650474594,0.0008529183357,0.005633032306,9.467473463e-05,-5.218146794e-05,0.006095778956,0.007175572243,0.0006097531114,-0.001117670939,0.002964838024,0.0009567055047,0.001129324693,0.00350579975,0.003972441942,-0.0002415402103,-2.516051265e-05,0.001161689638,-0.004337371686,0.0001566106843,0.0004190368689,0.0004010947639,-0.0007325238579,0.006182151895,-0.0007835635437,-0.001137035503,0.006568093805,0.006397167075,0.006963075963,0.005989703442,-0.003285090038,0.0005259051591,0.002740382541,0.0002066215567,-0.0002764476329,0.0009976430022,0.004343571079,0.0003299589713,0.0005445072628,-0.002663576684,-0.002801874709,0.007531242319,0.006632986495,0.001652149059,0.007467992766,0.006383065606,-0.005827037002,0.0004168344384,-0.002412410496,0.004732276006,0.006354082787,0.005059225256,0.005580595124,0.001834219886,0.002461251064,0.002801277891,-0.0004643680047,-0.002847512424,-0.001305151968,-0.001669938614,-0.0001726943188,0.003841870788,0.00319288162,-0.001535038802,0.004874153566,0.005089789541,0.005091051506,-0.00273246213,0.004839207739,0.003825018261,0.001831331982,0.007464546978,0.005004061169,0.001759118303,0.005045132095,0.005066849458,0.004166445989,0.001247402846,-0.001354569733,0.0004026280746,-9.941652819e-05,0.0004292355206,0.001289250509,-0.0009987017572,0.005750300048,0.001532666455,0.001327656858,0.00200622751,0.00429594932,0.006673552367,0.004471300757,0.003088516695,0.007473853054,0.002860528375,0.006742070193,-0.001604526736,0.001361440167,0.005731623758,0.004645026158,0.001987575893,0.008434218177
2018-01-31,0.0006771522973,0.002912903286,0.002910943313,0.005532875236,-0.0007922048577,0.0003469119825,0.003873621993,-0.001436377767,0.003192221579,-0.001157795629,0.00848093519,0.00171057548,0.0004381442398,0.008685626657,0.009092462995,-0.001020398734,-0.001345610074,-0.0003745920843,-0.0008759329145,-0.001524869712,0.004031323463,0.00615116365,0.001152316206,0.001620533424,0.001025707251,0.001214393677,0.00124869551,0.001151285249,0.0007888655103,-0.002005048182,0.009613750807,0.0003780291016,-0.0002684841739,0.008847075731,0.006841903409,0.008435989479,0.00837014972,-0.003251059945,0.00100300007,0.001425363883,-0.0009260325937,0.0001657714642,0.0009508459251,0.00525761864,-0.0009892592587,0.005071339508,-0.005333027043,-0.001377352726,0.009526076083,0.01034343839,0.002292352284,0.01126128271,0.004620753924,-0.008296760376,-0.002651929915,-0.001200415802,0.00831132677,0.008010435345,0.008844452487,0.009571453526,0.001733309835,0.003898411829,0.002881143313,0.004216292281,0.0004806006851,0.0003556889655,-0.001333739276,-0.002266176192,0.005080769929,0.004998633135,-0.0008240226322,0.009813214528,0.009820910479,0.00997996534,0.002327340109,0.006030817148,0.004185703556,0.0008328958382,0.009468035443,0.006496222493,0.003323438903,0.004042055366,0.003961173831,0.006238705993,0.00614342177,0.003863927934,-0.0001708886542,-0.002311004421,0.004626380185,-0.0004697179308,-8.995924434e-05,0.008926944489,0.005733681404,0.005576486092,0.001739289615,0.006192471053,0.003780090479,0.00580426008,-0.001439103878,0.009836787031,0.002349263876,0.008671054178,0.0003024522993,0.003903437288,0.009876605376,0.009341443984,0.007134125701,0.01125558311
2018-02-28,0.002745000807,-0.001318098261,-0.00149040095,-0.00380420791,0.0004603581678,-0.0004794375835,-0.0009613659201,-0.0003144583337,-0.004365592617,0.001571694772,-0.006260285266,0.001357150146,-0.00408785152,-0.009810511833,-0.00956094856,0.001027184354,0.001644282744,-0.002843217104,-0.002754227296,-0.002024510082,-0.004204327931,-0.005427834304,-0.0002360418397,-0.0005051069061,-0.003464127301,-0.0004931010312,-0.000892910128,0.002349801799,-0.003362357824,-0.0001254683208,-0.009318681841,-0.006434194198,-0.0002191471067,-0.008897676386,-0.007025692146,-0.009745836186,-0.009541604206,0.001116414474,-0.001212885578,-0.002073633807,0.0001499967632,-0.001568952064,-0.001627479327,-0.007633955723,0.002312280285,0.007427921609,0.006692793784,0.003000126603,-0.01198750954,-0.007916684096,0.0001531156907,-0.00878077493,-0.009093246346,0.005261291381,0.00117780472,-0.0003098619917,-0.007908193221,-0.009769807529,-0.008798967454,-0.008259655389,-0.003695237396,-0.00517472537,-0.004558030995,-0.002152526723,0.003165735534,0.003722066294,0.004222693054,0.0008963376403,-0.004366360371,-0.004324423017,0.002848144321,-0.006911866373,-0.007744506955,-0.008456298309,0.002959504674,-0.006382691264,-0.007041453091,-0.002663563427,-0.01206996169,-0.008133767959,-0.006818608156,-0.007346080713,-0.008048426442,-0.008813067556,-0.002297781581,-0.0002311539262,-0.0006274621487,0.000891936051,-0.002309379749,-0.002231794865,-0.0002185805857,-0.009000103,-0.002914949276,-0.002329214395,-0.005508955411,-0.008521356908,-0.008032731631,-0.00823806081,-0.002755022006,-0.01211727642,-0.0001765266912,-0.008712557426,0.005838089554,0.001073892558,-0.00930100864,-0.007294529473,-0.004953843524,-0.009847276773
2018-03-31,0.002141848308,-0.00185262154,-0.002276244465,-0.003738260463,0.0005868570552,0.0007840688408,-0.001689096327,0.0002772474325,-0.003733582231,0.001168178172,-0.006465098703,-0.0007278352277,-0.001436495114,-0.007824972094,-0.008508127894,-0.001360699325,-0.0006155471205,-0.001748703086,-0.002966421989,-0.001992823798,-0.001672748515,-0.004754413182,-0.0007283828506,-0.001016670456,-0.003236591772,0.003935774431,-0.001835351596,-0.0003554974208,-0.002573246829,0.0003528290436,-0.007989417728,-0.001306312715,-0.0004921734703,-0.007163553449,-0.004950063736,-0.008291813958,-0.007714657878,0.0001537044277,8.556424309e-07,-0.0006803614658,0.001758332112,-0.00046913431,0.001314319664,-0.002793198359,0.001226476416,0.00483745017,0.002422167824,-0.00227811807,-0.009506860453,-0.007733646761,-0.002140215932,-0.007030732242,-0.007391535108,0.0003784335272,0.0001578414594,0.0003461793656,-0.006966155532,-0.007637699271,-0.007992505207,-0.005957366505,-0.002625971434,-0.002746483506,-0.003594020277,-0.002274672249,0.0003637055011,0.000845944709,0.001667288538,0.002040833822,0.002097827651,0.001900874434,0.00169924558,-0.006836444295,-0.006239345784,-0.006881835641,-0.001057160504,-0.00357878418,-0.002459787012,-0.0005396161427,-0.009531247858,-0.005703864943,-0.003617175243,-0.005840786942,-0.006112849107,-0.006218205595,-0.002723222892,-0.002530197702,-0.0004168194115,0.0001381422321,-0.00314824582,0.0002346152338,0.002766395162,-0.00781587752,-0.003107214095,-0.003800510188,0.005425805031,-0.005384569451,-0.006674853491,-0.006319279632,0.0006577493335,-0.009560702431,0.0001991605894,-0.006698680226,0.004686740615,0.001430732842,-0.007244288881,-0.005592581624,-0.005684805425,-0.008525614412
2018-04-30,7.518151462e-05,-0.0009232456661,-0.0003311657575,0.001920720379,-0.0005778052233,-0.0007759506318,-0.0005218196625,-0.0004292301821,-5.169347807e-05,-0.001772570507,-0.000708432033,0.001001605052,-0.001369111728,-0.001132051965,-0.001196246512,-0.0003347517107,0.002281450255,-0.0008122035189,-0.0008180684291,0.00190836533,-0.001001471032,0.0009279306453,2.692905456e-05,-0.0002436799698,-0.0008087828648,-0.002208229481,0.0008728105126,0.001072112762,1.072906762e-07,-0.0006732526449,-0.001801453697,-0.000237352699,-0.001419631462,-0.002190857543,-0.002377859641,-0.001052010759,-0.00142610583,0.0005808980404,-0.000603243226,-0.002007736069,0.0004264593598,-3.343000107e-05,-0.002071081487,-0.002587781289,0.001432342664,-0.003124898741,0.003534883583,0.003368121121,-0.001891863469,0.0005174950891,0.002707774713,0.0008533309448,-0.002678016622,-0.002201925164,-0.00038602144,0.0001566859255,0.0008753935997,-0.00239500274,0.0002444336454,0.0002731612961,-0.001701913993,0.00129005413,-0.001958144,0.001252628647,-0.002134338525,0.005437045603,0.005305409466,-0.002674134094,0.004512245928,-0.001909874382,-0.0002454274815,0.001404513321,0.001035928325,0.000666169737,0.00187118987,-0.002051974867,-0.0025546142,-0.002168856744,-0.001887603969,-0.003940290275,-0.001090425052,0.0006668359013,-0.002478297004,-0.002313048098,-0.0005948280784,-0.0001806291856,-0.0001345261267,0.0001511387144,0.0005542114523,-0.0004456775453,-0.0009319059121,0.0001675058647,0.0006592664817,0.0008152460987,-0.00110422912,-0.003038016605,-0.001623793305,-0.002865000626,-0.002416324989,-0.00189172098,0.0007953503041,0.001026867681,0.002092431484,0.001010427326,0.0003343789119,2.511207745e-05,4.908904549e-05,0.0006141153838
2018-05-31,0.00141794518,-0.001216018335,-0.001070405663,-5.298891038e-05,0.001283942815,0.0007427114509,-0.0004379064349,-9.839137516e-05,-0.002840971042,-0.0005353227895,-0.003414250123,0.0003339821847,-0.00191474674,-0.003536118181,-0.004391284606,0.0005486454018,0.001268426201,-0.002343352416,-0.002817032146,0.0005631077265,0.000273015695,-0.00323065943,0.000184841038,0.000565943734,-0.001602185904,0.000781418236,-0.0006550993395,0.0008840471912,-0.0008244742356,0.0001025296401,-0.003977496792,0.0006865080887,0.0006890703765,-0.003796813844,-0.002224127657,-0.00403580139,-0.00375872459,0.0003076622609,-0.0002735007503,-0.0008810038091,0.00178736643,-0.0009175177928,0.001755590679,-0.001066476209,-0.0003906524273,-0.002745598323,0.0007708280856,0.001128234434,-0.006306442682,-0.003051718233,0.0009343219651,-0.003132239435,-0.003566060305,-0.0004359738445,0.000720255637,0.0009167165202,-0.002827348276,-0.003383325446,-0.003253590957,-0.003158859807,-0.002287054406,0.001557537478,-0.001214188685,0.0001893554627,-0.006118200134,0.0005522879205,0.0009874525275,-0.004526547633,-0.002235807461,-0.001282927334,0.0009915801284,-0.003570091307,-0.003295775625,-0.003034692992,0.001286372546,-0.003140148071,-0.002992894175,-0.00268523941,-0.006291453424,-0.004431331414,-0.002934909711,0.004677029268,-0.001157198745,-0.002587823583,-0.002121690544,-0.001042639704,-0.000583681809,0.0007546710843,-0.0003368878003,0.0003594415405,0.002106071992,-0.003436740244,-0.001400545443,-0.001227627333,0.0003117314874,-0.004235092921,0.002720518591,0.0007701325415,-0.00096878979,-0.006397313986,-0.0003243623523,-0.004358252913,0.001050982325,-0.0003701474612,-0.002489886751,-0.003080298227,-0.002042657409,-0.003678675199
2018-06-30,-0.0008601292722,-0.00315127229,-0.002913434329,-0.001304109058,0.0003589219452,0.0001804656094,-0.0008859323919,-0.001260733585,-0.003794015967,0.001042809968,-0.004495970488,0.0002177194425,-0.001251867424,-0.005677570339,-0.005662541856,0.0007122014896,0.00099965592,-0.001349573904,-0.002095234682,0.00093685579,-0.002804840971,-0.002690749029,-0.001996135575,-0.00213561178,-0.002788405537,-0.0005827646101,-0.0001425302044,0.0005461803085,-0.0005749720217,-0.0001302099301,-0.006019183211,0.00310865521,-0.001203675328,-0.005028477652,-0.004423101582,-0.005945811025,-0.005721003679,-0.0007504120475,-0.0002158445606,-0.001288121597,0.0007821460209,-0.0009262927561,-0.0006811909651,-0.004359955648,0.0002757565187,0.002551725235,0.003200333311,0.001276937063,-0.007310977294,-0.005336657183,0.001267933112,-0.00531083047,-0.005881664673,0.0005416181538,0.001162443246,0.000840036403,-0.004777525794,-0.005430125336,-0.005257765832,-0.005533776134,-0.003024697064,0.003187322371,0.0004635465771,-0.001784871819,0.00447834599,0.004114998388,0.003546230334,-0.0002868141924,0.00486211555,0.001155274503,0.001779793422,-0.005234158706,-0.005368801891,-0.00553400086,0.0004229382989,-0.00564293188,-0.005792708205,-0.001473473044,-0.007249285009,-0.005497859341,-0.005634554681,0.004278082058,0.001123185721,-0.004056760202,-0.004473257067,-0.003217592648,0.0001316492431,0.001211092507,-0.002201325984,0.002804218599,0.002179769264,-0.005070500582,-0.001633891448,-0.001661552212,0.004530236006,-0.005518392152,0.004255165199,0.0005076332167,7.68130142e-05,-0.0075396767,-0.00259878048,-0.00645395775,0.000997658502,-0.0009929965226,-0.005520400742,-0.005228979626,-0.003931969587,-0.005615425587
2018-07-31,-0.003420998141,0.001529048855,0.001516243062,0.004738864422,8.250152563e-05,0.0008248402413,0.001473603286,0.004020214875,0.008901647525,-0.0002403246813,0.007815685628,-0.001956772519,0.002065663403,0.0116085347,0.01200423922,-0.0002706158469,-0.001038876657,0.003237726444,0.002043458452,0.001085022748,0.003874889132,0.004324924903,0.001671317504,0.001758728492,0.004259169588,0.001523199902,0.0002108592802,0.0006853783586,7.798894612e-05,0.0006113556597,0.01174362689,-0.01090465176,0.001208425922,0.01136217649,0.009567132172,0.01197485907,0.01154640438,-0.0009964949351,-0.0002021220114,0.001482496359,0.001041556726,0.001556258414,0.001285466349,0.008153632266,0.001670255031,0.004015102573,0.0007672196929,0.002994031804,0.01397103864,0.01216957934,0.000325315592,0.01327757214,0.009178526991,-0.001979788659,-0.0002777939885,-0.0009114762322,0.008433881033,0.01088672422,0.009569593371,0.01014187837,0.001253089463,-0.005013331696,-0.003044889077,0.003620868727,-0.001092245103,-0.0008873568924,0.0002667630032,-0.001340332009,-0.0006950999014,-0.001790496206,-0.002769065926,0.008900223168,0.009179845222,0.00987521406,-0.003099670669,0.007955569689,0.008309508946,0.003710274853,0.01389116376,-0.0001355132138,0.007235397147,-0.007510906747,-0.008945131317,-0.002623608404,0.003517850587,0.0005799459081,-0.000486760389,2.696336771e-05,0.003848537642,-0.001656574289,-0.004131995503,0.0103899608,0.002833446546,0.002672591784,-0.009874822111,-0.0003449877271,-0.008130618853,-0.01043604676,0.002866886532,0.01387367042,0.003026884893,0.01283969771,-0.001273708484,0.002876751243,0.01187421062,0.009718597793,0.005090809395,0.01355645533
2018-08-31,0.0004136601293,-0.0006622679495,-0.0008952813147,-0.001603378456,-0.000636175884,-0.001425200636,0.000238421562,-0.001738881834,-0.004115093799,-0.0009839063225,-0.00250260686,0.001346227486,-0.002758030295,-0.005127468963,-0.00502634666,0.001305086365,0.001003404825,0.0002905170436,-0.003150052898,0.00202958964,-0.002120591444,-0.002027430333,-0.0009897108942,-0.000883753313,-0.001769346164,0.004422565679,-0.0003584969172,0.0005526040808,0.0001746583925,-0.0002050850566,-0.005102468654,0.001257550721,-0.001891440385,-0.005324586869,-0.004161442588,-0.005258153121,-0.005137245599,0.001245667429,0.0008510218737,5.42299278e-06,-0.001021908422,-0.000288141506,-0.00106020156,-0.003951404514,0.001126868884,-0.002371595481,0.002525434209,0.0003127353641,-0.005888317903,-0.005309417853,0.0005078161058,-0.005399556906,-0.004986915317,-0.0001358112809,0.0001357930951,-0.0005399542284,-0.003597672677,-0.005275109587,-0.004513911859,-0.004714233647,0.0007966904212,0.00111395869,0.002802771362,-0.0009569967068,0.0009986969577,-7.779961438e-05,0.001215314885,-0.0003356428178,0.002454645265,0.002701792916,0.001291884622,-0.003914981366,-0.00429860379,-0.004670255431,0.001768694765,-0.002873490343,-0.003463157469,-0.00209363036,-0.005903990189,0.001799503079,-0.004990678841,0.003540972769,0.004795113264,0.0028351674,-0.002201262574,-0.001055435808,-0.0003914113749,0.0006605123057,-0.001406715679,0.000636770268,-0.001977085693,-0.005055819359,-0.0004893684093,-0.0004856591132,-0.00541896717,0.0004711454576,0.004590148135,0.004368143297,-0.001639241292,-0.005831907621,-0.002435768611,-0.005407020051,0.002368974578,0.001039561295,-0.004980412331,-0.004704635473,-0.002209658719,-0.005659136391
2018-09-30,-0.001079315798,0.001482537976,0.001619526756,0.00231006752,0.0004028402476,0.0009186473747,0.0006384332269,0.002106478669,0.00634223841,-0.0006607221233,0.005772363413,8.225062934e-05,0.002113235303,0.007214334083,0.007104000221,0.001840198502,0.001798866224,0.002308924974,-5.289410535e-05,0.001506604314,0.000698374674,0.002261450979,0.000604435818,0.0006478043777,0.003588318626,-0.003522346331,0.001679853024,-0.0002423226792,0.002440775715,0.0002515248762,0.007203259172,-0.005788274295,-0.000242009209,0.007838587437,0.005373494414,0.00738184392,0.007084980486,-0.001581501878,0.0003314796123,0.0007770754776,-0.001389610585,0.0003005701687,-0.0004205376931,0.003826003017,0.001055416928,2.945762083e-05,0.00105734942,0.0009975694331,0.007626398241,0.007995088807,0.0004420637971,0.008229760527,0.005723577327,-0.005395128622,-0.0001512603561,5.891895473e-05,0.006114986612,0.006255874743,0.006680831008,0.007496400815,0.002837573665,0.0007025536135,-0.0005366700002,0.003052004158,0.001745643488,0.001254318722,0.0002297772196,9.602232603e-05,-0.001585037561,4.95130296e-05,-0.0008360352657,0.007004868966,0.007149917266,0.007469508046,-0.0003924092134,0.003695172896,0.004717787002,0.001315023728,0.007649871537,0.003810725535,0.006535711692,0.002796127552,-0.00269365987,-1.279353809e-05,0.003031306222,0.0008621917267,0.0002159169362,-7.030247553e-06,0.003515638136,-0.00457010351,-0.002388090502,0.006657682255,0.002402356172,0.002638777482,-0.004589362931,0.001517720822,0.005156172127,-0.004093270559,0.001274362994,0.008088913884,0.003052952145,0.007880086126,-0.001266333135,0.0002698242882,0.00771592627,0.006942038561,0.004109393777,0.008398954819
2018-10-31,0.003574622501,-0.001463503572,-0.001486075107,-0.005596781386,-0.0006378447161,-0.0007752810354,0.0009911211619,-0.003145425164,-0.0106633824,-0.0009144281469,-0.009512463735,0.0004635778609,-0.002370542719,-0.01343404975,-0.01363501645,-0.00092492711,-0.001419752346,-0.002351327709,-0.003103217138,0.00125521712,-3.235251905e-05,0.0006456806974,0.002152915967,0.001968748148,-0.004471078759,0.0005623756721,0.0008673922293,0.001731266953,-0.001127441516,-0.0002358923144,-0.01309767117,0.007599382681,-0.004330112698,-0.01396555197,-0.009443014475,-0.0137857056,-0.01351411063,0.001558619808,-0.0009620059213,-0.00211216955,-0.0004840820015,-0.001174127288,-0.0007506498327,-0.007697609506,0.0001915999396,0.0002849282906,-0.001095354195,-0.002907047048,-0.01569042365,-0.01475388701,-0.001295895136,-0.0154579371,-0.01245812257,0.01043493748,0.0009680786007,0.0001846149612,-0.01007523343,-0.01312225369,-0.01161398198,-0.01266012723,0.001094934788,-0.00144030623,0.004869578058,-0.005130252853,0.001620172485,0.003441518197,0.002942026757,0.002065550419,0.002853042475,0.0003986224232,0.003040374805,-0.01104954429,-0.0114032801,-0.01190514344,0.001493224435,-0.002565535751,-0.007262927443,-0.003894196135,-0.01540229807,0.002315710873,-0.004519214388,-0.007969507298,0.005493720348,0.009220928902,-0.002846249388,0.001049638466,0.0003599970084,0.0005544138116,-0.00524083157,-0.002416493615,0.0001623048188,-0.0126561261,-0.004374985342,-0.004527880804,-0.01074666633,0.002606917913,-0.01162291809,0.001291224214,-0.003006590714,-0.0159011765,-0.004743163019,-0.01548602781,0.004546859635,0.000611112732,-0.01359903883,-0.01213351586,-0.007000289245,-0.01574389371
2018-11-30,0.001339368491,-0.005193131269,-0.005588241209,-0.006128115862,-0.001669319845,-0.001258964119,0.001717479322,-0.002128864189,-0.009056844079,0.0007041183003,-0.00978041943,-0.0008406151652,-0.001884432281,-0.01211248755,-0.01174326575,-0.002066794602,-0.001532367898,-0.002915659791,-0.001642896281,-0.001161896248,0.001784464379,-0.003819048895,0.001172664354,0.0006174806283,-0.004091000224,0.003725710838,0.0001301699914,0.0005113521637,-0.001725383931,-0.001009509577,-0.01145134991,0.008312742485,-0.006085238555,-0.01157241417,-0.007241253715,-0.01256578586,-0.01203661001,-0.0005816058812,0.0008450490315,0.001020272497,0.00280967146,-0.000956245996,0.001440818481,-0.004728238821,0.0001441117735,-0.005901788459,-0.00393106639,-0.005659610392,-0.01374563002,-0.01356435035,-0.001258304814,-0.01321651097,-0.009731550826,0.002124623599,-0.0001869198696,0.001667389501,-0.01187479376,-0.01056282305,-0.01283611587,-0.01071044945,-0.0003690553947,-0.0002478314003,0.0007900342078,-0.004090389542,0.0008595478925,0.0008974525843,0.004374466249,0.002295877985,0.003432949678,0.0006210101429,0.001870441065,-0.01122802888,-0.01126270973,-0.01129707642,-0.002609045306,-0.0080746457,-0.007752197495,-0.003039497049,-0.0136351064,-0.00173333536,-0.0002245639037,-0.003574721979,-0.001751378812,0.006903240513,-0.00893983501,-0.004049964037,-0.00112588062,-0.001135033128,-0.004943560846,0.001917419787,0.006383821588,-0.01280179888,-0.006743654191,-0.007095095839,0.0105308092,-0.002737333467,-0.008487437709,-0.006266002185,0.002436134982,-0.01394710038,-0.003480112559,-0.01274610868,0.004406931828,0.0004214555897,-0.01258240001,-0.01022475714,-0.01015858169,-0.01392706089
2018-12-31,0.001860288292,-0.003219443179,-0.00402479505,-0.006693321577,-0.002189746174,-0.001192504415,0.00229886557,-0.0003399845364,-0.007643108191,-0.0009595465134,-0.009495852632,0.0009227321148,-0.001904355262,-0.01134652787,-0.01088397919,-0.001757723582,-0.001034651341,-0.001034945682,-0.0007644210016,-0.0006751225272,8.937962618e-05,-0.002378565758,0.004888377868,0.003713672923,-0.001529663575,0.007290546047,-0.002456068938,-0.001245398936,-0.0006273853293,-0.001769050899,-0.01062441494,0.007440340687,-0.004415857577,-0.01050517033,-0.006436683736,-0.01197128065,-0.01111162034,-0.002585461036,0.0005663314334,-0.0002616588136,-1.470886331e-05,-0.00116134604,0.001407906033,-0.004568127669,9.567767267e-05,0.004993264969,-0.00726311319,-0.007500977155,-0.01338274222,-0.01470804362,-0.004824945923,-0.01420941504,-0.007871377157,-0.0004910262644,0.001226653393,-0.001581346942,-0.01110479081,-0.009059441233,-0.01196273452,-0.01197723034,0.0006326662722,0.001650360771,0.0001981004141,-0.002442427599,-0.005082680196,-0.006281232004,-0.003920817344,-0.003720311462,0.003355159033,0.003227522854,0.0005886037135,-0.01016880301,-0.01010156168,-0.009921185513,-0.004053238844,-0.005351352811,-0.00593409026,-0.001052958359,-0.01336011262,0.00403384793,0.001080855997,0.006529426583,0.003113609961,0.00650495414,-0.00872033521,-0.002058691981,-0.0007016947119,0.0006075938237,-0.004569655617,0.00148648834,0.0007836206808,-0.01244198998,-0.004623606556,-0.004994252142,0.009861632824,0.004615569887,0.00939345986,0.004006889351,0.001753764617,-0.0137133468,-0.001435101259,-0.01274911897,0.005066726871,0.001081788872,-0.0126388628,-0.01130026021,-0.008850772103,-0.01445411629
2019-01-31,-0.007182662779,0.003273897584,0.003993055234,0.0117742952,0.00384261212,0.002589056325,-0.003284227971,0.003680189003,0.0151591882,-0.003189536395,0.02020389545,0.001568962,0.0001180739137,0.02046013259,0.02040116934,-0.005218632638,-0.004527554834,-0.004170482256,-0.0004567120996,-0.005800555598,0.002362481722,0.001910288156,-0.01032915097,-0.009421683702,0.003013413546,-0.006155671134,-0.002931935558,-0.005008715964,0.001244432086,0.002020957593,0.01985947953,-0.01895794706,0.009086850476,0.01781472966,0.01334631667,0.02155250097,0.02060208245,0.006474657516,-0.002192502627,-0.0002735145443,-0.0002502717495,0.00179340683,-0.001215764196,0.008950312674,-0.005023068034,-0.01582533549,0.02110267444,0.01339867296,0.02189922971,0.02045690357,0.006439758356,0.02125825108,0.01605311724,0.001843810324,-0.0005303757581,-0.003720199368,0.01395210266,0.01662118375,0.01628969784,0.02078005694,-0.0006024131961,-0.001466563578,0.003109738954,0.0004790169184,-0.002741978008,-0.002868896789,-0.0009483605233,-0.004349416295,0.001880268325,0.0009577145503,-0.002117398024,0.01433436423,0.01508481867,0.01586713758,0.002167378711,0.009281939714,0.009274322111,0.005328905745,0.0218484074,-0.01747597678,-0.01168128969,-0.02132239872,-0.01256572856,-0.01664262708,0.008098116118,-0.0003352163225,-0.0002039171535,-0.0004500140352,0.002479176238,-0.008236950927,-0.006140414341,0.01798868871,0.005939984317,0.007238695665,-0.0187196203,-0.02006361705,-0.02213969546,-0.01969014552,0.002717807907,0.02232523182,0.003254736229,0.02002125825,-0.006865190275,-0.003088133079,0.02199203287,0.01985366996,0.01158663593,0.02198367345
2019-02-28,-0.0006357834064,0.002096479074,0.002786698464,0.003128160634,0.001277473535,0.0005062766147,-0.002250534653,0.002546857493,0.002880440262,-0.003085800826,0.004768314406,0.001641387567,-0.003300324715,0.004214958535,0.004893591752,-0.003740633826,-0.002310689824,-0.002903809994,-0.0005842484545,-0.001931681104,0.002186098201,0.002341917231,-0.001605275608,-0.001630527637,0.0007774786692,-0.0003490002693,-0.001367639098,-0.003952960805,-0.0004562547046,0.0009090247486,0.00503933868,-0.004537649131,0.0009886807361,0.004150505022,0.0025088499,0.004219940408,0.004014747632,0.0007464646701,-0.0008611306832,-0.000617465793,-0.002467312739,-3.260784125e-05,-0.00320574623,3.261399379e-05,-0.00237859796,0.001954113858,0.004338148574,0.003218301175,0.005599600143,0.005610957297,0.001884113538,0.006454993386,0.002130833888,-0.003628563505,9.041707739e-05,0.0006392793794,0.005176979127,0.003627613529,0.005237165793,0.006121710319,-0.002299970926,-0.00417672671,-0.002522468158,0.002444098663,0.001961099583,0.001462241777,0.0009558814299,-0.001004247594,-0.0008495024452,0.001284030123,-0.0009062265688,0.006172673586,0.00609556722,0.005147231347,0.002261205157,0.001220094244,0.001452684804,0.0002460233132,0.00555782823,-0.005599047973,-0.00224052211,-0.005327703048,-0.005268116125,-0.005186957921,0.004380419225,0.00367844524,-0.0002568068303,0.0006099671989,0.002745686911,-0.003885671125,0.0001555301918,0.004492900096,0.002712011964,0.002715890309,0.002224040921,-0.004576638111,-0.004256157892,-0.004916398131,-0.002572601096,0.005712431355,0.0007436411734,0.005801717457,0.001639991916,0.0024241752,0.006334190617,0.00530402644,0.003795811538,0.006140950266
2019-03-31,-0.001042629608,0.0002076147407,-0.0001535742158,0.0003953428353,-0.0004383242046,-0.0001904481225,-0.0002897837908,0.002428039439,0.000273250579,-0.002117009084,-0.0008125882913,0.0004389304131,0.0009473634269,0.001065821945,0.001120331879,-0.001254566556,-0.003604775611,0.001006108695,0.0009194255063,-0.0003136705121,0.0008552750497,-0.001480093567,0.0008778454826,0.0006208884632,0.001562751109,-0.0005937663136,-0.0009539216722,-0.0002930338544,-0.0004461890547,-0.001297894498,0.001174390002,-0.001930832566,0.003108932019,0.0008215789163,0.000553792676,0.0003784054933,0.0004372068768,0.0003737865878,0.0002918601351,-0.0001148570191,0.0005999219062,0.0008285707212,0.001477974883,0.00269058613,-0.001481279651,0.001332090944,0.000512509414,-0.0005596876107,0.001073354408,0.0008469927164,-0.0001448261935,0.0008866571462,0.001595900856,-0.00213119402,-0.0001660954357,0.0003806816346,-2.916824774e-05,0.000703903466,3.245446281e-05,0.0006701254913,-0.0009029750857,0.0005160480407,8.253380666e-05,0.0007996550212,0.0004788753668,-0.001680820782,-0.001978553438,-0.00129092754,0.00108927334,0.0007809428661,-0.001122244393,-0.0005238095204,-0.0005902742785,0.0003538280282,-0.001297992278,-0.0004878379291,-0.0001739648391,0.001494470634,0.001112962806,-0.002469613355,-0.001099912715,9.769374321e-05,-9.331472528e-05,-0.001222630314,-0.0008321194656,-0.001240434685,-0.0005723666755,-0.0004385712435,0.0003504552331,-0.001217561078,-0.0009105565854,0.0002234581584,0.0001844563222,0.0002965362734,-0.001003286193,-0.00135401574,-0.000243315808,-0.00126620608,0.001561189239,0.00117978999,0.001660475905,0.001327682031,0.002936629106,0.003864544883,8.912117503e-05,0.0007461846116,-0.001135037425,0.001178476168
2019-04-30,-0.002066040525,0.002155472654,0.002609089557,0.005758236426,0.0009287862571,0.0004108849773,-0.002009357334,0.001524456519,0.009439789858,-0.003237530967,0.01066331387,0.0009968958076,0.001436630923,0.01145413728,0.0112088102,-0.0002953232357,-0.001686028852,0.0003168921593,0.001269303589,-0.0008234542358,-0.001716834821,0.003149781232,-0.004933371536,-0.005324694384,0.00374160035,0.002296861319,-0.001211671728,-0.001497292425,0.0003756853082,0.0004620506292,0.01076486348,-0.008438353686,0.004651625245,0.01058938373,0.007839219678,0.01177004756,0.01143985015,0.0005949649934,-0.000474895199,-7.062955458e-05,-0.001966242865,0.001243803824,-0.001773549982,0.004838848529,-0.003415621323,0.0001855476177,0.004158324051,0.002376927706,0.01315390366,0.01087479167,0.003946104208,0.01077937311,0.006268677476,-0.004812176154,0.000215331102,0.001389826855,0.008420728591,0.007923245311,0.008967716327,0.01182537721,-0.002355620145,-0.0007895426159,-0.00205668167,0.002923855277,-0.001618751612,0.002893279592,0.001318500935,-0.006054532226,-0.001246270976,-0.002253185874,-0.001799797762,0.009927847032,0.01042817861,0.01115046726,0.001947946744,-0.006960204644,0.002341440416,0.0009977547961,0.01310481104,-0.006803584852,-0.005411531302,0.009040754083,-0.007106195896,-0.001961708551,0.002827889405,0.000522019963,-0.0004822543017,0.001550158473,0.003493054373,-0.005295260686,0.0009832795928,0.009324759009,0.003996144783,0.004202485742,-0.0001944833008,-0.005493380179,0.0105404868,-0.008042149251,-0.0008991972859,0.01342186083,0.001037157613,0.01006561522,-0.001922795625,-0.0007783536735,0.01177196531,0.01150792132,0.006756077802,0.01109167324
2019-05-31,0.005086768922,-0.001031460684,-0.001514806805,-0.008242797574,-0.00357174795,-0.004157177296,0.000940534377,-0.003183033253,-0.01063672414,0.0003685552026,-0.01338444964,-0.002824801786,-0.001089031551,-0.01537502043,-0.01561873738,-0.001298428745,-0.004104417731,-0.002616280714,-0.0003404695167,-0.001566117381,0.001563063715,-0.004049226873,0.00740430175,0.00781624735,-0.005444103406,0.001994856337,0.0007732852072,0.00219037765,-0.001049119126,-0.002056618393,-0.01438419195,0.008940471303,-0.0080520861,-0.01366874156,-0.01166748347,-0.01506621083,-0.01522253956,-0.001547543911,0.001465400028,0.001536103191,-0.001285943996,-0.001485048894,-0.001367108286,-0.008835640987,-0.002433742673,-0.002470833956,0.003034738483,-0.0006298365726,-0.01599290683,-0.01475286976,-0.005498822826,-0.01296447245,-0.00815301917,0.004846040233,0.0005990142234,0.0004837723286,-0.009749093436,-0.009000401404,-0.0106270687,-0.01495473276,0.0004915680962,0.0006659957793,0.000470366667,-0.003482710181,-0.0008619085829,-0.002600396301,-0.001308473026,0.001960032935,0.0004441149922,0.001525158693,0.001700375296,-0.0119632351,-0.01242419043,-0.01352181916,-0.0001033168847,0.002754109909,9.718930831e-05,-0.0007841861445,-0.0160176099,0.00467407898,-0.001019366735,-0.005489396952,0.000448486983,0.006330466304,-0.003174603525,-5.28465642e-05,-0.0002738803989,0.001225150471,-0.004204141908,0.00331003354,-0.0009509429051,-0.01177324206,-0.004853029401,-0.005553498492,-0.01210045848,0.005135768267,-0.01296731915,-0.001975420133,-0.00150057581,-0.01631854486,0.001175079809,-0.01249639115,0.007482330119,0.003444315032,-0.01468747323,-0.01463848662,-0.006919822811,-0.01400492057
2019-06-30,-0.00508095155,0.002385093986,0.001436137678,0.009572518616,0.004613484643,0.005463840424,-0.002705572517,0.003116791777,0.01420879057,-0.0007686684953,0.01661391422,0.001304208869,0.00335508942,0.01870853752,0.01904699233,0.000260608692,0.0004844680807,0.003809163034,0.002485013767,0.001712496568,-0.003229186512,0.0003438280169,-0.0128607957,-0.01282152356,0.005286403793,-0.002136443031,-0.002291017583,0.0006261511881,-0.001254356777,0.002106625384,0.01867098187,-0.0119474795,0.01155694382,0.0175250272,0.01485546282,0.01905931132,0.01863389624,0.0005126868448,-0.002698773309,-0.002738113274,0.003998473782,0.002295651058,0.003582335629,0.01364466929,-0.0006116782432,-0.005267908469,0.007668574111,-0.00204089655,0.01998133081,0.01625996074,0.005127496132,0.01465074897,0.0127030117,-0.01024232068,-0.0001902467075,-0.0002072583577,0.01189897973,0.01278093372,0.01304283786,0.01827699088,0.002073212919,0.007410888399,0.002575880925,0.009252955512,-0.003388307737,-0.002795458912,-0.0006776048055,0.0006536216352,-0.000672988922,0.003166090388,-0.003116439058,0.01426379599,0.01424029707,0.01602927532,-0.002051623335,-0.001201400448,-0.002337743053,0.002528262782,0.02003160756,0.003735083119,-0.007920474771,0.01416774141,0.01520017484,0.004022432133,0.002631146628,-0.001269939852,-0.000357602321,-3.352786281e-05,0.009550149889,-0.009056234486,-0.003146620037,0.01394181664,0.005509505325,0.005724930837,-0.0174884931,0.003502783842,0.01669068792,0.01645537462,0.004918722899,0.02002636312,0.002844914989,0.01480658456,-0.004884041196,0.0007425283856,0.01863960331,0.0177130025,0.007058214674,0.01582740804
2019-07-31,0.0008051184915,0.001203942485,0.00131361492,0.002010955545,0.0006562810613,0.000849718072,-0.002320764326,0.0005577117315,0.0027056958,-0.001368409706,0.003312717481,0.0004642231782,-0.001762454179,0.002878102481,0.002625958025,-0.001079571402,0.0001058108173,1.235193761e-05,-0.0006517734922,-8.924404463e-05,-0.0001455878134,0.0003005304096,-0.001667634593,-0.001702191336,0.0002377721909,0.001059541974,-0.001418745484,-0.001791365368,-5.550275841e-06,-0.0005690132355,0.002448438175,-0.002947709227,0.001601386158,0.002746732077,0.00145279589,0.002541887454,0.002740156585,-0.0004624343643,-0.0003999301576,-0.0006619081507,-0.001338213255,-0.0003424071247,-0.001313836548,0.0005113600946,-0.0005346225489,-0.001618369725,0.002247941817,-0.0008693153148,0.003140166184,0.004129978946,0.0014304384,0.004320367795,0.001613380889,-0.003303238128,-0.001070354248,0.0001542288965,0.003291561455,0.002278506341,0.002992622053,0.003113488443,-0.0004231694396,0.002494934736,0.0004721830921,0.001874412737,-0.002742360296,-0.001197362759,0.0006012913772,-0.001024358817,0.0005496628295,-0.002571078051,-0.0009498181416,0.003629315671,0.003751412252,0.0032070918,0.001642741125,-0.0007945660202,-0.0006794496346,0.001613935515,0.003088753322,-0.0002276447455,-0.0008778372067,0.001064780181,0.00218877167,-0.001439231919,0.00245502327,0.001484796182,0.0004693908243,-0.0003578073451,0.001920626584,-0.002206493023,0.0001161005548,0.002837000652,0.001790915177,0.00175638838,0.002120061011,-0.0003250533556,-0.002457438674,0.002622428136,-0.0009177121333,0.003216811785,0.001214122686,0.003954441912,0.0006482793936,0.002642654028,0.003132675509,0.00336367709,0.002930178961,0.003872079638
2019-08-31,0.0003158808868,-8.771998828e-05,6.69562053e-05,-0.002163066969,0.000140933942,2.565418284e-05,0.0008418317558,0.001473976204,-0.002094336051,0.001230759904,-0.003913251141,0.0002979092486,0.001349231994,-0.00167791037,-0.002147033528,9.834037044e-05,-0.0002299549395,-0.0004950030724,0.000802691391,-0.001740769819,0.0006647731422,-0.002101319574,0.001750929323,0.00154728917,-0.0001217091446,0.0005546323365,0.0005826872481,0.001805568643,-0.0001120414291,0.0005048709277,-0.002100651673,0.0004542523059,0.002493946617,-0.001357684021,-0.0009501330319,-0.002169184661,-0.002035136261,-0.0007926962729,0.001172022981,0.0001098114857,0.004501569315,0.001232532953,0.004824603699,0.003133011319,0.000286770009,0.0007342782479,-0.002750685756,-0.003187948737,-0.0009172328058,-0.003021597535,-0.003286990311,-0.003238974528,0.001591274366,0.00218456798,-0.0007647869737,-0.0006276245788,-0.001945610364,0.0003700163392,-0.001299164461,-0.002834170503,0.0013015246,0.003056143335,0.002646789314,-0.0008679185637,-0.00109836876,-0.0005427567935,0.0009461519045,-0.001693520683,0.0003221956266,-0.0007442234787,-0.0003923515176,-0.002473644587,-0.003086721022,-0.003164949297,-0.001236380862,0.002499546567,0.003278549834,0.0005097691425,-0.0009776611906,0.004837496302,0.003644161276,0.004095339724,0.002985851873,0.004802975359,0.0004741904861,0.002345194555,0.0007365763492,-0.0009858445962,-0.001364697672,0.0006054539721,-0.0002997521929,-0.00174284564,-0.0006144802574,-0.00126362262,-0.001161381857,0.00354721137,0.002716597895,-8.322363312e-05,0.001287623283,-0.001136519021,-0.0002400366818,-0.002224412246,0.000959368983,0.0009476671294,-0.002233055265,-0.002396375658,-0.001321084769,-0.002876892186
2019-09-30,-0.0001333631729,-7.29405545e-05,0.0001639374492,0.0005528195683,0.0003990252821,0.0007693053578,-0.002379585592,-0.0002069109462,0.001800713555,-0.0001075532794,0.002712254515,-0.001302739867,0.0009241308206,0.001442441682,0.001777857398,-0.001094882621,-0.001097817155,-0.001471243091,-0.0003770829993,-0.002051878719,0.000510401682,0.001719498293,-0.0006657605258,-0.0007248619142,0.0001060233791,-0.001060807577,-0.003163102279,-0.004533768192,-0.002771401245,0.002208757127,0.001935207439,-0.0003447924173,0.001340084269,0.001454593238,-0.0003119077697,0.001520747771,0.001680091283,-0.0002381340114,-0.0009472336144,0.000347808469,-0.002365975162,-0.002580431896,-0.002745115831,-0.001498412588,-0.003313493162,-0.001292358729,0.002462193345,-0.0002448587511,0.001714989386,0.001811661399,0.0007554657304,0.001922140006,0.0004167579929,-0.0008245150062,-0.000372683458,-0.0005320228723,0.0004043411352,-0.0004867776818,0.0005085083497,0.001593366199,0.00234028377,0.0008838593632,0.0008880481675,0.0009228223235,0.003097192742,0.004020479828,0.004037957548,-0.003451001146,-0.001013377066,-0.0004881937907,-9.592060085e-05,0.001451937823,0.001525219592,0.001379093818,0.0008409706185,-0.0005280088537,-7.147743608e-05,-0.0004050927127,0.001695537502,0.0001483322337,-0.0007946876428,0.002045433432,0.001618494813,0.001896266413,0.0009330085594,0.0007961203936,-9.271799096e-05,0.0001274975748,0.0007467545122,-0.001249994908,-0.001534754034,0.000141915027,0.001397610376,0.001235958357,-0.003677407567,-0.001502515721,0.001331656574,-0.0001080679312,-0.0006347905694,0.001442847997,0.001820637388,0.002447327163,0.001674885322,0.0009509595666,0.001923575918,0.001224876647,0.0009180524173,0.001554528566
2019-10-31,-0.001606027865,0.0002096895904,0.0001305065994,0.00426925326,0.001064703032,0.0007900488145,0.0003653026855,0.001900763548,0.002953141008,0.001554028406,0.004567596171,0.0005101263174,0.001215418461,0.004571324445,0.005442418077,-0.000567245715,-0.0007348253647,0.0003556572578,0.002185301374,-0.0005316709177,-0.001258054612,0.00222021012,-0.001540710388,-0.001867616687,0.0026860221,0.00263370407,-2.79931285e-05,0.0002896891045,0.00129239303,0.0004206040264,0.005229462532,-0.002609782862,0.002734027935,0.004493986782,0.00356069302,0.005328025566,0.004669480942,0.0004012748458,-0.0001613272902,-0.0004031905652,0.001419575344,0.002013580869,0.001624924851,0.003291819217,-0.0003123380118,-0.0001668557023,-0.000133755708,-0.002195433833,0.005331338564,0.004295770874,0.003211498717,0.004776940475,0.004414942409,-0.002433507733,-0.0001247155774,-0.002148709,0.00368974977,0.004765018504,0.004274205601,0.004957489806,0.002341112775,0.0008896938989,0.002634746115,-0.000599629377,-0.0004718610855,-0.0005125106953,-0.0002959294052,0.001197575179,0.00196020947,0.00138176707,-0.0004466473321,0.00376992954,0.00415199267,0.004713215713,-0.000139422616,0.00050695123,0.0002179366276,0.001138362617,0.005300427363,0.001395328976,-0.00259149154,0.001381165785,0.00318430993,0.004243749057,-0.0001657781833,-0.002892791151,0.000497040663,-0.0002007215819,0.0005694463311,-0.001403509799,-0.003286921431,0.005187736226,0.002063142248,0.001964396184,-0.001635814202,-0.001011948674,-0.0004070900855,0.003203380305,0.0008291771399,0.005281203928,0.0003297750027,0.00438476529,-0.0005916200132,0.000837181284,0.004670043566,0.004550979817,0.002392289863,0.00513340984
2019-11-30,0.001230733153,0.003732254576,0.003809995491,0.003726025593,-0.0002287454877,-0.0001666471822,-0.0009961239313,0.00687482895,0.005792972008,-0.0014789749,0.007069652866,0.001554660844,-0.001852057157,0.009831788816,0.009211758637,-0.002072232885,-0.001536895267,0.001212348193,0.001121273931,-0.001185147265,0.001950303406,0.001691208825,-0.001796230534,-0.001819807903,0.005789017433,-0.001631487776,2.495670823e-05,0.001132614329,0.001703129937,0.0005096455062,0.01058004128,-0.007523830815,0.006031458491,0.009206969307,0.007162897393,0.009482758403,0.009501085525,-0.001374304304,0.001174815775,-0.0002420168772,0.001503833834,0.002736135219,0.003595479073,0.007558010756,0.001595216608,-0.003168929918,-0.000610892398,-0.005411423447,0.01175117264,0.009079862842,0.001491771781,0.008910564254,0.006862222241,-0.00478297687,-0.002745315178,-0.002209241791,0.008186984762,0.009295817369,0.008844809718,0.01037892122,0.003770269178,0.002727781709,0.005512619599,0.004074898864,0.0009909057608,0.004523244066,-0.007795945568,-0.002994874305,0.002427666912,-0.001352149399,-0.001579724678,0.009424884285,0.009596531535,0.009846554323,0.0003455306033,0.0007597403591,0.001183410755,0.001419465046,0.01176266472,0.003909516966,-0.001291047919,0.0008880617358,0.004889398991,0.007101844928,0.006550521965,0.004568005041,-0.0001111862369,-0.001962597658,0.005289379158,-0.006065807518,-0.004687760423,0.008797282906,0.004597971463,0.004684253511,-0.0008621674525,0.004567544289,-0.003474231527,0.002495859254,-0.0002868419177,0.01187735645,0.002967353451,0.0104110522,-0.0003816864383,0.003091001479,0.0100262949,0.01015858138,0.006381633027,0.009325450418
2019-12-31,-0.003656753448,0.003531024,0.004081561624,0.01005676694,-0.001126949364,0.0002418445877,-0.001249074174,0.00388825047,0.01030377282,-0.003744804047,0.01289058763,0.003829895155,0.001246139349,0.01366945774,0.01439220159,8.959430772e-05,-0.0009310570895,0.003665782454,0.003741000826,0.002298683091,-0.001755196014,0.004474489924,-0.004697619338,-0.004608780567,0.006282876149,-0.00552495556,-0.001312636141,0.0006164121807,0.000268327195,-9.901362886e-05,0.01498277929,-0.008135136106,0.008075482375,0.01376723045,0.00962138543,0.0147927804,0.0141268674,-0.001392673403,0.001821538427,0.001957782016,-0.000563885736,0.001991319059,-0.0001688715312,0.004842575991,0.001826475758,-0.008315120532,0.001199583608,-0.002574430068,0.01571443774,0.01547712475,0.004980827158,0.01523167811,0.008968529054,-0.01017319714,-0.0007186529578,-0.001600808997,0.01254707736,0.0124813583,0.01377056335,0.01630003964,0.0003574469467,0.0007151081499,0.002458645775,0.004433376597,0.0005331855637,-0.005480286422,-0.0002784350616,0.004255060424,-0.003536384668,-0.001303779175,-0.002208494912,0.01465124124,0.01503856656,0.01563314099,0.0009387408643,-0.001184868764,-0.000801180487,0.002125742151,0.01571901096,0.005939442901,0.006877803629,0.00543627565,0.008373641557,0.00670782283,0.00796710313,0.0002141638983,0.000391741828,-0.001527865963,0.005970386491,-0.001226297547,-0.000185919735,0.01492473969,0.006504388517,0.006662948463,0.006990185335,0.009301512245,0.009791350545,0.01182204119,0.0001585878671,0.01579351612,0.001321337435,0.01408773062,-0.003948445127,0.0001488723722,0.01548965444,0.01535477404,0.009666498362,0.01589797617
2020-01-31,0.005529946191,-0.001968828325,-0.002285553687,-0.007391818492,0.0001138125008,-0.0005110945513,-0.0001443802015,-0.000160114012,-0.006966910825,0.002066042694,-0.01026990131,-0.005673826863,-0.001684155402,-0.01148419206,-0.01179644195,-0.006390120935,-0.005655700352,-0.007608784151,-0.00710659953,-0.006834193019,-0.0001260956785,-0.004303304333,-0.0008610313449,-0.001030838459,-0.006963592068,0.006407937636,-0.001343819766,-0.002150418468,-0.002350057661,0.0001934819441,-0.01223138272,0.007643699331,-0.007225554211,-0.01185105389,-0.008742643692,-0.01264587796,-0.01198065052,0.003046819563,-0.0007344453134,0.0006138887321,-0.00295560533,-0.005280846648,-0.0007287247791,-0.00470349422,-0.00728219736,0.0004198049973,0.001768027445,0.004469803923,-0.01232546199,-0.01023374882,-0.004065351756,-0.008889929179,-0.007130486,0.003908900825,-0.0003938762003,0.002131168841,-0.009320422215,-0.008087800925,-0.01015438956,-0.01226834294,0.001746899594,-0.00292504858,0.0003553640086,-0.004727636656,-0.00843005099,0.004536573762,-0.005231770367,-0.008073433387,0.006090891287,-7.391170616e-05,0.0008395011829,-0.01056866015,-0.01136848138,-0.01182506259,0.0007534210032,0.0006950994839,-0.003039820266,-0.00134228741,-0.01225806829,-0.006464710264,-0.006135445432,-0.007231567895,-0.004790106183,-0.005359197879,-0.004736664261,-0.001168008849,0.001399087708,0.001317701532,-0.004865982987,0.005097319554,0.001411750202,-0.01067568537,-0.004293179469,-0.004469481696,-0.01173424326,-0.00984951298,-0.01056457491,-0.009933840715,-0.001303987106,-0.01240832166,0.0007530433876,-0.009240843163,0.007074902001,0.002820276634,-0.01187763371,-0.01159759052,-0.005762561271,-0.009897749284
2020-02-29,0.003783451299,-0.00162901925,-0.002282981528,-0.01059203502,0.002055763743,0.0004356958542,0.001624898365,-0.004463969296,-0.0125412458,0.002185949656,-0.01410991404,-0.005277469748,-0.001877236603,-0.01686483998,-0.0169631705,-0.002735222944,-0.001641205487,-0.004742271394,-0.006460239893,-0.003962166987,0.001648872136,6.131311111e-05,0.004024042315,0.003992507237,-0.007307370141,0.0002775672361,0.0007785349507,-0.001710181735,-0.001343703461,0.001282256715,-0.01681177363,0.009702769402,-0.01179894468,-0.01494123729,-0.009044330134,-0.01706326714,-0.01719258615,0.001727888605,-0.002372387456,-0.0008925806545,-0.0005333055117,-0.005020663661,-0.0004560267423,-0.008761650984,-0.003742202382,0.006101964115,0.001159608407,0.008641844593,-0.01840679022,-0.01408427941,-0.005631299308,-0.01323051204,-0.0116780735,0.008647405577,-0.0004732794024,-0.0009288772395,-0.0136762114,-0.01244772852,-0.01434311025,-0.01658782763,-0.004065626266,-0.007530583049,-0.007205576485,-0.006979079177,-0.001278261282,-0.0007819068507,0.002001284474,-0.001932989927,-0.001273841095,-0.001668118153,0.003208806572,-0.01506640925,-0.01513424936,-0.01561522185,0.000516891475,0.003548386443,-0.00107871328,-0.00213901075,-0.01847279325,-0.01272947366,-0.0101077297,-0.01639379695,-0.01432052552,-0.01216857741,-0.003521222648,0.0005560840968,0.001953749089,0.0001757346068,-0.007738942745,0.008270215069,0.0004817882277,-0.01533180735,-0.006136123204,-0.005860600434,0.01265154593,-0.01454422855,-0.0167369942,-0.01483859224,-0.00195306735,-0.01866195417,-0.002134305167,-0.0137845552,0.006853915247,-0.0003193468718,-0.01651991936,-0.01640451522,-0.009582548808,-0.01424049524
2020-03-31,0.005575596632,-0.01993415459,-0.02241498107,-0.04026666074,0.007219977418,0.004557466053,0.01626546076,-0.02379515476,-0.04326922321,0.01670041121,-0.05966466891,-0.01784708079,0.01503116577,-0.06069458273,-0.06656542216,-0.008425222993,-0.009301070856,-0.01455230568,-0.01385679298,-0.01289832007,-0.006162115178,-0.003765730239,0.004854522912,0.006560759722,-0.0128229823,0.01831056625,0.003890583343,-0.003826102894,-0.0006546926892,-0.0006251978758,-0.06656247253,0.01479443626,-0.03264703149,-0.0606781993,-0.02777568083,-0.06597325477,-0.05987175007,0.009090427532,-0.008493482985,-0.006326512111,0.002740788043,-0.008223217532,0.003713606943,-0.02443283232,-0.01310422439,0.03898515928,-0.01104954597,0.03969695646,-0.06594165986,-0.06736371918,-0.0249742399,-0.05960338238,-0.05148844411,0.0006246183295,0.0004501049882,0.00382793599,-0.05894959589,-0.0552112985,-0.0619032004,-0.0682318055,-0.02219514259,-0.008452344536,-0.01126682702,-0.007727675414,0.00983414673,0.008996233143,0.0041722684,-0.01469355718,0.002993735212,-0.005842410592,0.004538631497,-0.06690676172,-0.06713190998,-0.06715445449,-0.01207192475,-0.01526285878,-0.01809955924,-0.01127295403,-0.06593071424,-0.04724823995,-0.0404836396,-0.01750596918,-0.04221135666,-0.04593611321,-0.02929745984,-0.0105021631,-0.006353937985,-0.001531414709,-0.01962233228,0.02066215992,0.008875189066,-0.06272587919,-0.03271275647,-0.03101627309,0.04757322713,-0.05445164032,-0.03370072982,-0.05154472866,0.002375903334,-0.0670150514,-0.007220309375,-0.06013880503,0.02293369242,-0.007558626027,-0.06610580242,-0.06711643747,-0.04571924635,-0.06241237805
2020-04-30,-0.004746278162,0.006146234494,0.007241356392,0.004354327806,-0.0109054815,-0.01323359903,-0.01142495759,-0.002682745211,0.03197867941,-0.01425561814,0.03730017392,0.01674942478,-0.013662717,0.03831800645,0.03738532932,-0.008775576029,-0.008226356547,-0.005682324191,0.01612127686,-0.008459760854,0.0238192874,0.000664632372,0.001022182307,0.001670531089,0.001930056496,-0.005370996514,-0.01384286015,-0.009287860178,-0.01161699712,-0.01146134618,0.0341615567,0.03743177621,0.04105826026,0.04072715775,0.003260570493,0.0377780615,0.03941880197,-0.010693072,-0.002816348772,-0.008483977812,0.002417787523,-0.01175326327,0.01247837888,0.03279712417,-0.007525515344,-0.02137799982,0.007502974787,0.004279275532,0.02650183927,0.02377826045,-0.002415398939,0.01806712513,0.01628473363,0.01717413309,-0.006372909899,-0.004555251797,0.0132934715,0.01548408794,0.01577831089,0.03561941453,0.01267393757,0.007918619305,0.01243923888,-0.006642100697,-0.01259349471,-0.00174898985,0.008209924029,-0.0009629555259,0.01986227996,0.01886651715,-0.0008126830838,0.02504380778,0.02595979564,0.03023169666,0.001152998159,0.007877473861,0.005097806379,0.003909789989,0.02641561485,0.0107944993,0.0102494761,-0.01933232893,0.0003735265733,0.005475889903,0.01161284223,0.01057331471,0.006048830055,-0.0006742350516,0.0006159004285,-0.004622590799,-0.009085362093,0.01697926502,0.00427368786,0.004642151931,-0.033776516,0.001031518736,-0.03717753999,-0.02106036376,-0.002999588365,0.02721346536,0.005603496815,0.02364767661,-0.005852743561,0.004971288625,0.02511100023,0.02350464014,0.012570499,0.02694490688
2020-05-31,-0.001160121738,-0.0003040835352,0.0002075691404,0.005407302145,0.004516973939,0.003440315005,-0.01083528361,-0.009211651006,0.0119912019,-0.01132622155,0.01035865383,0.01133486696,-0.0109456154,0.007886828098,0.008501701402,-0.01010670747,-0.009799994726,-0.008790833614,0.008856236644,-0.009116699244,0.009372505561,0.0008151928451,0.002639398017,-0.001605029384,-0.002679836073,-0.002562934657,-0.01107590094,-0.01081561544,-0.01107158216,-0.001867502152,0.00616411252,0.01250075781,0.009841249312,0.009631678736,-0.0004450154565,0.007804341436,0.008080311579,-0.006825037416,-0.003574968158,-0.005637966286,-0.0006747207571,0.001548377729,-0.003297088705,0.001942711286,-0.00955096594,-0.005488341902,0.001024908145,0.008851417422,0.005034535917,0.007650793645,0.004834851075,0.008202940699,0.004940007795,-0.0007153820879,0.0009056404842,-0.001426076195,0.004546002909,0.003917639543,0.005226273718,0.009234380188,-0.002163281636,-0.005983009909,-0.004092055184,-0.001650908612,-0.01371027048,-0.01037777027,-0.00471055318,0.002632082922,0.000317838306,0.01336832095,0.002283032337,0.008509396114,0.007293493345,0.00828211725,0.003151358487,-0.001802722322,-0.001524779351,-0.0003053906612,0.004855698294,-0.01009371646,-0.003940744338,-0.00821673178,-0.008353338427,-0.008750192476,0.002262486356,0.0002693505801,-1.555335222e-05,0.0001948806193,-0.0007991477557,-0.002280103951,-0.0001765938239,0.004443556391,0.0002167949925,0.0006977522999,0.001089788399,-0.00978292558,-0.008534818831,-0.009097950133,-0.00188238418,0.004967230557,0.002368613562,0.007055611853,-0.0007842193569,-9.355416072e-05,0.00692266944,0.007221578424,0.003918155552,0.008018848738
2020-06-30,0.001569322308,0.008450235628,0.009394907742,0.009091077776,0.0004250328681,0.0004311052667,-0.005298341564,-0.01073629238,0.01764270289,-0.01182397724,0.01468954691,0.0145096735,-0.0003770563226,0.01392832545,0.0152261824,-0.01093208599,-0.01206894149,-0.006415671934,0.01067298177,-0.00987544333,0.00844169658,0.0008183027407,0.005442145673,0.004120065706,0.009235219809,0.001450076357,-0.01226023934,-0.006994108136,-0.01244382732,0.001590256986,0.01333276802,0.01516168699,0.01593464379,0.01441503816,0.006299489088,0.01502325309,0.01330432653,-0.001797597533,0.006200446562,0.005839750767,0.001416588095,0.005584865155,-0.002242174612,0.006678306954,-0.01264336615,-0.002190349061,0.000481631427,-0.001800413553,0.01479036021,0.01606046706,0.003105977117,0.01716345704,0.00878755338,0.003169235831,-0.00297817116,-0.0009567794701,0.01422437219,0.01044997177,0.0143438077,0.01642927148,0.004155340364,-0.003277099869,-0.003474167123,0.004078516122,0.005908102544,-0.001873903181,0.002575470848,0.006525591312,0.00429820836,0.005811853213,-0.005987051186,0.01523883277,0.01504957857,0.01567299083,0.005327779667,0.004235736375,0.006850756864,0.00733896966,0.01464915557,-0.009990210588,0.01045867166,-0.01663713579,-0.01656701195,-0.01438571868,0.0111585143,0.006855482637,-0.0009048302166,-0.001776929206,0.006844449032,-0.01189549599,-0.007927453162,0.01343085737,0.008003081733,0.008266829267,-0.005839890122,-0.01485837377,-0.01500404158,-0.01540991668,-0.003821010482,0.01547835818,0.004051446004,0.01628585389,-0.0007262502815,0.005397027399,0.01546858382,0.01423916704,0.012318732,0.01869247032
2020-07-31,-0.005278560718,0.002152912748,0.002612366008,0.01537513307,0.002275910355,0.002917364795,0.003686613327,-0.003705498963,0.01944066003,-0.004434528506,0.02181701605,0.009564631753,0.003239406153,0.02120071694,0.02274279311,-0.004029723523,-0.006970514383,0.001937329943,0.005537252269,0.0001611563675,0.005924949677,-0.001536606826,0.001567535066,-0.0007847486223,0.006705253828,-0.005076439507,-0.00578276116,0.004496204096,-0.006305081329,0.008457300531,0.0224114571,0.01038864964,0.0215277643,0.01885153111,0.01608302577,0.0220644228,0.02067293538,0.005630046104,0.005801921774,0.006706122646,0.003898086034,0.006889965567,-0.0008335311627,0.01257623449,-0.007518223397,-0.008278453399,-0.002709652888,-0.008398627667,0.02575183745,0.0181609756,0.010157845,0.01860704136,0.01186899076,-0.0002781691984,-0.003148706144,-0.0004323908481,0.01546578018,0.01621455634,0.01837501095,0.0240193215,0.001051932996,-0.00605317868,-0.008702303809,0.004956423577,-0.002545459454,0.0008664069829,-0.004868007351,0.00328784224,0.002162090249,0.0009419739201,-0.007787616581,0.02174826914,0.02108126601,0.02212894148,0.0004819062706,-0.01421591511,0.006392242252,0.005549986622,0.02586085201,-0.01501781484,0.01671732378,0.01277506101,-0.02334119816,-0.01756363642,0.00419339526,0.0001525583851,0.0006862703213,-0.003317712859,0.006311710719,-0.008971625107,-0.001335798842,0.02073542592,0.008531033144,0.007754710458,0.007021555668,-0.01797612143,0.02089433917,-0.02095430551,0.006525060395,0.02588457664,0.001024982382,0.01839876617,-0.007546133373,0.0008029300639,0.02341246991,0.02172349813,0.01031020978,0.02103372394
2020-08-31,0.0006908520139,0.0005871767359,0.0007506132423,-0.001340696584,0.001161797885,0.0006138077448,-0.007741180594,-0.00407144502,0.0005351403525,-0.002040295667,-0.001137706642,-0.005993775762,-0.004881193365,-0.003247049247,-0.002514764411,0.003855549427,0.0008516566,0.003435890078,-0.001920106804,0.00472142547,0.0008775947928,0.00204957138,-0.002939782227,-0.002621768462,-0.00471536922,-0.0001266460756,-0.003252350682,-0.007219779098,-0.00167123389,-0.004663124986,-0.002878532748,0.005309803519,-0.002138815432,-0.001857760385,-0.00585361522,-0.002325427271,-0.003287720914,-0.003469621336,0.005288640566,0.0074851809,-0.006026953044,-0.005736690303,-0.005433807403,-0.007326009301,-0.002252934372,-0.005169686925,0.002797584995,0.008671814935,-0.004255978116,-0.0003434512339,0.0007184869336,-8.750746163e-06,-0.004796795279,0.002047227617,0.000177661549,-0.0005898705093,-0.001785283327,-0.004217419564,-0.002084394562,-0.001128806882,0.002169574274,0.005315425955,0.002529716599,-0.0004594769712,-0.00385234136,-0.004803252876,-0.0006857846763,0.0007075930605,0.001117760821,0.00348566781,0.0001558481555,-0.00133521653,-0.00144140582,-0.002510317115,0.003762355195,-0.001677897508,-0.0006216130846,-0.002740757265,-0.0040254595,0.0006461038373,-0.003672886729,0.001676316658,0.001873841049,0.001157191049,-0.0005735834195,0.001531892062,-0.001318910476,0.0004194591161,-0.0009033123433,-0.0006187400875,-0.004951341396,-0.002528125556,0.0001050170179,0.0006511528469,-0.006947443619,-0.003018120833,-0.003389511049,0.0004670728649,-0.005837349643,-0.003940853178,-0.001686946445,-0.0005045708634,0.001091161595,-0.002805062445,-0.001850997311,-0.001268047213,-0.0008632719761,-0.0001459070551
2020-09-30,0.004090490474,-1.192840315e-06,-8.447778939e-06,-0.00434299828,-0.001861893422,-0.002371538327,-0.002595828563,-0.003885349128,-0.004029325694,-0.001819207693,-0.006574819871,-0.002521260291,-0.0008803152477,-0.005499316621,-0.00612795485,0.001094135218,-0.0006405257401,0.001400346557,0.0001399840309,0.001659410321,-0.000546816593,0.002421085203,0.002211161478,0.001189014046,0.0001743924573,0.001533070784,-0.003204894745,-0.002278261515,-0.001882549445,-0.003216157256,-0.006144781934,0.004289253403,-0.00554134102,-0.004390088433,-0.004571504571,-0.005766130407,-0.005155395559,-0.003732947293,0.002756769421,0.002916255789,0.0002699120077,-0.003360994024,0.001864843614,-0.001345615,-0.002579958297,-0.000386298156,-0.001903379102,0.001777321653,-0.007090502918,-0.003421728773,-0.002397789929,-0.002045501282,-0.005825021025,-0.002238921391,0.0001152135147,0.00108098583,-0.003913950335,-0.005937802407,-0.004547370302,-0.006961507028,-0.0009636767596,-0.002617068677,-0.003640157321,0.002480354984,0.004168618232,0.001773561226,-0.001159269418,0.001341792505,-0.003058095045,0.001812095193,0.002221084739,-0.005645356172,-0.005490361845,-0.00511158856,0.0008715583761,0.004072171992,0.003564162556,0.001125716504,-0.007092442441,0.0002563808018,-0.003172379288,-0.005919815618,-0.001394012369,0.001479104737,0.0009201216994,0.002597133055,-0.001403343054,9.958277405e-05,0.002209940362,0.001379012064,0.002239766701,-0.005252875523,-0.001451551416,-0.001567484812,0.0006021245957,-0.002283262985,-0.00639962548,-0.003322232415,-0.002784476905,-0.007439592335,0.003927184764,-0.002424094743,0.005571220838,0.004207552414,-0.007111624035,-0.007002541351,-0.002405519568,-0.003815099395
2020-10-31,-0.0007948185468,0.00290217875,0.003097741363,0.006879357005,0.0004610600552,0.001563484959,0.002809603755,-0.002632204845,0.01027092491,-0.002465430415,0.01085890868,0.004666242579,0.001044187095,0.01264161407,0.01230195031,-0.001533264932,-2.418628728e-05,-0.0003845864083,0.002925865647,-0.00159446545,0.001283929043,-0.004825304298,-0.0009235150824,-0.001597897429,0.004118475427,0.003794112868,-0.002458085096,0.002809807394,-0.002826700608,0.004294287902,0.01304155773,0.0005106375587,0.01119814754,0.01077832792,0.008986366706,0.01283603963,0.0122764833,0.001558958491,-0.001617483074,-0.002848972026,0.002639046381,0.005348773001,0.001322970989,0.006466515353,-0.001655790219,-0.00627776072,-0.003230131505,-0.00563164471,0.01361004189,0.01085690592,0.003739099864,0.009830928177,0.008915021316,-0.009869816664,0.001081103591,0.000256751552,0.008261720095,0.009243112272,0.008921412693,0.01239765564,0.002452315588,0.0009425358371,-0.001602801574,0.001947358245,0.001300151683,-0.002153002927,-0.002406346736,0.003233089545,-0.004716884222,-0.001311318453,-0.002161866679,0.01169949587,0.01160439654,0.0121029367,0.001372741504,-0.005677378744,-0.00690283909,0.002410287953,0.01325980749,-0.002933691374,0.002553910687,0.007408189222,0.009565267813,-0.00893370416,0.005428283583,0.0023649806,0.00176572724,0.001454124299,0.003961664166,0.001107918668,1.440744039e-05,0.01002299424,0.005164224084,0.004640502156,-0.002717933071,-0.001935142374,0.01163314632,0.01108460663,0.0005632883095,0.0131470742,0.001562306443,0.01026373994,-0.002917680398,0.0007792196448,0.01251325525,0.01146347216,0.006870170832,0.01123425744
2020-11-30,-0.003794359224,0.005938627341,0.005851988823,0.02247112786,0.00618736985,0.006381809219,0.00589496923,-0.003450760432,0.02583976783,-0.006822212028,0.02894138561,0.01216026856,0.001692436339,0.02896809148,0.03052880158,-0.005651379986,-0.005354909676,-0.001891393855,0.007128456086,-0.003829367273,0.005391540843,-0.00461764181,-0.001016695621,-0.001053268177,0.008609707935,0.003954679729,-0.008169025874,0.004643063718,-0.00921056692,0.01401236447,0.02957159974,-0.0003970519824,0.02906622349,0.02638074343,0.0196362583,0.02926964358,0.02786616154,0.001201469915,-0.004912401775,-0.007980432011,0.01078365014,0.01650129566,0.00187385225,0.01537561142,-0.008252014559,-0.02020456714,-0.007340428425,-0.003248869909,0.03165342781,0.02286883867,0.01503543093,0.02762278712,0.02575987702,-0.02483020881,-0.001704967679,0.001244017418,0.02740248219,0.02807257552,0.02923790967,0.03084903791,-0.006454027534,-0.01180937397,-0.005278506827,0.006102686914,0.002071589212,-0.003911850877,0.003925303148,-0.0020850313,-0.001088237219,-0.00282769483,-0.005613690401,0.02850372238,0.02863921705,0.02906363737,0.003428619551,-0.002430028194,-0.0166151134,0.003702333968,0.0315197653,-0.021500984,-0.02664364754,-0.01635558678,0.01392926093,-0.02752200553,0.01643848744,-0.002459162201,0.003183388123,-0.001477853979,0.009246213424,-0.005151254352,-0.001315959869,0.03128469283,0.01268699584,0.01371369951,0.01912399637,-0.01202407744,-0.02249810323,0.0250656491,0.004142940026,0.03336323902,0.002982119003,0.02518761689,-0.01034179993,-0.00253387409,0.03136103265,0.02588293597,0.02118994797,0.03119986006
2020-12-31,-0.0007571919505,0.003025800372,0.003405109909,0.006522297881,0.002704324377,0.003443381837,-0.0009557034837,0.000980815001,0.007348900783,-0.002744714389,0.01051858874,0.001930039886,-0.001200731222,0.009330982379,0.01016131619,-0.00256044765,-0.003390696286,-0.001781084406,0.002003023666,-0.001290589417,0.003527210958,0.001203739898,-0.0008731083019,-0.001556293271,0.001514565338,-0.004778523426,-0.001349379293,-0.0007998211317,-0.001210280001,0.003492967244,0.009992458999,-0.002771152905,0.009850565872,0.008551338468,0.004956429544,0.009993106578,0.009146782455,0.002493963574,0.000278578525,0.0007318591,0.0003748154952,0.002932969138,-0.002747286456,0.00205630612,-0.001466781747,0.00181710654,0.002871066585,-0.0007727305101,0.009775122562,0.00687301243,0.005147727835,0.008401142514,0.005801053036,-0.006096324079,0.000282473223,0.002022671789,0.008868580702,0.006127636789,0.009403503119,0.01074818636,-0.001900110122,5.231859849e-06,0.00137130197,0.002663833471,0.001356256377,-0.003096593721,0.001319983342,-0.001094913268,0.003711311478,0.003342388376,-0.001483288743,0.01024525678,0.01006582964,0.008950955846,0.003055958876,-0.005083866069,-0.008261317211,0.0004077171975,0.009954149569,-0.00728944968,-0.01033320457,-0.0001600568246,0.006045760929,-0.004980700257,0.004766341722,-4.864243806e-05,7.88204847e-05,0.0009635465758,0.004399169967,-0.00407639197,0.003736408921,0.009663178987,0.004289549434,0.004720278873,0.009829989148,-0.003799884464,0.004554931627,0.008474423204,-0.0006329684276,0.01003554013,-0.0009231722421,0.007328256136,-0.004499178968,-0.002274385587,0.0105142656,0.009047994715,0.006562814846,0.009527628382
2021-01-31,0.005250599023,0.001924068675,0.002463190427,-0.002322651174,-0.002419398674,-0.003018233347,-0.004024826309,0.003350599744,-0.002904212285,-0.0002464717619,-0.00173120269,-0.003081644521,-0.001602554473,-0.002713929254,-0.001902870323,0.001668876241,0.004038957779,2.254616547e-05,-0.003489815234,0.001312986218,0.001921491486,0.0007535242749,-0.0005728437648,-0.001936998215,-0.001735394844,0.002529328322,0.0003397685482,-0.004485276165,0.001491350141,-0.003932918304,-0.002438616376,0.00202602446,-0.001816782809,-0.001840886205,-0.003201749507,-0.001825169195,-0.002451374764,-0.001813323845,0.002561251585,0.00317124173,-0.005189454482,-0.003900490952,-0.003910782041,-0.00421785966,0.002718854419,-0.003667249504,0.001667648672,0.003825144666,-0.005443413729,-0.0006760803955,-0.00158732068,-0.00119126489,-0.005887955616,-0.001045934431,0.0003955358995,-7.197446844e-05,-0.001320019126,-0.003599631175,-0.001910971943,-0.001937398745,0.003365629019,-0.003978517197,-0.0019380956,-0.002104913819,0.0003799561213,-0.0003094508893,-0.0007241620882,0.001482399146,-0.0002580446913,-0.001410692824,0.0007720738965,-0.00124069369,-0.001840671947,-0.00170681049,0.004258300413,-0.002539184106,-0.003333003702,-0.001858270167,-0.005588897739,-0.000834215364,0.002659800551,-0.005218801494,-0.003978879526,-0.003798670856,0.0004936880336,0.002431384279,0.0008821005484,-0.0001295814764,-0.001766938261,0.001368620384,0.001783981277,-0.003110748326,-0.0003592539253,-0.0002530670632,-0.001751712082,-0.004799888092,-0.002465897864,-0.002627971107,-0.005054300223,-0.004326711191,0.0008807231992,-0.001349909758,0.003109392299,0.0003433579084,-0.001951298664,-0.001922226484,0.0002332700199,-0.001827842986
2021-02-28,0.002374037302,0.0009237594039,0.0005986030954,0.001445041484,0.001131384257,0.001186634049,-0.001684671325,0.002671018559,0.002830965217,-0.001075189701,0.00315874679,-0.0004855527343,-0.00177591882,0.001714342095,0.002464525107,-0.002067797609,-0.002016086249,-0.001607810773,-0.00268988474,-0.0008160070587,0.003730422333,0.0002995147619,-0.002542134187,-0.002375604555,-0.001528258934,-0.001446986431,0.0007704517689,-0.001544992913,0.001174719977,0.0008331800513,0.002915713521,-0.001506536301,0.002716547587,0.001442114271,-0.0004251599291,0.002642329198,0.001351206199,0.001093106384,4.820311235e-05,0.001456604444,-0.00261950154,0.0003416060714,-0.005618147547,-0.003715203338,0.001175572912,0.000129793059,0.002735753441,0.0004735273679,0.002139119156,0.001834740871,0.001917199325,0.002531639732,-0.00148676632,-0.0006334367188,-0.001116437435,0.00154142386,0.001788288047,-0.0003779790742,0.001318026993,0.002679554691,0.0007874682421,0.001228662471,0.003215737117,0.002803510071,0.00243233797,-0.003106840833,-0.001708561612,0.003719444662,0.001384174379,0.001671380065,-0.0005962424586,0.002909485777,0.002185590146,0.001506385854,0.00246329655,-0.003384464618,-0.005089000758,-0.001367195336,0.002156166134,-0.002463588296,-0.003877348592,0.001688670783,0.00238582803,0.00234405404,0.0003220863704,6.641061636e-05,-0.0007215518992,-0.00119371186,0.002432091791,-0.0005953740027,0.001055640917,0.001417697488,0.00187728386,0.002043239793,0.003335938242,0.0003939180638,0.00209859638,0.001621937009,-0.002221348223,0.00253377857,-0.001029003088,0.001853813492,-0.0009176412847,-0.001546391952,0.002848994271,0.002239639653,0.001008287217,0.002998881083
2021-03-31,-0.0001258846699,0.002331979363,0.002513436678,0.00550681686,0.003419112759,0.003496618316,0.00212811968,0.0009115532942,0.003961662423,-0.0005947858637,0.005485025559,0.003614380068,-0.0001597289236,0.006570081667,0.006563753788,-0.003912755569,-0.004103870637,-0.002281299504,0.004099723009,-0.003242260471,0.0002362723029,-0.0001165718246,0.00101571595,0.0003109808742,0.002261050342,-0.001562921388,-0.0007944476434,0.002686605218,-0.001611284694,0.004358605162,0.006634685973,-0.002807576595,0.005819301122,0.005594362765,0.004640732954,0.006377784531,0.006524217504,0.001733916572,-0.002913116835,-0.003372576947,0.004328136469,0.004632818701,0.001714956928,0.004380680037,-0.00209532207,-0.00105906976,-0.002461109079,-0.001341431469,0.008734509073,0.006914726395,0.002624573456,0.008950677614,0.006866492901,-0.00384012807,-0.003379864456,0.002476839824,0.007181799516,0.007263290591,0.007780677572,0.006842320908,0.002550372273,7.357770419e-05,0.004868452736,0.0004812903151,0.002022477562,-0.001712548678,-0.0009317801885,0.002630682415,0.0005054486278,0.0008119268887,0.0001100300199,0.007059720165,0.007202874638,0.007069528604,0.0009330973993,0.003248745088,-0.001478381878,0.001311044617,0.008701764242,0.00281405367,-0.001606850638,0.0002127635854,0.006684318263,0.00677929672,0.003187147029,0.002036089218,0.001056355728,-0.003592573512,0.002273163891,0.0022358377,-0.001160088506,0.008005025203,0.002913699856,0.002750545679,-0.004122716735,0.004007647631,0.00521711786,0.005650536257,-0.0001085819376,0.008825988286,0.004916547515,0.008517909734,0.0005731317936,0.003642020157,0.007252072975,0.0058180857,0.005481231792,0.009243104971
2021-04-30,0.0005925224681,-9.93850515e-05,9.675696045e-05,-0.0003554966652,-0.000808849616,-0.000929791017,-0.001654496805,0.001225424116,-0.0001546182519,0.0005580790148,0.001002901389,-0.001239814595,-0.001171972298,0.0003775938876,0.000549997763,-0.0001016862352,0.0008624262404,-0.0002004602302,-0.0009578149381,3.229541537e-05,0.001796842429,0.001095416347,0.0001299084613,-2.90862146e-05,0.0001533767476,0.000380317904,-0.0003077240939,-0.001242229103,5.190387247e-05,-0.001503568161,0.0006967271858,0.0006098736268,0.000861454667,0.000848574596,-0.0004652280386,0.0005060767601,0.0003029874501,-0.001414370222,-0.0004611414585,0.0003686089611,-0.0004521056331,-0.00141347698,-0.0003613734476,-0.0007935485152,0.0001022620004,0.001592861941,-0.0008210388782,-0.0001218566264,-0.0005261419038,-0.0001278437536,0.00045520184,0.000316884034,-0.0009826802609,-0.00117591217,-0.0006894037389,-0.0003036360972,-0.0001061991219,-0.0005204936475,-0.0002626585061,0.0005472909144,0.001839176632,0.001592950978,-0.0002654096217,0.0004022324945,-0.00203275046,0.001077963306,0.001384045117,0.0005828244225,0.0002422190935,-0.0001768828834,-0.0002449218664,0.000626570026,0.0003776129731,0.000501019638,0.0006241276637,-0.001290800989,-0.0006593134828,-0.0006824160983,-0.0005513989295,-4.065393246e-05,-0.0002866784784,0.002037259042,-0.0001016563423,0.0001650942833,0.0008430155956,0.0002209368307,0.0002359300175,-0.0005381230325,0.0001768315883,-0.002473301926,-0.001329684392,-0.0001953775673,4.236192163e-05,-1.664630109e-05,-0.003176085874,-0.0003904035305,-0.0007600340423,-9.460153909e-05,-0.0004236615724,-0.0004339809004,7.190883316e-05,-9.069967961e-05,0.0009344476534,0.0003779614619,0.0006098848458,0.0001857563046,0.000124091666,-8.355596956e-05
2021-05-31,0.0002967260029,0.0009133545019,0.001026328995,0.00245716956,0.001159977241,0.001707860834,0.0007948786913,-0.001399267209,0.002224805818,-0.0002886719648,0.002715358943,0.000387180115,-0.0001140194139,0.003266086521,0.003498685624,-0.0006206158757,-0.001223010271,0.0003089127692,0.001625478653,0.0003374670573,-0.0007363901636,0.0002112395297,-0.0006073729402,-0.0006865622901,0.0004690667407,-0.002093082073,-0.001293068558,0.001120103521,-0.001556843351,0.002053551373,0.003090590874,-0.0007576256592,0.002320093591,0.00235753399,0.002195021892,0.003242918613,0.003248632488,0.001350895796,0.0007562618968,0.0005302369146,0.001432204701,0.002197399154,-0.0003592104071,0.001495343533,-0.001109436925,0.001633885623,-0.0005453774314,-0.0001401673347,0.003220451736,0.003548532552,0.001300663285,0.004552645115,0.0031881469,-0.001891077814,-0.000182931036,-0.0005199968564,0.002829394595,0.00338777221,0.003075274315,0.00251351584,0.0009065130944,0.0002813342011,0.001464862589,0.002219341453,0.002519593686,0.0004660921109,0.0006121847331,0.0003546261176,0.0009158670178,-0.0001884873378,0.0006053778692,0.002707703966,0.002713280171,0.003378909612,-0.0001278927401,0.001431928704,0.0003777009376,0.0003457309393,0.003232722699,0.002509808363,0.001444262019,0.001929886887,0.002622017682,0.002093764205,0.001039862358,-2.167533688e-05,0.0001475245342,-0.0002572012288,0.002319485592,-0.002245750562,-0.0009876783631,0.003553646393,0.001883748169,0.001927881225,-0.001432271511,0.003123781149,0.00260332607,0.003088584233,0.0007938725828,0.003235391204,0.002766258439,0.004132399892,0.0004480827275,0.001638207665,0.002897295361,0.002780056827,0.002082643255,0.004411620324
2021-06-30,-0.001969732655,0.002503523251,0.002309115268,0.007139631616,0.001999598654,0.002194037075,0.004157175684,-0.000877851014,0.005869543318,-0.001043014937,0.006942478652,0.004213457693,0.002769066477,0.01079574905,0.01049684617,-0.003810966302,-0.004454580407,-0.001421775775,0.005002025563,-0.002582707926,-0.003171598293,-0.001128052197,-0.002226609233,-0.002284692103,0.0005663297001,-0.008828064433,-0.001169102512,0.004211591308,-0.002160581905,0.00527013297,0.01031554047,-0.004383477497,0.008208419272,0.008794352192,0.009073516,0.01061056704,0.01035410066,0.001215618704,-0.003694161403,-0.003754508099,0.003668170892,0.005652934933,0.001872544654,0.007613518289,-0.002353672378,-0.009249434936,1.02085036e-05,-0.001466515014,0.01221126417,0.007590647371,0.002765875563,0.008894793851,0.01010102706,-0.004536689158,-0.0009037480838,-0.002624290973,0.008536118047,0.01010128176,0.009835368495,0.008756824779,0.003877640571,0.0003158770007,-0.002008224732,-0.004344556941,0.002283857878,0.002324771643,0.0006009170438,0.001232166469,-0.001488530906,0.001125941502,8.07489236e-05,0.0099058084,0.01004472197,0.009841338834,-0.00015211943,0.00537417614,0.004392434141,0.0001332437476,0.01219656343,0.01080498591,0.007222318272,0.003886036598,0.001000366853,0.009688233546,0.003182403605,-0.0004623833781,0.001391061249,-0.0009466115772,-0.001050501545,-0.006461006212,-0.004365175514,0.01060580165,0.00366638307,0.003723657043,0.002059462481,0.009669270051,0.007560853357,0.007029525301,0.002291452168,0.01227975448,0.001838380317,0.008576751565,-0.003449508831,0.0001485664519,0.009373244603,0.008155611604,0.006590631116,0.01058691811
2021-07-31,0.0007485264322,-0.001227151655,-0.001119054064,-0.003202328724,-0.002884549086,-0.002649694408,-0.0002306731115,0.002217652474,-0.003143888745,0.003015329144,-0.003896900685,-0.00247009736,0.0004975213099,-0.003813457998,-0.004273399518,0.002978367569,0.003413094284,0.001255122792,-0.00208195206,0.001774892073,0.0003657867488,0.001928811797,0.001488957066,0.001454141491,0.001270889922,-0.001386859983,0.002541117993,-0.0005072887054,0.002693487121,-0.003170213283,-0.00424602184,0.0005154332336,-0.003368142404,-0.003104175856,-0.002371540823,-0.003786075537,-0.003626633222,-0.001061365869,0.001636856232,0.0009365605437,-0.002361539885,-0.003201715285,-3.949954397e-05,-0.002613674154,0.002611693388,-0.001785414975,-0.002883252981,0.0007990287265,-0.004962980131,-0.003609902526,-0.00195881734,-0.003803933892,-0.0032448219,-0.001246381603,0.000690562678,-0.001147171405,-0.003773955938,-0.003828700671,-0.004037714725,-0.00401100384,-0.001760086976,7.726147497e-06,0.0001684882009,-0.001859247155,-0.001001012924,-0.0001630505858,-0.000243957607,0.0004173664922,-0.0008022928547,0.0009617237275,0.0004688765361,-0.004186468934,-0.004346468134,-0.004404781126,-0.001087590143,-0.00126008766,-0.001462078619,0.0001746971875,-0.004978424383,-0.004669876771,-0.003882623473,-0.001486605272,-0.0006142514524,-0.00485451425,-0.0008546849864,0.0005175636074,7.487473161e-05,0.0005501517631,-0.002203582101,-0.002053979395,-0.002910083249,-0.0043393421,-0.001429068476,-0.001620628924,-0.003050704478,-0.003956641684,-0.003051050667,-0.002881951952,-0.0007259398669,-0.004833832438,-0.001048304587,-0.003297861223,0.001765239341,0.0002341811385,-0.004218319907,-0.003910997313,-0.003118687817,-0.004276255981
2021-08-31,-2.299511109e-05,7.889828893e-05,6.519016503e-05,0.0002541006967,0.0004328253328,0.0006923484129,-0.001005824664,0.0003354909443,0.001065776169,-0.0005568291458,0.001056838267,-0.0006664153856,-0.0008669635945,-5.902999676e-05,0.0002606306477,-0.0006941768714,-0.0007112348074,-0.0006423000655,-0.0001002021062,-0.000318499836,0.0008704082916,7.918689376e-05,-4.796160642e-05,-0.000138691749,-0.0002371081502,-0.001450625315,0.0001027560377,-0.0002779424097,0.0001664420489,-1.983556715e-05,0.0005736735137,0.0002422876801,0.0002720539931,-0.0001518514685,-0.0003621298191,-4.909899582e-05,2.205522875e-05,0.0001867254476,-0.0002663572613,0.0002004936191,-0.001231334603,0.0003897969975,-0.001619147746,-0.00109141371,-5.046645417e-05,-0.001355684008,0.0003660932781,0.0005110143046,0.0005102528887,0.0009514236986,0.0005510747948,0.001603005356,-0.0007843571708,-0.00176925157,-5.748757146e-05,-0.0005042666158,0.0003966646127,-0.000144800261,0.0003408374405,0.000924120442,0.001093378353,-0.001522874448,-0.0003631106177,-0.0004760643755,-0.0002171562907,0.0003738864099,-0.0001347375069,-0.0005289394195,0.0006140262851,-0.0009895373956,-0.0007504860177,0.0009263471107,0.000899949968,0.000658002653,2.167561296e-06,-0.0007136614381,-0.0009970782008,-0.0005700173006,0.0006102135157,-0.0001092998239,0.0004947232531,-0.001041687988,-0.0006113042652,0.0003203717912,-0.000245843024,4.492632361e-05,0.0002508406453,-6.369629205e-05,-0.00031917469,0.0005581405677,-0.0003569174483,0.0003941633007,0.0004197625863,0.0007009620111,-0.000562371817,-0.0003327583686,-0.0002072259958,-0.0001493807018,-0.0005728292204,0.0005495384038,0.0006552102502,0.001363305423,0.0004897578604,0.0006925609012,0.0007712099542,0.0007754665174,9.612979799e-05,0.001105361964
2021-09-30,0.001212687633,0.0001162058366,0.000179869952,-0.0004734271502,-0.0006259128866,-0.0004770820305,-0.001720643748,0.001231990647,0.0003840270445,0.0007054862662,0.001128073949,-0.001375990882,-0.001647554214,-0.001037878349,-0.0003485777707,7.855617247e-05,4.970210132e-05,-0.0002368214546,-0.002142685483,0.000379519771,0.001780768011,0.0006664415127,0.0002377535953,-1.450904629e-06,0.0002051234612,-0.0001749243405,0.001007743172,-0.0010490632,0.001368771247,-0.001052537693,3.403539674e-05,-0.0007436627138,4.639325243e-05,-0.0004087668096,-0.001750089711,-0.0004633373803,-0.001088053857,-0.0002802063379,0.0001998515276,0.0009863454757,-0.002381399799,-0.001092237882,-0.002633129695,-0.002509670369,0.001554408034,-0.0009997427017,0.0008984759993,-0.0002684378287,-0.0006608506607,0.000300192515,0.0003795701,0.0004229513974,-0.001935143007,-0.002609500514,-0.0006136151713,-0.0003345990508,-0.0004956059674,-0.001471850087,-0.0007463050534,-1.97354068e-05,0.0001121481834,-0.002131785043,-0.001439932729,0.001867865878,-4.333351969e-05,0.0009443845914,-0.0008519741513,0.001953531792,0.0007381340432,0.001470041359,-0.0003623145117,-0.000105536057,-0.0002712796152,-0.0006039909048,0.001202435593,-9.775611797e-05,-0.0004648577516,-0.001082903959,-0.0006886616632,0.0002675246268,0.0005892796836,-0.002441308067,-0.001253084293,0.0009621637601,0.0002417144475,0.00128369274,7.428197411e-06,-0.0007773505076,0.001277849829,-0.001216378235,-0.0006791676087,-0.0009132095785,0.0007504080041,0.0008376002888,-0.0001656200454,-0.00075643461,-0.0001084783576,-0.0002987120102,-0.001179453512,-0.0005507383021,-0.0001256550926,-0.0003418269423,0.0007134019991,0.0002234007644,-0.0004481147218,-0.0003281422553,3.510026473e-05,-8.495003303e-05
2021-10-31,-0.0003925922068,0.003458658118,0.003657422878,0.005192124184,0.002583948277,0.002645342102,0.004976303565,-0.002743115418,0.005470318156,-0.001954765939,0.004658222656,0.003979778435,0.003619368938,0.009077463989,0.008407336546,-0.003487219947,-0.004308644034,-0.001169693682,0.004230866452,-0.002672689729,-0.004355558129,-0.003752623139,-0.002157585807,-0.002088990887,-0.001022679226,-0.005310588793,-0.002157538486,0.00330184366,-0.002885796964,0.006495907014,0.008276762843,-0.002669221666,0.006042540359,0.007109056094,0.007907833085,0.008596430113,0.00856523149,0.00180847254,-0.002893914471,-0.002986919818,0.00489021792,0.006578703987,0.003942298138,0.007857798808,-0.003821784559,-0.0008904836919,0.0003987570337,-0.0050505596,0.01000273634,0.008981408516,-4.91105746e-06,0.009663000161,0.009375350922,-0.005722632654,0.0007947816722,-0.00186724795,0.00817820207,0.009185101607,0.009082907767,0.00717331163,0.005938094669,-0.002763292706,0.002263336688,0.001070740991,0.001792122386,0.002049893738,0.0009957583283,-0.001759933811,-0.003309097957,-0.0006128929575,-0.000257575892,0.008124346146,0.008546018717,0.008851944331,-0.0003623965273,0.006621057609,0.005850172335,0.001067799781,0.01006085898,0.009389736938,0.007992256984,-0.005687959787,0.006689171638,0.004642477558,0.004799897018,0.00140658622,0.002023901765,0.001406908013,0.002562371411,0.004139984248,-0.001788426484,0.009534104163,0.003923240756,0.003407235795,0.0002869105007,0.008408702742,-0.00258384562,0.004824361709,0.001530167661,0.01004171556,0.003682249734,0.01011466193,-0.001568670401,0.002174625132,0.008713930651,0.007835910576,0.006996753713,0.01037857342
2021-11-30,0.002325057121,-0.001597920965,-0.001686367005,-0.00620426866,-0.003127060813,-0.003207870515,-0.001168193424,0.0007545925463,-0.006277230729,0.003846867373,-0.006426817764,-0.002902734264,0.0004970790326,-0.007561427487,-0.007401106633,0.003949762997,0.004188320339,0.002232487843,-0.003746719353,0.002403159529,0.0006822476956,0.001098496933,0.002213577246,0.002373189414,0.001219769099,-0.002394376165,0.002339982516,-0.000666214805,0.002483442861,-0.005283448215,-0.007989923869,0.001844101315,-0.00537436302,-0.006413914362,-0.005234940347,-0.007146789984,-0.007337344392,-0.002211495436,0.003158410475,0.00277981088,-0.000687987854,-0.00482302874,0.0008047559063,-0.003717574077,0.002625995111,0.001460760291,-0.003438899545,0.001509002787,-0.009888863911,-0.005211080621,-0.003154944162,-0.005072457027,-0.006931799614,-0.0005004354431,0.0002069374944,-0.001011431556,-0.007789715739,-0.007844428933,-0.00826477916,-0.007397766168,-0.003381468819,0.001324645266,-0.0005654985454,-8.27793176e-05,0.002251897386,2.482661657e-07,-0.0006805174708,-0.000912789562,-0.002830622666,-0.001303631603,0.001179441945,-0.00854840247,-0.008763407408,-0.008023589257,-0.0006644352743,-0.00405737715,-0.003818461732,-0.0007139123821,-0.009888142844,-0.008692424664,-0.009139537504,-0.0009098096426,-0.004186518497,-0.005951146961,-0.004838336952,0.0002692249107,-0.00185952,-0.0001730086151,-0.00144540157,-0.003187192828,-0.002962684011,-0.00859861755,-0.002674762369,-0.002950252731,-0.004224158911,-0.007463131358,-0.004525977322,-0.005219314365,-0.0006080181391,-0.009972686362,0.0008708807518,-0.005082899822,0.005255645098,0.002082120296,-0.008260991389,-0.007857127104,-0.005734230914,-0.007121459092
2021-12-31,-0.003443146782,-0.001650130862,-0.001877223344,0.00376082252,0.001205926181,0.000850862669,-0.0007012285319,0.001031954278,0.001693540805,0.0007899289333,0.001972025778,-0.002898644956,-0.002649223535,0.0009079350018,0.001607660115,-0.0006392248911,0.0001073071282,-0.0005374544362,-0.0009535889379,0.0005094641745,0.001599594943,-0.0006977534744,-0.001908593238,-0.001638500646,-0.001519123733,-0.001768757638,0.001600438475,-0.0003454981815,0.001158470804,0.0006320825394,0.001071203723,-0.001169125371,-0.0004850328823,0.0007365243866,0.0009429985805,0.001116412016,0.001108399736,0.0002510249878,-0.001042270736,-0.0003445751693,0.0009856721947,7.273393359e-06,-0.001746336796,-0.001382068852,0.001264342562,-0.003730798745,-0.002885769373,0.003792242319,0.003077240483,-0.001042829467,0.003885754046,0.0005009315062,0.002163846356,-0.003339268586,0.001281371539,-0.0007591961392,0.002152699132,0.00222424669,0.002291281662,0.001028597245,0.001200649683,-0.002671766204,-0.0009614728421,-0.002583839006,-2.31332989e-05,-0.001697575639,0.00036590208,0.0007333422865,-0.00107014529,-0.00120269237,-0.000228826305,0.0007986757488,0.0008674024375,0.0007145258928,0.0002077284726,0.001041201073,0.0002830518753,-0.0003934634538,0.002989352312,7.066795322e-05,0.002364992584,-0.002275793849,-0.001023288204,-0.001242661296,-0.0007055155635,-0.003405594502,0.0008547926815,0.001104357911,-0.002180695937,-0.00116278993,-0.001716788711,0.002834829003,-0.0005517487486,-0.0001507357258,-0.00422905478,-0.0003890294324,-4.61000987e-05,-0.0006060753276,0.001414740681,0.003302234467,-0.002447401639,-0.0002959680557,-0.001372993884,-0.001520964216,0.001395644069,0.0009342448816,0.00030351138,0.001888081717
2022-01-31,0.00637660341,-0.003830434361,-0.003988206125,-0.01224078741,-0.004652671071,-0.005125511572,-0.002942708368,0.001766377225,-0.00715235641,0.005257850107,-0.008219773623,-0.006314823955,-0.001966400388,-0.01309877506,-0.01372055375,0.005486812751,0.005521613793,0.002665289353,-0.008213231979,0.005009265897,0.004195088294,0.003162441852,0.001613753721,0.001236941527,-0.0005658417418,-0.0009563199439,0.004078097034,-0.003417987957,0.004692148084,-0.00840730102,-0.009847060949,-0.0002242607614,-0.007910410907,-0.01158622816,-0.01068981935,-0.01398391358,-0.01320333818,-0.002315477837,0.004790741622,0.004586717559,-0.003231298258,-0.008089602792,-0.003377266292,-0.009357821199,0.005357262559,-0.01091327169,0.0001876708831,0.00219046169,-0.01814611767,-0.008539336444,-0.00609097858,-0.008682723384,-0.01446533891,-0.0001248470875,0.0006685231055,0.001787571287,-0.01411276725,-0.0146892559,-0.01524501654,-0.01030579939,0.002250516888,-0.002363559765,0.002104343078,-0.007285933845,0.001626959775,-0.000338963351,-0.001210436836,0.002199007356,0.002582464632,0.00189618781,-0.0005631345403,-0.01145562682,-0.01217855267,-0.01212867557,-0.0008864902065,-0.006396324921,-0.01071440764,-0.007120556495,-0.01815386255,-0.002734052693,0.001510160141,-0.001410815743,0.005028644255,-0.005895437474,-0.005672080267,0.001272720972,0.0003660301159,-0.0003170822339,-0.008041460565,0.005175414169,0.002173503304,-0.0164321522,-0.004147189807,-0.004407256697,-0.003507807072,-0.006850584945,0.001977021643,-0.0001068941075,-0.004340284545,-0.01804587001,0.001983018588,-0.008543271506,0.00908879526,0.003787387067,-0.01199622625,-0.01153893444,-0.01082572545,-0.01116635855
2022-02-28,0.001023659035,-0.00636618266,-0.007386343233,-0.008894076337,-0.001767391344,-0.002342822581,-0.003726450831,0.005632720785,-0.009526140052,0.0004104918519,-0.01087670241,-0.001907675503,-0.002317482274,-0.01711829377,-0.01727276917,0.005585030074,0.005980548374,0.004030481214,-0.007159215341,0.004005074222,0.0007579170765,0.002197628966,-0.001190479376,-0.001211880662,-0.004300591367,-0.003846014747,0.003349976017,-0.001186524076,0.003332806494,-0.00673841832,-0.01463331187,0.003583440786,-0.01372805124,-0.01428152453,-0.01101016295,-0.01700757722,-0.01666590144,-0.003374380595,0.004252021645,0.004475458529,-0.005153114619,-0.008383839309,-0.004839613548,-0.01146590504,0.004745595064,-0.01054907792,0.003751836749,0.003048984591,-0.01968018984,-0.01542541931,-0.002940098947,-0.01496882336,-0.01531560847,0.001247990986,0.001445152684,-0.001042297503,-0.01585678608,-0.01582972478,-0.01724063173,-0.01355741932,-0.000138228244,0.006650473239,0.002752746527,-0.008738375355,0.0007141127738,-0.0004266398851,0.002049980785,0.001584320673,0.0009192626033,0.001107860204,-5.426406405e-05,-0.01579788786,-0.01645589144,-0.01474811601,-0.001948444161,-0.01240474742,-0.01266997986,-0.005641410149,-0.01962948156,-0.01034973383,-0.01218815503,0.008823946185,-0.00280939488,-0.009235911066,-0.009481889835,-0.004874588003,-0.0002593883638,0.001000006526,-0.009844884918,-0.01349535452,0.0001071856914,-0.01713439425,-0.008367157763,-0.00808206693,0.01377817457,-0.01086429463,0.0007036706928,-0.008478869582,-8.082603278e-05,-0.01982766735,-0.001558627731,-0.01467334671,0.007489542007,0.001094273135,-0.01654985893,-0.01572755917,-0.01335422657,-0.01666714108
2022-03-31,-0.003467891318,0.004524211483,0.004730386633,0.008760829846,0.005493712054,0.005622468406,0.005012508017,-0.009537917642,0.008065078744,-0.001818551367,0.004868926299,0.0009040358157,0.001861057786,0.01407955565,0.01408026408,-0.00531319833,-0.00667690156,-0.0007893488961,0.008930356279,-0.001760654379,-0.005492546263,-0.002273443275,-0.001883352526,-0.002058737361,-0.00196156621,-0.008556378556,-0.003526862694,0.0007507762946,-0.001946896001,0.00947334428,0.01369528788,-0.00533614898,0.01151259812,0.01150579127,0.008359478088,0.01383609265,0.01380575554,0.003956089579,-0.003982151245,-0.004071246822,0.006170007342,0.009283707437,0.006152652691,0.01114215868,-0.007138163608,-0.004469416855,-0.004117258346,0.001954203728,0.01521010298,0.01396824098,0.002965733531,0.01527785438,0.01307737861,-0.001897786163,-0.003403800005,0.004631840262,0.01173876858,0.01283808976,0.01275543149,0.01263627114,0.003760674628,-0.005487705832,-0.001813769914,0.005434362547,-0.002147035436,-0.002533842888,-0.001454517564,-0.002493752805,-0.003278029803,-0.00315171416,4.141089452e-05,0.01186367255,0.01263350154,0.01202560895,0.00136715822,0.00912093049,0.006868924845,0.004320008444,0.01516020671,0.001832029784,0.009353315751,-0.01099893623,-0.00990674288,-0.005974514989,0.005352734402,0.001133093858,-0.000270864814,-0.004005673632,0.006440794228,0.008460464678,0.00149529732,0.01397893704,0.003566324984,0.003486380509,-0.01376452266,-0.0003643232231,-0.01034911017,-0.009058838077,-0.00011394845,0.01534022944,0.002870031153,0.01285486683,-0.001188303128,0.003400698339,0.01533256851,0.01415520358,0.009676002283,0.01544720789
2022-04-30,0.007640652593,-0.006331959864,-0.006247532166,-0.01562915866,-0.008395198913,-0.009355707786,-0.006248701835,0.008811074236,-0.0001984153736,-0.0006375008406,-0.007050976805,-0.004492677871,-0.006715225347,-0.01879663064,-0.01897655576,0.004430958227,0.004881642176,0.001467137924,-0.009628094905,0.004249388078,0.009118392459,0.00534570412,0.007679559691,0.00735079594,-0.0007381121251,0.009362020267,0.004195164987,-0.00590852343,0.004377298057,-0.01309642301,-0.01568275995,-0.00197813271,-0.0106080573,-0.01464218482,-0.01306720409,-0.01868734718,-0.01872808751,-0.006862046641,0.005158296585,0.004524813178,-0.00869871971,-0.01450668669,-0.00487598486,-0.01602114498,0.008754129461,0.02121954862,0.004338373185,-0.005856467141,-0.02227333959,-0.0129721013,-0.00336823547,-0.01490367881,-0.02203340832,-0.0009911653485,0.0003516988131,-0.000861846089,-0.01605135889,-0.02186630091,-0.0195450905,-0.01330255171,0.007279531853,0.01275039174,0.009435687344,0.006859002741,-0.00187943367,0.001280729854,0.0005065045399,0.006227642298,0.004928014296,0.005284990515,-0.002075816601,-0.01248667541,-0.01317400792,-0.01361829969,-0.0001860975779,-0.01034020951,-0.009936955931,-0.00676003861,-0.02231425157,0.01604460057,-0.01015700317,0.02171987919,0.02099064841,0.02075606629,-0.003494372294,0.003694593352,-0.00274762965,0.0009118468466,0.0009332590856,-0.01459647231,-0.008156493753,-0.02157320344,-0.002683299273,-0.003207691752,-0.01424968894,0.005881331723,0.01796371427,0.01507539435,-0.004083615181,-0.02208735416,0.003068646004,-0.01208352773,0.008677458975,0.003780309872,-0.01764127732,-0.01545470682,-0.01234921058,-0.01486978374
2022-05-31,-0.003866325021,-0.003078737223,-0.00372772929,0.003666614455,0.003531087983,0.003920894464,0.0008308194421,-0.001001874685,-0.003947987239,0.0005361511222,-0.002268078873,-0.002344730273,0.003871938942,0.00099903142,0.0007283768158,0.0007728497662,4.790238775e-05,0.001348529478,-9.089402407e-05,0.0005654237108,-0.003363643441,-0.002962907873,0.000190148265,0.0004981810485,0.001524559026,-0.00200254191,0.0003671168881,0.002194733274,0.0009056761274,0.004345563939,-0.001724301038,-0.00526766161,0.0002543094032,-0.001080997111,0.001169060891,0.0005711819457,0.001135327942,0.005204958897,-0.0005439975616,-0.001287094686,0.002651976525,0.003937550066,0.006183481506,0.005303266332,-0.002099534694,0.001602439105,-0.002149047922,0.003621413784,0.002774323485,-0.00175896527,0.001169249956,0.001547694404,0.00486800126,-0.002195136447,0.001083107912,-0.0001827071848,-0.0003775430051,0.003717364803,0.001025487972,-0.0005924383806,0.003242758241,0.003522498328,0.001500982711,-0.001854036278,-0.000258277094,-0.003023628931,-0.004131018032,-0.003531408989,-0.002579158628,-0.0007263805713,-3.669033359e-05,-0.001790390487,-0.000894119962,-0.001416976286,-0.003560697563,-0.0004496948029,0.0008243943861,0.0004334715617,0.002760573725,0.0002119757225,0.000485524886,0.00277377793,-0.002708471294,-0.001792035277,-0.004175594883,-0.007522994377,0.001370959121,-0.0003641936662,-0.002128034757,0.0007056071117,-0.002536036191,0.003023600357,-0.002105742627,-0.001928457233,-0.006280056417,-0.004384339511,-0.004256522217,-0.004320267703,0.005176745143,0.002654108477,0.0008942356764,0.001796343111,0.0002390462365,0.0004897532724,0.001333194771,0.0002426817197,-0.001846305455,0.0004042123484
2022-06-30,0.006437556397,-0.007507108209,-0.008156319484,-0.01159493489,-0.007823087654,-0.008005304206,-0.0002304734566,0.005093313486,-0.007066960927,-0.0007954990386,-0.009707580173,0.003610654775,-0.002880558014,-0.01832294323,-0.01868732549,0.002731653425,0.003532369357,-0.0003888875137,-0.008005163851,0.0001872472729,0.005333884518,0.004788525576,0.005688577454,0.006234316674,-0.002308576195,0.01249339609,0.002581643477,-0.005717713955,0.004094172096,-0.009476919944,-0.01148350478,0.008771888815,-0.01378388877,-0.01461029278,-0.009539677435,-0.01872526493,-0.01858801453,-0.007731638731,0.0009665223845,0.0009067326662,-0.009067411472,-0.009552533252,-0.006957149884,-0.01446531681,0.004489246971,0.01342576918,0.006660280532,-0.01468849729,-0.02346725781,-0.01502251151,-0.003085206401,-0.01638050334,-0.02317176831,0.008415837081,0.001924595383,-0.0006254973804,-0.01841880694,-0.02310918006,-0.02175744034,-0.01521047106,0.008315304116,0.005127235145,0.009292187946,0.007909214462,0.005675615224,0.001912235312,0.002602405971,0.007993034717,0.003711547897,0.008364711196,0.001579813652,-0.01499941429,-0.01523631912,-0.0142777303,-0.003791451365,-0.005847710804,-0.004356817174,-0.0034926557,-0.02347200358,0.01737655318,-0.008703446252,0.009211473854,0.01803151371,0.01936823924,-0.004225236381,0.0006601250979,-0.004798196544,0.001771212297,0.001873769098,0.01126942976,0.003914580024,-0.02264464059,-0.002799759043,-0.004669514096,-0.006203927602,0.009556352731,0.01014976785,0.01601452872,-0.0002087596126,-0.02330104076,0.002520283559,-0.01513929227,0.007855493431,0.004706043664,-0.01971013215,-0.01750522967,-0.01541342078,-0.0183757603
2022-07-31,-0.007570258234,0.002206629005,0.002124690893,0.006275654382,0.004223587238,0.003982068318,-0.0008891343163,-0.003243462168,0.002934262258,-0.0007954240523,0.007138212648,-0.005428275545,0.003942660078,0.01142511674,0.01179030642,0.0007456616438,0.0001794661093,0.001109721109,0.002162667442,0.0004266305457,-0.00520515989,0.0001496818263,0.002439804209,0.003663318845,0.003906365831,-0.01152896747,-0.001077183856,0.005182899564,-0.001798125847,0.006074836861,0.00145807437,-0.01382469161,0.009613891445,0.009367576539,0.005217402351,0.01191296856,0.01233549608,0.005628599662,0.000477882016,-0.001361898136,0.007136644971,0.004942586194,0.009184139753,0.01237233319,-0.002670215976,-0.007775497968,-3.617266499e-05,0.01161016886,0.0137394428,0.006200894291,0.002452157746,0.01071908476,0.01134211213,-0.001453824552,0.001624281174,0.0009365457593,0.008840098556,0.01118696574,0.0109216594,0.009106452344,-0.001668463085,-0.0005714362406,-0.002807896795,-0.002203077363,-0.001412143986,0.002802497386,0.0050656201,-0.0005363947924,0.005999329832,-0.003273368993,0.0003916687231,0.006066895878,0.0073423176,0.007514468421,-0.00050688109,0.002606032649,0.001681794586,0.002839419846,0.01374612141,-0.01140550034,-0.005245124534,-0.008764211746,-0.01255445059,-0.01151336205,-0.001348037759,-0.00634269204,0.0007860429152,0.001029943846,-0.0001369547718,0.007271313443,-0.0003587095016,0.01276387507,0.0005141515686,0.001479518639,-0.01457711926,-0.01301216462,-0.01309755632,-0.01333729698,0.00258482268,0.01342135269,-0.001062368296,0.008214051565,-0.004081779679,-0.002256851668,0.01142322124,0.01082948059,0.006054764282,0.01045982088
2022-08-31,0.00498510865,0.002281689478,0.002820722387,-0.001392387596,-0.002004326775,-0.001754426257,-0.002643851596,-0.003946605514,0.004676278955,-0.00547445763,0.001086527384,-0.004886139774,-0.005310342903,-0.0005610460607,-0.0002481275211,-0.003119659457,-0.003526377406,-0.003050193191,-0.001560232751,-0.002291445537,0.004052191561,0.0003143154618,-4.876357465e-05,-0.0008250503291,-0.0004880531482,0.0009595919848,-3.633883934e-05,-0.005583835921,0.001854044869,-0.004210330804,0.00467380782,-0.004169505395,0.0009263504579,0.002286879205,-0.00448815935,-0.0002467390544,-0.0005439747529,-0.004791093441,-0.0001269009798,0.0003908308813,-0.005356617875,-0.001016102145,-0.009135535158,-0.006190346578,-0.001388686014,-0.0009756869031,0.00706202508,-0.00250789827,0.000116568599,0.003522307425,-0.0001346593628,0.004230179664,-0.00253086232,-0.00393057962,-0.0009233805944,-0.001212275779,0.0007953377855,-0.001374590889,0.000506804749,0.00133342966,0.001232297587,-0.004775734453,-0.00236091872,0.001511021519,-0.003638766095,0.003205424221,0.001113287611,-0.001417941685,0.002221419693,0.002852806617,-0.0005244539449,0.00204230387,0.001459826704,0.001093401504,0.00329309305,0.007224484646,0.002480557538,0.001921089375,-0.0003181834234,0.001254506301,0.00156913705,-0.003771946967,-0.0002099884389,0.0006726241235,0.003669912362,0.005832356405,0.0006348970048,-0.0006451816094,0.003129693055,-0.001055583827,-0.002229250033,-0.0007130678568,0.00353512377,0.003258292717,-0.008150349415,0.0008780399674,2.844809044e-05,0.0001636118864,-0.004985662044,0.0004853880468,0.0009264986458,0.001495196912,0.004672819855,0.004761299277,0.0004739318959,0.0008041116371,0.002485669627,0.004559211554
2022-09-30,0.003724817146,-0.008829920401,-0.009195246919,-0.009547930345,-0.006736588956,-0.007405374538,-0.001088224329,0.007220823394,-0.008582062878,0.000484413684,-0.01274081985,0.001573505977,-0.004215655694,-0.01871189435,-0.01902053857,0.003838029903,0.004922877175,0.001054818248,-0.01018387556,0.004490616213,0.00681967012,0.005333397668,0.001586829724,0.00268229685,-0.0009592986945,0.007160785303,0.003581817839,-0.004606301241,0.003614872144,-0.0100688613,-0.008605916205,0.01280537063,-0.01516885371,-0.01452356096,-0.01209976621,-0.01865106605,-0.01897379264,-0.007421841038,0.004330211044,0.0042085798,-0.008589371057,-0.01202552755,-0.007608328427,-0.01533359188,0.00661894455,0.003621292969,0.009161839114,-0.01345841073,-0.02108805582,-0.01703614412,-0.00115183483,-0.01707319888,-0.01657663414,0.002829631486,0.003161856614,0.00195530175,-0.01744999158,-0.01740937654,-0.01883073388,-0.01660180912,0.008109759929,0.001865366455,0.000510956648,-0.01085120193,0.002260715845,0.0002297505914,-0.0008562992511,0.003224530139,-0.004536130762,-0.0006756649048,-0.001541244581,-0.01461162553,-0.01589412798,-0.01599837406,-0.003366757531,-0.001245172403,0.002847666559,-0.005681011054,-0.0210091576,0.01842784831,0.01366074857,0.007708698414,0.006189453231,0.01859346185,-0.008649142369,-0.003296875777,-0.001517243535,0.0009442510663,-0.01193817621,-0.009196438903,0.001632718138,-0.01908409267,-0.005359922325,-0.006306196906,-0.004228413206,0.01451652328,0.01603240748,0.01415176134,0.001674064218,-0.02094062244,-0.0007487141322,-0.01517149578,0.009381579282,0.006080251533,-0.01934096379,-0.01948673562,-0.01378244445,-0.01699455187
2022-10-31,-0.002029434466,-0.00152141701,-0.0016092323,0.003940271038,0.001926866264,0.001351922402,-0.002018979887,-0.002735092812,0.001358990857,-0.00262804034,0.003121951609,0.00100537801,0.0005503197815,0.00234784075,0.002235496045,0.0009400530783,0.0001728217107,0.00298668175,-0.0003799255812,0.003260285978,-0.0005852820533,0.001832612299,0.002296054138,0.00278438466,0.002955064657,-0.004524337531,-0.0002498703509,0.0002529424975,-0.001974620318,0.003035357322,-0.001193099503,-0.005781720287,0.002888290145,0.0003300833646,0.002818371483,0.002594691686,0.002594312634,0.003818057529,-0.001040462609,-0.0005930415606,0.00354827661,0.0002315631555,0.004749027584,0.00450752466,-0.000221771983,-0.004615892923,0.001599084911,0.004336185611,0.003697611199,0.0007005797021,0.002756772167,0.005360169847,0.004780489561,-0.004405908789,-0.001082655158,0.0003225987943,0.0008525201328,0.004626705783,0.002002657331,0.002247328717,-0.002101843892,-0.0005820318599,-0.002270044672,-0.003398106358,0.001307850972,0.0008030253393,0.00136994748,0.0006017181001,0.001722938608,0.00257980026,-0.001501979056,0.000571447631,0.0001859469864,0.0005453778512,-0.001067126854,-0.002657994772,0.0007770584186,-0.0009934383614,0.003593869654,-0.004103601542,-0.003881364178,0.001133198178,-0.004951736768,-0.003918029045,-0.003470875965,-0.004588535314,-0.0005845506552,-0.001584914387,-0.002624408974,-0.0001492371339,-0.001657564817,0.003168633665,-0.002203152259,-0.001294999738,-0.004828529236,-0.002914944207,0.00218473687,-0.003236360452,0.00309885884,0.003671458028,-0.002146234084,0.0008872651921,0.0004005817623,0.000294276028,0.003290678969,0.003367101029,-0.0001731196947,0.005228825077
2022-11-30,-9.51280285e-05,0.01042150797,0.01136935762,0.01035120139,0.005106567687,0.005783866842,-0.0002380743446,-0.01759760299,0.003785665535,-0.00671755006,0.008690827772,0.003360893064,0.004510155006,0.01691295125,0.01782425491,0.000321010703,-0.003294354643,0.003244234939,0.01137970969,-0.003200733331,-0.007001289213,-0.002331322685,-0.001442075603,-0.001827122246,0.0006220929525,-0.01507189239,0.0002057173904,-0.0003173144184,0.003079956105,0.01143464009,0.01300506621,-0.02149397458,0.0143155369,0.01492751969,0.012985565,0.01751976286,0.01743617277,0.006799223884,-0.00307705321,-0.003929056459,0.01028265676,0.01159976161,0.01235640116,0.01854369355,-0.0003431909615,-0.01713408892,0.002573169022,0.01485605611,0.01764192433,0.01776170273,0.0008865293085,0.01802424356,0.01796267912,-0.001282629326,-0.001018309462,0.002372675817,0.01688736452,0.01794678752,0.01884043502,0.0175635862,-0.008543759559,-0.01020541152,-0.005106469861,-0.008174556568,-0.003443479945,-0.003700712009,-0.001590887463,-0.007086927479,-0.002792231739,-0.002336165877,-0.0004723365184,0.01533454111,0.01587294209,0.01636014305,0.007036290822,-0.002889566537,0.003661321796,0.006151691856,0.01741887314,-0.02044148743,-0.01656656956,-0.01624073234,-0.01809607785,-0.02005804482,0.01452394865,0.004256984636,0.001709595678,-0.001163218031,0.004961663815,-0.003923329762,-0.003910459065,0.01924734902,0.005544119983,0.006644148787,-0.004205557281,-0.01822422579,-0.0184351542,-0.0184090724,-0.003517023439,0.01783934265,0.0009901600681,0.0163204486,-0.004389754343,0.0004916547708,0.01984873055,0.0193728002,0.01577880808,0.01942845282
2022-12-31,0.00228836724,0.005354801678,0.006031250959,0.003688345573,0.0008008481509,0.0008235479923,0.001183997581,-0.002608616714,0.003081266498,-0.001613687959,0.005109786342,9.917030616e-05,0.0005306676823,0.006134166748,0.006134090524,-0.002002587784,-0.002632849126,-0.001300701086,0.003310885458,-0.001942811691,-0.0005452578802,-5.651894926e-05,-0.0007532520279,-0.001816005676,0.001315934085,-0.003899335572,-0.0001167492899,0.0001108968541,0.00139384014,0.001385801888,0.006036361857,-0.005178972195,0.005035273404,0.005751190442,0.003788967313,0.006098368212,0.006134737548,0.001271315975,-0.0006837736409,-0.0005184118627,0.001210577348,0.002577128024,0.0003226377384,0.002853999194,-0.0004292378667,-0.002421847113,-0.00201040992,0.002518167563,0.007524400604,0.007405493582,0.0001541076344,0.007387368761,0.004353466269,-0.003104695855,-0.002800782459,-0.001892696723,0.006741049237,0.004304706411,0.006754035697,0.006233654679,-0.004547613489,-0.004190252285,-0.001777520713,0.004640126049,0.0004783087397,-0.0007216265365,-0.0005091695044,0.0002205713319,-0.001993120812,-0.001176705764,7.311079171e-05,0.005820188866,0.005886626069,0.005814898367,0.004634625917,-0.001653837231,0.002754398632,0.00294375384,0.007414829909,-0.005834145717,-0.004383286159,-0.004994104016,-0.004551386715,-0.004992512588,0.005937652096,0.004480359866,0.0004404342701,-0.002921470768,0.006317155905,-0.003765986331,-0.0002669435358,0.006179144649,0.002569124814,0.002540209127,0.004276727107,-0.005750336135,-0.006120214113,-0.00596137297,-0.00302685975,0.007481745816,0.002143498767,0.007133991044,0.0005892718682,0.002899805221,0.006174032445,0.006107136802,0.006779795432,0.006743165584
2023-01-31,-0.000324926127,0.007411405946,0.007435497415,0.009535655173,0.003602056627,0.003630064139,0.0003916047345,-0.005409778932,0.00666738579,-0.002281276766,0.007401766273,0.002201261871,0.0009175564554,0.01181744384,0.01233190825,-0.003099310211,-0.003499002313,-0.001516793178,0.003119097465,-0.003505975118,-0.001908841719,-0.003538008748,-0.00382598151,-0.003557607323,-0.0009852803909,-0.003911373522,-0.001452916178,0.001421202871,0.0003595138484,0.005811445159,0.00627287841,-0.007222053265,0.01115796292,0.008879429506,0.008749678043,0.0123108604,0.01210080324,0.00775966568,-0.001916440074,-0.002085856527,0.005655592587,0.007033471579,0.00664043368,0.0112466459,-0.00227328342,-0.01025101138,-0.007385244917,0.009906037649,0.01292659725,0.01263924961,0.003535935365,0.01449952919,0.01352632541,-0.0115890543,-0.001616142439,-0.002800117405,0.0120479222,0.01331988854,0.01350032417,0.01142898145,-0.004975890035,0.006650255418,0.00154304992,-0.002818216542,-0.001529021811,0.00280928555,-0.0006110969181,-0.001819858922,0.004111233376,0.002972777699,0.0004682938967,0.01088777512,0.01124751956,0.01138589519,0.004905079127,-0.01089759402,-0.001578845907,0.00234508946,0.01294608299,-0.01323608637,-0.01227704912,0.009438016889,0.004414441132,-0.01233683929,0.006226846839,0.002265848709,0.00377285121,-0.002894121214,0.0009101091066,-0.008895283799,-0.006180255042,0.01362610715,0.003767930945,0.004295413577,0.002873701518,-0.01175381113,0.0101535092,0.006220799943,-0.001865991086,0.01319588502,0.00127804331,0.01383218493,-0.003413662941,-0.0004839541465,0.01382924933,0.01319504113,0.01056515893,0.01447721986
2023-02-28,0.002090228593,-0.003846953744,-0.003743995393,-0.004973436291,-0.005548616726,-0.005779532183,-0.001757184966,0.004747001352,-0.002206769706,-0.002373278198,-0.003069339842,-0.001975784703,-0.005316048658,-0.01063602412,-0.01035440652,0.0006633183396,0.001297648567,-0.003508021811,-0.006061502376,-0.001160653031,0.005866895331,0.006694231683,0.004265051204,0.004178859897,0.001500010715,0.001445625414,-0.0005120270992,-0.007795133763,0.0001290365628,-0.007549004397,-0.003306751736,-0.001808778603,-0.008501898024,-0.007506351115,-0.009260777221,-0.010427415,-0.01041147348,-0.007273051155,0.002508154752,0.003338931014,-0.008383344677,-0.00862866829,-0.00922045588,-0.0113012109,0.002010530371,-0.007882963964,0.01062672237,-0.006292939627,-0.01126548966,-0.008004831734,0.0003414570359,-0.006816956178,-0.01048296748,0.00288389695,0.00280560668,0.002216383827,-0.007219992572,-0.01029123085,-0.00894753938,-0.008652565587,0.0006170510419,-0.006486497328,0.001315428451,-0.002965959614,0.001289447364,0.001862883868,0.001864820922,0.003554797707,0.0004073112264,-0.004874476895,-0.0008588008856,-0.007105078037,-0.007742953683,-0.00824297089,-0.0007526368902,0.01069314084,0.002808803279,-0.001858183312,-0.01130947275,0.007358464901,0.01056641255,-0.009683554979,-0.001171005639,-0.003849157977,-0.002712128748,0.0002533777447,0.0003366774674,0.002799375698,-0.003122089779,0.006601463939,-3.685779226e-05,-0.009944028677,-0.001801133339,-0.001994672839,-0.00842690065,0.006206859713,-0.00991155079,-0.006936488068,-0.001887093441,-0.01105965919,0.003507192717,-0.006779481899,0.007936345664,0.005320949688,-0.01091411425,-0.009685189176,-0.005906932147,-0.005578886182
2023-03-31,-0.002179022568,-0.003155170527,-0.003590986414,-0.0001983556733,0.002242978421,0.002139982193,-8.861496339e-05,0.0005303708744,-0.002516793288,3.840336226e-05,-0.003486729783,0.002553717024,0.004045374553,-0.00035280094,-0.0004610717985,0.00084406157,0.002317158657,0.002659493424,0.00329818565,0.0007928442554,-0.00310242947,-0.001320997816,-0.0008604107806,-0.000513466636,-0.0009520710955,-0.001100046029,-5.531672979e-05,0.002426119965,-0.0007767152338,0.002767483973,-0.002345565421,-0.001106872193,-0.0001711237845,-0.0009497283888,0.001996122352,-0.0004760686185,-0.0006806765297,0.003099831223,-0.0007900510871,-0.001569454914,0.003738237493,0.002141566419,0.005678386943,0.003619637695,0.001549896612,0.0009346981282,-0.0001551635044,-0.0004911279119,-0.0006290093042,-0.002526201419,-0.0006321835887,-0.001296187874,0.00149813305,-0.0006571743526,0.001004171035,0.0006274257192,-0.003614674638,0.00133185043,-0.002427261013,-0.002274351242,0.004815609668,-8.645765972e-05,0.001633829865,-0.0007515438132,-0.001739692147,-0.0001777882284,-0.0007025859254,-0.002343043144,0.0002871439878,-0.001967003481,9.92990003e-05,-0.003235447698,-0.002967618483,-0.002619788707,-0.004099623708,4.366127578e-05,-0.0002119952928,0.001012998049,-0.000664607292,0.0022984429,0.004294778647,0.00109318615,0.001715698774,0.001111490276,-0.005428583676,-0.0059748292,-0.0002657431325,-0.0005123003857,-0.002135982471,0.001509753161,0.0001429340845,-0.001399827073,-0.003857326538,-0.004043368366,-0.004609015265,-0.001678749622,-3.724374815e-05,0.0001218315066,0.005846402539,-0.0008110410605,0.0004292370997,-0.0004688607038,0.001448986802,0.002407204321,-0.001160638782,-0.001610941674,-0.004091642575,-0.00106765699
2023-04-30,0.0005814598302,0.001345607019,0.001886164231,-9.854778927e-05,-0.0003288694497,-0.0004291111521,0.0005116711406,0.0001166504543,0.0017966985,-0.00125657381,0.0004702288594,0.001595288007,-0.0008552685339,0.0008122280703,0.0005950554562,0.001058183931,-0.0002229795968,0.0004959512453,0.0006579996887,0.0003854836617,-0.0008045986639,0.0003336803619,-0.001547199253,-0.001196378274,-4.624836239e-06,0.0006445133587,-0.0003013775504,-0.002778772518,0.0008142193081,-0.0005892545279,0.002484860912,-0.00237175901,-0.0005423806,0.001276943661,0.0002721576253,0.0008222329768,0.00118403643,-0.001339693502,0.0004573292817,0.0005273160526,-0.001263276845,-0.0002970551139,-0.00145629231,-0.0004448320377,0.001984509608,0.0001653026201,0.001412045505,0.0007913216198,0.000750514075,0.0004528422598,-0.0005937357618,0.001472886305,-0.001065392218,-0.001722730281,0.0001556431143,-0.0005519395708,0.001149796431,-0.0001704516361,0.001055446293,0.0009559375097,0.000870120859,-0.0008549077771,7.530012159e-05,0.0008457892518,0.000456483713,0.002248763603,0.0005174931517,0.001409159408,0.002486054132,0.0008592177814,-2.81879162e-05,0.00147200853,0.001596612815,0.001640188741,0.00149269945,0.000714073165,0.001273095733,0.0006139156717,0.0007543660997,0.0003320468179,0.0002992090018,-0.001081463304,0.0004518857237,6.127797381e-05,0.00211650705,0.002590854328,0.0001724161158,0.0001351754578,0.0008572469829,-0.002064997423,-0.001586458569,0.0006973170427,0.001963265246,0.001783101776,-0.003460163823,-0.0008238781306,0.0002137682257,0.0004108607222,-0.001397878749,0.0006847326095,0.0003120855645,0.0006163731907,-0.000582809215,-0.0005644343513,0.00141314823,0.0009237003094,0.001234704906,0.002390724757
2023-05-31,0.001172358133,-0.002819939783,-0.003272920482,-0.003534763907,0.0004312050534,0.0005356474628,0.0007011048686,0.005607123832,-0.002737713556,0.002636928158,0.001034840715,-0.002962820657,-0.004433068844,-0.008145511246,-0.007517284261,0.002108387597,0.003012966748,-0.0005787986954,-0.003628131219,0.001903086803,0.005280859359,0.003171194834,0.003230798493,0.002739444613,0.0001216618857,-0.004445136683,0.002340220952,-0.002283637034,0.001451884102,-0.003076475485,-0.003767452275,0.002001872872,-0.00703903075,-0.006837402803,-0.004571648691,-0.008016083852,-0.00816237521,-0.001312701798,-7.042258993e-05,0.0005427049496,-0.002601173706,-0.003326948193,-0.003168859963,-0.005882026641,0.003966776765,-0.003701478489,0.006707964234,-0.004823589774,-0.008122602206,-0.004879533051,2.993371335e-05,-0.004973229432,-0.006009463864,0.002263292147,0.0004895993011,-0.0007599664108,-0.005143735843,-0.005014260002,-0.005442515892,-0.00744975274,-0.001530194046,0.0001086685854,-0.002419558743,-0.0002837023444,0.001351453292,0.002527531141,0.001237250988,0.001408489343,0.0005278752643,0.002464914453,-0.0008185852051,-0.006552847804,-0.006711063355,-0.007015705852,-0.001847222348,0.002702292314,0.002400007487,0.0009066961301,-0.008171768369,-0.00103141891,0.006015274473,0.004613750236,-0.004728430751,-0.0004044649436,-0.002822946238,-0.001802401403,0.000195617899,0.0002412324034,-0.001723942198,0.002896684731,0.0006276873123,-0.006404840092,-0.001361357696,-0.001667718898,-0.000216635189,0.001663960119,0.006792151723,-0.006264688482,0.000367200561,-0.008270503285,0.001006212431,-0.004721471183,0.00483848479,0.003270486654,-0.007635121443,-0.007556728462,-0.004103622118,-0.005081827362
2023-06-30,-0.001965967175,0.006047288265,0.006556787752,0.01010899429,0.004127712539,0.003698860488,-0.001220953045,-0.002834022618,0.005458854456,-0.001701678298,0.003539095788,0.001729786029,0.004615778632,0.01676618023,0.01723367707,0.0006311597653,-0.003184656954,0.003356426661,0.004487496894,0.001877743475,-0.008582084919,-0.003084275999,-0.009041681217,-0.009117330272,-0.003742433373,-0.005564342041,-0.002825808016,0.001785886806,-0.002085697186,0.007691211123,0.006682132131,-0.008751880659,0.01564414493,0.01555956221,0.0116103588,0.01697260875,0.0173272913,0.002855949288,0.002035075841,0.002300934488,0.003644290527,0.006352648291,0.00607839101,0.01238730607,-0.002753630723,0.002922441987,-0.008503046355,0.01130992067,0.01706471097,0.01640635973,0.004284420667,0.01757617748,0.01410023897,-0.00473690219,0.002399259216,-0.006067324352,0.01348094615,0.01418883406,0.01537273312,0.01700416824,0.003325333361,0.00369219561,0.0004904653878,0.009343001796,-0.002458471771,-0.005099668423,-0.000812055531,0.006109585744,-0.004656718847,0.001665622927,0.0002374112087,0.01476136889,0.01553394993,0.01584389497,0.004273989493,-0.01094552584,-0.007760876065,-0.001386048268,0.01708493661,-0.0005039675093,-0.01274024412,0.0004256230238,0.005772080549,0.004823185349,0.005573030715,0.001011732722,0.000240461977,0.004502826125,0.00912648628,-0.003299967528,-0.008766039769,0.01643197634,0.004584057641,0.005802660082,-0.01119986716,-0.004765526615,-0.01318721943,0.008574212019,-0.001344845338,0.01734096188,0.002789199885,0.01610671402,-0.002671473836,0.0004347913237,0.01720648656,0.01685967492,0.01105416591,0.01413794906
2023-07-31,-0.0003542294877,0.001913663585,0.002452262276,0.003481975173,0.002059982608,0.001337262215,-0.0002059304828,0.001007770525,0.004546892542,9.745134562e-05,0.004051623569,-0.00105932416,2.434985802e-05,0.007017186419,0.006788886159,-0.0005503255212,-0.001358169493,0.001151181059,0.001217681628,0.001689446805,-0.003650016942,-0.0005349029107,-0.00341876891,-0.003427751211,-0.0006818254447,-0.0008943403914,-0.0001601443707,0.001463826134,-0.0007348647599,0.0003376642583,0.003156148085,-0.00235583368,0.006000708993,0.006723600398,0.004003592008,0.006992246742,0.007144462617,0.0007468343394,0.0008450478578,0.0003239578039,0.000586131186,0.0007461405697,0.001125906504,0.003791698848,-0.0002379574473,0.004051529249,-0.003846676655,0.004180803007,0.008070113641,0.006740444477,0.002061198545,0.007534403655,0.003227097656,-0.004223083397,1.077271805e-05,-0.0006109056172,0.00513695138,0.00371301181,0.005625809083,0.007147768665,0.0003252627218,-0.002111597303,-0.001385803738,0.001653810738,0.001712733062,0.0005343327346,-0.001687004406,-0.0005089735345,-0.002087329869,-0.001117477667,-0.0008586219615,0.006633479954,0.00691942588,0.007301811299,0.001876136495,-0.005776094862,-0.003873748254,-0.003870775742,0.00819553838,0.002144993815,0.003071757978,-0.002726026052,-0.002632066303,0.003761392882,0.002349159848,0.0009239722461,0.000509702765,0.0001314155074,0.002163535256,0.001690288257,0.001704021374,0.005765740947,0.001566383041,0.002369898466,0.004265171545,0.002925119866,-0.003802051865,-0.002827750722,-0.001142152596,0.007910594122,0.0003293092919,0.006885314161,-0.0006033544949,2.196435276e-05,0.007092174496,0.006316469544,0.004090382909,0.005543664866
2023-08-31,0.001086986185,-0.001992417688,-0.002104329816,-0.0006870896482,0.0004077417246,-0.0002217092716,-0.0006138681525,0.001345460987,-0.001245518822,0.0007326206323,3.178305051e-05,-0.001334385851,-0.001378790714,-0.003976572368,-0.003803130845,-0.001668941732,-0.0001681732307,-0.001804511365,-0.001683615348,-0.001403912206,0.002488369206,0.0008155136201,0.002411911259,0.003178362086,0.00144331688,0.002562094174,0.0009741576612,-0.0002730145431,0.000357366688,-0.001252314911,-0.002101168198,-0.000207466007,-0.003897601999,-0.003398591608,-0.00319798692,-0.004169916517,-0.003931002209,-4.551865586e-05,0.0003207814204,0.001266858188,-0.001484715932,-0.001336488994,-0.002474407868,-0.003870845861,0.001467199209,0.002334971432,0.003151335512,-0.002938108671,-0.003110440303,-0.001670561296,0.0004926024639,-0.00130692241,-0.003103224453,0.00055211981,0.0009240548701,0.000217635846,-0.002589235217,-0.003209730577,-0.002817937999,-0.003733027306,0.001798424669,0.00099137909,0.000858987151,0.0001464073395,0.005316843568,0.005519067101,0.004727355778,-0.002779942838,0.004199934092,0.005662739326,-0.0007754552683,-0.003166088645,-0.003538792781,-0.003592612208,-0.001123879183,0.00325660705,0.002278969631,0.0004541102895,-0.003108836547,-0.0001056180622,0.001249796359,-0.00147595362,0.001157281616,-0.001951621053,-0.002765591802,-0.001501076547,0.0007455865508,0.0001322245729,-0.001295017979,0.0003227610335,0.0007450909576,-0.002634770597,-0.0001523094044,-6.025092742e-05,-0.0007455361211,-0.001769812518,-0.00344129022,4.801136424e-05,0.0001847310387,-0.003511622283,0.001230069613,-0.001618586028,0.003025426301,0.002638549726,-0.003576120223,-0.00355294813,-0.002361099621,-9.093696917e-05
2023-09-30,0.002537728129,-0.00316704321,-0.00332690794,-0.003851275259,-0.0005607423357,-0.0008234982353,0.001626932494,0.0007775499008,-0.0001044332346,-0.001387154141,-0.001211223468,-0.00147431993,-0.003169728401,-0.007594654624,-0.007383967753,-0.0001887325546,-0.001585497639,-0.0007428154271,-0.001843231174,0.0003860346384,0.003513938253,0.003493163913,0.003780230748,0.003450367759,0.002299820116,0.006496240149,-0.0002923293529,-0.002458872551,-0.0009866551573,-0.003017474501,-0.003483936443,-0.0002158515224,-0.007947832744,-0.006359538182,-0.004457208293,-0.007523158103,-0.007506148056,-0.003125403362,0.0005889047304,-7.572228349e-05,-0.003349073715,-0.002716048321,-0.00542327081,-0.007041896494,0.000296583342,-0.001305239514,0.007279947699,-0.006045222927,-0.007346136302,-0.005932421696,0.0002414111496,-0.00579553871,-0.00801298716,-0.0009170851772,-4.992081748e-05,0.0005040705357,-0.005763619409,-0.008233548059,-0.006962604673,-0.007073388013,0.0002859497383,-0.0003452727804,-0.002148316088,0.001557843766,0.002096282142,0.001756419204,0.001421622187,0.0008246077879,0.001208501981,-0.002173376479,-0.0005884411378,-0.006045252558,-0.006288259213,-0.006772015224,-0.001252110813,0.006827475503,0.005513221749,0.003012790474,-0.007483290052,-0.004292951155,-0.003669299595,-0.007688149373,-0.005615317024,-0.005945679229,-0.002727746909,-0.0006308743825,-0.00168535355,0.0003588732913,-0.0008642458967,0.003884061972,0.003165032492,-0.007554152079,-0.0004807402351,-0.0009580122969,0.003442172688,-0.006053189544,-0.00758198297,-0.006176144561,-0.0004469173732,-0.007365180917,0.001199090265,-0.005341398973,0.003508884854,0.001554298771,-0.007295251177,-0.007308433978,-0.00531400981,-0.002279608775
2023-10-31,0.0004246799604,-0.005248657942,-0.005511389257,-0.004913314737,0.001374583275,-0.0002686787455,0.000110330461,0.001059556152,-0.002750207276,1.06864561e-05,0.0003615407803,-0.0005415099487,-0.0003993010925,-0.009049933279,-0.009837261972,-0.001150808481,-0.0008078378969,-0.001678944035,-0.002805881989,-0.0003517138943,0.005021691849,0.002521698063,0.007379801172,0.007375481397,0.004661029351,0.006703688964,-0.001100286771,-0.0005899050395,-0.003077907968,-0.003662116169,-0.006864344403,0.004147611748,-0.008491356502,-0.008859706487,-0.006881745626,-0.009498623853,-0.009340137268,-0.001493565454,0.001893723641,0.001380240868,-0.002399136989,-0.003791640516,-0.004305280967,-0.008488132228,-0.001116439523,0.008359202923,0.005849794251,-0.007367032011,-0.00857732149,-0.007975583961,-0.0006354133157,-0.007368522436,-0.008654200339,-0.001666707444,0.0007138089127,0.002699837052,-0.007778961357,-0.008755016998,-0.008760663648,-0.008504463762,-0.0001113844746,0.002396276797,0.003720487477,-0.005166537166,0.004794034228,0.004610740129,0.003440585948,-0.0002507399465,0.001121874572,0.0001693106312,-0.001301299515,-0.006863233124,-0.007674948298,-0.008039911907,-0.00357110925,0.005224760601,0.005749448004,0.002824200495,-0.008645108835,-0.005650328006,-0.006442811953,-0.0003867283781,-0.003589893293,-0.003205171952,-0.004954070262,-0.001883325493,-0.0004276014699,-0.00117995121,-0.005191020192,-0.003883983143,0.004510332935,-0.00910080279,-0.002690515064,-0.003701856175,0.005625837543,-0.007049618329,-0.005374039657,-0.007459311679,0.001757947825,-0.008793161381,0.0005873208935,-0.00691236517,0.00400252105,0.001988453402,-0.00893720324,-0.009368630571,-0.007203093548,-0.007030570539
2023-11-30,-0.004922949478,0.01244351055,0.01322883506,0.01928025853,0.0001942387476,0.002567931103,0.0007802250881,0.0008722200286,0.005158013568,-1.530134441e-05,0.006307513062,0.003798975888,0.006789828127,0.02692858045,0.02853170259,-0.001099683859,0.003468878789,0.0003849177544,0.003852009774,-0.004033670028,-0.01493411691,-0.01202443909,-0.01898602083,-0.01786582619,-0.01161148044,-0.02263432798,0.002889993351,0.00341186394,0.008501057656,0.01468707737,0.01730264072,-0.01341115612,0.02757724297,0.02560853171,0.02145035856,0.02865905598,0.02801160513,0.008642705331,-0.006227025303,-0.003423898909,0.006765903845,0.01068645116,0.01575557183,0.02626247841,0.008462222408,-0.01871526759,-0.01856577396,0.02305864458,0.02854819014,0.02488603847,0.004529822305,0.0238956048,0.02681735871,0.007420053504,-0.004642049125,0.004820323964,0.02288912346,0.02746946075,0.02729811916,0.02761317405,0.003493554463,-0.003805544545,-0.008443000868,0.002882892037,-0.003490532162,-0.002154598796,-0.001504415851,-0.0009031537429,-0.002556860531,-0.002675960797,0.004774721211,0.02337748275,0.02413980854,0.02507548942,0.008039383993,-0.01717707946,-0.01434976311,-0.01030433075,0.02813738063,0.01968732917,0.02200514115,-0.02095110784,0.001375676716,-0.008362423263,0.01927797698,0.005915439128,0.003409060182,-0.008462175205,0.009977503509,-0.005512447327,-0.01077271351,0.02867694572,0.003233895411,0.005679163667,-0.02445003426,0.02137406906,-0.02745948227,0.01703674017,-0.002730244329,0.0285328346,-0.000991895626,0.02356351844,-0.007017964024,0.001283793075,0.02804986462,0.0276918019,0.02007827048,0.02543436993
2023-12-31,-0.001627689874,0.008992503025,0.01014608782,0.01078167157,-0.000499184063,0.000988867429,0.002350235789,-0.001057679137,0.006516514481,-0.001411598099,0.003113462413,8.400096245e-06,0.001753008834,0.01711482653,0.01830913675,0.001360161536,0.001973249795,0.003790766245,0.002293457849,0.002120443153,-0.007084704295,-0.007695998175,-0.01040030839,-0.01024082992,-0.004979174245,-0.01522897584,-0.0006684410862,-0.0001533940402,0.001091829053,0.004769031,0.009529218192,0.004019624077,0.01749258941,0.01714469696,0.01131588164,0.01849541823,0.01839406404,0.001858948397,-0.0008299389567,0.0004781061553,0.005231284551,0.003951349908,0.006508023942,0.01328154832,0.0003618278116,0.00960912224,-0.01291480131,0.01376278216,0.01761196664,0.01651748454,0.002842049782,0.01646055658,0.01561878698,-0.001521516281,-0.001322138108,-0.002836169953,0.01577465998,0.0160685483,0.01761260549,0.01832734918,-0.005063647911,-0.005586539751,-0.003838233701,0.01004059027,-0.005014717414,-0.007629161946,-0.005583052007,-0.004925512432,-0.005633043018,-0.003815863525,9.133102707e-05,0.01682888171,0.01729313649,0.01796784411,0.007049070128,-0.01115141936,-0.01260900087,-0.005545066999,0.01756163914,-0.001064519782,0.005147824581,-0.01463342488,0.000107887582,-0.00615425394,0.009463713498,0.00578331623,-0.00107830669,-0.00267371115,0.01154632016,-0.01430712729,-0.0003208618998,0.01798983278,0.002352867567,0.004253080685,0.01419492206,0.006253885759,-0.01806909976,0.007027509298,-0.004457359283,0.01767154073,0.001116053942,0.01617963116,-0.003885876826,0.001033627554,0.01882863684,0.01786859815,0.01503346848,0.01523618304
2024-01-31,0.002891534299,-0.002634696426,-0.003168764565,-0.00494088235,-0.002207858028,-0.002768193678,-0.002738546383,0.001841131355,0.0001326413505,-5.326116549e-05,-0.0008231223565,-0.001635798542,-0.003570705455,-0.007211690384,-0.007935155541,-0.002153218742,-0.00505203077,-0.001921591642,-0.002392366455,-0.0003108542839,0.003392249031,0.005024693503,0.003526301816,0.003699915306,0.002302038884,-0.0008096121317,0.001267000705,-0.002237555579,0.00172831635,-0.00515358725,-0.005001213916,-0.004056342323,-0.00805865629,-0.005758037035,-0.006549224413,-0.008185742478,-0.00732440469,-0.003960395031,0.0007718306817,0.001539203118,-0.005973349975,-0.003221123892,-0.004693022937,-0.007861163454,0.002103450376,0.005854330723,0.005809067977,-0.003934090682,-0.006943150665,-0.005261924219,-0.001704968634,-0.004434432868,-0.007399983318,-0.003145623581,0.0006489707187,-0.0004460009261,-0.005495259922,-0.007346338809,-0.006875619145,-0.00660206665,0.002605349483,-0.001499969005,0.0003677242752,0.001909349006,0.004238128808,0.004038796554,0.004059478508,0.002694932249,0.003653889134,0.002523441639,-0.001313491587,-0.006226087132,-0.00646702402,-0.006365833045,-0.001983233904,0.005783654394,0.004676996047,0.002287173472,-0.007167889164,-0.003317900216,0.003067077454,-0.005378056645,-0.003701106567,-0.00432253616,-0.0029291485,0.0003831447325,-6.77359519e-05,0.0001362712874,-1.813822008e-05,0.005860569833,-0.001285861894,-0.007075580028,0.0001719624674,-0.0007861629272,-0.00773668708,-0.005274852341,-0.006608148981,-0.005287944135,-0.0001320414351,-0.007150821629,-0.0007813758589,-0.00550405527,0.003510148321,0.001563830032,-0.006980822955,-0.006916263684,-0.005006536239,-0.001531399574
2024-02-29,0.0002949874429,6.127970513e-05,0.0003742999758,0.0007382159099,0.0001104576793,-0.0007272380498,-0.0006145467399,0.002068789934,0.001284360898,0.001235717899,0.003635976183,7.163494629e-06,-0.001542602596,0.0008224932345,0.0004428499746,-0.001650570294,-0.003260520832,-0.001481071575,0.0007640762005,-0.0005251587181,0.001212040397,0.002134198444,0.000929605368,0.0006992533171,0.001968351385,0.0006437223284,7.094173812e-05,0.0002910607099,-1.76762803e-05,-0.0007599614953,0.0005479059727,-0.0009286246316,-0.0003639978555,0.0006957687241,-0.001143094509,0.0008156513617,0.001075131859,-0.003527203146,-0.001021308405,-0.001871498321,-0.002620698675,-0.001133438572,-0.003730225815,-0.001314006015,0.0003964455974,0.001002942754,0.00110455919,-0.0002434146681,0.0004852020871,0.002113324617,0.001361031192,0.003824190911,-0.00101960767,-0.002605465145,-0.0005846589495,-0.0001282609522,0.0001742719741,-0.0008860057007,0.0004079551816,0.0009261265769,0.001572785658,-0.002033965972,0.0002510074597,0.0004472560402,-0.001102245563,-0.002304839069,-0.002759761648,0.002262950123,9.006878098e-05,-0.0004695905862,0.0005932142498,0.0021762657,0.001795403742,0.001610719679,0.0008462608668,0.0009975586557,0.0008776529517,-0.000855816847,0.000457195127,-0.0005137941872,0.0007699323163,-0.001173311952,-0.0009000805495,-0.0001031297985,0.001508267259,0.001286069521,0.0005215469334,-9.632785495e-05,0.0005411771205,-0.002026915784,-0.0009724908677,0.000509647008,0.001423477844,0.001632121731,-0.001429725684,-0.001947764188,0.0002850663486,-0.002249777955,-0.002666938016,0.0005634591117,0.002145514268,0.002358248987,0.003203550144,0.003094010706,0.001019572492,0.0007120174233,0.00064289314,0.002200765608
2024-03-31,-0.0002275149991,0.001717201879,0.001767080283,0.003220497263,0.0004527238858,0.0009223810566,0.002390224468,-0.0008851852555,0.003574705833,0.0005287610872,0.0005197216083,-0.000682234751,0.0003915645991,0.005956701489,0.006560224139,0.0008312783255,0.0004901380717,0.001781700195,0.0009850161105,0.001468121861,-0.00202148991,-0.002527120016,-0.004395515061,-0.004091582306,-0.001887915873,-0.003969118885,8.634416355e-05,0.0002811436942,0.0004615485776,0.002614143559,0.004717169968,0.002664106766,0.005671167407,0.006359254133,0.00496610734,0.006542442554,0.006670018135,0.0009157762102,-0.0009995592896,-0.001868760938,0.001892621751,0.001776644878,0.002973068752,0.005634885596,-0.0003419339634,-0.001372840344,-0.005139689468,0.003773375255,0.005773674101,0.005993350698,0.001546600887,0.005830876765,0.005221404893,7.633180882e-05,-0.000574666392,0.0002836598405,0.003848924729,0.005589125381,0.005052397711,0.006537426632,0.002087244565,0.001391296209,0.002979107155,0.001896451438,-0.0005727693884,-0.002016487566,-0.0004072832757,0.002865184854,-0.0008495567988,-0.0002758633318,0.0001193838705,0.00575885442,0.005854549935,0.006167399204,0.0007408240871,0.002572062636,-0.002616978382,-0.0009984052386,0.005773508047,0.00537651931,0.003536851326,0.004489727716,0.005544030962,0.006366115521,0.00114330166,0.0007602504948,0.0006576383796,-0.0004862474503,0.001852559359,0.002387872007,-0.001237615577,0.005390091777,0.001864529873,0.002210930161,-0.001762250792,0.005644237644,0.006310531434,0.006132434426,0.0004650449708,0.005821119328,-0.0006500179248,0.004617118516,-0.001147658634,0.001437333915,0.006225625559,0.005995194658,0.002799631726,0.005196178136
2024-04-30,-0.0009823934746,-0.003251806245,-0.003125941886,-0.002264795257,-0.0007967839396,-0.001322366203,-0.003038984911,0.001211254358,-0.001840524393,-0.0005139573318,0.001355631715,-0.002100061999,-0.003748124135,-0.00636287282,-0.006600290007,-0.002458244743,-0.00304948357,-0.002964884749,-0.002753650499,-0.0017531076,0.004315050361,0.00401885011,0.004782487871,0.004960345276,0.003397148532,-0.001634298347,-0.001515269012,-0.0001565715273,-0.001353284489,-0.003614005505,-0.003878005938,-0.002675473561,-0.006491543867,-0.005258796554,-0.005623493037,-0.006358090139,-0.006142904483,-0.003108535456,0.0002539602993,0.001588460235,-0.003976296109,-0.003709871064,-0.00515064909,-0.006254939977,-0.001640668649,0.002590363187,0.004445142606,-0.005233233095,-0.004586145594,-0.003936029169,0.0002296871489,-0.002569003066,-0.004796897622,0.0009025060418,-0.001384182788,0.0001126789643,-0.004759243857,-0.005570196656,-0.005278155092,-0.006853262106,0.002869651236,0.003744857009,0.001041889349,0.001205560271,-0.001095496421,-0.0005126286612,-0.002002188179,0.002429344121,0.002914330544,0.003589571219,0.000755183471,-0.005142849982,-0.005340895151,-0.005566740441,-0.000975774328,-0.001516332712,0.004939430216,-1.005466261e-05,-0.004609984739,-0.003635665465,-0.003082504437,0.00519379124,-0.004601739095,-0.002625017284,-0.001688702748,0.0001084076172,-0.0001937540308,-0.001749016472,-0.001130023458,0.002881727256,0.001233848483,-0.005889566139,-0.001167440639,-0.001820341301,-0.001954954928,-0.005328373956,0.005924844267,-0.006037134814,1.985942116e-05,-0.004488159394,0.002699099822,-0.001832344509,0.004349169985,0.002845413766,-0.006210302271,-0.006625232037,-0.004184967913,-0.003166428395
2024-05-31,0.0004031699268,0.001085566225,0.001466424095,0.00213596468,-0.0005600708637,8.159923185e-05,0.001708639164,0.0001416680205,0.002812032131,0.0004215657656,0.0008777865029,-0.001060548496,-0.001267221071,0.004271811202,0.004447524272,0.0005457197472,0.0001642832702,0.0005270736914,0.001166193965,0.00097349484,0.0001166330226,-0.001435482667,-0.002638642572,-0.002709295085,-0.0006039749506,-0.00195774686,0.0004501118349,0.000134148144,0.000838806029,0.001271913718,0.003174601457,0.001930248412,0.003093834138,0.004363251374,0.002918550423,0.004464857178,0.004508905917,0.001609276813,-0.00167156074,-0.00307731953,0.001512177507,0.0005089223199,0.00190295792,0.002667193054,-6.409939347e-05,-0.002822642036,-0.004032188023,0.002744391343,0.002919453433,0.003523524847,0.000428703202,0.003078872746,0.00306286707,-0.001835632766,-0.000437603971,0.001270445926,0.002186296052,0.00337941622,0.00285585736,0.003958976251,0.0007012632827,-0.0004226441773,0.002520483481,0.001386510963,-0.002370927385,-0.006491909833,-0.005910262937,0.002541546443,-0.002712171698,0.003177129389,0.0004186788093,0.003566977171,0.004235316465,0.003488310842,0.000691626308,0.0006890465865,-0.002983092367,-0.0004447791198,0.002856805739,0.003161569678,-0.0001111196704,0.001603479626,0.003342393086,0.002348353221,0.002215667011,0.0008113341588,0.0002422865538,0.0005084450431,0.001870819169,0.001860285323,0.0001355016659,0.003121291138,0.001196830273,0.001431319152,-0.001948476937,0.002461428882,0.002708170432,0.003562924744,0.0004092595601,0.00302646676,-0.0007409588658,0.001376231364,-0.002527187617,-0.001539311277,0.004145537954,0.004186590933,0.002713550247,0.003304195267
2024-06-30,-0.0008256499315,-0.0004591545576,-0.0003251148615,0.0009381973452,0.0003108877899,5.302280156e-05,0.0004236519294,0.001220221545,-0.0004822059961,0.001609664128,0.0001698052881,0.001231789252,0.0007752943117,-0.0008636695791,-0.001004252627,0.0002481533845,0.0003277801599,-0.001234417615,7.361773289e-05,-0.002098781218,-0.001113540164,0.0003390652086,1.133503675e-05,-0.0002111930461,0.0002558578562,-0.001034563858,0.001642607674,0.001771965577,0.001360638596,0.0004498276114,-0.0004595036226,-0.001791195802,-0.001034760631,-0.0002250681824,0.0003937954385,-0.001074405702,-0.0007255989859,-0.001117838966,0.0003191116752,6.139527643e-05,-0.001661988664,8.60795041e-05,-0.0006408957347,-0.000896072509,0.001769795633,0.0004830890583,0.001371575976,-0.0004803438202,-0.0005514650625,-3.367487039e-05,0.0007673951089,0.0006885611887,0.0009363024462,-0.0008050902576,-0.0005372773664,0.0001594139497,0.0009125419131,0.0003486205064,0.0004711866545,-0.0002947279961,3.596478508e-05,0.0006869051284,0.0003375501374,0.0006342025109,-0.00137500659,0.001941145199,0.00188091074,-0.001085530152,5.512481005e-05,-0.0006493338877,6.046156419e-05,0.0005695581066,-2.000293861e-05,-0.0001525755083,0.0001612425598,-8.053444365e-06,0.001353291025,0.0005357222138,-0.0006314078955,-0.0008029072071,-0.0002888261045,-0.0001244861858,6.339490628e-06,0.0001333638097,0.0006399220737,0.0005898455243,0.000115009935,-0.0002567568361,0.0008834874047,-0.001371474464,-0.001054177709,0.000187458743,0.0004020436901,0.0006427906603,-0.002265630287,-0.001317027809,-0.0008205007455,-0.001059487365,-0.0009270578173,-0.000649624251,0.0007098004292,0.0006660685112,0.002083536016,0.002337707192,-0.0006854877218,-0.0007653292613,0.0005060680036,-0.0001938621331
2024-07-31,0.001316834029,-0.001510040462,-0.001660560157,-0.001248626325,-0.001169861621,-0.0025932454,-0.000281718166,0.002812458563,-0.000244805709,-0.001900717986,0.002574606835,0.001903240196,0.00126911631,-0.002672028685,-0.002296040762,0.0002109512027,0.001232197093,-0.0008532152851,-0.0001423214944,-0.001860091928,9.705271727e-05,0.003328491158,0.003731373047,0.003599568467,0.004242569044,0.003925800205,-0.0009696629071,0.0003711569153,-0.0003241917391,-0.002931353059,-0.004769847719,-0.002600209017,-0.002174347606,-0.004429219845,-0.002426812212,-0.002391077685,-0.002852953267,-0.0004631964641,0.002096803295,0.001867536553,-0.0003149854346,-0.003818167687,-0.0009377396585,-0.002376949573,0.001020282098,0.001479293947,0.005729515131,0.001109974452,-0.006232038928,-0.002689094385,0.000774789532,-0.003846943034,-0.004541504586,-0.001215250517,0.002107490785,0.001408260588,-0.002974687862,-0.00460834513,-0.003816597595,-0.002153893001,-0.0001679741856,0.002776701088,0.002209104866,-6.966578722e-05,-0.002616995929,-0.001836159291,-0.002052328801,0.001479984523,0.001115466455,0.001701782256,0.0006524545878,-0.002628591918,-0.002573758672,-0.002858126947,0.0008317229491,-0.005669032846,-0.004704962847,-0.003281165787,-0.006205014211,-0.005782252322,-0.006037516596,0.002001806678,-3.612982026e-05,-0.006059911404,-0.001553768356,-0.002015108147,-0.001624799175,0.003019782936,-0.0022345086,0.003715143811,0.001478316514,-0.003464529622,-0.002351964421,-0.002090365825,-0.004309766527,-0.007339516451,-0.002749222853,-0.00598406362,0.0004208743296,-0.006302078216,-0.0002635800122,-0.005298579728,2.862815982e-05,-0.002677262128,-0.002176311252,-0.002198351428,-0.002201027112,-0.002159846733
2024-08-31,0.001126525314,0.003855225979,0.004335526024,0.004850532968,-0.001062993408,-0.0002633839393,0.002614777592,-0.001261189581,0.003651433979,0.0009123264608,-0.0003741413544,-0.0006340397255,0.0002710731872,0.006826563624,0.008024742041,0.002447936864,0.00201146843,0.001634158728,0.002752048074,0.001190793759,-0.002591817312,-0.003367394915,-0.004736940741,-0.004477618137,-0.002632307673,-0.003542807529,-0.0002075705426,0.0003873910025,0.00127725876,0.002521858647,0.006000658236,0.004048113795,0.006632238095,0.006737369432,0.006460104547,0.007633727318,0.007363711208,0.001277006227,-0.001746050987,-0.002437590239,0.001750175525,0.00180712524,0.002847110872,0.00610665443,0.0001997102323,-0.004611191732,-0.005632243635,0.004448935678,0.006919853851,0.007204458478,0.001822591993,0.007344604381,0.005420304159,-0.004080065665,-0.001441201959,-0.001885825485,0.006487215856,0.006247146928,0.007422228863,0.007993368174,0.001097587797,0.001466425902,-0.001182496388,-0.0002496526893,-0.003656029303,0.001937474941,0.001762506004,-0.004486617806,0.00344531059,0.003047593194,0.001182252998,0.007757311627,0.00773743359,0.008230274363,0.003143314473,0.003432651278,0.0007480099331,0.000995793405,0.006902772145,0.002966341316,0.005035503082,0.001430091969,0.001057723512,0.006048400306,0.004588762472,0.00416377722,0.001391994266,-0.001876182863,0.003050268859,-0.006452836141,-0.003736915934,0.007551212528,0.002055186561,0.00236663684,-0.005252325915,0.004710170529,0.002132021362,0.004033805652,-0.002972086212,0.007003174879,-0.0006216849476,0.005980976981,-0.001951678066,0.0004786938456,0.00780766489,0.007717786764,0.006117604501,0.006991167675
2024-09-30,0.001336520158,0.004679107947,0.004709504131,0.005596552393,-0.0003893724531,0.0008276939822,0.002412534788,-0.0001063082685,0.003948992997,-0.0002345286613,0.0008607708588,-0.0007778421753,0.002598954103,0.00890017623,0.009594006102,0.001672293683,0.001617119514,0.003399314187,0.003885546789,0.001786679237,-0.002558817022,-0.004264783514,-0.003293513779,-0.002968588804,-0.002423830744,-0.00171421435,-0.001101692146,-0.0004704903705,-0.0007253100877,0.003841876718,0.004671439212,0.004911078362,0.008609264526,0.008464287476,0.00675680039,0.009118241685,0.008904285992,0.003799261745,-0.00267172718,-0.003467776199,0.002393335682,0.003598051775,0.004264895624,0.006001245065,-0.0001025145607,-0.00575822261,-0.005934001971,0.007415025907,0.006277126493,0.008048959269,0.003662526369,0.008313998429,0.004454512431,-0.001769622119,-0.003625770315,-0.0008507645198,0.008027994515,0.007795049162,0.008756588536,0.01033558975,-0.0001841394574,0.002667678343,0.000126657516,-0.0006397598013,-0.001198752577,-0.006007356871,2.256589668e-05,-0.0007516075047,0.001844235693,0.001866022542,0.0017332471,0.009586232637,0.009816439473,0.009847290214,0.003750695024,0.0007848395354,-0.001863987561,-0.003660045586,0.006289333421,-0.000689193653,0.002138271569,-0.00227386891,-0.002427252021,-0.001244398069,0.004456115156,0.002557680829,0.001235224696,-0.002555355663,0.003102500475,-0.005705311877,-0.001276866371,0.00912377467,0.003348028834,0.004285971331,0.006616313336,-0.0003645015054,-0.01078510906,-0.007187663665,-0.002470919412,0.006205770957,-0.0008078493649,0.004462935341,-0.004722857073,-0.002695565518,0.009744037656,0.009706543642,0.007379683491,0.008709132087
2024-10-31,-0.0007360077268,-0.0008013029057,-0.0006994607295,6.796560823e-05,0.001024184758,0.0001857083108,-0.0004038554359,0.0001784012603,0.0004565008848,0.001284759721,0.00173278521,-0.0008243812186,-0.002656141413,-0.0008962084329,-0.001325094968,-0.002518601294,-0.002158298978,-0.002108366415,6.915810583e-06,-0.001168132793,0.00137658428,0.0004160653268,0.0007895122016,0.001061902802,0.001411555305,-0.001680436764,0.0001432269698,0.001233098881,-0.00114602655,-0.001330535019,0.0001065835903,0.0003187377966,-0.001870833503,-0.0003649560746,-0.00159894596,-0.001082956335,-0.00059977795,-0.002143936778,-0.0009395680168,-0.0005499647606,-0.003024091131,-0.0003005165089,-0.003243519886,-0.001837831326,-0.0009619101969,-0.001110765838,0.0004223657504,-0.001758576601,0.0009752293756,0.001321534874,0.0007042190182,0.002732401352,-0.0008363023055,-0.001307645105,-0.0005671524719,-0.0001955582044,-0.0003339441478,-0.0006680006698,-0.0002352642389,-0.0007184642799,0.001266648037,-0.002196554753,7.550629538e-05,-7.572796152e-05,0.002107022433,0.001196174434,0.0004277643973,-9.315371945e-05,0.0004089274658,-0.0002855155314,0.0002905379918,0.000342490654,0.0002521771775,0.0001999202699,-0.0004403596041,-0.0002838172897,0.00112263836,0.0007379754426,0.0008966038503,-0.0003962478872,-0.0005152278666,-0.002267447185,0.00062528558,0.002002778646,0.000302267076,0.001353208561,0.000557285394,6.807522689e-05,0.0001037852069,-3.73851211e-05,-0.0005549551525,-0.0004231710181,0.0002879102121,0.0003309653894,-0.001632022613,-0.0006508077912,0.001329710142,0.001543052137,-0.00106425088,0.0009891836371,0.001575344452,0.001929289861,0.001878392746,0.002067301973,-0.001039369235,-0.001147647872,-0.0005128590587,0.002021382284
2024-11-30,-0.0005322104952,-0.0006057263857,-0.0008735964342,0.002842621186,-0.000379219219,-0.0004040615933,0.0008807517255,-0.0008254947096,0.0020335504,0.0007004020282,-0.0001814021863,-0.00113577282,0.0005285455846,0.003280735496,0.003442681298,-1.205752122e-05,0.0004336440882,0.0008558147679,0.001249789456,0.001296428817,-0.001255728322,-0.001913660477,-0.001881000875,-0.001813105923,-0.001304173808,0.001741505152,-0.0002997117057,0.0003558356012,-0.0009706772376,0.001019672915,0.002313645759,0.00237929446,0.00297115518,0.002858483996,0.00318609062,0.003474472817,0.003101593795,0.001366885418,-0.0003786957662,-0.001079235734,0.002224689411,0.0006339926483,0.001678798842,0.00298825207,-0.0004988849877,0.002448592356,-0.003003710879,0.001714599236,0.003130008443,0.002777516932,0.002340914644,0.00336560255,0.002859336285,-0.001519179795,0.0004534957467,0.0003120923704,0.001840479918,0.003061796266,0.002525651464,0.002344174886,0.00174033996,0.0003844044611,0.001322238933,-0.0001361349117,0.0004411567407,-0.0004241122596,-0.0008511288263,-0.001025323084,0.001098490761,-0.000626375511,-3.001085074e-05,0.001609394001,0.001762799358,0.001835970561,-0.0005119861332,0.00252025284,0.001806853808,-0.0008448019871,0.003103567046,0.002804975441,0.002621083801,0.001891984927,0.001577946303,0.0005521730841,0.0002176403242,-0.003328342467,6.988066983e-05,0.0001671979326,-0.000156631294,0.000852535572,-0.0001754947448,0.0031590374,9.030215977e-05,0.0002945169286,-0.0003182878908,0.003214528169,0.003164967062,0.0001122631335,0.001579877082,0.003193780144,0.0001054038353,0.003002468919,-0.000414346925,0.0009707181387,0.002532578686,0.002379214328,0.001039065076,0.003619971881
2024-12-31,8.239873046e-05,-0.001727551867,-0.001923319802,-0.002179663385,0.0008083824306,0.000741402092,-0.001273524904,0.001599279357,-0.0004724572507,-0.0004740046566,0.001951677411,0.0003381578659,-0.003224289233,-0.003899654237,-0.004547122365,-0.003292471081,-0.003039682797,-0.003350273689,-0.002486823274,-0.002361801851,0.003720091748,0.002752743982,0.003388414157,0.003598167711,0.002737020341,-0.001808201375,-0.002366214728,-0.0008057140534,-0.002833313966,-0.002177569727,-0.002346827663,-0.001402686177,-0.00468975074,-0.003223453865,-0.003654971779,-0.004562707827,-0.00389832154,-0.003020358297,-0.000106715879,0.0008285068988,-0.00475468734,-0.0008466911602,-0.004741233359,-0.004467488227,-0.0005065977063,0.0001867732569,0.003621935892,-0.003952552398,-0.003581694153,-0.002186608375,5.56766089e-05,-0.002199739473,-0.003133987157,0.0004845227312,0.0005532914919,-0.0008863389314,-0.003164532922,-0.003825113569,-0.003929765777,-0.004306240305,0.002401243042,0.0001309010568,-0.001376017471,-0.002540931533,-0.001199577154,-0.001230066256,0.0009535601787,0.0002544448603,0.001118616759,-0.001411200033,-0.0004916698679,-0.002935137495,-0.003338473749,-0.003506991913,-0.0004922044629,-0.0002649883567,0.0004086150879,0.0008881283372,-0.003590744566,0.0006924990095,0.002671603535,-0.00101455119,-0.001418592423,0.0003875497606,-0.002360923341,0.001902649983,-3.247373126e-05,0.0007323424378,-0.003010100724,0.001903895785,-0.000571116613,-0.00421565253,-0.0007123113031,-0.0008705214873,-0.0008321316697,-0.002108881169,-0.003286744967,0.0001174890613,-0.0001816668866,-0.003506856486,0.00112700047,-0.001956266993,0.00269953492,0.001565277255,-0.004328005884,-0.004397274834,-0.002396157404,-0.002391354151
2025-01-31,0.0006992800902,-0.000618119379,-0.0004584032585,-8.077259354e-05,0.0005798813234,0.0002952082178,-0.001046568498,0.0004269705762,-0.0001019674513,0.0009415039271,0.002150907322,0.000296110954,0.0003514362658,-0.0005338864905,-0.000159534401,-0.001308541115,-0.001763534904,-0.001189217697,0.0002706966774,-0.001087453403,0.000356727058,6.919953943e-05,0.001595222101,0.001319790435,0.001259525626,5.217264279e-05,-0.0006493657614,0.0003325778219,-0.001334196149,-0.000247049435,-0.0005085525049,0.0008559614015,0.0001236504737,-0.0007040807759,-0.0008897810418,-0.0001244400066,-0.0002504736913,0.001126029549,-0.0001880792747,-0.0005623999196,-0.0002108833782,-0.0002340541127,-0.0004506053062,-0.0003438738338,7.070153092e-05,8.341553963e-05,-0.0008790336948,0.0008033104898,-0.0003784874599,-0.0001650037225,0.0001217924069,-2.899744295e-05,-0.0001144231393,-0.001319522282,9.227996585e-05,-0.0005686892473,-0.0004157343684,1.434620132e-05,-0.0005500643394,-0.0002235633311,0.000844726575,0.0002895467147,0.000228044186,-0.0001227770246,-0.001081858734,-0.002223617091,-0.002604062826,-0.002126430464,0.0008543914404,5.689946767e-05,-0.0004996117823,-0.0001082403908,-0.0002480173597,-0.00042133733,0.0006777456397,0.0002606633451,9.456173191e-06,-0.001299831963,-0.0003764440246,-0.0002950378425,0.0001267558107,-0.000413250596,-0.0009981683538,-0.0008753687234,0.0001414532476,0.000553271414,-4.909854018e-05,4.004522882e-05,-0.000455364306,-0.0008289030781,-0.0003356814531,-0.0006401860552,-0.0003482394062,-0.0002747440957,-0.0009087026469,-0.001278214851,-0.0009640888005,-0.001137561686,-0.0001060381454,-0.0003991687727,0.0006763485274,0.0001083674418,0.0008166065383,0.0005160878602,0.0003775253716,0.0003400819026,0.0002204328738,-0.0002456123821
2025-02-28,0.001569085421,-0.001847100945,-0.001860249521,-0.003052828779,-0.0002831007143,-0.0007676877843,-0.0018910091,0.001638261423,-0.002629683369,-0.0002830695094,0.000593265495,-0.0001695861867,0.0003022305758,-0.004560780214,-0.004381550519,-0.001389066824,-0.00124285383,-0.0008842127511,-0.002370230002,-0.001422673336,0.0009766637794,0.001318353494,0.003634646735,0.003206052538,0.00164620978,0.004107722429,-0.0006249295765,-0.0006978530277,-0.001181867977,-0.002480157286,-0.00444965266,-0.00143197281,-0.003305564048,-0.005313248558,-0.004079336553,-0.004603115539,-0.005034280677,0.0001756944311,0.0004934732191,0.0009118746024,-0.0003524970204,-0.002935670745,-0.00039073458,-0.003121027858,-0.0003401508335,0.004046408223,0.004127424087,-0.001521797582,-0.006921017976,-0.004865431284,-0.001160050513,-0.004538256725,-0.005265448912,0.000105239801,-0.000836690178,-0.001349799536,-0.003984150051,-0.005072158648,-0.004996737669,-0.003861479971,0.001327678666,-0.0003024042127,-0.0001935835232,0.002568703067,0.0009194825349,0.00019269909,0.00237747469,0.001013113592,0.001849387138,-1.142074065e-06,-0.0006075270892,-0.004191061599,-0.004221449988,-0.004498168118,-0.0002978808738,-0.003917540282,-0.003616461621,-0.00170168452,-0.006894536016,-0.002071632941,-0.00188838259,-0.0009652172306,-0.003998996663,-0.002468336733,-0.001024628993,-0.0005587365724,-0.001682943438,-0.0005321162516,-3.284805765e-05,0.003931944075,-0.0002368332203,-0.005147139586,-0.001636175689,-0.001648587258,-0.0009465735529,-0.004789842554,-0.001050878666,-0.005599414049,8.396631774e-05,-0.006901339786,0.0008693072412,-0.004741023037,0.001106764304,-0.001785153217,-0.004349906714,-0.003996840482,-0.003437822417,-0.005362140498
2025-03-31,0.001842498541,-0.002471840651,-0.002938396114,-0.004341909311,0.001976410457,0.0007192518532,-0.001999198342,0.001682259598,-0.003808013235,0.0006669181463,-0.0008158450538,0.001985760858,0.0003305043062,-0.00806492978,-0.008630650603,-0.00139649908,-0.000741565041,-0.002422666186,-0.003496149184,-0.003341032043,0.001529693528,0.002424800349,0.005523695656,0.004599877477,0.002353691988,0.005501419788,0.0005577430976,-0.0002558665055,-0.0002846532507,-0.003200344118,-0.004565486273,-0.001330204782,-0.006865901619,-0.008314533592,-0.005926400629,-0.008871707175,-0.008673041145,-0.001978877282,0.0008655199017,0.002262381849,-0.004559579691,-0.00188541278,-0.003874099453,-0.007520881055,0.0009198434586,-0.0006717418526,0.00804380091,-0.00489736232,-0.01061380596,-0.008714973479,-0.000980721951,-0.009144474447,-0.009060934283,0.001344961979,0.0006548430985,-0.002206513244,-0.007692407386,-0.00904767258,-0.009207563072,-0.008281698864,-9.101344636e-06,0.002562147231,-0.0002564483536,-0.00164080787,-0.002435543964,-0.0002359721355,0.003204883515,-0.0008129495988,-0.002614913551,0.0003925966505,-0.0008169188578,-0.007938589795,-0.00794222927,-0.008398412604,-0.0001689609287,-0.007983368458,-0.006069162442,0.0006009111632,-0.01062618897,-0.004115718,0.001950436073,0.003766492623,-0.00285313657,-0.003556524693,-0.004053889287,-0.001642508597,-0.00110204979,-0.0009722162749,-0.003000227026,0.006400027367,-0.001084557123,-0.009570278283,-0.001170016165,-0.001696350133,0.006406518615,-0.005597071457,0.004483298972,-0.006329951659,0.0002496346178,-0.01072175658,0.002358176325,-0.008360477494,0.003489333018,-0.0007237569938,-0.008607503981,-0.007852348593,-0.006730132203,-0.01016710628
2025-04-30,-0.0005093249917,-0.00314802118,-0.003446129178,-0.005501569886,0.0001295158275,0.0001256401003,-0.002867041626,0.0001435213188,-0.005106907256,-0.002220011304,-0.00192575168,0.002332233053,0.002617800894,-0.008020567399,-0.008032920874,-0.001160119264,-9.718624577e-05,-0.002363630887,-0.00437301756,-0.004353488437,-0.0003939331075,0.001285646427,0.003425627503,0.003826615216,0.001867585201,-0.0003396209462,0.003567470399,0.001804585044,0.003365429138,-0.003068395146,-0.005788981699,-0.00263147405,-0.004170281626,-0.008540146169,-0.005247830315,-0.00852544009,-0.008691273237,-0.001101099897,0.001103502292,0.002535674522,-0.0003193937089,-0.002716301033,-0.0001865078439,-0.004718847988,-0.0001718315008,0.002422743698,0.007206571583,-0.004441900914,-0.01117151378,-0.009441304692,-0.002408096512,-0.008913951446,-0.007525727694,0.002760387791,0.004073598704,-0.0002720926822,-0.008823685254,-0.007577791582,-0.009632815958,-0.00785424463,0.001265884526,0.002498352006,0.00134364258,-0.002837521552,-0.001297877399,-0.002585951704,-0.002579556354,0.002031117229,0.001327736528,0.002305207858,0.0001687587174,-0.008460401822,-0.008670773868,-0.009109263855,-0.002535108396,-0.007053403108,-0.006327119853,-0.002473603727,-0.01115678858,0.001011822504,0.002179773079,0.005863423501,0.001687565579,-0.0001949346233,-0.00491523562,-0.003448250041,-0.001118298204,0.003520294912,-0.003474425019,0.006205400432,0.005626887896,-0.009650696647,-0.003583888123,-0.00411977236,0.008805687402,-0.0001780049118,0.005737803136,0.002339292326,0.001912679043,-0.0112778747,0.0002585467992,-0.008956437673,0.00337943322,-0.0005765220527,-0.00838532744,-0.008171977855,-0.007439560713,-0.009998978336
2025-05-31,-0.001872592331,0.001997490903,0.001992474579,0.007471169187,-0.0004045822887,-0.0005012654338,0.002316386648,-0.001174267074,0.004182671601,0.001298630341,0.003107504797,-0.001437195914,-0.001664132969,0.008171998608,0.008440535978,0.0001862472819,-0.0009466482135,0.001815486232,0.003537373576,0.002262087327,1.154191132e-05,-0.0007203422547,-0.003698513408,-0.002926848192,-0.001762325365,0.0001745109773,-0.004204762291,-0.003271469212,-0.003955237685,0.001920393229,0.006351339385,0.00194869107,0.00358751233,0.008205233233,0.006661897858,0.008923030115,0.008757695936,0.001144591556,-0.001716281436,-0.002498527782,0.001408246807,0.001053728939,0.001149059024,0.006464043645,0.0007899096963,-0.007929306519,-0.007544912999,0.005448746002,0.009590514578,0.007796712913,0.005690552002,0.008613675964,0.0078927518,-4.387814301e-05,0.001164241253,-0.002311355977,0.007746349772,0.007839802416,0.008540028494,0.007977451072,-0.0004090831848,-0.003550216024,-0.002512131314,-0.0007175268414,0.001076722197,0.002842783729,-0.004636216479,-0.0002655747929,-0.001755357016,-0.003403765066,0.0005807546364,0.006974988377,0.007183864869,0.007818687624,0.002143466396,0.005996903904,0.006606548059,-0.0002156078427,0.009600479728,-0.003379398021,0.004043951032,-0.008966389517,-0.006827369434,-0.002043682357,0.00119437233,-0.0006126466702,0.001616282683,0.002394795047,0.002159338813,-0.003122939357,-0.004441768213,0.008913176767,0.001765182741,0.002404635431,-0.00560361146,-0.003249952996,-0.008876432362,-0.008211436735,-0.0006818161576,0.009572032595,-0.001668933475,0.006540624016,-0.0008668810506,0.002786722559,0.008446937561,0.0076965611,0.006663008545,0.00914532068
2025-06-30,7.629470073e-05,0.003477359069,0.003537973764,0.004833089274,-0.0005022586795,0.001112988056,0.003274008557,0.0003809838742,0.003756230204,0.00200226936,0.001901579186,4.840698833e-05,0.0007552037544,0.007648186039,0.00808917638,0.001626329049,-0.001180149188,0.003631262459,0.00313703254,0.003335558975,-7.422810928e-05,-0.002803084056,-0.003481617786,-0.004139005621,-0.001376422047,-0.007070153325,-0.004020601914,-0.002969559372,-0.003826823438,0.003363556081,0.005243705955,0.0003904550558,0.006299753469,0.007362398598,0.006576400906,0.007865700362,0.008101168543,0.002081289222,-0.001940454763,-0.003462198817,0.004786814331,0.002246180963,0.004232023442,0.00728928236,0.0008646955325,-0.005799444983,-0.008171874043,0.006918340988,0.009237070964,0.007159666084,0.002245748832,0.007457213689,0.007600527682,0.001471632178,0.002160555286,0.002055778926,0.008031864935,0.007484907797,0.008858126093,0.008344413136,0.00177408141,-0.001182215292,-0.001579779574,0.0006985296533,0.001950811454,0.00171853865,-0.0007911513287,0.0003943074242,-0.0008084076797,-0.003248177915,-0.0005627557673,0.007523036113,0.007808666379,0.00807437839,0.002230809066,0.004198588242,0.005515940855,-0.001478633008,0.00921134312,-0.006400544211,0.003531046029,-0.008562911247,-0.008055763691,-0.006812032192,0.00281675079,0.001122690468,-0.0006171774711,0.002609010014,0.002647317782,-0.001065940455,0.0004453893181,0.009012245334,0.001978078089,0.002709626776,0.003515977691,-0.006608546154,-0.00818277089,-0.008157344929,-0.001768139574,0.00916673874,-0.0004060409625,0.006351906062,-0.00347472773,-0.0002050781811,0.008469142322,0.008023352059,0.006881740671,0.00884764678
2025-07-31,0.001447446865,0.000549174063,-0.0004672707869,0.001394851019,-3.484691832e-05,-0.000776755765,-0.0002334307912,0.001343069629,,-0.001577780353,0.0008208409853,-0.001867837376,0.001161657203,0.001998991639,0.002417208441,-0.001646996552,-0.00118005534,1.734361016e-06,9.193604559e-05,-0.0002659187422,0.001664067162,0.001408316965,0.0001803751634,-0.001350678276,0.001590606137,-0.0003279143439,-0.003396334801,-0.0009773992319,-0.003326492762,0.0001244594931,0.002920423833,0.0007549607783,-2.805071251e-05,0.002839049457,0.0005333121242,0.002318830032,0.00258476573,-0.002068267357,-0.0006512765081,-0.001496997192,-0.001334907884,-0.001578326361,-0.0005753132419,0.0005680245996,-0.00174553823,-0.0008092470351,-0.00244947403,8.356487649e-05,0.003081140879,0.003339155583,0.001457037563,0.005178798764,0.001317136488,-0.001922934792,0.0009085740191,-0.0005200971756,0.001565754867,0.002505099051,0.002082533017,0.002602133172,0.001047862917,-0.0004540987892,-0.0007836754823,0.004199096817,0.0002961241967,-0.0007432564291,-0.002165982736,-0.0002346966601,0.003062582281,0.002127381,-0.001783667071,0.002123553821,0.003505363393,0.003178875344,0.001931022801,0.003949096423,0.002195751745,0.0006483339415,0.002974365278,-0.0004555320963,0.002892265336,-0.0004873061159,-0.003503351783,-0.001589666599,0.0004292761838,-0.0005416240946,-2.849896822e-05,0.00134694664,0.004141138148,-0.003299883318,-0.0007613615325,0.002174139737,0.001754931086,0.0008697890896,0.001977353421,0.0008932755535,0.002339845754,-0.001129941772,-0.0002509669852,0.003241142797,0.0002906593277,0.002966519294,0.001061935438,0.003360055974,0.002274306982,0.00246973479,0.002801298075,0.004258952016
2025-08-31,0.00244834854,3.001481997e-05,8.437206892e-05,-0.001231360302,0.0008501660657,-0.0004758604752,-0.001974203167,0.0008487106223,,-0.0006335294749,0.0008010308675,1.298750884e-05,-0.00154484088,-0.002584885041,-0.002283244782,0.0009089349168,-5.849875386e-06,-0.000598250263,0.0003634628846,-0.0006124396122,0.001221140346,0.001193524355,0.001832867163,0.001708023412,0.0002628897477,0.002046020342,-0.001001098578,-0.001086576883,-0.001083516653,-0.002157390835,-0.002802789731,0.0007711441931,-0.001201950843,-0.002521217796,-0.003134982556,-0.002634751684,-0.002656005847,-0.001074637324,-0.0004225911541,0.0002141919769,-0.0004131962883,-0.002198777707,-0.001536935004,-0.002736160901,0.0006121654941,0.002490590885,0.002538589998,0.0002890643569,-0.003519511711,-0.001981739173,0.0002541723802,-0.002007748338,-0.003161840645,-0.001998676871,-0.0007243246485,0.0007341216606,-0.0009795574024,-0.002962295021,-0.001804018624,-0.0008964488976,-6.309805553e-05,0.0007241922572,-0.0002911191914,0.0007950694915,0.002822983796,0.003206116422,0.002485678509,0.001568484938,0.0002628431768,-0.0004069259516,-0.0009549923152,-0.0002832535096,-0.0005640630652,-0.001353286635,0.001235375201,0.0006175977876,-0.0002994915893,-0.0005143661975,-0.003478265577,0.0004771397231,-0.002155047422,-0.00221852132,0.00302173632,0.002701362278,-0.0001204041136,0.0002333386495,-0.001046307297,-0.0008966627185,0.0003858290861,-0.0001296695179,0.0003707991104,-0.002187403976,0.0003775449734,0.0001096125233,-0.001730776974,0.0006994566326,-0.00315873082,0.002438516638,-0.00113133285,-0.003475060546,0.001450112571,-0.001996478169,0.000587635563,-0.001122134818,-0.001543754966,-0.001321346104,-0.0005570948751,-0.002420759305
2025-09-30,-0.001106942376,0.003991749307,0.003955822718,0.005756951334,0.000142628469,0.002972016212,0.005609413416,-9.63314774e-05,,0.003300753715,-0.001464018047,-0.0008757984805,0.0008961312522,0.01291093075,0.01228830015,0.001580768306,0.001112863939,0.003551604731,0.001505916429,0.003001096906,-0.003242144064,-0.001416115074,-0.005078638491,-0.005266801286,-0.002162858354,-0.0009114590966,-0.0027895496,-0.003175802678,-0.002302816357,0.005000730813,0.01127224052,-0.003056529545,0.004467188005,0.01144549127,0.009914143087,0.01263114174,0.01297552088,0.003712341927,-0.002401657141,-0.001623950051,0.003956094167,0.004188017885,0.005554119113,0.01041254622,0.001763180837,0.002497965471,-0.01143891041,0.008123471117,0.01400933316,0.01120370897,0.003698004112,0.009925942907,0.01084488629,0.002328157834,-0.003883580816,-0.002481771954,0.009503574459,0.01132277524,0.01090168482,0.01184546603,-0.001642171952,0.001179570385,-0.001229654454,0.007563698191,-0.001538466815,0.0009775246054,-0.0003299406305,-0.001181588317,0.0007562046912,0.002094950104,0.001139411797,0.01026854926,0.01054825491,0.0115920886,0.001908484326,-0.00272351919,0.004044024438,0.000101872246,0.01401593898,-0.004411798593,0.003332436049,0.007824186611,-0.001272392457,-0.008351082239,0.005976877997,0.002718415682,-0.002384859136,-0.004803449105,0.007648293919,-0.01003545853,-0.005334333136,0.01125027875,0.001848398355,0.004489495551,-0.001510137074,-0.003753100044,0.009101179703,-0.002079146626,-0.0004448335053,0.01365539776,-0.0001836295499,0.009619405302,-0.003111592363,0.001793901225,0.01220080784,0.01141046735,0.007359243989,0.01302024527
2025-10-31,0.001002409505,-0.0004207537532,-0.0004469926532,-0.002267086104,-0.0001337037739,-0.00143608668,-0.0004419356399,-0.0003178373018,,-1.008451286e-05,0.0003310815103,0.0008143139541,-0.002088650306,-0.00327324457,-0.003457304283,0.0008667041816,0.0008340327798,-0.001567630611,-0.0007522626057,-0.0009961528989,0.0005375316893,-0.0002264326294,0.001948222548,0.00169240217,-0.0001678731016,0.002830071201,-0.0004765976795,-0.00126387457,-0.0002944769958,-0.0008040200747,-0.002457817923,0.00238328979,-0.002260802965,-0.002698250126,-0.0026657738,-0.003472388596,-0.00348717644,-0.002147180074,-5.958377474e-06,-0.000638642985,-0.001540924353,-0.001649827649,-0.002240188471,-0.003203970968,0.001968884278,0.002709338705,0.001890035636,-0.001304665034,-0.003987995788,-0.002796296944,-0.001525722166,-0.002152628568,-0.003838205151,-0.000824964781,-0.0001521664526,0.0002523185774,-0.002870530142,-0.003541795335,-0.003404139793,-0.002487713287,0.0005651174454,0.002340142691,0.0008551296524,0.002615363242,0.0004810361313,0.001828839715,0.001718369609,0.0003235775723,0.0004467948646,0.0009079061719,-0.0004272325281,-0.00210129928,-0.002249757979,-0.002975125173,0.0002876677039,-0.001017541623,-0.0001917268176,0.0009456322765,-0.003991918415,0.001722905828,0.001037954443,0.00193363063,-0.0008282621091,0.002454318903,0.00138754616,0.002508951462,-0.0002862503696,-0.0001969424932,0.002194239945,0.00079837567,-0.001101565376,-0.003740214897,-0.0001654912884,-0.001098842892,-0.0024707474,0.002035627457,-0.0004813551969,-0.001585690292,-0.0002813084641,-0.004000586084,0.001015501621,-0.001742434265,0.001077451911,-0.0004675098334,-0.002383751571,-0.002209783859,-0.001814781371,-0.002897683225
2025-11-30,-0.0004772081517,-0.001684561077,-0.001768794449,0.0001865404131,0.0009282144553,0.00019577168,-0.0009853682412,-0.0003887637508,,0.0004375263062,0.0009543495942,0.0009349569812,-0.000557166255,-0.001753564042,-0.001460502694,-0.0003089649572,-0.0002894440737,-0.001131609623,0.0005268472337,-0.00120999878,0.0005746736031,0.0008878249735,0.001802296769,0.001720439024,0.0005630556548,-0.0006483336122,-0.0006788366786,-0.0004697379963,-0.0009695249878,-0.001752665801,-0.001665886444,0.001307726717,-0.002032608719,-0.001649646087,-0.001052818428,-0.001439693922,-0.001664718987,-0.0006688833798,0.0003066628594,0.0007751264441,-0.0006527226426,-0.00044922867,-0.00131118746,-0.00103340461,0.0008899116992,-0.001145373332,0.002126685152,-0.0003065599637,-0.002468813948,-0.001611306204,0.0008063837556,-0.001468545997,-0.002842151942,0.000206553778,0.0009454328868,-0.0005028162065,-0.002151286322,-0.001901766028,-0.002293152976,-0.002455979636,0.0007128474952,-0.0007205215103,8.02864264e-06,-0.001131371451,-0.0004095299732,-0.000253321292,-0.0008673607498,0.001006649935,-0.001013317981,0.0002678478835,-0.0006340487836,-0.002365097488,-0.002705634229,-0.002657688515,-0.0006683316626,-0.001414046929,-0.001000372492,-0.0005790500929,-0.00251807417,0.0001754524189,0.002022853269,-0.001605205705,-0.002422868614,1.388718808e-05,-0.001956558566,-0.001321970982,-0.001000724047,0.0004389345331,-0.001619553318,-0.0001362876871,-0.001127625649,-0.002046370223,-0.0008715346669,-0.00102960871,-0.002060981916,-0.0008244674574,-0.002960922043,-0.00258034207,8.154910526e-05,-0.002304008381,0.001355013512,-0.001158408774,0.0008865349081,-0.0001687125206,-0.002503940302,-0.002247709184,-0.001912132739,-0.002643377712
