date,age_ig,ami_ig,ami_v_ig,ar_sprd_ig,b_amd_ig,b_amd_m_ig,b_coskew_ig,b_cpi_vol6_ig,b_cptlt_ig,b_credit_ig,b_crf_ig,b_dcpi_ig,b_dcredit_ig,b_defb_ig,b_drf_ig,b_dunc3_ig,b_dunc6_ig,b_dunc_ig,b_duncf_ig,b_duncr_ig,b_dvix_dn_ig,b_dvix_ig,b_dvix_up_ig,b_dvix_va_ig,b_dvix_vp_ig,b_dvixd_ig,b_epu_ig,b_epum_ig,b_eput_ig,b_illiq_ig,b_lrf_ig,b_lvl_ig,b_mktb_dn_ig,b_mktb_ig,b_mktb_mkt_ig,b_mktb_up_ig,b_mktbx_dcapm_ig,b_mktrf_mkt_ig,b_psb_ig,b_psb_m_ig,b_rsj_ig,b_rvol_ig,b_term_dcapm_ig,b_termb_ig,b_unc_ig,b_vix_ig,b_ysp_ig,bbtm_ig,convx_ig,cs_ig,cs_mu12_1_ig,cs_sprd_ig,db_mkt_ig,dcs6_ig,dkurt_ig,dskew_ig,dvol_idio_ig,dvol_ig,dvol_sys_ig,es_90_ig,idimom12_1_ig,idimom3_1_ig,idimom6_1_ig,ilq_ig,iltr24_3_ig,iltr30_6_ig,iltr48_12_ig,imom12_1_ig,imom1_ig,imom3_1_ig,iskew_ig,ivol_bbw_ig,ivol_mkt_ig,ivol_vp_ig,lix_ig,ltr24_3_ig,ltr30_6_ig,ltr48_12_ig,md_dur_ig,mom12_1_ig,mom12_7_ig,mom3_1_ig,mom6_1_ig,mom9_1_ig,p_fht_ig,p_zro_ig,pi_ig,rkt_ig,roll_ig,rsj_ig,rsk_ig,rvol_ig,spd_abs_ig,spd_rel_ig,str_ig,sysmom12_1_ig,sysmom3_1_ig,sysmom6_1_ig,sze_ig,tmat_ig,val_hz_dts_ig,val_hz_ig,val_ipr_dts_ig,val_ipr_ig,var_90_ig,var_95_ig,vov_ig,ytm_ig
2002-08-31,,,,,,,,,,,,,,,,,,,,,,,,,,,,,,,,,,,,,,,,,,,,,,,,,,,,,,,,,,,,,,,,,,,,,,,,,,,,,,,,,,,,,,,,,,,,,,,,,,,,,,,,,,,,
2002-09-30,0.01038361539,-0.00562236266,-0.003340814175,-0.0308188198,,,-0.01541155102,0.01565793644,-0.01531500487,-0.002499096984,-0.03614682991,-0.01323049668,0.01696723103,-0.03370629602,-0.03894700657,0.002191063151,0.01527922062,-0.003506296748,0.002893343718,-0.004511346837,-0.00862500261,-0.01377857038,0.02614798365,,,0.01405993765,0.00140086205,-0.000900120742,0.02188142429,,,0.008471183343,-0.001954461663,-0.03469460003,-0.03961760364,-0.02738762722,-0.03659035949,0.0123882066,,,,,-0.01244754322,-0.02373836689,0.02490300071,0.03412153607,0.002743568795,-0.0429332852,-0.02424652168,-0.03758028331,-0.03669275912,-0.02011986409,-0.02705224044,0.02086120371,-0.008382445267,0.003115778328,-0.02688714167,-0.03319602258,-0.03986064241,-0.03107801443,0.01052615538,0.01521376244,0.0009547900607,-0.009832214311,0.004790942738,0.01627870614,0.008886540264,0.01843127694,0.018739576,0.0221469698,0.00869577554,,-0.02886189783,,-0.01094188543,0.01972141291,0.03125444615,0.02384014148,-0.02166083067,0.02566135416,0.01642241128,0.03427092305,0.02644908036,0.02357279747,-0.005083679259,0.0103164855,0.007791547672,-0.002800947156,-0.009832214311,0.0118021093,0.00285917742,-0.03931072706,-0.01039145326,-0.01685973878,0.005258179381,0.02685734695,0.03313678088,0.03186295848,0.01139865313,-0.02594375388,-0.01348168154,-0.02568571792,-0.01780412319,-0.03118693679,-0.02954631062,-0.0287559798,-0.02208520544,-0.04580356874
2002-10-31,0.00512724744,0.01014679661,0.01129949355,0.007242029473,,,0.02549771395,-0.02320910949,-0.01287928163,-0.02546653921,0.01756582412,0.003394910486,0.00960499988,0.01689582784,0.02401631529,0.04436284582,0.04547457766,0.03508666442,-0.02295013952,0.0299799857,0.0213406129,0.03728605192,-0.003943758378,,,-0.01498371853,0.05050987153,0.04964089917,0.02273539699,,,-0.008683622778,-0.004798690706,0.01382884161,0.02023116544,0.0297667393,0.02032612548,-0.006273225271,,,,,0.02670928651,0.031695639,0.02707641933,-0.02297554988,-0.02995487671,0.003963182194,0.009138472943,-0.002378217208,0.0005402700809,0.004588266045,0.01967139791,0.001365208226,0.005716945772,0.009442528386,0.002921498226,0.005157504107,0.009297195776,0.01418855965,-0.02280859338,0.02748234563,-0.00443594903,-0.0009442959258,-0.01807785871,-0.01147199341,-0.01718806489,-0.02833662636,0.0484336622,-0.002729864857,-0.003165094847,,0.01655868914,,-0.01115881752,-0.01993993509,-0.007328286641,-0.0003694642206,0.006141930799,-0.01594149946,0.004965914691,0.02189910729,-0.01286940067,-0.01882413044,-0.006305051298,-0.007065722497,0.004494433812,0.007292337547,-0.0009442959258,0.01469007485,0.01272481332,0.01377865305,-0.01490435308,-0.01646876886,0.01295701686,-0.008201689076,-0.01086257844,-0.01027319048,0.01833279972,0.008845390069,-0.005313101621,-0.003952976966,-0.007268748945,-0.009712710576,0.01106779744,0.009880567787,-0.01083424605,0.004959478401
2002-11-30,-0.004158689353,0.01678245525,0.009847377086,0.05895428811,,,0.008509906584,0.02303461142,0.02613680038,-0.03531712365,0.05407169555,0.0136111949,-0.02149246317,0.05571913029,0.0473577084,-0.00170268896,0.006379213955,0.008032743096,0.02724988865,-0.001306157894,0.03082391339,0.01210728206,-0.04476058843,,,-0.02659015043,-0.01012138051,-0.009536603526,-0.02048357058,,,0.03225616688,0.02352275252,0.06060275487,0.06852214028,0.02888004523,0.06077885332,-0.01857890654,,,,,0.01332115394,0.0423737809,0.02801074132,-0.04436115334,-0.013697295,0.08890523265,0.04072580886,0.07548885092,0.06385711142,0.04082660138,0.0454640979,-0.04968521535,0.01311198979,0.002520219961,0.05041449473,0.05599548034,0.06327745871,0.07564307728,-0.009468256643,-0.01202784961,-0.0191269266,0.01819499549,-0.01822759139,-0.02525761378,-0.005998029181,-0.0353104081,-0.02972213265,-0.01169682082,-0.03257042154,,0.06585287813,,0.03882297504,-0.04594614847,-0.03105285248,-0.03783950618,0.03564223656,-0.05337064421,0.001578455546,-0.03919494675,-0.06511407848,-0.05978543853,0.01537892696,0.0004037940992,-0.008457919548,0.01159648265,0.01819499549,0.004169046973,-0.00445939752,0.06598955734,0.03520338258,0.04268337221,-0.03659594812,-0.06863100854,-0.07511078072,-0.06889348016,-0.03311296927,0.0421900105,0.02629452615,0.05268824412,0.0316430694,0.0574445149,0.07191772879,0.07272533215,0.04982772672,0.09678516207
2002-12-31,-0.005820258867,-0.01107980311,-0.0109836216,0.001317711228,,,-0.000470164107,0.004769121637,-0.002564304264,-0.01060492396,-0.007723512745,-0.001322685199,0.00965995818,-0.006310716503,-0.005643225402,0.007502759817,0.0103928925,0.002308855008,-0.009148147067,0.001652752936,-0.004180656994,0.007636716943,-0.001060979541,,,-0.007214868533,-0.0003987453871,0.001548185315,-0.005109411124,,,0.00429606924,0.001180396574,-0.005795397847,-0.007609445293,-0.006804222888,-0.005411970899,0.01030550224,,,,,0.003284697447,-0.004372666335,0.003354941041,0.005700912283,-0.0135389295,-0.001393529366,-0.004901491516,0.003904794551,0.004769195698,0.005166901061,0.006131037212,-0.0006113959026,0.00535033428,0.002443198481,-0.0005534325377,-0.0004726267557,0.0001726310537,-0.002378295163,0.005934587379,0.003798839105,0.005411039814,-0.007109000785,-0.002970824844,-0.005542134375,-4.654473878e-05,-0.01014054291,0.004219559536,0.002461341387,-0.002908680397,,-0.002852845148,,-0.01977384421,-0.003124809186,-0.01028518511,-0.003534221635,-0.00621230369,-0.001766814278,-0.01568483299,0.002943984449,0.00266395659,0.001127049248,-0.005196854158,-0.01014800874,0.009891138258,0.00295922676,-0.007109000785,-9.255309242e-05,0.002879838541,0.002519007265,-0.01014191989,-0.008703002173,0.004291269536,-0.002116699709,0.003415940357,0.002751491036,0.01457116033,-0.004976014548,0.007517738567,0.005357450375,0.004347979304,0.0006032271424,-0.002277405331,-0.003413452059,-0.0115597275,-0.002499430549
2003-01-31,0.008873833183,0.01734265158,0.0106476583,0.004032768649,,,-0.002330199528,0.01457676566,0.001456692474,-0.008125840431,0.01298601545,0.007137734606,0.002610675728,0.008626994781,0.009305437122,0.001674692994,-0.002662598361,-0.001118313028,0.00702364234,-0.008138293299,0.00251704232,0.01790581648,0.01052195462,,,0.0007807961702,-0.001151152921,0.004107028239,-0.01381814568,,,0.004055994566,-0.004804993641,0.01199651001,0.006967379173,0.001368386598,0.007088663903,0.008583316536,,,,,-0.004982857514,-0.001519458218,0.009182276401,0.002183699345,-0.001281368551,0.009301423619,0.008255833794,0.01022713187,0.009403158286,0.002714000774,0.002943724337,-0.002362893825,-0.01091298868,0.002635975404,0.01863797741,0.01933326849,0.01068420219,0.01778356295,0.01102776875,0.003354977218,0.007499316284,0.01634076186,-0.004168881672,-0.0007921224679,0.003429432193,-0.004880124095,0.006745637541,0.00303039599,-0.01149846882,,0.01564881487,,0.01990154047,-0.002879650525,0.001760044199,-0.0009383830518,0.008361659278,-0.002930473198,-0.007388869668,0.0044275054,0.0002368160563,-0.004125540177,0.01388143431,0.008053584574,0.006786776778,-0.00799330758,0.01634076186,-0.003444543733,-0.001589216383,0.01519180701,0.0100027275,0.01164778459,-0.01103356638,-0.01401648673,0.007406969027,-0.005619933607,-0.009290433561,0.008733902282,0.005233174795,0.01037636511,0.003164418916,0.007145507579,0.01451978575,0.01594670288,0.01652403368,0.01361075707
2003-02-28,-0.005373691711,-0.006261937956,-0.004637279416,-0.002014162302,,,0.01058996316,-0.002571961577,-0.001667527353,0.004465705261,-0.004986975563,0.002975219147,-0.002125930749,-0.003247223037,-0.003295620805,0.001686084493,-0.001014667176,0.003970585583,-0.0007835485407,0.00445829181,0.002182936716,-0.0008077520332,0.002599585914,,,0.000990728383,-0.002899147363,0.002816947538,-0.00995562348,,,-0.003128512878,-0.003804971529,-0.004156321947,-0.005253923036,0.002169929345,-0.003091164953,0.0009928516039,,,,,0.00548592724,0.002035113484,-0.008220788724,0.003317409806,-0.002478854293,-0.003832588338,-0.007303190692,0.0006789886751,0.001681315286,-0.0007312730044,0.003771034672,0.007908529935,0.001377492595,7.510563894e-05,-0.004313658597,-0.004795462653,-0.003631220825,-0.0022636073,0.01402397162,0.008572009194,0.0110616659,-0.003491512306,-0.006192705486,-0.006316739996,-0.001010852905,-0.00514146003,-0.001000633992,0.00407885736,0.002020874572,,-0.001973934642,,-0.009346868192,0.0004060460353,-0.003533410727,-0.008190233786,-0.007640210521,0.008035777311,-0.0004330563095,0.006442235819,0.01378963528,0.009420576341,-0.003700182082,3.019629505e-05,0.004968469762,0.0005063915953,-0.003491512306,0.00105278904,0.0004011434283,-0.002990612376,-0.006042056196,-0.007669213709,-0.005253030174,-0.0007067182433,-0.004640249776,-0.003699004527,0.007365603409,-0.007676053129,-0.0004221172904,-0.0003075111808,-0.001293653568,-0.002901834164,-0.000917380299,-0.002012936139,-0.008421577595,-0.004441971219
2003-03-31,0.002233637805,0.002720089612,0.001097332404,0.005321360443,,,0.008027380434,-0.012152919,-0.009798267487,0.0001173797453,0.007627190393,0.001168283183,0.008996989603,0.008802213606,0.01157881878,0.01984501549,0.0180487463,0.01679418846,-0.01810169817,0.01222300732,-0.001151159951,0.02198695092,0.00490868138,,,4.983197743e-05,0.01226256693,0.008889114907,-0.007657147806,,,-0.01715573307,-0.006649136974,0.00834023062,0.005037327366,0.004616775864,0.006405355758,0.01188429517,,,,,0.001271770446,0.004164636884,-0.008804070157,-0.001185333314,-0.0102645123,0.004398516383,0.005912600303,0.005158105739,0.006607767861,0.001585862914,0.003683610865,0.01158932938,0.0006171083534,-0.001207096929,0.008444192165,0.0078690042,0.004852898756,0.01072667648,0.01806301817,0.005036467129,0.02110774054,0.006205056046,-0.0113083217,-0.01640028002,-0.009221491326,-0.0156789231,0.01290368983,0.01420430941,-0.002047023879,,0.01113496654,,0.0008998204151,0.0003067027242,-0.005854475187,-0.003348919403,0.00620152688,0.00230525942,-0.009325039396,0.01377077244,0.02031496909,0.01306237694,0.005398253133,0.001223546971,0.00181635434,-0.0002762478802,0.006205056046,-0.0002506116811,0.0009911204402,0.00800036743,0.001322093985,0.001752682014,0.004359909731,-0.004617649112,0.01164200649,0.005963864565,-1.954463209e-05,0.006008953958,0.0009352482496,-4.774893007e-05,-0.004204786581,-0.002548631038,0.008088461905,0.009844137092,-0.0005695619211,0.009859802075
2003-04-30,-0.003166604448,-0.002161645717,-0.001680792085,0.02548569706,,,0.01212757627,0.01548954187,0.02303940005,-0.0004850214228,0.03575123473,-0.01963163259,0.0005705216726,0.03446782925,0.03093787444,-0.01896132757,-0.02148128673,-0.009320555879,0.01420275199,0.01317032336,-0.004758649119,-0.005394556918,-0.01529121793,,,-0.01224518003,-0.02049530897,-0.02081870011,-0.02509145916,,,0.01806801884,-0.004094734356,0.03675514042,0.03786453269,0.03049923166,0.03457440839,-0.009794390581,,,,,-0.0006478099239,0.02680269626,0.008788957008,-0.01731356741,0.01179379645,0.0370330858,0.02862127353,0.03889190497,0.03577146861,0.01882441787,0.00123323944,-0.02226016492,0.006360837998,0.0006095010728,0.01044198041,0.01015054274,0.009176799603,0.04021557179,-0.002134679657,-0.01624357425,-0.01166489369,0.005504118887,-0.002682540161,-0.01292606926,-0.006152080821,0.003947495521,0.01919473664,0.00825430092,-0.01240793163,,0.04014423911,,-0.003137919865,-0.0209480389,-0.02201927191,-0.01549572425,0.02812211217,-0.02585924335,-0.01997758736,-0.005506551588,0.002182983869,-0.02285018353,-0.0006947351429,-0.005114433733,-0.000882832248,0.003938084918,0.005504118887,-0.003250123292,-0.005603064117,0.01485766162,0.006150823613,0.007448841514,-0.0100316557,-0.0275956611,0.02283146235,0.02025671128,0.002543682649,0.02925726222,0.008156259627,0.03127537326,0.01335237223,0.02879281192,0.04255186273,0.03862395824,-0.001207682606,0.04938312605
2003-05-31,-0.0009590500319,0.0003712651222,0.0005543734963,-0.003174446388,,,-0.0003638380511,-0.003217193937,-0.003349793991,-0.0001552784848,-0.006728176837,-0.0005455413969,-0.005026992278,-0.006341191432,-0.005523192258,0.000868898908,-0.0008553544631,0.0002401004669,-0.007849543558,0.004694214761,0.0009524452732,0.003211993122,-0.003578311792,,,-0.003676716402,-0.001613000867,0.0009623047585,-0.002021915189,,,0.004193923768,0.001011497379,-0.006076113024,-0.005862958476,-0.00663055999,-0.006315877884,0.0008157591137,,,,,0.0007075005586,-0.003360987669,-0.003218569716,-0.002288442032,-0.004990892737,-0.0002743360591,-0.002061391063,0.0001867087794,0.0005157311424,-0.0009252300311,0.003046781322,-0.0004468848901,0.004416889355,-0.001488479296,0.0001242342759,0.0003924941468,0.002926660698,-0.0003379780982,0.005592294206,-0.001617573274,0.00292673218,-0.0003543191107,0.002425019211,0.005085489112,0.002967382547,0.002986060914,-0.001170717418,-0.004029631966,0.001177778875,,-0.0005719364784,,-0.01323678281,0.004600387283,0.004788230669,0.003116219471,-0.0021808214,0.00348066901,0.003714475947,-0.00171012735,-0.004390220723,0.002718448747,0.0001756071705,-0.002542534234,0.0005194006482,0.002147325481,-0.0003543191107,-0.0009622433187,-0.001234880128,4.44723181e-05,-0.0044488625,-0.00560237828,-0.002366218429,-0.002045328318,-0.007398847727,-0.006655141577,0.0142805687,-0.001722069353,-0.001014210384,-0.003210298913,-0.0007164777716,-7.336251281e-06,-0.003403339397,-0.001650652009,-0.008473203785,-0.00642388071
2003-06-30,0.001892797074,0.005687138433,0.003335717359,0.005021046898,,,-0.005550618841,-0.01775240421,-0.0007437706397,-0.00315634321,0.007947446251,0.01554350122,-0.005399650986,0.004455944265,0.008223705868,0.005152050162,0.003044476841,0.01590881645,-0.0009645778045,0.01270137257,-0.003857048847,0.003922493308,-0.002850732179,,,0.0005117164852,0.008371584865,0.008651272075,0.0005861922512,,,0.0009257946027,0.001148010569,0.005658598326,0.009141513579,-5.694892552e-05,0.004871520429,-0.006294754015,,,,,-0.005132384614,-0.004364581297,-0.00449900302,0.0006176118248,-0.001315950829,0.0111164101,-0.001086497591,0.007505210852,0.01042715588,0.003197541709,0.001647013906,-0.001981643059,-0.0006168426248,-0.000210325117,0.006117348568,0.006413813196,0.003404125532,0.009392823324,0.01299817218,0.002482256853,0.008663532273,0.005126418709,-0.004966388927,-0.004382250279,-0.005938153638,0.01119915675,0.005578953452,0.007117220072,-0.002721272741,,0.009168555023,,0.01334398385,-0.003073393938,-0.005167150518,-0.006048570834,-0.001030738387,0.0044378271,-0.002772737521,0.004712965327,0.005608644098,0.003872157801,0.002940241118,0.002887614812,0.001772741327,-0.001055855366,0.005126418709,-0.001790241054,-0.001432803168,0.006081415453,0.006600519549,0.008807262707,-0.003136599429,-0.005891497009,0.004635809135,-0.0004258036178,-0.004199821409,-0.000695084119,0.0118976908,0.01379748013,0.008311189726,0.01097838311,0.007351292869,0.008917927247,0.008311235074,0.007261369987
2003-07-31,0.01602806554,0.00935143758,0.006757092261,0.001837739467,,,-0.009343777054,-0.007401345025,0.002103384345,-0.00297117904,0.002334453708,0.01023526355,-0.001194048681,0.001576396981,-7.911159377e-05,-0.004275869168,-0.007422490867,-2.21775053e-05,0.01198290075,-0.001679620064,-0.002400042953,-0.005490945089,0.005545327086,,,-0.005160149069,0.0009258998402,-0.0006388491416,0.002420033599,,,0.0147179868,-0.00112549605,0.001510110625,0.004703030462,-0.004907289372,-0.0006266399813,-0.006993356842,,,,,-0.009519924099,-0.005397011159,0.007639000448,-0.01007714558,0.008616655483,0.02238835283,-0.003015168043,0.02692889981,0.01557629131,0.001143703545,-0.01182744408,-0.015413488,-0.001286434541,0.001129361035,0.004915757646,0.003739788528,-0.007435703105,0.008155298731,-0.00955036051,-0.001087722303,5.877589478e-06,0.004800812947,-0.002192895138,0.002839331074,-0.0009304298025,-0.004633261722,-0.0007647587164,0.005324990695,-0.003136984406,,0.008354571988,,0.03075618318,-0.01276876077,-0.01549698769,-0.0101096963,-0.00300018365,-0.0226385863,-0.01519537443,-0.01872604816,-0.01086863564,-0.009106736288,0.007999806749,0.01026805574,0.0002608516114,-0.001550343,0.004800812947,0.003992372867,0.003451659423,0.002598681596,0.02247174183,0.02610460713,0.0047253659,-0.01525263626,-0.004702542008,-0.007088062316,-0.03145353565,-0.002271597334,0.017266022,0.01875200361,0.01249309523,0.02087200396,0.008558099159,0.007405897875,0.02064114549,0.0203951238
2003-08-31,-0.006039215276,-0.007975757557,-0.004380383989,0.01325509716,0.005624864458,0.001332161746,1.760571985e-06,-0.005704732467,0.006432609047,0.005410433171,0.01156829021,-0.0005033178419,0.008471921149,0.01380181645,0.0120161453,-0.00526292068,-0.004785916599,0.0003459771113,0.006298264002,0.002989710071,-0.01332772269,-0.009035028593,-0.01095342713,-0.0109599606,-0.009334139678,-0.004521247992,-0.004044756515,-0.00253210269,-0.006466536131,-0.00827349664,0.008147352275,0.008552356678,0.0006263901552,0.01292886659,0.01253525218,0.01203305252,0.01329788359,0.001334937341,0.004241030531,0.00964010158,0.001141645719,-0.0006409610787,0.009628199165,0.01670487891,0.002525103106,-0.003316086002,0.001771544664,0.0102919573,0.01059511367,0.01580149229,0.008387452398,0.01121600205,0.004416802545,-0.006047054056,0.008481385021,-0.001968182789,-0.008506400589,-0.007477590283,-0.0007492210137,0.01001807482,-0.004767349718,-0.006486968719,-0.005009357132,-0.007400994398,-0.00599446097,-0.0008230426345,-0.004064577251,-0.00315799771,-0.002870144179,-0.002987373723,-0.001947333673,0.008697173473,0.00947104221,0.009386141474,-0.009037153546,-0.006227309092,-0.007575668471,-0.006619024559,0.01059495447,-0.004187783507,-0.003367333562,-0.006484749687,0.0005523604908,0.007570870272,-0.01350349169,-0.01385906107,0.0006166204776,0.003419829344,-0.007400994398,-0.001960783688,-0.002792786944,-0.0006884951027,0.000380947727,0.0005601466704,0.002870580126,0.007229979763,0.003369735991,0.006888083794,0.007817206154,0.01059981131,-0.00116311579,0.002784205238,-1.155777821e-05,0.01114790514,0.0114641072,0.009517102203,-0.01009806938,0.01822700872
2003-09-30,-0.002943217641,-0.004360068428,-0.003795837761,-0.002670387039,-0.007152174123,-0.007935494675,0.001614751324,-0.01619308617,0.002637782456,0.002997716502,-0.004888378642,-0.004595644867,-0.001052934526,-0.002829500593,-0.00419515019,0.006442291636,0.002916922334,-0.0004751155432,-0.0007072228415,0.002066391992,-0.004282999245,-0.002848433518,-0.0004166534407,0.0008231827643,-0.002700997982,0.003044383668,0.00765776968,0.006930928715,0.006247823316,-0.006109998679,-0.0003434855098,-0.004117157384,0.006777452959,-0.00397331189,-0.003101427399,0.00167919886,-0.0004889977896,-0.003744908316,0.0008819886811,-0.004644471689,0.01633835927,-0.003788495176,0.01415927503,0.006106266805,-0.001174709051,0.00116060186,-0.00993158865,-0.003606517408,-0.004299762176,-0.002940463849,-0.00194024345,-0.001467530148,0.001602507963,0.0001912703527,-0.0002595462885,0.00031984841,-0.00378279043,-0.003313150215,-0.0009439193068,-0.002922918207,0.004131149292,-0.0141593994,-0.003947354389,-0.003214657126,0.001819581499,0.002124842834,0.002340776208,-0.001102887036,-0.0012226822,-0.001079781048,-0.001955194135,-0.002195720058,-0.004222445928,-0.001276221424,-0.01910968328,0.008513254962,0.007554677365,0.003961533281,-0.004397787938,0.0006666267468,0.005341459028,-0.01305738738,-0.003416899911,0.0009199328355,-0.0008664292006,-0.00020866453,0.003267024071,0.001584059699,-0.003214657126,-0.0009228243306,-0.0006892035341,-0.003831427875,-0.009882554682,-0.01036420936,-0.0009693622432,-0.002853286551,-0.0021062468,-0.003194479686,0.01684126489,-0.004355835112,-0.004500054296,-0.005666951288,-0.002994258267,-0.004313075683,-0.004007563568,-0.002124303771,-0.01167071966,-0.007924509342
2003-10-31,0.001952231159,0.0110760469,0.008645857023,0.004632521842,0.0006509463874,0.002856514939,-0.003949993496,0.001625042182,0.002058778881,-0.00537375197,0.0121143327,0.003236585245,-0.001671065776,0.008587033476,0.01121702583,-0.003960202681,0.001368282557,0.0009655782796,0.0004604910333,0.002162410965,0.005514630055,0.0004625485968,-0.008008512352,-0.0005835041102,0.004318897323,0.0009191563432,0.001725168282,0.003308350804,0.0002884748122,0.00798522348,0.008338159619,0.005013004769,-0.0050410474,0.01085483893,0.01093556734,-0.000480438291,0.007402076841,-0.00480821402,0.001459461837,0.000484500404,-0.009791829462,-0.001289097464,-0.01578317922,-0.005280477367,0.005822698166,0.0009349996129,0.006338109589,0.00680708264,0.01131946071,0.01189850452,0.007594405221,0.002744391667,-0.0005446853827,-0.00284526007,-0.00386481779,-0.0006566773976,0.01325336655,0.01238257798,0.00835898958,0.01536806601,0.001554499623,0.007037525243,0.003194752993,0.01083881218,0.002301484307,0.001118484936,-0.003505221312,0.004529751488,0.0005405068286,0.004782447129,5.924488193e-05,0.01468004004,0.01508920996,0.01575568623,0.0147033583,-0.01012477888,-0.008865172844,-0.007222937925,0.01103950838,0.002702237688,-0.00415679117,0.007054557207,0.006973726129,0.008030423358,0.01103503146,0.007386839627,0.001572479833,-0.002906301549,0.01083881218,-0.003991952755,-0.0004926021503,0.01274849456,0.01139256859,0.0116446836,-0.007356866047,0.00301732682,-0.004162545273,0.004904289611,-0.01057348722,0.01176416952,0.005099452752,0.01203380304,0.001958894446,0.0098936582,0.01604493558,0.01287455897,0.01311653149,0.01787279319
2003-11-30,-0.00202812602,0.004870027777,0.003281852319,0.008306959542,-0.001522871447,-0.002482473469,0.008327897568,-0.001557156694,0.007593583509,0.003272832567,0.009550497974,-0.009887753933,0.006021070593,0.009482099326,0.009026019537,-0.008563544398,-0.003530778855,-0.002257604537,0.006704539141,-0.001297962824,-0.007516063904,-0.007476011984,-0.005793394689,-0.008083432689,-0.008105702581,-0.002124233589,-0.005667814609,-0.007528785071,-0.006857780746,-0.01051367304,0.004119598102,0.008265362737,-0.004733314235,0.009407190713,0.008428692703,0.009428859511,0.01013451764,0.003317552635,-0.0049115631,-0.006145510534,0.007060757748,-6.189919461e-05,0.003610140722,0.007154172132,0.006693279831,-0.00218955784,0.004128619654,0.005043488119,0.01356801779,0.01343914058,0.007155465966,0.002711439807,0.004075888869,-0.002618993993,0.0008949620576,-0.004089899058,0.009431598316,0.0088274473,0.008669999984,0.009365819766,0.0004273504856,0.006289015087,0.00710246433,0.005324932924,0.003439948742,0.002241997303,0.001909944948,0.0003441336013,0.002341333531,0.00400336104,-0.003165921878,0.01110778053,0.009651175862,0.01213392774,0.004120426142,-0.00221582776,-0.006358486601,-0.004504617257,0.01351933502,0.005305066371,-0.002797161793,0.001604808883,0.002157871432,0.003556744443,0.004481768502,0.001650300855,-0.001389841991,0.0005284395159,0.005324932924,-0.0001325090196,-0.0001124752626,0.01046276987,0.004450420449,0.004250115796,0.001979362349,0.005611814781,-0.005157862684,-0.002074344407,0.001718218373,0.01400388484,-0.0004568565593,0.007992356011,0.0005892285214,0.008911218007,0.01149311971,0.00897989938,0.005442882068,0.0163157245
2003-12-31,-0.001097831001,-0.008881682584,-0.007099833465,0.01025535481,-0.001339256185,-0.006455635966,0.007813949831,0.0101921651,0.00987369891,0.005816942628,0.01229314885,-0.000549740987,0.00376339687,0.008624317655,0.007884345882,-0.01077613678,-0.004251786007,0.001609946521,0.01243991149,2.511758685e-06,-0.004395966183,-0.008409922656,-0.006440745923,-0.01128347052,-0.005445061737,-0.00265671603,-0.006756803707,-0.00745975467,-0.003540809518,-0.004107157257,0.01190277217,0.005241074946,-0.004158216018,0.009855524875,0.01049511809,0.009746368874,0.008770096495,0.004617482156,-0.001329878562,-0.0006560347704,-0.01173215636,-0.001951657309,-0.004352166945,0.004815000763,0.006944968839,-0.003726249494,0.008388334129,0.005784668111,0.003260115427,0.02043781596,0.01806793294,0.01164761433,0.004201483489,-0.0006015435758,0.006089436468,0.006225460029,-0.00151721208,-0.001177547726,0.003060127392,0.007683792705,0.0008669160987,-0.004687121651,0.009701815484,-0.005069138736,-0.0004331516695,-0.004174337976,-0.002523969459,0.00238942026,-0.00354873077,-0.0008300154873,-0.00198046046,0.007482707617,0.007177441637,0.01194038425,-0.004544703455,-0.006320568047,-0.01140138126,-0.01185271482,0.003098037461,0.005612024666,0.002877647479,-0.00275336766,0.01113760194,0.01109252488,-0.009553519748,-0.004987100769,0.0003564223598,0.003649797478,-0.005069138736,0.0027912096,0.005891588996,0.00113105756,-0.0001213602287,0.001351704815,0.007582879849,0.00338082807,0.003383709301,0.002509514897,0.003490452568,0.003571239162,0.002097860207,0.00331834799,0.003470721684,0.003999138305,0.01269017031,0.007279658365,-0.0052227626,0.01276448624
2004-01-31,0.002264500288,0.002160197103,0.003541036489,-0.004323700941,0.001228552492,0.0009474227852,0.004742116676,-0.001749540405,0.002808833113,0.005146268871,0.0003102013918,0.001163582701,-0.0005219261546,0.0009443459148,0.0007964102123,0.003365022496,0.00281779447,0.002480733585,0.0009630354281,0.0007636877178,-0.001324954204,-0.002157354059,-0.001355986464,-0.003096055334,-0.00323499261,-0.001366925973,0.001449739605,0.002132964966,0.001427544717,-0.003931211551,0.002224749783,-0.003602850943,-0.00127868793,0.0009672437059,0.001532014513,0.001672093934,0.001492421367,-0.003316519727,0.0003042877319,-0.002433994891,0.001100303743,-0.002898853956,0.002275785689,0.0009527970531,0.002181987854,-0.000331521768,-0.003617152455,-0.002275175704,-0.001998498158,0.003400716631,0.001595780585,-0.002228386785,-0.002035036478,-0.0008731290427,-0.001062923577,-0.0002525179404,0.002911688809,0.002913282304,0.0004130619647,0.002994934874,0.005647323949,-0.002070600401,-0.0008811199656,0.002340573087,0.0009756683269,0.0002275477361,-0.0006331137851,0.0003456992595,-0.0002771557913,0.001022314289,-0.002219530657,0.003821056901,0.003088120335,0.002485795469,-0.003412091374,0.001401207913,0.0007700266062,-0.0009730294868,-0.002176407729,0.002399912398,0.004161404589,-0.003847558284,-0.002117166505,0.002049331371,0.00360847915,0.002150391066,-0.002153125162,-0.002713894915,0.002340573087,-0.001155896644,-0.0007464616117,0.001918403622,-0.001079213145,-0.0003570500295,-0.0006336490792,-0.0005016931359,-0.0002417280435,-0.0005621440069,-0.0006767554278,-0.002032319185,-0.0001612916314,-0.0009591893961,-0.0004777802504,-0.0006915267394,0.00122557339,0.003482630689,-0.002012051668,-0.001721920601
2004-02-29,8.943936655e-05,-0.002024880249,-0.001300501897,-0.003141638582,-0.002659045569,0.0005473590248,-0.0007334213782,-0.00593356163,-0.001289839333,0.004554229233,-0.006472422519,0.0007901582261,0.002007646645,-0.005245023978,-0.005747049387,0.006327001788,0.003843451842,-0.0003335487288,-0.002308119839,-0.003929524574,-0.001538165664,0.002032645266,0.004129580871,0.001620652303,-0.0001343792165,0.002980128523,0.005418661795,0.005100917065,0.005345372202,-0.0003296855398,-0.004688293169,-0.003502207746,0.002285113198,-0.005759510747,-0.005747354152,-0.003010433659,-0.005569936868,0.0004178826054,-0.0008247555797,-0.002174012328,0.00212796184,0.001019669584,0.003258225874,-0.002577791922,0.004658910426,0.00212592362,-0.007404165702,0.000284626832,-0.005718757746,-0.009644107387,-0.005693280077,-0.002759011583,-0.0004773311725,0.0001325947509,-0.0004022290539,0.002211258943,-0.002304666422,-0.00273508774,-0.002428265112,-0.005737857338,-0.001365129174,-0.003632327964,-0.003607387901,-0.001696686661,5.84090333e-07,0.002317685629,0.002041731391,-0.002401699842,-0.003093823914,-0.003182904103,-0.0027572409,-0.004450061453,-0.007062802798,-0.005182746168,-0.004569219415,0.0005313930524,0.002559537845,0.003328975229,-0.005804758258,-0.005454837505,-0.002325865686,-0.00376461759,-0.004695355914,-0.005346018045,-0.0005602911695,6.962189677e-05,0.0001788760953,0.0006583305052,-0.001696686661,0.002159985528,0.002235053657,-0.003002107445,-0.001561290897,-0.001677691588,0.001084692268,-0.007721880859,-0.007416911833,-0.007292740292,0.002962170979,-0.006062459631,0.0006258128202,-0.004179916509,0.0006883871447,-0.002716249065,-0.005183933411,-0.00534541195,-0.002012492231,-0.007758602886
2004-03-31,0.0006088861012,-0.0001788912039,-0.0003720283252,-0.0002627342121,0.004649658824,0.005521123879,0.0002546201347,-0.003292167481,-0.001336659839,0.00516150297,-0.0007130485047,-0.0007958862739,0.0008792266254,0.0006139289495,0.0003780158928,0.003858172337,0.002624625794,0.001871988467,-0.002215770568,-0.000359064512,0.0001149437724,0.002390920473,0.001872240132,0.004150069256,0.001243940143,0.00175531512,0.004351313679,0.004378888105,0.002600581663,-0.001685828251,-0.001185404618,0.001032468529,0.001648581797,0.0001880429459,0.0009810990147,0.00124692491,0.0009364548181,-0.001411819148,-0.002348161023,-0.002446813702,-0.002834366338,0.0008309064654,0.00422867694,0.001593219416,0.003445934644,0.0009361064526,-0.003435316228,-0.002160593078,-0.001082673783,-0.00396442028,-0.00181782727,-0.0001381280047,-0.002167636752,0.0004732543717,0.0009105883235,-0.0004722616077,-0.001000974372,-0.00119065616,-0.001928132207,0.0008911863944,-0.002012706626,-0.001334611612,-0.001660951375,-0.001193731916,0.0005440899114,-0.0007571787019,0.0005150191794,0.0005770499503,-0.0009966788364,-0.002065819311,0.0004801023588,0.001307794288,0.001046263422,-0.0001651529424,-0.002423309317,0.002520751666,0.003021507874,0.003962435815,-0.001094988781,-0.0008796735335,-0.0004102224439,-0.002413571997,-0.001698398126,-0.00190876209,-0.0005724787346,0.00117353849,0.00103584722,0.001350863834,-0.001193731916,0.001024368398,0.0007832505704,-0.0004539090882,-0.00162457177,-0.001314077413,0.001732374257,-0.001555932954,-0.002177191993,-0.001420866758,0.0002779833067,-0.001135341592,-0.0006649485071,-0.001040583102,-0.0003205448247,-0.000402346315,-0.001344259733,-0.0001440191267,-0.001855757147,-0.003260844117
2004-04-30,0.004949933014,0.00513470512,0.004101012783,0.005716016281,-0.004991260658,-0.01112216043,0.002244419505,0.01424007302,0.007240160315,-0.0005517513598,0.01017747983,-0.004094854282,-0.0009246369948,0.005433865096,0.004746763242,-0.01294481907,-0.005733001598,-0.005479087033,0.008321138853,-0.003435437294,0.001647621493,-0.000216414713,-0.001256847989,-0.003230377861,0.003469458945,0.001360091196,-0.009124784058,-0.008703809703,-0.007604519172,0.001655158955,0.01102049915,0.006863357477,-0.01458368509,0.007496766852,0.005961410929,-0.001108023411,0.003189787992,0.001782453063,-0.001022329103,-0.0004615405696,-0.006356860493,-0.003687459926,-0.02112596745,-0.008693060209,0.00411604696,0.002844585347,0.01506165257,0.005093865512,0.003669151671,0.0179703778,0.01552495461,0.002784570234,-0.006539737223,-0.002733122671,-0.005801012034,-0.001509315205,0.006428775329,0.004576803852,-0.0001960016089,0.00918475769,0.01018512257,0.001168636564,0.009396133919,0.004972218132,0.002593255202,0.002032290133,-0.00220709243,0.003203351217,-0.002013141614,0.004105297867,-0.0002393407163,0.008332373048,0.007996820112,0.009565121944,0.01925724021,-0.003534308558,-0.006185721175,-0.009205931624,0.003584774363,0.005351031812,0.007764912687,-0.003972861457,0.005264757514,0.008466526682,0.002997123513,0.00199894177,5.940323341e-05,-0.005543316793,0.004972218132,-0.003550468821,-0.003286576485,0.004902681898,0.01329817869,0.01385942565,-0.006594082437,0.0020404307,-0.01034903767,-0.001398804812,-0.01430012111,0.003978627043,0.007531299964,0.01402447788,0.004088310427,0.009924253492,0.01286537966,0.009087987383,0.01202062355,0.01389760974
2004-05-31,0.0006444350502,0.0007504434753,0.001242585221,-0.0009236891027,0.002991968521,0.002085665236,-0.0007628880206,-0.005197257724,-0.0001201878229,0.005040135215,-0.003058079157,0.002112328549,-0.0002597856583,-0.001094763472,-0.0003067266476,0.002035618375,0.00339737499,0.002475447649,-0.005539047795,0.001065033084,-0.001854787115,0.001618827543,0.0001077990719,0.0007377092166,0.0001341970848,0.0002642932115,0.007298784572,0.006526075281,0.00335304807,-0.0006084621012,-0.001805500787,-0.00218804745,0.00639617729,-0.002889204503,-0.00197189703,-0.00015427867,-0.001391456805,0.002144990523,0.003649380177,0.002418110737,0.008113425597,0.0008610422753,0.00686556345,0.003784286509,-0.0005689648561,0.0004328191416,-0.006543813985,-0.000786527428,-0.00356762097,-0.004614029009,-0.004378787408,0.0004104417143,-0.002765194423,-0.000311840882,0.001703188841,0.0009386245362,-0.0009675393334,-0.0006613090808,-0.001456682745,-0.001830188932,-0.002803101757,0.001993882698,-0.002096285096,-0.0007892445835,0.0003022683386,-0.0002645820429,-0.001305367458,-0.0006693150059,-0.002085732354,-0.001634124434,-0.0001320111311,-0.002579589634,-0.0008756326835,-0.003647269198,0.00109828424,0.001315702159,0.00206025188,0.002826337622,-0.003411305775,-0.003112167367,-0.001789400316,0.0007808283695,-0.004341000365,-0.003288961928,-0.002284392453,-0.004145883579,0.0004949737251,-0.0001578427224,-0.0007892445835,0.001076917695,0.001546096477,-0.002610397103,-0.003230029873,-0.002951216824,-0.003563668226,-0.003224295838,-0.0009169398765,-0.003633259616,-0.0007004452648,-0.003129126206,0.001092656441,-0.002525285426,0.001216435896,-0.0003531788169,-0.001857868336,-0.001911638467,0.0004303010274,-0.00329063436
2004-06-30,0.002242960944,-0.002919789523,-0.001936752896,-0.002799088885,-0.008387715466,-0.006158178175,0.002359281155,0.007711798511,0.003667054022,0.006582300115,0.001196034169,-0.000588112607,5.180483302e-05,-0.0002227965259,-0.00302703696,-0.006339870055,-0.002942194951,-0.005356098474,0.005859374071,-0.007918758498,0.0001747450411,0.001592241161,0.003060297252,0.001393743982,0.002957609119,0.000436930155,-0.002836698456,-0.004780183632,0.003226163062,-0.0092968515,0.003079219318,-0.007167990598,0.000714085337,0.0007893865629,0.001747161401,0.001971316476,0.0009893779967,-0.004948121054,-0.001602028792,-0.002364871717,0.002830709106,-0.006154766632,-0.002204798647,-0.001777006456,0.007206053645,0.001791326443,0.003302997837,-0.002432695781,-0.004012144882,0.002359494976,0.00243645944,-0.0001419860972,-0.001044684359,0.001981105616,0.001603888293,-0.0004422685664,-0.0005689527877,-0.001953429287,-0.002654934237,0.001197045626,0.008687101779,0.007670132055,0.006173461215,-0.0005287596398,-0.002556215736,0.002187775176,0.003381637515,0.0006607022368,0.003555981728,0.003239084848,-0.003738409839,-0.0002022624007,-0.002254767466,0.0002249451721,-0.002828384399,-0.003583996658,-0.003218538061,-0.003427029708,-0.0038592962,0.0008562655957,-0.002154961762,0.003369822943,0.002792160362,0.004343869509,-0.0007229933524,0.002856992265,-0.0006473043473,0.0007069239001,-0.0005287596398,-0.0009526043889,-0.0007172788689,-0.001461315604,-0.0003913827592,-0.001367184851,-0.002229612962,-0.006081303171,-0.006520931051,-0.007110729163,4.653521285e-05,-0.004252210824,0.00170783778,0.001139902977,0.0002976519747,-0.000406729815,0.002482138684,0.0003362647886,-0.001830695585,-0.002947934682
2004-07-31,-0.001451000064,-0.003968097916,-0.002087417084,0.0006578992027,0.00336319232,0.003034986437,-8.311403038e-05,-0.001040578897,0.0007435082065,0.002287767865,-0.0002496029789,-0.001890565791,-0.000502809158,0.002163579297,0.001138614044,0.0009955515399,-8.125318959e-05,0.0002312581277,-0.003918121475,-0.002596574599,-0.002041423961,-0.0005348214643,-0.001588543256,-0.002011291832,-0.002360028441,0.001360235485,0.001894233158,0.002493812514,0.003569070595,0.001695161683,-0.001264205715,-0.005279299134,0.0005653066345,0.001188777435,0.0004189387979,0.002188476627,0.00151654343,0.001506607362,0.001562517352,0.001310753533,0.004126692562,0.001987410393,0.003642276157,0.002852786117,-0.001792245083,-0.00164654741,-0.00396531931,0.001318817115,0.001188391542,0.001015126733,-0.001144869355,0.0002689116507,0.001154252276,-0.0006380392925,0.0007551787469,-0.0002437597243,0.0001647514374,0.0002098600759,0.001580768238,0.002325620718,-0.002083855042,-0.003210365551,0.001061732906,0.0001354977018,0.0003843621816,-0.0007710471612,-0.00120949874,-0.0005338331559,-0.0001113619057,-0.001712854042,-0.001135459459,0.001181530839,0.001509787857,0.0004792576359,-0.003266475572,-0.0002475464977,-0.0001804496786,-2.94066238e-05,0.001173442696,-0.00247363074,-0.002113095369,-0.00398289417,-0.0007516693245,-0.001911027511,0.001182950995,0.001241833211,-0.001444028668,0.0001800115949,0.0001354977018,-8.12725085e-05,-0.0002707926058,0.0001103649223,-0.0002837574786,-0.001439140135,-0.001410826415,-0.002046015073,-0.003230337737,-0.002188432597,0.001563322208,0.001710342365,-0.0005460803581,-0.001227760442,-9.745363828e-05,-0.0005862101989,0.000831929023,0.002083695505,-0.001489525736,0.001292565999
2004-08-31,-0.005824371493,-0.005107909112,-0.003830304947,0.002658235634,0.0006991655597,0.002745728405,0.001495974519,-0.002939816857,0.002004379385,0.006079430867,0.0001223495239,-0.003098365609,-0.00103613034,0.00287535835,0.001567539974,0.0008067861361,0.000513129354,0.0004684326071,-0.004093932749,-0.0009749034352,-0.000974390809,0.0007318279455,0.001801730923,-0.001655763112,-0.002750146369,0.0003733774583,0.00560403873,0.003268455266,0.005919178203,-0.001320561552,-0.000443151844,-0.009061060102,0.008767344227,0.001079600499,0.0003291174585,0.00554501046,0.00352751708,0.003454590408,0.002482999474,0.00230684478,0.01009470623,0.0004340809619,0.01369497762,0.009502983907,-0.0003230551185,-0.0003735690848,-0.005295628261,0.0007431433423,0.00292085321,-6.798658508e-05,-0.00328328107,0.003137961918,0.004255037298,-0.002753933045,0.00163771587,0.0009293912625,-0.002543176978,-0.00173015235,0.002520410118,-0.0005422047766,-0.001537271808,-0.002555168023,-0.003171412135,-0.004335768348,-0.0008431893648,-0.001602204913,0.0002159988828,-0.001766045394,-0.0002142141602,0.0003284688888,-0.002668971523,-0.002048607273,-0.0007419892649,-0.000835406327,-0.01200459031,-0.000315213735,0.001721232184,0.001480580205,0.00284750796,-0.001439740324,0.001828626721,-0.00297719702,-0.005897294994,-0.00263260931,-0.002167459388,-0.003077744218,0.001559038895,0.0029150098,-0.004335768348,0.001639075221,0.002460189425,-0.002416791796,-0.005581644506,-0.006322450726,0.003745107451,-0.002118483051,-0.002722256295,-0.0004562904467,0.01067846473,0.002620858621,-0.0004360113741,-0.001496155947,-0.0008475829092,0.0001307676849,-0.000231549943,-0.0008196973902,-0.01153650607,0.0006744062488
2004-09-30,0.0007317112324,0.004467792501,0.003696469138,-0.002536754272,0.001590754352,0.0001837642215,-0.00463859132,0.002474270333,-0.003358212237,0.002757261708,0.005157541726,0.003303675335,0.002405194946,0.003502882495,0.006153740192,-0.00124334179,-0.002033626305,0.0002929553094,-0.001656491674,0.0006053218032,-0.002613530389,-3.415511205e-05,-0.0008141972039,-0.0004640685193,-0.000715152392,0.002107320014,0.00174395064,-0.0003956263503,0.001882724361,0.002069693291,0.002354316266,-0.001719550662,0.0003155852145,0.004722612417,0.003325459396,-0.002220944886,0.003340689394,0.005044381455,-0.001561779389,-0.00277655728,-0.006223621634,0.002305121689,-0.00273622987,-0.0003834326172,0.002429952953,0.0005558065439,0.001591431744,-0.003338316251,0.01053347289,0.003511888963,0.002698682462,-0.003735322856,0.001874531707,-0.002981654446,-0.004563019518,-0.001352335461,0.004922885161,0.005568632206,0.00555140145,0.007224391969,0.001042242462,-0.001023534775,0.0002635721577,0.004358473976,0.004070291483,0.005611672184,0.001242233408,0.005500183004,-0.001253275209,0.0009878549646,8.344562214e-05,0.007252486481,0.007014369775,0.007632678588,-0.00135429184,0.00399148693,0.004432188411,0.004973926204,0.01037216615,0.002231251862,0.002620559536,-0.001469082805,-0.0002745977553,0.0009781733248,0.008395066537,0.008783333695,-0.000846101066,-0.002325253153,0.004358473976,-0.0006158369062,0.0005403837775,0.004974152818,0.002035879632,0.002623096434,-0.0006928186646,0.001372484218,0.0003258508578,-0.0008890345584,-0.004638439971,0.01037894668,-0.0002253942922,0.004108881648,-0.003848374022,0.0005383324132,0.00613165311,0.007029988588,0.003816717404,0.00902859706
2004-10-31,-2.521271223e-05,-0.002348453002,-0.001091680567,-0.0009148747521,0.006227007431,0.008053976732,-0.0005435566006,-0.008384582454,-0.003905565065,0.005809378952,0.0009509514913,0.006607121666,0.002660684075,0.001706208755,0.004330656959,0.01021063175,0.005173658041,0.003625433408,-0.005391859552,0.001462657039,-0.005824562042,0.002308362221,-0.001590864666,-0.0006604472761,-0.0009785870533,8.811103172e-05,0.007314371652,0.008189868985,0.004873775177,0.002614761165,-0.001589657065,-0.00899559595,0.003633797414,0.001777074491,0.0002968646296,0.002606496983,0.002280421896,0.001538350966,0.001356123706,0.002077809671,0.001643998044,0.002345311911,0.005423639601,0.00325933072,-0.0001071137601,0.002705354374,-0.007996453786,-0.003498227641,0.002542432245,-0.005481950444,-0.005859381374,-0.0007333489803,0.004006881419,-0.0007750398573,0.003384601987,-0.001373025657,9.286307199e-05,0.0008130277384,0.001597890051,0.002545703266,-0.005634084292,0.003523797788,-0.002600875784,0.0005988261472,0.004192425244,0.0006975931696,-0.001609953516,0.0003601374732,-0.0009373945528,-0.003105688346,0.001037829291,0.0003409649853,0.002048646573,-0.0003519880427,-0.004682516809,0.0009748755857,0.003975411363,0.005387009243,0.002598627175,-0.00509783907,-0.003892166299,0.003104893681,0.0001293314324,0.001880647348,-0.00229220988,-0.00367867271,0.001754734225,0.001107442803,0.0005988261472,-0.0004382049099,-0.0004700819043,0.001450136479,-0.002571092687,-0.002250872623,0.002692093588,0.001415451341,0.0007643156504,1.483053459e-05,0.008779374166,0.002692569384,-0.002857283647,-0.003031431881,-0.002356606692,-0.003593985819,0.0008124934059,0.001915991491,-0.002405352389,0.001255339736
2004-11-30,0.002229456503,0.005777654228,0.005236450007,0.003379990794,0.00262333698,-0.0005810330492,-0.0007082538525,0.004152128655,-0.001514789172,0.004296803169,0.004615894521,-0.003410952499,0.00388963661,0.005141843931,0.005585019692,-0.003789674101,-0.003063759347,-0.004434369933,-0.0007499178411,-0.003648442812,-0.0003773631232,-0.004037983714,-0.004117551424,-0.004533581541,-0.003453145636,0.001419078811,-0.001863088036,-0.002399648199,-0.003313177423,0.002684721246,0.00355241972,0.002186058294,-0.006530640333,0.005910377283,0.004946005276,9.032270317e-05,0.004170679258,0.000882851074,0.001039008633,0.002383655904,-0.007856126378,0.0006426547025,-0.006069416342,-0.002642622951,0.001195445579,0.0003164826008,0.004728827918,-0.001313610118,0.0108126226,0.008036102818,0.00662055598,0.0007743096055,0.001010290267,-0.003991389897,-0.001887362645,-0.001874316076,0.006395855902,0.006633649747,0.006034415557,0.008665852331,0.002480146596,-0.001876902482,-0.001108750456,0.006194823281,0.001443930722,0.003109365747,0.002800975364,0.0002493313096,-0.0008567526389,0.002389902809,0.0006250976911,0.009431315327,0.008800588488,0.009999246094,0.00679277745,0.00292885386,0.002723205595,0.002241315389,0.01086766434,0.004176465198,0.0006450139098,0.0005261570364,-4.459070999e-05,0.0001506061364,0.005436159385,0.003863048331,-0.0004549562428,-0.002522880876,0.006194823281,-0.001696279698,-0.002102832361,0.007818220177,0.00699810435,0.006993990497,-0.001132548213,0.001503677971,0.005466012453,5.725910086e-05,-0.002438980324,0.01088058226,0.003723605595,0.00939661734,-0.001753678235,0.00294936046,0.009345325906,0.007638527935,0.006361131573,0.01284812152
2004-12-31,-0.004177962255,-0.004168957187,-0.002745380723,0.006126895058,0.001661299992,0.001168240738,0.001937300447,-0.001498977084,0.003363576692,0.005574770231,0.003014928934,-0.003094900789,0.003807451753,0.004413154085,0.003792391035,-0.002741759822,-0.001105942678,-0.00395676588,-0.002253946256,-0.003812335531,0.0003661695131,-0.00182062338,-0.002502900165,-0.002633021864,-0.001734593498,-0.004082153253,-0.001035761795,-0.0003001635142,-0.001172761264,-0.001532906803,0.0007396666815,-0.0004355024685,-0.0003548954707,0.004332048556,0.004433883774,0.005997688933,0.004906753929,0.003100966263,0.001374383645,0.002371609379,0.006259149712,0.002767686755,0.005858429668,0.00834874152,-0.0001779618365,-0.002722732525,0.001908312486,0.0008531086209,0.00500849779,0.00319154814,0.004457740603,0.005137663151,0.004233346448,0.002016610842,0.003896319034,-5.235038761e-05,-0.001598891845,-0.001293835583,0.001636414161,0.003812639404,0.004745599173,0.001575650089,0.003810721116,-0.001751968959,0.001997102868,0.00184769612,-0.00102080002,-0.001615921715,0.0005857918641,0.0004493987559,-0.001215213722,0.001690000549,0.003367361185,0.00148678016,-0.007982935046,0.002279946719,-0.0003839353932,0.0002923308663,0.005028433368,0.00346544854,0.0011257062,0.002518729214,0.003545237326,0.002146069045,-0.005667694735,-0.007863063441,0.003705642546,0.003314683759,-0.001751968959,0.001367301801,0.0002400074047,0.001320601796,-0.001619739854,-0.002506956311,-0.0002954087446,-0.0005112010511,0.001883484596,0.001349881712,0.008213627692,0.004974756529,0.0007536703781,0.003650366325,-0.0005772793577,0.0006562991973,0.002356418088,0.004450575311,-0.00725920005,0.006221833432
2005-01-31,0.00473994116,0.008346093981,0.007180174039,-0.004342468535,0.003356144207,0.005154129628,-0.004300555311,-0.009026757418,-0.001022257969,0.001622228401,-0.0009912515752,-0.001853351019,0.002897654958,0.00190159159,0.0008448362453,0.004618160712,0.005041743721,0.001927931861,-0.001949968427,-0.003505579086,-0.01018337627,0.0006342853045,0.001067247208,0.003057157477,-0.000689931743,-0.002717342634,0.008763758201,0.007798119914,0.008857427029,0.001196140136,-0.000706213317,-0.008090327305,0.00510627046,0.001053315378,0.0006384244387,-0.0001060564272,0.002086982884,-0.001321128438,-0.001138021571,-0.001233368809,0.006596010024,-0.0009924833826,0.005278393447,0.002703388501,-0.00412693373,0.008596408946,-0.010302986,-0.00911042685,0.01253936319,-0.01069167582,-0.01047021996,-0.006318352299,0.008282205764,0.001175535595,-0.005949453361,7.202633558e-05,0.009041047388,0.008609316206,0.01250204436,0.002904702506,0.0093681135,0.008762004493,0.01192937933,0.006545656472,0.0008997391014,0.0007805826976,0.0005844098462,0.005196535354,0.003570662031,0.007504979249,3.056271633e-05,0.00459066398,0.004389141222,0.004200973363,0.000679984645,0.0009813264753,0.001548569775,0.006537517574,0.01280880292,0.0119099949,0.00134316394,0.01043475408,0.01590133965,0.01217176495,0.01021569954,0.00795606958,0.002635853972,-0.003890689516,0.006545656472,-0.0007059908407,0.0009096924076,0.006171374741,-0.004207473678,-0.004018363411,0.001544719918,0.001393548754,0.002710731648,0.002564183352,0.004090286155,0.01237009097,-0.00199338548,0.001238835393,-0.007198379021,-0.00521415832,0.00220709515,0.0005615610803,0.004466663646,0.002371873096
2005-02-28,-0.0005944301004,0.005397951315,0.004406118643,0.00263743824,0.0008896283996,0.0005361730605,-0.001418485605,-0.001919255193,-0.001057151053,5.246677047e-05,0.004338027373,0.004018400827,-0.002578497708,0.005376631787,0.006121719388,-0.0003315267219,-0.002090021182,0.001612568569,-0.001008295689,0.003025865811,-0.0006658045024,0.001472803334,-0.000508354936,0.0004105710777,0.002412970851,0.002507594342,0.0002794198022,0.0008316067532,-0.001099118501,0.005781153823,0.003938910465,-0.000258552908,-0.0009597904308,0.005913749889,0.005612448968,0.001570031434,0.004738913636,-2.857623151e-05,0.002180404728,0.001658807426,-0.003933439701,0.0003708486727,-0.003702884481,-0.0008241333472,-0.004628224353,-0.001535134113,-0.0002805933894,-0.00266988994,0.01097962167,0.006183717206,0.00459235638,0.001173974515,0.00200431077,-0.004470244565,-0.002918246266,0.0008162171612,0.006897832962,0.008094602495,0.007739224622,0.006189569126,0.005438675096,0.001275518355,0.001500407127,0.007996258495,0.00344526381,0.003990392545,0.002455135459,0.0006698005704,0.002223116916,0.00249216831,-6.636350628e-05,0.007166757355,0.006824112673,0.008298616692,0.005938191976,0.003057634124,0.001473308777,0.003769505622,0.01095345562,0.003851897967,0.00255735005,0.00487633807,0.000946286185,0.002093573497,0.006469383136,0.00675304666,-0.0001025758892,-0.001467131072,0.007996258495,0.002086280057,0.003113676361,0.007021456685,0.006438649767,0.006691462077,0.00203503757,-1.458514029e-05,0.004680386606,0.004269325623,-0.005614120302,0.01086329455,0.00144777845,0.007932781707,-0.002034472152,0.003305729502,0.006545002056,0.00647520954,0.00745919283,0.01100931665
2005-03-31,0.004112079775,-0.005672516543,-0.002091261796,-0.02162840751,0.00321905746,0.0102784159,-0.0118637617,-0.01997984772,-0.004322784769,0.003097260314,-0.02571850959,-0.001577685938,0.009594228086,-0.02294535686,-0.02036467018,0.02937177939,0.02749831765,0.011259029,-0.01558071712,-0.003194011964,-0.01430791807,0.001597306008,0.003222058733,0.01015438638,-0.001062808511,-0.003554182568,0.01445257927,0.01968061015,0.0186526189,0.0007746662651,-0.01748897727,-0.02334744613,0.02113462166,-0.02547161674,-0.02313024941,-0.005376677767,-0.02208556172,-0.004278529614,-0.004214442534,-0.007864017031,0.01940954165,-0.001544718771,0.01432170496,-0.006815639236,0.006317357744,-0.002711914621,-0.03232982009,-0.00397021906,-0.02583213916,-0.05549643811,-0.05118890935,-0.01312432223,-0.007765302081,0.02267855813,0.002280208881,0.00264649419,-0.0184849163,-0.01696991177,-0.01398457046,-0.01863915658,0.009934290519,0.01582285912,0.01616774328,-0.0115169352,-0.004592271449,-0.005815405659,-0.008017954667,0.0149861326,0.02527445293,0.02403600262,0.0004769550813,-0.01894828974,-0.01747130424,-0.02284885966,-0.02337170313,-0.01766568354,-0.01173089184,-0.009805286353,-0.02585791477,0.007801738684,0.004362551958,0.02695456154,0.02205539329,0.0246053574,-0.00363863227,0.002441977333,0.003521528255,0.001353583301,-0.0115169352,-0.001351288728,-0.001658814359,-0.01855436859,-0.02686635456,-0.02864947019,-0.01293884476,-0.002802461955,-0.003534776236,-0.01908680811,0.02312825453,-0.02588249471,0.003774319417,-0.02719639194,0.001092278454,-0.02091824654,-0.02543360961,-0.02136966804,-0.02166656534,-0.05074943688
2005-04-30,-0.007398653155,-0.01022239041,-0.006163728208,-0.02231506737,0.013861715,0.0201088859,-0.01499571702,-0.0229519305,-0.01183516146,-0.001943670673,-0.02123321599,0.009709492977,0.01138359993,-0.01617366208,-0.01217601893,0.03245112085,0.03563579978,0.01256480884,-0.02073260675,-0.007927040523,-0.01156824905,-0.0001934287348,0.001663119678,0.01580292302,0.008873179589,0.01105467852,0.01657214689,0.02085937909,0.01703433067,0.005578767166,-0.01953656309,-0.00844263399,0.0163634053,-0.0181653559,-0.0191371965,-0.004691421311,-0.01473843457,-0.004188735844,0.0002385776217,-0.0005074039292,0.006630630163,0.01016276538,0.01124296445,-0.00481994956,0.0104640132,0.003283677392,-0.04515252209,-0.03019881891,-0.007349927986,-0.05014952835,-0.04853285714,-0.01420812697,-0.02128253761,0.01935009414,-0.006698731092,0.008228290457,-0.01692868879,-0.02012075988,-0.02554200419,-0.01829013192,0.003661773928,0.01618682689,0.01726578138,-0.01025743873,-0.001511121181,-0.0008642670855,-0.009975687082,0.008961516952,0.00582201317,0.02404953121,0.001259762598,-0.01582420751,-0.01366742107,-0.01926373021,-0.02647650421,-0.01526169163,-0.01068074933,0.00345681194,-0.006553451498,0.007094051401,-0.005177204498,0.01955463907,0.01723848243,0.01877272701,-0.002691325403,0.00832239878,-8.176719785e-05,-0.007190962501,-0.01025743873,-0.0005906282955,0.009369025651,-0.02737253766,-0.02254236124,-0.03139144893,0.03492552449,-0.001477524068,-0.009733091308,-0.009433380926,0.02084238328,-0.007609129013,0.003330594964,-0.008468722365,-0.004839413465,-0.02010094793,-0.02622115076,-0.01489693998,-0.02671702891,-0.0483171301
2005-05-31,-0.0001792899845,-0.002566840697,-0.003129539918,0.001563254853,-0.001990622392,-0.002925073641,0.002253493303,-0.007197622808,-0.0008286478929,0.003471022198,0.002690136727,-0.003519059169,-0.0006902759761,0.002705367698,0.003159495115,0.001186518606,-0.003452591521,-3.587380194e-06,-0.0008713053953,0.004320485706,9.83865034e-05,-0.001541035403,-0.0001884195481,-0.003809506894,-0.00427790776,-0.004962264941,0.002339407058,0.002502681698,0.0002554270646,-0.001777443301,0.001390842239,-0.00340547356,0.0006735618466,0.002877385723,0.0003999568488,0.005063529619,0.002627713976,0.004318244301,-0.0008968957568,-0.00062349449,0.002864343606,-0.000334041486,0.004626402816,0.004675802407,-0.006014470315,0.003146532489,0.004460611731,-0.001987015337,-0.0005720522596,0.0008206265061,-0.0003397245432,0.001197883992,0.003831154018,-0.0004105773119,0.00245470822,0.000618975759,-0.00249968879,-0.000698606995,0.0009403840415,0.0009645264207,0.0045079245,-0.0004387797732,0.001233131767,-0.00468188731,-0.000734938682,-0.0003190806964,-0.0003812803711,-0.003750747165,-0.003168100139,-0.004576854825,-0.001306511052,0.000548284589,0.0005628958552,-0.0002463841551,-0.005879306925,0.001676936566,0.002288541321,0.002155762395,-0.0006031247169,0.0007233369501,0.003294999684,-0.006128646986,-0.0005829655785,-0.0007161107966,-0.002455621164,-0.003013283988,0.00130985955,0.0004130340027,-0.00468188731,-0.001706480936,-0.000592143707,-0.001276266187,-0.003768254623,-0.004858540707,-0.002040875472,-0.00325481383,-0.00382046351,-0.003025724156,0.007359568463,-0.0009547832886,-0.001674101978,-0.001873784096,0.000215963464,-0.0006792852812,0.0005847730559,0.001739850337,-0.002889838688,0.0009793596959
2005-06-30,9.756651582e-05,0.0001472311428,0.0002096247772,-0.0003864045809,-0.001878717273,-0.00148852817,0.001468936458,0.0001174306914,0.004809716706,-0.00276628571,-0.001301059693,-0.003478754658,-0.00551428754,0.0007872198758,-0.001030620425,0.001841020064,-0.0009593732063,-0.002868133143,0.002504702021,-0.0007149840404,0.0009656614264,-0.002938660422,0.000491497275,-0.001717748993,-0.003039294279,0.0009515670504,-0.00122595263,0.0009819348966,0.002810743198,-0.001598675164,0.002843519407,-0.003131113062,-0.002375949421,-2.909598835e-05,0.001849037976,0.0003406455334,0.0007998059607,-0.00282848334,-0.0009538807456,-6.701456084e-05,-0.0004065553303,-0.003556561635,0.0003764989558,-0.0001407228621,0.0007047077746,0.001437436981,0.004809563844,-0.001001614012,0.001723300328,0.004691621756,0.002642242859,-0.001710068863,0.0001107088639,-0.002750521238,-0.001697183789,-0.0001890986445,0.002010995477,0.002030270314,0.0013551432,0.001309982242,0.002529995504,-0.003027771437,-0.001148617998,0.001641192096,0.0002563500271,0.0005129858828,0.001676627704,0.001732640666,-0.0003351400075,-0.0004193549638,-0.00115849176,0.002246519921,0.002213284787,0.003556570418,1.989220684e-05,0.00409843223,0.001879233853,0.001612546496,0.001804384873,0.001576701421,0.002325395206,-0.002627282793,-0.0001664632473,-7.336206792e-05,0.001453406308,0.00459070413,0.0001439320691,-0.001734148245,0.001641192096,-0.001050200659,-0.001001317513,0.001279373387,0.0001985671251,-0.0007354421561,-0.003394977402,-0.0006604958363,0.0009005698879,0.0008700484636,0.00212662385,0.001557757154,-0.0002921678336,0.001824366212,-0.001414883778,-0.000747167482,0.002172382609,0.0005179175222,0.0002741002293,0.003154741191
2005-07-31,0.001396613168,0.006941350291,0.006960051643,0.00439872402,0.001937578729,0.0009125026263,0.0001413368345,-0.0004616074367,-0.0006852488754,-0.002536365416,0.009006690452,0.002510251342,-0.0002926673021,0.009277548532,0.008735943655,-0.004045420754,-0.002373297978,-0.002730318884,0.002098369248,7.28200311e-05,-0.0007994792991,0.0002362246349,-0.003775710569,-0.003076338066,-0.001910095002,-0.0001101656323,-0.001354069694,-0.0002699101029,-0.001991833668,0.005072129292,0.008222600607,0.002906885607,-0.00155028206,0.009210031814,0.008507703273,-0.0009335493604,0.008204402775,0.002738486067,-0.0002810351221,0.001187666548,-0.006533388159,0.003840785413,-0.006244593174,-0.0006961205245,-0.00511089707,-0.001139959737,0.009998510688,-0.003755241051,0.01286018725,0.01642127734,0.01320842965,0.0009870004444,0.005032618119,-0.006873220716,-0.002567320974,-0.0002119466548,0.008513574433,0.009776389985,0.009093959712,0.01076885351,0.003144937302,-0.00283114072,0.00277464906,0.005452532462,0.003629290449,0.00489113562,0.001360419722,0.0008128944832,0.002143567668,-0.002841610987,-0.001216913831,0.008868040193,0.009509080669,0.01035799938,0.006280519868,0.01005149952,0.006176090805,0.004113164792,0.01279748538,0.0006766976156,0.004945877979,-0.004702684492,-0.002869041603,-4.593027047e-05,0.005476316296,0.002784455246,-0.0009647621263,-0.002354835911,0.005452532462,-0.002229399472,0.0003761729641,0.008870838986,0.007471011644,0.007937430075,0.001029426028,-0.002303895948,-0.006150359936,-0.006457380439,-0.008936201164,0.01289739426,0.007175036027,0.0137292499,-0.000982711762,0.006192446437,0.01423028133,0.009871994671,0.01006999363,0.01758291253
2005-08-31,-0.002711383295,-0.007673325043,-0.006694903259,-0.001125742233,-0.001606803565,0.0003457767533,0.001842088105,-0.001810244503,0.004097359334,0.0004507189052,-0.005299463733,0.003005327067,-0.001222733126,-0.006190365913,-0.004148003585,-0.000721408425,0.001814691106,-0.004189373398,0.0001188951836,-0.003380330205,-0.00112972718,0.0008289225068,0.003447757709,0.001793074697,0.0002817916725,0.0002834215304,0.002111291348,0.001496032145,0.004709544882,-0.001052759707,-0.004842983,-0.00560088892,-0.0005402928322,-0.005731535818,-0.004989880229,0.003422776584,-0.004790300923,-0.001609282481,0.0008342562533,-9.268669426e-06,0.00573735078,0.0006468747415,0.00557102047,0.001373218994,-0.003471452589,0.0001851159121,0.003696003285,0.002885262759,-0.008770239031,-0.009105728123,-0.007314723535,0.0006367446276,0.0006278867886,0.0003304573354,0.00250439686,-0.00154024096,-0.00663157181,-0.006705089236,-0.003812306615,-0.008281437491,0.001101991799,0.002339552076,-0.001407794466,-0.006274738776,-0.001702714484,-0.001474690756,-0.001962011582,-0.002357291142,-0.0005039070552,0.0001578933594,-0.002809988478,-0.008444419924,-0.008971590441,-0.009265850703,-0.004410733,-0.004933497485,-0.004279395982,-0.003254304965,-0.008792567435,-0.004163769501,-0.002799032449,0.001218686744,-0.001702500342,-0.004147930615,-0.006451282117,-0.006662158021,0.0009065312299,0.002899958992,-0.006274738776,-0.003116695047,-0.001668671744,-0.004923597771,-0.006945891567,-0.007931488549,-0.004528785318,-0.005123592887,-0.007002729501,-0.004993933467,0.009138551231,-0.008550104223,-0.002512820356,-0.00631145633,0.002260094513,-0.0007986031458,-0.01074042384,-0.0073276663,-0.007851443225,-0.008995156767
2005-09-30,0.001441472863,0.0021800969,-0.0005638063616,-0.0009314607701,-0.005823456622,-0.006601605363,0.0006332960197,0.002719060729,-0.002215650752,-0.0004457881298,-0.0007909790046,-0.005969383172,0.001143129857,-0.002770755535,-0.001071783745,-0.01102442558,-0.00419565112,-0.01080804691,-0.001866812347,-0.007209119829,0.002967577518,-0.0007873914598,-0.001855079817,0.0002549850162,-0.0002316175262,-0.0004113395886,0.00122494152,-0.000203581421,0.003034224374,-0.0002374972663,0.000134241152,-0.0009689246388,-0.004631368359,-0.002258531266,-0.0007830143119,-0.003540577634,-0.003424409315,-0.002724843049,0.003984471884,0.00387467912,-0.005691143978,-0.004289820359,-0.004438559076,-0.008359671074,-0.008109816319,-0.005627702293,0.002729350993,0.003792509445,-0.008866118184,-0.004252909249,-0.002663573538,-0.0008050075021,-0.006050824404,0.003705701133,-0.002260728863,0.0005110248063,-0.0005300218362,-0.0005790390377,-0.003436347278,-0.0002618577508,2.415082596e-05,-0.0008702123512,0.004884728209,-0.001777514571,-0.0005770115819,-0.002590443985,-0.001751785641,-0.001197239074,-0.0005666479808,0.0001944397744,0.0009182987701,-0.0009264716162,-0.001262986329,-0.001905403528,0.007962784543,-0.005919600101,-0.004224901723,-0.004441828365,-0.008961542667,-0.004908858584,-0.00784771023,-0.003266093412,0.001638538486,-0.005803363278,0.001042929939,0.003919644206,-0.001678246345,-0.001658826882,-0.001777514571,0.0005776883356,-0.0003103294286,-0.004557398953,-4.716860978e-05,-0.0001082482062,0.002628970673,-0.005554893885,-0.003239514804,-0.00377400034,-0.01482427648,-0.008904350239,-0.001170729185,-0.004978996457,0.001774388911,0.0004761402806,-0.001743428629,-0.002507695616,0.006063871331,-0.005593195618
2005-10-31,-1.057893523e-05,-0.002223198494,-0.002109815904,-0.0009278083943,0.0004559306554,0.001159659035,0.003816047949,0.001443877327,9.856339138e-05,0.001472598451,-0.003877931861,-5.144466888e-05,-0.004668738038,-0.00636535622,-0.004953431677,-0.005370370605,-0.004426093723,-0.004246108995,0.0008415745494,-0.003065769463,0.001932232454,0.002398504725,0.0006793937509,0.002843052844,0.004235239241,-0.00376324779,0.0008173696895,-0.001395610029,0.001214009375,-0.001318416836,-0.001534030508,-0.001446873384,-0.005001010719,-0.006293586409,-0.005637613244,5.820369928e-05,-0.006367504421,-0.00202878262,0.0009868375291,0.0005832610252,-0.0009183195759,-0.002574609281,-0.001855449241,-0.004954742099,-0.004675788949,-0.0050978666,0.002656522932,0.003250363825,-0.01118648827,-0.009509444963,-0.007330275475,0.0004186274745,-0.004601088045,0.00251333691,-0.0004723565016,-0.001791963179,-0.003570678948,-0.003617260356,-0.004167775799,-0.004141263833,-0.002337454835,-0.00107972341,0.0001103900925,-0.003251972326,-0.004223005849,-0.003840160577,-0.0017078064,-0.00501598847,0.0003392385779,-0.004081898317,-0.002189542649,-0.003321123944,-0.004689402337,-0.004208833319,0.005766682721,-0.007581845686,-0.006021869685,-0.005230940204,-0.01137440347,-0.008119649359,-0.008963387657,-0.003450728219,-0.005763072048,-0.004929818552,-0.002559101398,-0.003375115879,0.001374360287,0.001453442639,-0.003251972326,0.001178922825,0.001638282212,-0.005285626753,-0.002052764791,-0.001120617841,0.007140682716,-0.006092427293,-0.00798586228,-0.005137459602,-0.003173565979,-0.01146586873,-0.004337366767,-0.008767573819,0.001035748062,-0.003429841863,-0.003032330602,-0.004267710238,0.0009635792094,-0.01069878441
2005-11-30,-0.0007911850463,0.001374427413,0.000373418022,0.002551925806,0.00203292986,0.0006195008107,-0.0005283321037,-0.01054851463,-0.00137989758,-0.003394378469,0.001198139142,-0.008318841287,-0.002025237631,0.003722724803,0.001895851691,-0.008303097662,-0.008005784524,-0.0002912732056,-0.001187844382,0.003028316831,0.001199728373,-0.0039820903,-0.003785848843,-0.003749991994,-0.004764604945,0.0001217966287,2.871546672e-05,-0.0006379481374,0.002025718584,0.0004514319259,0.0002816368599,-0.007441834943,0.004501715789,0.002819165677,0.00225507716,0.002473231263,0.003569518166,0.0006563861569,0.001059259629,0.0008971708299,0.008175031309,-0.006335972791,0.006065628623,0.007861242708,-0.01262280261,-0.000961981793,0.005699723544,-0.001275718346,0.005315355672,0.00545618942,0.005322919904,0.0006086682842,0.002881072381,-0.003314720251,-0.0001083826112,0.0002150223939,0.001917454187,0.00224306463,0.004005114268,0.00188427532,0.004306242424,-0.001151288118,0.0009571807995,-0.0004993532126,0.001784953005,0.001643600366,0.0005783375224,0.003174027681,-0.0003690043355,0.0002102792313,-0.0003069560988,0.0007983214075,0.001416550446,0.001970506708,-0.001579089415,0.004453100868,0.003580420682,0.003611803727,0.005340362448,0.002159908393,0.004859758811,-0.004149783302,-5.780970885e-05,-0.0008350361185,0.001482141762,-0.0007883612106,0.0009595036226,6.875783319e-05,-0.0004993532126,-0.0001437294924,-0.001129040118,0.002025940071,-6.77378848e-05,-0.001190894912,-0.004583597438,-0.002263037517,-0.00287663684,-0.001600592458,0.006685580108,0.005375728005,0.003339406357,0.004839494056,-0.0004864453658,0.002262822477,0.001482655209,0.0007260390204,0.001289951827,0.005750081497
2005-12-31,-0.005095297969,-0.001274154328,-0.001509350769,0.001334462524,0.003569461465,0.002207688273,-0.003885480133,-0.01266009136,-0.001686831105,-0.006499960325,-0.0008747102528,-0.0003222946847,-0.00298019138,0.002049568677,0.002272035952,-0.0002045008088,-0.006263752107,0.004111026989,-0.002075393656,0.004088415304,0.002602783181,-0.0002740379756,-0.0002216728564,0.0009764788678,-0.001387888881,0.001176047602,0.001048591219,-0.0006454287309,0.001419381049,-0.0005292673004,0.000663950804,-0.006684001084,0.006332913217,0.002286980363,0.001849430345,0.00245862198,0.003284792115,-0.0002704012374,-0.001004638753,-0.002382777113,0.01007188387,-0.0002625849833,0.006503073318,0.006512442318,-0.01011467804,0.001474509324,0.002563347645,0.0006478193532,0.006201821746,0.001795592616,0.002039578276,0.001877233924,-0.0006557168936,-0.000259706756,0.0007181564004,6.564759974e-05,0.002218729182,0.002763215966,0.002488369007,0.00264420025,0.004563420398,-0.005291619757,-0.002409713984,0.002605530436,0.0002888080909,-0.001467926738,-8.182956144e-05,0.0007095865852,-0.0007549918477,4.783330535e-05,-0.003495728196,0.001247764925,0.001813763012,0.002010016335,-0.00728275013,0.00319415239,-0.001172550063,0.0007191464813,0.005824596801,0.001961372229,0.002089444322,-0.005250981447,-0.00353036465,-0.004592791055,-0.0007503859412,-0.003599779809,0.001638386467,-0.0003564580897,0.002605530436,-0.0001918997893,-0.0007339286851,0.002816755189,-0.0060058776,-0.004862676347,0.002614805593,-0.005044169429,-0.004815745189,-0.004311137449,0.009003895829,0.005791963692,-0.0003304531556,0.002264458231,-2.557676815e-05,0.0008947381737,0.0006147510026,0.0007241357418,-0.005494478212,0.00214749425
2006-01-31,0.003890697857,0.003166041365,0.003315887946,-0.001059986531,-0.002060922343,-0.002046000316,0.007781984658,-0.01146111943,-0.002342671044,0.001363940151,0.004311050763,0.007065887133,0.001524862263,0.0006373802362,0.001919932301,0.008578685022,-0.00120603477,0.007052336754,0.002031401832,0.007901665075,-0.00314174987,0.002871314999,0.00222556929,0.004431475136,0.005382013512,-0.000107963832,0.001984634417,-0.0003718942544,0.001987991984,-0.00156015524,-0.001375020284,-0.004027724715,-0.007488628394,0.001375284986,0.001880564566,0.00198805017,-9.893269035e-05,2.316362782e-05,-0.0005764960066,0.0001690560915,-0.008651333587,0.003218890575,-0.008440377535,-0.004838893183,-0.004906688547,-0.0004787700089,0.007910913942,-0.0006553166961,-0.004069641133,0.002848566248,7.522227063e-05,6.78327081e-05,-0.0001720587791,0.0003647719281,-0.0002416366508,-0.001014183292,-0.0007588840714,-0.0008601293119,0.0003377493265,0.001653315253,0.003962150073,0.002869323748,0.003324971642,0.0005176464904,0.001441063255,0.001245704605,0.001927831789,0.000389817866,-0.0001853254484,-0.0007036957042,0.002036729293,0.0008631159584,0.001031285207,0.00155877785,0.006516660465,0.0004061394236,0.001506312921,0.0009959618526,-0.004299076362,-0.000784392199,-0.002009311787,0.0003317580493,0.000972010206,0.0005476230918,0.0002621851737,0.001852540944,-0.000187493315,0.0002043298,0.0005176464904,-0.00243963755,-0.002022438486,-0.001290832223,0.003528979197,0.003145013918,-0.003665366314,-0.005640010052,-0.004987115031,-0.006007142206,-0.009864909304,-0.003883620462,0.0003396239667,2.840605175e-05,-0.0005047665261,-0.001720030208,0.002554802227,0.001515611988,0.005373998196,0.002246997301
2006-02-28,0.0002089021346,0.002023490445,0.002088407744,0.003989841649,0.002524478945,0.003005957696,-0.001962399177,-0.007701514803,-0.002667129726,-0.005224534032,0.005864307186,-0.001886201104,-0.002439569951,0.008282695467,0.005321960528,0.003051637718,-0.0005525789478,-0.0004067302978,-0.0003480341885,0.0003690229293,-0.001742137139,-0.00371324056,-0.003562570812,-0.004779998697,-0.005628663937,0.003698366214,-0.001937601583,-0.001626983933,-0.0002163126343,0.003948696314,0.001795808098,-0.00498463326,0.003479209375,0.008566923781,0.007188413282,0.001081236554,0.008236540924,0.002264958639,-0.001300193011,-0.0008886672594,0.003075698021,0.001130722199,0.003729730116,0.00685301029,-0.003502646523,0.001663006409,0.005971425727,-0.0005041510178,0.01178374708,0.01016385298,0.01000412606,0.002363365284,0.002228554296,-0.0006313365946,-0.001703987561,0.0006260621905,0.005398012273,0.005413829655,0.004825655275,0.007481788214,0.002855270524,0.002524499946,0.0005133946533,0.003160029758,0.0006042743749,0.001694165209,0.001601048827,-0.0009896714334,-0.0001747099104,0.0008535866356,-0.0006405697554,0.006608904273,0.005149277828,0.007362098107,0.003285492347,0.004119621066,0.005588273577,0.004260971673,0.01175079214,0.0001020632537,-0.001254129962,0.002838294162,-0.001214008366,0.0003343745055,0.0009116363983,0.0003341896793,0.0001393757964,-0.002165164793,0.003160029758,-0.002200174447,-0.001473254378,0.005651828717,0.003439782847,0.004443609503,-0.001797456227,-0.003460608033,-0.003626778393,-0.005373347115,0.001718880693,0.01169468267,0.006743048024,0.01051486765,0.000248018047,0.006610752437,0.00611510326,0.008029354473,0.00202844366,0.01086563486
2006-03-31,0.001999743087,0.0008568223994,-0.001362116619,-0.0006740029382,-0.005612487313,-0.004876769033,0.005989039956,-0.005443408367,-0.004227945045,0.005642754922,-0.001288231737,0.0009498600703,-0.0005052949569,-0.008217938075,-0.001239579061,0.003299776214,0.0002659554192,0.004901993711,0.00271191329,0.00726685888,0.003118157195,0.006681431558,0.004361737235,0.007184337876,0.008078916108,-0.0005655942288,0.001841751379,0.0006662246167,0.001912828887,-0.004677195652,0.0002635698529,-0.001156884809,-0.01100740088,-0.006992413552,-0.007478849797,-0.001737344568,-0.009116017649,0.002754295558,0.001422997677,0.0010327675,-0.01304441856,0.003091205781,-0.01176043923,-0.01373451245,-0.002159268502,0.002537839727,0.005274750327,0.002573301599,-0.01182728928,-0.004077938502,-0.002561160333,0.0004835134364,-0.004781285613,0.0007494690771,-0.0008344534981,-0.001648079515,-0.003241539262,-0.003025795503,-0.006124704521,-0.001932660098,0.003568340127,0.001376385047,0.007464031476,-0.002579482189,-0.001583490197,-0.00147957778,9.532630016e-05,-0.0003529013488,0.002251157928,0.001042786813,0.0003521962689,-0.001615705348,-0.001385020731,-0.001324681208,0.006977683751,-0.006484908926,-0.007621065108,-0.005547015147,-0.01194467308,0.002011398136,-0.001959286354,-0.0008119945989,0.006425394281,0.0004312383689,0.0004304133716,0.002089270687,-0.0008235189687,-0.001076628562,-0.002579482189,-0.00471712974,-0.005193074924,-0.003979949425,0.002564243718,0.004748691727,-0.006645522415,-0.002986224699,-0.007030280375,-0.003699364744,-0.01506649294,-0.01165153548,-0.001165419204,-0.006578746517,0.003108317909,-0.002283373146,-8.46771372e-05,-0.002217545748,0.002829608564,-0.002939412965
2006-04-30,-0.0009846927037,-0.005308760168,-0.004409093352,0.0007712716609,-0.0009637385945,-0.001467240463,0.001727616304,-0.005522812147,-6.592778877e-05,0.002258353212,0.0006772914951,0.003060344796,5.654486112e-06,-0.001901422405,0.0009109483909,0.001437404998,0.002662809223,0.003664527948,-0.0007451477591,0.002418901314,0.001146963849,0.002149795358,0.00204126393,0.001634578934,0.001547954842,0.00184522214,0.003689445473,0.001448391092,0.003399667419,-0.0003489409519,-0.001102126563,-0.003684680556,-0.003080566868,-0.001027599919,-0.001156200568,-7.898095064e-05,-0.001702410189,0.001315577967,-0.001930290501,-0.001361698378,-0.00185000857,0.002108040535,-0.001369423414,-0.00306164621,-2.864037715e-05,0.00208004396,0.004124300724,-0.0003030130023,-0.005953597522,0.0009164336085,0.0009099612364,0.002165335385,-0.003447931256,-0.0004209701816,0.002991756021,0.001505513662,-0.004609385861,-0.00465578193,-0.005126611988,-0.001926905431,-0.002287546317,-0.001576446286,-0.002155987597,-0.003514647942,0.0004954487246,0.0007104474197,-0.0005290396152,-0.001448755164,0.002031965067,0.003053077089,-0.0007605026551,-0.001991000436,-0.001925393777,-0.002486109102,-0.001252051956,-0.003581067692,-0.001721547577,-0.001122865218,-0.006023970672,-0.003408811452,-0.001752443956,0.0001342499694,-0.001747731433,-0.003154349641,-0.005376574368,-0.005663132719,-0.001374520615,0.001063106141,-0.003514647942,0.002296637614,0.00290136236,-0.003712093076,-0.004496186268,-0.003986188689,-0.001228057858,-0.003409151542,-0.003784344165,-0.004387458197,0.003785653525,-0.006192730522,0.001126356308,-0.001629222585,0.003981200954,0.001264947421,-0.001551206538,-0.003291756719,-0.004435961334,0.001252422321
2006-05-31,0.002436142384,0.003528247135,0.001399790452,-0.001307814055,-0.002829730425,-0.00211197093,0.003401122384,0.002898420532,-0.001607853269,0.003230381076,-0.0001429914459,0.003640359023,0.001810112595,-0.00489378477,-0.00071407758,0.004697536961,0.004403045584,0.001640030439,0.001060657911,0.003295508287,-0.001901193792,3.907969176e-05,0.002876159843,0.0002953634675,0.001872891497,0.00111266408,0.0009821193228,0.001571447656,-0.001044326947,-0.003027924364,0.003071030564,-0.002642353965,-0.00520216666,-0.004024791364,-0.00319713681,0.002520710516,-0.003930777502,-0.0009405997239,0.001105843158,0.002242800735,-0.005272054343,0.00404870091,-0.003198057574,-0.004592608642,0.003064490896,0.0005417770105,0.001716423494,-0.0005655032805,-0.005472145313,-0.00567598391,-0.00604055173,0.000256681783,-0.002429612422,-0.000702203924,-0.002717103212,0.001605870806,-0.001387727426,-0.0006376459309,-0.001443395776,-8.976642497e-06,0.006317174398,0.002152370919,0.00310377637,-0.001138240774,-0.003269436796,-0.002687071851,-0.003240284797,-0.004521196393,0.001054324661,-0.003078321537,-4.429501455e-05,-0.0004883156237,-0.001218331189,0.0002641282846,0.006362341359,-0.001911420272,-0.001041964703,-0.002504995482,-0.005533315119,0.002996325103,0.0007575044026,0.0009437324816,-0.001575319366,0.003762968771,0.002106169809,0.004216431997,-0.00135457298,-0.00193129045,-0.001138240774,0.0009328848742,0.001949707128,-0.00158765641,0.001025047196,0.001173841377,0.0002143214599,-0.00443113559,-0.003720341997,-0.005234748559,-0.006611857631,-0.004960904712,-0.004322650596,-0.005251906673,-0.004504859833,-0.004693131977,0.0009488463541,0.001119007399,0.002859355661,-0.006537904053
2006-06-30,0.003054606264,-0.003695870134,-0.004168914506,0.0008093774519,-0.001253546716,-0.0007015833585,0.000880293282,-0.003078056189,-0.0002878521523,0.001747278365,-0.002744494229,-0.000445124201,0.002616319072,-0.004876097099,-0.001557535497,-0.000275184177,-0.0009396562208,0.0007581258354,-0.001388161211,0.0006086040231,0.002271865122,0.001469180828,-0.003010987962,0.0002252245424,-0.0001981403692,-0.0008059075928,0.00140853734,-0.00183841234,0.002012652242,-0.001873506298,-0.00614457267,-0.003035542774,-0.001922613675,-0.006051503692,-0.00590136155,0.0009082158827,-0.004659856975,0.003428268734,-0.0004854189583,-0.001568013839,-0.0007735427176,0.000846112035,0.00232403244,-0.00149463678,-0.003409127223,-0.002512476881,0.0005575538489,-0.00474958919,-0.007049262493,-0.005691404515,-0.005649394525,0.002503688158,-0.001048337319,0.0003686289429,0.004871603479,-0.0005791334776,-0.005047713589,-0.00593938954,-0.005234463219,-0.005764093635,0.0002332237141,0.003226872566,0.001659439773,-0.004980891533,-0.0004242913514,-0.0008998948145,-0.001116586191,0.0008344325366,0.0007312296238,0.001452705849,0.0005482834787,-0.005025265177,-0.005240358586,-0.006361989418,-0.0008060441542,-0.003826456223,-0.002369906382,-0.0008022161116,-0.006931289487,-0.001618565759,-0.001731585695,0.001325032075,0.001077124196,-0.001218526468,-0.005754298296,-0.007183281188,-0.0004808044361,0.00333695377,-0.004980891533,0.001482939811,-0.0001851781346,-0.004465074683,-0.000545995166,-0.001870080624,-0.0002608894067,-0.005107400809,-0.002914560979,-0.005652067598,0.002679816269,-0.007433295255,3.95645095e-05,-0.003399894114,0.003717358314,-0.0001666793563,-0.006300962944,-0.008092885948,-0.002802590075,-0.005697540345
2006-07-31,-0.001690880634,0.001215488568,0.001568089709,0.0007511312457,0.00145515585,0.0006356066858,0.0006363329835,-0.004102083794,0.002645238215,-0.003838591712,0.001611602637,-0.001969286932,-0.000381319845,0.008529558383,0.001780895639,0.003013625836,0.008663564734,-0.0002709043934,0.0003797394454,-0.0001220676544,0.005650128487,-0.003518145806,-0.003205664547,-0.003127159676,-0.003618789394,0.002310481729,-0.0009363696669,-0.002077210084,0.002559903002,0.003148354365,0.003643628562,-0.01161401115,0.00441515836,0.007853542667,0.007108505702,0.002969842655,0.008921766664,0.0003142314933,-0.003135305977,-0.003508644376,0.004885770768,-0.0008399960519,0.004807761887,0.0080831012,-0.0004685341463,-0.001924756334,0.006422615717,0.00299144455,0.01072354154,0.008216792902,0.005946318111,-0.000906791337,0.006996463841,-0.005722818611,-0.001562284427,5.807302768e-05,0.004808755734,0.0056421856,0.007522568691,0.004928739057,-0.002006805864,-0.006917807735,-0.004740758667,0.002665988064,0.0015698438,0.001778003484,0.0004978767885,-0.0007061505977,-0.000983116641,-0.001643658906,-0.001366849869,0.004151785731,0.004429236849,0.005032627986,-0.003757497145,0.004781994065,0.005839668742,0.00281797915,0.01048992511,-0.004645996069,-0.001502663776,-0.0084276061,-0.005101568828,-0.004290937595,0.00440009492,0.003377621908,0.002134477548,-0.001016546721,0.002665988064,-0.001447735523,-0.00179293627,0.005719290904,0.001139761977,0.001261536505,-0.005195063714,-0.002482193878,-0.003286861187,0.0007241341002,0.002419772807,0.01070591176,0.003295787937,0.007227331466,6.357573543e-05,0.003836325903,0.00710841715,0.007157905497,0.00136490893,0.00838983778
2006-08-31,-0.00375988015,-0.0001791977015,0.0001151324303,0.001025508924,-0.002786110926,-0.002901123703,-0.000966137755,-0.0004215356271,-0.002115823351,-0.002606073566,0.0004349166031,-0.000967073621,-0.001357358843,0.001360712582,-0.002069424345,0.002764338993,0.006734510332,0.002774847189,-0.002191809799,7.89507141e-05,0.001716376018,-0.003823641176,-0.004383384325,-0.004693286822,-0.003625198313,0.0004416525982,-0.001003603229,-0.003400189908,0.0003950629404,0.0004272618825,-0.0003843316915,-0.006361782264,0.003013077248,0.002741955703,0.003655591728,0.0005149932298,0.002487379884,-0.001995642636,-0.001094395785,0.0002985222596,-0.0002929832842,-0.001593796803,0.0007877533724,0.001985899264,-0.0001292755138,-0.0001899086089,0.004094012613,0.005217534322,0.005502817408,0.003899284447,0.001965559113,-0.0007904986362,0.002163306251,-0.002730698888,-0.001056312009,-0.0002323165095,0.002269114777,0.002893429395,0.003258981901,0.005123196068,6.193873714e-05,-0.001574769071,-0.002091718478,0.004008917001,-0.001680611914,0.0004649551152,-0.0008797391316,-0.002087727242,-0.001348864708,-0.0008729700202,-0.002313689274,0.001117473903,0.002052637137,0.001069726083,-0.003197225449,-0.002374054737,-0.001513030215,-0.0009570602517,0.005598889704,-0.005457815964,-0.0001269996067,-0.004699073834,-0.007624208939,-0.006966127477,0.003196733841,0.003538772864,3.426498693e-05,-0.001337787765,0.004008917001,0.0004546327075,0.001622485473,0.003521888109,-0.001284255859,-0.001289572088,0.00419720912,-0.008253412205,-0.006139899949,-0.007789723747,0.003334306587,0.005949855199,-0.000259302379,0.001434864017,-0.001679003193,-0.0005143109788,0.004056048924,0.003784511027,-0.001114980808,0.0029861537
2006-09-30,0.001005101249,0.002435438945,0.00204597321,0.0005362028848,0.006672127594,0.005663192667,-0.00182702937,-1.2840665e-05,0.0004649577601,-0.004307735054,-0.0008743700367,-0.005173381365,-0.0006901107154,0.004062395404,0.0008094530902,-0.0009962369271,0.002576067571,-0.003912630417,0.002048012615,-0.003000371935,0.001132069062,-0.001241293335,-0.0006730739888,0.0002144451689,-0.0008767736812,0.0004762085506,-0.002377982284,-0.005418600257,0.002767955028,0.001850960974,0.000977355189,-0.004626584929,0.004010505402,0.004039643237,0.003200528317,-0.00351307591,0.004036034498,-0.001077061009,0.0001588967687,-0.001030123149,-0.0008049404665,-0.00284466039,-0.001109145346,0.003393105021,-0.002959779713,-0.002088384451,0.004751788212,-0.00157093692,0.008073946338,0.00389621416,0.004749446449,-0.001670056181,0.002155879248,0.001522254267,-0.003113363355,0.0005947339845,0.004740432023,0.004559708527,0.00284574396,0.00488199073,-0.001089916836,0.003622678791,-0.0007584617166,0.00419575306,0.001324003526,0.0007051886745,0.001896694008,-0.001255673748,0.001936317468,-0.0006247190377,-0.001449212189,0.003949623292,0.004335347412,0.003965297096,0.0009671814083,0.002133444807,0.002772327971,0.002245235009,0.008096283922,-0.002911381214,-0.001941708043,0.004057733546,-0.0001477642629,0.0004721980897,0.00328130248,0.003977801017,-0.0008007339573,-0.002147335683,0.00419575306,-0.0007672699509,0.0002493350364,0.003784552673,0.003818824256,0.003469007101,-0.001399615001,-0.003314408439,-0.00265661715,-0.002701225491,-0.001248618995,0.007932929156,0.005055425781,0.006978153447,-6.93539823e-05,0.002754196608,0.00499967738,0.005465930624,0.002885310197,0.004162088049
2006-10-31,-0.001579596794,-0.001487786535,-0.0005302285368,0.0004503136419,-0.0003524023834,-0.00111561996,-0.00279550823,-0.004895542961,0.003449711409,-0.004185884013,-4.710287358e-06,-0.004160000016,0.000778891654,0.002353998241,-0.0007827756255,-0.004774716266,-0.0008772771059,-0.003700241398,0.0003220212858,-0.004763063283,0.001594820897,0.0009854211256,-0.0007174531762,-0.001013614494,-0.0008138611474,-0.002550936265,0.003204197128,-0.0008817272616,0.00477955599,0.00184409332,-0.002592759403,-0.005297192853,0.00433875232,0.002305836302,0.0001911410235,0.0004499613842,0.002709264414,0.002264830075,-0.0007626834351,2.140044956e-05,0.002494538674,-0.002803241229,0.003503330212,0.003830182662,-0.007320064673,-0.001072406889,0.004948254485,-0.003136478711,0.004024505437,0.00373847027,0.003189203939,0.001212793806,0.0007769168266,0.001783209125,0.001433438256,0.0002619907546,0.0002850394248,0.0002843673295,0.000777289684,-0.000318998145,-0.003913480293,-0.0007247402014,-0.002897358078,-9.03682362e-05,0.003269195529,0.002249836821,0.00114818828,0.001137308951,-5.148399935e-05,0.001943164874,-0.0005889677531,-0.00126875908,-0.0006571955814,-0.001504453974,-0.003949859624,-0.002385617463,0.002226315475,0.002412017836,0.004138013733,-0.003760318307,-0.002568737442,0.00104308222,-0.002541729342,-0.003360720579,-0.001110564207,-0.003828649824,-0.0006920931752,-0.001077259159,-9.03682362e-05,0.001143529285,0.001036359193,0.0007248180993,-0.001334597845,-0.001518459449,0.003647870834,-3.0160306e-05,0.002123159109,-0.0001359806816,0.005219562632,0.003546177015,0.004522778509,0.00497825073,0.0007613130569,0.00376001979,-0.00145882722,0.0003836558233,-0.002117520782,0.003718092696
2006-11-30,-0.001133277592,0.0008128984873,0.0006829465767,0.001413186483,0.003219319575,0.002691205149,-0.001912953321,-0.004825768773,0.001461441576,-0.003352863249,-0.002169072016,0.002435846613,0.003447843832,0.006635135519,0.002283052101,-0.000809184895,0.003126996133,3.707715373e-05,-0.003246540226,-0.003140970137,-0.0006757469248,-0.004581419687,-0.003765182403,-0.005640526523,-0.007056963384,-0.0003968843037,0.0008305985336,0.001747995976,-0.0009521234145,0.00188291457,0.003095850337,-0.005475676605,0.00531904927,0.006191804881,0.006766944491,0.001890404468,0.006512344114,-0.002939304353,-0.0004761480729,0.0001464087451,0.007307992145,-0.002988144069,0.008489647505,0.009381880421,-0.002461765481,-0.0004372977755,0.002461169897,0.0004921258363,0.009521910062,0.005927324638,0.006128468192,-0.0006144697516,0.004247944419,0.0001270705035,-0.00012004027,-0.000681066364,0.003827308858,0.004758687745,0.005333816908,0.003674340479,0.003955355478,0.004958661898,0.006565804017,0.002537957456,0.000600796786,0.0008292484098,0.001043335937,0.000664414921,0.001107819902,0.0003531945069,-0.001665791341,0.004119882002,0.004042128235,0.003077351938,-0.002638356524,0.004148579489,0.001868202495,0.002436756938,0.00951850114,0.003167876528,4.945862969e-05,0.005936886094,0.00593701574,0.0004634472241,0.002306632889,0.002973767503,0.00038347227,0.0007150678173,0.002537957456,-0.001478677769,-0.0009904842178,0.004862155088,0.002527050046,0.001825444266,-0.003050229938,-0.0006108788566,0.003201619322,-5.840277576e-05,0.005161118291,0.009517981524,0.003006881255,0.005879509175,-0.001958538527,-0.0003894059138,0.003874425504,0.004203520921,-2.845836414e-05,0.006136819678
2006-12-31,0.0002771118747,0.003036422308,0.0009352248446,0.001277070138,-0.004789042659,-0.002842133267,0.002489654516,0.002473786405,-0.001878479459,0.001223177212,0.007657457009,0.00846435943,0.002610708908,0.001213744589,0.003792511669,0.003857102958,0.0001195042721,0.006090926524,0.004496364498,0.006597056986,-0.003481715505,0.00183165442,0.002876854057,0.0001881766634,0.00191780473,-0.001358494729,0.001683669704,0.002665642047,-3.007047828e-05,-0.0001534044156,0.001319084998,0.002556499543,-0.003345494612,0.002224719141,0.0006188509956,-0.00595650594,0.0007095569212,0.003670272267,0.0007923893123,0.001461319533,-0.009945789245,0.0005833515256,-0.009596126982,-0.008015890066,0.005626023131,-0.000582205743,0.005287347947,0.001285501948,-0.0008967379444,0.003788783522,0.00377895487,-0.0002219564198,-0.001422011694,-0.002266500063,-0.002752814766,0.0003759815871,0.0006679396655,0.001179865582,0.0008119243596,0.0047087227,0.00521108819,-0.001757821747,-0.001121374833,0.001044831763,0.0008844376777,0.000898698183,0.000545100068,0.001108856277,0.0006944111784,0.001291891934,0.0002003537811,0.003189054015,0.004817139669,0.003796417653,0.004891821471,-0.0006580723558,-0.002188204325,-0.0007355101673,-0.00104131653,0.0009081630974,0.002905146827,-0.002204197694,-0.004003361581,0.0006261199771,0.002706125781,0.001670024496,0.002030046165,-0.0004734304257,0.001044831763,-0.0004007218046,0.0002585842695,0.0004485161842,0.003666141861,0.004795269836,-0.003201641015,-0.004391077404,-0.0001182757405,-0.003818828485,-0.01079608759,-0.0006140032729,0.002910761578,0.003462711114,0.001923491087,0.002383043758,0.004378329616,0.004412857941,0.007891031427,0.003407672735
2007-01-31,0.001343840191,0.002889749324,0.002214385136,4.027228073e-05,-0.0006842911382,0.0008143723163,0.0007610170894,-0.001313768141,-0.0003411111116,-0.001897582046,-0.0003493892703,0.0008777855776,-0.005993149934,-0.003118091784,0.0001964183771,0.002004549882,-0.002840552738,0.000648434783,0.0005327727865,-0.0007776594676,-0.00191351604,0.0008277824665,0.001091804782,-0.001155775423,-0.0008646175854,-0.0006442658591,0.006427959591,0.004225283,0.002963414168,-0.001635098495,-0.0001797332442,-0.0002498580195,-0.003378495527,-0.003506664685,-0.00291647146,-0.000425439923,-0.00354290421,-0.0006662822651,-0.004768080839,-0.004359528704,-0.00412992805,-0.0009991737266,-0.003886705104,-0.003066097683,0.001248652082,-0.0009583350292,0.003526528142,0.0002239012783,-0.003380164251,0.0005517142452,-0.0001065184463,0.0008085098819,-0.004724851067,-0.0003703780315,0.00119008171,-0.0006341735155,-0.001289447909,-0.001510504592,-0.00270139149,-0.0001379786511,0.004610011825,0.0002492108137,0.001155816025,-0.0003784306164,1.067893185e-05,0.0007646318511,0.00142851459,0.001397657333,0.0009060862165,0.0006706166276,0.0001715100897,0.0006442046243,-0.001139766161,-0.0005242510353,0.005096463324,0.001235549577,0.001163273884,0.001667279586,-0.003402058881,0.002028024815,0.001149427563,-0.001165682277,-0.0009274209971,0.0009662330114,-0.002472318411,-0.0008772632859,-0.001097029909,0.0009536754384,-0.0003784306164,0.0006005710604,1.056799089e-05,-0.002173333803,0.0002536932451,0.001446297161,-0.0003616290053,-0.003896618831,-0.004900724712,-0.005363773757,-0.006433804907,-0.003298584921,0.0009821365248,-0.001227026377,0.003184268808,0.00261449292,-0.0002739502592,-0.001349237778,0.002576992298,0.0004179278338
2007-02-28,-0.001961865233,0.0007505353033,0.0006538383809,0.001924658719,0.00547469105,0.004089762305,-0.003286970233,-0.01001908746,0.0007178326037,-0.002272356406,-0.002009463208,-0.005009267383,0.002623702404,0.008566391965,0.0002053760285,-0.0004757112812,0.001511883865,-0.002874123689,-0.003648488796,-0.004291454944,0.003095872406,-0.00311731563,-0.00696324182,-0.005270736713,-0.005447302252,0.00248879023,0.001407784953,-0.0001581826293,0.002129393912,0.001376742225,0.006010914126,-0.008800444595,0.006939705252,0.007365518366,0.006201518568,0.004899949511,0.008139600468,0.0004784725928,-0.0005248614674,-0.001612681361,0.007631449143,-0.004326483472,0.01109932447,0.009548626549,-0.004318426918,0.002663288843,0.003505526148,0.001025069009,0.01259044414,0.0091598163,0.008411052596,0.001476000449,0.005632292612,-0.001771922597,-0.001226538366,0.001240518445,0.003765468948,0.004801578782,0.005700990681,0.005168646293,0.001840683288,-0.0003295251205,0.00141727402,0.00233138796,-0.001595159065,0.001926053384,0.003383734045,0.001529982593,-0.001299349517,0.001357513918,-4.462875318e-05,0.005773896082,0.0075431616,0.007578981719,-0.003904259371,-0.001066698194,0.001410266196,0.003196556372,0.01266901157,0.00581912512,-0.004916666282,0.00317824698,0.005953136729,0.00750105166,0.0007959756135,-0.0004454549294,-0.0001605081364,-0.000498631275,0.00233138796,-0.0007961902126,0.0002129874397,0.005702391988,-0.0004919395688,1.41306403e-06,-0.0009267823519,0.004912041623,0.007570005673,0.006558062261,0.01040136983,0.012405516,0.001775413809,0.007360346365,-0.00300549376,0.001343461843,0.004374638155,0.00593741245,-0.002262002046,0.009161656344
2007-03-31,0.003227500633,-0.001030402614,-0.0008372493529,-0.00192369897,-0.007632647074,-0.007508580232,-0.0007799737035,0.002376126996,0.004249667019,0.0008070002874,0.006908276114,0.005345177687,0.004012451241,-0.01016958616,0.002192367489,0.002935133556,-0.0007893598204,0.006959917834,0.0001551722684,0.01161715752,-0.0008954731086,-0.001110571667,-0.005148059504,0.001218256519,0.002500593718,0.0009349603119,0.005156987905,0.005102853113,0.0001169871857,-0.002586668137,-0.005069793929,0.004845159994,-0.008489058086,-0.006893263279,-0.008794141154,-0.007906988994,-0.008983937366,0.005253584628,0.007038783587,0.005334890621,-0.01344700091,0.003315339081,-0.01483411369,-0.01423750422,0.007432735634,0.001338572869,0.007518541681,0.001620518994,-0.01448846968,-0.006776469804,-0.007853985752,-0.0002572384403,-0.004345777508,-0.001413257812,0.0003179821179,0.001349008,-0.00381433566,-0.00553862846,-0.007883933735,-0.0001378617251,0.00799735801,0.007995170242,0.000258288491,-0.002109187921,0.001819833434,0.0003958233341,-0.0009228670696,0.0005301504889,-0.0001469644526,0.0007798540204,0.0008706124441,-0.002328944482,-0.003028453023,-0.001229757373,0.008642949907,0.001309152053,-0.001538012866,-0.00393115322,-0.01459504571,0.0002300072484,0.007958068356,0.005062677701,-0.003756894996,-0.006458432414,-0.002363213609,0.002413848341,0.0005240031128,0.001859100053,-0.002109187921,0.001011587236,-0.0001702481682,-0.005806693258,-0.000327504714,0.0004097681971,-0.00662499516,-0.009795850289,-0.01043795454,-0.01083133909,-0.009379609976,-0.01438586224,-0.0001143796936,-0.006195992384,0.004234753616,0.001374583553,0.002010753986,-0.00145323119,0.002829938032,-0.005075296916
2007-04-30,-0.000694609953,-0.00299773168,-0.002575886594,0.001908646132,0.002439600557,-0.0009153059202,-0.0008445682647,-0.004181271031,0.001282346806,-0.004791825864,0.001193006515,-0.003538127422,-0.003810669646,0.004989386605,0.0008401229798,0.001260235843,0.00564761248,0.0005113676439,-0.005070995734,-0.001777460332,-0.001192859992,-0.005523105632,0.003881968436,-0.005757219119,-0.005426693707,-0.001323077069,-0.001014571815,-0.001471170661,0.001671080641,0.000470615275,0.002164368259,-0.005409251582,0.003713144283,0.004350726617,0.0033069207,0.0007571163731,0.004887996162,0.003112309574,-0.002875304876,-0.004142009875,0.002053943035,-0.003917566247,0.002522529522,0.004027591472,0.00156684931,-0.001984886926,0.002954894077,-0.000995809789,0.003197172399,0.003155558922,0.003129034222,0.001039434858,0.001396825708,0.0006831210161,0.002178495738,-0.0002641847752,-0.001359471393,-0.001445395536,-0.0001683343295,0.0006696847733,0.003286313474,0.001901312154,0.00357047475,-8.516145843e-05,5.451179178e-05,0.003368769813,0.003182031835,-3.41631106e-05,0.0002234936909,0.003369291019,-0.001458395535,-0.002453395695,5.582569458e-05,-0.0005034228519,-0.003694575754,0.000978099316,0.001905769509,0.001824465192,0.003367791614,0.001606284952,-0.002065764429,0.0005192204939,0.002693781129,0.002736826664,-0.003370765934,-0.002786130068,0.0006969471041,0.002423666758,-8.516145843e-05,-0.001983871313,-0.001803498793,0.0008826146195,-0.002135309788,-0.002711541489,-0.002077762704,-0.001206451252,-0.00148379593,0.001468946536,0.00175044899,0.003194386752,0.002459978424,0.002626317371,0.0009156548745,0.001963999265,0.001331388456,0.001268937726,-0.002737567328,0.003470584156
2007-05-31,0.000460845229,0.001591089984,0.000701541258,-0.0008703079997,-0.004049263667,-0.003832397451,0.003613047833,0.006500216111,-0.00040214824,0.004630240519,0.005277877992,0.002425656915,0.005285259012,0.0002655438134,0.003850518417,0.001001397261,-0.0003390505213,0.00130795076,0.000840331833,0.003837630965,0.0004116048986,0.002982651123,-0.0004875445694,0.004985858927,0.003799435109,-0.003292854704,0.002739034481,0.00331789614,-0.0001353743414,-0.001932949184,0.003806204876,0.002890938269,-0.005673945741,0.001911840526,0.001836293701,-0.00136529199,-9.316528574e-05,0.0003073451651,0.00164005106,0.001751305391,-0.006916709606,0.003233165645,-0.005274843976,-0.004635565262,0.004575378223,-0.001886887025,7.61585284e-05,0.001748351768,-0.001696899754,0.001870407854,0.001855422204,-0.001177346435,-0.001718519216,0.0009649539097,-0.002312260956,0.0002397837149,0.00144826805,0.001759166697,0.0007992565366,0.005263574122,0.000292892886,0.0006670269726,0.004157076718,0.003836270089,0.0006150298145,-0.001436096764,-0.002077730021,-0.0007100911364,-0.001165235891,-0.002089842895,0.0005062715217,0.00405112706,0.002945180645,0.006513921227,0.003449886339,0.006190092353,0.002161076566,-0.0007288179402,-0.001861229853,0.001115814377,-0.00107588973,0.002084094034,0.002515665904,-0.0006993546177,0.003230120239,0.004093871895,-0.001533536281,-0.001403440176,0.003836270089,0.0008000426322,0.001205754269,0.001432549093,0.000795080361,0.002161696705,0.0008069391922,-0.0002024699267,-0.001318942304,-5.938438669e-05,-0.008440122383,-0.001397778423,0.0001603578265,0.0002708266985,-0.0006247417773,2.653244855e-05,0.003807521687,0.00516399812,0.005385264998,0.001798740809
2007-06-30,0.004345272109,-0.002242536786,-0.001733512652,-0.004753984265,-0.0005622697763,-0.0007150624876,-0.003581370637,0.006054712411,-0.0008575959615,-0.0005777479738,0.00251366974,0.00228778986,0.0004105443622,-0.007137976215,-0.0008517852798,-0.0008847930426,-0.003609862854,0.003109867334,-0.001637817755,0.003383365993,0.0002639763201,0.003071982695,9.439077681e-05,0.003286551572,0.003816970114,0.000982910727,8.44420271e-05,-0.0007843445976,-0.000955307733,-0.001792290611,-0.003642901508,0.003156709157,-0.002166394618,-0.007335262969,-0.006975257,-0.004254355298,-0.00701714494,0.001055312303,-0.0002203628823,-0.001101318631,-0.003255311692,0.001232823104,-0.00542318541,-0.005929981316,0.001338297243,0.003148285752,0.00105854404,-0.005947554538,-0.007838983888,-0.007069049351,-0.005926568238,-0.002739250493,-0.002698945212,0.0001514917211,0.001776611616,0.0002314167391,-0.003979007743,-0.003828963533,-0.005939144141,-0.004420155833,0.001146211016,0.004081883389,0.0046174173,-0.002723639316,0.0007958843795,0.0003539344499,0.001565159036,1.607981721e-05,0.003411251113,0.003899862402,0.001519780345,-0.004392776175,-0.004327983987,-0.004473120908,0.001830014246,-0.001015386947,-0.001816825235,-0.0002015537672,-0.008069136752,0.0006122742552,-0.002099109837,0.003494493728,0.004578686689,0.000528921084,-0.002971656253,-0.0007871097082,-0.001212670861,0.001311312318,-0.002723639316,0.00114386566,0.001505421884,-0.004392447305,-0.001501859727,-0.00116926175,0.001076124881,-0.00312187416,0.0009770389707,-0.003407707295,0.0004437600222,-0.007696008558,-0.0006076978476,-0.005682056246,0.002252582907,-0.0006052069766,-0.004065876084,-0.0029243444,-0.001360599254,-0.007045008758
2007-07-31,0.006131728966,-0.003009280116,-0.002087532196,-0.01318685244,-0.005819773405,-0.008976600912,-0.002706060017,0.001172957863,-0.001902362929,-0.002138769106,-0.009914819018,0.001308145865,0.002617861162,-0.01899574143,-0.01432469221,0.005099887079,-0.002657198241,0.005477246366,-0.004286325607,0.003862705055,-0.003078083929,0.006301901961,-0.001843714502,0.006608946648,0.006001994797,0.00685921705,-0.0004564634893,0.002801429324,-0.0009167304371,0.001152948931,-0.01695200601,0.003747965864,-0.003859750388,-0.02066547238,-0.01763961371,0.002247006103,-0.01990462105,-0.002447695052,0.008573452623,0.00429786952,0.00764716108,0.002084456535,0.006775908338,-0.003561768742,0.001558701083,0.008418199028,-0.0002178609441,-0.00682089482,-0.02126604776,-0.02342972492,-0.02371951272,-0.007427004703,-0.01579689892,0.0001049866786,0.001790882766,0.002977262112,-0.01393785611,-0.01496411201,-0.01692670165,-0.0170282776,-0.001140526669,-0.003682839041,0.001510035112,-0.007974471447,-0.006033543257,-0.005612992054,-0.003009566405,-0.005772250245,-0.003451864043,-0.002865174823,0.003725314376,-0.01409827628,-0.01466408778,-0.01654785869,-0.006438607806,-0.00233541516,-0.004684197101,-0.005155141588,-0.02129349843,-0.01046082859,-0.007896479525,-0.01035034348,-0.005117344135,-0.00910140287,-0.007452208963,-0.00215013766,0.002935895661,0.0006746734918,-0.007974471447,0.01168547393,0.0104816489,-0.01608785911,-0.0085111084,-0.009246432525,0.01494101622,-0.01451070933,-0.01577312648,-0.008218212997,0.009957827831,-0.02134545386,-0.01267388611,-0.02251782158,0.0006326959408,-0.009265985788,-0.01952070563,-0.01773496367,-0.009993975645,-0.02402633376
2007-08-31,0.001926563021,-0.004190892392,-0.0072611076,-0.003253905577,0.005509522156,0.002153769495,0.0003379049661,0.005497609174,0.006542413335,-0.009908344881,-0.002926088582,0.004901947092,-0.00498965685,0.002160898041,-0.005275308568,0.003855069183,0.006842612461,0.002255775762,0.0004087168476,0.0005398730621,0.002228343322,-0.001008610651,-0.002650221279,0.001779260807,0.003496191062,0.006243493463,-0.005123461631,-0.007983253998,0.001664687025,0.00956513764,-0.003807094125,-0.01356086977,0.00164314114,0.001844867756,-0.002174102603,0.0006209781886,0.001879053735,-0.006704486047,0.000616674325,0.0006118120113,3.879349032e-05,0.001467397989,-0.002086009207,0.002396834174,-0.001311880072,0.001371224987,0.007858362639,-0.005185082225,0.006594049053,-0.002712089899,-0.000454990432,-0.001538307392,0.001000835586,0.005257382435,-0.002878569355,-0.006091545037,-0.001835748235,-0.001494165629,0.0004691078159,0.0001356199205,-0.001443792438,-0.001688467648,0.006374804158,-0.001064058776,-0.004334750062,-0.003184644154,0.005370593851,-0.006658846017,-0.003219534592,-0.003680948556,0.003485781862,0.002198462406,0.001196354059,0.003310699626,-0.005301042645,-0.009040109632,-4.732688038e-05,0.002610403402,0.006288884064,0.001094409627,-0.004879771618,-0.0004130237094,0.007653104337,0.005291203739,-0.0005250481166,-0.002261898289,0.0002576987732,-0.002091587656,-0.001064058776,-0.0007631812623,-0.00168255208,-0.005900937144,-0.006142101312,-0.004268563654,0.003018768628,-0.001547131116,-0.003768890837,-0.00190442639,0.01274701114,0.006444861776,-0.0056247151,-0.003912974005,-0.004033525138,-0.003767181349,-0.0009595151083,-0.001451246681,-0.005084115252,-0.0016398671
2007-09-30,-0.001939689807,0.0005852030664,0.0004907251667,0.008238939845,0.003730654368,-0.002151418643,0.008252386168,0.01173565983,0.01227117044,0.00407664351,0.0147819992,0.003031041738,0.007260472923,0.01150792876,0.01239455879,-0.008370408016,-0.004052931139,-0.01088061712,-0.003197059039,-0.006950941551,-0.004564265879,-0.01509821218,0.002034765606,-0.001068923484,-0.0008476954711,-0.009432210535,-0.009197903085,-0.01363610608,-0.0002021574566,-0.008006290935,0.01848535866,0.004801557245,0.001414967937,0.01475291877,0.01528677286,0.0002288435536,0.01348799935,-0.006387706196,-0.009721253277,-0.01114288963,-0.001176326863,-0.01360800242,-0.01498828793,-0.006857644429,-0.001998107489,-0.01267973064,0.0008546612239,0.009359787788,0.01024081779,0.01501587529,0.01265767013,0.004757445483,0.00818807496,0.001246204431,0.004967759195,-0.002645182004,0.009806334069,0.01058045681,0.009293082202,0.01766786264,0.01213960195,0.009540775498,0.007145572416,0.004210405197,0.005406412944,0.003233331014,0.0003597896957,-0.004376364078,-0.008534757663,-0.00779295549,-0.006337745558,0.01472979593,0.01496062134,0.00973881052,0.001030657793,0.003396154075,0.003849895286,0.001342122064,0.0102626017,-0.001672887654,0.009950119757,-0.01083820558,-0.009681667441,-0.009053812177,-0.002277445495,-0.007952109786,0.0001439739101,0.003656072475,0.004210405197,-0.006651779715,-0.005014037019,0.01224925087,0.001988231954,0.002632318023,-0.009823317099,-0.01059785563,-0.0163332919,-0.01697844883,-0.00287922861,0.009961041228,0.006865536663,0.01208169317,0.005204980685,0.009489642277,0.01357210113,0.01553875371,0.002004702309,0.01649067267
2007-10-31,-0.001167470433,0.004126180622,0.002886067916,-0.004236574918,0.001801774308,0.0006157726059,-0.007733240292,-0.007771117792,-0.007523805721,-0.002282016945,-0.006611755256,-0.002815945071,-0.008303318722,-0.001048380454,-0.00751665373,0.003861237177,0.002799579162,0.005641922488,-0.01486092058,0.004900715,0.01333255496,0.01197238643,-0.005324419345,0.01229778309,0.01177641495,0.01159025485,-4.152650826e-05,-0.001171528004,0.004902750644,0.008493224524,-0.00286771664,-0.005592453165,0.004166829034,-0.002538326435,-0.001773218423,-0.004871488817,-0.0005091332528,0.003301727886,0.004462929677,0.003574268565,0.01361058199,0.008375777896,0.01515407425,0.003240361461,-0.002245152834,0.006182972653,0.001499257105,-0.006564303517,0.01044942528,-0.001784851372,0.001927858515,-0.005986662882,0.004025413573,0.009763928863,-0.00220054577,-0.0001283261156,0.004280918362,0.003778106909,0.004523875941,-0.002647563318,0.01310831867,0.009723602597,0.008764501487,0.005473470534,-0.003879878554,-0.00134471948,0.004551469286,0.008231907902,0.01078970195,0.0100452689,0.001403750205,-0.008320065347,-0.005801284113,-0.004069127138,0.003055338166,-0.00307448243,-0.001450605981,-0.0004689986472,0.01088259914,0.009074984003,-0.0004862915882,0.007031631596,0.004840137588,0.006246788256,0.006546771756,0.009774269634,-0.0001339043192,-0.001336556489,0.005473470534,-0.005406587135,-0.006150987653,0.002653801224,0.004989773351,0.00327398472,-0.009421622152,0.002997788293,0.002823544966,0.001425561623,-0.001439352956,0.01071667659,0.0006433465722,0.002624204794,-0.005174683735,-0.003202464326,0.002453874313,-0.002998550597,0.003327979928,0.001159221334
2007-11-30,0.009106518102,-0.006527021887,-0.006942367939,-0.01891628133,-0.008149713759,-0.004431581953,-0.01162052232,-0.002782412346,-0.01681523565,0.00211987331,-0.0286739086,0.001785148561,-0.00452843277,-0.03571641009,-0.02782755729,0.003620072435,-0.003840104966,0.01013907163,-0.0005597303396,0.005414895732,0.007957972372,0.01618595394,0.003084923535,0.01750104043,0.01886048879,-7.036914933e-05,0.00627154735,0.0055535429,-0.001053575981,0.001552680083,-0.03824842724,0.005203377955,-0.01264060669,-0.03718823836,-0.03773108932,-0.006889524573,-0.03624161933,0.01037396017,0.004461529455,0.006710124922,0.002165097154,0.007233138681,0.009397115306,-0.003930080374,0.004311860142,0.006261597532,-0.007659892246,-0.02433956127,-0.03240930232,-0.03862820633,-0.03731741199,-0.008470263568,-0.008852459131,-0.01401331384,0.001279623635,0.001218075539,-0.03093235297,-0.03124764803,-0.01441886572,-0.03763466646,0.009381316708,0.008524610143,0.005832022339,-0.02030840034,0.00292108456,4.107817515e-05,0.001705837644,0.005145320487,-0.005464841983,0.0009736896175,0.007359171348,-0.03353244021,-0.03226423975,-0.03472090198,-0.01000044369,0.009381914137,0.001107098083,-0.004389144933,-0.03193935899,0.01490249378,0.004853981481,0.009313275249,0.02093239685,0.01776649384,-0.01729805139,-0.00273359235,-0.0006674174959,0.001381622823,-0.02030840034,0.01165417695,0.005474712798,-0.03094782807,-0.01828049289,-0.01925380851,0.004685300952,0.007373063494,-0.0003481974163,0.02142124294,0.01723123157,-0.03303484128,-0.02025213293,-0.03648863455,-0.003477214825,-0.01841454361,-0.03687350438,-0.03715473646,-0.01400145174,-0.04429388157
2007-12-31,-0.002223217829,-0.007118209563,-0.00476604392,0.003222591046,0.003161606995,0.005295123142,0.003728422355,-0.003577315221,-0.0006693016828,-0.001106180921,0.002003638122,0.003094937969,-0.01137125194,0.000872552446,0.003346719277,-0.003482526403,-0.008785435649,-0.0001804461311,-0.006494612632,-0.002317002552,0.006964261107,0.009194172727,0.0006511394952,0.01119491555,0.008269344326,0.003816974058,-0.002665118209,-0.006689426527,0.001767248995,0.002177694612,0.003044451218,0.01081318197,-0.002959800028,0.002665702979,0.002192027412,0.002178513967,0.0003438776393,-0.001056858957,-0.01152147547,-0.007453056038,-0.000718104047,0.009636411312,-8.293197843e-05,0.003735344371,-0.009063228035,0.003191723683,-0.002866405336,-0.0007113589656,-0.001978717976,0.002494567077,-0.003815572385,0.003492220816,0.001673854403,-0.008388078063,0.005220257641,-0.0009324566739,-0.009110572701,-0.009100891192,-0.005394710062,-0.003575192512,0.004634344133,-0.006604350494,0.008925409515,-0.007394429948,-0.002839574568,-0.002100313351,-0.003339925261,-0.002020498395,-0.002764132306,0.002532152718,0.002483256043,-0.007783041391,-0.0109344624,-0.008936471082,-0.009493801874,-0.003741228499,-0.003681714135,0.0004159684701,-0.003320076647,-0.00600542324,-0.00593094328,-0.002553033007,-0.005077481375,-0.005278384103,-0.006382219274,-0.007860284964,0.0007455990117,0.002481533763,-0.007394429948,-0.001846916309,-0.001831367944,-0.006283221159,-0.00498669264,-0.005805054329,-0.002081578957,-0.009150665232,0.00259289441,-0.01053290651,0.01600907652,-0.002222399352,0.006607351913,0.0040776479,0.006509955329,0.004254403264,-0.004877824315,-0.003522859958,-0.008426924699,-0.0005407426431
2008-01-31,0.008750619814,-0.001243970279,-0.001846540919,-0.01290083469,-0.01854508319,-0.02126299435,0.01998166907,0.02751029569,0.03423041008,-0.0193328365,-0.01982020123,-0.008847082159,-0.02095862741,-0.02930975675,-0.02548242641,-0.02619614874,-0.03527591768,-0.02268823213,-0.004425831743,-0.01705777253,-0.02205669385,-0.0115170879,0.03069587565,0.005701300178,0.01163641825,-0.01078726536,-0.02763271194,-0.03018199663,-0.0212251036,-0.02655382026,-0.02049703925,0.01628482953,-0.03029832169,-0.02961963834,-0.0256031628,0.003534584724,-0.02746865162,-0.002822396077,-0.006910421998,-0.01101306565,0.003134199382,-0.008626428981,-0.01655419728,-0.01723759658,-0.02038011863,-0.01844435384,-0.01574222956,0.01529257662,-0.03828974932,-0.01571776714,-0.03088462319,-0.005797431349,-0.01714146368,-0.03360084983,-9.766444639e-05,-0.0006505170429,-0.01050758353,-0.01225373378,-0.01709131863,-0.01261555037,0.004594438583,0.003629242948,-0.009269064914,-0.0008708976498,-0.003847017031,-0.007515016055,-0.01114854284,0.001557903458,-0.0009417815654,0.00206883281,-0.01407958272,-0.01174507763,-0.007508115143,-0.01521680952,-0.001235637599,-0.01096961576,0.005967540506,-0.01235998203,-0.03520241632,0.02095980858,0.0007444915108,0.02163063677,0.02018731884,0.02128869633,-0.004364549198,0.003196247103,-0.003226734501,0.0009062382011,-0.0008708976498,3.21661376e-06,-0.004233951033,-0.01701272929,-0.00240317256,-0.001466733609,-0.01550309404,0.01969341419,0.02702080279,0.02514368948,-0.02018355205,-0.03731789083,-0.006534641222,-0.01391974681,0.007962266638,-0.001264460768,-0.01827471737,-0.01637876123,-0.00207742634,-0.02831342009
2008-02-29,0.004526788338,-0.006011966298,-0.004256082191,-0.0173508237,-0.01431222584,-0.01314915236,0.005392226756,0.004793536713,0.007380547199,0.002287102998,-0.02896683152,-0.003464854544,-0.003063777377,-0.03133920823,-0.03086924126,0.003220027538,0.006210199993,-0.007085441287,0.005536305029,-0.005104333288,-0.01723781342,-0.01416878193,0.001784268793,-0.01510293538,-0.01287712422,0.007916221158,0.001797940802,0.003617132932,-0.0004640447958,-0.005471595062,-0.02588403923,-0.01464436363,-0.01361869159,-0.03116747983,-0.02358893676,0.01063799575,-0.02615965848,-0.00482373371,0.003478622812,7.269630505e-05,0.009476180598,0.003216186208,0.019825843,-0.002727966305,0.008223742008,0.01134493893,0.008665984849,-0.02351195112,-0.01825713053,-0.02513718357,-0.03124891514,-0.01062251275,-0.006176492003,-0.009136324862,0.002131656272,0.006680041736,-0.01547402097,-0.01707221539,-0.01601468229,-0.03294555016,-0.002860030668,-0.006944084481,-0.004318777064,-0.01052349196,-0.002275398349,-0.007148536638,-0.005461699693,0.007594251076,-0.002542448534,0.008369086014,0.01354637629,-0.0240027316,-0.02595429263,-0.01682059885,-0.009784339214,0.0123941168,0.01121925429,-0.008121903462,-0.01821341453,0.02607423905,0.008350015842,0.01952531406,0.01451718891,0.02445043517,-0.01030707166,-0.0007853513115,0.003440605296,-0.00206573172,-0.01052349196,0.01838223055,0.01235454135,-0.02215431597,-0.01395819002,-0.01375782225,0.01198475908,0.02189632271,0.0257207868,0.02934521151,-0.005407945591,-0.02160070218,-0.008674873887,-0.02197393879,-0.001519142221,-0.01465836382,-0.02891107561,-0.0350067859,-0.01259768984,-0.03268384525
2008-03-31,0.005579798383,-0.008564484534,-0.004431622344,-0.01254861198,0.002574149286,0.008106981527,-0.01161109114,-0.01675898742,-0.002604233735,-0.01355541533,-0.01108153885,0.001229776171,-0.006849943734,-0.009099120542,-0.01083843086,0.001948139371,-0.002958632051,0.01315529207,0.006005752175,-0.0004841268777,0.01100906428,0.0160001922,0.01420366149,0.01325642007,0.01548521089,-0.00185367124,-0.01261507517,-0.003653940665,-0.01339827318,0.0141734448,-0.01211417183,-0.007191259736,0.00817722521,-0.01082210204,-0.01294988855,-0.009499076961,-0.006426097213,0.007646971107,-0.005504245638,-0.003863289085,0.01362972548,0.01298897189,0.0104706735,0.01147026025,-0.01226490921,0.006258650189,0.003630888155,-0.01529012523,-0.001455254531,-0.02325218464,-0.02556505097,-0.01000540367,-0.002257164754,0.003687571838,-0.004558694834,-0.004682808625,-0.01202671882,-0.01420304811,-0.003388053952,-0.01252997263,0.02026196097,-0.001563695867,0.005784974906,-0.01379709204,0.007378336377,-0.008095340032,-0.0004628375244,0.0121375458,-0.00447107748,0.005027520885,0.007385649397,-0.006419230337,-0.006075125584,-0.006068570104,-0.01196992887,0.005858795489,0.002916791399,0.009021294128,-0.0004759129769,0.01373621805,0.001374984105,0.003055002543,0.01124619755,0.01690260368,0.001388198089,0.007304637478,-0.006846310506,0.0004752287405,-0.01379709204,0.002234472358,0.0003130928192,-0.0156381675,-0.009013523169,-0.01136670174,0.005401622014,0.01291802579,0.008838829419,0.01321602869,0.0396545053,-0.0006325920244,-0.010306085,-0.01363867034,-0.009105810887,-0.01492000084,-0.009744158665,-0.01338094719,-0.008793222479,-0.02103080887
2008-04-30,-0.0117331825,0.01082153115,0.007661727816,0.03188012971,-0.001637736912,-0.001266735677,0.004808068324,0.01201144996,0.02129386241,-0.03942305444,0.04001511046,0.006407204065,-0.009936159821,0.05208477102,0.05793898072,-0.01372692748,-0.02973528046,-0.008202184037,-0.003315109255,-0.0254739903,0.004905571484,0.03430508474,0.03143122394,0.02348126842,0.02247592902,-0.01155376111,-0.02952642897,-0.03264830335,-0.02542246916,-0.01974961114,0.06365974013,0.06190281242,0.03136196948,0.05695579609,0.055900717,0.003725436096,0.05642393972,-0.01285445581,-0.02281057004,-0.01051972873,0.003115023381,-0.02685944659,0.002064406048,0.01419669238,-0.03712170211,-0.0106041854,-0.04708098176,0.0493755839,0.02095291278,0.0446488337,0.05125120851,0.01894780361,0.02573691703,-0.01752825999,0.006336611832,-0.001924543461,0.04643367925,0.04634104604,0.03755526082,0.05637568708,0.02390201008,0.00406872431,0.01091916415,0.02181066687,-0.01545898207,0.007707719213,0.01339166748,-0.02574950219,-0.01333139573,-0.009181368248,-0.02946630899,0.04163292209,0.04634024041,0.04832753718,0.009701911978,-0.01898069703,-0.009689836794,-0.00889229534,0.01975934017,-0.04468124365,-0.0197609292,-0.03165697943,-0.04603964796,-0.04542158147,0.01005121548,-0.009129915654,-0.002008737766,0.006587274958,0.02181066687,-0.002790452361,-0.007085261156,0.0478868496,0.009200259753,0.01208030946,-0.03401420514,-0.05479928878,-0.06071908052,-0.05561110461,-0.03143686897,0.02163415206,0.01673786296,0.02756303171,0.0128369286,0.03256473518,0.04960972584,0.05427639659,0.01832816013,0.05619036649
2008-05-31,0.006225313948,0.00840752542,0.004990867993,-0.004024083786,0.003816919651,0.002015463237,-0.004041713119,0.01148622262,-0.00251966344,-0.009251999797,-0.00705471968,0.003850494236,-0.008313833584,-0.006258458843,-0.007835679167,-0.01137338013,-0.01284768084,-0.01168966564,-0.003208255589,-0.01152440238,0.01107863999,0.00541003672,1.995321667e-05,0.005140529446,0.008558162466,-0.002188513943,-0.002984382732,-0.003498457955,-0.002159463376,0.0001953240904,-0.006595292887,0.005104705515,-0.0007310029592,-0.00653757337,-0.004256307164,-0.009348687499,-0.006992762633,-0.0007429787169,-0.00788508351,-0.00844651688,-0.00437341803,0.007646392322,-0.006989311242,-0.00386913605,-0.01242021299,0.002813210666,-0.007645890512,0.006915937234,-0.007989624317,0.009502794898,0.001901317777,-0.003365415582,-0.002105786182,-0.009480628147,-0.006253021632,-0.003307964419,0.006960438009,0.007363849598,0.001137488558,0.001853143306,-0.005575852189,-0.006886718318,-0.007805360824,0.005973226027,-0.002802379248,0.0006218762003,0.0005481730988,-0.002356134761,0.003260447498,0.001897289289,-0.000172076873,0.009332358062,0.008296560274,0.005987929441,0.01398411347,0.001086765809,-0.002188625268,0.001515346159,-0.007232309063,0.0006667020362,0.002959043523,-0.0001740333984,0.002112284299,-0.000583783708,0.009135175703,0.008993173129,-0.0029298294,-0.003367534264,0.005973226027,-0.003827476914,-0.004506159955,0.003842908631,0.006294920346,0.007131324975,-0.004888076322,0.004034581027,0.004545453977,0.00474195225,-0.01756152396,-0.007357365573,0.005467395254,0.00641671149,0.007550115,0.005173413673,-0.002593947567,0.001859290045,0.01175640396,0.003201456022
2008-06-30,0.007612076976,-0.007837551645,-0.007132926571,-0.01756120394,-0.001326769816,-0.001512606486,-0.00986271658,0.001001322603,-0.008091035474,-0.006820927528,-0.03081276986,-0.01315772263,-0.003959269208,-0.02932618377,-0.03198881005,-0.006949594232,-0.003951726125,-0.01178001272,-0.0160774095,-0.008095457904,0.0242541346,-0.00535643765,-0.01137263125,0.00376504753,0.01622727334,0.00564590106,-0.002084888309,0.008140519984,-0.005728586093,0.01248024552,-0.03763454725,-0.01251582724,0.001556604043,-0.03304117813,-0.03398290379,-0.01566527595,-0.02663821833,0.01500437021,-0.002475558888,-0.002212651265,0.01479841149,0.01475544452,0.008089124214,-0.003000590345,-0.00617059456,0.008442582782,-0.01286778459,-0.02741127849,-0.01445897165,-0.02316667535,-0.0234479485,-0.01038886076,0.003451621756,0.008194752192,0.001359270713,-0.0003047909988,-0.02024731784,-0.01859974647,-0.008889419952,-0.03519368386,-0.0005408466019,0.01120555347,0.002193052833,-0.01851926754,0.01073586443,0.004498779971,-3.992450119e-05,0.02055509538,-0.01000984855,0.01096285457,0.008942142745,-0.03732526644,-0.03607650342,-0.04188562133,-0.01597186907,0.02563974329,0.01666029008,0.007439575064,-0.01424456809,0.02718088491,0.01274542726,0.001110787121,0.01201360182,0.02521326186,-0.009230743129,-0.00573586358,0.004494002581,-0.0001533553081,-0.01851926754,0.003872584417,0.003041261548,-0.02418728397,-0.01743017211,-0.01972222495,-0.005010640997,0.01579550348,-0.0335057162,0.02154939182,0.01884582046,-0.01464687969,-0.005317555721,-0.01361923388,-0.002903667831,-0.01413471489,-0.02543254995,-0.03505925781,-0.01515071272,-0.02918821916
2008-07-31,0.002933049148,-0.01118274138,-0.009064352225,-0.009039743342,-0.004023353861,-0.002788375405,-0.01089687665,0.004830775969,-0.01110209648,-0.004545288988,-0.01730297038,-0.008583844295,-5.77679993e-05,-0.01797585675,-0.01677889862,-0.002535281227,-0.0008543473424,-0.002216772647,-0.01119969392,-0.001545189473,0.01283624021,-0.008862728221,-0.01735314268,0.001547490412,0.002578149595,0.001720377588,-0.0001851171457,0.003459763454,0.0007498350067,-0.001734779342,-0.01796162821,-0.0131724257,-0.005049390868,-0.01835661774,-0.02142868068,-0.01472167534,-0.01823113592,0.01267105756,0.009514018109,0.008537891121,0.0001550152694,0.003686769628,-0.007329423338,-0.01212874108,-0.003543948521,0.002387929799,0.003783254684,-0.02666351398,-0.01288238496,-0.02072682098,-0.01446443278,-0.004439313698,0.003173922412,0.01522162728,-0.0006489143741,3.914159899e-06,-0.01977715959,-0.01949785818,-0.0104268166,-0.02131238699,0.005666679871,-0.006315833402,0.003511496125,-0.01798049626,0.01023247144,0.006841711936,0.0004836059921,0.009745981451,0.004715594535,-0.01040679623,0.005783419744,-0.02144646805,-0.02083980933,-0.02368431565,-0.01218504801,0.02080428896,0.009832469479,0.008202865658,-0.01215153868,0.02342409655,0.0119248268,-0.007974190527,0.008787112164,0.01815213276,-0.0101059741,-0.00521298261,0.001016242351,-0.002594589469,-0.01798049626,0.003918875876,0.006062580127,-0.0220667717,-0.01401244538,-0.01343021184,0.02102927858,0.01464451616,-0.01371849246,0.01109419218,0.02433764545,-0.01309643402,-0.002090743822,-0.009190388553,-0.005674561424,-0.01483027239,-0.01902591498,-0.02315907659,-0.01347132016,-0.02570124278
2008-08-31,0.004907530286,-0.0002788348904,-0.0005348408718,-0.005164090686,-0.00554960827,-0.00432331123,-0.002793326034,-0.001440586228,-0.01197012273,-0.005099207584,-0.00843974329,-0.006258306867,-0.002289715604,-0.006047260537,-0.007565233385,-0.00733578169,-0.00767485667,-0.002232919711,-0.005636966464,-0.00228516876,0.01028673704,-0.00430831267,-0.002938248514,-0.001531826239,0.004495424118,0.002877587414,-0.007918967144,-0.005698746966,-0.007022871225,-0.009895762291,-0.004841967716,-0.000160888848,0.0001212629765,-0.007070612988,-0.008120724298,-0.01074585921,-0.007034413388,0.005002333499,0.0006866385514,0.004565280748,0.005551286162,-0.006126869192,-0.001669096945,-0.002540196036,-0.01025436925,0.005067606504,-0.006292395629,-0.007377850076,-0.002631789577,-0.005288747285,-0.005151261281,-0.00428307997,-0.004354267139,0.003920510977,-0.004233469265,0.003505218363,0.001834425186,0.0008088112685,-0.003541095819,-0.006799700567,0.004183438772,0.003904168265,0.006268760432,0.001983907684,0.00346822197,0.002504986619,-0.002153554067,0.006338650665,0.005517320452,0.00432008501,0.001090336733,-0.004416889005,-0.00727980931,-0.007553117865,0.004083301618,0.008600460477,0.008362165033,0.003618483807,-0.002246535149,0.005815700785,0.008159318627,0.005721849152,0.004655315954,0.004544847754,0.003175437552,0.005570297111,0.002680773771,-0.003953168023,0.001983907684,0.004819960709,0.007204661993,0.001108653523,0.003238605729,0.004472829582,0.007864808215,0.004319942655,0.005900185848,0.001678465634,0.0007930347391,-0.002128397074,-3.312982034e-05,-0.0002515452338,0.001328436638,-0.0009245213894,-0.007221115602,-0.00662530275,0.002905543711,-0.005924045096
2008-09-30,0.03801827675,-0.04275172276,-0.0397835617,-0.1247285898,0.03047276886,0.03079955368,-0.03423389364,0.03080845871,-0.04014883403,0.1008389471,-0.1161659526,0.03704649684,-0.0446395265,-0.1160099152,-0.1273525927,0.07097391059,0.06621319526,0.07393232743,0.03502060855,0.08821061844,0.05930637555,-0.08089477987,-0.09299492886,0.01086623238,0.06855691995,0.0907860594,0.02621754197,-0.01074064155,0.03666826787,0.03496404963,-0.1345083477,-0.1236425544,-0.04825852992,-0.1185271405,-0.1120942723,-0.08865536395,-0.1292270523,0.06937376181,0.06367211052,0.008755804743,-0.005520703832,0.05189925887,-0.0486345249,-0.04382565907,0.07277145681,0.07128510871,0.1088511584,-0.181821996,-0.02698892529,-0.209134902,-0.1758067067,-0.09379697542,-0.03532612602,0.2042364116,-0.03028594963,0.003896611491,-0.08635228639,-0.07992484943,-0.03147062994,-0.1155129801,0.05179807072,0.08224888808,0.1536303575,-0.07285791742,0.02829899724,0.01191299701,0.07143950025,0.0403988969,0.1278629833,0.1246234791,0.09537579784,-0.09722898229,-0.112606089,-0.1129692619,-0.02615834275,0.1248431533,0.1028405325,0.07586115364,-0.0265364839,0.1477475732,0.05301237714,0.1252594051,0.1735183277,0.1420377578,0.01299697079,0.04657033275,0.01037760377,-0.02484349818,-0.07285791742,0.07366336936,0.04339496818,-0.1065757333,-0.03534002372,-0.04960536589,0.0709340572,0.1384858401,0.1422269205,0.1286308735,0.08133254302,-0.03275637405,-0.1570434459,-0.1931111967,-0.11710832,-0.1658679897,-0.1012244394,-0.1256381468,-0.05566464378,-0.1958925278
2008-10-31,0.002305804065,-0.02365753758,-0.023005114,0.08354992723,-0.1423530699,-0.144271598,-0.1552360462,-0.1029967085,-0.1243839179,-0.09614376649,-0.005707464744,0.107332297,0.06106706463,0.09189712659,0.09711754466,-0.1250731366,-0.1113198594,-0.1185439475,-0.1021929081,-0.1209907088,-0.01424397551,-0.08130391135,-0.1620545334,-0.09323269702,-0.06316595206,-0.05133039288,-0.08031489167,-0.04498341045,0.02564544325,-0.1489595011,0.1061053579,0.07082927235,0.1229187406,0.09188307579,0.1244213668,-0.1065315036,0.1024751146,-0.1398409214,0.1446017932,0.1483447878,-0.03578763365,-0.1410914783,0.1349392699,0.1082353628,-0.1195325924,-0.01546271897,-0.0948241813,0.07893640922,-0.05216875189,0.07972600694,0.005938898742,0.07212805365,0.1011932045,-0.1007254284,0.06260780993,0.02575459323,0.09331919041,0.1042221895,0.09271706978,0.08296277027,0.1230910646,0.02267956294,-0.05985107568,-0.004183906115,-0.04116669405,-0.03867612382,-0.003876146449,-0.05433066897,-0.03921397625,-0.07415562471,-0.009822070647,-0.004999606691,0.03090766727,0.02377063939,-0.01306741814,-0.02395602728,-0.015857724,-0.033038422,-0.05223377695,-0.003148530154,0.02685584313,-0.01986890913,-0.0447572966,-0.006998894345,-0.02233842195,-0.06240938333,-0.008180798763,0.05574115407,-0.004183906115,0.02517414814,0.02436932462,0.09132458714,0.02834149543,0.04008422248,-0.08276314164,-0.07042097251,-0.07049458986,0.05909394394,0.006143920153,-0.04995886064,0.08083545763,0.08522386484,0.04734767614,0.04720561191,-0.009905695343,0.0165931081,0.04922409091,0.05753563241
2008-11-30,0.004659113674,-0.01743371815,-0.0136623946,0.0080786412,-0.01675516221,-0.01595098071,-0.03636860091,-0.01899110893,-0.01213103109,-0.003227303174,-0.006080716646,0.03874864078,4.073724963e-05,-0.007007368944,-0.009257273807,-0.008782741269,-0.006652839537,-0.01308754022,-0.01062097246,-0.01718686968,-0.0002553861862,-0.02470284462,-0.0264312827,-0.004934775727,-0.02163574628,0.006855972631,-0.003372016592,-0.009751116379,0.001591067165,-0.01171135414,-0.006466785531,-0.001511957366,0.004305159021,-0.01004465671,0.001911226343,-0.03537306771,-0.001937156603,-0.01365942031,0.00095244592,-0.0008088758581,-0.01492224878,-0.02751546751,0.03823356739,0.01214374475,-0.009528120419,-0.003805902462,-0.005141202596,-0.02426862864,-0.03426509319,-0.002286580762,-0.0149893526,0.01550176647,-0.006241795833,-0.03093902089,0.006083557497,-0.005644867418,-0.01931966954,-0.02693466205,-0.02260943732,-0.02041331693,0.01611788241,-0.02353850883,-0.003715910713,-0.01391243582,0.008156520603,-0.001889879124,-0.005553909064,-0.000735262107,-0.002542677897,-0.0009843522081,-0.005669288177,-0.008756963174,-0.01932134985,-0.02043402592,-0.0208812142,0.02790144312,0.0172021358,-0.006267174706,-0.03363346873,0.01928087711,0.02479251224,0.001834546649,0.004810619304,0.008900341359,-0.02970031889,-0.03541004298,-0.002726515989,0.0007647196385,-0.01391243582,-0.005088432731,-0.001529025728,-0.02468065793,-0.01201106268,-0.01268724337,0.02005480246,0.009186774707,0.007995796007,0.005434378786,0.009464262244,-0.03633155791,0.0246641957,0.02119649794,0.03362192151,0.009175649382,-0.03305597569,-0.01494786526,-0.02370693731,-0.02083781232
2008-12-31,-0.02347811599,0.001434833308,0.004844469168,0.04926471365,0.01080304864,-0.02064628205,0.01195991546,-0.04579397707,-0.009834960682,-0.02608397499,0.05045415092,0.0501842376,0.00277848934,0.09179165848,0.07499691749,0.0004520581742,-0.01665773724,0.0384243124,0.0422481338,-0.02349290436,0.02816277104,0.03529171324,0.01159514987,0.03750369137,-0.01703777713,0.002142254056,-0.01616076962,-0.01298645554,-0.003757914033,0.03722907393,0.06964619286,0.08570514933,0.06323644733,0.09385724173,0.04995139288,-0.006250833403,0.08243751741,-0.01220219624,0.03066590043,0.02969796562,0.01234859445,0.04409569079,-0.03628302401,0.003448787512,-0.02093172691,-0.03656987955,-0.06463282493,0.05895038219,0.09860483118,0.002795735516,0.01362333828,0.03186984692,0.04204808337,0.008546386977,0.003536356622,0.003742267518,0.02616187308,0.03207265591,0.03719114346,0.07417360989,0.01562223433,0.03827788397,0.04419752141,0.01421774476,-0.0128840718,0.006520531032,0.0004624234709,-0.01169313918,0.01313214958,-0.01183395063,-0.02142704469,0.04688291329,0.04669103733,0.05542039686,-0.004718060926,-0.07538021749,-0.06048330792,-0.03819459199,0.09647231441,-0.08042327837,-0.03863532389,-0.05404709153,-0.0697243386,-0.06740550482,0.003431838071,-0.003658077219,-0.002030103465,-0.002916717108,0.01421774476,-0.01494674194,-0.002279065491,0.03494804612,-0.0005560156141,0.002034729907,-0.0358992162,-0.1028405859,-0.09846029502,-0.09840553137,-0.009845668072,0.09777991378,-0.0159757866,0.008603844325,0.003468879824,0.05846488527,0.07292459545,0.07177209486,-0.00316863718,0.03552329492
2009-01-31,0.005866814055,0.05171067467,0.0449949303,0.004106193555,-0.08681239223,-0.07539534149,-0.06799760304,-0.09101533206,0.05586541369,-0.0853422755,0.0295004543,0.08427240056,-0.07404282335,-0.01043811489,-0.02038894539,-0.08599984647,-0.08504299129,-0.01699181727,-0.003954581413,0.01435588094,0.0679873657,-0.01989686268,0.009696414885,0.01463025132,0.03785537952,-0.01652732342,-0.08087794769,-0.07250663319,-0.07149168652,-0.06091222152,-0.01750650183,0.07749852009,0.03462499039,-0.003884145602,-0.04391665638,-0.06337083591,-0.01243926636,0.06812625277,-0.01102993145,-0.006511161412,0.03322255022,-0.05068207071,-0.0485990009,-0.03934621986,-0.08806592007,-0.03497188466,-0.06706192818,0.07128867293,-0.01504880015,0.06678446516,0.03002012345,-0.005453113303,0.005397892658,-0.06550286706,-0.01097310493,-0.01046694996,0.04928100333,0.04980908229,0.03567755115,0.03184821028,-0.02574379515,-0.06464139056,-0.07281102956,0.04977823523,0.03396121837,0.02450908336,0.0105100101,-0.0107471727,-0.05847790562,-0.06754173447,-0.02952904056,0.02656527329,0.03187722127,0.002517321446,0.05183419015,0.006680616156,0.01121050197,0.01051349715,-0.01559769614,-0.03039598186,0.006516353588,-0.06848000781,-0.039437921,-0.03507639209,0.04243459668,0.03109852573,-0.0010167025,-0.003338246715,0.04977823523,-0.03754445964,-0.02633813411,0.04421117821,0.01315503865,0.02475231523,-0.03932630971,-0.02018528847,0.0003446493859,-0.000977580007,-0.004455662305,-0.008482174272,0.03850958269,0.04585561443,0.01980711681,0.02955049438,0.02086746302,0.02234995205,0.05053852678,0.07007865344
2009-02-28,0.002008061414,-0.02346473887,-0.02394870007,-0.03917773864,-0.01809027858,-0.03393775086,0.0021432496,-0.02687603598,0.0423615921,-0.03912970321,0.01520760228,0.0316232388,-0.04297810278,-0.04139635534,-0.05351109176,-0.02071316613,-0.03239270609,0.004098180469,0.02044315256,0.0351052715,0.03992297151,-0.02293245532,0.01804271063,0.02706374598,0.03767320946,0.01137951282,-0.04159948392,-0.01957884381,-0.04383213303,-0.01623406965,-0.05501186382,0.005102766835,-0.02839952772,-0.04427342284,-0.04872261132,-0.02661191843,-0.04775246594,0.03573597543,-0.006635674501,-0.02291734695,-0.01029569034,-0.0006881675773,-0.03744031307,-0.03664710349,-0.03065736926,0.04117067591,0.0100249123,-0.05616392181,-0.02569458272,-0.04119438421,-0.03705123725,-0.02790672598,-0.04636299207,0.01209966889,-0.007797370073,-0.004932432357,-0.03902781464,-0.04083712173,-0.04047931707,-0.04654959805,-0.01658121581,-0.0403004039,-0.02792492583,-0.02505501064,0.02622705183,0.01672404572,-0.005046930602,0.01737428575,-0.050761846,-0.03829795048,-0.002249042555,-0.05614833913,-0.05063676571,-0.04945490892,-0.03268712686,0.05212551745,0.04721183614,0.03604777648,-0.02616174862,0.02606666678,0.04063820794,-0.03335611007,-0.00335643991,0.01848824061,-0.01006247207,0.01500295902,-0.01003960919,-0.009689359195,-0.02505501064,0.01941689663,0.01010373888,-0.04156797185,-0.03437236866,-0.03633188311,0.02090914429,0.04664001783,-0.02329725605,0.04494590467,0.08866980536,-0.02716736533,-0.01112250628,-0.02266699145,-0.01778571345,-0.04159957968,-0.04275257422,-0.04208619977,-0.02966996008,-0.05311155851
2009-03-31,0.009320562429,-0.01585475477,-0.01616582313,-0.02700219026,-0.001201654684,-0.002644432553,-0.009720203888,-0.02654142421,0.02044770412,-0.0310696578,-0.01678973656,0.02317108125,-0.00458776258,-0.03724978427,-0.03032037708,-0.005306325629,-0.01870053049,0.008242909156,0.00181623054,-0.001135536244,0.02106265793,0.002694948122,0.00696068968,0.02707681309,0.0125268967,-0.01292245359,-0.02679747491,-0.01026133964,-0.01681484742,0.005938452569,-0.03303272928,0.01600200905,-0.01931540931,-0.03987418273,-0.03765331523,-0.02105234203,-0.03649617193,0.01712235018,0.00798658187,-0.0004460841832,-0.003245370663,0.00060255063,-0.008652427187,-0.01811068779,-0.02581353415,-0.006217924188,0.004313184565,-0.03505250187,-0.04883926604,-0.008965508466,-0.004901949136,-0.01238444739,-0.02102982856,-0.002137914755,0.002034172398,0.0009016540827,-0.03171409041,-0.03282333019,-0.0301488095,-0.03655198818,-0.007158712973,-0.01432050104,-0.02209235639,-0.02071941565,0.001206883004,-0.001724661533,-0.001480262256,-0.005603089285,-0.008728940302,-0.03438495728,-0.002546539319,-0.036150098,-0.03328032745,-0.03385442301,-0.0300890292,0.03269055897,0.02880574539,0.01698931243,-0.04770586322,0.01760371001,0.01650563203,-0.0258413758,-0.0007194776576,0.008748842058,-0.01599074887,-0.01665523255,-0.007179661672,-0.0006619196722,-0.02071941565,0.009262307531,0.01096764225,-0.03525570266,-0.02403919454,-0.0260876975,0.02402744189,0.02041040231,-0.01654025605,0.02442483074,0.02565416439,-0.04892336353,0.02319070686,0.002492461777,0.009553134969,-0.01855477365,-0.0399894317,-0.0397364282,-0.02065825728,-0.02960391082
2009-04-30,-0.006081970592,0.04868158975,0.04193047748,0.05668353974,-0.00884481559,-0.01224186534,0.005440685934,-0.0822150449,-0.01975089149,-0.08179484637,0.03450325543,0.008482023481,-0.009699163317,0.06221307477,0.04224315142,0.02408170405,-0.00224689824,0.06230730363,0.06162854575,0.07016747347,-0.003203852945,0.004114363697,-0.005794117544,-0.02631923601,-0.01571077247,-0.003137664256,-0.06634457216,-0.01579339857,-0.07145853726,-0.01374562099,0.03717552422,0.08286257262,0.04071830098,0.06082430308,0.04738306304,0.01437590318,0.05461782528,-0.0066847445,-0.002618258013,-0.01133853555,0.006684285548,-0.001586743048,-0.01315074313,0.004812468642,-0.06936552369,-0.03066045906,-0.04674496198,0.09141281888,0.04867172842,0.07946581289,0.04004609108,0.03078392723,0.03439612413,-0.07997064132,0.0001912605171,-0.0003871080308,0.07453215673,0.07665807998,0.06336535203,0.06691738888,-0.008484369965,-0.0118769304,-0.02990292881,0.05461472354,-0.03037223624,-0.008814727693,-0.0112136636,-0.01582670341,-0.009936490113,0.005432833432,-0.04184420478,0.05699286975,0.05272091489,0.05599270507,0.03276652774,-0.05718789776,-0.04272794627,-0.03162665936,0.0452925091,-0.07186824355,-0.01593746269,-0.01826294933,-0.0605117371,-0.07274425854,0.03760473366,0.01007718275,0.02260133818,0.0009980044534,0.05461472354,-0.0244469265,-0.02074381522,0.08281763248,0.0210599903,0.03945593804,-0.05833407909,-0.07788369151,-0.04823846848,-0.060374374,-0.07093719658,0.0527603797,0.0008201463248,0.05684013708,0.02203782221,0.07721809367,0.0657105834,0.06327022832,0.0456987043,0.1053305186
2009-05-31,-0.003102664374,0.05136259304,0.04663652987,0.06554192155,0.02859282304,0.0239170497,-0.002113917825,-0.08666962107,0.005112233483,-0.06606773709,0.01328007157,0.01302403524,0.0421527652,0.06354888868,0.07689992535,0.04619969341,0.006108895423,0.06068339045,0.03939374757,0.02821328567,-0.03539515723,0.04682165219,0.02300452445,0.01108323783,0.01861295885,-0.01469563827,-0.06441030017,-0.003199262397,-0.05746902716,0.02453193452,0.07662052809,0.06102775398,0.04197624557,0.06840636263,0.05530333407,0.04363247407,0.06316489053,-0.00325044332,0.02560952182,0.03516001466,0.04419196924,0.02036977274,0.01126215409,0.02181591604,-0.05699414416,-0.009422397492,-0.03889684243,0.1237201913,0.03447899245,0.1066127663,0.06330135539,0.0399158655,0.02635739853,-0.1005172681,-0.006608665398,0.00481693886,0.09405783332,0.09386004307,0.0716683909,0.1001829013,-0.07358739243,-0.06689713614,-0.06717700169,0.06274409208,-0.02517141543,-0.03269718954,-0.007933273109,-0.03585971353,0.01029296201,-0.04302602564,-0.02301684343,0.09231991441,0.09066397615,0.08330429704,0.04675897959,-0.07998539356,-0.05279796454,-0.04693473366,0.02918661436,-0.1074923894,-0.04180758658,-0.07093542576,-0.08402115358,-0.1053544028,0.04869547143,0.002443738964,-0.006819210473,-0.004239663265,0.06274409208,-0.02243311679,0.0003920496845,0.08991585216,0.03376889961,0.05445083735,0.04728357634,-0.08141896933,-0.09167252292,-0.02899762322,-0.05971768731,0.03859618602,0.02027831919,0.07865039076,0.04747077017,0.1009741299,0.0821596044,0.0912677268,0.06063608029,0.1275464135
2009-06-30,0.002144724399,0.03288510673,0.0316125657,0.02119863875,-0.01786530096,-0.01567550968,-0.004667914178,-0.0202781129,-0.002031471367,-0.01979174342,0.02919018284,-0.001158180595,-0.009385625,0.02594796819,0.01698181436,-0.009257127777,0.002006032264,-0.001341709778,0.01412245691,0.02088550054,-0.00541350295,-0.01420181267,0.001540416682,-0.008656535742,0.003033312435,0.004025935898,-0.01442943821,-0.0207510053,-0.01534146253,-0.01982738212,0.0145415882,0.01446686224,0.02128341267,0.02885270198,0.02317061113,0.01414313555,0.02451267717,0.001508075201,-0.01320059551,-0.01854187499,-0.001102023634,-0.01261898475,-0.006598882028,0.003667911965,-0.02054000463,0.008136915635,-0.01367010942,0.037392432,0.0359090133,0.0238301755,0.0113694509,0.01013961439,0.0023301734,-0.01775946515,-0.01045863089,-0.0005987503787,0.03740385304,0.03711005428,0.02917031481,0.02790930866,0.0007300258368,-0.003316309161,0.003261196678,0.03092896429,0.003439454647,-0.00494784298,0.001096754211,0.006013172328,0.005967038757,0.002204433735,-0.007935779809,0.02309998746,0.01926921408,0.01734759336,0.0288753331,-0.02600798774,-0.02057778742,-0.008457744419,0.03533077508,-0.01976258085,-0.003965136498,-0.00266656351,0.001777929263,-0.01866250647,0.03104145846,0.02934963465,-0.0008668675151,-0.004068296555,0.03092896429,-0.008277857697,-0.004233756298,0.0314381844,0.02421250305,0.02989538972,0.00805049373,-0.01058166,0.02132468912,-0.0006521703865,-0.009985396164,0.03926373921,0.001606442902,0.02051659439,0.00873723205,0.03303666782,0.0289151295,0.02588915645,0.04225080281,0.04246607887
2009-07-31,-0.004325564025,0.002181544193,0.00379476181,0.03013304839,0.01533435081,0.01398198358,0.02549620458,-0.001194735013,-0.005494390571,-0.004912608951,0.02518731802,-0.009140188892,0.01281075052,0.03725466834,0.0356817733,0.01310502153,0.009995485486,0.01526745719,0.01567811704,0.01720866903,-0.02897191879,0.00842954305,0.006474261245,-0.02773556778,-0.02583047048,0.01135577418,-0.01161646172,0.01485387857,-0.01859645537,0.0145315674,0.03296669114,-0.002946281846,0.01113765602,0.03671584077,0.03141509004,0.0351325556,0.03731170856,0.001642373219,-0.008833550383,-0.006898090468,0.00424060295,0.02508006362,0.009442338907,0.01872576543,-0.0008126354313,0.002319324492,0.01984328166,0.01753406009,0.04398292643,0.02283628186,0.01519264144,0.02114370319,0.01832550636,-0.02443627653,-0.004989971554,0.008316991235,0.01471184165,0.01586712885,0.01641961619,0.03009216255,-5.416219375e-05,-0.003256965816,-0.02010639402,0.009312098073,-0.01031231592,-0.01070541074,0.001039044586,-0.01993933871,-0.00223096446,-0.001349154633,-0.005617505926,0.0268126673,0.02562460912,0.03139577924,-0.003414941004,-0.03301711312,-0.02853373438,-0.02152836324,0.04289092959,-0.01715462092,-0.02654430298,0.03417250302,-0.01001024875,0.0008551126484,0.002296556101,-0.00469554731,-0.0007030371695,-0.004711617956,0.009312098073,0.008584933535,0.0141734522,0.01617898473,0.004835089533,0.01026719433,0.019006786,-0.02000010112,0.03423224393,0.02731754441,0.02074107202,0.04437370712,-0.00430120724,0.01423090795,-0.0002854003528,0.02096204592,0.0374719028,0.03115115494,-0.0001415933991,0.0406579907
2009-08-31,0.007565975367,0.02529890525,0.02173074317,0.01387753717,-0.01612522777,-0.007712289728,-0.02024081671,-0.003492669644,0.01363426046,-0.008174832008,0.01124193532,0.001371004147,-0.0132928,0.01372737265,0.018325465,-0.003315299729,-0.005572993059,-0.002312399366,-0.00784332499,0.0002143741809,-0.006074825309,-0.0133543796,-0.002803221486,-0.01045079703,-0.01665928302,0.002359233902,-0.01452087488,-0.006286549302,-0.01683331558,-0.01954591509,0.02715857048,0.0193202493,0.01846407029,0.01778864572,0.01540143597,-0.003056235472,0.01458671262,-0.006726856465,0.01581128952,0.007948446908,0.003351817789,-0.0169472664,-0.01385675669,-0.00897963813,-0.01952563102,-0.002310994771,-0.003814344087,0.04692680548,0.002617380048,0.03271308454,0.02186734099,0.004651655018,-0.003072071047,-0.0266471702,-0.00282599485,0.0006926144545,0.02988292613,0.03113479207,0.02574400204,0.02459105142,0.005913526794,0.02839898439,0.01030006959,0.02771522948,-0.0022828994,-0.003008299539,0.001452391561,0.01194427722,0.002758043631,0.02085690014,-0.004510166554,0.02459347612,0.02357051135,0.01777160674,0.03002507107,-0.02429361545,-0.01897172995,-0.003992798453,0.002022804589,-0.02637169866,-0.02130905196,0.02282210884,-0.0001538916629,-0.008757515474,0.02424157947,0.0202395698,0.00325304434,0.0002086533969,0.02771522948,-0.01389469712,-0.009708512955,0.02573574277,0.02321866908,0.02984759687,-0.02193855434,-0.0241609219,0.01341108649,0.009035036913,-0.02687718345,0.004715468335,0.01755830745,0.02675786237,0.01978584085,0.02783598269,0.01686624403,0.02167581689,0.0337751416,0.03704718424
2009-09-30,0.003970174413,0.01293456949,0.01248762381,0.01984257144,0.0002980410961,0.0001818656948,-0.00100863833,-0.007862890338,0.01052584097,-0.007063408537,0.01228233413,0.003091645612,-0.005061386406,0.01563685904,0.01604199818,-0.001127394583,-0.0098671644,0.002610900178,-0.007425170598,0.001247448535,-0.007267235499,-0.001491150847,0.005447713481,-0.01154742454,-0.01103364599,-0.002225365609,-0.01339155479,-0.0040766562,-0.0125951844,-0.003794746539,0.01987979323,0.003114097333,0.008412404278,0.01844490545,0.01178829607,0.009267655559,0.01692926044,0.005768075745,0.004394392596,0.00274602833,0.008470636048,-0.002889406378,-0.002190895841,0.002688218369,-0.007640162357,-0.003642746892,0.007463026693,0.03494719322,0.01289122875,0.02710319118,0.01824566259,0.009983810699,0.003631680233,-0.0165468032,-0.004503434468,0.001610069562,0.02381278543,0.02455144407,0.01631710984,0.02346018596,-0.008945063765,-0.005877235334,0.007737631615,0.01946494472,-0.001326301665,-0.005868967944,-0.00357673299,0.006963255215,-0.005598821877,0.003927877123,-0.0006054585603,0.02310327916,0.02159399276,0.01845451327,0.01449794317,-0.02344191787,-0.01763433227,-0.008223362285,0.01251461587,-0.01779719164,-0.01618847147,0.009769425333,0.01306960708,-0.01008761706,0.01340755087,0.008759683652,-0.002068638878,-0.003374996902,0.01946494472,0.0004693205873,0.007723115696,0.02425615539,0.01585909258,0.0224249412,0.01982439145,-0.004816235009,0.01601299771,0.01299093515,-0.01148285663,0.01325679805,0.007240129044,0.02023202302,0.01001414926,0.02246185308,0.01918040006,0.02103943519,0.01873512756,0.03399270405
2009-10-31,0.001766021654,-0.0009095276917,-0.002839210939,0.01037768604,0.00615202883,0.005985926486,-0.002886617753,-0.009675688551,0.007158514794,-0.004800165669,-3.204241329e-05,0.008536589591,0.004444637659,0.005767531299,0.01005331543,0.003156424126,-0.003834668597,0.006742996222,0.0006534501846,-0.004346907486,-0.00630684539,0.007997530786,0.007735058656,-0.0011734937,-0.00778337945,-0.002669413921,-0.008788373549,0.003864088496,-0.005219625123,0.008137845311,0.01189988904,-0.001075318509,0.0029835212,0.006270267895,0.004499635966,0.004648073009,0.005720518955,0.004657754506,0.01115070986,0.01016818738,0.005166170295,0.005753330548,-0.004071998669,-0.002987171436,-0.007166714564,-0.0005344693244,0.005685247466,0.01952448173,-0.003006536155,0.01660439471,0.01348554967,0.01077055001,0.003804191377,-0.0027323264,0.00290450472,0.001226671464,0.000116985811,0.0001773592832,0.002434084505,0.01222927074,0.001575914992,0.004168705951,0.01136310601,-0.0003145643949,-0.003795333049,-0.00911385234,-0.008253672079,0.006792117927,0.009993894004,0.005878783017,-0.0005495475893,0.01181026596,0.01219454958,0.01038904044,0.003925346675,-0.008053387591,-0.009313529419,-0.008391546055,-0.003466895176,0.0003596516553,-0.005991385842,0.005031242195,0.008896859032,-0.003036172351,-0.002480581469,-0.002184136614,0.0009195155614,0.002570464266,-0.0003145643949,0.003081503352,0.004035884034,0.002490779436,0.005867331585,0.008248566411,0.009274996958,0.004729680467,0.003774801004,0.004630187317,-0.007190098145,-0.00227001236,0.006581134571,0.00871004354,0.01218186455,0.01339611181,0.008217545532,0.009887632074,0.003967708102,0.01400490982
2009-11-30,-4.462122119e-05,-0.000374883676,0.0004726812796,-0.005231060383,-0.01061291204,-0.01017600851,-0.009015935989,0.005633957254,0.00209447282,0.004073806565,0.0006817059492,0.00207143001,-0.007022180999,-0.006895718351,-0.007713271933,-0.007154194925,-0.000500431279,-0.006545780436,0.001171064281,-0.001861838812,0.008527340949,-0.007294447397,-0.007713848144,0.007436262591,0.004090497681,-0.002822165615,0.005777298145,-0.006705658791,0.005191162771,-0.0114769486,-0.004060473792,0.004681915092,0.001021532172,-0.005784575914,-0.003918712008,-0.01000871454,-0.00664490925,-0.0008827966291,-0.003363377783,-0.005453147186,-0.005878505936,-0.0135916591,-0.007961216055,-0.009306272115,0.0008892641359,0.001160178157,-0.008092976867,-0.001583044419,-0.0112998416,0.002409193469,0.001373618498,-0.003289707312,-0.005742689633,-0.0003492610297,-0.0004672598667,1.716740075e-05,-0.003326307206,-0.003538892934,-0.006029044395,-0.007484690945,0.008479125746,-0.000823481198,-0.005818564377,-0.003300345717,0.005055046042,0.00431664929,0.003256910862,0.002550791525,-0.003508114284,-0.004022491955,1.763130261e-05,-0.006154689304,-0.006518601371,-0.008278705365,-0.00332178847,0.0001675760054,0.001780460514,0.00141938591,-0.0112832918,0.000339992822,0.004796972177,-0.003224338875,-0.005944129981,-0.003809199386,-0.003120340866,0.00213340917,-0.0002073571695,0.0005721463816,-0.003300345717,0.001430602297,0.001027387074,-0.003559754587,-0.003574047799,-0.004300955309,-0.006845871307,-0.005013536643,-0.005982645957,-0.006320779629,0.007858020076,-0.01072675798,0.003952054027,-0.0005769788188,0.00229627117,-0.001568269204,-0.007579776887,-0.007574761926,-0.00373284231,-0.005610657151
2009-12-31,-0.002443843348,0.01056523852,0.007634796079,0.02720372353,0.002937670907,0.001177196801,0.003115662276,-0.01596878977,0.01116577718,-0.01295763448,0.02032745091,0.003639710947,-0.002427943172,0.03175688829,0.03111476468,-0.001210685396,-0.01081643506,0.003277550314,-0.001392846312,0.002879925552,-0.01105815386,0.006354080329,0.004032933465,-0.01380133622,-0.01568994276,0.0002730606912,-0.01747619827,-0.007609295759,-0.01875885317,0.001734803579,0.03393223072,-0.004735548022,0.01636836325,0.03323543635,0.02560711353,0.02321326428,0.03066177168,0.00256832689,0.003853142784,0.003502676322,0.004446537922,0.002485720604,-0.005490703203,0.004857211756,-0.01197668834,-0.009123215325,0.02517933684,0.02957182015,0.02596402629,0.03707716734,0.02349307384,0.02164030323,-0.001474685868,-0.01036834732,0.004383794099,0.001070633751,0.01822881945,0.01861631517,0.01614723615,0.03371204516,-0.002803237174,0.0147533148,0.01680583493,0.01450835012,0.001729678841,-0.003184119237,-0.009280142807,0.01344722683,0.009272788313,0.01151385,-0.001348142002,0.03204357634,0.03054995144,0.02936899893,0.01389632385,-0.01983577714,-0.01628268637,-0.01086121954,0.02521206772,0.01491943619,-0.01749020943,0.02160301245,0.0341088722,0.03215844162,0.009432256391,-0.0005638030808,0.003428732764,0.00613122025,0.01450835012,-0.01101737924,-0.00708100918,0.02352312063,0.01990354381,0.02228795878,-0.006946057441,0.01984421916,0.02827275695,0.03134145098,-0.02069393773,0.02653860133,0.007627997619,0.02513033352,0.009398838938,0.02870370555,0.03254073952,0.0327034462,0.0140811922,0.04562639062
2010-01-31,0.007805093449,0.007026202785,0.005301169036,-0.002639846337,-0.009594355939,-0.01119049973,-0.007447713875,0.003256507984,0.003589473652,0.0006720973209,0.000434888062,0.004194606335,-0.01013276039,-0.007504487143,-0.006087783611,-0.008502737845,-0.006087867274,-0.004618179853,-0.00191948875,-0.006399861347,0.01202552383,-0.002612442317,0.0004740886703,0.007986516664,0.004012185584,-0.00207194581,-0.0009123088317,-0.006565207339,6.657014413e-05,-0.008452691555,-0.002627176461,0.007204059301,0.0004123590476,-0.006640872872,-0.004475214169,-0.008995465874,-0.007175548216,0.003509845604,0.002962079484,-0.001578915391,0.005788467423,-0.009171807861,-0.00499339777,-0.008518601873,-0.002115336641,0.0003963993172,-0.009801332101,0.00257968209,-0.01251769979,0.005316205988,0.005016966556,-0.005105203255,-0.006251503885,-0.001706811061,-8.566655951e-05,0.0004137391062,0.004697255098,0.004926385929,-0.004202490488,-0.004209643374,0.0113695415,0.006597807125,0.007885474781,0.003163389828,0.003690025402,0.0008405961564,-0.0004500400899,0.006802990113,0.002412967345,0.002020960976,-0.001548438637,-0.003192514947,-0.002258961324,-0.00495091319,0.01036425325,0.001360745946,-0.001219652208,-0.0004767861036,-0.01280141411,0.002841576705,0.004412322023,0.005831935662,-0.00119554569,-0.005524695189,0.005696080165,0.006022925487,-0.0008420694833,0.001815318703,0.003163389828,-0.002485992255,-0.0021025059,0.00277713799,0.004228718381,0.003809581877,-0.009821017249,-0.007447421379,-0.007586489762,-0.007841388056,0.0009229305463,-0.01246476764,0.001835392234,-0.001193247028,0.004344289666,-0.001350378563,-0.00688137231,-0.005658991627,0.008894095151,-0.003150908712
2010-02-28,-0.001786679325,-0.001630383557,-0.001245286101,0.0008897735586,-0.001529894007,-0.001157341632,-0.0007654575304,0.003722074941,-0.0004804071611,0.003496190527,-0.001606124851,-0.0007250365839,0.0007535098005,-0.002370041836,-0.002934000725,-0.001296261991,0.001245262717,-0.002760277663,-0.001774926843,-0.002188559334,0.0008969126751,-0.001783708829,-0.001922859888,0.00114628487,0.0004998155538,0.001549868609,0.0006237023961,-0.002110594616,0.0005339279917,-0.0005009837651,-0.003555574595,0.001189889655,-0.00250120131,-0.001844057697,-0.002697735798,-0.001899607215,-0.002180725309,0.001108470998,-0.000819616368,-0.0009444823085,-0.004623111412,-0.00100168902,-0.001950580924,-0.002037450174,0.001044424809,-0.0001978921386,-0.001321313564,0.001755642684,-0.0002250861632,0.0002664746338,-0.0002506641637,0.002252482112,-0.001300707633,-0.00264287883,0.0003080650278,-0.001279073269,-0.002784966974,-0.002843073407,-0.003052739309,-0.002814222912,0.0006167436273,0.003564988778,0.001837276878,-0.002348010343,-0.001139766395,0.001724645106,0.002790580378,-0.003352749505,-0.005342844663,-0.003236505448,-8.601177661e-05,-0.003621638075,-0.002545281884,-0.002953796453,0.002409853968,0.001395852433,0.001717740006,0.003124251838,-0.0002655486526,-0.0007669267623,0.0005642438808,-0.0001055411719,-0.001676240408,-0.001806223249,-0.003460515212,-0.001948123078,0.0007657500163,-0.0002662722472,-0.002348010343,-0.001107261621,-0.002110961192,-0.003180842963,0.0008179670634,0.001247825303,-0.003810284968,-0.001602453389,-0.003179674988,-0.003286220095,-0.0006159578276,-0.0002594522434,0.005090331515,0.00388974054,0.005329310517,0.005952163654,-0.002098555972,-0.001480663192,-0.0001657177953,-0.00132772688
2010-03-31,0.002631330239,0.0004775811723,0.0008130153106,0.01858431597,0.005371356258,0.00457624065,-0.001978496842,-0.00837461527,1.65271812e-05,-0.008312976778,0.008535713165,-2.837946825e-05,0.001039705665,0.01777733851,0.02010610372,0.0027315604,-0.006848205713,0.001697088652,-0.004617922475,0.001457134399,-0.007315741919,0.004546753669,0.002798990474,-0.008968751742,-0.01217295566,-0.004538613579,-0.01389108665,-0.00123428577,-0.01410276446,0.004136397984,0.02027361415,-0.004352869706,0.009667585041,0.0186541299,0.01399713692,0.01097818966,0.0174694085,-0.001073369895,0.005795439314,0.007873277304,0.005895843826,0.004338770069,0.002820951077,0.006334554736,-0.00545050995,-0.009261710551,0.01325158826,0.02258328132,0.01101947283,0.02090887788,0.01784956002,0.01418840337,0.005514496757,-0.00297571693,0.002275975656,-0.001619158892,0.008572302893,0.009733174714,0.00971120433,0.02003504709,0.01408817132,0.009957376707,0.01295298489,0.007430188755,0.00407505356,4.415578895e-05,-0.005050566055,0.007390389952,0.0004956516866,0.004725362638,-0.001249123111,0.02002095848,0.01925469748,0.01923963108,0.01048123543,-0.01057344144,-0.01392894758,-0.00903548432,0.01045116937,0.01929588275,0.00809294859,0.01709440853,0.01932341461,0.01711641084,-0.001426595793,0.002677182761,-4.724475743e-05,0.002156597752,0.007430188755,-0.003784932617,-0.003116534269,0.01171061353,0.01100795004,0.01360460113,0.001139733115,0.01272562698,0.01308215147,0.01596813862,-0.008039563665,0.01121549407,0.008168374164,0.01691258884,0.01172128895,0.01884646502,0.01810105416,0.0199179798,0.005903215154,0.02462130729
2010-04-30,0.000874443023,0.004584804526,0.004470970001,0.001959085972,-0.006751653871,-0.007517613152,-0.001040564528,-0.001657831276,0.001062779733,-0.004461832009,0.006927710632,5.432034478e-05,-0.008941249224,0.003575023082,0.0005491097832,-0.0027532333,-0.003938916511,-0.0007755153121,-0.002533911656,0.002631668835,0.002907283269,-0.005512518181,-0.0021710151,-0.004286302817,-0.002223195139,-0.003374097598,-0.004080487322,-0.005332607064,-0.004770059351,-0.008834777149,9.148875461e-06,0.001127557023,0.003119995237,0.00391458403,0.002882210412,0.002737347006,0.003389090438,0.0009630078301,-0.00411008524,-0.00700026038,4.774931906e-05,-0.005937577588,0.0001498360473,0.001573676954,-0.003500195507,-0.0008038357119,0.000717371424,0.0008681331211,0.008463407965,0.00521726707,0.003135421955,-0.00100310657,0.004027810623,-0.001839617384,-0.001520197097,-9.332227367e-05,0.007017051359,0.006727360857,0.006274469903,0.002238710681,0.004369115853,0.006464609554,0.001930856225,0.004609809437,0.004784516142,0.005819002373,0.006104289642,0.002710200139,-0.007760663904,-0.00612497866,-0.001496268924,0.0004861747357,0.001670776169,0.0004594282349,0.0008128272151,-0.0008694023925,-0.0008685243632,-0.0009453927966,0.007903295315,0.004607535304,0.003965745454,0.004226360203,0.003742161328,0.004633777876,0.004757670753,0.002946285059,0.0006721472517,-0.001525435402,0.004609809437,-0.001750189483,-0.001290135893,0.006586428494,0.001665548733,0.002649666091,-0.001711127325,0.003102428779,-0.002321414777,-0.001223043624,0.007781666544,0.008335902866,2.762078871e-06,0.00328113222,0.0004370156634,0.003435571182,0.004660369913,0.005043989778,0.005106465599,0.00770811992
2010-05-31,0.0009293638079,3.792542927e-05,-0.002567851981,-0.01685694313,-0.004629956207,-0.003476856982,0.0006132506012,0.008704778322,0.002534828557,0.007267747067,-0.01705754489,-0.007190937698,-0.001686447588,-0.0301482464,-0.0291436856,-0.003748101313,0.006664134581,-0.004877732137,-0.00111596186,-0.00137456868,0.01103801192,-0.00877016491,0.001378566437,0.01502613791,0.02071617468,0.006186994394,0.0131243761,0.004860760222,0.01183724716,-0.003801483663,-0.02845897655,0.00509170647,-0.01995503038,-0.02972479109,-0.02654209577,-0.02041775246,-0.02849249289,0.001276957225,-0.009041150532,-0.005640297008,0.0001090157341,-0.004379123923,0.003431154255,-0.006362262822,0.006084849615,0.01057741066,-0.0239563169,-0.01360445778,-0.0263865944,-0.02561645854,-0.02037065912,-0.01312556598,-0.01215677658,0.007091845074,-0.003427471,-0.0001766739257,-0.00729268145,-0.00836191176,-0.01333480309,-0.02682521631,-0.01286298193,-0.000352945324,0.002816040941,-0.005969886189,-0.000838478772,0.001329900125,0.009971584575,-0.009516589627,-0.01285035599,-0.01020315241,0.003986116896,-0.0252475113,-0.02607500121,-0.0263621483,0.002057010545,0.003862411794,0.009647667046,0.008376903497,-0.02645388798,-0.02991050827,-0.02940125647,-0.01976705933,-0.02072484156,-0.02470146484,0.001511331394,0.009740357856,0.0002548183228,0.001781541583,-0.005969886189,0.001392866951,-0.003672312608,-0.01274410821,-0.001891085199,-0.002583052905,0.0006389461712,-0.02814972031,-0.02724507348,-0.02543056341,0.0007813596281,-0.02691874061,-0.001419556128,-0.01955918344,-0.004341183596,-0.02019961852,-0.0267042293,-0.02685730127,0.003571725449,-0.03618794311
2010-06-30,-0.003705052716,-0.007672539309,-0.003725098256,-0.004840965696,0.003291578067,0.00462723218,0.008392670628,0.005269263712,-0.004211838106,0.01015743392,-0.009005109219,-0.003803498166,0.009394712979,-0.002907999732,-0.004213370481,0.0100894008,0.01320882361,0.004222891786,0.002984843807,0.005418314385,-0.003490932341,1.974378342e-05,-0.003246448005,0.0008040211737,0.003004935159,-0.0006326773823,0.003704976282,0.006872926717,0.0004499616272,0.002353463505,-0.005938243902,-0.005412431015,-0.006656904976,-0.005139622427,-0.00386752377,-0.0009672268148,-0.00290243329,-0.002805807196,-0.003131523499,-7.280086596e-06,-0.003573811134,0.001224805791,0.007464868721,0.005098450979,0.009664859765,-0.005400277399,0.00183625523,-0.008376067533,-0.00239554232,-0.009547244275,-0.006844284103,-0.001592377778,0.003030468667,0.004530682298,0.001665716648,0.001815450568,-0.009318346582,-0.00879440439,-0.006183377507,-0.006176746464,-0.01030191572,0.0002786360401,-0.005740716912,-0.00668992717,0.0005956132012,0.001569780347,-0.001431625321,-0.00537797462,-0.0009807432923,-0.005951067698,0.001932512695,-0.005910096058,-0.004055193551,-0.003518758924,-0.0156715607,-0.0004282583932,0.006012989761,0.005454593003,-0.001326521637,-0.006607601872,-0.005333665519,-0.002267147139,-0.003920157444,-0.008338752469,-0.007840411867,-0.01119736447,-0.0005505942472,0.0001412505622,-0.00668992717,0.002823357855,0.002703778104,-0.007656575236,-0.01502448836,-0.0156593057,0.004407750413,-0.001145409426,-0.002211684224,-0.002300723573,0.0182466125,-0.003354860003,0.0007445487694,-0.005503104432,-0.001834900116,-0.004051515563,-0.00313808427,-0.008590330051,-0.01038811035,-0.01035341223
2010-07-31,-0.00258614218,-0.001944658965,-0.0007178538681,0.01852856998,0.004858574616,0.00163241123,-0.002223158199,0.00708035589,-0.005661850591,-0.002654115678,0.01411764111,0.007071207287,-0.0009048467782,0.0170502882,0.02025148326,0.007246989612,-0.003555112934,0.01023788631,0.0001080356668,0.007415118161,-0.006979014047,0.0007408447687,0.002596074073,-0.009944333899,-0.01577052523,0.0007270826456,-0.004955089663,0.0003869242782,-0.0070719801,0.005159043207,0.01666166052,0.002188087617,0.01089761438,0.0193904761,0.01444388519,0.01317091304,0.01744760346,0.007575341397,0.004384295952,0.00378910913,-0.005441627081,0.00637187666,-0.00639001824,-0.001338401198,0.006826089119,-0.01517117524,0.01453049943,0.02362257579,0.01155715845,0.02287645628,0.01303818272,0.01425604688,0.009322058515,-0.01429782526,0.00484453636,-0.003437762843,0.01304819096,0.01499631153,0.01349729819,0.01792809805,0.005917610952,-0.01272492303,-0.004748450632,0.005911690399,-0.003428882993,-0.004506786591,-0.005826938862,0.002203204042,-0.01532046428,-0.01536517635,-0.004450771959,0.0158975513,0.01489020827,0.01596293563,-0.0001216184203,0.005890837551,-0.002273861079,-0.006709269998,0.01114132326,0.005880516305,0.01536095468,-0.02300510662,-0.01609600679,-0.003923181292,-0.002315714935,-0.003794865896,-0.0002146025157,0.002457713123,0.005911690399,-0.009573002717,-0.007266778184,0.01564977883,0.00405872412,0.007306240682,-0.01159486372,0.006238962481,-0.02231219858,-0.01385133912,0.006756560959,0.0127382332,0.005716819707,0.01397259561,0.00957760187,0.01778411058,0.01772042044,0.0179598355,0.001655129853,0.02625348108
2010-08-31,-0.0007409866381,-0.001132736569,-0.000596924061,-0.007726364344,-0.00670312235,-0.006410267176,-0.00091943301,0.004453859007,0.002264761291,0.002692749375,-0.002904346006,-0.002812888469,-0.005635747786,-0.007554139082,-0.007535406259,-0.00303104812,0.002043505592,-0.002720070796,-0.001859014519,0.0003359594658,0.00544122638,-0.006251659245,-0.002903495798,0.00259911668,0.001493786227,-0.002139432026,0.002159777453,-0.004125720888,0.004678065654,-0.006054347203,-0.006355188308,0.003476876604,-0.001710877859,-0.006585438999,-0.005150867566,-0.005510387504,-0.00744873536,-0.003252799803,-0.0004160134213,-0.003148155126,-0.003146474399,-0.007418098176,-0.002399820595,-0.005640164436,0.001423108768,0.003733820067,-0.00625289089,-0.007686126889,-0.007570919074,-0.004042391063,-0.005324869735,-0.005381677781,-0.004648188024,-0.0009637645271,-8.230288173e-05,-0.0003477190641,-0.002290162877,-0.001288714774,-0.002811110993,-0.008343943601,0.001848174489,0.00184293129,0.00509373176,-0.0006280062979,0.001239028896,0.002083389609,0.003275472549,-0.002671423953,0.001303707695,0.003440864339,4.906929094e-05,-0.007010470131,-0.007751037631,-0.00811356892,-0.008027611103,0.0006404605958,0.005185342977,0.003989129077,-0.007678153646,-0.00206486075,-0.007353666047,0.005847934396,0.005866728006,0.002415099096,0.002128705669,0.004636313068,0.0002912317161,0.0003517635856,-0.0006280062979,-0.001163481648,-0.002240714617,-0.003704114888,-0.006141599711,-0.006544388095,-0.006592392467,-0.00726426962,0.002336661311,-0.004771959542,0.01886167683,-0.007459130816,0.0009904121823,-0.003819760705,0.002002327719,-0.00193183087,-0.008563005261,-0.007279807254,-0.00515705348,-0.01004054344
2010-09-30,-0.0005544132154,-0.001846075437,-0.003019785769,0.01038117838,-0.001216366874,-0.001326152295,-0.005820880549,8.734461053e-05,-0.002152452122,-0.004040600299,0.006938926799,0.004939865519,-0.003919387428,0.009055595051,0.0122165725,-0.0002991404393,-0.003886579301,0.001017584389,-0.000980242458,0.0002739315842,-0.0001832251764,0.004333955559,0.002916976633,-0.001386309036,-0.006568534045,-0.002982082022,-0.005316617926,-0.004403531959,-0.00512210858,-0.00120857023,0.01315887967,0.001323182872,0.007969779668,0.01136220655,0.007607808846,0.001087183633,0.009048353624,0.005632760039,0.006732853939,0.004029619137,-0.001293001672,-0.001936284838,-0.007859841935,-0.006127787464,0.001595160896,-0.009181850097,0.009028512021,0.02134758047,0.0004675574834,0.01923651224,0.0159786076,0.009896328958,-0.002013967101,-0.009304081915,0.001353447947,0.0004305332774,0.0007991270035,0.0006177180714,-0.0002317987083,0.0131985454,0.00466024603,-0.008862334898,-0.01110456022,-0.0002868936582,0.001551574972,2.665260819e-05,-0.001778205046,0.007764834147,0.01099154743,0.0049639099,-0.001706367401,0.01427937128,0.01355343513,0.01208440296,0.002953640085,0.003544417467,0.001127427185,-0.001894502584,-7.039632701e-05,0.008205742781,0.01484020358,-0.007255584772,-0.01017245983,0.004251265709,-0.003306397328,-0.001750519752,0.001733276062,-0.0001207853765,-0.0002868936582,-0.002406303285,-0.002220772022,0.002126323359,0.003626527163,0.004930750688,-0.003767483443,0.005954104249,0.005856833046,0.004132320058,-0.001483740199,0.001453796395,0.006792195385,0.01026308719,0.008260173317,0.01203346493,0.0100153038,0.01218139487,0.001277506869,0.01794859394
2010-10-31,-0.003314519478,-0.003257136454,-0.004522893736,0.004601604035,-0.000318593045,-0.0005502467997,-0.00284731036,-0.0003219026673,0.001828525329,-0.001082577741,0.005186093471,0.007328650377,-0.002257462641,0.002890871432,0.004792451812,-0.004499406856,-0.003743176862,-0.002103584473,-0.001477138071,-0.003736254597,0.001357551354,9.70990625e-05,-0.003098388304,-0.001990380569,-0.004490122263,-0.006490182944,-0.000901166025,-0.001742673671,-0.0004362803313,-9.549301162e-05,0.00318992756,0.001216084073,0.00507398787,0.004689975578,0.003201065338,-0.001860897299,0.003049021008,0.00466939064,0.003443535916,0.0008100611612,-0.0006443675185,-4.739724955e-05,-0.006452657046,-0.004547787862,-0.002018432557,-0.002445905075,0.003118560667,0.01395510451,-0.00528791062,0.0114814141,0.01121871121,0.005686351358,-0.008703683262,-0.001852439699,0.002465266162,0.0001145864526,-0.003017626394,-0.004266266105,-0.007868886729,0.004892180085,0.003413943643,-0.0008085149939,-0.007981058708,-0.0021954857,0.003879196574,0.00113871041,-0.001115755103,0.002931415909,-0.00259168242,0.002495366406,0.0005491534951,0.003926875833,0.004634918669,0.004432099299,-9.641636018e-05,0.0006247485754,0.002634709661,-0.0005077892704,-0.005317682766,0.003658235079,0.008295297306,0.002478484739,-0.01287776727,-0.005379627787,-0.005681060186,-0.007929432711,0.001112267595,0.002677457362,-0.0021954857,0.005709900237,0.00550321842,-0.002869581395,0.0003164877672,0.001339283126,0.009383727626,0.001272456321,0.003314380996,-0.0043219566,-0.004485989514,-0.004851268024,0.002277201233,0.003737518458,0.00546643159,0.007386810654,0.003373505068,0.005263803523,-0.001535861336,0.009109688425
2010-11-30,0.003034162599,0.005821342069,0.005141465947,-0.001295289479,-0.005494345846,-0.003108444698,-0.003319905878,0.003915117468,0.001541192948,-0.003520370877,-0.002451601628,0.001767967427,-0.004223868262,-0.004971298983,-0.006381960008,-0.003471812051,-0.004094191873,-0.004194370871,0.001442376324,-0.00330387012,0.003292810231,-0.0006405500616,0.001715428511,0.005361904953,0.003570862388,1.417164866e-05,-0.00549393413,-0.005403160669,-0.004861094657,-0.004773454758,-0.001282310003,0.001559352561,-0.002890048986,-0.005665077319,-0.004277471895,-0.001852322912,-0.005493192386,-0.003544364626,-0.0008965760714,-0.001898518654,-0.00470413483,-0.004992208493,-0.003262128501,-0.004452844231,0.003624491163,-0.002271430073,0.001515751552,-0.001284620428,-0.001100929475,-0.0004569024843,-0.001707678834,-0.002217314986,-0.001495103141,-0.006497600838,-0.003118147644,0.0008538391215,0.003258258185,0.00333431715,0.0003858417284,-0.003470287621,0.006695927115,-0.002067813375,-0.00340870893,0.003714785294,-0.001708383288,0.0003856793503,-0.0003632898826,-0.001570052995,-0.006784683113,-0.001957121316,-0.0009182448264,-0.002347360222,-0.002344761144,-0.003247006271,0.00827421592,0.001199799706,0.00328678609,0.001980635578,-0.001131853459,0.004491597216,0.003136185983,-0.002613345484,-0.003526752346,0.0005396634853,0.003280628988,0.003859157913,-0.001554847068,-0.003530352576,0.003714785294,-0.002227051735,-0.00124504903,0.00227418108,0.00487991337,0.005093114955,-0.008296344233,-0.004225319846,-0.0040733814,-0.00036578656,-0.01009919622,-0.001799021814,0.001901872259,0.001845480305,0.002360464823,0.001539662369,-0.004961578476,-0.002382667991,0.005924080468,-0.002605148506
2010-12-31,0.0008618417322,0.004377714926,0.00403476857,0.0252643667,0.01134065675,0.00512745489,-3.798444989e-05,-0.0019434621,-0.001244065524,-0.006083206547,0.01585125845,-0.0003863085401,0.008129071766,0.0270116821,0.0287533877,0.01157302443,-0.001086075245,0.009076594737,-8.99421219e-05,0.007633504687,-0.008118327555,0.01167312257,-0.0001465358826,-0.01789120196,-0.01811537908,-0.00180294958,-0.00915029522,0.0008877265045,-0.01051040503,0.009635034979,0.02342369525,-0.006124403663,0.01118778259,0.0264419411,0.02274278577,0.0171984552,0.02605490493,-8.658937864e-05,0.003106505586,0.008802437136,-2.500705645e-05,0.01227296002,0.0003218183737,0.01248259784,0.005350662223,0.005648458024,0.02389686992,0.01679238595,0.02749563824,0.02069365335,0.02016652376,0.02017849243,0.01096101926,0.002270504414,-0.0005686948169,-4.533656803e-05,0.01597346358,0.01652287759,0.01502317253,0.02428326888,-0.003556750986,0.002056606099,-0.006519931187,0.009714728381,0.007196938711,-0.0001698088922,-0.001607951505,0.006109555159,0.004592938273,0.008139660741,-0.002024425008,0.02242225308,0.02365724843,0.02569356724,0.007143972944,0.01003741455,-0.004416530424,-0.008244004342,0.02767663659,-0.002514456608,0.01990150581,0.007558064971,-0.003152312429,-0.008655431597,0.003949855061,-0.003543923323,-0.001518204116,-0.001204012608,0.009714728381,0.003266639448,0.001264762659,0.02084873115,0.01255270954,0.01396106086,-0.006867624393,0.01219054864,0.01878262437,0.01557244161,-0.01083495494,0.02793811238,-0.001073369094,0.01771050866,0.0001366272408,0.01609754956,0.02734043043,0.0242143721,0.002294606209,0.03642152669
2011-01-31,0.006423329369,0.01266362467,0.00971594361,0.000856096048,-0.007164028479,-0.007775567328,-0.003532092924,0.00352310449,-0.00133873624,-0.004786814364,0.005622059055,0.002069043631,-0.01105523032,0.0005806216501,0.001900939265,-0.006971244479,-0.008936021741,-0.002355017545,-0.002877602893,0.0006689603594,0.00456226454,-0.003130077932,0.002307622638,0.001870459615,-0.00177278732,-0.004159712079,-0.006387920717,-0.007899442074,-0.006963591639,-0.005192411312,0.008026321723,-0.0001253199438,0.005045496132,0.003365001432,0.0009671203278,-0.001852646368,0.001208838142,0.00280093899,0.0002943430331,-0.002051631996,0.006671246715,-0.005637193466,-0.004583507448,-0.006318150674,-0.0009745632603,0.007655420404,0.002763621512,0.001277679095,-0.003737661409,0.01364349601,0.01030916684,-0.0006479157939,-0.005263571138,-0.00590462014,-0.004060839135,-0.001595266515,0.01258009902,0.01083251189,-0.000972493433,0.006293799286,0.002882396686,0.003836492398,0.002617797653,0.01177202063,0.008392208624,0.004679193527,0.001145333834,0.0005482637036,0.00298662814,0.004058722255,-0.002312557191,0.007633979381,0.006759248938,0.004931425171,0.01415438114,0.005399683179,-0.006251927145,-0.006315016059,-0.004254912586,0.004874144473,0.007586528516,0.006455438412,0.001695619756,-0.0006040263601,0.01030241534,0.007877079372,0.0003120617439,-0.001171209651,0.01177202063,-0.001095696148,-0.002151679404,0.009619363924,0.009242425462,0.009027948684,-0.004197435217,0.005608016094,0.003236681251,0.002679309461,-0.01273441418,-0.003207214938,0.007403146403,0.009596780914,0.006897786539,0.009300247581,0.00506475174,0.005440882273,0.01497148303,0.005888625017
2011-02-28,0.0007983758171,0.0004980673767,-0.0001825509688,0.009423657331,0.003208324218,0.0004729131349,-0.002879794653,-0.0007777829455,0.000908847255,-0.002631137692,0.008943653137,0.002127748281,0.0006899761102,0.01046313329,0.01275755873,0.0006170836468,-0.00334207695,0.002499528955,-7.624672979e-05,-0.0008462907801,0.0001506352452,0.004349440607,0.001590765942,-0.005597514398,-0.007286763962,0.0006587695414,-0.003211934387,0.0001774598279,-0.002036739773,0.003196809084,0.01030416828,-5.538411202e-05,0.005051489933,0.01156080155,0.009085107294,0.003743643482,0.0102646242,0.003195472073,0.002039448711,0.002827853017,-0.0006593832106,0.003990821503,-0.004058176005,0.001277964206,-6.160237522e-06,0.0003401173894,0.009482437348,0.00198768132,0.007292102625,0.01414960646,0.01414808796,0.00766328973,0.001625919073,0.0001970483016,-0.001097403049,6.182346397e-05,0.006164473878,0.005713240909,0.004229165947,0.01075338408,-0.0004523561481,0.004381572277,0.003945086602,0.005534149243,0.005596439218,0.002082646358,0.0007382776935,0.005111497783,0.005308445568,0.00567249344,-0.001175194905,0.01077554352,0.01081355265,0.01109802335,0.002422901294,0.007344871492,0.00252808047,-0.002361095438,0.007002370182,0.003869541592,-0.006309333743,0.006413329549,0.009299682201,0.0002810789281,-1.986188878e-05,0.001388978464,-0.0008349487356,-0.0002842300718,0.005534149243,-0.003118821422,-0.0009137750065,0.007788103216,0.006571166555,0.00667553316,0.002810357619,0.007334880839,0.0104559516,0.008664283069,0.001026781911,0.007780907753,0.006006454694,0.01110917062,0.004566243798,0.01015675639,0.01024047403,0.009421914685,0.003567056249,0.01272422605
2011-03-31,0.001830893319,0.003723021982,0.002598681445,0.0009586286688,-0.003119016764,-0.00211369117,-0.001281126183,0.0001306950305,0.0008125642744,-0.0006087989606,0.0008014265811,0.002396013156,-0.004251458907,-0.00125190504,-0.0005963832145,-0.003636565362,-0.003588635875,-0.002798613202,-0.001776702384,-0.00297603928,0.003327633979,-0.001698478142,0.0003322530196,0.002926317614,0.000564179292,-0.001423757446,-0.001691778713,-0.002998257978,-7.232914375e-05,-0.001964931903,0.001236016252,0.001555433009,0.001321589998,-0.0007810736594,-0.0005566972504,-0.002051151544,-0.001329943138,0.0007464736714,0.002192497537,6.516281289e-05,0.003963907054,-0.002371696311,-0.002561800024,-0.004090056513,-0.001467019247,-0.005611171656,-0.0009489756074,0.002006090699,-0.004138585523,0.006607663744,0.004349388482,0.0001375875916,-0.00523904115,-0.003271715263,-0.001301901254,-0.0006473029802,0.003084006536,0.002954372536,-0.001322301742,0.001093333607,0.0002294195335,0.0006861413793,0.001515769918,0.00331650772,0.001628452301,0.00156249374,0.001542654505,0.0009846172799,0.0005732084581,6.267717617e-05,-0.001252378822,0.001030171553,0.001582203048,5.836305812e-05,0.007538190638,-0.0008165082223,-0.001994839142,-0.0009276280757,-0.00422802038,-1.019885081e-05,-0.003860017676,-0.001614904769,0.0001814367126,-0.001839980644,0.003504356557,0.005658753403,-0.0005464392132,-0.0004025038352,0.00331650772,4.849379173e-06,-0.0005960179558,0.002794782913,0.004167891649,0.004995862277,0.002129458086,0.001088102726,-0.002082802277,-0.001018024285,-0.007232606389,-0.003965211174,0.004684016353,0.003861512329,0.00505621329,0.005212553204,0.0002112915565,0.000216987486,0.005368300231,-0.001020354595
2011-04-30,0.00114104321,-0.0002668642456,-0.0006683823884,0.004873154251,0.004014506456,0.002674659526,0.004055505723,0.001237235977,-0.0005225467124,0.001278673107,0.003558354471,-0.001439664334,0.003306676999,0.007841510398,0.006970660597,0.002964559255,-0.0006972123259,0.004620220175,0.001405383708,0.003558112864,-0.004592345059,0.002874273346,0.0007152367143,-0.006169146198,-0.006022767942,0.00435416607,-0.0002813506048,0.003297969062,-0.0003491568815,0.002650755241,0.004200245842,-0.002708528726,0.0008361195298,0.007054083935,0.006233975089,0.006789192154,0.007431758514,-0.0003955600528,-0.001128889937,0.001178935572,-0.001650517658,0.003487972337,0.003327528689,0.006771527673,0.002653502432,0.005586517677,0.005320022492,0.00268967458,0.009267624238,0.003254262154,0.002470771736,0.002393415093,0.005447859349,-0.001666819482,0.0008854003599,0.001476042303,0.004151309366,0.004353777023,0.00571558883,0.004915775089,0.0003007419731,-0.003908357171,0.0004827583035,0.004365453784,0.0004474120464,0.001747119328,-0.001298215898,0.000165564918,0.0003858869503,0.0005718603008,-0.0001956176308,0.004283124091,0.004098568151,0.005836969,-0.002996524453,0.003492033054,0.002146131437,-0.002713434675,0.009121185023,-0.001136642892,-0.002783579459,-0.001190228921,0.002676540796,0.00226446738,0.0001914822049,-0.002032558515,0.0002464087856,4.513654992e-05,0.004365453784,-0.001311221553,-0.0008920342103,0.004606117757,0.000673242749,0.0004710978363,-0.006738979089,-0.0006167177031,0.003601737438,0.003271304795,0.01095795781,0.009554102106,-0.001371078945,0.00329884584,-0.001614640602,0.002556268577,0.006873471599,0.005865961834,-0.0004177805707,0.01113881453
2011-05-31,0.002614619771,4.635672639e-05,0.0005415086545,-0.005166862606,-0.00248299347,-0.003017476153,-0.001722301189,0.0004448318238,-0.001206940102,0.0003776314976,-0.004576702711,-0.000590504016,-0.002809515895,-0.005664732711,-0.006003721805,-0.001192394709,-0.001108734591,-0.001821225786,-0.002980707606,-0.001951151039,0.002478190817,-0.001882953718,0.0008035420733,0.003528280972,0.002513341384,0.001580090572,-0.001037968752,-0.0009604420203,-0.0008585682917,-0.001819401181,-0.003340155578,0.0002147772239,-0.001841139752,-0.006459264934,-0.005683367701,-0.002051528898,-0.005688088251,0.0002382866194,0.001108349654,0.001366088338,0.0007883869619,-0.001964896065,-0.0001536830157,-0.00287454016,-0.0001573669603,0.0001411200237,-0.002641583579,-0.001890751802,-0.005765629477,-0.004014600732,-0.003762378871,-0.004591115102,-0.0007254110453,0.001357945705,-0.002231993476,9.585675049e-05,-0.001748854055,-0.001902998681,-0.00183776698,-0.00309593124,-0.001086187815,-0.000825512483,-0.0001803842776,-0.0009427042176,-0.001372060393,-0.001447506396,-0.0002016432112,-0.002156124849,-0.0008866230583,-0.001652977533,-0.000278924757,-0.002293979053,-0.002346111919,-0.004100220905,-0.002413783042,-0.001976238656,-0.001072870775,0.002014466519,-0.005962184582,-0.002056698815,0.0003948804055,-0.002642351245,-0.003196006015,-0.002375817234,0.001315358336,0.002497121776,-0.000859490087,-0.000770231202,-0.0009427042176,0.0005174036877,-0.001175191677,-0.002500354542,-0.002849281764,-0.002667369299,-3.67055848e-05,-0.001554920096,-0.003909794897,-0.004226708591,0.005593551482,-0.005520113175,-0.0007147312423,-0.005217092475,0.001393442799,-0.00250572274,-0.003793446998,-0.003070224259,-0.00295558034,-0.006996385748
2011-06-30,-0.0008638036212,0.001943365452,0.001148997433,-0.005041506589,-0.00315019661,-0.001115748382,1.384884263e-05,0.002194174703,0.0002818209829,0.003747703277,-0.004887764607,-0.00145127166,-0.003343981722,-0.009065255546,-0.009277949608,-0.005084142245,-0.002221191403,-0.004619681619,-0.001637187811,-0.001395962697,0.00264166295,-0.005158943444,0.001963454062,0.004790880865,0.003903776469,-0.002016753253,0.003749365996,-0.001302979412,0.004249373596,-0.002586524096,-0.008198687229,0.001810078466,-0.005133314584,-0.008166374081,-0.007538655539,-0.004737550568,-0.008940799779,-0.0006442203476,-0.0008507886772,-0.001165165074,-0.00386265613,-0.002716373814,-0.001066052432,-0.004599991521,0.001132798029,-0.002091229312,-0.008294744054,0.001760113163,-0.007386975912,-0.006090452925,-0.007559630744,-0.002946060671,-0.003310530113,-0.00313695882,-0.001414188535,-0.001266635881,-0.001499652818,-0.002104038254,-0.003607611971,-0.008882193406,-0.002351939875,-0.003375380635,-0.007982863017,-0.001148524534,-0.004373635819,-0.003179147878,-0.0008833402961,-0.004844385088,0.003451771206,-0.0004531838517,0.001402954821,-0.006804270421,-0.008078656344,-0.008464225397,0.00319040402,-0.005587947749,-0.003603310869,0.005364193504,-0.007502001381,-0.009161444676,-0.004642078952,-0.005494917689,-0.01156885962,-0.008947451688,0.000192748808,0.007705332997,-0.00175428022,-9.445896523e-05,-0.001148524534,0.001734549694,0.0001771767407,-0.004779844286,0.0007527407462,0.001147241102,0.003555323729,-0.007730686612,-0.004708234618,-0.00831140809,-0.008273074371,-0.00759963933,0.0003965006284,-0.004401766667,0.002020255881,-0.001431430158,-0.008562392808,-0.00779424148,0.001478192714,-0.008274460937
2011-07-31,-0.005292337823,-0.00731457946,-0.004696023521,-0.003825294208,-0.00344220619,-0.001016599209,0.005939540091,0.001033847486,-0.001261344758,0.006161226592,-0.004239235761,-0.004680346276,0.002048471101,-0.002764325016,-0.006398616692,-0.001119608713,0.002269049855,-0.003090037945,0.002368508669,-0.002420250044,-0.002738676935,-0.002881843684,-0.00511818885,-0.001106485601,-0.0006949617546,0.008097728532,0.006043593489,0.004477952371,0.003916067917,-0.004062901676,-0.008938261395,-0.001031514735,-0.005033344578,-0.004770825143,-0.002713833901,0.001190293113,-0.002852703739,-0.0041310727,-0.002203419342,-0.001820819294,0.003758190426,-0.00542275644,0.00500261378,0.003507230119,0.004282789054,0.005184291925,-0.006259492723,-0.003065920521,0.001632078638,-0.01260139012,-0.01119111229,-0.002381956347,0.006432748786,0.0004709713615,0.004622547602,-4.748344362e-05,-0.007920422082,-0.007019084926,0.003756794429,-0.007282217107,-0.003124837605,0.009063914283,-0.005241412046,-0.007558349937,-0.007511727549,-0.003881589222,-0.001404416968,-0.006115281766,0.003086263856,0.003694833479,0.003237133275,-0.008345197851,-0.009042840267,-0.007899269867,-0.01243323747,-0.0069123556,-0.0002661645202,0.004804995494,0.001890238399,-0.00580730477,8.749848052e-06,0.007352359446,-0.007723502909,-0.007200824747,-0.008101205292,-0.009049827734,0.003029076594,0.00310996447,-0.007558349937,0.00206941363,7.897241054e-05,-0.004331132243,-0.01088180384,-0.01150239115,-0.001633693076,-0.005187296476,-0.004073850624,-0.006286571227,0.02237460583,0.001182521337,-0.006273453908,-0.009524446862,-0.006124983621,-0.00879791041,-0.005215292975,-0.00551887947,-0.01209257655,-0.005338915524
2011-08-31,-0.003315015386,-0.00100973565,-0.001462340856,-0.02558377334,-0.0117320008,-0.009843189603,0.0008678980191,0.002782346423,-0.001246151666,0.009770282291,-0.02767292965,-0.004567593908,-0.009067219829,-0.03975824063,-0.04257252403,-0.01302413728,-0.002978904095,-0.01987015081,-0.008048668213,-0.00877051683,0.01256837861,-0.01374675725,-0.0007809340938,0.01927178303,0.02051389237,0.01628104339,0.00871709562,-0.003957139284,0.006483581906,-0.01239535729,-0.03441518313,0.0006653435721,-0.02009598116,-0.04036035628,-0.03376058521,-0.01366258722,-0.03922342609,-0.005532060911,-0.003518674574,-0.004414036438,-0.002534627754,-0.01405746982,0.005007898247,-0.01245144162,0.001489794369,0.01415441743,-0.03066272275,-0.00965253695,-0.03197011293,-0.03457371266,-0.03456371201,-0.02063879067,-0.008113981608,0.007697500108,0.002490043311,0.005815659992,-0.02040473122,-0.02049267626,-0.01989476909,-0.03421239682,0.002028294623,0.01517551387,-0.0005774014537,-0.01471531103,-0.01716498073,-0.01856571122,0.001153918271,-0.02176344124,0.008435801954,0.01227815785,0.003039023651,-0.03258950075,-0.03353073869,-0.03714486204,-0.00742580686,-0.02381213083,-0.02095368371,0.0162696311,-0.03180281513,-0.02008224746,-0.02039426722,0.0269547442,-0.003187814181,-0.02703148489,-0.001067204145,0.01010899218,0.002553137641,0.004274724267,-0.01471531103,0.008893713761,0.004999090438,-0.02624926803,-0.01573206848,-0.01629712172,0.01890508916,-0.02833118298,0.02353820764,-0.009490725937,0.01537173494,-0.0324311593,0.004554485063,-0.02008278339,0.005504932042,-0.01380567444,-0.03611735032,-0.03270310824,-0.005701402359,-0.04971093147
2011-09-30,0.002744938439,0.0006676402022,-0.001477108772,-0.02807805835,-0.01536175432,-0.0130487652,0.008601214904,0.005786744942,-0.006409707314,0.004589334466,-0.02359650017,-0.01645744122,-0.009575908579,-0.02807264946,-0.03861450609,-0.009294832057,0.006559057254,-0.01600829407,0.006422138732,-0.002349107823,0.005657740054,-0.01511390583,-0.004533889123,0.007737719814,0.01414841696,0.01484358549,0.01431748543,0.006565471693,0.01407714588,-0.02028506666,-0.03805886798,-0.01510297938,-0.01713000097,-0.0331322118,-0.01962342164,-0.008663392973,-0.02873588175,-0.02181190855,-0.01109187015,-0.01076309509,-0.003957310175,-0.01565242193,0.01115961388,-0.0006557387905,0.002900664177,0.01718402307,-0.03145785932,-0.03488814305,-0.01707269844,-0.04093047328,-0.03809927154,-0.02233576277,-0.02017246393,0.013029228,-0.007683908685,0.007534023007,-0.02176449773,-0.02504796845,-0.02326829601,-0.0337101122,-0.009760599465,0.02618446975,0.01974285042,-0.0103494911,-0.01532008497,-0.01417323864,0.005548791694,-0.02534440963,0.01452927393,0.01792717081,0.002877293358,-0.02964159633,-0.03178301346,-0.03163731639,-0.01294329434,-0.02090968093,-0.01989426271,0.02261370999,-0.01629919149,-0.01467541327,-0.02590861097,0.03237001108,0.02729609384,-0.01190594384,0.001739742889,0.007151500014,-0.002390153303,-0.007352694715,-0.0103494911,0.01202371099,0.0184848145,-0.02783963548,-0.0137728459,-0.0185268119,0.0388997505,-0.01503867816,0.01984305876,0.01421402301,0.02492241599,-0.01712825786,-0.006365417654,-0.02431751153,-0.007200677544,-0.02492477889,-0.03462360497,-0.02898796471,-0.009301976571,-0.04706954174
2011-10-31,-0.003550432513,-0.003698613838,-0.001753187072,0.03684059441,0.02012387227,0.02064779252,0.008323145183,-0.004929457076,0.01541041119,-0.007951571506,0.03477652171,-0.004368463304,0.01549509716,0.04571981723,0.05457970013,0.01434267033,0.007552945961,0.0248834779,0.004911338441,0.007672531689,-0.01483325808,0.01452951654,0.003431293752,-0.02427938152,-0.02787182924,0.005470851641,-0.01522000075,0.001752687361,-0.01647701958,0.01713541465,0.04573159408,0.03204570902,0.01083654964,0.04806982964,0.03795778708,0.03222862487,0.04710350938,0.01318898709,0.009792495719,0.01294308151,0.01701436689,0.01951613014,0.003276225672,0.02140556233,0.00390315062,-0.02094768758,0.04606254553,0.02346158235,0.04605589933,0.03863757271,0.02737240328,0.02799885991,0.03395675879,-0.02997538163,0.004409819608,-0.004063889339,0.02784799695,0.02870223159,0.03754479691,0.04514985643,0.005631997915,-0.01636243894,-0.003031229406,0.008381520307,0.02084994682,0.01180685562,-0.00573077637,-0.007557042374,-0.02179634392,-0.02060557546,-0.003138261558,0.03321388231,0.03593919909,0.0406054357,8.031966081e-05,0.005147789405,0.02129517665,-0.01806985251,0.04521969175,-0.03463526407,0.03037551681,-0.05235832223,-0.0462367512,-0.04776821066,0.006326588088,-0.01182904226,0.007363687244,0.005792331632,0.008381520307,-0.003853149536,-0.005412910104,0.03514310336,0.01232302388,0.01565977885,-0.04503715176,-0.0353484288,-0.04820412421,-0.04467925876,-0.001307558478,0.04687070553,0.003545745835,0.0262913914,0.0001288994895,0.01845066593,0.05459135423,0.04302652742,0.008119073083,0.05718120757
2011-11-30,0.004855521475,0.008557502938,0.005861027257,-0.04244459187,-0.02443826855,-0.02157516791,-0.008157341187,0.01005888323,-0.009209012285,0.004838693762,-0.0401928552,-0.009287378705,-0.022589644,-0.04790297207,-0.04979005576,-0.01678344015,-0.004957652713,-0.01728881228,0.003146941327,-0.01302461393,0.02588274021,-0.007998983775,0.008753064274,0.02810949166,0.02811682121,-0.01847372402,0.01491886216,0.001689090519,0.01508419926,-0.01962261333,-0.03946340656,-0.0126511078,-0.01165230978,-0.04851284753,-0.03737241551,-0.0412664505,-0.04752136975,-0.02024710168,-0.001071386397,-0.006712743699,-0.01845453867,-0.02405551752,-0.01340986775,-0.02634729493,0.01324726795,0.0137840777,-0.02710730944,-0.01401815237,-0.03980272526,-0.03492251833,-0.03341999161,-0.03334184865,-0.03262551014,0.01977335742,-0.01118664343,0.003833905505,-0.02745939893,-0.03253772402,-0.0393537579,-0.04247456616,0.001783652188,0.02295156154,0.01570208916,-0.005038743849,-0.01388665237,-0.001569411217,0.01160376195,0.01323747848,0.02293780176,0.02461280743,0.008241299749,-0.02977252215,-0.03165666359,-0.03643334018,0.008379455095,0.01340494744,-0.01831600095,0.01722219558,-0.03869865732,0.04008391173,-0.02180208791,0.048433987,0.04900454766,0.04756848119,-0.002501513154,0.02426640145,-0.00514821438,-0.006627074404,-0.005038743849,-0.003588533212,-0.009377507666,-0.0421555667,-0.005693327327,-0.009183501277,-0.04127254858,0.04090769545,0.04817678913,0.04689129289,-0.01181143345,-0.03962555497,-0.007422636919,-0.03229993428,0.008075517004,-0.009918788593,-0.05317733495,-0.03945351032,0.001368905583,-0.05180570429
2011-12-31,-0.00639910498,-0.007600392533,-0.004194596581,0.02427422435,0.01286540888,0.0129771086,-0.003789856221,-0.005086830662,0.01671583843,-0.01349684544,0.01942359887,0.008455926597,0.0151284276,0.02554326666,0.024236234,0.01323481356,0.0003572480409,0.01190414227,0.01648416918,0.003034089561,-0.009269960511,0.01915304104,0.006906235812,0.0008641320028,0.001291767413,-0.0031045618,-4.307971258e-06,0.009864727291,0.0008408676376,0.0106533205,0.014886318,0.01973068837,0.02052770007,0.02448491661,0.02309097368,0.01590459606,0.02471031201,0.002017146305,0.00195900877,0.003103707381,0.01660979772,0.0150066272,0.009485122775,0.01660954576,-0.002406449552,0.001590932572,0.02030847139,0.009335196862,0.02083760461,0.01764987212,0.01240597961,0.02014478447,0.004877015076,-0.0167392143,0.01036086741,-0.001636480484,0.007601954366,0.006446196164,0.009766696308,0.02189097639,0.02002681867,0.01160335705,0.01236920239,0.0009882532364,0.006864258604,0.00544685633,-0.003762082496,-0.0006075538563,0.00389430682,0.007435987283,5.994710299e-05,0.008916588665,0.01034509613,0.01636235651,-0.008710549007,-0.01352460446,0.006662800676,0.002938535445,0.02063591901,-0.004902314683,0.01606687521,0.005835548468,-0.009832237286,-0.00781296686,-0.01038789718,-0.01809910515,-0.001337409211,0.004366744198,0.0009882532364,-0.01014172106,-0.01277117156,0.01605224449,0.001402808726,0.002310715586,-0.02554462543,-0.02202206417,0.001402506093,-0.02596475141,0.02247004876,0.02078522869,0.00491559789,0.01657393405,0.002931998607,0.01262086412,0.02384535774,0.02317599504,-0.006755703382,0.02482985088
2012-01-31,0.001849399731,-0.001124741615,-0.001906368598,0.0197121177,0.004465817838,0.003605621866,-0.01082935164,-0.01415417882,0.01788537849,-0.01891270408,0.02874465975,0.01093709263,-0.0009847676031,0.02328838792,0.02914941479,0.004067906944,-0.01114162936,0.004724816086,-0.004804730511,-0.003542713872,3.734913754e-05,0.008353851747,-0.001110014454,-0.003361620707,-0.005332681284,-0.002797066442,-0.01637255767,-0.007455387823,-0.0165202983,0.005805670862,0.03352287915,0.03102292286,0.02186038672,0.02669459442,0.02145735679,0.01517426777,0.02408464749,0.01338185998,0.006522907923,0.005478665709,0.01240313391,0.0101706748,0.00364691479,0.009501846533,-0.005601654506,-0.004777026403,0.0305083042,0.03136644187,0.005462649099,0.03582553924,0.03270965411,0.0178019603,0.003273676018,-0.02590980842,0.004020992813,0.003624404801,0.01389469401,0.01173134583,0.006028657457,0.03291325919,0.003946945754,-0.002928190397,-0.01501395472,0.007754536457,-0.007757919996,0.02203665519,4.512275211e-05,-0.02069814906,-0.01844351933,-0.008876094616,-0.006102204166,0.02096986669,0.02087435629,0.02671493504,0.01045675433,-0.02231366793,0.009349657489,-0.006349601666,0.004767053129,-0.02888887107,0.01494353647,-0.01164194072,-0.03429685776,-0.03523587451,-0.0008774383916,-0.006622119484,0.000773480497,0.004500770169,0.007754536457,-0.001094349304,0.004198265025,0.01396081025,0.01120411407,0.01351210996,0.003018354083,-0.0228336804,-0.01764963692,-0.02616434467,-0.01127476097,0.006110527247,0.01405413314,0.0241828135,0.01013810866,0.01804329997,0.03162358927,0.03059467734,0.00479603716,0.0366455109
2012-02-29,0.001204291362,0.003717402068,0.002550392448,0.01852820911,0.003709851728,0.003054056603,-0.01005281643,-0.003066713389,0.009961489954,-0.01272009238,0.02220374129,0.003714880593,0.0006055029277,0.02217591103,0.02383091587,0.008566843195,0.000987165883,0.008998461838,0.004233341067,0.007156189497,-0.006634134775,0.003521275221,-0.001406384084,-0.0052942058,-0.006787776503,0.005475393206,-0.007324824188,-0.003726496693,-0.007566959525,0.002270385854,0.020168551,0.01561258364,0.01341995711,0.02386772458,0.01955617379,0.01632621815,0.02251460411,0.004942473536,0.007530119852,0.008535848766,0.002588958062,0.003212369693,-8.845824063e-05,0.009687163347,-0.001061065619,-0.0048839148,0.02078252408,0.00188811062,0.02414177001,0.01881340855,0.01466522719,0.01150883323,0.01070568461,-0.02052640807,-0.0006842496565,-0.002231027068,0.01708869108,0.01765063835,0.01739420619,0.02750111123,0.001873929559,-0.007810333684,-0.00650879541,0.008218368004,-0.00243879324,0.004525969036,0.004029427993,-0.006677853642,0.002205925988,-0.005915314452,-0.002663870623,0.02255485052,0.02364974343,0.02559590062,0.005060046686,-0.00444544946,0.005534807885,-0.0002376179474,0.02384321116,-0.01355684207,0.002522423238,-0.01351322855,-0.01540450507,-0.01617670109,0.006020052734,-0.001958605717,0.002856250539,-0.002011828252,0.008218368004,-0.01204707013,-0.005857565407,0.019846253,0.01214729781,0.0140539625,-0.0002214419816,-0.01487744818,-0.01745328006,-0.01868544984,-0.005023120742,0.02437706504,0.0004473409599,0.01645178422,-0.003141852914,0.009559748692,0.02770745818,0.02679243319,0.009008931904,0.03084165479
2012-03-31,0.004142818085,0.001942758317,0.0008165143507,0.01047166019,0.003490087197,0.00226367553,-0.00832703716,-0.005608422524,0.005044272854,-0.005248569025,0.009073759454,-0.0008460828392,-0.006074780749,0.005172035187,0.009858356419,0.000321568802,-0.00450992292,0.002216453671,-0.006555191961,0.003962120941,0.0005573376265,-0.006238806828,-0.009894426216,-0.008411868648,-0.007658380342,-0.009324105663,-0.00896590729,-0.007298791784,-0.008902059406,-0.0001028502782,0.009281444292,0.01222837637,0.005784216735,0.009000901131,0.005773754986,0.003511394231,0.007150902677,0.00345005507,0.0004307922272,0.001279149576,-0.001511427195,0.001939285674,-0.006053007178,-0.003646292208,-3.861012604e-06,-0.008610334974,0.01364996869,0.01057598737,-0.002836363465,0.0159395076,0.014892229,0.008460288021,-0.005461622079,-0.007092566781,0.001368665251,-0.0003335060775,0.005913297027,0.005471789283,-0.002587508266,0.0106916856,-0.0064210781,0.001373180816,-0.009181152201,0.002351157665,-0.004757006156,0.002856927526,0.003513633169,-0.008684177307,0.00851326341,0.00607507215,-0.0004437265751,0.009156443607,0.009803683697,0.01136853823,0.008996143588,-0.00775979289,-0.0002387760123,0.0009911362845,-0.003230853515,-0.01789923265,-0.01198210232,0.003098324634,-0.01040166548,-0.01892501462,-0.001646236137,-0.0003199748317,-0.0006335187271,0.0006651704113,0.002351157665,0.0006469200698,0.001549730881,0.00582958795,0.008347371592,0.009775483197,0.001127901207,-0.005757754446,0.008018252988,-0.003090085069,-0.01356085742,-0.002380226142,0.006849344972,0.008515796328,0.007997133584,0.01165469525,0.009820460009,0.01069584171,0.004935934653,0.01283894039
2012-04-30,-0.003222656984,-0.001565365766,-0.001896544062,-0.009336518185,-0.003330435463,-0.003131007506,0.002803632724,0.003897907921,-0.006052172979,0.004706500243,-0.01123749895,-0.004368388456,-0.005360532304,-0.01185555177,-0.01229244321,-0.007068193576,-0.007384661453,-0.00556381662,-0.0056639492,-0.004248040241,0.007951021702,-0.003767550938,-0.001375082999,0.002203766947,0.002644514228,0.002604645611,0.003009510775,0.002886052593,0.003231195038,-0.00284297028,-0.007749280791,-0.000918718748,-0.00566894086,-0.0120501575,-0.009973170196,-0.01069773512,-0.01162706356,-0.003753041047,-0.002931442437,-0.002482693172,-0.0008006027911,-0.005133211841,0.0004405995298,-0.0047879101,0.005464872899,0.004510880381,-0.003476545944,-0.001366927026,-0.01469955428,-0.008141697124,-0.005968207134,-0.005508308502,-0.0069080251,0.004201207615,0.001303890881,0.0007387928288,-0.007871407019,-0.008325389178,-0.009489746051,-0.01506539052,-0.006707396774,-0.002915267433,-0.007658156755,-0.004895876647,0.001748739066,0.001816999175,0.0007783925241,0.001104026972,-0.003859032143,-0.0005163686377,0.002434252536,-0.009664982881,-0.01066230602,-0.01333118875,-0.001627931813,0.00991481164,0.01009441064,0.003226656524,-0.01441099675,0.002474499642,0.006179842313,-0.01073071121,-0.009079864317,0.004536904883,-0.001728741112,-0.0003665540332,-0.0002094362752,0.0009377949998,-0.004895876647,0.0006059116483,0.002207236961,-0.01024714329,-0.006133450007,-0.006289103623,-0.003106186658,0.00794208827,-0.01094419438,-0.008303598564,0.007900809597,-0.01467022504,-0.0004279218717,-0.00909562046,0.005251402091,0.0002573562289,-0.01463434232,-0.01423683336,-0.002523019339,-0.01759347715
2012-05-31,0.003188012045,-0.001350224827,-0.001093322783,-0.01796091246,-0.006262905835,-0.006755424507,0.001405939432,0.004310153916,-0.01335694412,0.01139071908,-0.02340797527,-0.001416338685,-0.01203523299,-0.025229314,-0.02516557277,-0.01097489906,-0.01403778918,-0.01259400713,-0.01269532134,-0.005010825284,0.01230488312,-0.004888326069,-0.002809431517,0.0001277866877,0.001712450803,-0.002766059978,-0.0006234433138,-0.004557135714,0.0003143347616,-0.00482495711,-0.01800383636,-0.00802173538,-0.0133442902,-0.02581186855,-0.02145139662,-0.02047954249,-0.02469538633,-0.005673629443,-0.004286629349,-0.003029266566,-0.004624742321,-0.01160893993,-0.003187170409,-0.01203707725,0.006154415399,-0.004111795972,-0.01005787917,-0.002773022179,-0.02972798715,-0.01844186763,-0.01378154155,-0.01265045597,-0.0158918505,0.01734755077,-0.001333962418,0.0003019984407,-0.01427710562,-0.01528102895,-0.0190579735,-0.02885399705,-0.01193770357,-0.004246223317,0.002913508619,-0.009907494615,0.004528531367,-0.002200453907,0.004702165405,0.00415435207,-0.002322207151,-0.004679189545,0.002561745976,-0.01602994469,-0.0172800621,-0.02271090842,-0.002503703476,0.0184566357,0.01596075857,0.009915682899,-0.02939015265,0.01165224325,0.01630605836,-0.01634713253,-0.002394827177,0.01370889316,-0.00346505636,0.003488870273,-0.006006485083,-0.002554982089,-0.009907494615,0.007972129461,0.002696179075,-0.01769155602,-0.009355445829,-0.0100686077,0.02041796861,0.01946507953,-0.02179811176,-0.01463769016,0.001652132137,-0.03006142571,0.0009479642151,-0.01788163986,0.01113026181,-0.003370159058,-0.02846803882,-0.02783689641,-0.004625711369,-0.03261708003
2012-06-30,-0.002809905172,-0.0005694928096,-0.001292147276,0.01297787516,0.005610047853,0.006943581565,-0.002255073479,-0.003678073581,0.01150939225,-0.009464118024,0.01452014518,0.001412999722,0.008141974306,0.01637267484,0.01699113073,0.007845300336,0.007661718588,0.007968487502,0.008578850664,0.005160679797,-0.003133133748,0.00441680438,0.001325151977,0.004490819817,0.00162434584,0.0009344933684,0.002510628583,0.003841944674,0.001595663365,0.006701531405,0.01123250482,0.01184750295,0.006100944873,0.01667865393,0.01568105373,0.01342468698,0.01556087624,-0.001281340881,0.0006048159226,0.00011839391,0.0005633788594,0.008337946858,-0.001307403726,0.006428622391,-0.0006692464695,-0.005094390806,0.01077410728,0.001205551744,0.01866720668,0.01665414622,0.009961961079,0.01048965751,0.008994492614,-0.007319792368,-0.002557902739,-0.0009031490665,0.01006664132,0.009791502574,0.01264896218,0.01824990951,0.008401545928,0.0008010845065,0.0008159735792,0.001730228729,-0.003127133466,-0.002917084111,-0.002855063872,-0.001572003979,-0.006928458463,0.008068582268,-0.001448290298,0.01141839859,0.01197997546,0.01313778968,-0.002451318566,-0.003561360028,-0.008837139728,-0.004001377665,0.01865958593,-0.007133803832,-0.002040760342,-0.006476221932,0.007177806474,-0.0008506605673,0.0005566386778,-7.708356439e-05,0.0009329853574,-0.002290701476,0.001730228729,-0.002375267059,-0.001534743862,0.01232871342,0.006043746527,0.006344409457,-0.01921361729,-0.01368964477,-0.01448835256,0.01034278539,0.001674954226,0.01872836649,0.003635228788,0.01421906792,-0.004660417383,0.005796238373,0.01913229893,0.01765548952,0.0009443932346,0.01986105055
2012-07-31,-0.0006188919435,-0.001091233705,-7.323827845e-05,0.01389985305,0.007747865613,0.007899125613,0.005524570583,0.0003981984551,0.01665653225,-0.004948077169,0.02092441504,0.006868484948,0.01378034113,0.02595820809,0.02381368838,0.01084777044,0.01381410428,0.007189951954,0.01528268768,0.003258125147,-0.007598445453,0.00885461807,0.009327414268,0.006396343653,0.003895192549,0.0114492206,0.00705044062,0.008990448484,0.00581809932,0.007458201618,0.008803405107,0.00935020206,0.008778346313,0.02465028961,0.02359794226,0.02275164871,0.02400819374,-0.00652992113,0.00233743911,0.0009253041761,0.00743621095,0.01103067103,0.01045363759,0.01956371387,0.001106497352,-0.001082346772,0.009357170819,-0.01210254844,0.0294452494,0.0124830731,0.008486578784,0.01057793664,0.01916489988,-0.01300694824,-0.0001244106491,0.003264247246,0.01400411808,0.01441607622,0.02175383589,0.02181217351,0.01098100468,-0.008648905435,-0.01044027644,0.008014466817,0.005549150538,-0.002082862216,-0.001965804456,-0.003637717941,-0.008506796377,-0.007131634447,0.0002177550838,0.01110520786,0.01096706213,0.01776350665,-0.007566276762,0.002210866076,-0.008715062734,-0.001110969782,0.02940650614,-0.01253133516,-0.009545611181,-0.02346934999,-0.01210361685,-0.003992229654,0.002445174751,-0.002342777271,-0.002464906424,-5.391485555e-05,0.008014466817,0.001271422253,0.004483075681,0.01822178652,0.005666372758,0.004716438516,0.01760285248,-0.02052235595,-0.02477058718,0.003089339009,0.01417446235,0.02916975375,-0.002388219493,0.01578836323,-0.01265025468,-4.050266517e-05,0.02219174982,0.0221456392,0.0009670218976,0.02325068623
2012-08-31,0.002949933784,-0.003647340312,-0.003871621672,0.004201964646,-0.004106649063,-0.00542469096,-0.01267029586,-0.007651753056,0.006361128601,-0.001826258103,0.007651739835,0.005437620766,-0.008220788788,-0.0001164486093,0.006094923527,-0.008947659221,-0.009195724533,-0.004054500216,-0.007757440929,-0.005739753085,0.005391960201,-0.003801464811,-0.009075111535,-0.001149305665,-0.001733851869,-0.01040446498,-0.009126383129,-0.01170212888,-0.008740759004,-0.004977701074,0.008489982372,0.009742916783,0.009405226259,0.005052706234,0.0009858980187,-0.002002615574,0.003438052846,0.007564097319,-0.005710975605,-0.00595694024,-0.008892834607,-0.001007495628,-0.006735248755,-0.00712951283,-0.001119506956,-0.007676870818,0.01081741007,0.01244155232,-0.01231142084,0.01440386035,0.01479335963,0.00660495427,-0.006729322161,0.005823946104,0.002323174052,-0.001918809918,-0.004647857472,-0.006051422995,-0.00829923184,0.006528280109,-0.001209410569,0.0009294136435,0.009927644132,-0.004018886604,-0.0007853697571,-0.005310385741,0.00304242977,0.001301150747,0.006210562029,-8.265742095e-05,-0.00158200073,0.003056124176,0.00294009457,0.003315107622,0.002955084876,-0.003078054902,-0.006590569212,-0.00363422703,-0.01244295402,-0.005294477345,-0.01509122223,-0.0007804378817,0.01063376847,0.007459319213,-0.006600627987,-0.005163420971,-0.001236157418,0.0005356437934,-0.004018886604,0.001158420653,-0.003254755103,-0.006223621809,0.001600920827,0.004700636453,-0.003540090821,-0.004169172068,-0.003932565271,-0.003307816209,-0.004272596239,-0.01147853797,0.006814967631,0.004747188979,0.01129795589,0.01098596403,0.005244332115,0.00562154726,-0.001232315938,0.007393607527
2012-09-30,0.003082928917,0.0008760778682,0.002302736922,0.01734718602,0.002120035607,0.003006663316,-0.001662261681,-0.005306145073,0.01065431425,-0.00246483652,0.02100803438,0.003934886509,0.005432100569,0.02186363162,0.02446726361,0.003938819587,0.004380514801,0.005310752208,0.00526212723,0.003664498481,-0.004882729392,0.001761333067,-0.001899475404,0.0003623921645,0.0001130249682,0.001380893057,-0.0007922456086,-0.0008337811422,-0.001969349379,0.001944992273,0.01946196109,0.006198142669,0.01088027953,0.02411113545,0.020967578,0.01691836533,0.02333899391,0.001499484967,-0.004112962691,-0.002682561848,0.004087229365,0.006397699785,0.001861065898,0.01010798058,-0.001612263681,-0.0006253001316,0.008323685254,-0.00193773933,0.01855428088,0.02639444345,0.02233691648,0.01355651675,0.00886887039,-0.005818124121,-0.002331780187,0.001318972861,0.01438489179,0.01456191703,0.01233040561,0.02556715193,-0.004332480765,-0.002118014497,0.0003421810604,0.007421328031,0.0009862941779,-0.0005309820537,-0.003305695723,0.004386491433,0.006124195722,0.01018781365,-0.004963332926,0.01940711739,0.01902709065,0.02116492205,0.004240474743,-0.01669620142,-0.0118506626,-0.007616547152,0.01834810815,-0.006995419175,-0.006173339189,0.01484929773,-0.00286322223,0.006887859097,0.002600869316,-0.002562051233,0.0005244435461,-0.003265160923,0.007421328031,0.0006429630514,0.001510205676,0.01499697312,0.011031871,0.01118828121,0.005321072572,0.004289430618,0.02196837318,-0.0126761298,-0.0003711631548,0.01939596538,0.008962597251,0.021455458,-0.00343777071,0.008951061207,0.02602208445,0.02534266128,0.006264867071,0.03014969467
2012-10-31,-0.001360948332,0.001803886736,0.001457141454,0.01304089322,0.001841265568,0.002999350555,0.001040167256,-0.0004972128295,0.008778380783,-0.003284076986,0.01602821981,0.002187371984,0.001291411592,0.01663475936,0.0177298933,0.004590465393,0.005406295916,0.004181444684,0.003286183609,0.001744956045,-0.003778819911,0.001830680155,-0.002761561939,-0.001082229485,0.001187634289,0.0007037672761,0.0003766690644,0.001534724829,7.593193336e-05,-0.0008049067381,0.01571289237,0.002241180179,0.007908571203,0.0176490239,0.01547676048,0.01344000179,0.01727814507,-0.0002675688357,0.002298582614,0.002035979877,0.003313015265,0.005369305817,0.00252822025,0.008287355249,0.001369560291,-0.00144362642,0.001755580232,-0.005999857192,0.01878907602,0.01669337803,0.01296057775,0.008768391937,0.005202459764,-0.00644978655,-0.0005666158716,0.0006255897669,0.01241818046,0.01266159579,0.01120023784,0.01946137245,-0.003688689502,0.0005892949975,-0.005143055588,0.008125101803,0.002038145066,-0.0006250715813,0.003043274596,0.003521030741,0.002725662262,0.005171425713,-0.0008000690097,0.01446541271,0.01522089404,0.01975669793,0.002362272136,-0.009198923029,-0.007908496224,-0.003275043046,0.0185259083,0.003833386813,0.005765147491,0.008060509389,-0.005270969349,0.00344638055,0.004973946545,-0.00059793548,-0.0007724013643,-0.0005615532079,0.008125101803,-0.001570304547,0.002141531504,0.01428997972,0.009274382854,0.009000572489,0.01216920421,0.01191659273,0.01640036053,-0.006957695587,-0.000363550239,0.01889477601,0.0001832298195,0.01474077784,-0.004896086261,0.004228054264,0.01950650451,0.01944980591,0.006257791157,0.02479060421
2012-11-30,0.003916569879,8.992886352e-05,0.0001215978426,-0.003875381122,-0.00086888658,-0.002836613693,-0.01405755133,-0.01216311193,-0.006163892358,0.006570000541,-0.003285300973,-0.006598078892,-0.006043292478,-0.01178866204,-0.006991227466,-0.008348632747,-0.01275675379,-0.000394350893,-0.008610021247,-0.003481060005,0.007527435218,-0.005539683838,-0.01066215535,-0.003799021777,-0.003931198342,-0.001248297231,-0.009662068705,-0.009909133593,-0.01093105615,0.0004982742624,-0.003416290672,0.003177333073,0.0003560308367,-0.008124912151,-0.0110952582,-0.01227725471,-0.009621415053,0.007913058928,-0.004286679339,-0.004480974842,-0.006132709487,0.0003160055694,-0.006774953188,-0.01041022442,-0.0070694274,0.0007279892026,0.001839715438,0.007286528072,-0.01825385648,0.002346659363,0.005361756264,-0.00123215218,-0.01207558701,0.004141598996,-0.0007737838606,-0.005240917142,-0.007491908446,-0.009148068707,-0.01341279296,-0.004922773248,0.0144385736,0.01108922706,0.0047259662,-0.002374657419,-0.0002117430557,-0.005238910145,0.001833226461,0.009307239186,0.0009683226428,0.005823332157,-0.002325510114,-0.003209573208,-0.002874473359,-0.008657833682,0.001676965863,-0.009356828513,-0.0004561330464,-0.0043847636,-0.01835448342,0.005622872205,0.006275696478,0.004420751525,-0.001456403809,0.001650480656,-0.006679333497,0.00212241168,-0.0008676724763,-0.001492458393,-0.002374657419,-0.001669225741,-0.005863521711,-0.00869280379,-0.002475387747,-0.00199013145,-0.004989409425,-0.006549147136,-0.00708234628,-0.007079418896,-0.001361297987,-0.01777509111,0.004763737028,-0.004087071629,0.0106792123,0.004214095128,-0.005978215766,-0.004603881984,-0.002341710999,-0.01028134915
2012-12-31,-0.003917657297,-0.002580429026,-0.00141131334,0.01086781482,-0.0005672215935,0.0009239662696,0.001879776612,-0.001013259776,0.008130824598,-0.000323545146,0.01357358368,0.004829776044,0.0008861002766,0.01287634966,0.01464520932,0.002579644772,0.002378252093,0.001090741925,0.001633091638,0.0001952575549,0.0007310104513,0.002384382402,0.00110546101,0.003082335238,0.002645633621,-0.002163971637,-0.002274395621,0.0003193389574,-0.00348164599,-0.0008241521048,0.01561634013,0.001889091951,0.004033797763,0.01502663902,0.01273189856,0.01233202649,0.01320607427,0.001290230501,0.00177875935,0.0004671580843,0.003342277088,0.002793654684,0.0006326246736,0.006293565672,0.001185153468,-0.004982453679,0.001340834201,0.001276635854,0.01308941114,0.01673023917,0.01190709016,0.009149691585,0.003973256266,-0.004657466283,0.003164073133,-0.0005219988175,0.005047998087,0.005814985681,0.004174823337,0.0165653103,-0.0008500525597,0.004496777325,0.003514476868,0.003429998837,0.0003598460881,0.0004550897686,0.0008543802215,0.00278211037,0.004351258052,0.005572163132,-0.002839756153,0.011604022,0.01200797592,0.01619158261,-0.0007027537356,-0.007238644468,-0.009662180497,-0.005655743223,0.01302099154,0.007103081503,0.004938755004,0.01250273828,0.01106870256,0.00557165636,0.0002999004812,-0.003945191253,-0.0009485970703,0.001576501528,0.003429998837,-0.002127160164,-0.0028810885,0.007586353224,0.005688201679,0.007365258612,-0.007079541389,0.01015499334,0.01299599979,0.0117135286,-0.0008138397875,0.01299613745,0.00349210544,0.01342932188,-0.001726755527,0.006508086221,0.01757880751,0.01614866567,0.0004369674447,0.02075009103
2013-01-31,0.00942549748,0.001227214488,-0.0002697642304,0.003310788333,-0.006607410553,-0.005911510625,-0.0128716165,-0.008102433267,-0.001179939796,0.006705283739,0.004070756247,0.006609679095,-0.01105424022,-0.004706549522,-0.0009730549755,-0.006390433527,-0.01046635183,-0.0002679383221,-0.01142128556,0.0003844760295,0.0006487755394,-0.005225832263,-0.01362586952,-0.00631832196,-0.005963453638,-0.008922452617,-0.0111077397,-0.01212364145,-0.008884272512,-0.00636253142,0.0005320249273,0.00084463451,0.002111090896,-0.001623573127,-0.004757854085,-0.006873169594,-0.002691050942,0.009097660605,-0.006414616544,-0.007542544516,-0.006499032495,-0.00211059521,-0.009227654157,-0.01183903651,-0.008533816237,-0.01237213826,-0.0007398125443,3.51464469e-05,-0.01047281885,0.01234690009,0.01301292176,0.003001650418,-0.01428296382,0.0002380753857,0.001051565995,-0.001321133805,0.001676648411,-0.0005503264398,-0.01074936655,0.002269451185,0.01415980594,0.0105578735,0.006455965445,0.003447660404,0.002298355829,0.003733213769,0.003662777082,0.003710070426,0.008127037179,0.006636480415,-0.002713007637,0.005316727753,0.005569892377,0.0005653307098,0.009701174648,-0.006461355307,-0.002905155866,-0.0007558185906,-0.01069703958,0.00740024447,0.01403256505,0.009481502644,0.001699748453,0.005877488248,-0.0002263180118,0.001458814987,0.001600818824,0.002823758188,0.003447660404,0.0004677768116,2.518030531e-05,-0.0005901974809,0.007729428239,0.008775563351,-0.00552494838,-0.001169453256,-6.137039801e-05,-0.001429531814,-0.01518515967,-0.01016846151,0.009856355373,0.004228341345,0.01193716525,0.01081501189,0.000817985556,0.00173510966,0.004177899843,-0.002124924486
2013-02-28,-0.001034214084,-0.001438160241,-0.001618606092,-0.0004223092759,-0.0001071616439,-0.0004760408574,-9.418531499e-05,-0.003391431769,6.557871751e-05,0.001921601028,-0.0002810555399,1.881475272e-05,-0.0009638618593,-0.001361126292,-0.0005361898904,-0.001879492036,-0.001229625162,0.0008043264133,-0.001837474867,0.002038529818,0.0009639162976,-0.002292692727,-0.002189715079,-0.001439401641,-0.001252186393,-0.001201933801,-0.00436106757,-0.005411333913,-0.003072361273,-0.000243078983,-0.0005628465411,0.0002412964989,0.001352018941,-0.000792591178,-0.00193491225,-0.001891965024,-0.0008205057041,0.003100105003,-0.003161701201,-0.001760093104,-0.0004880072929,-2.501381712e-05,-0.0003127229017,-0.0008344635948,-0.002997765144,0.001753473214,-0.0006741053797,0.0009922901854,-0.00426535581,-0.001253802715,0.0007412276599,0.0009860258573,-0.002733569414,0.002458249468,-5.839220963e-06,0.001815068492,-0.001876811225,-0.002359237546,-0.003204703631,-0.0009134586526,0.00206629291,0.001839734676,0.001827874075,-0.0008323945877,-0.001498552515,-0.001171637966,-0.000700496122,0.003381921109,-0.001527661716,0.002622986439,-0.0007202774454,-0.004114422959,-0.003998880667,-0.003253605831,0.0003815605715,0.0002179587136,-0.0006123069251,0.0008107216159,-0.004224686642,0.0001064429726,0.003056012022,0.001931020422,0.0007418369521,-0.001509080448,-0.0005656377458,-0.0004251636481,0.001230414404,0.0001656799597,-0.0008323945877,0.001419322436,0.001941651762,-0.003097668283,-0.001298549045,-0.001004446438,-0.0007695454778,-0.001036287924,0.0004021088799,-0.001226152759,0.0009226204171,-0.004235077147,-0.0006591409014,-0.002892900183,0.002539140049,0.001040096082,-0.001489077728,-0.001273682101,-0.0007664173643,-0.002433477577
2013-03-31,8.487974433e-05,0.00102749597,0.0005072272907,-0.0001053022907,-0.003850165843,-0.003958560833,-0.004811232023,-0.002807443801,-0.001704416511,-0.0002867958568,8.253130621e-05,0.0003891710238,-0.005711290233,-0.005466480403,-0.003187788674,-0.0002206995247,-0.002507683424,2.058104979e-05,-0.003376147068,-0.001627117192,0.003154692083,-0.000686022874,-0.001227286696,0.0002143511809,0.000186898656,-0.0006081128304,-0.002597095556,-0.004886904529,-0.0003803358403,-0.003118547653,-0.001963015521,0.001287829461,-0.0009168134069,-0.003743184459,-0.005192579835,-0.006554378669,-0.004450221771,0.004418210856,-0.0004177976131,-0.001248741743,-0.004435205902,-0.001873959588,-0.005453611045,-0.007597185505,-0.001546064304,-0.00228561795,0.00144141067,0.003594656704,-0.007069887266,0.001617645049,0.002476783185,0.000797722257,-0.004266169036,0.001233098885,0.001958059054,-0.001794413109,-7.957174145e-06,-0.0003987762451,-0.004097443967,-0.001594407175,0.004708264539,0.004523425426,0.004813565108,-0.0006292284998,0.0006335902104,0.001319837985,0.001859155444,0.00148609735,0.002161961277,0.001870964408,-0.001540622058,-0.0002572254,-0.0006338320689,-0.002504084793,0.003148249639,-0.001576461423,-0.0007374858363,-0.0009933918267,-0.007093818274,0.001774618382,-0.0006779261524,0.003268987538,0.001000480592,-0.001987034692,-0.0006483370963,0.0004271613836,-0.0001242987074,0.001459016761,-0.0006292284998,-0.0001649226629,-0.00140720056,-0.0007861413312,0.0005825947898,0.001302453067,0.001772524148,-0.002567298007,-0.002658164929,-0.003704212054,-0.003840665211,-0.007113162866,0.002216926634,-0.0002118184045,0.005142962179,0.00351801395,-0.001924047281,-0.00220026732,0.0009604675955,-0.004256936045
2013-04-30,0.001765937731,0.001830855373,0.00104769537,0.00692182016,0.001952617101,0.0009517333258,0.002506634869,0.001710239382,0.01081151114,7.237228648e-05,0.005717025323,0.002066750836,0.002420180416,0.01163157658,0.01193410266,0.006680962552,0.005151728307,0.004600708997,0.004772400522,0.007757073678,-0.002466185434,0.002669983593,0.003444149164,0.001570810712,0.0009355344218,0.005624425332,0.003278301807,0.005844337978,0.001930399233,0.00331229431,0.01113378754,0.0003023996606,0.003144698904,0.01201579538,0.01220466864,0.01071890356,0.01145879253,-0.007948609436,0.002614491257,0.002788726754,0.004464288487,0.00360703245,0.005707360474,0.008894199719,0.00581462341,0.003031038795,0.000526833601,-0.005217339103,0.01308788431,0.0115213678,0.007465022083,0.004677760853,0.007661240401,-0.003097618526,-0.001754048982,-0.00124364899,0.008433578033,0.008808736208,0.009495641225,0.01104280645,-0.0003086608931,-0.004247783178,-0.0009826124279,0.002992262896,0.002814043569,0.004327774617,0.002977175472,0.0026377559,-0.0027830871,-0.0001981262236,0.0005265483369,0.01115800609,0.01103128894,0.01413039813,0.0005049843418,0.006333184216,0.004544532222,0.001242273131,0.01267274961,0.001721506036,-0.003286492857,-0.003659521148,0.001335940299,0.00691765943,0.004654119058,0.0009565067159,0.001619387116,-0.00212826571,0.002992262896,-0.003693138281,-0.004021310044,0.008466506851,0.005605484732,0.004912701068,-0.006131268401,0.00570011217,-0.006671143132,0.004534968641,0.004934850412,0.01292182978,0.002175752411,0.011693386,-0.002358520988,0.005052771848,0.01147507639,0.01181568133,0.004693069299,0.01616915009
2013-05-31,0.005946147542,0.001104179246,0.0005629045288,-0.003110087328,-0.005658423573,-0.005171687558,-0.008442210272,-0.003483434373,-0.007492381504,0.001441775925,-0.000224352282,0.007904136073,-0.009026490714,-0.009685841565,-0.006935834384,0.001312563838,-0.0008664428519,-0.0001272592357,-0.005369973645,-0.003140034847,0.002168986451,-0.003135719284,-0.001542367655,0.0001813464001,-0.0004538893313,-0.003294677646,-0.001297538547,-0.006620002853,0.00130727382,-0.00754331144,-0.005624190695,0.004381014552,-0.0006483654053,-0.007378012616,-0.009706220678,-0.01237859328,-0.008556139642,0.006888333031,-0.002061649866,-0.00286632135,-0.006839876492,-0.004166600259,-0.009417022763,-0.01315203321,-0.002944298699,0.0001247970635,0.003864740609,0.003761278512,-0.01342291981,0.0003161203553,0.002869311861,-0.001638605597,-0.01184183983,0.003323301372,-0.003432545548,-0.005951779004,-0.002680681278,-0.004925080102,-0.01237059538,-0.006099847065,0.005686570067,0.004861504686,0.007845774817,0.001229400352,0.001163778231,0.001001897461,0.002149150604,0.002971542131,0.002923037601,0.00292455211,-0.00189494391,-0.003281713002,-0.003574401453,-0.007944769973,0.008380627704,-0.003705564143,-0.005628007152,-0.001929544977,-0.01357284029,0.001419815499,-0.003961924987,0.006685084848,0.008781657644,0.003870270898,-0.0005684316142,0.0019804483,-0.00127438547,-0.004770695143,0.001229400352,-0.002916855937,-0.008437819225,-0.008190926442,0.004239151358,0.00424425574,-0.007731931886,-0.006835432357,0.006405313915,0.003454853822,-0.01572135627,-0.01315682757,0.002041822538,-0.004835558599,0.007566248439,0.00411032444,-0.006346212708,-0.00617583888,0.002103682672,-0.008135379702
2013-06-30,-0.0002280836689,-0.003171650268,-0.00220155066,-0.00782236237,-0.00259913196,-0.002399955842,-0.002588186297,-0.004198553052,-0.01112328676,0.003015399349,-0.01102843125,-0.001351744674,-0.0006804506176,-0.01471321526,-0.01548345673,-0.002542217288,-0.005744839746,-0.002499085568,-0.005359135737,-0.00304461322,0.002962909066,-0.0007651216927,0.001642890074,0.001092956411,0.002313285116,-0.005168102302,0.00221806327,-0.0005209102976,0.002345928809,0.0001947025027,-0.0159415075,0.002034621915,-0.002202312539,-0.01575923787,-0.01469048798,-0.01392181777,-0.01453454723,0.002602693186,-0.003438262865,-0.003502431923,0.00236584231,-0.004416708999,-0.00172499858,-0.009140437856,3.101593018e-05,-0.00117239319,0.002561313826,0.005788997016,-0.01608264585,-0.01603281333,-0.01171586165,-0.004279468767,-0.01111911966,0.00219169969,0.003095207484,0.000310528434,-0.009928252187,-0.01104612941,-0.01185954783,-0.01879400524,2.08502561e-05,0.002779878412,-0.0005979464594,-0.007090870266,-0.001080625384,-0.001488772511,-0.002827842811,-0.003601840667,-0.003547196405,-0.002181584507,0.001768416708,-0.01573208915,-0.01653066611,-0.01868360434,-9.391634815e-05,-0.003183629474,-0.005385956195,-0.0004954082854,-0.01601744525,-0.01025936026,-0.01031640339,-0.002973600064,-0.004921204068,-0.00980845698,-0.006656749449,-0.004237436425,-0.0008878387647,0.001929117602,-0.007090870266,0.003291886906,0.006354286926,-0.01196930366,-0.005839362918,-0.006008872585,0.001395246648,-0.01260385344,-0.01149056643,-0.007835589915,-0.002255712146,-0.0160582622,0.002650935445,-0.009703879566,0.006269572969,-0.002082510758,-0.01784811292,-0.01772612506,-0.004784467517,-0.01756642238
2013-07-31,0.0030854022,0.002867036862,0.002261417332,0.005612870668,-0.000485809743,0.000662674808,-0.002100341759,0.005436077403,0.010225099,-0.001152531577,0.008456899119,0.001365644114,0.004621906572,0.01493573184,0.0137842483,0.009275381794,0.008330373,0.003065830292,0.003870171954,0.003420595663,-0.001314666494,0.004998465369,0.005288064366,0.001205649499,-0.0001017135548,-0.008488591758,0.00271628615,0.0001718362843,0.001843978252,0.0007601630502,0.01381348108,-0.0005243974985,0.008233607252,0.014107242,0.01375296156,0.01057697678,0.0145671768,-0.000875305963,-0.001016745966,-0.001193467389,0.001352089649,-0.001736588586,0.000872361491,0.01007269654,0.004135433547,-0.01098962151,-0.0009888308896,-0.004566721818,0.01622974674,0.008686471918,0.008972699231,0.002550702836,0.0117723365,-0.001084990556,-0.0009634417127,-0.001261182746,0.008767567005,0.01136647573,0.01284877295,0.01515667922,0.002355912147,-0.001359606094,0.00154730605,0.0030632409,0.002427968569,0.003350887063,0.001918125272,0.006113446502,0.003054303626,0.004212140145,-0.001888345349,0.01194694443,0.01198661123,0.01473606559,0.003761923212,0.005782548341,0.005211436258,0.004399719856,0.01620133163,0.009202122147,0.009392131302,0.002513674503,0.002531528112,0.006733469124,0.008231193008,0.005824795436,-0.0002521305746,0.0009076838752,0.004086437698,0.00123916558,-0.004392035861,0.01172641363,0.008332998376,0.00707371183,-0.01257237631,0.01077012137,0.007805539057,-0.0007856868973,-0.002700488168,0.01582507144,0.001238854998,0.009939170366,-0.002952497994,0.002194601011,0.01545900216,0.01497682344,0.00637222203,0.01470832279
2013-08-31,0.0002851962995,0.0001132993109,-1.020186858e-05,0.004186693718,-0.001261170981,-0.001881775635,-0.003402684856,-0.002767850101,0.004334654501,0.001711106682,0.00290717087,0.001151263858,-0.002079353081,0.001479531987,0.00263893077,0.002402950461,0.004147513264,0.0008549671069,-0.001224224007,-0.00209368745,-0.001570917937,-0.0008178382892,-0.0004045554388,0.0006662642699,0.0007051127289,0.0005325634314,0.001597828974,-0.0001053768398,0.00309828963,-0.002088342365,0.003590546587,-0.00271540555,0.003238666791,0.002534849602,0.001426289009,-0.000901321761,0.002027730316,0.001853668333,-0.001482077427,-0.0007064350759,-0.002067603476,0.001051871018,-0.0007597349146,0.0007007314673,0.003483975076,-0.001309875014,-0.005188269535,0.0007057627554,0.0005378013032,0.004255246115,0.003203520003,0.004911643952,0.0007152312418,-0.001288308069,0.001403433014,-0.0009993091728,0.001248997442,0.001152101603,0.0008771494201,0.003526626328,0.004017243639,0.0005623397686,0.0005808119757,0.0003462617069,0.0003684719255,-0.0001168269314,-0.000666217928,0.001247900477,0.001517078505,0.001930073079,-0.0001908410131,0.0008008564618,0.001476667181,0.002042639449,0.00210643616,0.001985869783,0.0004322566373,0.0001437623076,0.0004586083181,0.003304861189,0.002638430292,-0.001321745848,0.001688055657,0.0008816370723,-0.003169186053,-0.003454629701,3.408098737e-05,0.001577764341,0.0003462617069,-0.0012894878,-0.001699925957,0.002735586662,0.001156058767,0.001430329606,-0.002429900541,-0.0009038256761,-0.002552105804,-0.002743825213,-0.001086479489,0.0004968206691,0.003866655815,0.004690646698,0.00387665221,0.005247121594,0.002931559388,0.003235587271,0.002015916845,0.002487043618
2013-09-30,-0.0005737355508,-0.004871791866,-0.005558866522,-0.005213212265,-0.001232572452,-0.002449185183,-0.005721138402,-0.003691915218,-0.0034229212,0.005037274966,0.0008876826239,-0.0002161274588,-0.004599279751,-0.007488021345,-0.005438038038,-0.002770907932,0.000216209215,0.002271733312,-0.006445058642,-0.004688516585,0.002151835857,-0.006169208111,-0.009087852581,-0.001678621143,0.000598029185,-0.001531480757,0.004033985233,-0.002273146009,0.00635093787,-0.003088452629,-0.004131299647,-0.003717159768,0.00381901202,-0.006079166674,-0.008355795183,-0.006320921052,-0.006136518535,0.008506423085,-0.006835227042,-0.007401402738,-0.000341744141,0.0008264370685,-0.001273779019,-0.005655695674,0.0006016146957,-0.00961228399,-0.006294795692,-0.003166450648,-0.01368620615,-0.004023584879,-0.001422642496,-0.001733277438,-0.01217646864,-0.001130823032,0.0008937655441,0.001136304661,-0.00980178076,-0.010917295,-0.01291474192,-0.005147207612,0.003906791936,-0.005768500904,-0.00483923772,-0.0005548160436,0.004234505192,0.004300771065,0.004049324436,0.00374622886,0.001466970517,0.002193586031,-0.002243493967,-0.007658179741,-0.005564592843,-0.009560762684,-0.002312914637,0.002299777336,0.003207317124,0.00284668142,-0.01381038799,0.002622571876,0.003587847126,-0.005600379891,-0.003074233798,0.002998978516,-0.004563496292,-0.001204534387,-0.001082559809,0.0002221779111,-0.0005548160436,0.0005100626478,0.002363330195,-0.01207943196,-0.004192333327,-0.004774248298,0.002180002531,-0.0002081277372,0.004780533481,0.004522318378,0.002482402235,-0.01352342811,0.0007820453087,-0.007405661906,0.005369829071,0.0008131920045,-0.007298854893,-0.005225609399,-0.006008433917,-0.01093121695
2013-10-31,-0.0005476182759,0.001738085719,0.0009658609944,0.01021939022,0.001870879494,0.001290528762,-0.0008565032772,0.003764898069,0.01359852848,-0.003723699671,0.008553173678,0.001428402445,-0.001035065338,0.01526203992,0.01568157031,0.004369647485,0.005259815274,0.00458675478,0.002399644264,0.005612934638,-0.001843208247,-0.0002194045288,0.001791557649,-0.003296282967,-0.003122007722,-0.002929296501,0.002174229778,0.0005930293201,0.00334875869,0.0001772699249,0.0147998119,-0.00408075346,0.007148716683,0.01574299143,0.01532239223,0.01152293175,0.01535294718,0.0007284375617,0.003038523732,0.003026339212,-0.0003489978632,0.001662603015,-0.001038544729,0.008628664406,0.002746874622,-0.0102653237,-0.004373936312,0.002777704417,0.01439665493,0.01535827519,0.01451295674,0.007897787909,0.01046818538,-0.003836701742,0.001192687326,0.001968532175,0.00888722326,0.01025780077,0.01029449465,0.01662645954,0.003731112799,-0.0002646490954,-0.000227208023,0.002983604495,0.003954171764,0.0008614367444,0.002720608977,0.002245667987,0.001213838723,0.003009513934,-0.001036995088,0.01448270018,0.01494659481,0.01733672062,0.001074368556,0.005708911578,0.003225772593,0.002552273404,0.01418167125,0.004506786341,0.006767856261,0.006572243144,0.0003666847031,-0.00038541815,0.002717625071,-0.0001885997763,-0.0003377770515,0.001738043088,0.002983604495,-0.003459580486,0.0002168666182,0.01159920689,0.005874978515,0.00613272568,-0.003759614213,0.003436551729,0.01458382518,-0.0009864170894,0.002464784032,0.01459788828,0.001960917109,0.01288643969,8.953130428e-05,0.006471892265,0.01710931341,0.01633090491,0.004519397844,0.01830266684
2013-11-30,0.003458080125,-0.0001053394989,-0.0001075574502,0.004152293114,0.001340479734,5.308815042e-05,-0.002341391904,0.002470867522,0.004794091112,0.001649402017,0.006706175948,0.001610026153,-2.836765004e-06,0.002742797845,0.003592670141,0.002867007354,-1.725495486e-05,0.00311902914,0.003236324861,0.001042822802,0.0002858393323,0.002953475768,0.001820467818,0.002510223638,0.002858076806,-0.001068304672,-0.001381751654,-0.002890212396,0.0008371564668,-0.0005391924585,0.005884607101,0.001096819181,0.001790545514,0.003638234795,0.002680560261,0.001383735077,0.003121555675,0.002671490704,0.0005369090011,-0.0009323778284,-0.006200863971,0.001228794608,-0.00430355089,-0.0009934499327,0.001717752863,0.0002161234828,0.0002503976256,-0.002902347243,0.001882501397,0.004264092987,0.004378022016,0.004068807969,-0.0004214126181,0.0007556525112,0.0002773946899,-0.001326602892,0.00280185545,0.001915974858,0.00037341281,0.005761435598,0.00337445414,-0.0003695983079,0.004503333421,0.002395453553,0.002993854675,0.000672756968,0.001464300915,0.002374723324,0.0004182999781,0.0007424992974,-0.001006574707,0.003972632008,0.003855092737,0.003849588698,0.00248894176,0.004390662062,0.001266414701,0.001304523716,0.001979291533,0.004443664046,0.004669957397,-0.0004015606755,0.00232622865,-0.000689875889,-0.0009436401482,-0.001925028271,-0.0007724348017,-0.0003608763765,0.002395453553,-0.001868633931,-0.0008058284204,0.00248290244,0.002937880397,0.003063322856,0.0006480173141,-0.0006986170291,-0.001958470094,-0.001639469908,-0.0005618106024,0.00187447847,0.002336082193,0.003415021786,0.003951167637,0.004126151443,0.00548248306,0.005339326046,0.002004478669,0.00408023046
2013-12-31,-0.002371518257,0.005257409472,0.005306351571,0.02217499298,0.006800197463,0.008494411002,0.007200234304,0.00448085044,0.01545459102,-0.001849998472,0.005203370027,0.0002037214209,0.006548807734,0.02345929223,0.02221144524,0.004742555259,0.0054212818,0.004750481463,0.008384780731,0.01165860568,-0.00711200037,0.002034956955,0.008275221741,-0.003269837631,-0.004615703343,0.01521209497,0.005603803602,0.008175530858,0.004810031716,0.007329908054,0.01581790336,-0.003746822905,0.004250121199,0.02270484723,0.02545475913,0.02088902381,0.0226974171,-0.01038249347,0.008469884808,0.009670481047,0.001914835684,0.004155674282,0.004524501164,0.01945119065,0.00817804612,-0.01280510427,-0.001022523638,0.008304022421,0.03492681286,0.01994255078,0.01737808801,0.01604148307,0.02784415642,-0.006714804045,-0.00259763017,-0.0024211134,0.0199143189,0.02215494323,0.02929140701,0.0223727556,-0.0005549111943,-0.004311451592,0.007841218967,0.008398906884,-0.00283538133,-0.002553727938,-0.001193164186,-0.003161291549,0.008354400703,0.00152299369,0.001397587577,0.022717108,0.02344170048,0.02768600685,0.001257965409,0.0002030814462,-0.005186713057,-0.001868043524,0.03489904578,-0.005797016425,-0.001036153294,-0.003620297041,-0.0005548308983,-0.005183136693,0.00969806562,-0.002716257993,4.903510872e-05,-0.00267723721,0.008398906884,-0.01131755235,-0.01090454036,0.02686562027,0.009154270469,0.009975607522,0.0005458392192,-0.00229581452,0.00544814203,-0.01033243688,0.002080062233,0.03470133777,0.005974197868,0.02201850708,-0.001896909652,0.005990949329,0.02657299354,0.02146903304,0.009673763505,0.0331456875
2014-01-31,0.003205844715,0.002816785643,0.00121556165,-0.01164597159,-0.008021732886,-0.008404662291,0.0007067100472,0.002551502291,-0.0068095503,0.01080899147,-0.004141985777,-0.000403456431,-0.003487147756,-0.01435666435,-0.01487076007,-0.005201831282,-0.004974931343,-0.007528264906,-0.005056671656,-0.008723336234,-0.001572408521,-0.002808395477,0.0006560424204,0.002173743738,0.0008624678742,0.006092578252,0.0002520259319,-0.00489235641,0.003208599339,-0.007245958485,-0.01296968294,-0.005563741316,-0.01078954201,-0.01470624294,-0.01503785171,-0.009341666562,-0.01408675825,0.001865535829,-0.006897938106,-0.008720960156,0.001884055374,-0.005703424044,-0.0007338362704,-0.01098407748,0.004486387753,0.004188528788,-0.007089388757,-0.003986899406,-0.01824233166,-0.01049022335,-0.01121435226,-0.0100052807,-0.01397998689,0.0001221334292,0.0002759671561,0.001833305815,-0.006519717768,-0.008576317657,-0.0147712956,-0.013602953,0.003000128043,-0.001061657473,-0.002700590142,-0.001009388596,-0.002021380525,0.001676559278,0.0008661042634,-1.058454622e-05,-0.003077069507,-0.005211030376,-0.0002557600142,-0.01390361349,-0.01512651539,-0.01761415456,0.003817919925,-8.943543316e-05,0.004369466117,0.001608446001,-0.01839466937,-0.0003816583293,0.006646670241,-0.01055512267,-0.007570291134,-0.003939690223,0.002218123649,0.004271866115,-0.001571835135,0.001772730944,-0.001009388596,-0.006582250091,-0.005550371757,-0.01144309842,-0.002591631368,-0.00356386738,-0.01610758812,0.0002655670055,-0.01444001704,-0.01085167786,-0.003517830713,-0.01817667356,-0.002869312178,-0.0127975719,0.003451148417,-0.00305042712,-0.01558928419,-0.012726754,0.001791087081,-0.01807364557
2014-02-28,-0.0002708553156,-0.002594548006,-0.0006985298048,0.01474590354,0.0009063481403,0.001986872964,-0.003412775843,-0.0003507802333,0.007728959994,0.002429714191,0.008683334584,-0.0001857877,-0.0007837376605,0.01368762637,0.01492755859,0.000103519209,0.005593674157,-0.002942221077,0.0006839450664,-0.007666945552,-0.003303334122,-0.002502986664,0.002195402404,-0.004300986449,-0.00415837137,-0.003413944098,0.004272905136,0.004156963052,0.002512860318,-0.002031073171,0.01496321553,-0.001390523681,0.009931595877,0.01465621412,0.01337637852,0.008767544811,0.01394741047,5.941555195e-05,0.005619012715,0.005510261825,-0.001071686716,0.001138204053,0.0004235420288,0.008688805127,0.006127479073,-0.001822836217,-0.002897305047,0.004701252092,0.01531851243,0.02138918029,0.02088166405,0.01101116228,0.006477158075,-0.009910362678,0.001088679109,-0.003402577673,0.007216950095,0.008145565673,0.008797736084,0.01533885791,-0.002446888421,0.005376322369,0.006876454691,0.004177911995,-0.0009513680289,0.0008264238619,0.002189122929,0.001547571709,0.006473719902,0.004167358987,-0.001890599863,0.02214116096,0.02003368639,0.01803252242,0.001997663394,-0.002221653575,-0.005321527258,0.0006684402234,0.0155367924,-0.000406110385,-0.00578218914,0.01149601836,0.01094299147,-6.891878617e-06,-0.0006882100366,-0.002145705212,0.000357914797,-0.001247597557,0.004177911995,-0.008571646689,-0.005028445291,0.01140598892,0.004813122213,0.005340172395,-0.01226158984,0.0002460910592,0.01371100038,0.008806096105,0.001561443888,0.01532701549,0.009472185642,0.01886646942,0.004611033467,0.01286455642,0.01747841183,0.01477566959,0.002524363548,0.01900854188
2014-03-31,0.002942892835,0.00353219735,0.002965945131,0.005129601186,0.001785800465,0.00209447575,0.001478123601,0.001179865956,0.001982542246,-0.002731059331,0.002255513604,0.0001917163937,-0.0001477367134,0.007452346017,0.007237869927,-0.0004843035697,0.002337631413,-0.001404353595,0.001260435645,0.001759581963,0.001607151339,0.001496866785,0.001278496235,-0.001436502146,-0.002750296308,0.002458269176,-0.0001893680757,0.0008958427412,-0.0009029249138,0.001296104773,0.005595962206,0.002163949874,0.001250529297,0.007399588474,0.007699156041,0.005011749241,0.007213873498,-0.001856542197,0.003266317187,0.003404050618,-0.001303503829,-0.0006025374051,-0.001198888371,0.003586329734,0.001650169898,-0.0003870963003,0.002796650298,0.001594703871,0.008598400903,0.01217192573,0.01047784039,0.002881570918,0.003947148678,-0.008458455265,-0.002497405858,-8.269022712e-06,0.00767482412,0.00879409933,0.00714123357,0.008465382607,0.003425761274,0.003035172724,0.001075563551,0.005649313485,-0.001723864326,-0.0009026259075,-0.0005435238289,-0.0004488165602,-0.0006000178082,0.002908051964,0.0006384009675,0.0111186895,0.0105852631,0.009805466694,0.004152354565,-0.002316418999,-0.002972764121,-0.001643835003,0.008485507934,0.0003127882202,0.001473906671,0.000434071791,-0.0001926115421,-0.001120843982,0.005973232884,0.004751603749,6.773463154e-05,-0.002336795573,0.005649313485,-0.002013120162,0.0003617575066,0.008531094318,0.007382308694,0.007194231755,0.0009007363812,-0.002691499313,0.0008750077469,2.475675974e-05,-0.002617408416,0.00876343687,0.003019882045,0.01101514429,0.001696479475,0.006023617858,0.009582107081,0.008187700332,0.006100265626,0.01131514478
2014-04-30,0.0008355466347,0.001764774005,0.001876825929,0.00390837506,0.0009176318951,0.0009808295791,-0.0004955823795,-0.0011127277,0.00203789329,-0.003561103595,0.003269513766,0.003236807391,-0.001966504254,0.006584687013,0.006474220666,0.001503506553,0.003743253272,0.0002070262572,0.001917906507,-0.00115238614,-2.316350909e-05,0.001674006019,0.002437642709,0.0009974728656,-5.478626645e-05,0.002550552273,-0.002540199036,-0.000518854582,-0.002833428437,0.0003674280975,0.006555419744,0.003053982532,0.003770643391,0.006744383971,0.006214321621,0.004384194776,0.006613122993,-0.001577999601,0.004645707076,0.004598570202,0.001756657204,0.0005394255516,0.001476468362,0.004222675839,0.002892995694,0.003400688676,0.003286230043,-0.0006735851225,0.007789239476,0.009023399153,0.008881632808,0.001987642785,0.005565185037,-0.003804631236,-0.001490634218,0.000884536905,0.005204276843,0.00554524767,0.006364664357,0.006639957717,0.003159503248,0.002618300302,0.002844332563,0.002905544648,-0.0006640013264,-0.00112724581,-0.001191800365,0.0006663673533,0.003543938425,0.002687426959,0.001096034867,0.01002315778,0.009346391409,0.008953324475,0.000558519561,-0.0009193934374,-0.001295977914,-0.001623854546,0.007675332687,0.003501821567,2.536632239e-05,0.001715988349,0.004921694745,0.00371322393,0.002573741402,0.00193589957,-0.0001141451318,-0.002077132852,0.002905544648,0.002575480645,0.002584748491,0.006430303419,0.002585215561,0.002609213008,0.003798524248,0.002166217934,-0.0009778675118,0.004335813396,0.0007320329827,0.007881148523,-0.0001511320376,0.006055558337,-0.001957333217,0.0002800072917,0.008007982336,0.006467025377,0.003087806879,0.009791378722
2014-05-31,-0.0006223097307,-3.235867568e-05,0.0001719480207,0.002588730051,-0.0002466146591,-0.0001887565481,-0.001106772084,0.0003072378325,0.0009058909153,-0.0005597179227,0.0009634050695,0.0005919678412,-0.0003492197436,0.001841611212,0.001874495915,-0.0004126248126,0.001729877653,0.0003122859853,-0.0006742951538,0.0005130494793,0.001288788164,6.193617854e-05,0.0001250354401,-8.216158776e-05,-9.406203291e-05,0.000770648643,0.0004028218812,0.001493500834,4.015767465e-06,-0.001544612995,0.002258470362,-0.0003393124176,0.002213151915,0.00217220807,0.001743268406,0.001875243669,0.001914613871,0.001784127713,0.002230839355,0.001102556829,-0.0003418693997,-0.0001894384167,0.0004837909564,0.0009219487092,-3.769589367e-05,-0.0004409654874,-0.000445592483,0.0004437797254,0.001139304805,0.005117674346,0.004213165386,0.001782778757,0.0003202265408,-0.0001299816934,0.0001409034462,0.0003561831852,0.001461245248,0.001592912804,0.0007652968001,0.003181067042,0.0001753875073,0.0001277046615,0.001145296538,0.001149134941,0.001407521503,0.002198851385,0.002401156348,0.003276353168,0.001676697496,0.002378911024,-0.0008316337583,0.003566367341,0.003709091108,0.003695152074,0.0009854377231,0.0002767945624,-0.0003553391968,-5.69602082e-05,0.001179399171,-0.0004001479948,-0.001967868738,0.001208067,0.002526571621,0.002204208401,-2.714261002e-05,0.0008515117797,-0.001043983637,0.0008974369448,0.001149134941,0.0008049157799,0.0008072040399,0.001504888524,0.0007086007084,0.0006972733842,0.0007960824663,-0.0002669223489,0.002028976498,0.001456334436,0.0005889863839,0.001231279202,0.001276030885,0.003923393144,0.0009780624239,0.001483529931,0.00373595079,0.003157263723,0.0009438362561,0.003633567163
2014-06-30,0.002149926338,0.0008778108659,0.0007459533384,0.005863534727,0.0008941722606,0.0002295276292,-0.002279748958,0.002539392553,0.002911859255,-0.0008703202491,0.004841118425,0.0007785550109,-0.001402508144,0.00543189311,0.006071583186,0.0009158117891,0.0009768016016,7.093907042e-05,0.0003056748972,0.0005153745629,0.0006377918624,0.0008285973722,0.001015275143,1.597467156e-06,0.0001351255899,0.0005084618305,-4.20036727e-06,-0.000466207723,0.000369978881,0.0002474634054,0.006058415217,-0.0004581622708,0.004536831711,0.005787948682,0.005115758847,0.002481647399,0.005549888585,0.00195958513,0.00180471149,0.001301267138,-0.003276483299,-0.0002623250567,-0.002287238772,0.002072823975,0.0003243768038,-0.0006620963356,-0.0005438819304,-0.002122741964,0.004138240413,0.009027272247,0.007909257782,0.004558357012,0.002912738922,-0.00207438583,-0.0001771203145,0.0007864285285,0.004281784499,0.00468996515,0.003549554759,0.006113883995,0.002338522765,0.001329693913,0.0006017752375,0.00213448041,0.001119998204,0.001297564857,0.0006000527505,0.002660776377,0.001201305836,0.0007226273336,-0.0006671812199,0.007099601814,0.006637694135,0.006131030543,0.002631925774,0.003901822944,0.002624617025,0.001869308716,0.004040524824,0.005421990282,0.001311606208,0.004132128732,0.00430549086,0.005803441236,0.0005329854011,-0.0009039833986,0.0008006254708,-6.382925061e-05,0.00213448041,-0.0007222165919,0.0009417113378,0.004787958112,0.00481414248,0.004810413808,0.000724488463,0.004261105124,0.005248268764,0.005207444356,0.0004577895658,0.00409734546,0.001889331847,0.005945838896,0.001242843847,0.003490721211,0.005792606829,0.005685937817,0.002957849875,0.006765037876
2014-07-31,0.002375092644,0.00276418364,0.001790173555,-0.001117365776,-0.001774574219,-0.001548544497,-0.001767782738,0.001808073979,0.0008039996968,0.0003270573827,0.0002106630019,0.000324048287,-0.002027377546,-0.001023421521,-0.0011699016,0.001285097871,0.0008995510611,-0.0004187234957,-0.001272135274,-0.0001156449274,-0.0003868878927,-0.0007981740295,0.0003849226488,-0.0006934522628,-0.001060661645,-0.0001027483947,0.001400702218,0.001162427198,0.001447555419,-0.001577520894,-0.0004327183638,-5.724895595e-05,-0.002101771692,-0.0008119420004,-0.001301900128,-0.0004572056817,-0.001041009115,0.001503287865,0.001071026334,0.0002375562649,-0.0005030688771,-0.001730092375,-0.001433591335,-0.002030536725,0.001307332002,-0.000723190976,-0.0003980990815,-0.0007748066178,-0.0008645341451,0.0008838292535,0.0009291113471,-0.00119511439,-0.000387166141,1.659691627e-05,-0.0023554746,0.00012314609,0.002073885121,0.002704883464,0.000599670795,0.000826533734,0.001842282688,0.0002077112013,0.001248885162,0.002193225752,0.0005634684249,-0.0005698628227,-0.0003869677035,0.0003841345448,0.0007944184609,0.001350622645,-0.0004375096167,0.001995348137,0.00170301473,0.0001648255989,0.002893509726,-0.0005373614071,-0.0003489686482,-0.0001780872462,-0.00079460785,-0.0008187419838,-0.001259131601,-0.0002696063542,0.0008446141287,-0.0008347683601,0.004596313945,0.005423360519,-0.0005569303704,-0.0007428155983,0.002193225752,-0.0007150883907,-0.0007921974381,0.001898516535,0.002396610688,0.001954096566,-0.002124506373,-0.00200483145,3.95430643e-05,0.0002300204189,-0.004829559876,-0.0006536531314,0.002381550356,0.002005853388,0.002272922282,0.002277777885,0.0002087224571,0.0006348324761,0.003984662232,-5.584178305e-05
2014-08-31,-0.003344500011,-0.002924074256,-0.003151020412,0.006108528659,0.002025318015,0.002568324874,0.0008107995519,-0.001022233261,-0.002095315001,-0.0008833360428,0.002396657196,0.001099833237,0.0003368877737,0.003571748159,0.00336118122,-0.0004031492037,0.001745951717,-0.001555089856,-0.003085528652,-0.001718897361,-0.003095780263,-0.002767139352,-0.00369803922,-0.002922773485,-0.002943782887,0.00206355693,-0.0008390294839,0.002296276205,-0.001284766887,0.003306998864,0.003607800241,0.002435347693,0.003054892235,0.00327623801,0.003827345314,0.003176915025,0.003472742326,0.0004492549891,0.002549831465,0.00368466464,0.003245832644,0.002654113765,0.002763771382,0.004503742139,-0.0006085641365,-0.0005823367771,0.00157134854,0.0007137336548,0.003977019851,0.004943425223,0.003890558718,0.005623466568,0.003966973088,0.0004624694414,0.003177992662,-0.0007785693021,-0.0007572117244,-0.001385710768,0.003401412415,0.00304894855,0.004621566949,0.001994183487,0.003737662851,-0.002996737362,-0.001591630108,-0.00201228301,-0.001062308896,0.0006655902096,0.001013170089,0.0002575993034,0.0008446268362,0.002360156158,0.002949513034,0.003613621309,-0.003150278577,-0.000795489713,-0.001487880658,-0.002599050851,0.003790242101,0.004350244698,0.004585391898,0.001584150704,0.004130086777,0.004584687152,-0.006968726096,-0.007108659795,0.000135854924,0.0007263715766,-0.002996737362,-0.0004220878928,-0.001125776895,0.001902799687,-0.002663954084,-0.003226854056,-0.001166908424,0.001266950174,-0.002383555288,0.001556746273,0.006320026205,0.003926396163,0.004111284828,0.004830267286,0.001324832631,0.00246072167,0.00367584881,0.002799424124,-0.003139833832,0.004807650347
2014-09-30,0.00466811932,0.0012214805,0.0008143818916,-0.008183723008,-0.003774135584,-0.004165312216,-0.0004880808109,0.005527280356,-0.0002695835254,0.008544442127,-0.003450999223,0.001032177302,-0.002330687631,-0.01287750824,-0.01280458666,-0.004120458689,-0.004820148391,-0.00269076229,-0.002537837158,-0.0003117660678,9.108998697e-05,-0.0003582311749,0.001370300072,0.002268675381,0.002531198146,-0.0004536835825,0.007029953598,0.005191159883,0.006936192018,-0.005664154659,-0.008286269214,-0.007022005439,-0.008934206166,-0.0125209313,-0.01292341156,-0.005524605206,-0.01271291274,0.0005212007659,-0.003705224436,-0.004897990328,-0.003366902213,-0.0023962931,-0.003637652873,-0.01195563237,0.00357831805,0.01136228176,-0.008798473864,0.001795442156,-0.01549098299,-0.01311005619,-0.01249612694,-0.005961379569,-0.01070756424,0.002203612395,-0.0009030797712,0.001267595137,-0.006171690536,-0.00774264329,-0.01106784674,-0.01122657261,-0.00667631912,-0.0049327078,-0.009251771233,-0.00229788098,0.002149612235,0.002594367357,0.001181859475,-0.003071017893,0.005295165016,-0.001620076417,0.0001413249528,-0.01382626924,-0.01295827214,-0.01338562261,0.003061755643,-0.00227587303,0.002544302057,0.003894677333,-0.01520511811,-0.01015143122,-0.0007888929075,-0.001355913555,-0.01008061775,-0.01065451898,0.0003358842273,0.004124625793,-0.002203342169,0.00202662511,-0.00229788098,-0.001229999574,-0.0039679801,-0.0106296722,-0.0009616713936,-0.0006338311249,-0.003574432765,-0.006478776142,0.008728473438,-0.001569217567,-0.007539957471,-0.01524822421,-0.002003731046,-0.01332043336,0.003789554418,-0.001946368582,-0.0135917281,-0.0104064498,0.0006206055392,-0.01616237677
2014-10-31,-0.0003258136837,-0.0008161363651,-0.00124632103,-0.001395594961,-5.115664053e-05,0.0005309026823,0.0003397869525,0.001644648093,0.0004251415066,0.003522237722,-0.0007574559246,0.001292505572,1.306685734e-05,-0.001502566619,-0.001494505566,0.0001611130524,-0.00218310125,0.0009637487021,-0.001933187678,0.0004436498435,-0.003439645764,-0.0009970489079,-0.001542844496,-0.0001749856059,0.0004547962985,0.0005509606622,0.004598021728,0.004067038255,0.003635445562,-0.0002629175433,-0.001897566584,-0.00311357053,0.0007739336573,-0.001652217766,-0.002064461152,7.450195159e-05,-0.001542250424,0.002214073579,-0.001247881814,-0.001168866444,0.001054621457,0.0007460706269,0.001306248175,-9.400614677e-05,0.002314275865,-0.0001018809141,-0.003846248329,-0.0003520534009,-0.001583809254,-0.002401781222,-0.003603662177,-0.0005319437104,-2.478942111e-05,-0.001617683413,0.0003248179169,-0.0001931520801,-0.001208511631,-0.001786431643,-2.594279019e-06,-0.002298017589,-0.002115483261,0.0005809668877,-0.001029145657,-0.001867410853,0.001514623618,0.001731444111,0.001102203706,-0.002218467491,-0.002861450933,0.001098393465,0.0002145253334,-0.004086551339,-0.004191469263,-0.002850029797,-0.001736861385,-0.0002275593574,0.0008071368027,0.001212863467,-0.001464424201,-0.002411175006,-0.001563970704,0.001271165246,-0.00164661063,-0.003099460611,-0.001418781858,-0.0003977875734,-0.0008098696367,0.0002295680092,-0.001867410853,-0.0004166250789,5.05159331e-05,-0.002491469447,-0.002704951836,-0.003196991958,0.0003903260464,-0.00123995307,0.0009943718061,0.00101186447,0.002539263996,-0.001790285298,0.0009030382388,-0.001521040846,0.001621011412,0.0006402010436,-0.003519675856,-0.002765907798,-0.0008963465676,-0.002816876501
2014-11-30,-0.002014584313,-0.005820495556,-0.005218525416,-0.002238980916,0.001051494045,0.0006843517563,0.001356090905,0.003613125962,-0.002285005341,0.004912022371,-0.005130464431,0.001080898661,0.003093891943,-0.008671484396,-0.008274749429,-0.0006685633547,-0.004084452362,0.005223361114,0.001739407291,0.005253234893,-0.003393527549,0.00175864777,0.001738682385,0.002618535643,0.002819538907,-0.002416814542,0.00551868301,0.005768189118,0.005358719584,-6.20612621e-05,-0.008399377162,-0.001544714672,-0.00427864245,-0.008884030768,-0.008145411844,-0.006432181458,-0.008492160291,-0.001606634898,-0.006052089976,-0.005443683055,-0.001732009525,0.001455792502,-0.0004048714393,-0.003630308018,0.004520193778,-0.001708235328,-0.004194515553,0.00470292142,-0.01406707967,-0.0115299678,-0.0125285668,0.001555660439,-0.006765578454,-0.0003038141961,0.002921287021,0.001072150816,-0.0125549376,-0.01353714262,-0.01013514856,-0.01111757158,-0.005782913361,0.001726290146,-0.0002501962039,-0.009357055026,-0.00050078338,0.002586149235,0.001712015184,-0.001197614858,0.004970932573,0.00656337867,0.0009397820391,-0.01578440332,-0.01692208915,-0.01125232753,-0.005492326075,-0.00493301078,-0.001739465311,-0.0006137502485,-0.01409627347,-0.006804322252,-0.006852493881,0.003779986574,0.001879017944,-0.007126823854,-0.01232086638,-0.008040364758,-8.891254682e-05,0.002184463984,-0.009357055026,0.003601789222,0.000425055463,-0.01167403025,-0.008993583,-0.008539202534,0.0004722615951,-0.001102016669,0.004829327671,0.002180139788,0.002773025485,-0.01440695912,-0.001257721245,-0.009845745925,0.005430112671,7.732591432e-05,-0.0126360004,-0.01156874123,-0.01056058363,-0.01360270564
2014-12-31,-0.0008920524429,0.002642014709,0.002479394517,-0.005619900255,0.002232171916,0.00364729664,0.004739712214,0.0009416543601,-0.001052940761,0.005576750677,-0.006493696449,-0.002554371543,0.01036355279,-0.002927810691,-0.002930555393,0.007412227233,0.00434076358,0.007289230714,-0.001967858357,0.006598737296,-0.006313725314,-0.002873459314,0.0007602983266,-0.002560360619,-0.002986251106,0.003716260744,0.004352918232,0.005842456977,0.002293076753,-0.002039352964,-0.003464342291,-0.0009125862328,-0.006886095673,-0.002985771984,-0.001857474269,0.0002598762669,-0.002736879713,-0.00433351302,-0.004236829638,-0.00243279044,-0.005219731708,0.001871993962,-0.001069292975,-0.004539534229,0.007378840766,0.003425692081,0.001071933805,-0.004296567013,0.001907834311,-0.01358378259,-0.01152324588,-0.003740555722,-0.0006988874168,0.004653013543,-0.004844542276,0.00212265187,-0.005693733034,-0.005609058456,-0.0006755872697,-0.007783754596,-0.0003009796294,0.01263141347,0.005556016511,0.002699534423,-0.002304177984,-0.003759481849,-0.004964385697,0.006911284645,0.009003294208,0.01108124312,0.004262137221,-0.007976347285,-0.006510157832,-0.004538560688,0.001223139369,-0.002895066452,-0.001316628157,0.0007633515149,0.002742192896,-0.001304062072,-0.003585673595,0.008296185929,0.007820167648,-0.0009293952829,0.0007460960123,0.002706852975,0.0007489144025,-0.003567914615,0.002699534423,0.0046927059,0.007051604724,-0.007387607858,0.002340438935,0.002283357298,0.007484150118,0.0001399762071,0.001976228644,0.001469425718,-0.00172410782,0.001617919463,-0.001602401771,-0.003677811822,-0.003014042064,-0.00367921485,-0.006238192403,-0.006185478353,-0.002363860879,-0.007189165917
2015-01-31,-0.00042556485,-0.0009183429093,0.000216210853,-0.01429706334,0.0007220551264,0.0009279530906,0.002275909863,-0.001529148717,-0.001793646888,0.008447817719,-0.01830921638,-0.01303232877,0.01610301213,-0.009648381887,-0.01223913771,0.01161417396,0.01198670903,0.01354648119,-0.004478963062,0.009175513443,-0.001751368524,0.004310286094,0.005972677974,0.001795165901,0.003365626883,0.01864180976,0.001685001375,0.003679177908,0.002355356435,-0.002549074045,-0.01460323699,-0.001032187015,-0.007593076435,-0.0111520816,-0.01068377443,-0.004828872351,-0.009921492934,-0.002604851378,-0.005845628178,-0.00591696513,-0.0007344971314,0.007052029116,-0.0001375516908,-0.003363404992,0.01297327377,0.01085145936,0.001606129628,-0.00964365091,-0.006189175147,-0.02130556073,-0.02238342263,-0.01058916599,-0.01577589917,0.009105796247,-0.005538588659,-0.006771577486,-0.01754168215,-0.02106588172,-0.0175152847,-0.01957624113,-0.001770551007,0.01110256445,0.00333112189,0.001045573264,0.003662677004,-0.0009422425701,-0.002045705294,0.01177056378,0.01456535319,0.01522020494,0.004256856223,-0.0205415614,-0.02123485121,-0.01741352919,-0.004565328615,-0.002392080545,-0.005772735062,-0.001421982491,-0.005601224393,0.006735000817,-0.006588012093,0.01613465902,0.01461201999,0.009488776566,-0.001404913762,0.003817207112,0.0005391493329,-0.005189795499,0.001045573264,0.0004625723252,-0.001008099677,-0.01933713448,-0.005544328659,-0.006142168018,0.01593057213,0.006648921572,0.0101969748,0.008809337433,0.003560704723,-0.006542098337,-0.006582919084,-0.01451504701,-0.002841589416,-0.008482865257,-0.0178964221,-0.01841173038,-0.006831624567,-0.01763893464
2015-02-28,-0.002752812226,0.001033328473,0.001479707248,0.01386084335,0.0005496225477,-9.059747378e-05,-0.005468413079,0.001676746419,0.01255564325,-0.01086881777,0.01961188736,0.01412460612,-0.01106532464,0.01455520101,0.01766610614,-0.02267526406,-0.023322778,-0.02261353251,0.003704181857,-0.007604473217,0.008157677736,-0.008759319374,-0.005943078874,-0.004719005115,-0.003638304172,-0.008816829363,0.001253744503,-0.0001880457974,-0.001111113499,-0.001596583379,0.01172930585,0.007101387143,0.007781198602,0.01644753285,0.01548135918,-0.00147723065,0.01510335123,0.004942227964,0.0100606493,0.004516244731,-0.01256228798,-0.002415629732,-0.0139822476,0.0003006711032,-0.02194861179,-0.01193240091,-0.0008753578678,0.006413867412,0.01228049692,0.0235221144,0.02006187395,0.01041735479,0.00236626212,-0.01637163376,0.00164562288,-0.002322778084,0.01698722749,0.01584789813,0.008157296181,0.02320024075,-0.0004634639097,-0.01526438722,-0.01112699351,0.006856591154,-0.006836849877,0.001625654983,-0.001780019736,-0.01536024402,-0.01220722936,-0.01626605194,-0.008701769783,0.02122870004,0.02204480082,0.0185732599,0.002897612725,0.002565590012,0.007918001728,0.003510444466,0.01175444559,-0.01107858913,0.01477197394,-0.01605724903,-0.01614740502,-0.0142217079,0.003750715348,-2.195949688e-05,0.0004434906728,0.001678140684,0.006856591154,-0.01418188631,-0.008578414008,0.01515717569,0.004414509398,0.005990160996,-0.01810381968,-0.0112291978,-0.01614748432,-0.01509182178,-0.001656268961,0.0132586158,0.003908385875,0.01499760512,-0.0002439156202,0.00738315449,0.02017445604,0.0220555906,0.006607395669,0.02280781551
2015-03-31,0.0005707746777,-0.002014228686,-0.00195627375,-0.002007442252,-0.001813300134,-0.002757582971,-0.002373306572,-0.003008285996,-0.002230409324,0.0003507738264,-0.004920447734,0.007111795829,-0.0004141936677,-0.007993044544,-0.007743662755,-0.005147187428,-0.005823931356,-0.004214074112,-0.004998984117,-0.004100890081,0.002960975372,0.001540612106,0.0005476741397,0.006100362396,0.004886988686,-0.000975306268,0.001751760308,0.001583170223,0.0007006098177,-0.00485198496,-0.007116414657,0.0007976867085,-0.004622673131,-0.008061494528,-0.00819268528,-0.001036523719,-0.008104855791,0.002813068092,0.001703744538,0.001803746308,0.001268578068,0.0002900913267,0.0007681243976,-0.004693612083,-0.006227416265,0.002877596714,0.0004837371347,0.004001749958,-0.008904541381,-0.005181390969,-0.005532929129,-7.363413144e-05,-0.004485670408,-0.002148107705,0.002505402585,-0.00249387992,-0.006504355309,-0.007514304353,-0.005709006153,-0.006488804085,-0.001498195681,-0.001163551884,-0.0007602423514,-0.004649297269,0.002156678904,0.0001125975917,0.001788643914,0.00316319243,0.001632894331,0.002376543908,0.0006933006244,-0.004655137515,-0.004779045425,-0.007117646304,-0.0009153705365,0.001029521654,-0.001471516974,-0.0008272981922,-0.008855077362,0.001461419342,-0.004051414201,0.001521874972,0.002159626225,0.001189004528,-0.005642617032,-0.001557050173,0.0005348388767,0.001817589634,-0.004649297269,-0.003014361202,-0.003560318933,-0.006063148853,-0.002043770645,-0.002104301899,-0.009452207837,0.002749850161,0.006714761716,0.006355220696,-0.0003932448593,-0.009027096946,0.0008484618707,-0.004486071817,0.003789552265,0.0006389092298,-0.006825854571,-0.006903959625,-0.003757727269,-0.007703821187
2015-04-30,0.001543643767,-0.002681810257,-0.003042632711,-0.001172322251,-0.004386317576,-0.005183234961,-0.005559658438,0.007249547559,0.007769058546,-0.005698151363,0.01190132018,-0.0001802646109,-0.01572535305,-0.004849215553,-0.0008012234697,-0.01862355273,-0.01800944427,-0.009908689002,0.004610530738,-0.007968187067,-0.003532469212,-0.008321654699,-0.003497090148,-0.002981195746,-0.002872979083,0.006503329517,0.003132407319,0.001813874226,0.001772807101,0.00804191152,-0.001425579928,-0.0001224177692,-0.003735471669,-0.002931865593,-0.004727813703,-0.008368727475,-0.003756934363,0.0118076901,0.006496870387,0.003392464083,-0.008791582613,-0.004096571724,-0.01169174286,-0.01044864394,-0.00887596073,-0.008558576279,-0.001659680805,0.01124536258,-0.01226264879,0.004627050066,0.004896823809,9.26287995e-05,-0.007602548252,-0.00547515411,-0.001399599592,7.197703874e-05,-0.001957514855,-0.002827918202,-0.007785805217,0.002272658462,-0.007869897747,0.00105219139,-0.008411971084,-0.002886196504,-0.003914015961,0.002388685582,0.0005638172345,-0.006876118808,0.01443480296,0.006838335384,-0.00949490527,-0.000730117576,-0.0009377149708,-0.002482939392,0.0009060629235,-0.009343478737,-0.001217973576,-0.002531467189,-0.01266021263,-0.00436676658,0.001300113717,-0.001624774658,-0.007173715869,-0.004120760388,-0.003443550138,0.003357877606,-0.001668728493,0.0007310258691,-0.002886196504,-9.709057365e-05,-0.002758552847,-0.003173501128,0.0008518058439,0.001356285859,-0.001842772836,-0.001661876477,-0.005739798446,-0.0007155555258,-0.005452223913,-0.01101859623,0.002466063746,-0.002138965791,0.008552101746,0.005525338485,0.0008918081664,0.00113074392,-0.001862668511,-0.0004593127936
2015-05-31,-0.003031390442,-0.006157784116,-0.005913356857,0.0006370559768,-0.008654675941,-0.009844616264,-0.007894507357,0.003179692194,-0.001138965127,-0.001689148427,0.001573679716,0.005799141771,-0.00866301847,-0.00774703291,-0.005159139997,-0.002216961284,-0.003093400783,-0.0008221086215,-0.007459505479,-0.004921732752,-0.003371741402,-0.005651841294,-5.608897623e-05,0.0002739466247,-0.001681380562,-0.001797961002,0.00303782355,0.001460436205,0.003277924839,-0.002123745455,-0.006756985102,0.0006342372744,0.001344224552,-0.006296105591,-0.008551384073,-0.007242482454,-0.007025840508,0.008298978278,0.005571393387,0.003796176164,0.001011655142,-0.004524459884,-0.001432726093,-0.007577585369,-0.002338693627,-0.006960905026,-0.0003905319648,0.007613605521,-0.01287199588,-0.002040168113,-0.001880317968,0.003195427051,-0.009641893047,0.002495515564,0.004295013878,0.0002090077578,-0.007194934859,-0.009057954949,-0.01023575398,-0.006215172182,-0.002169095496,0.004824198325,-0.002274585116,-0.007037483262,0.0007804153303,0.00190404842,0.001237452186,-0.001015797542,0.0006611532908,0.003046515246,-0.0007009238649,-0.00619301913,-0.004054384834,-0.007596935072,-0.0008832561109,-0.001678315377,0.000490302048,-0.001503029595,-0.01333912575,0.001576507995,0.0009947143866,0.004737375347,-0.0003553474424,0.0001894248613,-0.01230983949,-0.008473914659,0.0001550131414,0.002134842941,-0.007037483262,0.002729979578,0.003426447808,-0.007812588707,-0.006850323334,-0.005683457216,-0.001650368897,0.002987164007,-0.00429950525,0.00549936893,-9.187493363e-05,-0.01255035409,0.002924106277,-0.005011750504,0.006884870342,0.002504326932,-0.008383243428,-0.005912926417,-0.007812033466,-0.006080533145
2015-06-30,0.0008801786761,-0.001628891451,-0.002398201285,-0.003395925765,-0.002363560395,-0.002451737187,3.695148417e-06,0.0003721728124,-0.002398364885,0.004053749809,-0.004671838377,0.001070688967,-0.0006508131685,-0.008452689436,-0.008404850612,0.001512019945,0.0001154483901,0.0002938597921,-0.001313348642,5.197944238e-05,0.0007580678306,0.0002315309607,0.001624516573,0.0009711917398,0.0009942547141,0.001624769643,0.002700243546,0.002425775468,0.002340762354,-0.000446241465,-0.006412937812,-0.001629779245,-0.005844388066,-0.008461882371,-0.007818227414,-0.001626386343,-0.008257463981,1.257034117e-05,-0.0006631727507,-0.001080343402,-0.001236104361,-0.0004294622819,-0.0008042002477,-0.005125460944,-0.0005317816645,0.003554693179,-0.001604999999,-0.001043138919,-0.009551050157,-0.007413358482,-0.00716153061,-0.001461850488,-0.006716796121,0.003142528823,0.001439244095,-0.0004567717117,-0.006761840877,-0.007515894606,-0.006818224627,-0.008458972141,-0.001778092292,0.0003126277511,-0.0004709697497,-0.002732683778,0.0005785490441,0.0002540353825,-0.0007630686615,0.001420365554,-0.001883658225,-0.00101188801,0.00107483331,-0.007059397647,-0.007613147057,-0.008248708186,0.0007896517335,-0.002698342453,-0.001548867967,-0.0007222605279,-0.009374524703,-0.0006434074163,-9.022478776e-05,0.00218741915,1.816830289e-05,0.001062859075,-0.004264785018,-0.002232522857,-0.0003844938728,0.001152916077,-0.002732683778,0.001724064208,0.002154958661,-0.006769536125,-0.004288778294,-0.004102442088,0.003722872886,0.002429572038,0.004131651059,0.00186630549,-0.001391275785,-0.009640978688,0.00178765224,-0.006028580698,0.0046225435,0.0006928316332,-0.0086373675,-0.008897738872,-0.0040069419,-0.009846822614
2015-07-31,0.005821302584,-0.001781460737,-0.002277389866,-0.008555824343,-0.003911177313,-0.002088937382,0.00490469921,-0.009561976474,-0.008818051248,0.01067828898,-0.01443136183,-0.005052718257,0.006840022919,-0.01227008222,-0.01373792761,0.01182449437,0.007085530031,0.01186596525,-0.008853114435,0.00695866079,0.008263676676,0.005745705182,0.001728480757,0.006426710569,0.00598656031,-0.004953613438,0.007406031489,0.009099997861,0.00753200472,-0.008740924329,-0.01296738869,-0.009812757486,-0.008518996809,-0.01265511637,-0.01285248962,0.007480531684,-0.01228403888,-0.001064905345,-0.007111785571,-0.006525353105,0.0113296092,0.00288492393,0.01243799652,0.0005421847648,-0.004222748348,-0.002423849113,-0.007236957556,-0.01302467554,-0.0114288492,-0.01410932439,-0.01474073941,-0.005104512526,-0.009673848913,-0.004967376239,-8.593711714e-05,-0.001036128335,-0.009426057718,-0.01023824894,-0.01005863374,-0.01976945801,0.0008473378716,-0.01011816888,-0.007289946555,-0.007251167641,0.004030411213,0.0102940485,0.004430341404,0.01129900695,-0.004783715878,-0.006036251369,0.002218783644,-0.02027154907,-0.02070393361,-0.01906447703,-0.003184571709,0.007475483047,0.01002543441,0.004928655059,-0.01070438004,0.01204177553,0.01402959311,-0.008084846127,-0.002380768081,0.01148164075,-0.00146062451,0.001150101709,0.0005513903021,0.001428761978,-0.007251167641,-1.445381645e-05,0.001687522554,-0.01262188542,-0.003483711798,-0.004678256464,0.003679598268,0.01111547456,0.01187803081,0.01200862832,-0.0004423166294,-0.0118985792,0.00563520511,-0.006860774577,0.006869713131,0.001365052899,-0.01777802072,-0.01818658336,-0.006581545932,-0.01498565892
2015-08-31,-0.001756952576,-0.003973800659,-0.003368516467,-0.008088102161,-0.00322498871,-0.001906894439,0.005006928048,-0.01015866172,-0.01323356313,0.006959038983,-0.01776551762,-0.005261891344,0.006436941946,-0.01186875654,-0.01434666065,0.01343600043,0.007852883427,0.01592448745,-0.001541258633,0.01004739897,0.0001518627943,0.009928305339,0.003576244465,0.00902689779,0.009628899573,0.007631284832,0.005904267991,0.007624634139,0.0080952425,-0.00288920474,-0.01287454747,-0.005192085075,-0.008292829073,-0.01348265739,-0.01256378292,0.005436123205,-0.01234822208,-0.0006327574519,-0.004373384665,-0.0024268665,0.01088283746,0.00240971173,0.01400642854,0.0005730356756,0.0005596454852,0.0002105199587,-0.001662611506,-0.006965047396,-0.006597018391,-0.01809122522,-0.01790517188,-0.005327734119,-0.002427711284,-0.00601218951,-0.0004945822048,-5.781525422e-05,-0.01097483332,-0.009287805582,-0.003758486942,-0.01770125712,-0.00299965064,-0.008040648137,-0.01276769203,-0.004746505231,0.007889048953,0.008099238613,0.0001007875427,0.01070292798,0.006998861846,0.001487566315,0.00276888809,-0.01734716169,-0.01771153183,-0.01693190427,-0.00757119409,0.004436294198,0.008564357656,0.002568766247,-0.005916598302,0.009128085704,0.0128573522,0.001945825098,-0.01259958144,0.01031202104,-0.002887083235,0.0002794222418,-0.000540937851,0.0001143417519,-0.004746505231,0.004560044389,0.004924057041,-0.01074437775,-0.005588876347,-0.006156770263,0.01365061089,0.009794131403,0.01209480017,0.006849468531,-0.0007244052087,-0.007697699529,-0.001391055759,-0.01064198559,-0.00158955355,-0.006076348868,-0.01737241227,-0.01915035459,-0.007093071299,-0.01580475093
2015-09-30,0.002583641804,0.0005831865864,0.00118762727,-0.0169089732,-0.004628873935,-0.0007789678053,0.012220662,-0.01489542751,-0.02331329509,0.01884184246,-0.03215638719,-0.01113043642,0.01744287099,-0.02452046013,-0.02863154435,0.0221659803,0.007507627514,0.02376578404,0.008804871136,0.01780651229,-0.006311828487,0.0150183322,0.001033945723,0.01085806087,0.01269270894,0.02102893612,0.01115680439,0.01693938282,0.01091313001,0.006093025963,-0.02722744731,-0.00602383109,-0.01841557899,-0.02735681974,-0.02499536952,0.009914326288,-0.02555688748,-0.01264821217,-0.007303667939,-0.0003052971883,0.01048165976,0.01056040834,0.01926488906,-0.002561057984,0.006240668619,0.002433968562,-0.0033368378,-0.01803350633,-0.01596016081,-0.03452087377,-0.0340488403,-0.01025224286,-0.0154798632,-0.01640717631,-0.0009918210665,0.001755517586,-0.01961760742,-0.02125382697,-0.02024102889,-0.03777244869,0.002490379749,-4.143789406e-05,-0.0177160857,-0.006145661479,0.01029650125,0.01135451863,0.000192066665,0.01940691709,0.02093267708,0.0178615292,0.001653498577,-0.03758881911,-0.0388109811,-0.03438008025,-0.0003304052312,0.008347849198,0.01435698646,0.00548877263,-0.01474358673,0.02230521007,0.02657132437,0.02148020675,-0.0009735797192,0.02088153825,-0.003404524645,-3.272479768e-05,0.00277490194,-0.001680810301,-0.006145661479,0.005812210871,0.01311712675,-0.02416200427,-0.00556595142,-0.006126636559,0.02098791208,0.01908797436,0.02450527424,0.02046402095,0.0006235274576,-0.01811212819,-0.01454989428,-0.02932267236,-0.005542974028,-0.01372721865,-0.03580636876,-0.03848689555,-0.009174041547,-0.03269664778
2015-10-31,-0.006308538704,-0.001547661654,-0.001896286594,0.01172695166,0.005323987269,0.005011327842,0.00108637432,0.0002797720124,0.00423634,-0.01050457374,0.01901515836,0.003631189923,-0.001533409793,0.01919394448,0.02039529279,0.0006493623556,0.003683278297,-0.001198838014,-0.004810078972,-0.00201590863,0.01103459814,-0.003914803959,0.01079332263,-0.0007232700323,0.0001765659257,-0.007189391233,-0.004788869312,-0.007633991648,0.0002955785173,0.005654668131,0.01724335375,0.006272148815,0.01212215282,0.01988330375,0.01843900288,0.003329839772,0.01958433283,0.003361750655,-0.002425991678,-0.005787607241,-0.0007942112301,-0.0006814119181,0.0005089084019,0.01518112185,-0.004496111028,-0.005176370426,0.009437605252,0.01193843001,0.01516336482,0.01838442517,0.01851747473,0.00756197762,0.01510911248,-0.003959457408,0.002566359088,-0.003958007004,0.01187538994,0.01395469847,0.01716545605,0.01936775595,0.003485552218,-0.0004308181365,0.004024736257,0.004057569782,-5.586292066e-05,0.00103097569,0.0003776914538,-0.006706536675,-0.006739624692,-0.004589267618,-0.0008194258875,0.01724189319,0.01765719429,0.01793054061,-0.003403666549,-0.0004055063322,-0.0007447128548,-0.0005052477031,0.01476751868,-0.01071415699,-0.003363199365,-0.009953161476,-0.01243471905,-0.009251320858,0.001143658155,-0.00378409468,0.00302174063,0.002422850349,0.004057569782,-0.01240940749,-0.009393907438,0.01524683904,0.004290618128,0.005069817143,-0.01724677943,-0.01335965032,-0.01855806892,-0.01614920898,0.001748677822,0.01544141764,0.003201077755,0.01500402859,-0.002636442653,0.005215319784,0.02004586486,0.01970724895,0.005141848307,0.02043184898
2015-11-30,-0.002381015842,-0.004898310145,-0.004076787098,-0.003883197503,-0.0003743566623,0.0009067269956,-0.0001428404369,-0.006239852249,-0.008986458184,0.003926136953,-0.01297179313,-0.001687612149,0.007382643072,-0.008161681823,-0.01148615443,0.001098088758,-0.002841950617,0.00690144562,0.005242552177,0.007150933433,-0.002362222038,0.007170385476,-0.002720825417,0.007745263686,0.00857104159,0.003360854933,0.00459123349,0.005700209361,0.003175579468,0.0003384323041,-0.01507847465,-0.001850695175,-0.005357332448,-0.0100368822,-0.009653280109,-0.001920745716,-0.009025504146,-0.003579308776,-0.0007729399278,0.00414611445,0.007989939222,0.003222697278,0.00860702471,-0.001872206426,-0.000564033914,0.004060544532,-0.00191102693,-0.006784205858,-0.0009090383398,-0.01267698869,-0.0109900759,-0.0007692671358,-0.001264784613,0.01095825651,0.002573523889,-0.002361000327,-0.01141753217,-0.01149780819,-0.003731312504,-0.01274830326,0.005658977032,0.006803539378,0.009340363828,-0.006680761964,0.008427516292,0.005106836979,0.0005344410168,0.008813281486,0.007273398825,0.00929190157,0.001250658237,-0.01289952284,-0.01181338943,-0.01152072691,-0.004784587241,0.006726209461,0.001506962775,0.002362511784,-0.0004499865534,0.01004786004,0.008835365934,0.009384439878,0.01015279317,0.008262910573,-0.00689571481,-0.00387211838,0.0006923289305,0.001383278665,-0.006680761964,-0.0004820403329,-0.002554972664,-0.01056338252,-0.004674286255,-0.005493781984,-0.003799836813,0.00836937096,0.009579166342,0.00840930291,0.004138045147,-0.001805991776,0.002919694371,-0.001807684541,-0.0004018288347,-0.002052441124,-0.01215403467,-0.01319183223,-0.007526839403,-0.008439141053
2015-12-31,-0.003754578637,-0.004817384862,-0.003251658378,-0.009618426951,0.005446096161,0.006102325346,-0.002644332057,-0.0204967463,-0.0218370764,0.01716080253,-0.029849341,-0.006675768939,0.01678264954,-0.01896317937,-0.02689474204,0.01589821473,-0.006259096144,0.02350494931,0.006270580801,0.01002760271,-0.007618911662,0.0073619023,-0.003478826408,0.003797062679,0.003948829238,0.001888043506,0.004780019388,0.01058144628,0.004301337885,0.003353237534,-0.03009721997,-0.003475805396,-0.01057356915,-0.02288412413,-0.02137461154,-0.002714073561,-0.02043789253,-0.003588459088,-0.001584275857,0.007409924828,0.01097454039,0.01013781625,0.01919474782,-0.002680991844,-6.108299843e-06,0.008060401289,-0.004827480148,-0.01184589794,-0.004749321363,-0.02475050209,-0.02263479381,-0.006827968498,-0.002725387674,0.02141303158,-0.001518199022,0.001469073739,-0.01554779288,-0.01478706646,-0.004351898942,-0.02748304684,0.004328495657,0.002741583094,0.00944780945,-0.008624282014,0.02097159599,0.01350843501,0.007677746386,0.01795472446,-0.01529214118,0.01763118898,0.005809178544,-0.02584757546,-0.0248474961,-0.02739815843,-0.007388300378,0.01704123398,0.004088012603,0.002855761438,-0.003340876574,0.01857266806,0.008055585225,0.008099175571,0.02335956394,0.01614646606,-0.006188005391,0.002949184414,-0.002273601707,-0.001991625241,-0.008624282014,0.00225315437,0.007969184527,-0.01470813571,-0.01022233701,-0.01076148237,0.01852558053,0.02002406741,0.01637771475,0.0191011217,0.0007991134843,-0.00594666536,0.007490233868,-0.006250726343,0.003117159882,-0.003457564816,-0.02668085256,-0.02606014507,-0.01023104112,-0.02158896849
2016-01-31,0.000972876382,-0.01968089684,-0.01730788978,-0.04258320995,0.01450087699,0.01910576889,-0.01523685961,-0.01622361279,-0.02005879316,0.02658749362,-0.05137185753,-0.007084593483,0.01996608003,-0.05396567329,-0.05781057287,0.01998270595,-0.003501233184,0.02751664653,0.01420317945,0.003383200797,-0.0204901769,0.001107514178,-0.01432494713,0.002002218362,0.002644288836,0.01378258054,0.01238143358,0.02521859981,-0.00178028154,0.01367601656,-0.05559979382,-0.003039024994,-0.02944213632,-0.05776988791,-0.05150675749,-0.01843604201,-0.05555216326,-0.009916262682,-0.01887953042,-0.01865207376,0.008122816073,0.01199634859,0.01191532683,-0.03310942284,0.02008290698,0.03574306284,-0.02449991236,-0.03105245255,-0.04397507269,-0.05614414942,-0.05676934368,-0.03079743804,-0.03461660767,0.05049849179,-0.001869667383,0.0009766969735,-0.05899537436,-0.06036644503,-0.04559210749,-0.06710821165,0.003360927586,0.009458502314,0.02164634906,-0.0365621675,0.03238472024,0.01844000783,0.01299184444,0.0296626823,0.03297151006,0.01899967693,0.01276029113,-0.06151701348,-0.06454962932,-0.06503772739,-0.02291229234,0.04504212776,0.01896112071,0.01547742109,-0.04280558285,0.03827673296,0.00425823262,-0.004799575074,0.0373798307,0.04485244648,-0.02743140609,0.004712288107,-0.0007347063248,-0.003737477166,-0.0365621675,0.002091239448,0.01278428021,-0.06068078147,-0.02624578422,-0.03194406048,0.03171871538,0.04508315395,-0.04261303657,0.05004409378,0.004134497297,-0.04548280548,-0.006726807191,-0.04378420595,0.0001443424106,-0.02021645238,-0.06520156849,-0.06558369301,-0.04166028565,-0.06107908832
2016-02-29,-0.00600637847,-0.006629671683,-0.004554831507,0.009442283293,-0.008480012635,-0.008555377901,0.004395479868,0.00052795966,0.006884453027,-0.01025303251,0.009381338895,0.004351772361,0.0005686529257,0.008273206541,0.008301159792,0.003541746189,0.01421785112,-0.000991780573,-0.007601345169,-0.005993331222,0.008291615511,0.01328996888,0.01206247605,0.01473440192,0.01389148896,-0.0055379787,-0.002768737725,-0.007184691774,0.002411733667,-0.007727897833,0.01086837616,0.008440362281,0.008270027032,0.008160800479,0.009935434186,0.003699317676,0.007971481796,-0.001364941094,-0.00444375008,-0.003836190744,-0.007744758883,-0.0020035059,-0.004235316618,0.008788645456,-0.001104235626,0.0009719647607,0.01312905838,0.01275882694,0.001374354591,0.00656124151,0.007090803626,0.009144606957,0.01139149343,-0.007156829346,0.00222940018,0.0008292850726,0.0083568547,0.0088593462,0.008060471345,0.01093637596,-0.004639282079,-0.01126541776,-0.008178910655,-0.0002947703644,-0.007617174925,-0.01013264342,-0.008142262102,-0.01001402218,-0.005650182115,-0.00530791013,-0.003769890805,0.01569087527,0.01568946517,0.01424175724,-0.005873553051,-0.007875148707,-0.01001737672,-0.01009109499,0.001415960379,-0.009747722929,0.009013338717,-0.005018517675,-0.005804184429,-0.008705128357,-0.006532176541,-0.00784121293,0.003251957618,0.001989896053,-0.0002947703644,0.0008989478992,-0.003560082904,0.009023208265,-0.003384649038,0.003513381889,-0.006439312431,-0.01281671897,-0.01113002616,-0.01225481608,0.001430814729,0.002580026937,-0.002219485837,0.004706068608,0.004166349521,0.005317854592,0.01180437004,0.0107599347,-0.005937335072,0.006520712235
2016-03-31,0.005444746671,0.01709351113,0.01648703045,0.04458252246,-0.02188794458,-0.02077957407,0.02009004173,0.02447454521,0.0302143322,-0.04119898266,0.05368248536,0.02489280155,0.01050588883,0.06088709024,0.06710123978,-0.01937697257,0.002982672531,-0.009173532441,0.009013089059,-0.01606194823,0.02632956266,0.01773185067,0.03823961793,0.02057249552,0.02532056871,-0.002642977047,-0.008519177951,-0.01825112604,0.002805354623,-0.02385692586,0.06948985302,0.02280398363,0.02702823313,0.06559889074,0.06028740866,0.03127280604,0.06151854284,0.0003219004214,-0.01469112835,-0.01205350883,-0.01732474566,-0.0140118373,-0.02053147119,0.03698563744,-0.0229632689,-0.02061151307,0.04366164387,0.03590009716,0.04759428375,0.06183670175,0.06295671231,0.03302942605,0.02566111561,-0.04391848494,0.004500110873,-0.005793748524,0.05948816055,0.06070364034,0.04450241999,0.07276128652,-0.0258120113,-0.02853865203,-0.03510633204,0.03316562878,-0.03452845414,-0.02678793242,-0.01485701717,-0.03902818032,-0.03726029342,-0.03487836877,-0.01856577334,0.06695371867,0.06990282324,0.07032026845,0.0185628677,-0.04921603281,-0.03796678859,-0.01714886472,0.04536489894,-0.06423106665,-0.03329080567,-0.05458957418,-0.0565654942,-0.06347776192,0.01682468495,-0.0090317929,0.006434040356,0.005095229254,0.03316562878,-0.008411506886,-0.005645086887,0.06213736554,0.02238431204,0.02748429333,-0.01284916261,-0.06476168216,-0.06360775894,-0.06854931003,-0.002078804673,0.05154923341,0.00547808927,0.0512364427,0.001146523568,0.02937320815,0.07105745748,0.06901406283,0.03365213449,0.06937837978
2016-04-30,0.003206656964,0.01341130742,0.01163216813,0.02787777303,-0.006057482953,-0.007476613235,0.0127712376,0.009598675056,0.007780347326,-0.0223672249,0.03726094693,0.01296125343,-0.00473680942,0.03735862619,0.03856890025,-0.01191527068,0.005243766839,-0.01045530951,-0.001772062241,-0.009786990365,0.007704879088,0.01098362873,0.02692453409,0.01001235234,0.01948094549,0.001662238225,-0.006787488881,-0.01116398246,0.001421253645,-0.00670412994,0.03849734578,-0.007879535591,0.004417135539,0.03886077088,0.03809576331,0.03258570334,0.03796094226,-0.004214812648,0.007488183207,0.008362228036,-0.004563707879,-0.008642151693,-0.0003075867749,0.02628237825,-0.0004744603564,0.01000468732,-0.003420733779,0.0166659631,0.02823891537,0.04061813013,0.04016397929,0.01634997671,0.02048646073,-0.02934206303,-9.465670146e-05,0.002731642361,0.04023497182,0.04135315195,0.03310121328,0.04619822913,-0.01985026755,-0.007488782282,-0.01953473578,0.02066931841,-0.02343217759,-0.01839401664,-0.006627805128,-0.02472177052,0.0003572935057,-0.01698313538,-0.009025373536,0.04497970727,0.04637575086,0.04662140358,0.01385824482,-0.03146593581,-0.02651939019,-0.01556177109,0.026904958,-0.03925331214,-0.02668299114,-0.02469865317,-0.03223982008,-0.03905470649,0.01566829936,-0.0007684977171,0.002157783877,-0.0004086168545,0.02066931841,-0.00640378659,0.01119628496,0.04373885631,0.0151996354,0.01779319015,0.03109957924,-0.03782084947,-0.03716461654,-0.04100554434,-0.008987612372,0.03058934681,0.004114556735,0.02905167024,0.002528107425,0.01663729512,0.04454033287,0.04386621053,0.0256604823,0.04363063365
2016-05-31,0.003312168017,0.004458696615,0.003256794026,-0.004411028794,-0.003496799366,-0.002849152673,-0.005233963635,0.003130225305,0.003290407734,-0.005400142436,-0.008241883427,-0.0008759640647,0.004402141578,-0.009522259052,-0.009147221447,-0.0001293353846,0.0004131693631,0.00288117744,0.009142004953,0.001829922721,-0.00385089148,0.0007322809197,-0.007710501763,0.001417381617,-0.0001990137184,0.001806699918,0.004160212446,0.002060622237,0.001911376848,-0.001317315924,-0.00941009372,0.004312639251,-0.001592622348,-0.009207578142,-0.01025658581,-0.01117209923,-0.009495810706,0.004822950738,-0.01016184473,-0.008406623038,-0.0006281825177,-0.001219324795,-0.00388661083,-0.009923507042,-0.002593679209,0.002675301162,0.01029933007,-0.0003305552744,-0.008496160904,-0.000952997336,-0.003478889712,-0.003823635783,-0.007018103645,-0.004251879523,-0.001847387356,-0.0009997687584,-0.001946405582,-0.003100661127,-0.005466965627,-0.007140057222,-0.007459605237,-0.009342709251,-0.007719982443,0.002482825541,0.005133434097,0.005116033531,0.006625896642,0.0001681364032,-0.006428806887,-0.006618853174,-0.0008301991037,-0.006935400956,-0.006256678289,-0.008202181363,0.005175877237,0.009279812896,0.006267431403,0.006476165252,-0.008573762062,0.0003137610912,0.00900231552,-0.01269406027,-0.004727022597,-0.003401083438,0.003365007055,0.006209757669,-0.001312156982,-0.0004853703973,0.002482825541,-0.0008919920305,-0.003921359569,-0.005353067043,0.002678727222,0.001195250929,-0.00775647123,0.005775585095,-0.009668194231,0.003454909633,-0.005345869111,-0.008898592352,0.0020602016,-0.003116462011,0.004712394652,0.00293731961,-0.007566583133,-0.006675331278,0.003440077869,-0.004172585027
2016-06-30,0.001917736442,0.003338904883,0.003618208634,0.004387530236,0.004372695411,0.003983517443,0.007451721058,0.005370568606,0.004238583936,-0.008036783904,0.009222440953,0.002512906959,-0.01076636632,0.00637668522,0.00698684237,-0.003592044675,0.0111566639,-0.01206328354,-0.009350611551,-0.002163927474,0.003883709993,-0.001540282814,0.004799617459,-0.002394235086,0.001623073715,-0.003643913522,-0.001950280636,-0.00734809127,0.002808604,0.003042095369,0.007143245863,-0.009667639465,0.001028934633,0.006331920296,0.008000040291,0.008080403553,0.006522483792,-0.005667894434,0.0128307274,0.01034370942,0.005297905097,-0.006536163397,0.00751112571,0.009888476887,0.004852139664,-0.002853133496,-0.007403836854,0.008289244651,0.0004556536756,0.009426647628,0.009249789668,0.002631921631,0.001122648619,-0.00126709519,0.0002523482115,-0.0008239819506,0.00762143904,0.007531611464,0.003979874939,0.01007662873,0.0003151254909,0.01251507557,0.005946908492,0.004728668421,-0.01238134623,-0.01387078974,-0.007631581562,-0.005035378572,0.0138599722,0.01561246122,-0.002199118018,0.01515022007,0.01344135521,0.01163536897,0.002206288259,-0.009786605818,-0.01002299863,-0.004846524788,-0.000189836891,-0.01258021648,-0.01251530487,0.00533751578,0.003039754752,-0.006602713071,0.003445566587,-0.001251355305,-0.001955675271,0.0005389735007,0.004728668421,-0.001993229182,-0.002857496284,0.009391681137,0.0004265075904,0.002102418908,-0.005297261397,-0.01515473312,0.005492029574,0.004375913026,-6.7931234e-05,0.001303828054,-0.0003007719707,0.003072345913,0.002426053248,0.004750688494,0.009905253892,0.009382110937,0.00375640629,0.006412445644
2016-07-31,-0.000187928996,0.0006345847718,-2.413132686e-05,0.00714743758,-0.001783999674,-0.0005978526792,0.0006054515141,-0.004922797611,0.005583457082,-0.0006022949165,0.01366013863,-0.0001911732989,0.003645752078,0.0152283043,0.01540644169,0.006002652893,0.002845093329,0.004972158377,0.004708914363,0.003828513697,0.003452494184,0.002156022174,0.0100332748,0.003729181463,0.004214329003,-0.005636300519,-0.003536286338,-0.005353544837,0.001121736458,-0.002218337939,0.01515174565,0.00422414763,0.003687145292,0.01568199658,0.01382594398,0.009052893602,0.01506461578,0.0002747049865,3.006830689e-05,0.002087829946,-0.003481972522,0.001151575992,-0.002379157818,0.006280915342,-0.003176923487,-0.00649539996,0.001933036598,-0.004020731253,0.01442977563,0.0180990666,0.01621301835,0.006338998158,0.008005187434,-0.004522790938,-0.001320735314,-0.003479291753,0.01111939165,0.0120158615,0.01245969556,0.01595274375,-0.0003534627554,-0.002191751476,-0.0002587858573,0.004613002776,-0.0007495753745,0.001554703729,0.002257922591,0.002390270398,-0.003981925025,-0.001431717263,0.0006950506302,0.01517494114,0.01519003903,0.01427636645,0.002599062986,-0.007379478064,-0.005959861907,-0.002698313481,0.01408390551,-0.002128608569,-0.005652231047,0.007726930473,0.00346543208,0.006313694434,0.00454376312,0.0002942639938,0.001695136704,-0.001706491822,0.004613002776,-0.009690971432,-0.004178187078,0.01169001274,0.007908616186,0.008127246969,-0.007002426065,-0.003577836817,0.01460147665,0.01235408779,-0.00022587284,0.01561052737,0.002294002515,0.01451654849,-0.0007605525998,0.005808082911,0.01652012066,0.01578160344,0.00728640273,0.01973603691
2016-08-31,0.001803370555,0.004992909276,0.004247766088,0.01654505075,-0.0006145599908,-0.00268733688,0.006603088128,0.002748770785,0.007798383204,-0.007060951538,0.02249316091,0.006972386342,-0.00134098038,0.02317470115,0.02397978745,-0.008022956005,0.003593115498,-0.009606951674,-0.004183016624,-0.005009260505,0.01179322532,0.001404512523,0.01657387768,0.002848816386,0.006610117379,-0.006960981058,-0.002926179537,-0.003752554536,0.0003008417937,-0.004625483154,0.02368643248,-0.005858577445,0.006132724955,0.02390431606,0.02371614825,0.01709632815,0.02319780118,-0.00638102665,0.00289486931,0.001157352532,0.003088055462,-0.006003640953,0.005446069467,0.01307402526,-0.00495123126,0.01385468652,-0.008570096096,-0.004367827836,0.02105249881,0.02565246179,0.02392979882,0.01150709521,0.01515803384,-0.006325028801,0.00142271472,0.002850381678,0.01967620102,0.02063041768,0.01826159622,0.02792803143,0.0005748968416,0.006400629156,0.00766893615,0.008005416292,-0.01089775899,-0.009409966582,-0.003671199101,-0.00953632576,0.008303379229,0.008409506043,-0.004956601217,0.02703414849,0.02771117293,0.02730633683,0.006361365946,-0.01384975543,-0.01370178203,-0.01078550611,0.02064686583,-0.01050223175,-0.0140670757,0.001931964278,0.01282244602,-0.001582993297,0.006683923491,0.003781003266,0.002320200762,0.001343076576,0.008005416292,0.00171055702,0.005307947022,0.02263414724,0.01306220531,0.01376701832,0.005928243717,-0.01256656156,-0.01760723076,0.0189086793,-0.00261060527,0.02194661137,0.00655902547,0.02188001708,0.002172337716,0.01224408852,0.02751384521,0.02656721315,0.01260933289,0.02674401177
2016-09-30,0.003218682141,0.003569592135,0.00310056915,-0.000819880012,-0.003741882714,-0.003416102208,0.003995084322,0.0003482354202,-5.373573882e-05,-0.001893938078,0.0002303541838,0.003090330315,-0.002795936779,-0.00082753867,-0.0003180534302,-0.002002119364,0.002244190149,-0.002219240917,-0.001769237545,-1.615882027e-05,-0.0007778725078,0.001402797794,-0.001925909982,-0.001700843783,-0.0001337661297,0.002423121722,-1.990672905e-05,0.0005380345415,0.0003511262218,-0.004030261973,-0.0006374877116,-7.0222528e-05,-0.0009559610731,-0.0008979489748,-0.001169616603,-0.001269864926,-0.0006124794616,-0.001351887892,0.0002892872729,2.633412211e-05,0.0006288142102,-0.004562413756,0.001418346601,0.001018350738,0.0007406157667,0.001831434291,0.001235163565,0.0001209500828,-0.003142990517,0.001611808642,0.001766036643,-0.001468792231,-0.003563604352,0.001816044564,-0.001103377309,-0.0008288192674,0.003380624043,0.00111838578,-0.002881529084,0.0004045164146,0.002311842831,-9.091190798e-05,0.00544960393,0.001871674994,0.0003883282806,-0.0006833286474,0.0003220934987,0.002914063572,0.002836375735,0.002818731707,0.0003855201563,0.0032326991,0.002068634638,0.001047328145,0.004189647423,0.0002064724404,-0.0008601929964,0.002588597385,-0.003445844681,0.0003847011598,-0.001227302832,8.362510017e-05,-0.0002582711246,-0.0005505291885,0.002724963704,0.002741876033,-0.0002622775186,-0.0007273565459,0.001871674994,-0.001288888277,-0.00053436514,-0.0002426700436,0.001780795746,0.001988399278,-0.001822570056,-0.002039306745,-0.001024497007,-0.001143316224,-0.004424811071,-0.002800639106,-0.001625531153,-0.001422184365,0.001897217115,0.0002733602563,-0.0002614901859,0.0005378780281,0.003495900284,0.0008116280226
2016-10-31,0.002482645959,0.001298780264,0.0008631731652,0.003878626964,-0.003163016829,-0.004469303838,-0.001404988995,0.01254560996,0.008617025334,-0.01199289378,0.006821071837,0.005906938039,-0.007416182385,0.002469027964,0.003559280559,-0.008361710469,0.003207065556,-0.0115216537,-0.003112653506,-0.008297690824,0.001283648517,-0.002894628624,0.003432529301,-0.002531016699,0.001342791808,0.003937496473,-0.002032034078,-0.002972634786,-0.0007271357138,-0.002664266555,0.003490210331,-0.002486888766,0.005845548211,0.003574906821,0.003214537348,0.001322530519,0.002999957855,0.000422755666,-0.006233582075,-0.006524239486,0.001776756636,-0.008907535486,0.001118639686,0.0008951517697,-0.002258161172,0.0008392513451,2.846733198e-05,0.005370034245,-0.004643712755,0.01095245839,0.01055445583,0.002048438359,-0.004609403317,0.005983393974,-0.001946592541,0.0003555542611,0.004502061188,0.003118173168,-0.004054100733,0.005613788804,-0.00532708664,-0.002011131193,0.008341124917,0.005749549712,-0.003978488272,-0.003860477863,0.0001876853228,0.0004153022196,0.007958899535,0.004532272985,-0.003914643406,0.00959156006,0.008228177685,0.007707439093,0.004289003452,-0.009003776717,-0.007822590709,-0.001194129697,-0.005238435602,-0.004049532779,-0.01100525088,0.001411452583,0.005636529606,-0.0001377368507,0.0008574867906,3.098120234e-05,0.0004638227749,-0.002849199897,0.005749549712,0.001208378845,0.001625809604,0.002141570335,0.001432715395,0.00202310353,0.00129485108,0.001585480785,0.002448055751,0.002838543549,-0.005160539618,-0.003601056802,-0.0005152520613,0.0008158211093,0.004514663294,0.005172724786,0.007802266535,0.006077963566,0.002095275675,0.004704217904
2016-11-30,0.002065458208,0.00117728636,0.001018343747,0.002910834639,-0.0005076270003,-0.0007827446213,-0.002941977173,-0.0001857756751,0.00332100582,-0.002376270546,0.003082179986,0.003358316766,0.0005785777816,0.003543799851,0.00392100316,-0.001783882421,-0.002723094724,-1.198376918e-05,0.0008944415421,-0.002332075298,0.004557626407,0.004528035927,0.003139498112,0.004835184886,0.003799187153,0.0008437536399,-0.003993397132,-0.004255158361,-0.001686902801,-0.0009278949748,0.003356810924,0.001513413556,0.0003774114339,0.004428690992,0.003396587764,0.0004921740973,0.003173263783,-0.001887089712,-0.003193308118,-0.001393580349,-0.004312561767,0.0006666151217,-0.004571044867,-0.001933357127,-0.001957429706,0.0008857806337,-0.0004315733845,-0.002739517931,0.002337088916,0.004790129853,0.003889815433,0.002921530582,0.001197482941,0.001350039188,-0.0002926898573,0.0006140929631,0.003104219435,0.00251581226,0.001791901635,0.005188639093,-0.00028793388,0.00289788609,0.001602921887,0.002978576196,0.0007523227501,-0.0003703154249,0.001812874207,-0.001872388365,-0.0005626457592,0.0001707117515,-0.0002437090007,0.003346478666,0.00476881577,0.004231377613,0.003194656998,-0.001983038998,-0.002282815358,0.0004141967837,0.002357520161,0.001701419303,-0.002937032416,0.005861749134,0.004597400574,0.001965281105,0.0004427071831,-0.0006319031815,0.0003049516244,-0.0002700476163,0.002978576196,0.001159236412,0.0005905260134,0.002547732457,0.004402982608,0.004949903795,0.0007360582202,0.002684567213,0.003460477348,0.003412784573,-0.002037250768,0.002564206257,0.002414847465,0.005016334036,0.002152999242,0.003915908755,0.0040073491,0.004553009365,0.002617272106,0.004815607058
2016-12-31,0.001582058794,0.001001861133,0.000142022944,0.01360491545,-0.00146074959,-0.002368380127,0.007675735284,0.00250213996,0.008259650238,-0.005588199662,0.01873147518,0.004942416368,-0.001186005979,0.01878144297,0.01903405895,-0.01002669195,6.042726022e-05,-0.007588651015,-0.004531516585,-0.006862671814,0.01364349581,0.0004798310542,0.01373106699,0.005769304301,0.008040700645,0.00544370467,-0.005072901572,-0.001131941744,-0.00407983983,-0.004525640156,0.01883278739,-0.01349206117,-0.001327953619,0.01876054653,0.02028608346,0.01766421519,0.01886212364,-0.008796630281,0.003803861168,0.00300523727,0.006642867863,-0.005584909536,0.01027910882,0.01700665407,-0.005330262858,-0.00125196339,-0.01413827854,0.00218978858,0.01650934063,0.02007146114,0.019109228,0.009390487416,0.01520978888,0.006419396776,0.002714852333,-0.003785569853,0.01712945326,0.0164247978,0.01601063495,0.02140668884,0.003794117413,0.007284927979,0.0064944826,0.008184685028,-0.009246955021,-0.009665970356,-0.008307808616,0.01071429026,0.007534605441,0.007300791086,-0.005622427518,0.0216063133,0.02182738947,0.02158212232,0.003037218155,-0.01042212575,-0.01331946522,-0.01212883953,0.01558863705,0.01298262889,0.002607645308,0.005264984649,0.01596564788,0.01704179824,0.005814172924,-0.004784676025,0.002378410074,0.002070877789,0.008670893185,0.006762343617,-0.003084101246,0.0192865733,0.006015511012,0.005574415773,0.0006379659812,0.01627852085,-0.01237192362,0.01742577617,0.005357794043,0.01786658535,0.00602700148,0.01823848047,0.003979475434,0.01212863209,0.02149192452,0.02003999163,0.006825071494,0.02009705615
2017-01-31,0.005369383224,0.006451960155,0.005595713035,-0.003503157262,0.000783549286,-0.0003024864803,-0.0007399419033,0.006485590995,0.005871612972,-0.008161331658,0.004988348602,0.00692276288,-0.009579839516,0.001510036551,0.002195179565,-0.0103943207,-0.002063022595,-0.01258770585,0.003704878636,-0.002954304046,-0.0008255387957,-0.001007461019,0.001030369805,-0.001051417096,0.001826410762,-0.002382543759,-0.0006711718215,0.002464669269,-0.004991590925,1.612554963e-05,0.001935265399,-0.008101254465,0.005603595912,0.001998647701,0.002980771941,-0.0008983132368,0.00177777848,-0.005993720474,-0.003515709852,-0.003360968978,0.002128944757,-0.007392781821,0.0008630630664,6.497368432e-05,-0.008738197217,-0.0004661588901,-0.002564155533,-0.004298687834,-0.002722540981,0.006395906319,0.008432796832,-0.004767044524,-0.004846511148,0.003369332636,-0.00194124684,0.001232656261,0.006941573979,0.005866036644,-0.003765926524,0.003605051797,0.01313499985,0.009183852743,0.007565239859,0.006555426944,0.0008551775773,-0.0001897755568,-0.002461535946,0.002955615176,0.00186391712,0.008862615079,0.0003621538922,0.00799680084,0.005951877758,0.005260192128,0.006179555757,-0.004609488684,-0.007650234068,-0.004396417004,-0.00296412945,0.00469720893,0.002741818172,0.009447597781,0.005912043493,0.008356873461,0.01009967896,0.008808135646,0.0007613645931,0.0004628414114,0.006555426944,0.001062414401,0.001168454254,0.002221424114,0.004538058386,0.003772834304,-0.003690381786,0.0008066385626,0.001642501973,0.001269935947,-0.006780503289,-0.002148002193,-0.0006576869633,0.0005705677192,0.001469044185,0.002895746615,0.00385730594,0.004533986028,0.007167937647,0.003129822627
2017-02-28,-0.002238473068,-0.000694847761,-0.0004623091945,0.008036503532,0.0008012353951,0.0008766216296,0.0005263209496,0.0005782307721,0.002932822392,0.0007011736878,0.008290263514,-0.000908038744,0.001144103157,0.00931968181,0.00972240336,-0.0006434666098,-0.001225417099,0.001362919948,0.001699013501,0.00113575784,0.004605923315,0.0005559005084,0.005830030537,0.001219864176,0.002097383956,0.0009719282966,-0.00137140146,0.0007997962171,-0.002751500165,0.001755121005,0.008965183685,-0.003344460244,-0.0006629677793,0.009824660614,0.008872999472,0.008102718689,0.00959128279,0.0001580950592,0.00130649291,0.001058041146,0.000321290469,0.001821675756,0.0005841686431,0.005131056615,-0.00205951733,-0.0003716115822,-0.005032665952,0.00261694491,0.01099056806,0.009941541228,0.008856867389,0.006017187388,0.008243556045,0.002837573875,-0.001955778642,-0.0002775934643,0.006993366674,0.008172636221,0.008883990756,0.00963222452,0.0004871029137,0.0005999790587,-0.0005006234071,0.004437603922,0.0008690336906,0.001084624516,-0.0009652757601,0.001242890214,0.0006040063772,0.0008526187042,-0.001264357597,0.009343282558,0.009298970937,0.008993249813,0.0008887913643,0.0008471797588,-0.001202278739,-0.001841932443,0.01097917035,0.008396081736,0.00511757315,0.00293073969,0.00498829769,0.005375646015,0.0005821950142,-0.0009844716978,0.0006675095444,-0.002394427292,0.004437603922,-0.003802796159,-0.002170176499,0.008681574993,0.004946564068,0.00501814203,-0.0005453710449,0.008705527196,0.008736357912,0.008145039811,0.001949864474,0.01125038113,0.00516428796,0.01098040555,0.002550981853,0.005777141264,0.01102041085,0.009411140031,0.002994445152,0.01174917624
2017-03-31,0.001552530351,-0.001658975103,-0.002344028087,-0.001428472343,-0.0006927882299,-0.0005084138345,-0.005757410626,0.003524504303,0.0003307162733,-0.003000942217,-0.005503826889,0.001019181131,-0.001809041173,-0.007836066683,-0.00751322961,-0.001837568991,-0.0003174695947,-0.002994400329,0.001211061034,-0.004026244694,-0.00419759358,-0.002305694177,-0.004938239857,-0.002981845671,-0.003427360514,-0.0003037671876,-0.002720684564,-0.004264497961,-0.0015164835,0.0002560668105,-0.006968842067,0.002484070074,0.002946134602,-0.007337907995,-0.007431687764,-0.00787931766,-0.007851508331,0.003298805873,-0.00337572823,-0.002748393279,-0.002391443102,-0.001997210902,-0.003439677106,-0.007030472593,-0.0005303489605,-0.001097060495,0.00518673178,0.0005413023875,-0.009537548201,-0.001556852175,-0.001643754926,-0.0005852609771,-0.005765891437,-0.004307522329,0.001209132514,-0.0006092246027,-0.004701622712,-0.005668491867,-0.007074879736,-0.005456704343,-0.001227757226,0.000463112179,-0.0002037874218,-0.003024698971,-0.0005153558893,0.001011072503,0.002505127816,-0.001874180407,-0.0008348462899,-0.000798165222,-0.0001979520035,-0.004843251053,-0.005600141992,-0.005919580487,0.0004861285645,-0.002113067744,-0.000588792769,0.001336480536,-0.009590170657,-0.005786042913,-0.006295060998,-0.001834630156,-0.001904725324,-0.003672813945,-0.002368195714,0.0007863807966,-0.0004513672737,0.0008833623109,-0.003024698971,0.001329597153,-0.001566542291,-0.005615155826,-0.0007818291427,-0.0009356349396,-0.002050226814,-0.006917148027,-0.006530477057,-0.006269481246,-0.0002853535429,-0.009075088268,0.002976163523,-0.004321103359,0.005718518227,0.002455874704,-0.005869849168,-0.005243023702,-0.002420753253,-0.005306860806
2017-04-30,-0.0008580353091,0.0008411066308,0.0008505934592,0.00145548132,1.619750839e-05,-0.0001974427179,9.324647912e-05,0.001098535379,0.001078535487,0.0006045547743,0.00345421258,0.0006335914227,-0.001260497958,0.002841655697,0.003195659243,-7.033943192e-06,-0.0006906158655,0.000125019785,9.571384625e-05,0.0004878814396,0.001527534064,6.811758061e-05,0.001056365069,0.0007297111542,0.0003665389867,0.000247742949,-0.000646813066,0.0003669575821,-8.60983315e-05,-0.000424798403,0.002962877395,-0.002437856941,0.000340885492,0.00315355589,0.00320616043,0.001989686398,0.00288541559,-0.002116506188,-0.0004266935422,-0.0003889389318,0.0002248989346,-0.001296343459,0.0003817778202,0.001425414529,-0.001289649493,6.024896147e-05,-0.002144166024,0.000952158871,0.002380003176,0.002833638632,0.002536101354,0.0008875645643,0.002325014236,4.990305324e-05,-0.0003440126553,-9.986663203e-05,0.002301647402,0.0022298662,0.002202290555,0.002773712629,0.00261737325,-7.032861944e-05,0.001496947557,0.0006421537551,0.0004338658077,-0.001625164494,-0.001639691579,0.001119343504,-0.0006400500216,0.001055693455,-0.0006780412239,0.002884909495,0.003070408734,0.002696674339,0.0004438536557,0.001840514754,6.428213229e-06,-0.001229972269,0.002366298541,0.002857420287,0.002726463456,0.0005030694827,0.00209655702,0.002680347048,0.001191541309,-1.601465204e-05,0.0007211222459,-0.0005287652495,0.0008216495776,-0.0007895178125,-0.000641056158,0.002556248176,0.001563054251,0.00156709602,-0.001944710089,0.002373853871,0.002416996726,0.00223064411,-0.0009471573947,0.002386073284,-8.842784361e-05,0.002273957102,0.000299895472,0.001572130168,0.002860723244,0.002831054031,0.001376576348,0.003019827863
2017-05-31,0.0007941466441,0.0008979331989,0.0009861242987,0.002982666654,-0.001628038958,-0.002341157238,0.002484442302,-0.002901047358,0.001908083107,0.002580502243,0.005004463652,-0.0007417906193,0.001930658719,0.007874477865,0.007236392983,0.001282007034,-0.002156687428,0.004127477958,0.001853429167,0.00022163358,0.002074648393,0.0009095244887,0.0041971719,0.00053279119,0.0005996598896,0.003922232279,-0.001772577398,0.000382287841,-0.0008437228215,-0.002020818242,0.006988736067,-0.002516659951,-0.001236789866,0.007305369952,0.006566384477,0.006291976424,0.007708054675,-0.0002420562823,0.001617437529,0.001249484074,-0.00158341003,0.00109581724,0.0004952500618,0.004601635043,-0.001204041279,0.004628307139,-0.003711216601,-0.001733932037,0.009640226875,0.007735676048,0.006102796027,0.001499350728,0.006690864998,-0.003026236544,-0.001261748701,0.0003612610467,0.004941491956,0.006043160423,0.007454505891,0.006936635591,-0.0008673341283,-0.0006478081395,-0.0002520501536,0.003305227238,-0.0006728849876,-0.0005648941901,-0.001194486518,-0.0003047765204,-0.0003232801915,0.001830179711,-0.001477701566,0.006244275653,0.006432484075,0.006236984055,-0.0007449903771,0.002861608435,0.001033102447,0.001356198131,0.009622583419,0.003208384008,0.003930451416,0.0003007182489,0.001587672386,0.002616858633,0.002972646278,0.0003631945623,-0.0005212547912,-0.001279096381,0.003305227238,-0.001684711166,0.0004842188263,0.00607711328,0.002592934804,0.002210785901,0.0009516333586,0.005329676862,0.003366466459,0.005589635078,0.001934613952,0.009734076802,0.001665882768,0.00772701917,-0.0009178228839,0.002036487807,0.007544046301,0.006483496721,0.002407705044,0.009918502041
2017-06-30,0.001006148184,0.003383786753,0.003000059976,0.004060738765,0.001667581499,0.0008008356005,0.00464886989,-0.005432598867,0.0008602402437,0.007579869189,0.006246675411,-0.00217452428,0.004012190935,0.01100957979,0.01004398346,0.002775552514,-0.003669240736,0.00497270351,0.001597676436,0.0004432615482,0.003847185088,0.0007612217373,0.006492174968,0.00135613136,0.001179736246,0.008292386841,-0.001389595062,0.002211023222,-0.002349629025,-0.0001958488365,0.008974426264,-0.001626142766,-0.003832685594,0.01062756551,0.01025373356,0.009339787868,0.01084522626,-0.001438434024,0.003691663947,0.002562391861,0.0008498727726,0.00390414625,0.001544523917,0.006812226501,0.0003441572476,0.008242996311,-0.005213466313,-0.004815157482,0.01621424958,0.009006378398,0.007346923543,0.001255535297,0.0107664092,-0.008628160069,-0.004519424321,-0.000214008019,0.008917327451,0.009859828643,0.01171107631,0.008394190674,-0.003496978621,-0.004564301023,-0.004206384182,0.006517101418,-0.0005416055866,-0.001843007033,0.001939671859,-0.004942724213,-0.0005859763245,-0.002647723703,9.579287677e-05,0.006850625066,0.007087685768,0.007712532548,-0.0001197930058,0.006821334862,0.002641601712,0.001332490244,0.01641081848,0.003623520936,0.003784211398,-0.004494643075,-0.001487989579,-0.002618586842,0.006825251547,0.006042972864,3.814301874e-05,-0.003791140911,0.006517101418,-0.0004675657045,0.002876340163,0.009115264083,0.00501382715,0.004436863072,0.00482687091,0.007302268434,-0.003147109732,0.006558051327,0.0009763056757,0.01601956514,0.004501973912,0.01385336829,-0.002122843027,0.00252827313,0.009798478502,0.008199634125,0.00527011146,0.01433252171
2017-07-31,0.0009282369301,3.311968973e-05,0.0005614645594,0.002681135364,4.431708157e-05,-0.0001159110921,0.00240961165,0.000478745129,0.006090865218,-0.002869727397,0.00736542037,0.002450066549,-0.0008421080648,0.005990569685,0.006225376686,0.0006530225753,0.002267006286,-0.0006944783302,-0.001350919744,0.0008619447623,0.003714805397,-0.0001459495136,0.005310281029,0.0009660620533,0.001131936666,-0.0004277486452,0.001271894689,0.001552532943,0.003062907611,-0.0004546975935,0.006281707326,-0.002132682997,-0.0001327996187,0.006249059665,0.006387941128,0.005351713002,0.006184435994,-0.003254925353,-0.0008018605475,0.0003864500145,-0.001426093259,-0.002435026971,0.000638077706,0.003360878361,-0.001665868748,-0.002055592615,-0.003524718737,-0.001979665659,0.004964435161,0.00619882024,0.006047334789,0.00142195801,0.003781046676,-0.003245144319,0.0008095346772,-0.0003376608755,0.005186803275,0.004696172967,0.00403038689,0.006739669169,0.002312333571,-0.002214836662,0.001095206226,0.001645150467,-0.002452088532,-0.0005431049442,-0.002462938849,0.002221892291,-0.002251238059,-0.003171304942,-0.001608428793,0.008079358103,0.007371822293,0.007917175147,0.0002266847608,0.003190182272,0.001685144061,-0.001984047948,0.004691589251,0.007678831281,0.005327982236,0.0006897905823,0.005067005857,0.007769147912,0.0008841406659,-0.002532469558,0.0006835212264,0.0004344659884,0.001645150467,-0.001288562535,0.000133918286,0.005150824611,0.00215373256,0.002095494463,0.0002711916537,0.005937495682,0.00565825575,0.005539918495,0.001356807135,0.005120243464,0.0006799402141,0.005093774456,0.0007007840268,0.002889609658,0.00673024815,0.006520736571,0.001933656104,0.007348531619
2017-08-31,0.0001753489122,-0.0008584153751,-0.001244706607,-0.002924796568,0.0003124099278,0.00271791877,-0.005608462847,0.003953476329,-0.0004833504568,-0.002016580338,-0.004970458958,0.002397870477,-0.003521708928,-0.01013015815,-0.00890596629,-0.0001612523023,0.001339392722,-0.003008700573,-0.001182698564,0.0009301765197,-0.006316477306,-0.001195484163,-0.003894610464,-0.00264704291,-0.003553078413,0.003814563555,0.001322722799,-0.0001186936668,0.001778532121,0.002259788321,-0.00779658667,0.0003501304303,0.001896996232,-0.00967109136,-0.009532275167,-0.009749168077,-0.009791257765,0.003450649995,-0.003349409199,-0.002572490691,-0.002937212712,-0.0006468019744,-0.004790157142,-0.008948801742,0.00162669601,0.00431491353,0.008319601619,0.004179829012,-0.01153893301,-0.007510377592,-0.0067754378,-0.0006925809272,-0.009509891111,0.005233080897,0.00108222516,0.001732237221,-0.006098029833,-0.007254146788,-0.009654609189,-0.007764792747,0.001388180127,-0.004137986983,-0.001213346446,-0.0009068881738,0.001175613754,0.001207932461,-0.0004040421762,-0.0001727363968,-0.00241823191,-0.003928363631,0.002427950975,-0.008069487583,-0.009432821233,-0.00900762241,0.002490404692,-0.005934328954,-0.001699169699,-0.0003015686805,-0.0116653942,-0.006758965127,-0.00442030128,-0.008256940226,-0.006566564246,-0.006864962482,-0.002999692354,0.001923104889,-0.001124739977,0.001748820648,-0.0009068881738,0.004807773531,0.003477936219,-0.007668700367,-0.001932682553,-0.001257853658,-0.003960027559,-0.00827935619,-0.008792575673,-0.008393122714,-0.003002640941,-0.01169740329,0.0007506451476,-0.007413230625,0.00499731572,0.001597190247,-0.008207022883,-0.008097922277,-0.002162935653,-0.01068365808
2017-09-30,0.001315892402,0.001188462927,0.001451191621,0.009607188893,-0.0003252803449,-0.003082192629,0.007969047572,-0.0009037868456,0.007443183009,0.003465361565,0.01239120773,-0.0001434718143,0.003721172858,0.01828612575,0.01750779223,0.0001321814875,-0.00346343642,0.003204408071,0.001209436333,-0.002019607954,0.009288214512,0.00168822602,0.01101877085,0.002622677292,0.003669634716,-0.004498319863,-0.001192658791,0.001507541926,-0.001310684442,-0.002739552982,0.0164744286,-0.004572923169,-0.006227679441,0.01811459273,0.01784656932,0.01578642785,0.01778598529,-0.00288499354,0.005293492695,0.0034588829,-0.003336125851,0.002552800489,0.002152525235,0.01217460219,-0.0006297478342,-0.001113791766,-0.009442418915,-0.007840408581,0.01976645073,0.01739317385,0.01581974867,0.006310838155,0.01280152329,-0.01200061027,-0.001101949776,-0.003008692748,0.01088913507,0.01216368404,0.01539099113,0.01676341077,0.002811890847,0.00196925467,0.001805951075,0.006006955494,0.004833532131,-0.0003088391351,0.0002636080865,0.004269502543,0.0002872080437,-0.001298288424,-0.002850502381,0.01629293102,0.01717425522,0.01698202591,0.0001118059363,0.01292453535,0.007438161054,0.003774171084,0.01959083201,0.01211754609,0.005276591187,0.01060891648,0.01026978115,0.01298817708,0.003856980376,-0.0009185667928,0.000775409444,-0.001939500071,0.006006955494,-0.007067085403,-0.00441275906,0.0140120077,0.007714229258,0.007349064045,-0.01471544596,0.01409332101,0.01677166151,0.01247127438,0.004872957574,0.01983080309,0.006161813772,0.01760881728,-0.0006254606007,0.00516018482,0.01750245866,0.01641517794,0.005693013246,0.02073313418
2017-10-31,0.003501109343,0.002996507554,0.002432435031,0.0008693826221,-0.002431633297,-0.0005340968645,0.005551806335,-0.000163267018,0.004002392421,0.001666330103,0.008082775342,0.00256799116,-0.002200558116,0.005898090784,0.005770721819,-0.002378032577,-0.002657040624,-0.00174625068,-0.002871782867,-0.001942022637,0.001832442175,0.0008219130063,0.004025216473,0.001924179633,0.002449941136,0.003438218298,-0.0004030055354,0.00295771543,0.0009021052201,-0.004189424625,0.006205762176,-0.004505657839,-0.001408195101,0.005678635594,0.006266369523,0.005090652707,0.005704046493,-0.004363017912,0.00125106104,0.002628682716,-0.0005649617798,-0.004196443591,0.001843003153,0.003780176583,-0.001068526845,0.002166429771,-0.005078428469,-0.005109957007,0.005117946407,0.005274641063,0.005583378098,-0.0002987034661,0.003774433902,-0.002501204273,-0.00151153548,-4.782979521e-05,0.004247436841,0.004649768089,0.005684038689,0.006318977281,0.001830302672,0.002555980377,-0.002685695743,0.003286064749,0.002351147998,0.002274331348,-0.0001591334519,0.005171881813,0.0005598663551,0.003136406781,-0.001554350683,0.007645611287,0.007153168769,0.007573647441,0.003184329857,0.00611708293,0.004904771011,0.002037912334,0.004953534294,0.006833541604,0.007236862557,0.0011934279,0.002597168383,0.00415732747,0.004509795541,0.001965643901,-0.0006339717156,-0.0007485299474,0.003286064749,9.564299957e-05,-5.072152667e-05,0.004525528682,0.003231455596,0.00269440602,0.002983623052,0.006770771087,-0.002093088831,0.007028591094,-0.0005813317871,0.005523941909,0.0002120943086,0.004925589334,0.0004168278481,0.002297385016,0.006100715904,0.005599580225,0.00404813817,0.005096526226
2017-11-30,0.003248924171,0.002996821347,0.002133204348,0.002250888767,-0.0009251834911,0.000294286457,-0.0002923617946,0.001187051146,0.004373570583,-0.0011712215,0.002626765947,0.001335421082,-8.646446646e-05,0.003010502376,0.00281645851,-0.002347619128,-0.002672071519,-0.001392797578,0.0008334017142,-0.001894635519,0.001685599269,-0.001254477785,0.002804135088,-0.0004093961429,0.0008562810064,0.0006306329481,-9.425685191e-05,-0.0003539241893,0.0006044237213,-0.001136627744,0.002818672822,0.001034309812,0.0007006108771,0.003098686135,0.003389437225,0.002072532663,0.002725775265,-6.012871617e-05,0.0001127444172,-0.0001065390615,-0.0009845520879,-7.608594174e-05,-0.0008964765844,0.001480601157,-0.001439749351,-0.001974240065,-0.003163932669,-0.00357559437,0.004759734263,0.004665166945,0.004887147093,0.0001205520709,0.002440806406,-0.003212538306,-0.002479060327,-0.0001336485787,0.005565890479,0.006148439708,0.004278000117,0.00396869596,0.002105985419,0.003981809464,0.002769156569,0.003588556009,0.0003425404426,-0.0005217723613,-0.0005175494401,0.0003132307407,0.0002406037227,0.001949813841,-0.0007345774519,0.004774785862,0.004473442704,0.004417163239,0.002641623503,0.002778427975,0.0005269501477,-0.0002861440846,0.00461788962,0.004125033508,0.002915269435,0.00464119108,0.00474592518,0.00452554251,0.00627220555,0.004865326423,-0.0003000003854,-0.001389040663,0.003588556009,0.0002848670551,0.0001575983518,0.004806457872,0.004406194301,0.003978096253,-7.164242608e-05,0.003196403256,0.002736685379,0.003066390481,-0.001751886186,0.004891729961,0.004163659603,0.006063961776,0.001227754227,0.003320925213,0.004413872724,0.0041207672,0.005227264087,0.004812391617
2017-12-31,-0.0005072565544,-0.0003263851363,-7.834294085e-05,0.007642970449,0.0004078158049,-0.001313550861,0.007220576678,-0.002974265345,0.004589303158,0.00295211021,0.006970697504,-0.002894623931,0.003862432226,0.01224212876,0.01098444629,0.002238677981,-0.002172268301,0.005818064541,0.002579683082,0.003329946829,0.005037031673,0.002727407363,0.00555878725,0.001864419418,0.002115888336,-0.008986293969,-0.0004938477543,0.001271180833,-0.001762882294,-0.001152845169,0.01120893468,-0.001579644902,-0.001754839038,0.01161931244,0.01199240178,0.0109056962,0.01182852237,-0.005809097883,0.0049325763,0.001624047218,0.0003542121041,0.002372846493,0.00316247299,0.01003224323,0.001086258665,0.002992568403,-0.006666721042,-0.006902113957,0.01453473351,0.009693255679,0.007772063004,0.005289301986,0.01177264977,-0.007708080028,0.001204779379,-0.003770938345,0.007925318155,0.008650253039,0.01173349278,0.009800261632,0.001682467947,0.005096785389,0.006578627621,-0.0008298294927,0.001959347915,0.0005251732269,0.001015468519,0.001537776444,-0.001268887425,0.001377747861,-0.002023606908,0.007979293711,0.008920149459,0.009781291256,-0.00293895763,0.008648844495,0.007312357945,0.002640728898,0.01461926162,0.01036587168,0.001625188305,0.01119165014,0.01070760322,0.00941929974,0.002144246874,-0.003216194487,0.002047402819,1.567497902e-05,-0.0008298294927,0.001945120846,-0.0008863459651,0.01022672991,0.005221094089,0.004162707781,0.001029860818,0.01012496201,0.01121903067,0.01035475548,0.004736925469,0.01466287307,0.004659661756,0.01249695638,-0.001347010273,0.002934306224,0.01024566818,0.008482873341,0.002234993388,0.01228002966
2018-01-31,0.003443595537,0.006200361349,0.006254069322,0.008511348801,-0.001277623228,-0.001592325784,0.007898342517,0.0011351223,0.004858889645,0.002473801224,0.01528523541,0.002870974695,-0.00272095747,0.01541931964,0.01570459138,-0.003392328084,-0.003804550683,-0.002539394617,-0.002636623322,-0.005621788457,0.008182049641,0.002625320532,0.007862517099,0.004750250211,0.005171096276,0.001785099087,0.001110163978,0.003489136328,-0.0007715536471,-0.003081884281,0.01606624566,-0.004319288163,0.001985414645,0.0159207589,0.01577255296,0.0124697895,0.01539733863,-0.003372065859,0.005403577667,0.00410580544,-0.000402242311,0.0005227805836,0.005204508035,0.01044409482,-0.002216753453,0.007910744406,-0.01182798564,-0.008058385419,0.01496084454,0.02094431607,0.01985568339,0.0027908205,0.009999915567,-0.007732414866,-0.004489193106,-0.001974239595,0.01450892974,0.01496097678,0.01174686903,0.01877304657,-0.001483384975,0.006483870678,0.002318700734,0.009018847933,0.00834465466,0.004666331523,0.00269093606,0.002032286936,-4.251662685e-05,0.004064038912,-0.004683739502,0.02259009568,0.02220949047,0.0208116949,0.003412930478,0.01397274493,0.01012689009,0.002773810994,0.01477383416,0.01183889125,0.006583873139,0.008923917488,0.01066977124,0.01159219902,0.01036301363,0.004262363819,-0.0008482607471,-0.003433562153,0.009018847933,3.509566118e-05,0.002041696685,0.01401540345,0.01057936176,0.01009583899,0.002383119869,0.01494507271,0.01195362809,0.01380252242,-0.001225222284,0.01529123977,0.003188178745,0.01525460431,0.0002052183211,0.005314459627,0.0199853587,0.01913818607,0.01096639137,0.02110137004
2018-02-28,0.001014077708,-0.0009333504678,-0.00193163489,-0.00498475561,-0.002285716995,-0.001952400088,-0.003659885994,-0.001456475427,-0.005313161142,-0.001373463449,-0.007917305361,0.002177319308,-0.006022075413,-0.01642751466,-0.01519107731,0.0008707033972,0.003290444773,-0.003047222002,-0.004302902991,-0.002921505978,-0.006401169408,-0.00586851814,-0.006640511572,-0.002203481939,-0.002893131302,-0.004874426553,-0.001091217137,0.001721835533,-0.004362980124,-0.002655071558,-0.01368833791,-0.007302061371,-0.0003174995872,-0.01586066142,-0.01543877198,-0.01274370727,-0.01591291875,0.005056261912,-0.003579765329,-0.0009672382469,0.0009223198695,-0.003448351985,-0.002874735039,-0.0130819376,0.002770623268,0.01024495069,0.01097945924,0.009383177312,-0.01983458696,-0.0108291789,-0.009090548712,-0.0006444824139,-0.01743758027,0.003977970059,0.003779725115,-0.001661658177,-0.01042504761,-0.01324106286,-0.01848678052,-0.01238788347,-0.004112824779,-0.009729374835,-0.007218612419,-0.005396048053,-0.001343290755,-0.0005611585738,0.004241601011,-0.002842171707,-0.005608614411,-0.004224097299,0.002610667326,-0.01122576803,-0.01218806341,-0.01334583477,0.005817491907,-0.01295558979,-0.01349483532,-0.00631961866,-0.01990368495,-0.01581953874,-0.0102617069,-0.01315543534,-0.01383302097,-0.01704604295,-0.005520685143,0.0005742618504,-0.0009879751538,0.004132298024,-0.005396048053,-0.003645713781,-0.0007490495044,-0.01597960719,-0.0002331413759,0.0001648869578,-0.007005034174,-0.01447452315,-0.01413890245,-0.01402990224,-0.007260289307,-0.01977263578,0.0004550456723,-0.0131905904,0.008078423017,0.001729480859,-0.0139807566,-0.01187275196,-0.004061110925,-0.01551637788
2018-03-31,-0.0001281325662,-0.003613442005,-0.003961971554,-0.001874139256,0.0001322252499,3.065155821e-05,-0.000478316166,-0.0004021220592,-0.004507556318,0.001159941799,-0.006434881286,-0.002113215508,-8.266951839e-05,-0.008643708295,-0.008392147644,-0.001616083082,0.0008594696382,-0.000807799832,-0.001121668716,-0.001508202409,-0.003145504141,-0.004475480759,-0.005534751585,-0.003975201332,-0.003698324495,0.004303157079,-0.002950319228,-0.0008185587337,-0.004460164663,0.0004065466146,-0.008320370232,-0.001859153384,-0.0009097848232,-0.008759211129,-0.008043962406,-0.004663409391,-0.008561901537,0.0009089939559,-0.0008102489587,-0.0002677089568,0.002215438632,-0.0002260770687,0.000424426121,-0.004237554021,0.002921408684,0.004724155625,0.005275222031,0.002612883571,-0.01045002683,-0.008097787505,-0.008306162457,0.0006141508461,-0.008054596072,-0.002601761709,0.002426040316,-0.000639280768,-0.009303298105,-0.01017531059,-0.009064289676,-0.008531822498,-0.001593127738,-0.001747183809,-0.003264478602,-0.005664026572,-0.002341418708,-0.001764116365,0.0004733268045,-0.003013401834,-0.001433490816,-0.001473367284,0.002129421938,-0.009868363527,-0.009475484888,-0.009913172119,-0.001366295901,-0.007353361876,-0.006675188401,-0.003612692582,-0.01045279765,-0.008777210614,-0.005807008637,-0.007184796589,-0.008172682768,-0.008990198879,-0.006763157181,-0.004815952235,-0.001317387211,0.001016988297,-0.005664026572,-0.0008479570419,0.002634971495,-0.009791423754,-0.006627518668,-0.006463584833,0.006316381762,-0.008656616494,-0.009032873518,-0.008818424728,0.0005393190781,-0.01075937392,0.0009227413154,-0.00758028698,0.004127657658,0.0006628349532,-0.00971969776,-0.008330713513,-0.006649191809,-0.01006259668
2018-04-30,0.0009490738309,-0.0002051244361,-0.0003391749754,-0.002193334409,-0.0006816667672,-0.0008923564992,0.0003106550848,-0.0007601560371,-0.00100203422,-0.001702309852,-0.0003953148764,0.002950491561,-0.004137010936,-0.004705406032,-0.003719365955,0.0006037414278,0.002946313644,-0.001944378478,-0.002516634436,0.002540377567,-0.002820895451,-0.001118103986,-7.962624333e-05,0.000921464793,0.0008260532568,-0.00196284939,0.0004072482423,0.001662769995,0.0002367145154,-0.0007990429774,-0.004107174054,-0.001809517872,-0.002015943347,-0.004506590991,-0.003760679663,-0.002893797601,-0.004042534879,-0.0004352485879,-0.0007803164223,8.22422975e-05,0.0004746334698,-0.002218641706,0.0001540767224,-0.00421184706,0.001464914253,-0.003755666778,0.003151195242,0.0007134249491,-0.006373222504,-0.002452921578,-0.001773840213,-0.001252478837,-0.006329942985,-0.000254049756,-3.032735905e-05,0.00132133001,-0.003162524854,-0.003873668956,-0.007189565631,-0.00325668273,-0.003287355148,0.002511504653,0.0003666335195,-0.0003060442593,0.00102518112,-8.578014504e-05,0.0015843928,0.00114327093,0.0002861554314,0.001393594831,0.001039736012,-0.00231961262,-0.00276497317,-0.002738236046,0.0008441197484,-0.003298483787,-0.00454560276,-0.001959359692,-0.006444715052,-0.005156109672,-0.004755163935,0.002641824616,-0.0008333388057,-0.002118907678,0.0006251347469,0.001896056391,0.0004864268942,0.00064258255,-0.0003060442593,-0.0004908090278,0.0002373536331,-0.005633027002,-0.0009525430686,-0.001214368012,0.002715702243,-0.004618259171,0.0001993725169,-0.002482015439,-0.002265048791,-0.006222647603,-0.0003498053836,-0.004491280729,0.002455298236,0.0007387121936,-0.003542046581,-0.003255233477,-0.001797194429,-0.003899050545
2018-05-31,-0.0003909499369,-0.001691658091,-0.001570162235,-0.001562639028,0.0008319505946,0.0004485643304,0.0007681530953,-2.770187317e-05,-0.004171442989,0.001488993944,-0.007482475602,0.0001972690288,-0.0009069257024,-0.007993176572,-0.008270639249,0.0006997564965,0.0006834113142,-0.001440679079,-0.004040799368,-0.0002974631423,-0.001988441445,-0.001570648877,-0.005900119173,-0.0001837461261,1.540512854e-05,0.00191530842,-0.001631060393,0.002327314487,-0.001800551675,6.533058326e-05,-0.008154923641,-0.0001350385604,-0.0009250435421,-0.008583483157,-0.007689124735,-0.006216297658,-0.008282771755,-0.001028536066,0.0003922047757,0.001079476051,0.003264892231,0.0002796665967,0.002398368072,-0.002739962903,0.0008044198696,-0.0060685175,0.00406891935,0.002749289692,-0.007552052906,-0.009622203668,-0.01025024849,0.0007190360173,-0.006161325678,-0.003899546912,0.002236123165,0.0011242765,-0.006123640824,-0.006777713993,-0.006619511964,-0.008283507889,-0.003425502018,-0.0002131221007,-0.003619022025,-0.0006682869669,-0.001900669232,-0.0002713221954,-0.0007729075306,-0.00161396309,0.001497571971,0.0001394269718,0.00242464952,-0.007387851334,-0.007454050003,-0.008248346631,0.0008815434368,-0.007531879329,-0.007187265378,-0.002496749923,-0.007360356912,-0.007352681159,-0.007019432931,0.005903133405,-0.003449680593,-0.004733701838,-0.004460037006,0.0002136954649,-0.002255871666,0.001530273949,-0.0006682869669,0.0008733510658,0.002461576065,-0.006914144763,-0.003726528293,-0.003744958812,0.000228114884,-0.007214095714,0.007450498164,0.0001192222091,-0.001186810922,-0.007742754151,0.001169400119,-0.006029136456,0.003313643904,0.000481698993,-0.00875498312,-0.00824931449,-0.003762502384,-0.01039720725
2018-06-30,-0.003072390922,-0.005247141999,-0.005280962057,-0.002672075824,0.0005816411909,0.0005410466272,-0.003469205786,-0.002417333807,-0.006235439108,-0.001353643071,-0.006890819685,-0.001502182214,-0.004321418585,-0.01105931075,-0.009601264723,0.0001564342415,0.0009681175304,-0.00206732993,-0.003833969309,0.001535052856,-0.004752896029,-0.007165912425,-0.005793374466,-0.00504959096,-0.005743304662,-0.002514059684,0.0001072268718,0.001696692266,-0.0005376546933,0.002370042399,-0.01070325256,0.004445463809,-0.001011944114,-0.01046384675,-0.01033615239,-0.008145975881,-0.01024802571,0.0001007752894,-0.003156841975,-0.002016358718,0.002868418919,-0.0003602640582,-0.0009479815493,-0.00857181642,-0.001556353743,0.005090785509,0.007174322711,0.004352051835,-0.01346636415,-0.009419368103,-0.008850364564,0.0008506458442,-0.01225531018,-9.270239965e-05,0.001716364116,0.0007510182817,-0.01033772733,-0.01193238887,-0.01232434657,-0.01074902291,-0.004621205972,0.001603685829,-0.004395277784,-0.005115521392,-0.001419380896,-0.003052202146,0.001450720085,-0.001658255057,-0.0006515081474,-0.0002691886403,0.003572051253,-0.009869599592,-0.009820651986,-0.01036266111,-0.0005371896018,-0.008670632311,-0.009124159622,-0.001953081787,-0.01329052068,-0.009828816958,-0.008678755969,0.005554607693,-0.003918213186,-0.008733964452,-0.009510098505,-0.002538032593,-0.0001715296016,0.001207669604,-0.005115521392,0.005508891615,0.004003012464,-0.01211805197,-0.005769266515,-0.005771171409,0.008062319314,-0.009026182876,0.007565569404,0.0008923270263,-0.001703116943,-0.01366897164,-0.002152037701,-0.01067042572,0.002758654786,-0.0009239132686,-0.01073170059,-0.01023180147,-0.008156832645,-0.0104627693
2018-07-31,-0.001512599562,0.003202128226,0.003723661481,0.009897617803,0.000328492561,0.0004188803541,0.004130930037,0.00854602493,0.01391891521,0.0001083138476,0.01232953693,-0.002429871714,0.003472452795,0.02319524849,0.02080053841,0.0003013546048,-0.001510725485,0.007881824361,0.004010895502,0.002238763708,0.007756148119,0.01126565589,0.008409113156,0.006267781961,0.007447692619,0.002383821097,-0.003272966342,-0.001230987215,-0.001825193003,-0.001702882291,0.02145886249,-0.02122321013,0.001192016116,0.02260625832,0.02194991244,0.01720886349,0.02243058031,-0.001162785479,0.005286194068,0.003311651113,-0.003016711217,0.003165010187,0.002304347896,0.01689342214,0.004112611426,0.01045520126,-0.002058673761,0.001650704472,0.02445201787,0.02124127773,0.01883790567,0.004446054008,0.01953564029,-0.003125363698,-0.0008143625336,-0.00040952013,0.01461296158,0.01688139812,0.02189449446,0.02028211263,0.00372058455,-0.01139396926,-0.000435804083,0.008705824477,0.004164981682,0.00364166296,-0.0005159006993,-0.001295678005,-0.002622362617,-0.002627762435,-0.004277571354,0.01755961069,0.0176088325,0.01923252618,-0.003548680137,0.01480860086,0.01639204564,0.009279095224,0.02437973458,0.003239742069,0.01179141344,-0.01494170225,-0.01117261566,0.0001338920764,0.006993120429,-0.001822222658,-0.0002701148057,-0.0006959978044,0.008705824477,-0.004054399735,-0.007833045778,0.02102553448,0.006247292044,0.00630007405,-0.02129779771,0.001962255898,-0.01443679831,-0.01860677381,0.00817068565,0.02471984887,0.003059068677,0.02139089917,-0.0003614584453,0.005444876966,0.02184955177,0.02017784544,0.007889834029,0.02290397547
2018-08-31,0.001321726569,-8.055457847e-05,-0.0008331692098,-0.00341970717,-0.002057158089,-0.001309720758,-0.0003546910468,-0.001426674924,-0.006315318571,-0.002981779676,-0.004224687345,0.003441652334,-0.004177831574,-0.01083903174,-0.009859918994,0.001764998306,0.001054281191,0.0009055776819,-0.002812452983,0.004475993413,-0.001648974763,-0.004349313075,-0.002924413128,-0.001371968917,-0.001335555437,0.008978738801,0.001586718817,5.096231341e-05,0.001659778141,0.001095328608,-0.00955179724,0.005327134559,-0.005748884901,-0.01039246489,-0.01004107551,-0.009159942068,-0.01046696368,0.001232933169,-0.001575963739,-0.0002387027295,-0.001905575399,-0.001086563467,-0.003843247709,-0.009653368441,-0.0001535431081,-0.003487456823,0.003190707885,0.001018938135,-0.01218122029,-0.008723198035,-0.00791758981,-0.001015011168,-0.01131617568,0.0001355881533,5.947417374e-05,0.0005208519888,-0.005621230294,-0.007343195566,-0.01127119482,-0.008703300237,-0.0005246401191,0.002329866536,0.004724659295,-0.0001384745665,0.001424108574,-0.001893884619,0.002004862054,0.002258698679,0.00266393879,0.002501392005,0.001869465104,-0.007894071238,-0.008081997646,-0.008499948517,0.003676423365,-0.004884707594,-0.007435610677,-0.004270324453,-0.01224042613,0.001146828829,-0.009779844512,0.007569039567,0.009906857294,0.003959214373,-0.001705017543,0.001615646699,0.0005584273061,0.001049531222,-0.0001384745665,-0.0004712418057,-0.002203935377,-0.00930479563,-0.0005266298419,-0.0003812968167,-0.01006308267,0.0005720110551,0.009229118368,0.009029691628,-0.003880227648,-0.01194897698,-0.002666780014,-0.009888931252,0.003258093449,0.000882535336,-0.009043900231,-0.008536834169,-0.001848544323,-0.009864698767
2018-09-30,0.001709307518,0.001465844838,0.002353555885,0.005867750494,-0.0002627376249,-1.92724094e-05,0.004660022378,0.002842337645,0.009365226931,3.030750323e-05,0.009505436328,7.490139547e-05,0.00169571454,0.01405483937,0.01345578318,0.002986306086,0.004483827728,0.002446126981,-0.0008267082522,0.001231211849,0.001161623588,0.009351006415,0.006500104598,0.00335134408,0.00382847761,-0.006199589714,-0.00010124384,0.0006646765882,0.001048093676,-0.0009934483384,0.01387919853,-0.01054304884,0.0005223529368,0.01402422883,0.01313320673,0.01203334783,0.01358528208,-0.003138852506,0.003951279157,0.003279281866,-0.004303284761,0.002077119954,0.001423474182,0.00981230899,0.004343251145,0.001569396242,-0.00230546114,-0.002557684418,0.01346635299,0.01357280806,0.01366199485,0.003211784844,0.01141026989,-0.006437442499,-0.0008391274229,-0.0001554706682,0.00928835144,0.01008905355,0.01264243623,0.01338481307,0.004864222424,-0.0007575498593,-0.001485725708,0.004499674125,0.004029506723,0.004528664365,-0.0006172343571,0.006228076311,0.00791085312,0.005518265495,-0.001713614343,0.01389978312,0.01397201413,0.01460456969,-0.0002520568128,0.008498646617,0.01101232496,0.004887580159,0.01323460305,0.009360547854,0.01367059502,0.004111954792,-0.003684383328,0.004628061385,0.002315678269,-0.002016182977,0.001071488512,-0.0008675910976,0.004499674125,-0.008272168293,-0.005254384861,0.01271662829,0.003981104808,0.003779665951,-0.008539247161,0.008659916844,0.01329894727,-0.002484625798,0.003992573827,0.01363815009,0.00343361086,0.01228475255,-0.00111238333,0.001321509746,0.01398350114,0.01279574406,0.003913962205,0.0140473532
2018-10-31,-0.0007278933477,-0.001854853549,-0.002680861686,-0.01094424791,-0.0005164856154,0.0006240953409,-0.002261150204,-0.0003596187016,-0.01686099102,-0.001256608436,-0.01330112099,0.002221366223,-0.002893462712,-0.0253156761,-0.02385562168,-0.003040777243,-0.007261149066,-0.002342689827,0.002031979463,0.0007331728888,-0.003302011911,-0.009042287718,-0.002092391829,0.003415180218,0.003239209175,0.0009330326268,-0.0004761730054,0.001212151622,-0.003266279421,0.002275331472,-0.02341599293,0.01671578638,-0.008499087932,-0.02471616395,-0.02497217819,-0.02058218739,-0.02522523478,0.007964982446,-0.002571377028,-0.0008534326344,-0.001090871424,0.000123209294,-0.006441690059,-0.01909446081,-0.003573089798,0.0004811449356,-0.0007868814762,-0.0001617240244,-0.02805571933,-0.02452793003,-0.02241115371,-0.005475642464,-0.02596379903,0.01634714989,0.0007643186823,0.003007510702,-0.01541014054,-0.02088405199,-0.02707374319,-0.02289048018,0.003063058172,0.003575949742,0.01202122372,-0.01061556697,-0.001844773877,-0.004198471906,0.001446763132,-0.0004662556454,0.006586415014,-0.006278314803,0.004907393611,-0.02176616487,-0.02184677424,-0.02336234747,0.003711958169,-0.005260404271,-0.01223803791,-0.01033563114,-0.02791839935,0.004629615009,-0.01147638237,-0.006915112688,0.01326907063,0.01352548466,-0.004400271052,0.004573117658,-0.0007251680769,0.002632638346,-0.01061556697,-0.005737825585,-2.125887799e-05,-0.02483290903,-0.007066222326,-0.006827095484,-0.01675598739,0.003910121182,-0.02237176289,0.002457183313,-0.008298036026,-0.0281571575,-0.01029842431,-0.0263318574,0.0008908328278,-0.005346310195,-0.02507522381,-0.02233871293,-0.008941807699,-0.02640813718
2018-11-30,-0.002907731363,-0.005081794878,-0.005469913396,-0.009100181238,0.00280489596,0.003910255417,8.546216574e-05,-0.0008762012279,-0.01603775439,0.003753439174,-0.01799347931,1.831377849e-05,0.00040504081,-0.02320307949,-0.02160418864,-0.001479227399,-0.004429434426,-0.001321723685,0.003139997123,-0.002418574665,0.004329848652,-0.006987857914,-0.006223729449,0.004287925941,0.002204456481,0.005728158652,-0.000732161654,0.0002011995585,-0.003325797565,0.002252651089,-0.02185299682,0.02050809171,-0.0132647995,-0.02279592658,-0.02135724852,-0.01606424409,-0.0231953004,0.0003528507375,-0.0002627405328,0.002384539435,0.0005612113426,0.003665335698,-0.00495004108,-0.01513232598,-0.002863934435,-0.01026557058,-0.002727516639,-0.003377324018,-0.02208637058,-0.02661232965,-0.02505128479,-0.002454755038,-0.01777635609,0.01427571034,0.001119176191,0.002350457911,-0.01862321913,-0.02008295924,-0.0191775981,-0.0253443348,-0.0009116975695,0.001725825048,0.003856426111,-0.008695775486,-0.004038863069,-0.006721943715,0.001044657949,-0.002869221518,-0.006510965579,-0.006223811697,0.008240947424,-0.02484269262,-0.02460740672,-0.0241695271,0.0001830684848,-0.009181836919,-0.0117840657,-0.00697288497,-0.02140660521,0.0006685279402,-0.003182721741,-0.002578828871,0.003140479554,0.01027648342,-0.0140109312,-0.003275874581,-0.004259888662,-0.0004301795044,-0.008695775486,0.01146820001,0.01524196265,-0.02196753452,-0.009816474468,-0.009796162471,0.01936875055,0.0006160228679,-0.01115964658,-0.006023858592,-0.0007486484005,-0.02301970904,-0.002732689467,-0.02090129368,0.002318509827,-0.004310917498,-0.02622325459,-0.02395071352,-0.01184816689,-0.02772431168
2018-12-31,-0.002014597457,-0.00580021261,-0.004344049688,-0.006389346053,0.0008881204458,4.315864008e-05,0.001006098734,-0.002764656006,-0.01022787119,-7.54191114e-05,-0.01110240769,-0.001433049088,-0.0007479531874,-0.01293282637,-0.01299141169,-0.00103550932,0.0005964112992,-0.002237927286,-0.0004512356078,-0.0007572215429,0.0007540888526,-0.006039757198,-0.005597023479,0.001085179081,0.0004139605484,0.007430317493,-0.001402672633,-0.001250579781,0.0001219199132,4.630465499e-05,-0.01302766381,0.01230531098,-0.00474595181,-0.0135335049,-0.01300058731,-0.009086675755,-0.01288215516,-0.002471299927,-0.001223315777,-0.0001637208411,0.003404692995,-0.0006511692267,0.0009256008324,-0.005135132921,-0.0002828527856,0.00521869267,-0.005992103431,-0.002890547987,-0.01255232862,-0.01585500235,-0.01689403459,-0.002649289129,-0.006950915511,-0.002012018678,0.001619409943,0.0008502153598,-0.01353267719,-0.01352741945,-0.01096980774,-0.01406837232,0.001595191766,-0.0002991822736,0.002551242228,-0.007291395659,0.0009140608182,0.0003969233303,-0.0008159202492,0.002093829639,0.00466685072,0.003876675575,0.0006212246379,-0.01397565893,-0.01376658023,-0.01329571044,-0.00434429599,-0.007093391982,-0.008692193032,-0.007260549729,-0.01220396681,0.0009978213186,-0.003352647175,0.005591934928,0.003670178518,0.007637716077,-0.01050596768,-0.003929732183,0.0005739622039,0.001254586558,-0.007291395659,0.004649058107,0.005032890831,-0.01425470416,-0.009880738671,-0.00973615589,0.01361786587,0.002430849711,0.009890958265,0.003153220881,0.003449021268,-0.01298132933,-0.0009440101018,-0.01146192486,0.002817289336,-0.001879665206,-0.01591864821,-0.01433202888,-0.01104890228,-0.01757081155
2019-01-31,-0.003372296595,-0.001872137835,0.0002381607836,0.01729275813,-0.001938286067,-0.001424195104,0.0002182156939,0.005230049248,0.02288656936,-0.0007415681612,0.02852343919,-0.0005388319069,0.006514522615,0.03034952856,0.03102018769,0.002338703391,0.004274504974,0.000921277434,0.002498588587,-0.002294596942,-0.003573484077,0.009640255076,0.008847847908,-0.0171250984,-0.01549974657,-0.01096326209,0.001729267982,4.130331365e-05,0.003426806835,-0.003496402177,0.03068982077,-0.02796104845,0.01218752538,0.03179995905,0.03064333207,0.02195698277,0.03063810444,0.0001448545813,0.001649924259,-0.001215713004,-0.004463213875,0.0007117532326,0.002604000631,0.01698522743,-0.000160708077,-0.02431313974,0.02580490159,0.009297251809,0.02952739401,0.02621227375,0.02724744682,0.01019533709,0.02360113672,0.000827278453,0.004071518815,-0.007078295753,0.01629824767,0.01822861115,0.02543609134,0.02986751625,-0.0002861963976,-0.001722383553,0.00425079815,-0.002206553465,0.009607498201,0.007599722637,0.006187879166,-0.0002170811628,-0.008713752235,-0.01457063861,-0.002214698148,0.02191346923,0.02296027539,0.02631031231,-0.003824798133,0.01709364762,0.01562110715,0.01670369439,0.02890104325,-0.02410009964,-0.01177987704,-0.03242613941,-0.01520356471,-0.02669215877,0.001336672405,-0.006168186245,0.003021760322,0.002456532488,-0.002206553465,-0.01616717135,-0.01124160532,0.02247056374,0.00380294743,0.005185717324,-0.02006379535,-0.02797345545,-0.03247343443,-0.02772546085,0.01322934913,0.02996793471,0.004614404279,0.02585388226,-0.002293785264,0.004745432734,0.03079152457,0.02947829018,0.003204375341,0.02873150849
2019-02-28,0.002293919012,0.006041072055,0.004999118415,0.003102567997,-0.002368522581,-0.002229129087,-0.00254960296,0.007511539055,0.00396635803,-0.005881470981,0.005644368074,0.004502144168,-0.008352024654,0.004022020239,0.004921351545,-0.007884381579,-0.00601850148,-0.007529715973,-0.002608917036,-0.004511708409,0.004856549638,-0.0005049252684,0.004517426593,0.0006761231976,0.000500660641,-0.001783826015,-0.004881707083,-0.006995658193,-0.002184338704,-0.002247698315,0.005652109987,-0.005959840738,-0.002082272127,0.004562173658,0.004818293801,0.001783193723,0.004012727024,-0.00380218973,-6.442280077e-06,-0.001727720356,-0.007969394267,-0.005529740607,-0.006388939476,-0.003340670781,-0.003224312335,0.002518872525,0.007881910773,0.001851668157,0.00287212198,0.01087495211,0.008403939529,-0.0002426191718,-0.002235835328,-0.008987961215,-0.0005529662876,0.001088665358,0.007832587712,0.008086802512,0.003125694315,0.008608870505,-0.004269126606,-0.009500862748,-0.007835781332,0.006908980328,0.0011084265,0.002716244845,0.004042122238,-0.003845486805,-0.001782486408,-0.005261627892,-0.003010104688,0.01029782969,0.01019991388,0.007599195588,0.006759225387,0.002330768401,0.002540012884,0.001584708794,0.002660388719,-0.004712458233,0.001069279792,-0.007564582591,-0.005476916858,-0.0063970288,0.006890137677,0.007437271221,-0.001037799688,0.001834388316,0.006908980328,-0.005418821052,-0.001385097725,0.007963000484,0.006396637931,0.006815983629,-0.001777318919,-0.002763098438,-0.004551892515,-0.004042250291,-0.006500969302,0.002974352225,0.002043559669,0.006070577807,0.004178939717,0.006234130201,0.006904950154,0.007315541379,0.007768705936,0.008819144588
2019-03-31,-0.001619546214,-7.763069139e-05,-7.334443197e-05,0.002894558433,0.0008205796206,0.0004731084117,-0.0008679569789,0.002253553902,0.002135148144,-0.003181891229,0.004025249487,5.268119241e-05,-0.0005530581653,0.005666221337,0.005426326719,-0.003194893772,-0.003192214718,-0.0001447994724,0.0008330173559,-0.0009574352438,0.002424139863,0.004572288848,0.0009273788546,-0.0003859853621,0.001454979353,-0.0034665829,-0.000318721757,0.0007654897615,-0.0007680047352,-3.048757766e-05,0.005564893079,-0.006012545238,0.003295403524,0.005401055697,0.00494767875,0.004039275726,0.005441227105,-0.0003964953296,0.0005577052414,-0.0009368758616,-0.0001729707887,0.000557832761,0.002399192262,0.004653319966,-0.001667733408,-0.0002881291006,0.003506054111,0.004151861783,0.006215046064,0.007384902729,0.006302081343,0.001530525732,0.004834708366,-0.005808845862,0.0006164954824,0.001130706304,0.003550587968,0.003733468827,0.005256510869,0.006641971298,-0.003467472522,-0.001424860184,-0.002569200717,0.003274123136,0.0002432874548,0.00146099134,0.0001211768651,-0.002469589918,0.001115231784,-0.002256226491,-0.000921572789,0.004154022385,0.004379849993,0.005714992511,-0.001264220789,-0.003199677623,0.0006939696071,0.001993664576,0.006094874078,-0.006775093731,-0.004226991742,-0.001002762775,-0.005472812123,-0.005509905661,7.066016544e-05,-0.0003860914442,-0.0004378804416,-6.597013049e-05,0.003274123136,-0.002718997132,-0.001830710711,0.004970430062,0.002084703721,0.002233231511,-0.001263090377,-0.003957982739,0.003566087865,-0.003925988682,0.001872145884,0.006296163077,0.001640790669,0.006165349207,0.002481060239,0.004021938323,0.006586179793,0.006780885392,0.001511454798,0.007612403888
2019-04-30,0.002148913662,0.004622749502,0.004234671239,0.01176131173,-0.0002468735708,-0.001227503968,-0.00483943313,0.008544579132,0.01259359358,-0.00620014775,0.01643427178,0.001299495691,-0.00149771518,0.01666971285,0.01687549036,-0.001716163937,-0.001407473622,-0.00029433068,-0.0003446974407,-0.002452324701,0.001521319654,0.005914177819,0.006931604547,-0.008018921627,-0.007761228848,0.0037580319,-0.005018637255,-0.004692485799,-0.001351623429,0.00204989255,0.01828387056,-0.01296145401,0.007123485138,0.01749316435,0.01710053101,0.01189419707,0.01657911597,-0.003394969542,0.001355334418,0.0006337495526,-0.007177079439,-0.002685887229,-0.002134366479,0.009001677044,-0.003439100386,-8.468183156e-05,0.005834115185,-0.0003035916692,0.0151717387,0.02148332492,0.02050540746,0.006361882968,0.01158956208,-0.01355014928,0.000479414045,0.001684530518,0.01354254989,0.01352626486,0.0130263166,0.0208555136,-0.01013530248,-0.00493078135,-0.007290872085,0.006790196503,-0.00475605726,0.0006214195047,0.004602029304,-0.004146250166,0.002158105628,0.004123340203,-0.003184114339,0.01876430628,0.01803456178,0.02002388795,0.003435488686,-0.007795706491,0.004119150181,0.004848975179,0.01494095682,-0.01319870082,-0.01099688213,0.01302459258,-0.01214071583,-0.008588494687,0.004743010843,0.000932683518,0.0002672134321,0.002473586043,0.006790196503,-0.009449550623,0.001399975313,0.01537435302,0.007259962865,0.008208552965,0.001669495002,-0.007420011789,0.01484223852,-0.009457510092,0.001233731719,0.01558361884,0.001928302463,0.01409373293,0.0001899709038,0.004146977314,0.01954043539,0.02030216867,0.008162078744,0.02267478076
2019-05-31,0.0005563279842,-0.003248949299,-0.002936505008,-0.01012856166,-0.007191669927,-0.006707350455,0.004516507401,-0.01117175195,-0.01745893587,0.002249352783,-0.02170834635,-0.004622366256,0.001693984237,-0.02285299418,-0.02298413473,0.0001852178527,-0.005292024044,-0.007215998657,-0.0005296095551,-0.005958524007,-0.002711514627,-0.00890293034,-0.009262607979,0.01420049904,0.01278259385,0.004011713534,0.001835023142,0.0002736742867,0.001293603649,-0.003237041315,-0.02308218766,0.01519845913,-0.01237702279,-0.0235388667,-0.02314906977,-0.01711889949,-0.02294188257,0.006981943864,0.0009929640744,-0.0001377752066,0.002404583553,0.003335897752,-0.002138703642,-0.01410301198,-0.005867971736,-0.004035227374,-0.0007721718168,0.003609436097,-0.02172617589,-0.02164157654,-0.0216638247,-0.005213083878,-0.01297581823,0.006596437474,0.0001950992797,-0.002633153211,-0.01563443813,-0.01721925459,-0.01637661082,-0.02482918022,0.009227097475,0.0004711499046,0.005763778855,-0.00838984395,0.0002317817627,-0.007146433372,-0.003882653138,0.007512830816,0.004097672027,0.001788528357,0.00209505418,-0.02275209715,-0.02341575566,-0.0256522717,-0.0003043952738,0.002311701241,-0.003522018781,-0.006559206982,-0.02125332098,0.01031634554,0.002044520952,-0.0122875175,0.003215422051,0.008444541965,-0.005527636517,-0.0007867210541,0.0002289202585,-0.0002148918504,-0.00838984395,0.001590333263,-0.005021982943,-0.01926658726,-0.007335405624,-0.007407522011,-0.01722934152,0.001403284384,-0.0218556748,-0.005363004378,-0.002829584809,-0.02234541313,0.0001027732112,-0.01653009778,0.005437166594,-0.0008689733788,-0.02407628434,-0.02458445354,-0.008570931507,-0.02330116704
2019-06-30,-0.002914877397,0.005741734128,0.006132926394,0.01408261341,0.009610572689,0.008397796815,-0.005723539722,0.01293883187,0.02321849332,-0.00352324081,0.02639843066,0.004938421619,0.007148487451,0.03206891926,0.03124507684,0.0005526875936,-0.0009095042413,0.007530384739,0.007545158428,0.005219832217,-0.004170137947,0.009313774377,0.0006174448684,-0.01981320625,-0.01873746759,-0.002498834646,-0.001573130101,0.000875005662,-0.002531986639,0.004919960145,0.0303813489,-0.01710608338,0.0180023454,0.03202001003,0.03043927204,0.02347351387,0.03166300537,-0.00451777456,-0.002481455604,-0.001157568579,0.0005377247171,0.00198148419,0.006495653997,0.02272147102,-0.0009387295927,-0.008331549363,0.008399054447,-0.008615222174,0.03265156817,0.02481836276,0.02360952726,0.008616661993,0.0242518969,-0.01827097014,0.0009368742702,-0.001000035785,0.01826979404,0.02077985114,0.02847678938,0.02969527715,-0.001591925262,0.006670232164,-0.001023517527,0.01691940437,-0.001878747258,-0.0003548785753,0.002679881556,-0.001284143779,0.004562093664,0.007032537053,-0.002092322063,0.02167290941,0.02247700021,0.02876660818,2.490046678e-05,-0.002710055002,-0.005149171918,0.006239633744,0.0333889155,-0.003771756986,-0.009920616969,0.02121766035,0.01863476351,-0.001565484686,0.006397917194,-0.001390168914,-0.001130358428,-0.0002654733947,0.01691940437,-0.01370835306,-0.005719497401,0.0237623126,0.01218019545,0.01211628318,-0.02994563201,0.001347446662,0.02654143104,0.02518368278,0.009326072222,0.03271737472,0.004373095694,0.02610903517,-0.006099964466,0.001718409732,0.03162978004,0.02970546345,0.01042157667,0.02763272813
2019-07-31,0.001008126342,0.002084721576,0.001933046883,0.003502469856,0.0005863109238,-0.0001791401885,-0.004334089533,0.003023615668,0.002547623234,-0.004055757616,0.004755520602,0.001500920105,-0.006500735069,0.003888669581,0.003875403047,-0.0053218286,-0.0002427698785,-0.004910132666,-0.004443720224,-0.003603300255,0.003490797528,-0.001396216738,-0.0004942136624,-0.0003546367573,-0.0008279099164,0.0009514277024,-0.001684843874,-0.002792008248,-0.001400457886,0.002189759005,0.00445177793,-0.003959200804,0.002739078468,0.004213347301,0.003644921106,0.001342350907,0.003809466287,-7.261161126e-06,0.0003897024006,-0.0001009398261,3.597377532e-05,-0.003372330001,-0.0005117060229,0.001319304299,-0.002694345133,-0.001035945768,0.003066380666,-0.000568101597,0.003987448899,0.007376935189,0.006923611387,0.002034458123,0.002151062864,-0.006738113765,-0.000580343994,-0.0002435835275,0.006785185213,0.006384617743,0.003289486967,0.006109997531,-0.002846467441,0.003631761325,0.002162628057,0.004624234897,-0.003702758826,-0.002677725491,-0.0003890753424,-0.003212216404,2.929436595e-06,0.002727109363,-0.001004543743,0.005902231511,0.005838482994,0.00476659104,0.00287795368,-0.003774783989,-0.00181523347,0.0002303078223,0.003943289617,-0.005438005762,-0.00372314986,0.001959524348,0.001309205489,-0.004146086984,0.004050789256,0.002501975887,-0.000664368186,-0.0005410068805,0.004624234897,-0.005263160959,-0.001151368185,0.004927617464,0.00356427474,0.003826068103,0.002202603972,-0.00424136827,-0.004087736513,0.0007432219873,-0.002298768495,0.004093501796,0.00307067613,0.006467905232,0.002617199872,0.004239616143,0.005469673136,0.005869868631,0.005079918394,0.007768046705
2019-08-31,-0.003064467052,0.0003816335056,-0.000186439047,-0.001296530983,0.0003029564253,0.0006890700466,0.002553328753,-0.0002365919988,-0.002795692528,-0.0008856374131,-0.005744143751,0.0007205368767,0.003705194499,-0.0009821531801,-0.001798178915,-0.002774762319,-0.0028193021,-0.0001790072784,0.003060011603,-0.003293353672,0.002274754022,0.003101139083,-0.002170055909,0.006226334202,0.005156667598,0.001796020149,-0.0002551721322,0.0002149092738,0.001359409451,-0.0003920748371,-0.001366112741,0.00195494708,0.001917060559,-0.00210509669,-0.002242656767,-0.001405972144,-0.001274852149,0.002911039411,-0.001300264068,-0.001179983127,0.003490649,0.007036192833,0.003655318412,0.003294529145,-0.001917669859,0.003573191267,-0.002887778649,-0.00291815596,0.004255402347,-0.004731323032,-0.005073081586,-0.002015651504,0.003922016348,-0.001445120214,-0.002339213827,-0.001634182281,0.001671648277,0.002773816765,0.003684064357,-0.004278643085,0.004094301638,0.00583485005,0.001889650489,0.0003796689534,-0.001353698122,0.002482783976,-0.001753128558,0.0026235295,0.001287431072,0.004319875677,0.002910587835,-0.00303508938,-0.00135461922,-0.003577675048,-0.002922652253,0.000746779136,0.003238102617,-0.001317596837,0.004470000087,0.006627063954,0.005048305296,0.005854920026,-0.0005601276075,0.001600174376,0.004425746633,0.00415519988,-0.0004725339446,-0.001421147287,0.0003796689534,-0.0001714175606,-0.001778995533,0.002145238,0.0007164376495,0.0002047354561,-0.002950918247,0.002530251,0.001569177221,-0.001029637141,0.001047814149,0.003915010225,-0.0004520560597,-0.0001731723136,-0.000109925648,-4.355999757e-05,-0.002162494627,-0.003829087155,0.002191673666,-0.003075285456
2019-09-30,0.002552092557,-0.00166540418,-0.002000010937,0.004364263274,-0.0001802935236,-0.0006475884251,-0.008264543692,-0.00123420392,0.002697315457,-0.0002305914341,0.007428870641,-0.00168739578,0.00109390415,0.003124156547,0.003881301888,-0.002181172919,0.0005012745205,-0.00636590882,-0.003669461428,-0.006385194719,-0.0004352756946,-0.003340859269,-0.0004447864493,-0.004590995465,-0.004403778777,-0.005562016891,-0.004929568855,-0.0103155402,-0.005558528146,0.004547132445,0.004069965031,-0.0002500057754,0.002762716696,0.003984439412,0.003950354399,-0.0006012236376,0.003162803224,-0.001372056526,-1.906188651e-05,-0.002272845193,-0.004170842199,-0.009700904397,-0.004478499354,-0.001342678347,-0.005470455546,-0.009011945738,0.006967831545,0.002508951788,-0.0007142152438,0.007415606452,0.006490947666,0.004761781071,-0.0009867054334,-0.004244614981,0.003156877432,-0.002902710992,-0.0008362326386,-0.0007706811861,-0.0002446879976,0.00684594461,0.0002520709945,-0.001583030332,-0.0009182357345,-0.0004996500827,-0.0009118520106,-0.001557921365,0.002293932966,-0.001860643583,0.002593993404,-0.0001876184769,-0.00314890893,0.006757223454,0.005366515204,0.005418298918,0.001591831497,-0.002355741947,-0.001721574955,0.0009465739238,-0.001000277223,-0.004882117999,-0.005961723431,0.0004421979087,0.0001199438466,0.002698588991,-0.004070435258,-0.002079313399,-0.0004612608744,0.002128026879,-0.0004996500827,-0.00718911199,-0.006881161485,-0.0004870320435,0.001246003833,0.00176567507,-0.01016374264,-0.003463717215,0.003306074101,0.0003985984826,0.0002993349721,-0.0003597606811,0.004512926562,0.004863076502,0.003257002607,0.004167348227,0.005401139702,0.006807578567,-0.001532535902,0.007116528539
2019-10-31,-0.002109022104,-0.001291650236,-0.0006777796074,0.008004560529,0.001462972699,0.002034052501,4.670921225e-05,0.002372470703,0.004094503677,-6.766713717e-05,0.00730305263,0.001549338494,0.001026407915,0.008840573192,0.009149015986,-0.001007162735,-0.0003231332721,0.0004167883868,0.002134308099,-0.0008957271584,-0.001107499867,0.003216871274,-0.0004851891932,-0.00150810574,-0.002058312567,0.001991895933,0.001001853942,0.002223687165,0.001139455396,0.001309349692,0.00891779976,-0.005790787227,0.004860651712,0.009121215249,0.008652559669,0.006060726728,0.008987953384,-0.001542641751,-0.0008403539889,-0.001201064708,0.002917029937,0.002104447927,0.004340682497,0.006613900803,0.0002398931003,-0.002470858943,0.0004146254936,-0.003295949934,0.008651974469,0.00832008204,0.007779990679,0.004722809427,0.006839016289,-0.002599509937,9.48277018e-05,-0.001917595528,0.004404020151,0.005315613978,0.007025213948,0.008405783611,0.001015118999,0.001804911375,0.00268544304,-0.002545925812,-0.000956322303,-0.001131445538,-0.0002547320583,-0.0004285734676,-0.000585137739,-9.355981306e-05,-0.0001389234441,0.006311355288,0.007184889564,0.008575004853,-0.0001396126387,-0.002121476791,-0.001003435902,0.00202773279,0.00804869821,-0.001987719878,-0.005069556253,0.001684820666,0.003245272951,0.006456790668,-0.001574278401,-0.004457425178,0.0001763513851,7.640024248e-05,-0.0007771932278,-4.445901468e-05,-0.002321415949,0.007895939394,0.001291500235,0.001190216248,0.0002000177694,-0.003468029044,-0.002489427742,0.004948800428,0.003770109142,0.008906308004,0.001863797854,0.007240091807,-0.0005232196876,0.001936034954,0.008493407055,0.008433375289,0.001037683146,0.008119842333
2019-11-30,0.003703775208,0.005705154955,0.005216446408,0.007839097524,0.0002415891626,-0.0002047957987,-0.0006896728805,0.01298567087,0.01011835684,-0.003524902293,0.01143379009,0.003543044195,-0.003499611429,0.01652093188,0.01606186809,-0.004562939881,-0.005236332211,-0.0006269328076,0.0009974966509,-0.001568115926,0.003531146193,0.00931653968,0.00187749456,0.001012892081,0.0001847326629,-0.002284262761,-0.0006410207672,0.002881997515,-0.0002802004102,-0.0007615551849,0.01664831281,-0.01236875155,0.009603996442,0.01655649069,0.01566533227,0.01205885039,0.01615170463,-0.00485046655,-0.001161618517,0.0004279720799,0.002717677486,0.004866550585,0.004518873007,0.0117681384,-4.385547001e-05,-0.004548998759,-0.001531132946,-0.01186561705,0.01733085777,0.01520891057,0.01486720379,0.004039943176,0.01349345233,-0.004721784975,-0.005060559754,-0.003877108529,0.0141720992,0.01537996519,0.01456861989,0.01740373773,0.003333587376,0.003048452545,0.009091072472,0.006537528581,-0.0005236913363,-0.002841210621,0.0004536614795,0.0002189044415,-0.0003189475446,0.0005742743212,-0.002996655813,0.01625133629,0.01717713406,0.01785436,0.002413924327,0.0001521239409,0.001529665377,0.002308068648,0.01756051766,0.003776622855,-0.007108399602,0.002300211993,0.009524534923,0.01355096782,0.0126299789,0.004452201079,0.0001167673662,-0.004307413607,0.008660969707,-0.008184027127,-0.007804556344,0.01414610047,0.009867485251,0.00936894647,-0.0005694776537,0.005571060272,-0.006243525134,0.00245179219,-0.001098526985,0.01714805555,0.004322466029,0.01650440755,-0.002278042521,0.003610377626,0.01695255793,0.01696726895,0.01120606779,0.01723449477
2019-12-31,-0.0004352543421,0.002584204526,0.003633729016,0.01453127936,-0.001259822779,-0.002420937239,-0.004530234091,0.007436586757,0.01518971534,-0.007114839917,0.01841020122,0.004516208691,-0.00150607281,0.02127329104,0.02189306288,0.0004398615966,0.0021538375,0.003685256787,0.003583069921,0.003288895285,0.001849056682,0.008242618415,0.006097789689,-0.00564907748,-0.006126939739,-0.008178269499,-0.0002564521421,-0.001564987765,0.001528422898,0.001775502706,0.02209857504,-0.01536383052,0.01343897615,0.02199667525,0.02059112718,0.0138360809,0.02135873431,-0.005714439772,-0.00131484959,-0.001089283048,-0.005417018677,-0.001213433542,-0.00306672683,0.01288469338,0.002883798457,-0.01010214802,0.002762618163,-0.01042853045,0.0210037607,0.02409254158,0.02211643997,0.007617579242,0.01669528585,-0.01626482551,-0.00267483309,-0.003057343421,0.01585049048,0.0161829918,0.01705219665,0.02401440166,-0.001844057777,-0.002773008034,-0.0002673326075,0.006884808249,-0.004349000546,-0.001896920317,0.007700673037,-0.004276891096,-0.003706543396,-0.003044443582,-0.003720067166,0.02251029952,0.02293289288,0.02404236395,0.0007731498392,-0.00112495478,0.002728261994,0.0041520977,0.02030975622,0.01291212226,0.0111160627,0.004323556348,0.01410685751,0.01334151973,0.009626411053,-0.001554022919,0.0003313476352,-0.004336181121,0.006884808249,-0.0006566904571,0.0004004540904,0.01829508947,0.009347249082,0.009059627983,0.0134018616,0.0177010408,0.01932814099,0.01942408305,0.005795049931,0.02139875782,0.003048362553,0.0182213365,-0.002497165052,0.005081248552,0.02271239148,0.02380670429,0.008835784824,0.02460608585
2020-01-31,0.002146794728,-0.002473582581,-0.003873670857,-0.01103982613,0.004110096165,0.006016160485,0.001554811495,-0.003107725529,-0.009587819031,0.004780894094,-0.0122747294,-0.007493091026,-0.007165162215,-0.01716076723,-0.01711910086,-0.01225376788,-0.009525549986,-0.01356801876,-0.01370984248,-0.01168654897,0.001695767792,-0.01111396418,-0.007024604566,2.802171394e-05,-0.0004728240545,0.009187591063,-0.002807651529,-0.001655682971,-0.005199950647,0.001047417071,-0.01700318569,0.01340872671,-0.0127772452,-0.0173999285,-0.01682402485,-0.01220119875,-0.01691503803,0.005925324647,0.004677086731,0.003292184676,0.001480793853,-0.005256009727,0.0002259661938,-0.0100067801,-0.009710100783,-0.001701208591,0.001269393407,0.01075011702,-0.01887588995,-0.01380163819,-0.01286760397,-0.004170775065,-0.01444646101,0.01128800584,0.0006048541233,0.004688058223,-0.01190841054,-0.01570791887,-0.0152163308,-0.01691980087,0.006743672877,-0.003233844855,0.002567572179,-0.01424841656,0.004717694748,-0.001457088359,-0.005949724497,0.004134177877,0.001145782761,0.001039075401,0.003208322418,-0.01433246777,-0.01545082897,-0.01763836557,0.001584590056,0.0008864815264,-0.007814179356,-0.005320069715,-0.01875855888,-0.0120471007,-0.00667948418,-0.01195837062,-0.007322162718,-0.008743608848,-0.00642167312,-0.0001831902349,0.002804845298,0.001909317499,-0.01424841656,0.007033151762,0.003486630636,-0.01795658484,-0.006802800425,-0.006155257874,-0.01713842208,-0.01614977276,-0.01673212323,-0.01682131432,-0.004557342898,-0.01878996247,-0.000842079724,-0.01263816994,0.005735100173,0.0007100106437,-0.0163613948,-0.01686242762,-0.007894179628,-0.01574362774
2020-02-29,-0.001625736559,-0.003382984944,-0.003862167097,-0.02326284343,-0.001863287231,-0.0004361884097,0.01411753008,-0.01155947263,-0.0221169949,0.008942712595,-0.0295050197,-0.006712693642,0.002155295984,-0.02718937459,-0.02933896109,-0.003053728885,-0.005178101166,-0.005890811117,-0.005337620725,-0.006815962305,-0.001022025691,-0.004934028895,0.001716334528,0.0115316033,0.01082764693,0.005661873062,0.008111192393,0.008899218294,0.004788931374,-0.003440805414,-0.02897120457,0.0147023962,-0.01857944363,-0.02951385591,-0.02677782257,-0.007518589993,-0.02733671963,0.005890572252,-0.003169021049,-0.002848211861,0.0090184903,0.005998559916,0.01116140493,-0.01208679229,-0.006317493535,0.01535041561,-0.007346896052,0.01478844855,-0.02690835954,-0.03337594536,-0.03066703074,-0.01268938764,-0.02006716301,0.01781689452,-0.0005169118056,-0.001356888852,-0.02548132038,-0.02628005779,-0.02323805783,-0.03489208546,-0.007805831303,-0.01105361862,-0.005465843552,-0.0141399666,0.01281192785,0.009117248902,-0.009576539893,8.266466289e-05,-0.01349314582,-0.01383774761,0.006018298435,-0.03436748454,-0.03364150822,-0.03303638953,-0.002928609543,0.01301840265,3.151342957e-05,-0.005595847978,-0.02606638354,-0.02313248983,-0.01578348763,-0.02759651892,-0.02216255955,-0.01860136996,-0.005511126806,0.002009078229,0.002463280123,-6.968518108e-07,-0.0141399666,0.02222061257,0.006930255764,-0.02942799482,-0.01202442914,-0.01125439589,0.02015655419,-0.02563365491,-0.02835955744,-0.02679863978,-0.004638755872,-0.02749144626,-0.006707260584,-0.025786724,0.001619512376,-0.009516652123,-0.03275198245,-0.03442563134,-0.01431348247,-0.03459588491
2020-03-31,-0.004103370144,-0.04291130199,-0.03880007183,-0.08049941605,0.003312907915,0.002210063869,0.07081185477,-0.05311849142,-0.08215445734,0.05486389466,-0.146355927,-0.03407279982,0.04716403903,-0.1125227183,-0.1238749217,0.04473705276,0.02833801224,0.03622781641,0.02158392688,0.03434500611,-0.03476454098,0.04182604063,0.01201940237,0.04193988534,0.04798341242,0.05882029131,0.06382392158,0.0747995835,0.0262675224,-0.02742718665,-0.1318744608,-0.0234040757,-0.04305173546,-0.124360218,-0.1071165551,-0.02930351765,-0.112136153,0.0005928203404,0.005701867644,0.02031411877,0.07027221158,0.05035443001,0.0879998618,-0.01657713582,0.0358178127,0.0811989594,-0.07070728851,0.04915928955,-0.09801005462,-0.1711603311,-0.1569153588,-0.03174294246,-0.117290014,0.02117227156,-0.02148643016,0.05541034194,-0.124455006,-0.1455798123,-0.1275687338,-0.1546048009,0.0122107067,-0.03705922984,-0.006728202751,-0.02643310305,0.08970955772,0.06961067516,-0.08287015928,0.05268859942,0.06685631363,-0.08690358303,0.0320755551,-0.1613756838,-0.1623532649,-0.1404053572,-0.02957219464,0.03243968313,-0.01543402195,-0.04755026129,-0.09344608196,-0.06715632124,-0.05308187732,-0.02791268756,-0.05003152885,-0.04774120568,-0.06050559573,-0.02836286232,-0.006055157459,-0.03111652882,-0.04385931679,0.1205979231,0.08671214078,-0.1423879695,-0.06039699506,-0.06153395306,0.1032345038,-0.08883941127,-0.008507172833,-0.07532034982,0.01565559543,-0.1021098226,-0.005840617772,-0.1007578295,0.01384601401,-0.03276280264,-0.1421591115,-0.1514487658,-0.0937089919,-0.1629511252
2020-04-30,0.001580306916,0.03056031462,0.02781440474,0.01236138412,-0.04406120512,-0.0393690743,-0.04870121689,-0.01085503387,0.07764557312,-0.04603289528,0.08576606713,0.04069672191,-0.04606540616,0.0856017536,0.08582915832,-0.04372029654,-0.04148159864,-0.03968714812,0.0358148178,-0.04125327733,0.05495189229,-0.01405602453,-0.005013573585,-0.006127718593,-0.01159276417,-0.01622341128,-0.04552734163,-0.04414913099,-0.04099355324,-0.04322339666,0.08094903519,0.07833079984,0.09154256291,0.08692652817,0.09198979016,-0.01980768581,0.08648985587,-0.05026980726,-0.03222026697,-0.02381781905,-0.02058293676,-0.0473739699,0.0222239477,0.07155612343,-0.03951672423,-0.04083798016,0.03065628338,0.03165063477,0.04502078049,0.04862091252,0.05462149355,-4.553595726e-05,0.04350277328,0.01402627319,-0.006719059047,-0.0131796442,0.05547194018,0.05695493134,0.04428122243,0.08246996519,0.008368664705,0.03085812836,0.02245093825,0.009500827717,-0.01615891451,-0.02106173179,0.01401238624,-0.01702324159,-0.03005783742,-0.02452770872,-0.01150363735,0.05450901999,0.05157735255,0.06975775903,0.01866129731,0.01763993729,0.02002739964,0.0174412016,0.04348166295,-0.001776716306,0.0132105697,-0.04265618529,-0.01835169608,-0.009496124431,0.04109674037,0.02269633564,0.007578024775,0.002492393932,0.02111025149,-0.006267953236,-0.02465576532,0.05247654221,0.008289759948,0.009168694296,-0.07819359467,-0.01406959555,-0.08591882415,-0.05986328061,-0.0145962485,0.04791560518,0.01435307634,0.04188613065,0.003092887341,0.02226010068,0.05733728646,0.04313978263,0.04692647702,0.06221933866
2020-05-31,0.001007900983,0.00784474614,0.008416726,0.0215009488,-0.008060431527,-0.00459833001,-0.02902161305,-0.01921904575,0.02846814454,-0.0213512043,0.03146191852,0.02233956101,-0.02084500193,0.02368411252,0.02624640244,-0.02016821301,-0.02005302892,-0.02753384238,0.02157474395,-0.02734704202,0.01309958192,-0.005132738599,-0.003161470877,0.003200982235,-0.0228516474,-0.01739743666,-0.02082295144,-0.03353817197,-0.01935334975,-0.02028502721,0.02163723285,0.0396460843,0.03133050857,0.02536875906,0.03382962104,0.006834360222,0.02437163289,-0.03230395041,-0.0228438496,-0.01308503716,-0.01579305169,-0.01362531625,-0.004219708059,0.01282201121,-0.02084505045,-0.01092100388,0.01935886506,0.03849079008,-0.003601559679,0.04384272435,0.02764841031,0.0179493975,0.01087502155,-0.02164295775,-0.0006818921673,-0.003867793591,0.02392564457,0.022961325,0.01252779299,0.0293925688,-0.02975380653,-0.02037526793,-0.02492557869,0.00558405621,-0.02916307433,-0.01754669734,0.02552162436,-0.03511584144,-0.03389189783,-0.03781164047,0.001402561715,0.01759151495,0.01617683218,0.02622700398,0.0159602409,-0.00861168827,-0.001232391609,0.01542682236,-0.005055999589,-0.03919825092,-0.02726831843,-0.03033039562,-0.03159587037,-0.03323458918,-0.001483052363,-0.006301683521,-0.005102579011,-0.0039497189,0.007223339282,-0.01766040775,-0.006768779968,0.01978736822,0.001452052877,0.005271581579,0.005686328201,-0.03190023493,-0.02636010203,-0.02808436909,-0.003672336423,0.0003266437391,0.01068959077,0.01686787415,0.008632268708,0.01304497304,0.0157244906,0.01585489906,0.0120249717,0.03855083602
2020-06-30,0.001041100649,0.01564326159,0.0127860708,0.01800283516,-0.005139924786,-0.003299642649,-0.01942481662,-0.01830303375,0.03331288167,-0.02387570803,0.03204635564,0.02436021544,-0.01030728588,0.0292704195,0.03147486085,-0.01973628862,-0.02090841505,-0.01733178784,0.02125206977,-0.02099107585,0.0180257128,0.01338508901,0.005486338539,0.007495126848,0.003607274383,0.001777522515,-0.02465432085,-0.02541570074,-0.02479640084,-0.009239444155,0.02734773999,0.02919701305,0.03353063105,0.03045888014,0.03185791433,0.010748578,0.02906800869,-0.01671042999,0.0001749086069,0.002844491077,0.001340736811,-0.001985478763,-0.00211789649,0.01812757616,-0.02071821695,-0.00862411002,-0.00439892008,0.01065170613,0.01945428315,0.03497226534,0.03128899955,0.01107430497,0.01545645957,-0.01987171703,-0.005386430281,-0.001223688561,0.02469828893,0.024662372,0.01913196023,0.03266843086,-0.003406173199,-0.01552519415,-0.00950317785,0.008430243236,-0.001775107198,-0.0007193954108,0.0005931614382,-0.01311805914,0.002854826241,-0.01777870835,-0.009027173601,0.02727849439,0.02852612329,0.02780118071,0.01412659368,0.00549908431,0.01088924211,0.01068602123,0.01931713469,-0.02339363147,0.01373029305,-0.03559979507,-0.03447195585,-0.03051879958,0.01302044357,0.007354646106,0.001257876342,-0.002167617793,0.009966616265,-0.01708624117,-0.009105499584,0.02439439832,0.01244857471,0.01391462811,-0.004514527239,-0.02914808782,-0.02995752654,-0.03029613272,-0.01013799878,0.02023282677,0.006806538379,0.02493404639,0.00507992932,0.01845539973,0.02732414904,0.02398838125,0.0213049824,0.03678491481
2020-07-31,0.002581711659,0.01361316971,0.01362295256,0.01842878959,-0.004342524744,-0.006271197909,0.003458480731,-0.009773546829,0.02658561751,-0.00456602533,0.02937337307,0.01054561375,0.005931708328,0.03493452303,0.03411639003,-0.002226717455,-0.008680800754,0.003325838085,0.01029518024,0.0003781866821,0.004254826555,0.007681456338,-0.00268782922,0.001562251479,-0.002109607865,0.00359219998,-0.004113575614,0.001837323435,-0.00405301721,0.002914262759,0.03394499177,0.01121678604,0.03133919481,0.03375567233,0.02982755809,0.02590173702,0.03352421307,0.0005561620238,0.008406350154,0.008974686483,-0.002883360825,0.001631657732,0.001333256956,0.02513105683,-0.009174435305,-0.002311048503,0.003491305829,-0.0156187531,0.03673053473,0.02814199389,0.02858566522,0.0100026059,0.003821038767,-0.009041578532,-0.007947267784,-0.0007773099786,0.03131222673,0.03222031897,0.02005548866,0.03400516408,0.001529044631,-0.005625009524,-0.005873509099,0.01973153153,-0.007596434519,-0.008571921942,0.0006479600117,-0.006596423582,-0.0007039863386,0.009708947631,-0.00971175344,0.03462940095,0.0356559399,0.03548131775,0.008307154863,-0.02134207922,0.00796471051,0.008934111619,0.03668239461,-0.02125240875,0.02273376624,0.01808578587,-0.03130917696,-0.02559536822,0.01890595337,0.009379493465,-0.001398673942,-0.007204304424,0.01973153153,-0.01314613873,-0.001766293389,0.03061728965,0.01727802784,0.01696170097,0.01333695899,-0.02367170709,0.03214020913,-0.03129379344,-0.0002449238468,0.03775543218,0.007629394001,0.03090126893,-0.001620722698,0.01371015825,0.0346311942,0.02670886226,0.02457283297,0.03210535294
2020-08-31,-0.0007923467757,-0.002092480332,-0.003503314621,-0.00183300782,-0.00212442841,0.00161948004,-0.02168598678,-0.004009641779,0.00512034698,-0.0102416854,0.002571364349,-0.01151335019,-0.01673266452,-0.002345743654,-0.0002366912829,0.0005387707868,-0.004336829607,-0.002252756437,-0.00612488702,0.001921069681,0.006993935744,-0.01328856996,0.003069368235,-0.01095253458,-0.01031935967,-0.002177607789,-0.0121485459,-0.01967366031,-0.009611491168,-0.01439964829,-0.002787656834,0.01476509384,0.002560980463,-0.0002867952456,0.005564471617,-0.01004767568,-0.001565453316,-0.01800432901,0.01691893402,0.01281612989,-0.01086303963,-0.01409150309,-0.007244339678,-0.0076453262,-0.007907390623,-0.013348627,0.003317718459,0.01928453172,-0.01690313538,0.01089050318,0.009818808245,-0.0003452233181,-0.007791169774,-0.01314020336,0.0004461909794,-0.0003858442275,-0.002607287237,-0.00181474349,-0.006607781533,0.0004088696485,0.002339215891,0.01633233201,0.003803478077,-2.717803658e-05,-0.01314756939,-0.004762862603,0.009694737461,-0.0121138388,0.01254000445,0.01433969977,0.006093362908,0.003330952221,0.001478234181,0.000721866258,0.005630683154,-0.0113205003,-0.003148912876,-0.0005673889653,-0.01733832593,-0.008315297898,-0.01041961958,0.01159228402,-0.003686755718,-0.006107411864,-0.003514372751,0.002203441691,-0.0001942006442,9.248545186e-05,-2.717803658e-05,-0.004975906513,-0.008383581682,-0.004578811043,-0.0003865730195,0.001743161275,-0.01397159967,-0.0115881276,-0.002330904015,-0.00473768239,-0.008398202442,-0.01535122773,0.000426935317,-0.003846528367,0.00713743156,0.003900592309,-0.004669310413,-0.0007178726248,-0.000436323933,0.005599067198
2020-09-30,0.001052666058,-7.13568803e-05,-0.000264853251,-0.004907801334,-0.002249645871,-0.001947687829,-0.00400600147,-0.005132627786,-0.007001403268,-0.005420160068,-0.009368610731,0.003466147047,-0.002735479193,-0.01063234993,-0.01033823003,-0.004277075778,-0.004413673153,-0.003228786366,0.005214103333,-0.003985197468,0.004207433281,0.005816260533,0.005279247243,0.008688850661,0.008765728415,0.002106599127,-0.006756691925,-0.004591695613,-0.006428237336,-0.0002595427632,-0.010712244,0.004979286438,-0.008475066363,-0.01070222879,-0.009024344963,-0.01049203634,-0.01003090584,-0.002178458567,-0.00107097294,-0.0005120487507,0.004034656101,0.003630853533,0.002290953328,-0.006366676898,-0.005563754457,0.0003819524638,-0.00203581516,0.001374801783,-0.008986133109,-0.007808939065,-0.008956983238,-0.001535675364,-0.007412253643,0.00429674762,0.0006734548957,0.0002323830324,-0.008198267001,-0.007504784355,-0.007442057785,-0.009977328516,-0.001385797605,0.00484503352,-0.005641704949,-0.0002703451105,0.003466773177,0.005713693774,-0.001724822986,0.003970919526,-0.00550859347,-0.002253568461,-0.000499286561,-0.01043530412,-0.01033709203,-0.009960947578,0.0002414332679,0.00415857743,0.003363970041,-0.002961275553,-0.008666107173,0.00222295969,-0.005552348829,-0.008016342482,0.0008963775483,0.003790132687,-0.002737440511,0.001911941198,-0.001465216009,0.0009596647748,-0.0009175692477,0.001748989314,0.003636521282,-0.007451015742,-0.001640976762,-0.001381250112,-0.0006121784377,-0.001386253315,-0.01110520151,-0.003051770269,-0.00637999674,-0.01002868397,0.0008573308958,-0.005644741113,0.002222623525,0.000444763985,-0.01006941729,-0.007124693215,-0.003669734409,-0.00925512924
2020-10-31,0.001696295418,0.005659103136,0.005078580397,0.01246618653,0.0004490161234,-0.0001618866764,0.001407842222,-0.003904404475,0.01688546991,-0.004459537643,0.01555818778,0.008626155235,0.001023207664,0.01780840606,0.01793622195,-0.003367569842,-0.002781307686,-0.002334341481,0.004845900847,-0.003777603554,0.002430173253,0.006191546874,-0.008950298795,9.87622902e-05,-0.0002733295821,0.002077320265,-0.004984076166,-7.903524558e-05,-0.006118727213,0.005964491936,0.01797948517,0.001304232634,0.01634654801,0.01762678463,0.01613150288,0.01354532113,0.01717353292,0.00122289556,-0.004554863424,-0.001242320855,0.004891371853,0.007704687785,-0.001414206172,0.01317407265,-0.005175192786,-0.008855496834,-0.005066415515,-0.008787402131,0.01766482466,0.01739396099,0.01700600576,0.006814091495,0.01615470159,-0.01650119058,-0.0003421550118,0.001019140549,0.01592643377,0.01680584695,0.01744033903,0.01933741836,-0.0001641297746,0.002001425167,-0.005954418077,0.002230218839,-0.0006156942409,-0.001493765244,-0.0005618319888,0.000955072508,0.0004532620343,0.003580912477,-0.002393796542,0.01900310797,0.01923168465,0.01934541364,0.003515953457,-0.009146390048,-0.008579937949,0.0005158552416,0.01739099675,-0.007131986025,0.001632861594,0.01158326496,0.01049246863,-0.01539588515,0.008707799293,0.003828479271,0.005077285835,0.001219729768,0.002985197108,0.002544485185,0.002527321513,0.0179251644,0.00979801138,0.009235515765,0.0007217252774,-0.005595174777,0.01684352598,0.01378135227,0.001856262691,0.01826504189,0.007425886821,0.01852133655,0.001320754829,0.007304034491,0.02119884626,0.01661881186,0.01316698439,0.02040135442
2020-11-30,0.0009243120385,0.01132903823,0.01077938458,0.04029044046,0.005492334534,0.00523808552,0.002677063477,-0.0003676777466,0.04647871097,-0.006720931598,0.04343570719,0.008896781903,0.001933475989,0.04834775198,0.04912941688,-0.004458393941,-0.007117125674,-0.001834168274,0.005038571013,-0.003764680593,0.00323781734,0.005279886083,-0.00936955288,-0.007876965413,-0.01207047357,0.007483999518,-0.007665574049,0.0007526000723,-0.008323679954,0.009625068333,0.04799599599,0.00156756769,0.04574286972,0.0485582911,0.04633816801,0.03358885394,0.04721730311,-0.003346094217,-0.00134639359,0.00130940379,0.002541440374,0.01083913265,-0.007192122609,0.02763317302,-0.01118636293,-0.02562561003,-0.006752769973,-0.0129853412,0.04759632056,0.04963283648,0.04411258065,0.02684193282,0.04176458233,-0.04012402758,-0.0004256280239,0.003876883722,0.04130958718,0.04368495086,0.04693748305,0.04936062825,-0.01125579465,-0.007427667677,-0.007902273686,0.01283381941,-0.01045463375,-0.01058737188,-0.0035159654,-0.01129299655,-0.006272641703,-0.000976085471,-0.002228661973,0.0495594122,0.05042587848,0.04880552077,0.009307546018,-0.01471030772,-0.02599959654,0.009845934666,0.04683186047,-0.03281617009,-0.03430535751,-0.01601378531,0.02427740027,-0.04305596087,0.02586005838,-0.005307270786,0.00136273329,0.0001655406115,0.01283381941,-0.006155764435,-0.0002580935605,0.04882618643,0.02189203513,0.02195962903,0.03596276081,-0.02422211536,-0.03564860967,0.04224152523,0.0096241498,0.04903751204,0.0121218723,0.04308991787,0.001303154271,0.01511354656,0.05206449659,0.03687856727,0.02771768933,0.05470319846
2020-12-31,0.000310789342,0.003299135832,0.00284615334,0.01494604828,-0.0005312997626,-0.0002559656675,-0.01359902615,0.008110464532,0.01431977868,-0.008865144344,0.02107081889,0.0004704801643,-0.01084078581,0.01862712754,0.02008954057,-0.003916140633,-0.001942780877,-0.006766755752,-0.002498420443,-0.004019009874,0.009853682806,-0.008526462003,0.001767524151,-0.01176818597,-0.01364785783,-0.003609088444,-0.005891320001,-0.01471746398,-0.003688292718,-0.005502313586,0.01835742229,-0.002253474057,0.02078236251,0.02020468205,0.02176769919,0.01006705446,0.01885843723,-0.008005384988,0.007379235353,0.002688259946,-0.007441358622,-0.005184777571,-0.01140913199,0.006645767383,-0.004032538592,-0.0004158109804,0.003531758124,0.0002882730195,0.009979397473,0.02496334033,0.02360535211,0.01021331466,0.008483503585,-0.009541285936,-0.0006315986475,0.002878678569,0.01552916957,0.01390288209,0.0109803392,0.02239222403,-0.0009881391245,-0.0003270754562,0.000473327091,0.009080056479,-0.009123584682,-0.0148902455,-0.005094446952,-0.01018895494,0.002356480322,-0.004735944529,0.001875284656,0.02572513716,0.02401440188,0.02143585553,0.004037744118,-0.01686134051,-0.02014023402,0.0005301723638,0.009541272362,-0.01627414594,-0.02031504861,0.001335334764,0.01401273959,-0.01612780136,0.006733677904,0.001046608725,-0.001186942308,0.0007531379091,0.009080056479,-4.608655278e-05,0.008867118852,0.01422163668,0.006352164157,0.007691179178,0.01629924766,-0.01801488882,0.007369250663,0.01759247559,-0.002554843679,0.01196136862,0.006054307427,0.0161368221,0.003770608974,0.009505925696,0.01920818432,0.01661143633,0.008516964298,0.02230571703
2021-01-31,0.006761910006,0.002980088926,0.001207662766,-0.008415506152,-0.008523332408,-0.007636199132,-0.009819009473,0.007916142615,-0.004455070131,-0.001314433708,8.380053776e-05,-0.005042283917,-0.006706055184,-0.002391631539,-0.001390618787,0.004231284446,0.009691656235,-0.001523352386,-0.007158729221,0.001730049375,0.004827874343,-0.004961746818,0.003624482605,-0.004192087587,-0.00648901272,0.005168755669,9.930207997e-05,-0.01071445744,0.002337462909,-0.0126047332,-0.002294548872,0.001722987748,-0.0001882404181,-0.001226191804,0.001330147318,-0.005639250403,-0.00156432657,-0.009311655806,0.00999159255,0.008220494521,-0.01187792878,-0.01176625707,-0.003679209919,-0.005645385128,0.005516469687,-0.005250139791,0.002399467855,0.00406191212,-0.0123583096,0.0004153108128,0.003080883456,-0.006580870707,-0.0132057472,0.001849864289,-0.0004091377766,0.002095469528,-0.004237722143,-0.007181360162,-0.01181996923,-0.001189438998,0.006369914563,-0.0120742743,-0.008420302992,-0.005486466833,-0.00140157112,-0.00235625058,0.0003239412109,0.001017528091,-0.001584220758,-0.0005919426623,0.00326074779,0.001819050196,0.0006375267765,-0.0002624491441,0.005759341578,-0.004116135901,-0.005575126453,-0.002491947646,-0.01242472686,-0.002624125285,0.002988598207,-0.009358224463,-0.006111905855,-0.005328495374,0.003628992903,0.00767607278,7.898225351e-05,0.002205012873,-0.005486466833,0.006123131097,0.006150774063,-0.009766545358,0.0009347822281,0.001631383836,0.001836750299,-0.005721534488,-0.002197833887,-0.002101407055,-0.010875238,-0.01222142005,-0.0003711738412,-0.005235102985,0.003693433919,0.0006010227933,-0.004607954414,-0.003386217948,0.001330040199,-0.003824351439
2021-02-28,0.004852250647,0.0001056758871,-0.0005520179693,0.001987795056,0.0002626077792,4.633633887e-05,-0.007751480973,0.0028079817,0.005705818971,-0.004143864335,0.007705521491,-0.002477076855,-0.006825618933,0.004010378806,0.005721991385,-0.001807727236,-0.001846379902,-0.002276963642,-0.006715413542,-0.0004021873099,0.00563824635,-0.005616837838,0.003243505328,-0.006241590668,-0.007212081,-0.006267527205,-0.001704104927,-0.008085018258,0.0005675609022,-0.004365201757,0.004758844402,-0.002095947376,0.00634746147,0.005701904343,0.007165062751,0.0004498636718,0.004407198496,-0.002208636261,0.008712579436,0.005219435993,-0.006850851102,-0.006109516853,-0.00978696646,-0.003437759891,-0.000483000337,-0.003846555274,0.00383432588,0.0007142322415,-0.004831316427,0.009022904828,0.01021755659,0.003270974491,-0.005094507802,0.002929489904,-0.00422339009,0.002322804757,0.00208186665,-0.001360574826,-0.004854865715,0.005763402237,-0.0008569806499,0.0006612906335,0.004484707051,0.005894944812,-0.005201632883,-0.007989238644,-0.002503286141,-0.00234162452,0.008152696759,0.008045770441,0.00158528688,0.008059006525,0.006343281781,0.005080943765,0.003744421024,-0.008303667035,-0.009996375648,0.0005810030922,-0.005246482051,-0.009581746311,-0.00776251897,0.002353317862,0.006107025347,0.00525881187,-0.002024165829,-0.000808266195,-0.002626200127,-0.003853594547,0.005498318436,0.002423283717,0.005309382626,-0.00164955386,0.003071719565,0.003213005639,0.006324113128,0.002096328201,0.004814050909,0.005348380064,-0.002580277684,-0.004062341559,0.001587985685,0.001570428254,0.003392162629,0.002803152892,0.003936214754,0.003681083011,-8.635549385e-05,0.004423523171
2021-03-31,-0.0004254776224,0.003467535457,0.003553524809,0.01528254237,0.007305549345,0.006975777938,0.00246223523,-0.0002007289967,0.009523783281,-0.002574399059,0.0105145232,0.005106844089,0.000325264093,0.01165993668,0.01239086377,-0.00604725497,-0.008497064185,-0.003297890602,0.006115209125,-0.004428093827,8.985202294e-05,0.002325293243,-0.001223805876,0.001502323449,0.0009567251164,-0.003817452192,-0.002403771154,0.001878843947,-0.003471878853,0.008491443129,0.01206311838,-0.004591274819,0.009791914643,0.01166002102,0.009564431064,0.008740609438,0.01145574051,0.004099480012,-0.003443773733,-0.00373059108,0.00740895818,0.008559104862,-0.0005030396788,0.007794516533,-0.005884629385,-0.002464999888,-0.002592369893,-0.00340104013,0.01720000571,0.01780970728,0.01200159704,0.0104130733,0.01516356656,-0.005674783106,-0.004960766473,0.00419061095,0.01399254566,0.01467331275,0.01559957044,0.01349639692,0.005119611866,0.00370728902,0.01048367998,0.0005766118568,0.001107215733,-0.005063631217,-0.004724913507,-0.001257347448,-0.002535005275,0.002442118104,0.0008717877166,0.01543187796,0.01460733897,0.01241181367,0.002261800492,0.004715081861,-0.005115852627,0.001405027349,0.01691654538,0.003649907659,-0.003207445326,0.002930660607,0.01336502477,0.01208720181,0.003548515881,-0.001518206175,0.001821482,-0.005216168875,0.001649260097,0.003517194458,-0.0009851408283,0.01771552731,0.006694976297,0.006735483222,-0.006611954479,0.007179936308,0.008001539218,0.01080302541,0.003062962125,0.01767987089,0.009086323674,0.01675302067,0.004015160155,0.009251803122,0.01674905261,0.01038237783,0.008572207031,0.01898041329
2021-04-30,0.003197006395,0.002109218705,0.001289495085,-0.003029333971,-0.003921171109,-0.003274276644,-0.005085627344,0.003344553541,0.0004241669564,-0.0009907209849,0.002766116856,-0.001372097978,-0.004337097738,0.00097695509,0.001250987825,-0.000828386204,0.0006947158892,-0.00229151316,-0.002012018495,-0.0009666427739,0.004313005686,3.967024223e-05,0.003012185371,-0.001092110425,-0.001377389304,0.0006192171476,-0.0009143017022,-0.004715217853,-0.000126342696,-0.005618740681,0.0009299210076,0.0005074233427,0.00276017957,0.001456020562,0.003099407808,-0.001250822386,0.001343947518,-0.005602700043,0.001989518852,0.0001489337308,-0.003684552221,-0.005456646805,-0.001203893546,-0.0001707776735,0.00012216365,0.003296728629,-0.001114375239,-0.001028651764,-0.003272298688,0.0003299123251,0.001828873616,-0.001741548803,-0.00265662227,-1.227423071e-05,-0.00200299955,0.001233544269,0.001333681312,0.0008802355619,-0.002557262593,0.00121985762,0.004545945258,0.004965256242,0.0003245267764,0.002728404906,-0.002392336149,-0.002382134701,-0.003729350601,0.003798409337,0.003892732933,0.004261565729,0.0003643916339,0.002638620827,0.001846143219,0.001383132336,0.00246549875,-0.004325878183,-0.003690657554,-0.002329883743,-0.003319811499,-0.001050873807,-0.0009862183025,0.005481903978,-6.794170735e-06,0.002193751332,0.003259398701,0.002390910129,-0.0004861823226,-0.00217902815,0.001872487382,-0.000746163734,0.0001726872461,-0.002012044996,0.001292064613,0.0009988416447,-0.004849889592,-0.0008796174219,-0.003426538323,0.0002655034197,-0.003944238821,-0.002741475989,0.0004716923681,-0.0008873271271,0.002208405263,0.001228467656,-0.001040856558,-2.292901805e-05,0.002519354965,-0.0009746190385
2021-05-31,-0.00108294993,0.001385410063,0.001380358882,0.006152047786,0.002322730998,0.002294752009,0.0007628905661,-0.002260016051,0.005173681458,-0.0003767649263,0.005787421668,-0.001064613776,0.0008190888628,0.007525134179,0.007434082362,-0.0001826597359,-0.002676890265,0.001597674797,0.0002003945863,0.0018101462,-0.002093655629,-0.001364992766,0.0005567220947,-0.00227221267,-0.002575761666,-0.005359005296,0.0007643947056,0.0005115949579,0.0006686374821,0.002963124886,0.007121852478,-0.002320581829,0.005684060375,0.007304480716,0.006507081145,0.005687995342,0.007181346423,0.002331264564,0.001724087297,0.0009054762465,-0.001252388259,0.001541463527,-0.002639930719,0.004017057843,-0.0008870296618,0.003190581889,0.003120519559,-0.0008343701157,0.008511989161,0.007872720503,0.006165526386,0.003315658726,0.007906328559,0.0003187498124,8.529303277e-05,1.432054485e-05,0.006354604512,0.008006278356,0.008166167817,0.006822459939,0.003638958199,0.00363685971,0.005449977405,0.003344477316,-0.002249876991,-0.003197594723,-0.002802366673,0.002326877539,0.002643015889,0.005079999791,3.477922285e-05,0.007684798203,0.007214623844,0.006894213168,0.001094051799,0.001109520211,-0.002039549147,-0.001772965879,0.008254513849,0.006465342248,0.002988167258,0.005775707273,0.0075329658,0.00612251737,0.001641457509,-0.0005190080051,0.001106883588,0.0001025325322,0.003344477316,-0.004580016483,-0.0009662004731,0.008666691256,0.003541487848,0.003802750264,-0.002313640828,0.006338820894,0.006647499472,0.007102109537,0.001918165046,0.008548157633,0.002114814018,0.007359840983,-8.738316816e-05,0.002086494302,0.007773098982,0.006400699223,0.004824872797,0.009150276557
2021-06-30,-0.0007706448311,0.005261611903,0.005674277364,0.01198961021,0.002827672698,0.002437063329,0.005332826845,-0.005467637844,0.007119460793,-0.001138198808,0.007857521542,0.003435157282,0.005819148014,0.01492999807,0.01476175685,-0.003081810921,-0.005911175199,-4.632819862e-05,0.007091240587,-0.001080885366,-0.006261631788,0.001120565106,-0.001083873188,-0.000992551927,-0.001101603829,-0.01594058955,-0.001728344257,0.004389834105,-0.002754293096,0.007886360854,0.01399218309,-0.00225103618,0.0088540822,0.01431547109,0.01218032359,0.0128423552,0.01427664845,0.001781765789,-0.001675259446,-0.001661873189,0.003342630095,0.007920366332,0.0001773135907,0.01074098505,-0.004762804388,-0.01276302872,0.0009911754907,-0.005093700219,0.01869913562,0.01432307447,0.01133328963,0.005165451087,0.01728207362,-0.005289127454,-0.001037872765,-0.003920412169,0.01407811427,0.0157836042,0.01773926409,0.01148654311,0.002337620298,0.003283512155,-0.001681788737,-0.006053429879,0.002601348431,0.001571477648,0.001620240378,6.233263859e-05,-0.002834119535,0.003105195437,-0.0009829116002,0.01262396281,0.01334875683,0.01347337619,0.0001503082086,0.009050596638,0.006302044707,0.001141165382,0.01854887258,0.01301642694,0.00938676936,0.007464243228,-2.892504598e-05,0.01237932538,0.00496851341,-0.0006029585929,0.002289770973,-0.002219645143,-0.002459528122,-0.009108369563,-0.006279644743,0.01782900052,0.006880521274,0.006840184676,0.004582204879,0.01352633259,0.01075969882,0.009801015661,0.003696285877,0.01831350175,0.004276582369,0.01407252984,-0.0008830569702,0.004613537032,0.0143384422,0.01184211431,0.01086479248,0.01710752918
2021-07-31,-0.0001978328431,-0.0005111427174,-0.0008695695587,-0.005571256648,-0.004487083598,-0.00427731942,-0.001419218796,0.002608253922,-0.00323834483,0.002264807485,-0.0035139327,-0.0004937121649,-0.001079337564,-0.005444505849,-0.005623214568,0.001676546558,0.003328962109,-0.0002195478734,-0.001733273818,-0.0001312958668,0.002344228757,0.001806921578,0.002614881524,0.001855971839,0.001856761577,-0.003533190522,0.001488066109,-0.001897949158,0.001706027612,-0.005728836707,-0.004784171445,0.0004632039745,-0.003059060175,-0.00527928075,-0.004573011133,-0.004979512263,-0.005119081688,-0.002126660221,0.0002955263949,0.0006180547129,-0.00140314613,-0.004136802971,0.001824023366,-0.003514937731,0.002660701833,-0.003792813635,-0.003594549058,0.003333738204,-0.007070131454,-0.005864312545,-0.005256292324,-0.00336300248,-0.00642462773,-0.0005875643186,0.001211451077,-0.002681503632,-0.004886589748,-0.005539504707,-0.006281097522,-0.004151285366,-0.0006734213042,0.001634884502,0.0004964676766,-0.00275849122,0.000891988927,0.0001930233192,0.0001083376362,0.0001684476416,-0.0009487861115,2.590608939e-05,0.0006267691491,-0.005386248286,-0.005132114501,-0.004841832301,-0.0004201167949,-0.003104630379,-0.003515668705,0.000251119116,-0.00695224472,-0.005245441941,-0.005124494764,-0.0002299795552,-0.0008007764304,-0.005656693195,0.0001298105217,0.002014956186,0.0002677390769,0.001716449143,-0.00275849122,-0.003114391448,-0.00472163799,-0.007084906875,-0.001196565758,-0.001116604079,-0.005157495765,-0.005108506642,-0.00419556925,-0.00438469571,-0.00396933288,-0.007181329098,-0.002447342451,-0.006442335325,-0.0002964792659,-0.002725665236,-0.006241677587,-0.005317381451,-0.003065052865,-0.00681148674
2021-08-31,0.0001181576574,-0.001559711172,-0.001361344768,8.071454793e-05,0.001391538146,0.001226160922,-0.002288145111,0.0008654077271,0.002097275346,-0.001201853282,0.001414169855,-0.001119787585,-0.002499400733,4.81867716e-05,0.0003694432203,-0.00122089761,-0.001353865807,-0.0007432579925,-0.0006743827824,-0.000354945623,0.002061084235,-0.0006898302677,0.001044663029,-0.0006026849029,-0.0008773805332,-0.002875858162,-0.0008716470173,-0.0009719730584,-0.0005457226497,-0.0004440332121,0.0005300476875,0.0006593613849,0.0004097229124,0.0002887418226,0.0005381539458,-0.001318480961,7.354196989e-05,-0.000649163263,0.001737081465,0.0008601620037,-0.003053225348,-0.0002804603365,-0.004580675458,-0.002449966729,-0.0005676415457,-0.002603857778,-0.0003297084196,0.0003190152176,-0.001074468641,0.00259686908,0.002144983959,0.0009087283897,-0.002390331001,-0.001294302221,0.0005033779881,-0.0005187583529,-0.000904980345,-0.001302924194,-0.00208331077,0.0006074737408,0.001985185726,-0.001789067449,-0.0002919252661,-0.0008516534707,-0.0001520226932,-0.0002850123514,-0.0005856227448,0.001475050406,-0.0005553142419,-0.0009114589075,0.0004945531446,0.001589963699,0.0007819925416,0.0002153749621,-0.000504441056,-0.0001772614837,-0.0002081815974,5.061222033e-05,-0.001290949029,0.0006036684819,0.000992204333,-0.001380279812,-0.0002105511433,0.0007639099493,-0.001548359492,0.0002851812331,-0.0008792958657,-0.0002675438494,-0.0008516534707,-0.001080973763,-0.001487291169,-0.001169094754,0.0005400597344,0.0004624272369,-0.001596556641,0.0003695528792,0.000162354978,0.0003825097577,0.0001022911157,-0.0009420417053,0.001680487072,0.001047951456,0.002242896525,0.001904952475,0.0005604753502,0.0008801750789,-0.001643612057,0.001270229701
2021-09-30,0.002206895814,-0.000446505391,-0.0008531585998,-0.001258296383,-0.0006092851104,-0.0008395915283,-0.002879561216,0.001712101506,0.002232840309,0.0009312457155,0.003016546192,-0.004396425981,-0.003906975071,-0.0001897265915,0.0004072890102,0.001630116252,0.0003861722644,0.001527516687,-0.003774869603,0.002952727622,0.00262863687,-0.0002249021791,0.002136870859,-0.0006164969063,-0.00129862316,-0.000120127702,0.001990680821,-0.001730625093,0.002270741643,-0.00267291262,0.001294397719,-0.001548626348,0.00130401833,0.0004197094219,0.0005729666761,-0.001124899865,8.236515507e-05,-0.0005110170854,0.002978371618,0.002545395112,-0.004508675856,-0.003440680359,-0.004072056554,-0.002570607158,0.00288375614,-0.002252069852,0.00126102755,-0.0001251894397,-0.004026593724,0.001561995982,0.00315760271,0.000457665024,-0.003810307541,-0.0008555325813,-0.001187916653,-0.0001092560418,-0.00110028463,-0.002767377581,-0.003799064313,0.001409640069,4.618841216e-05,-0.004088725015,-0.00411941849,0.002140445738,0.0008211569919,-0.001218695664,-0.001904743161,0.002782890191,0.0005192899626,0.001596488043,0.001193231446,0.002358153263,0.001864923347,0.0009266111962,0.001129946291,-0.0004657744007,-0.002128379928,-0.002719844843,-0.004215898245,0.0005687142021,0.001392467053,-0.004424649258,-0.002211410417,0.00323079865,-0.001186859168,0.0006494772397,-0.0003600314589,-0.001313598189,0.0007827533579,-0.0003104639531,-0.0003562212686,-0.003296572131,0.001366341527,0.001411973146,0.0003940379348,0.0007164646932,0.0006405791643,0.001023939534,-0.001553277991,-0.003530246185,0.0001422067403,-0.001143682428,0.002028569076,0.001353611623,-0.0002128865205,0.001005364235,-0.002062804587,-0.0004017470999
2021-10-31,0.0008269165368,0.008514158245,0.008444002056,0.01199135019,0.004190649602,0.00445789707,0.00577205567,-0.007883717835,0.006681255374,-0.003938337705,0.006030020538,0.006644041316,0.006675791576,0.01527016619,0.01421694559,-0.003758039141,-0.007280661788,-0.0003352118563,0.008137947872,-0.003185908729,-0.007285422234,-0.000296915006,-0.004179343229,-0.001951995022,-0.00236278856,-0.01029594393,-0.00383695297,0.0037283857,-0.004727468508,0.01043641471,0.01265055205,-0.001338824429,0.006813142555,0.01413245556,0.01245710318,0.01306535319,0.01462553836,0.002940106954,-0.00522772845,-0.004147157138,0.008005348034,0.009250075029,0.005661533852,0.01473408539,-0.006566222897,-0.00164989546,0.002134274605,-0.008436394899,0.02119768267,0.01276449368,0.01165465607,0.00333962631,0.02021542689,-0.008834794015,0.0002499316953,-0.004734484953,0.01663786958,0.01970858207,0.02000434334,0.01166851281,0.0111693314,-0.003638158353,0.003670004779,0.001964719971,-0.0007769300116,0.0008745895006,-0.00452599952,0.002836166813,-0.004442502003,-0.005592830182,-0.0003705273771,0.01401964851,0.01516881196,0.01423502214,0.001582830721,0.009805072243,0.009337461518,0.0003985648818,0.02105540239,0.01395652568,0.01103472403,-0.008655005885,0.01062346864,0.004801462065,0.009003107161,0.001355677012,0.003414592845,0.002146504905,0.002745654891,0.004761358676,-0.003759386943,0.02059397138,0.005520251888,0.005558213504,0.001401718702,0.01170875037,-0.003043266178,0.006164675235,0.001456153439,0.021242609,0.005696841304,0.01601339519,1.386361387e-05,0.005865957373,0.01574912959,0.01378994833,0.01490099945,0.01712416222
2021-11-30,-0.001579384771,-0.003116501978,-0.002520205986,-0.008672963965,-0.002314763842,-0.002159532866,6.952214088e-05,0.00359913289,-0.008496778428,0.003087918008,-0.007956918071,-0.001714024068,6.35978366e-06,-0.01305328258,-0.01281911765,0.001279923807,0.005903828422,-0.0006858493971,-0.00117209377,0.0002839358399,0.002353323101,0.003053129575,0.002061305486,0.004475611606,0.005009530302,-0.00552188922,0.0008362804166,0.001325119095,0.001112703526,-0.004299478655,-0.01176285731,0.001513753072,-0.006786010318,-0.0130664017,-0.01204916266,-0.009972096525,-0.01281949916,-0.003258513287,0.0003476188089,0.000464537807,0.001565423426,-0.002256577494,0.002788200029,-0.008337257773,0.002492282193,0.003987386672,-0.006813027592,0.004486464553,-0.01235826754,-0.01140393407,-0.01238690172,-0.003509722564,-0.01113588387,-0.004295958282,0.0001722031077,-0.004527256558,-0.01147154042,-0.01102548254,-0.01116214286,-0.01013967401,-0.006739511469,0.0003036004456,0.0004318302103,0.0008446761904,-0.001829870359,0.001072743001,0.004927084204,-0.00541677842,-0.002569293846,-0.00204204216,0.0001051827462,-0.01341879017,-0.01373153646,-0.01244061121,-0.001194517971,-0.006579388787,-0.005784481267,0.0008143535581,-0.01217547368,-0.01284507937,-0.01206594435,-0.001101899051,-0.006731211563,-0.01051392744,-0.00793334824,-0.0006333263662,-0.001580545791,-9.403783569e-05,-0.0005925522166,-0.01063312537,-0.01049451938,-0.01221275169,-0.003900235872,-0.003804021699,-0.009489593302,-0.01182516685,-0.005534464929,-0.007983257147,-0.001490718205,-0.01325440339,-0.003470014854,-0.01131806819,0.0007012826527,-0.004420162021,-0.01241511775,-0.011867002,-0.008106782511,-0.01369562873
2021-12-31,-0.002741803684,-0.004444175715,-0.003946423283,0.003607918333,0.001690109764,0.00144189141,-0.006339482399,0.001501633972,0.00597193013,0.001010052583,0.005527814259,-0.006274003833,-0.007892023034,0.003134849658,0.004291428351,0.0005324865327,-0.001779289256,0.0006087830937,-0.008278506018,0.003621997241,0.002976050822,-0.007797551388,-0.003178023477,-0.007883213823,-0.007377031162,-0.007278811879,0.002356787015,-0.003990683265,0.003206184053,-0.001634516069,0.00350888594,-0.001378424105,1.546083385e-05,0.00427278817,0.004871795997,0.001210883556,0.003739047098,0.0004515867476,0.003661291678,0.002128320267,0.001148470011,-0.003667177016,-0.008542215332,-0.00278276752,0.003837579896,-0.007471750299,-0.002078874173,0.005130526664,-0.001760522037,0.005605514786,0.006727014696,0.004575127505,-0.002009246363,-0.001151530351,0.00222708257,0.0002479640694,-0.0008034088354,-0.002155716153,-0.002035209945,0.002482647839,0.004884849084,-0.002369178846,-0.004342403892,-0.004236778983,0.002194018933,-0.001640897665,-0.003005066571,0.005142820318,-0.002122750506,0.003730333685,0.002128751965,0.005033238099,0.003565156312,0.00303336313,-0.00216291443,0.0008088839774,0.0006568876452,-0.0007304877745,-0.001866031692,0.005174317801,0.006650616881,-0.0008713203309,-0.002123109702,0.002759259418,-0.005919400416,-0.002241506926,-0.0006723155688,0.001665739673,-0.004019295849,-0.001617377357,-0.003046010145,-0.0001364938094,-0.001364321763,-0.001412431451,-0.003640475928,0.002074855015,0.002579666804,0.001356433111,0.003218559312,-0.0002836885698,0.003834735399,0.002996338504,0.004202880308,0.003633372845,0.003509248513,0.00465849508,-0.004834283147,0.004985224705
2022-01-31,0.003289413578,-0.006656831597,-0.007538111494,-0.01955731138,-0.008354159185,-0.008026748291,-0.008121361438,0.009687148802,-0.006553753841,0.002797805269,-0.002843623638,-0.005903929741,-0.01103259844,-0.01738454646,-0.01646032648,0.002913850484,0.00523353986,-0.0002892354735,-0.01304083484,0.003691637394,0.01049501128,-0.002677339954,0.004158913079,-0.0006942770064,-0.00117442223,-0.002280765043,0.004351650674,-0.004451961734,0.004401191201,-0.01477685535,-0.011062498,-0.002936910366,-0.00607437515,-0.01638333853,-0.01393810392,-0.01611654638,-0.01692082458,-0.007577481258,0.003881374663,0.004349152108,-0.003401277046,-0.01449119436,-0.004964776472,-0.01595014666,0.00984503522,-0.01634293692,-0.002094031135,0.007770377863,-0.02663050431,-0.0158360128,-0.01488126973,-0.009923783753,-0.02399730396,0.000268773082,-0.0002474813846,0.006821077576,-0.01848369262,-0.02331142351,-0.02499532617,-0.01111749986,-0.000866394536,-0.01104643951,0.00177866694,-0.0158624701,0.00212478182,-0.0006051052504,-0.002309208558,0.005404001531,0.001686241304,-0.002187773903,0.000966234583,-0.01277896444,-0.01386914344,-0.01314312851,-0.0003114200419,-0.005328993209,-0.01290268416,-0.008924450236,-0.02665130256,-0.004573277716,0.003132570736,-0.01201088838,0.002522582116,-0.009472142156,-0.009761696857,0.0006843958915,-0.0009542091593,-0.0002789830141,-0.0158624701,0.002776691098,0.009118674133,-0.02504785401,-0.007888712923,-0.007111620098,0.005994667821,-0.007607514258,0.001781465457,-0.002673094331,-0.009206691211,-0.02637156063,-0.00467704155,-0.018823165,0.005569349163,-0.002790814093,-0.01900740912,-0.01674761793,-0.01408144355,-0.02143005312
2022-02-28,-0.003576037442,-0.01309334244,-0.01177306347,-0.01193335935,-0.003811672864,-0.003050329526,-0.008422028633,0.01059223182,-0.009359986615,0.0006307795127,-0.01106883537,-0.001701481454,-0.008421345222,-0.02483567134,-0.02366498209,0.003649746866,0.00636079877,0.001515677585,-0.008935300968,0.004163822299,0.004755756096,-0.007608828533,-0.001435656664,-0.003903246683,-0.003234562339,-0.00299296992,0.002116774921,-0.001590740772,0.001684200884,-0.01114436242,-0.02217388849,-0.001526040627,-0.0171613976,-0.02347120141,-0.02024008676,-0.0195938357,-0.02377581274,-0.006592416998,0.004773067469,0.003595051277,-0.005025829375,-0.01166509169,-0.006364548027,-0.02159384167,0.006433018872,-0.01952327128,0.000363026745,0.009251663157,-0.03084095458,-0.02411347015,-0.02238738177,-0.001479220668,-0.02592661009,-0.001640448713,0.005027591528,-0.001496886441,-0.02714826247,-0.02876702332,-0.02645495755,-0.02174296024,0.0007073233662,0.01467536112,0.00727211831,-0.01661574791,-0.003497558281,-0.003865356924,-2.614705497e-05,-0.001431403648,0.0009569122462,0.006071265294,0.001055034904,-0.02218936237,-0.02370674939,-0.02281513699,-0.003803055373,-0.01575250278,-0.01718086122,-0.007031826713,-0.03065595777,-0.01428822323,-0.01949536603,0.01648716845,-0.0005899382979,-0.01492923077,-0.01870115716,-0.01107674324,-0.0006592392939,0.003903874034,-0.01661574791,-0.02181631523,0.002608655822,-0.02822379327,-0.01339717869,-0.01312012536,0.02077599751,-0.01593252812,-0.0008593453192,-0.01203719251,0.001496181463,-0.03111282183,-0.004446504998,-0.02402990893,0.005903961313,-0.00416457643,-0.02753204613,-0.02504546761,-0.02372301544,-0.0288501524
2022-03-31,0.002912000269,0.007451764225,0.007486986694,0.01801386597,0.01217850617,0.01126623397,0.007752443233,-0.01428924745,0.007520588253,-0.001620454204,0.004322633593,-0.0009019361385,0.009888714034,0.02036511777,0.01940064801,-0.001046217322,-0.006195914857,0.002519997351,0.0109515952,0.0003521475143,-0.01112161306,-0.003992429559,-0.006937456993,-0.004447238488,-0.003969708101,-0.01311663723,-0.003866848203,0.002218076746,-0.002535774351,0.01659475564,0.0170311875,-0.002986742885,0.01347282746,0.0187954924,0.01529449603,0.01535322623,0.01940421747,0.01145447729,-0.005210835027,-0.004247700591,0.006710891602,0.01465492142,0.006820147472,0.01850370937,-0.009259458516,-0.006288345652,-0.0006715949297,-0.002177666603,0.02816500701,0.01672194519,0.01509384049,0.009917911722,0.02385393843,0.00192157751,-0.005824558158,0.007747053486,0.02069311456,0.02368799196,0.02414755521,0.01643573384,0.007263863405,-0.0114479805,-0.003618963821,0.00933136155,0.001156926363,-0.001371203467,-0.00345711602,-0.0005045323105,-0.008939046503,-0.00408144161,-0.0004982058983,0.01377326883,0.01581882675,0.01590355822,0.003343812556,0.01162218502,0.0104575067,0.005162550662,0.02807984146,0.003021466292,0.01720350597,-0.01892428652,-0.01500913665,-0.01065201602,0.007775225411,-0.00105798515,0.00124292349,-0.007917695629,0.00933136155,0.02007015234,0.003920607885,0.02633308338,0.005117097332,0.005287873298,-0.02503155346,-0.001526324067,-0.01586716343,-0.01306694929,0.0060828443,0.02777712539,0.005325175299,0.02206354411,-0.0008375464025,0.006225044249,0.02606072463,0.0216237938,0.01572308721,0.0209694286
2022-04-30,0.001561451679,-0.007770004291,-0.008514740823,-0.02611668079,-0.01372425651,-0.01301017362,-0.009656858129,0.01574232172,-0.002181621503,-0.001852518718,-0.00546068837,-0.004991426913,-0.01380667388,-0.02934256213,-0.02852609636,0.0002876585997,0.005410308601,-0.003118125118,-0.01327602018,0.001205017799,0.01638147963,0.0001279801653,0.008503385747,0.009862798447,0.009055768935,0.01367957326,0.002704049323,-0.009823693017,0.002847443022,-0.01897738348,-0.0244012995,-0.004297054339,-0.01398665984,-0.0280026955,-0.02297070823,-0.02114994864,-0.02806164852,-0.01597202008,0.0007818113811,0.003210878256,-0.006613423528,-0.01987926145,0.0005106080137,-0.02390762554,0.01225545783,0.03305123976,-0.0004098113354,0.0006756814922,-0.03590091225,-0.02203182214,-0.02348164594,-0.01234704091,-0.03507731879,-0.01272310159,-0.0002879474822,-0.004296362579,-0.02434218172,-0.0316682747,-0.03531053458,-0.02065820257,0.010239995,0.01745914433,0.01267695188,0.007498681802,-0.002453090123,-0.0007919201706,-0.0008621781729,0.007190564682,0.009509034999,0.01414121102,-0.001789559578,-0.01921540208,-0.02118527965,-0.02084306964,-0.0009391925617,-0.0179593618,-0.01600301565,-0.01315536547,-0.03580440494,0.02199210433,-0.01399885371,0.03499613683,0.03147173818,0.03084538295,-0.00447399497,0.008541842875,-0.002932748566,0.003383072985,-0.00134506596,-0.03197658582,-0.02191086922,-0.03613253557,-0.002876672153,-0.003070612925,-0.02733327811,0.008300082137,0.02764861349,0.02246484513,-0.01252380095,-0.03592563852,-0.0001698754184,-0.02507938737,0.009795828861,0.002430476274,-0.03233130868,-0.02804769304,-0.01792492679,-0.02434610019
2022-05-31,-0.003146144085,-0.003615974905,-0.002300568572,0.009190691947,0.01018598883,0.009994643015,0.001352705601,-0.006862214601,-0.006160841819,-0.002320915836,-0.005242395316,-0.004176788516,0.01005571267,0.002372177504,0.002304268593,0.003521938939,0.002436267779,0.003387992623,0.002385344393,0.002165487807,-0.01000549187,-0.0005223385754,-0.008883275095,-0.002104707884,-0.001593708435,-0.006511480601,-0.00112181164,0.00550121289,0.00118801293,0.01004788918,-0.002355544073,-0.008024569948,0.0003595915862,0.002210820701,-0.001377517159,0.001966011295,0.00244615538,0.01225642052,0.0001534023765,-0.001339884065,0.005992241894,0.01243050392,0.008889311527,0.00824178628,-0.006678987526,0.000719428143,-0.0008159539402,0.004941932496,0.008423139609,-0.0006163099791,-0.001326303533,0.007673832724,0.009452022406,-0.002612661748,0.001794422045,0.00093793439,-0.0004640792567,0.005256437694,0.009123514393,-0.0001801597164,0.007310586884,0.01046506568,0.002954317672,-0.003703634861,-0.00632531876,-0.002034752016,0.001455457027,-0.00221153472,0.006715394669,0.006488690234,0.0002412804641,-0.004947310835,-0.004920083395,-0.003514593782,-0.003408122084,-0.003202659385,-0.0004153611711,0.001774592111,0.008454346,-0.0007117709562,-0.001841857488,0.009199086463,-0.004088162057,-0.003767072832,-0.007341139522,-0.01236251907,0.002042951431,-0.002719539753,-0.00365342736,0.001429243321,-0.001722050316,0.009339861818,-0.001330566214,-0.0009909371947,-0.0118443381,-0.009790081111,-0.008409304184,-0.008310516673,0.0100882059,0.007616374065,0.002021552293,0.004283016902,-0.002561523538,-0.001631662458,0.006138855911,0.003662462888,-0.001546324874,-0.0002772307927
2022-06-30,-0.002479757765,-0.007861998784,-0.008174712275,-0.01684038252,-0.006825996664,-0.006075525633,-0.00215806503,0.004934290364,-0.01591426341,0.0007646782189,-0.01564957688,0.0022093559,0.001458750757,-0.02669257507,-0.02646170244,0.004804589991,0.0095075571,-0.0003112598861,-0.005856947751,-0.000800691047,0.002653814326,0.001279620041,0.005039406513,0.009035981381,0.008923438605,0.01555886183,0.0008496743744,-0.0008800200054,0.004395975435,-0.01107561932,-0.01976679557,0.01068090003,-0.02121367273,-0.02636566867,-0.02349148256,-0.01497695976,-0.026427606,-0.01075161619,0.003669301947,0.002015206201,-0.003226989292,-0.007374325512,0.001799923071,-0.01928977915,0.006153094796,0.01505168734,0.004468472314,-0.008223212953,-0.02437648512,-0.02787284303,-0.03088683742,-0.008195129243,-0.02454326946,-0.003815489949,0.005636008208,0.0007795757137,-0.01988271474,-0.02193849851,-0.02456503051,-0.02423912809,0.007319105308,0.006023596734,0.006690380065,0.006104563053,-0.008413473026,-0.00577018806,0.0005782379443,-0.003286340888,0.005536245741,-0.004651401126,-0.003481067872,-0.02644970945,-0.02654510733,-0.02315328146,-0.003899621,-0.01582256484,-0.01016916745,-0.01197422202,-0.02386098661,0.01324728277,-0.02114090031,0.01153824765,0.0171713984,0.01656285164,-0.006512744408,-1.818043843e-05,-0.006062491413,0.00582171966,-0.000170318851,0.01668966378,0.009575467262,-0.02538947994,-0.007516923578,-0.009156133777,-0.003793458456,0.005635434389,0.009750589405,0.02010238201,-0.004315237325,-0.026706432,-0.007070122969,-0.02574626707,0.001166230512,-0.004668629588,-0.02977102105,-0.02914386722,-0.01593821062,-0.03151948082
2022-07-31,-0.003645926257,0.0006530963954,0.00103339424,0.01593515381,0.00929151573,0.009331468051,-0.0005354807308,-0.006239824955,0.001837963949,-0.000223306741,0.005846190871,-0.004636585624,0.008114908949,0.01554929648,0.01505492386,0.001583768144,-0.002508122351,0.003134636266,0.005848405145,0.0005945344195,-0.01196048906,-0.00151086482,-0.007152627398,-0.003173960392,-0.002840781769,-0.01962283797,-0.001651572959,0.008904822503,-0.003150598764,0.01135012452,0.003437971412,-0.01601983223,0.01142765081,0.01481901852,0.009599965248,0.00814393403,0.01467273004,0.0143976371,-0.002086964979,-0.0004089498745,0.009025982437,0.01130760546,0.007863806163,0.01879396349,-0.005559722223,-0.01067722607,0.0003736121194,0.01273545712,0.0189523086,0.007379459152,0.009048060807,0.01165131372,0.01649570951,0.002097480393,0.005545304205,-0.0005150501193,0.009843312724,0.01378518688,0.01776816147,0.01127053538,-0.0008557776116,-0.005348005985,-0.002789260872,-0.002547033471,0.001859005474,-0.00323103415,-0.001395694225,-0.003755649268,0.008252694705,-0.004850792788,0.001480168969,0.008604421839,0.01042171944,0.009198520639,-0.000431753056,0.00656656286,0.001751919303,0.005454322603,0.0191694279,-0.01334095393,-0.005942510095,-0.01516747056,-0.01609827126,-0.01175232449,-0.003698641218,-0.01039053964,0.0004060068475,0.002954484713,0.002572831009,0.0122106864,-0.00101832782,0.01950822839,0.0004390557222,0.001999717254,-0.017867147,-0.01434502761,-0.01661799744,-0.01689952857,0.007408712844,0.01939019738,0.002607499562,0.0126613786,-0.002212991506,0.0004487224627,0.0187082099,0.01683390711,0.00488411928,0.008909023419
2022-08-31,0.006589233484,0.00383685744,0.002657878057,-0.003127295388,-0.0060392766,-0.007466433754,-0.003633371568,-0.003654603415,0.008969924962,-0.007289106,0.00692582659,-0.006151073208,-0.01092788204,0.00160081784,0.001713336857,-0.004586186346,-0.005590782829,-0.003069022551,-0.007398939851,0.0001934752312,0.009926312663,0.00242906184,0.008132027109,0.001357693048,-8.179899722e-05,0.002049540016,0.00279670015,-0.01199718255,0.0044174361,-0.009043353214,0.009154881738,-0.0100111503,0.004997600587,0.001852187473,0.005726714186,-0.004171091566,0.0020753936,-0.01067063044,-0.001309272751,-0.0002908700847,-0.01076459176,-0.008646526319,-0.01383423545,-0.006645196122,0.001861331959,-0.004326952801,0.009480836888,-0.004112687262,-0.003515797602,0.0100381984,0.007186962618,-0.004564347252,-0.00430650127,-0.0120858262,-0.003488363579,0.0006162335179,0.002260728626,0.001342020787,-0.003796319492,0.005997671539,0.002347842655,-0.008809094483,-0.004203635057,-0.0002472323708,0.00867718047,0.004900144836,0.0001113602227,0.00090935588,0.0006760878808,-0.007622895784,-0.0003723590322,0.008104868018,0.007580476155,0.008172948446,0.005474497486,0.01124520109,0.005366776119,0.003567486516,-0.004231734223,-0.001417018781,0.001142852994,-0.01043051912,-0.005302603803,-0.001304513518,0.008742225858,0.01132465367,0.00163601471,-0.001123142043,2.881703033e-06,-0.001231994203,-0.002819300549,-0.002927121715,0.004340296818,0.004133053804,-0.01553697342,-0.002302545574,-0.001882856013,-0.001999385639,-0.008138863184,-0.003052745551,0.003173646807,0.003866115672,0.007705345782,0.00834485029,0.0004668858901,0.001852459974,0.005684259444,0.009523295962
2022-09-30,-0.002811618459,-0.01378703987,-0.01401556203,-0.01312082149,-0.01252754584,-0.009751907013,-0.004303277859,0.01479866063,-0.01041616178,-0.001068488749,-0.01275530091,0.001329109178,-0.008999896544,-0.02740395579,-0.02686912575,-0.0004393366227,0.003642497832,-0.003402497973,-0.01541821719,0.003322291314,0.01249768269,0.003872556984,0.009923344298,0.005875898908,0.00895529504,0.01076880737,-0.00159990259,-0.008533252577,-0.001159063022,-0.0137895942,-0.01233683489,0.01476794382,-0.02016925618,-0.02648182065,-0.01878785937,-0.01975091618,-0.02697015394,-0.01379165504,0.007286599392,0.005160300948,-0.01169949785,-0.01904099736,-0.008946289533,-0.02687640639,0.005693048327,-0.001128209037,0.008485284823,-0.01521782992,-0.03526101326,-0.0178754357,-0.02001929264,-0.002732362438,-0.02880256601,0.0001600425774,0.004945426805,0.0047798614,-0.02905698391,-0.03210181826,-0.02961715371,-0.02400062746,0.006910148742,-0.001221775504,-0.004651464244,-0.02204379525,-0.0002092266122,0.0009262397453,0.0001969086572,0.00131777189,-0.004172398763,0.001202686258,0.0006114677232,-0.02025088887,-0.02194095733,-0.02163232709,-0.005264661781,0.0001107946202,0.002894938111,-0.009513263133,-0.03519124198,0.0268536276,0.01661019542,0.006881847435,0.004312519452,0.02689008925,-0.01698666646,-0.007541447523,-0.002033276389,0.002179071061,-0.02204379525,-0.0123272986,0.004538919684,-0.03230842624,-0.01000585376,-0.01093581067,-0.006151636565,0.02375342051,0.02581062175,0.02333475783,-0.002739553445,-0.03577213487,-0.003489576533,-0.0235412065,0.01032987196,0.004403146094,-0.03201772094,-0.03047227054,-0.02295106033,-0.01902771866
2022-10-31,0.001639196339,-0.005171975484,-0.004134493916,0.009208121098,0.003807540308,0.002961694051,0.0002605637898,-0.002188995954,0.006735151562,-0.002826621845,0.008459501172,-0.001378628713,-0.0001706744734,0.006878256003,0.006327588653,0.002591453575,-0.003251050696,0.007232049899,-0.004524962295,0.006704891984,-0.001946603923,-0.002321797337,-0.001531719291,-0.003164550379,-0.002711279417,-0.00223771267,0.0006143922788,0.003449097473,-0.002999283764,0.004743736512,0.002206231871,-0.00755314528,0.006907502273,0.006964553519,0.005190983997,0.007015331013,0.006910306196,0.008006277706,0.0005980528657,0.002133461396,0.0009729758127,0.0006658993563,0.001209279818,0.005210208112,-0.0008432563717,-0.002941848053,0.0010003416,0.001085554939,-0.001281147103,0.007727108854,0.008789261775,0.009807807303,0.002884704659,-0.004950293648,-0.0002355645563,0.0004914342034,-0.003231222487,-0.0003845660065,0.002614368291,0.00691313738,0.003450885593,0.0003934464561,-0.003920749093,-0.0010008827,0.004169418755,0.005780937575,-0.003627405532,0.002397234099,0.001371287324,0.005965210855,0.002317923991,0.006463382396,0.005302025104,0.004779885947,-0.001427750478,0.006107149998,0.007669176736,0.00342970737,-0.001963273937,-0.003134261954,0.0004677219674,0.007087099708,-0.007078849159,-0.00413010809,-0.009816418505,-0.008647834637,-0.0005065285378,-0.001371236104,-0.0010008827,0.005464392997,0.002020122325,0.003049717749,-0.002766503992,-0.00254284717,-0.00395857578,-0.004087134593,0.00810774577,-0.006075294864,0.008172081657,0.0003783578556,0.0008920391136,0.003689621177,0.001910230694,0.002427148093,0.006521490255,0.007256269927,-0.005190131929,0.007052141942
2022-11-30,0.006782937833,0.01210609627,0.01155237087,0.01656764095,0.01247544241,0.01069859323,-0.0003824417409,-0.02297291666,0.006884516679,-0.005548396304,0.01207825587,0.0007603565659,0.00591825919,0.02693802065,0.02675226553,0.003221099288,-0.002368257,0.006457126756,0.01602135918,-0.001742828784,-0.01000331387,-0.002125643633,-0.008138905083,-0.005052321613,-0.007196567665,-0.02852117832,0.005844238102,-0.0009181728644,0.008865655059,0.01302442639,0.01846007687,-0.03091401855,0.02304802912,0.02589642295,0.02017673383,0.01862265378,0.02660432185,0.01075880198,-0.006778452707,-0.005129551977,0.01331858065,0.01814752185,0.01456804596,0.03107167191,-0.001079515405,-0.02831523614,0.009550534873,0.02333514941,0.03325439598,0.02177152364,0.0232185301,0.005905263522,0.03249101184,-0.0001774289945,-0.002987967188,0.004085502698,0.02503122476,0.02931656291,0.03263420547,0.02667141084,-0.01816829767,-0.01654733671,-0.009203214765,-0.009417215402,-0.004026185347,-0.001798607085,0.002381055279,-0.01059172076,-0.01053036268,-0.005489773714,-0.00159712854,0.02211175235,0.02345880675,0.02288157093,0.007825144823,-0.004780352218,-0.0002407077978,0.009947028583,0.03234626516,-0.03454241432,-0.02928721521,-0.02527696702,-0.02883042538,-0.03430210496,0.02177432834,0.001392226817,0.007574042447,-0.002213239234,0.003794917817,-0.001983068143,-0.003819320896,0.03195485181,0.007758780576,0.009363915747,-0.00411816336,-0.03141577324,-0.03039105239,-0.03102188364,0.002351642052,0.03342691064,0.0003686168116,0.02505266604,-0.005112578975,0.003338664486,0.03409578787,0.03192253866,0.02294060889,0.02317592749
2022-12-31,0.005475237078,0.008916642478,0.007734449573,0.004494148881,7.091365467e-05,-0.00088872632,0.001416891223,-0.00339960729,0.005794241367,-0.002966199955,0.006805720578,-0.002294554481,-0.003068302052,0.01010173112,0.009741295085,-0.002265154967,-0.003989362234,-0.001028558806,0.002636897078,-0.001593476002,0.002720834941,0.002819109565,0.003169371061,0.0007550829048,-0.001431771895,-0.00509562548,0.0009638771035,-0.003682806349,0.002306949431,-0.001562198339,0.01041414327,-0.009452843054,0.009620602708,0.009885278283,0.01046503212,0.006494372421,0.01005058934,-0.002105145833,-0.001764218113,0.0005679593031,-0.001197574832,9.11980209e-05,-0.002327614226,0.006726184649,-0.0009286318716,-0.003900508252,-0.003944543563,0.003058256883,0.009596949007,0.0140200956,0.01253288594,-0.001023502192,0.009070049905,-0.01076414939,-0.007704404454,-0.005028697598,0.01363712208,0.01214970987,0.009183936028,0.0123390138,-0.007030164787,-0.005595726034,-0.003993533791,0.004027243497,0.00229380029,0.002066129778,-0.0007199350593,-0.002542883054,-0.001557947476,-0.002457993892,-0.0004324950765,0.01228132188,0.0125009758,0.01344355381,0.007310783427,-0.0002998001933,0.002587842671,0.003754748643,0.009666369628,-0.01214528845,-0.006997497407,-0.007529744285,-0.008476139367,-0.01287910098,0.01310945089,0.008252340138,0.001652729972,-0.006571403896,0.005569867391,-0.009371467913,-0.003128689734,0.01030852493,0.002417004322,0.00249821483,0.004727672662,-0.01029341338,-0.01001983391,-0.01011595588,-0.006170233669,0.01020575264,0.005860639434,0.01401957116,0.004067096573,0.007996237365,0.01155594373,0.01202932282,0.01320317686,0.01138495671
2023-01-31,0.00530294775,0.01155632027,0.01166300791,0.01367588629,0.004558999167,0.005981129358,0.001671355247,-0.008541144797,0.01216516154,-0.004055765149,0.01058766806,-6.103241328e-05,-0.0004104290737,0.02033827563,0.02050068495,-0.004710031518,-0.007028560859,0.0008715725178,0.002766244839,0.000129428514,-0.002613618537,-0.0008092694256,-0.009064464342,-0.007354497183,-0.009497829034,-0.00264434278,0.002069846336,0.001191468885,0.002651375235,0.005591735438,0.01237299023,-0.008184344659,0.01874976961,0.02007858391,0.01674481243,0.01499585101,0.02041613569,0.008051712052,-0.003855943578,-0.001906968039,0.006245610191,0.00831844959,0.00653319471,0.01803386434,-0.002866753937,-0.01510341593,-0.01456632519,0.01063150115,0.01962443855,0.0226256814,0.02120830785,0.003358983508,0.02009468691,-0.01715429792,-0.004481036095,-0.005785135309,0.01911818321,0.02005985995,0.02001154311,0.0205750982,-0.007825438978,0.008214348242,-0.001019873467,-0.003882285601,0.0007874735823,0.00247784638,0.001401238727,-0.001879339734,0.0005717469875,0.006341784057,0.0007229398519,0.01933649916,0.02005445737,0.01811325485,0.006074215114,-0.01278066152,5.367365019e-05,0.006502667052,0.01871408252,-0.02221410373,-0.02121450566,0.01466667008,0.003211095872,-0.02028153853,0.01058828795,0.003087245132,0.00571816604,-0.005936198578,0.001409290712,-0.01309780968,-0.01007582692,0.02067919186,0.007527295925,0.00825242754,0.01136344972,-0.01931740188,0.01691495576,0.01170129108,-7.658811687e-05,0.02053424245,0.003459884245,0.02041713659,-0.001747895941,0.003494168565,0.0231956814,0.02329766514,0.0162431378,0.02138658167
2023-02-28,-0.002325800781,-0.006796665181,-0.007574197482,-0.01079657189,-0.008465140556,-0.007663447892,-0.00695705411,0.01141240501,-0.002427978761,-0.004059199773,-0.002928248743,-0.004392698766,-0.01198774845,-0.01757426059,-0.01745476557,-0.004069718777,-0.001438868323,-0.01027141703,-0.01012615251,-0.00492942572,0.01332627255,0.005895121224,0.01301157349,0.009050287736,0.009598596224,0.00288143097,-0.00588011877,-0.01558367964,-0.0043875301,-0.01279627015,-0.005407350115,-0.003572581534,-0.01324937285,-0.0172307337,-0.01085000107,-0.01827253327,-0.01702010574,-0.01532383418,0.003506813932,0.001607463069,-0.01375251122,-0.01511275736,-0.01666816169,-0.02238453877,0.002436240845,-0.01740882816,0.0186662829,-0.009275870226,-0.02182278834,-0.006834536343,-0.007931763102,-0.003035851508,-0.02076172155,0.006605520289,0.004574230436,0.002167368596,-0.01438538983,-0.01894229775,-0.02083028687,-0.01346584305,-0.001121094605,-0.01037254419,0.003278538851,-0.005918248199,0.003452099677,0.003248698405,0.001591465894,-0.002001918207,-0.001708020733,-0.003078928953,0.000167179573,-0.01012846842,-0.01152712938,-0.01127860233,-0.001896085553,0.0152267409,0.005205935877,-0.00215149857,-0.02190295973,0.008992025236,0.01504896903,-0.01785864688,-0.0006079327976,-0.006873002731,-0.005826673908,0.002188830662,-0.0005859337741,0.00448776139,-0.005918248199,0.01411331656,-0.003474743572,-0.02062837741,-0.001092927775,-0.001952891959,-0.0156944743,0.01009730525,-0.0164319016,-0.008422392745,-0.006258963364,-0.02182482602,0.006739279769,-0.009231007751,0.01227995123,0.008936369489,-0.02038826272,-0.01813202196,-0.01199831283,-0.003208540314
2023-03-31,-0.002227478775,-0.003033247074,-0.00227220516,0.008229076164,0.01024602376,0.01103307793,0.002730884837,-0.006034738729,-0.009652117562,0.002966445597,-0.005684554961,0.004920517137,0.01687819974,0.001701464396,0.0007717449233,0.007104697218,0.01003250124,0.01420589958,0.01293770788,0.007841482492,-0.01658701699,-0.005909726982,-0.004369838335,-0.003216693969,-0.001719794902,-0.006471174608,0.004519505386,0.01237473574,0.004214061715,0.01145535118,-0.008654327896,-0.004619347144,-0.0004511319846,0.0004124937566,-0.0074913845,0.003701586063,-1.232282012e-05,0.01848928965,-0.001788614459,-0.001517079811,0.01262155305,0.01138544126,0.01572451903,0.01085401407,0.005766902378,0.0008485499518,0.003715578223,0.004361579465,0.008061721354,-0.003174496351,-0.006622021747,0.006860082221,0.008160975089,-0.008292706275,0.002000389992,-0.0001151986336,-0.001722877552,0.002793511948,0.007556608727,-0.004080960223,0.01450825357,-0.001683645276,0.005831808028,-0.003303588125,-0.002236719513,-0.005092136848,-0.0008813833697,0.004848293665,-0.001156238629,-0.003448556261,0.0002054529063,-0.006474383976,-0.005340402783,-0.00704509708,-0.003462239005,0.002371799883,-0.004810623281,-0.0007515549233,0.008463905599,0.01120230805,0.01392213407,-0.003195972665,0.001874605962,0.000772247503,-0.006600761932,-0.01062961543,0.000885846497,-0.0006677335418,-0.002596757666,-0.003642293319,-0.006806359598,0.007020513116,-0.00579662535,-0.005833790377,-0.0162867037,-0.002372126798,0.0004533986908,-0.001357767444,0.01152710592,0.007200490327,-0.005116606254,-3.579048751e-05,-0.004113309814,-0.002635180947,0.003640010402,0.0009901641846,-0.002206833299,-0.0089814935
2023-04-30,0.001612137502,0.002688641384,0.002362725307,-0.001343412777,-0.002106560745,-0.002204320301,0.002265458837,0.001576536951,0.001874829882,-0.001302137784,-0.0004249777289,0.001565244716,-0.0008773794516,-0.0005199062638,-0.000522298079,0.002050550296,0.00266621634,-0.00175218288,0.002593244722,-0.001618255212,0.0003013378789,0.001161553276,0.00227304271,-0.000607208945,-0.0007434922819,0.002225622691,-0.0006509833538,-0.005492220822,0.001635174032,-0.002358188112,0.004478283085,-0.002613424499,-0.001505681929,-0.0008002114562,0.001220673743,-0.0002915181158,-0.0001450573125,-0.005738526336,0.001154238772,0.001167044502,-0.001649618078,-0.0007924094326,-0.00226504053,-0.001960038166,0.004179731268,-9.969526551e-05,0.006054089356,-0.001104968579,0.000687393874,0.001196184474,-0.001402987624,-0.001905217169,-3.515772205e-05,-0.00537157021,0.0007136466075,-0.001813631314,0.002423659119,0.001758418718,0.0001218115397,0.0001479844464,0.0034660034,-0.001106982227,-0.001608594252,0.004452216488,0.000471076165,0.0001091444732,0.001241460122,0.003098462622,0.002566800002,0.0003600663151,-0.002951308895,0.0002399449476,5.980025602e-05,0.001066505194,0.002964135108,0.001494677806,0.0003041621226,0.001077795349,0.0008296276273,0.001033925459,0.002723474638,-0.002970604667,-0.001562638359,-0.001763930691,0.003472253599,0.003847264804,0.0004954288779,0.001172663202,0.004452216488,-0.002992999726,-0.002560176557,0.00120134772,0.002543941918,0.002302495074,-0.005079940613,-0.001687069149,-0.002067679881,-0.002669701458,-0.00366862813,9.42502132e-05,0.0007552855315,0.000588337741,0.002104974007,0.001845889506,-0.0007562253244,-0.0001841556584,0.004034649102,0.001533021792
2023-05-31,-0.00397216015,-0.007862603921,-0.007303429343,-0.003402682846,-0.001634182239,-0.0009573368638,-0.0001351785617,0.009411331731,-0.001312168691,0.003217782205,0.001897014264,-0.005073723808,-0.007206368496,-0.0119715777,-0.01182522997,0.000388885572,0.001301802963,-0.003636945359,-0.007550662024,0.001159645507,0.008479270372,0.002938121203,0.003426578509,0.006333897518,0.005869298345,-0.009859069959,0.001948714844,-0.004512290734,0.00167775878,-0.005689736337,-0.006265043171,0.003373928232,-0.01087709275,-0.01168634909,-0.01106585266,-0.009750752534,-0.01131621041,-0.003038067728,0.00194895748,0.0009614005074,-0.003654810069,-0.00566691437,-0.006656358078,-0.01107551992,0.005545071634,-0.007452765071,0.009051314203,-0.005278719243,-0.01369007837,-0.002873248762,-0.003290560664,0.000751619191,-0.0112081715,0.003076579268,0.004078520006,-0.001331921353,-0.00983102381,-0.01163674576,-0.01179953239,-0.01012707132,-0.002467649291,-0.0006187765515,-0.00281936222,2.333731301e-05,0.0007632755824,-0.0007376573675,0.00107602927,-0.001643192704,-0.002334141725,-0.0001754047239,0.0005436579944,-0.008132836728,-0.00914798207,-0.009446506878,-0.004257156121,0.001872556526,0.002522674026,-0.0008850221562,-0.0138353674,0.0001001640642,0.008003717391,0.006408996183,-0.007262242742,0.001654836668,-0.006510296806,-0.003529929171,0.0009919741164,0.002738709853,-0.003763549976,0.003167100206,0.0009085375502,-0.01198099763,-0.003474088001,-0.003685685922,0.0005121125223,0.003769006527,0.01028945526,-0.008713366491,0.003339731209,-0.0133543018,0.001928742477,-0.007051942728,0.004866537318,0.003025627482,-0.01162084437,-0.01166180053,-0.009456409498,-0.002749505941
2023-06-30,0.002613445429,0.00792740139,0.008437480021,0.01315099707,0.005296409289,0.005880539095,-0.001499404786,-0.00533351807,0.008396911315,-0.004949710284,0.001760568044,0.001682408666,0.005058529632,0.02648673868,0.02700253592,0.0002900556612,-0.005859918605,0.00537005781,0.008394742057,0.004667367667,-0.01229095563,-0.006519378569,-0.004388524575,-0.01799211829,-0.01838272576,-0.01047281322,-0.003736663344,0.001386781321,-0.002569507425,0.01031221654,0.009537216129,-0.0113399402,0.02438414699,0.02691467583,0.02537645871,0.01890268302,0.02633540229,0.004807293988,0.001706884177,0.002419229956,0.004554599807,0.01025717528,0.006123660928,0.02009533474,-0.003967662712,0.00245789632,-0.008293496774,0.0133836576,0.0258085817,0.02109724375,0.01944825544,0.005198118558,0.0212812479,-0.004343588227,0.004932685777,-0.01125955374,0.01842440567,0.02191132865,0.02184459175,0.02608903766,0.001249820382,0.004660526597,-0.0008995550426,0.01508107784,-0.001255562229,-0.0008033293472,0.001455116146,-0.0005823617339,-0.003161919502,0.002616981838,0.002940502046,0.02319467337,0.02395865928,0.02449165905,0.00438206241,-0.01290669273,-0.005791988453,8.686207955e-05,0.02525244556,-0.004341680059,-0.01763018241,0.001021597059,0.005637911467,0.004201676056,0.007166787795,0.002487340064,-0.001358199248,0.01000773158,0.01508107784,-0.002634370079,-0.01457473729,0.02424727354,0.005121656961,0.006773633916,-0.01528224676,-0.006867834055,-0.01589759207,0.01338006444,0.0002917080905,0.02700276192,0.005236311828,0.02245184155,-0.001559298568,0.003676745612,0.02736728312,0.0268137745,0.01348980206,0.0163717168
2023-07-31,0.002049645092,0.003578728227,0.003284668473,0.003913036382,-0.002079329365,-0.001646797459,0.001187145996,0.002429552019,0.00943144081,-0.002586449507,0.006155441281,-0.002653654541,-0.004957634051,0.009034907242,0.008932191826,-0.001741345279,-0.004987651803,-0.0006040298087,0.002076810995,0.002478540329,-0.002240182982,0.002023559702,0.003545616254,-0.005074874095,-0.004709108392,-0.002111858295,0.0002413192158,-0.002935123874,0.0006374007622,-0.002527717168,0.008839927495,-0.006297083503,0.00785559316,0.008868048515,0.01136712641,0.005144085229,0.009596373813,-0.003274872644,0.0002766788411,0.0003201771716,-0.002639785684,-0.001892721319,-0.003331139543,0.00416307322,0.001584732874,0.003633846013,-0.00399047448,0.001916392642,0.006678616706,0.01212991782,0.01107801957,0.001636145953,0.004369257919,-0.006060890483,0.001222495857,0.001069087828,0.007893787088,0.006816448552,0.004333029311,0.01124060213,-0.001490962712,-0.002386913951,-0.005743509162,0.003603009518,0.0006060628603,0.0027561319,-0.001118433516,0.00323090546,-0.00164946979,0.001956815345,-0.0002584868924,0.01285064078,0.01254797283,0.01247989376,0.003010416669,-0.004923265173,-0.000313249721,-0.001287288275,0.006075575717,0.0007638481487,0.001974473649,-0.002835209911,-0.005028914727,0.00205864039,0.003527764922,0.001713851579,0.0007677213015,0.002236186119,0.003603009518,0.006028007298,0.005336979063,0.007007790165,0.003693807337,0.003999999596,0.008725787149,0.002801526603,-0.00259818178,-0.001576760728,-0.00260076808,0.007483204626,0.002879694606,0.009694246216,0.003142002479,0.005153049948,0.009042794822,0.01039721282,0.005513003309,0.009756374364
2023-08-31,-0.0003128158319,-0.001944035462,-0.001949470425,-0.001527729383,-0.001918994621,-0.001413414029,-0.0006227397481,0.002251784594,-0.001703776537,0.0003628670855,0.001253703171,-0.003051508312,-0.002683506185,-0.006076825943,-0.006127694418,-0.002776494279,-0.001325122191,-0.003123492206,-0.002592570638,-0.001511829926,0.004786107199,0.003221887607,0.001417598263,0.004190447539,0.004321063527,0.00378232546,0.00132329653,-0.001379993283,0.001490356935,-0.003050525825,-0.002718116435,4.820160488e-05,-0.005828928852,-0.006138294409,-0.005537880602,-0.005236641425,-0.005726125846,-0.001524455524,-0.000576670278,-0.0002877345837,-0.00179381029,-0.003153367969,-0.002717550869,-0.005863226574,0.0003210948591,0.004458440349,0.004726561825,-0.004025106114,-0.005786699025,-0.001043261832,-0.001036790056,0.0002481901515,-0.004358965326,0.001381918745,0.0009511190938,6.895040964e-05,-0.00448914238,-0.005023820674,-0.004215718849,-0.005253054389,0.002803865885,0.00198292568,0.002137880521,0.0002232231126,-0.001528398823,-0.002177742503,-0.001245554931,-0.0002461918031,-0.0003282022381,0.001425882421,-0.001018255273,-0.004372887582,-0.004655853024,-0.005460799405,0.0001626004439,0.003838186617,0.0005873080263,0.0006832532643,-0.005726953459,-0.001002073932,-7.452576752e-06,-0.002277696221,0.002059378336,-0.003940280979,-0.002622319056,-0.0005985749865,-7.484650676e-05,0.0004882282134,-0.00108610309,0.002053455207,0.001506618801,-0.004872416153,-0.0002925565255,-0.0009950439971,-0.002846716649,-0.003307745531,-0.005031403291,-0.001368489321,-0.00111815405,-0.006095960754,0.002628053965,-0.001644665762,0.003679774592,0.003207451872,-0.005574562934,-0.005728739774,-0.003286215798,0.0002348571602
2023-09-30,0.0001850063556,-0.005617049847,-0.005548048429,-0.005415145271,-0.003523010355,-0.001072139342,0.002869946837,0.002449419532,0.004618053716,-0.002426638512,0.004445366183,-0.006113552008,-0.006589070903,-0.009280457108,-0.0097592824,-0.0008945291406,-0.005669545203,-0.001716286912,-0.00421101299,0.002092702098,0.005437821257,0.006993662217,0.007874538811,0.006886320113,0.006801714847,0.009573459324,1.712985864e-05,-0.004400704378,-0.001296596335,-0.007094167531,-0.003228910862,-0.001096578117,-0.01082778316,-0.009869128484,-0.00775515621,-0.007720603683,-0.008884933057,-0.004274759077,-0.002845632641,-0.0003729719299,-0.007578454437,-0.007392433104,-0.01043439435,-0.01164974195,0.0009293843954,-0.0009866927363,0.009089803496,-0.007493305091,-0.01255203999,-0.001310996077,-0.001476278463,-0.0005289117282,-0.01200884962,-0.004922459806,-0.000222989145,4.964221303e-05,-0.00818792594,-0.01122265382,-0.01194155748,-0.008458468966,0.0009883215635,0.000562891703,-0.00546402414,0.002198523976,0.002840257622,0.003511833833,0.003028839594,0.001226495058,0.001916560171,0.001653799986,-0.002042087154,-0.004195658338,-0.005297052975,-0.005983440289,-0.002180933148,0.00734133155,0.007074523798,0.004321267,-0.01286159011,-0.002647736086,-0.002601377803,-0.007774540061,-0.007394463069,-0.005631864832,-0.004627238439,0.0007524960844,-0.001812803302,0.0006852997624,-0.0008608140688,0.003409731899,0.003780987113,-0.01179575284,-0.000164542913,-0.0008370548578,0.004564669603,-0.00507216929,-0.00892804624,-0.005958377042,-0.001405439102,-0.01223624925,0.0009619907884,-0.006288067687,0.004904498147,0.002141615761,-0.009682093701,-0.009183962369,-0.00812287958,0.002498029911
2023-10-31,-0.0006655933396,-0.007720342718,-0.008328175043,-0.005736084855,-0.00171047123,0.0008114498161,-0.0002261959822,0.002136209112,0.0009124088723,-0.001858393286,0.003107279363,-0.004452578185,-0.005595705592,-0.01349643096,-0.01391549705,-0.002244291693,-0.005283427568,-0.002861952762,-0.006099243611,-0.0001670552651,0.008288582568,0.007037217838,0.005221041216,0.009260750596,0.009083310387,0.0109728354,-1.043393679e-05,-0.00342570093,-0.002567974116,-0.008110372675,-0.006796888171,0.002922274684,-0.01355805769,-0.01386508729,-0.01234310542,-0.01145990403,-0.01309734947,-0.002651016823,-0.001663879053,0.0009240895793,-0.00673926834,-0.007847214887,-0.009826914779,-0.01464065505,-0.0001464956994,0.01192136287,0.009591441511,-0.01118183115,-0.01634901123,-0.004662261702,-0.005165401551,-0.000971812163,-0.01479257158,-0.001154269689,0.001118546691,0.004988523108,-0.01034064139,-0.01371055337,-0.01465595829,-0.01257696024,-0.0004142292199,0.001582425358,0.002688066274,-0.01022640613,0.00442507499,0.003796308514,0.003757520617,-0.001136417782,0.001643163309,0.0007979504904,-0.0008291752089,-0.007866542843,-0.008234778382,-0.01037245493,-0.00280299726,0.007790033589,0.009399965261,0.005385851944,-0.01646220437,-0.00846775216,-0.007423042702,-8.078643197e-05,-0.005618765065,-0.003760060501,-0.006029671531,-0.0005328480118,3.226829331e-05,-0.003339674142,-0.01022640613,-0.001070669998,0.009207521261,-0.01512577745,-0.001625518139,-0.003160232396,0.01006086426,-0.009363705954,-0.005070191442,-0.009467310301,0.0007363991597,-0.01623544758,0.002428670067,-0.008857301101,0.005058845693,0.001011083915,-0.01321471758,-0.01328985919,-0.01016312222,-0.003783061204
2023-11-30,0.005113695189,0.01846296382,0.01799654819,0.03150585222,0.009586602845,0.004230496645,-0.0004087016513,-0.004491182896,0.0004734041234,0.00165604001,-0.001095532782,0.007530555177,0.01317128046,0.04484092275,0.04710296926,0.00185772689,0.01049444616,0.004501573189,0.008617527476,-0.006334121776,-0.02449910075,-0.0222075391,-0.02208389548,-0.03353699229,-0.03245423687,-0.03940998764,0.004678690787,0.008457446964,0.01364713799,0.02870684849,0.02422905349,-0.01509002633,0.04505024898,0.04649386065,0.03962665505,0.03614330111,0.04455708233,0.01452331849,-0.002109795818,-0.008178462542,0.01834256307,0.02565166105,0.02729570206,0.04633959314,0.008561500232,-0.02742805376,-0.02580568634,0.03669990607,0.04926657602,0.02223580398,0.02444103079,0.01117100344,0.04749060359,0.008674307303,-0.01141272883,0.0107700244,0.03284300352,0.04346769653,0.04746996593,0.04236820593,0.004039375509,-0.005392102103,-0.01352996841,0.003989348856,-0.00712616043,-0.004227447095,-0.006963738858,-0.0002201899219,-0.006011625732,-0.007517743441,0.008635366134,0.02877412272,0.03094931722,0.03283129067,0.009936438303,-0.02479566713,-0.01829520393,-0.01437777117,0.04843396991,0.02934929592,0.03322948512,-0.03116175022,-0.0003364142823,-0.01855135864,0.02743080262,-0.002388057242,0.003580409531,-0.01970219181,0.01123966543,-0.01352598663,-0.019473256,0.04743152349,0.004526676438,0.008029782401,-0.03961135651,0.02964838717,-0.04492372117,0.02228465753,0.002186191536,0.04924822593,-0.002090370156,0.03262166004,-0.008981800646,0.003937707975,0.04555686324,0.04441903431,0.02840477162,0.02540103915
2023-12-31,0.00545983938,0.01831993793,0.01678368586,0.01346690482,-0.003236240035,-0.005941242931,0.005454939561,-0.00540575125,0.009479053014,-0.00516630835,-0.002625245356,-0.0002414573427,-0.002534815127,0.0239562763,0.02483892018,0.003299652223,0.001042415913,0.003307500814,0.006677439505,0.002993511106,-0.005757001944,-0.007007239492,-0.005489583637,-0.01518125377,-0.01608496499,-0.02308962723,-0.0002931092663,-0.004396620677,0.004793906405,0.007384721257,0.01887096763,-0.001132284064,0.02315253325,0.02463762156,0.02648708601,0.01811729599,0.02486172252,-0.001687240441,-0.001248296199,-0.003275799422,0.005655835773,0.004324705442,0.007059125843,0.02057040208,0.001516636622,0.01474626595,-0.01837936213,0.01567475997,0.02548800175,0.01712534932,0.01744384097,-0.0004767419791,0.02351147523,7.498842954e-06,-0.00354097944,-0.006976286437,0.02598924252,0.0268810464,0.02373958041,0.02576121619,-0.00789437641,-0.004937222232,-0.004051768695,0.02121286813,-0.004590252319,-0.005878165573,-0.001261864681,-0.002875325742,-0.004850363154,-0.003161697224,-0.0002721851879,0.02396604143,0.02390631605,0.02651422575,0.01039729465,-0.01638185109,-0.01449382948,-0.008175823643,0.02524797014,-0.002916028216,0.007356342989,-0.01670006098,-0.001314203986,-0.01225025205,0.01830611043,0.00935098782,-0.0007813347164,-0.007928331955,0.02121286813,-0.02112743524,-0.002235258698,0.02443882818,0.005064004819,0.006622459355,0.02138937959,0.0098203336,-0.02393242959,0.01025146272,-0.008249186015,0.02600082433,-2.305790918e-05,0.02048502602,-0.004029083917,0.003688737836,0.02538472331,0.02554086484,0.02472635208,0.01719075587
2024-01-31,0.001872737502,-0.005673613487,-0.005416556201,-0.00572360198,-0.006474576178,-0.004368600314,-0.004966316508,0.005175991651,0.005714686523,0.001459998139,0.00680999982,-0.004965960977,-0.007015809159,-0.009685960368,-0.01030406094,-0.00515966625,-0.009777300796,-0.003995410271,-0.005872222395,0.002553210289,0.005646088741,0.009091108389,0.008085930913,0.009051056935,0.009694938841,0.0001105691045,0.0002535905632,-0.003021655785,-0.001237059173,-0.01052881517,-0.006896139844,-0.00175076132,-0.01007379648,-0.01031494329,-0.008062554573,-0.01102722916,-0.008921309686,-0.005307634542,-0.0008419313533,0.001595060061,-0.009163066159,-0.008960196727,-0.01035783138,-0.01222979736,0.0009829845391,0.009534944895,0.007717520952,-0.003892851301,-0.01379491591,0.002819301684,0.001743810265,-0.0006094577433,-0.0125573501,-0.007307203668,0.002200059732,-0.001141135289,-0.008811496671,-0.01308214328,-0.01253700112,-0.008186179659,0.003627544074,-0.003965278353,0.003083041324,0.001233772494,0.001718219906,0.0020720951,0.002723687036,0.001045258551,-0.006753754213,-0.004937271772,-0.001895681513,-0.004957215567,-0.006205194543,-0.005866411347,-0.00124032415,0.005154804584,0.002659260207,0.00102174922,-0.01403389416,-0.004362999111,0.002045146835,-0.008781026316,-0.003086940261,-0.004006169915,-0.005443490229,-0.001364399557,-0.001049909236,2.866796208e-05,-0.001531814828,0.009847941922,-0.002962938419,-0.01329315181,0.002384353383,0.001787921547,-0.01037159371,-0.008111458216,-0.009585612178,-0.007818426335,-0.0006627567225,-0.01362185721,0.0008651614673,-0.005673480616,0.005949860078,0.003447322755,-0.009052161936,-0.008600585999,-0.008513257172,0.005664541668
2024-02-29,-0.0006485787267,0.0001773049303,-0.0001946808679,-0.001207587972,-0.003453019987,-0.002282233352,-0.004134747607,0.004562773202,0.005157087668,-0.0004395946461,0.005374927647,-0.002137254898,-0.00565817153,-0.003061293696,-0.003316220844,-0.001726601226,-0.006854259435,-0.003951565485,-0.003376539259,-0.000484944252,0.004572945848,0.004735859085,0.00453411531,0.00414252577,0.003809979337,0.003510896896,-0.001471634412,-0.00271327029,-0.002224624471,-0.006559908958,0.0003977175215,-0.002703011738,-0.003846631317,-0.003185383316,-0.0006553337866,-0.005759285911,-0.00224222007,-0.006186776015,-0.001955644411,0.0006647880112,-0.007689087787,-0.006834050466,-0.009430002536,-0.006348762076,0.00131129021,0.002630779985,0.001997061288,-0.003689873128,-0.003698988889,0.006011181164,0.004210383118,-0.001319817399,-0.004323226028,-0.003558704715,-0.0004219614346,0.001581929901,0.0007141721722,-0.0004788811153,-0.003866298564,-0.001017018381,-0.001009303346,-0.006542256451,-0.002945202829,0.001493438687,0.003895046954,0.003790655199,0.004504497585,-0.001104222086,-0.002244969446,-0.005244549806,-0.0003698979971,0.004866434841,0.003442875731,0.00216628002,0.00190275072,0.005316227315,0.005908880634,0.001796679748,-0.003820357665,-0.001345627408,0.0008995711446,-0.004964331668,-0.001916625054,-0.001363902372,0.003043673276,0.005192390315,0.0005047450283,-0.0006954515322,0.001224877936,-0.001100109454,0.001805710081,-0.002639273368,0.002531908307,0.002405052013,0.003153099025,0.0003414776335,-0.003221824529,-0.0008087707884,-0.005248632372,-0.003272664271,0.004623837921,0.003299382789,0.006153088576,0.00595048658,-0.002119367835,-0.001361051479,0.0006982950708,0.004084842481
2024-03-31,0.001545720247,0.001903706205,0.001681167433,0.006473946108,0.001164169603,0.0006397268764,0.001315710971,-0.002074426783,0.004616536548,-0.001155473345,-0.0003279269344,-0.0003830618088,0.001825207541,0.009909387071,0.01011194659,0.001759974616,0.001526231031,0.002787759747,0.001504844166,0.003476122679,-0.003819769341,-0.00135179937,-0.003240409936,-0.00472015382,-0.004703918537,-0.007358791428,0.0004320881306,0.0006782533605,6.184172704e-05,0.00373942222,0.003786670266,0.002798704082,0.009279420917,0.01008697982,0.00889694612,0.007142676482,0.009908677036,0.002286740453,-0.0009175300837,-0.001152611615,0.002016472855,0.002736128134,0.002620672467,0.007856108966,0.0006962152858,-0.0003125196059,-0.007167285674,0.004172112014,0.009018613401,0.008320177995,0.007376732532,0.003808830889,0.008754138683,-0.0005639340962,-0.0001920699405,0.0009125879499,0.006213793295,0.007418102391,0.0087034635,0.008962646675,0.002954374267,0.001660578006,0.004682082353,0.002769501803,0.0005303921346,-0.0006957539085,0.0004129295946,0.003295925835,-0.001635102362,0.001285717962,0.0009778607162,0.007255846357,0.00822971479,0.008408386202,0.001825836325,0.002524139427,-0.0036498663,-0.001180004775,0.009008596659,0.008049847944,0.003707372224,0.005837339435,0.008904165295,0.009471545691,0.0005300763318,-0.001049948915,0.0009110796627,-0.0004489289663,0.002769501803,0.003664971687,-0.001465579814,0.00898357323,0.00202352318,0.002507315966,-0.001821721667,0.008463091849,0.009327123905,0.009134576663,0.001803530177,0.009550144617,0.001857398954,0.009102492905,-0.0001952698916,0.003256252764,0.009226340161,0.00906312673,0.004232946858,0.00707021298
2024-04-30,-0.001695874352,-0.004153852529,-0.004310805875,-0.004488784795,-0.003863437705,-0.001819339473,-0.007294486834,0.005122008026,0.000466586033,-0.001569202187,0.008455195363,-0.003957673365,-0.006692422615,-0.01025443064,-0.01097617293,-0.004170272438,-0.008574412744,-0.00594547125,-0.006860963934,-0.001204296948,0.008362705359,0.009414084543,0.007512050733,0.01084485077,0.01123088002,-0.003598710636,-0.002940341278,-0.0005179891977,-0.005729731738,-0.009577144204,-0.005897747214,-0.001536350553,-0.010739561,-0.01095181169,-0.008324525442,-0.01204803488,-0.009587773341,-0.004647897689,0.003250206175,0.001608876066,-0.009289100528,-0.009544053945,-0.01206364924,-0.01302600561,-0.005310650896,0.003623704728,0.00624198725,-0.006976818047,-0.01289583026,0.0003362492561,0.001638936495,-0.002090829084,-0.01154821981,0.00491198046,-0.004537329603,0.002603163857,-0.005480013118,-0.007493482212,-0.01148090025,-0.008178360378,0.006761037481,0.00987966289,0.002340625394,0.003269389625,0.001040908958,0.003184782384,0.002671265851,0.003296653714,0.004198374397,0.005396882548,-0.002258167878,-0.002728561375,-0.004429022285,-0.005413958169,-0.0009840937103,-0.002764845481,0.007252305526,0.00169763104,-0.01311257914,-0.002097213123,-0.0009609212154,0.01123460123,-0.005824628972,-0.000605566492,-0.000896027102,0.002569205697,-0.001682809751,-0.003948643757,-0.0004150138692,0.006442374675,0.004895493839,-0.01000156614,-0.002167686026,-0.003026065082,-0.001005082719,-0.007300694482,0.01211229012,-0.008690440956,-0.001685914706,-0.01236827186,0.002962068367,-0.005274268678,0.006108273064,0.003698722879,-0.009238200664,-0.008725747881,-0.005479414515,-5.601663903e-05
2024-05-31,0.002381300361,0.0008257547619,0.00113053623,0.00327547445,-0.0007989686113,-0.0007036431943,0.0002891518242,-0.0004990544356,0.004917039476,-0.0006377503522,0.00111190092,-0.002596875031,-0.0008739797004,0.005766586475,0.006229313336,0.001152309163,-0.0007751408075,0.001279893659,-0.0008008458099,0.003270996941,6.15238478e-05,0.0001196184348,-0.001898713374,-0.002228986228,-0.002368164422,-0.004114057006,0.000523075608,0.001037707828,-0.0005077634421,7.462374944e-05,0.003134702766,0.00392423225,0.005856966174,0.006010963846,0.005818880145,0.004607776903,0.006062546679,0.001929285487,-0.002259713672,-0.0015434952,0.002301793412,-0.0005074383953,0.001886999318,0.005088716978,-0.001375221524,-0.003571403457,-0.006110383648,0.002668399309,0.004002145412,0.00667763115,0.006450903886,0.001847406811,0.004982210938,-0.004210571823,-0.002228890454,0.002089715751,0.00383113223,0.004426950261,0.00489692677,0.006299268601,0.003296284017,-0.001406885222,0.002197552989,0.001941136662,0.001643904175,0.0005672635865,0.0008140482609,0.002838091486,0.001223478736,0.002035673669,-0.0002438431908,0.006072440844,0.006218580891,0.006693642587,0.0001124697832,0.004498959346,-0.003328515391,0.0006992296701,0.003734321418,0.00697723947,0.003138864325,0.002791481542,0.006828008047,0.006534910514,0.0002016619263,-0.0007004110508,-0.0003537596255,-0.002438906189,0.001941136662,0.003427439923,0.0008597696006,0.004764539816,0.0009137761405,0.001163710221,-0.000515389014,0.005999180659,0.005961832691,0.006170784114,0.001190156742,0.004686124983,0.0009905076863,0.005380918641,0.0005199426299,0.002071827261,0.006162460257,0.00610410896,0.002046780757,0.007084134723
2024-06-30,-0.0007765402371,0.001293240141,0.0008502825173,-7.457303963e-05,0.0003233370651,0.0006903968516,0.0002318670679,-0.0005147094269,-0.002358186331,0.0008751862183,-0.0002547789075,0.001067246389,1.943155104e-05,-0.0009193781692,-0.001236344264,-0.001107548356,-0.000130609602,-0.001533346558,0.0008642910064,-0.002485905927,0.0006864286543,-8.690185273e-05,0.001005209112,0.000911850566,0.0008297445926,-0.0001738483262,0.001779128672,0.000611790537,0.001219302425,0.0008674074539,0.0005550811818,-0.002465631707,-0.001514824961,-0.001048144778,-0.0008059515518,-0.001023234906,-0.001077159593,-0.001630964436,-0.0004347802228,-0.0006799911759,-0.001509830282,0.0006243714708,-0.001515340476,-0.001647511392,0.00139690456,0.0006886876386,0.001581463463,-9.733165657e-06,0.0008490696799,-0.0002362686093,-0.000526995101,-0.0004038986081,0.0002567594398,-0.0006316365469,-0.0020929995,0.0002702392562,0.0007446765218,0.001194543515,0.0001812859384,6.622502864e-05,-3.130390885e-05,-0.0001202981553,7.989962294e-05,0.0004248619378,-0.001243371122,-0.001011567646,-0.0007697777282,-0.001161833897,-0.001581441249,-0.001633827765,0.0002138421644,0.0009203440666,0.0009266102065,0.000760155329,0.001447946491,-0.001803674958,0.0005948253328,-0.0008085121388,0.0009224145134,-0.002400406527,-0.001049014716,-0.001175622087,-0.001019021171,-0.001627741782,0.002657616865,0.003900348917,0.0006832297381,-0.001144807773,0.0003967706784,-0.0007617670522,7.421375162e-05,-0.0002561219217,0.0003185590858,0.0004083019486,-0.001948772008,-0.002032267067,-0.002102963159,-0.00151521912,-0.003273015012,0.0006469174173,0.002140439692,0.001591254118,0.00217780133,0.002618103981,-0.0003036525651,-0.0002619100291,0.001988347914,-0.001401854786
2024-07-31,-0.001726346115,-0.006249469998,-0.005738569335,-0.004730609779,-0.001020032378,0.001028460976,-0.002460925148,0.004732881756,-0.002612530443,0.0008035931503,0.003872790277,0.001722083585,-0.001492641096,-0.009491452881,-0.009650427019,-0.002276900257,-0.002581387014,-0.002512419724,-0.004196685284,-0.0006589402845,0.003357748122,0.006333599093,0.003687718363,0.007946981687,0.007961374981,0.00666478033,0.0009187666217,0.00224501975,-0.002635787939,-0.002981738611,-0.01002322039,-0.0001200838525,-0.008485140192,-0.009633559372,-0.009225225651,-0.007978469448,-0.009562305211,-0.001282671116,0.002866050465,0.003781645324,-0.005266676722,-0.002910398201,-0.004729096284,-0.008440491199,-0.0007306410106,0.000841065519,0.006659861467,-0.00349505421,-0.01199091043,-0.004880977684,-0.004405393311,0.000121960958,-0.01009429786,0.002187556196,0.004146838587,0.001860808655,-0.01066235068,-0.01158736909,-0.01035507111,-0.008539710232,0.002319426847,0.004155466383,0.004767673331,-0.001083702917,0.0006605090317,0.0009143299333,0.001664924205,0.001753638248,-0.001018064014,0.003610088722,-0.002061960022,-0.009527044228,-0.009872064082,-0.009396563511,-0.003451904971,-0.004583128034,-0.002059717383,-0.002088182055,-0.01208486707,-0.005046416795,-0.004695115274,0.003896452824,0.002839672848,-0.007243731945,-0.007722296841,-0.005756773332,-0.0005666815242,0.003772453341,-0.004275780047,0.00743084871,0.001881885434,-0.01056664249,-0.002499498267,-0.003105744166,-0.008434571386,-0.009299807792,0.002106898133,-0.003831319139,0.003657293056,-0.01199620557,0.001173745979,-0.008305397763,0.003958839893,0.0002246902047,-0.008633829052,-0.008648877009,-0.01012509722,-0.002423963507
2024-08-31,0.004049489957,0.007508864389,0.006634263391,0.006627994149,-0.0007117849538,-0.002439493523,0.005633045825,-0.002840296636,0.003917075477,9.700034855e-05,-0.002078979426,0.001505618188,-0.002029791662,0.01044567569,0.01077773382,0.003726113234,0.004938678868,0.003408791344,0.002170444187,0.001185769973,-0.002560185576,-0.006938725769,-0.004333064014,-0.009292303481,-0.009451001763,-0.00628682676,0.0009070230642,-0.0002106497276,0.003965421601,0.003136319737,0.01062450001,0.002079052303,0.008196811049,0.01074087812,0.0104668613,0.009553771499,0.010784342,-0.001028771608,-0.00341739306,-0.002653099917,0.002299702146,0.002376162527,0.0040815688,0.009398612338,0.002389358338,-0.009098942565,-0.005476900417,0.005578889051,0.01298320722,0.00584821828,0.004695418285,0.0009888721558,0.01229366789,-0.007365072801,-0.003189204584,-0.003965461008,0.01218619807,0.01313127062,0.01239839497,0.01073512328,0.001574559948,0.0019515424,-0.002148125276,0.001925815821,-0.001569953566,-0.0007733707544,-0.00204398848,-0.001138023988,0.0009539883636,0.001971728029,0.001061169743,0.01051503302,0.009681967024,0.009661430492,0.004947439829,0.002040032838,-0.002116698466,-0.001045667967,0.01305325194,0.00465475592,0.007135909317,0.002490750315,-0.0002362685536,0.009034145158,0.008136477947,0.005472089693,0.00239422538,-0.003356018348,0.005107653233,-0.01032110952,-0.007898882311,0.01201317086,0.003431695444,0.0041535853,-0.01105517743,0.006105126801,0.0006103712545,0.004919134452,-0.004922015027,0.01288821756,-0.0004280082792,0.009382491813,-0.001784839063,0.002051095092,0.010563454,0.01083291037,0.01135245667,0.007057533969
2024-09-30,0.00239332826,0.003818325194,0.003799733459,0.006671663015,0.002307237539,0.0005793032306,0.004264817089,-5.430552011e-05,0.003220467328,0.0005161274423,-0.003615302663,0.0007662098748,0.003381465208,0.0098246817,0.01060853722,0.003795733246,0.003908369976,0.005167075921,0.002074111868,0.004814827741,-0.005001832578,-0.005333158814,-0.004928582125,-0.007778328947,-0.007913959089,0.0008476612528,0.0001976499629,-3.433016182e-05,0.001363964342,0.004508533907,0.006023205802,0.003259478802,0.008872086947,0.01042522188,0.00912967229,0.009511288417,0.009713029043,0.003865573526,-0.002921372505,-0.002419122623,0.005349497296,0.003751974779,0.006530438566,0.01057264091,0.002268867566,-0.005422594486,-0.007187812574,0.005696660795,0.01030797524,0.00456882009,0.003422603423,0.003126484161,0.009747354497,-0.004316879476,-0.003485999064,-0.003498657033,0.007535272434,0.009192296172,0.009725434943,0.008608328878,0.0009146078978,0.0006799105639,-0.0005635590597,-0.002932129622,-0.001476806319,-0.0003849447144,-0.001930610802,-0.001253675286,-0.002349621077,-0.001961061068,0.001348446356,0.006277913561,0.007084033562,0.007756275788,0.001990454285,0.004184280827,0.003695096926,-0.0007126267036,0.01044292676,0.002765172804,0.007464849603,-0.007252063985,-0.00484740818,-5.498281936e-05,0.001777915039,-0.001734109535,-2.133352105e-06,-0.004435282634,0.0006862318763,-0.009073452005,-0.005757995148,0.01038521681,0.002659125185,0.00351324856,0.007840134736,0.004540015591,-0.01085172833,-0.006292237257,0.0005745603017,0.01039825064,3.455063721e-05,0.007512139578,-0.001181064582,0.001837100862,0.009340903378,0.008879342071,0.005947529471,0.007358324715
2024-10-31,-0.002334188307,-0.001103386495,-0.000941363673,-0.0004804217902,-0.002738330368,-0.000344160556,-0.002020898211,0.0002104753474,0.005487385573,-0.0004732360819,0.006221683393,-0.0009834936755,-0.005675666504,-0.0009592874834,-0.001546101753,-0.005508733062,-0.006878538123,-0.005289481582,-0.002240523492,-0.0005147175815,0.00339179597,0.005503144771,0.001789770288,0.002248341309,0.002676827606,-0.003299183279,-0.001274440829,0.002435320659,-0.005564834823,-0.004645807606,0.0002048189661,0.002283487285,-0.003662176519,-0.001483819505,0.001114613342,-0.004028102891,7.116593286e-05,-0.003881630992,-0.0002165992816,-0.0009315266584,-0.009687210302,-0.00535092792,-0.009647011534,-0.005181691647,-0.002553214171,-0.004170778912,-0.001796519409,-0.002874699105,-0.002843111585,0.008531065718,0.007800416089,-0.0008534795443,-0.003677075821,-0.002919232639,0.0006577025737,0.0008948285324,0.001043745741,0.0001630657435,-0.003693169659,0.0003072006092,0.003132816589,-0.005067836114,0.001811067512,0.0006946526662,0.004668266845,0.005218082215,0.005475726304,0.004057664622,-0.001620678905,-0.0001596431717,-0.0004386992777,0.004852601766,0.004277219377,0.003832582795,-0.001550574361,0.002565979806,0.004704186846,0.004178802951,-0.002998721559,0.002469743327,0.001976026622,-0.003137793272,0.00555820544,0.007454288762,0.0007127402711,0.001712553978,-0.0003121057181,0.001075570862,0.0005806651661,-0.0001700428782,-0.000391691021,-0.0009071247422,0.0003853999723,5.822864302e-05,-0.005385259191,0.0008188224447,0.006023682182,0.006294411281,-0.0022966921,-0.002128463265,0.002966016736,0.002946779656,0.004545260892,0.004610139758,-0.0008147753006,-0.0001840036246,-0.001233852786,0.00551882159
2024-11-30,0.0008638454785,-0.00163529997,-0.001487423169,0.004967684451,-0.0007664564311,-0.0003939972787,0.001617365567,-0.0002396795218,0.003018639097,0.004033735509,0.0006040279107,-0.002302744138,0.001528760685,0.005953357567,0.005919948197,-0.001853974158,-0.0007733267025,0.0003105614995,0.0007591045436,0.003015969874,-0.002567696271,-0.0006676320502,-0.003124149363,-0.003211959517,-0.003338986377,0.003237573432,-7.788627672e-05,0.001776759198,-0.001821718745,0.001653432079,0.001586056783,0.003979649906,0.005040488575,0.005809781201,0.004211630218,0.005673560061,0.005744654306,0.003043195164,-0.00146074931,-0.001556669859,0.003222460023,0.000892570261,0.003696513001,0.006108723501,0.0001200707086,0.005053831478,-0.006112437594,0.001627749524,0.004251443547,0.00658451533,0.005650981331,0.004720261526,0.003589681505,-0.003460406716,0.001826716526,0.000888311833,0.0005791582991,0.001301190515,0.00334873231,0.004831195011,0.0005016149483,-0.002453882936,-0.0004615689635,-0.00145140629,0.001791647547,0.001516334241,0.0006551520387,0.00128541946,0.001718904647,0.0001945282125,-3.461877073e-05,0.002571246094,0.002894643046,0.003468924791,-0.0003017439786,0.005670202793,0.005220557877,0.002104540428,0.004188087701,0.00419590252,0.006065797037,0.001317546891,0.0009745224145,-0.0002280491461,-0.001767874087,-0.005316481499,-0.0005856318823,0.0003224831717,-0.0002778537097,0.003562376333,0.001224260435,0.003202112987,-0.0001813343578,1.080646743e-05,0.001075466706,0.005815034569,0.005998746868,0.002570056106,0.001950577118,0.004428661227,-6.151275117e-05,0.003924079625,-0.0006450334738,0.00147581032,0.004879640975,0.004710369757,-0.0007733416601,0.007333179832
2024-12-31,-0.000492640052,-0.002188535134,-0.002354842291,-0.005226768728,-0.001516093233,-0.0007426139364,-0.002725705061,0.001659721318,-0.0002660631045,-0.001499317179,0.004359015086,-0.001193562881,-0.0049671899,-0.00737594662,-0.007887743421,-0.005612419518,-0.006628236767,-0.006304518091,-0.006562996518,-0.00435099206,0.007496727938,0.007325062353,0.004900642756,0.007243697204,0.007313317664,-0.00407380469,-0.0061002595,-0.002848104308,-0.007722873693,-0.005179397354,-0.003664680539,-0.001610086632,-0.007736984498,-0.00775701785,-0.005705185333,-0.007913772273,-0.007064699108,-0.005717888503,0.001715157054,0.0003826802867,-0.007455915994,-0.003859706797,-0.00727727056,-0.009087629833,-0.002262603183,0.001044510608,0.005341950165,-0.005555816006,-0.008661338325,-0.002970966635,-0.001333104504,-0.002638796576,-0.008180244708,0.003412234076,-0.001098336573,-0.002851645384,-0.004853071978,-0.007930551941,-0.008205923497,-0.006891220845,0.004656629509,0.0008643686242,-0.0002561208943,-0.005591150238,0.0008545270782,0.002005400628,0.001190500939,0.001906997313,0.002085044629,0.0009951218067,-0.0007724933317,-0.003131860018,-0.004213847852,-0.003878516647,-0.0004714576591,-0.0003278870401,0.0002422328234,0.002122250873,-0.008661394848,0.001720141571,0.003224576619,-0.001375458435,-0.0002466368266,0.002000220733,-0.00208557774,0.003743445229,0.0001350932421,-0.001146572561,-0.005591150238,0.001334315161,-0.002380884218,-0.008545353955,-0.0001724669608,-0.001151072744,-0.001902121727,-0.002649255366,-0.004435651326,0.0007632052769,-0.002554260735,-0.00857947851,0.0004903311143,-0.005192764904,0.001659924193,-6.206743343e-05,-0.007041702151,-0.006600353721,-0.004881420703,-0.003930688149
2025-01-31,0.001122214089,-0.001089471513,-0.001202920819,-0.001621384782,-0.0001615178613,2.736989394e-05,-0.0003452745468,0.0003525257681,-0.000820228974,0.001752829572,0.002051931875,7.58750017e-06,-0.0002926762122,-0.002436481033,-0.00221476656,-0.002260610633,-0.00224036994,-0.002504333401,-0.001012645163,-0.002780650492,0.0006583755332,0.001674143632,0.000638090508,0.002565227083,0.002073034392,0.0001030697294,6.355103863e-06,0.0002506405204,-0.00128819356,-0.0002288314818,-0.00224307917,0.000360967588,-0.001236734132,-0.002260110263,-0.002400132702,-0.002029297439,-0.002192885506,-8.928048472e-05,0.0006183591597,0.0004300413494,-0.001265124707,-0.0002850306182,-0.00139560909,-0.00211335271,0.0004858489985,0.002023278567,0.0003449794092,-0.0004715351259,-0.003049226756,0.0006536362758,8.940699877e-05,-0.0009474764888,-0.002828555537,-0.003428280883,-0.0005248180637,0.0004709823663,-0.002394372284,-0.002890537571,-0.00267170049,-0.001118292668,0.0006798225776,-0.0004167000171,-0.001495725115,-0.0006759929253,-0.0008495719831,-0.0005608666992,-0.0004605095318,0.0001130117882,-0.000646271014,-0.0005115676108,-0.001090371038,0.000184512651,-1.595281809e-05,-0.001042033805,-0.000843803339,-0.002096389534,-0.0008999046965,-0.0008910072815,-0.003013580849,-0.001120882786,0.00068738585,-0.001774778324,-0.002863540486,-0.002486773282,-0.0007948714594,0.000600501767,-0.0005913479105,-0.0007249456273,-0.001146386516,-3.211400977e-05,0.00107521902,-0.002943378308,0.0003953995759,0.0003164947224,-0.001218959965,-0.002593632192,-0.002958474396,-0.002917473517,0.0001844690688,-0.003043513048,0.003097986161,0.0001090661441,0.002541377027,0.001763944422,-0.001025395951,-0.001190917466,-0.002398030682,-0.0006234143411
2025-02-28,-0.002398337857,-0.003748082645,-0.003563589639,-0.004220736467,-0.0007186723297,-0.0002428784784,-0.001313908148,0.0009932865169,-0.001416521888,-0.0001715180214,0.00101188218,-0.0005030534334,-0.002366847608,-0.00801050483,-0.007827779072,-0.00254083622,-0.003347503315,-0.00428668928,-0.001582146586,-0.003273067514,0.002952304639,0.003478072409,0.003518600308,0.005777402661,0.005170820843,0.005805820076,-0.001385675331,-0.001723891506,-0.001891422141,-0.003261337989,-0.004502112286,-0.0009473967099,-0.005866076326,-0.007987246181,-0.007381220403,-0.006287108678,-0.007897888885,-0.002179457574,0.0005541783992,-0.0001140176877,-0.004294188995,-0.002406511901,-0.004416105199,-0.006894470448,-0.0005178832836,0.005483886633,0.005464503682,-0.003128141643,-0.008823870007,-0.003502988545,-0.003518334445,-0.001897586773,-0.00773475649,0.0001046102412,-0.0002062486008,-0.003452574325,-0.005976506877,-0.006943501226,-0.007785318619,-0.006633276722,0.002922415007,-0.000409418939,-0.001129337387,0.001656428474,0.0003231764123,0.0006853532033,-0.0002494930681,0.000789612969,-0.0001051719985,-0.0001247829429,-0.00116376111,-0.005254275586,-0.005251528643,-0.005973032483,-0.002452402606,-0.003747169169,-0.002132754883,-0.001450486912,-0.008788006595,-0.0005197411242,0.001494725373,0.0003066338021,-0.005839086378,-0.003139727448,-0.002269217845,2.016590654e-05,-0.00201224458,-0.0004699116482,-0.001064372986,0.004811194825,-0.00106602419,-0.007803397114,-0.002163889868,-0.002576811189,-0.0003655439089,-0.004696234471,0.001728184437,-0.006861953626,0.0003761759049,-0.008869951435,0.001704357365,-0.00516818436,0.002989729511,-2.23306485e-05,-0.007287773711,-0.00697021964,-0.005673907233,-0.006152340554
2025-03-31,-0.003408997283,-0.00669094447,-0.006415444023,-0.0058926126,0.0008664987297,0.003628991971,-0.004595728028,0.002728099351,-0.004577891488,-0.0008029608162,0.001786877139,0.001689814832,0.001429412949,-0.01265746725,-0.0132943023,-0.005183043036,-0.00359920235,-0.005522781051,-0.004503441989,-0.007125872845,0.003394466056,0.006416008624,0.005137447992,0.009909250701,0.009033564152,0.004113183739,5.726226468e-05,-0.0002691100248,-0.001571620709,-0.00558402131,-0.008519361488,0.0004101178795,-0.008939206063,-0.01326183525,-0.01321277779,-0.01124553961,-0.01325929378,-0.001088001431,0.003009395993,0.001772368413,-0.00624402792,-0.001886563487,-0.006901964925,-0.0119860377,0.0002989058317,-0.003733413903,0.01138269609,-0.005861808198,-0.01380526667,-0.009591674021,-0.009201328732,-8.471544036e-05,-0.01253730767,0.001614905243,0.001516267825,-0.003655284384,-0.01197699356,-0.01297930217,-0.01252523782,-0.01270949472,0.002605816933,0.004569413991,0.001288048906,-0.004155269705,-0.003043009833,-0.002633517004,-0.0007606393956,-0.0007778415186,0.0007401446661,0.001679506413,-0.0005774072756,-0.01094394607,-0.01148968158,-0.01270318667,-0.002621149953,-0.009983153363,-0.006691693999,-0.002126349545,-0.01366771304,-0.002201315868,0.005017888683,0.005797606227,-0.003135750399,-0.002399724127,-0.007289626779,-0.002004915514,-0.0008065793784,-0.001050970609,-0.005236910903,0.008884897789,-0.001634263387,-0.01279845192,-0.0019362304,-0.002417830295,0.007532337647,-0.006005806389,0.00596034143,-0.007417275214,0.002676486334,-0.01386835524,0.002118036739,-0.009887776646,0.004441614363,-0.00109916692,-0.01280213454,-0.0120317029,-0.01108302019,-0.01270542632
2025-04-30,-0.004803301376,-0.007051148829,-0.00628802107,-0.007863839307,0.001301238523,6.029971682e-05,-0.001940030453,0.0001171926969,-0.008221986627,-0.001039467563,-0.00384880722,0.003415307933,0.004957760122,-0.01383663988,-0.01333987347,0.0001358630467,0.002013805253,-0.001055905116,-0.002579116683,-0.005117950629,0.0002007967653,0.002602361234,0.001020396109,0.006708031434,0.006156455311,0.0005417097523,0.005169040834,0.003958747842,0.005018544209,-0.001739158809,-0.008148225613,-0.004618561205,-0.007088459222,-0.01358075408,-0.01487287727,-0.00890442765,-0.01456736888,0.0001621994503,0.001256430674,0.0006330939141,0.0005324916964,0.0007027024455,-0.0002730507724,-0.009310024733,0.001557025124,0.003004111604,0.01263217815,-0.004532096254,-0.01251291903,-0.01520176594,-0.01469148597,-0.003379679833,-0.01098243228,0.002417974116,0.005155645478,-0.0009239289211,-0.01296500203,-0.01206615019,-0.01113342894,-0.01291745614,0.001941649484,0.002620011519,-0.0006104564412,-0.005269478892,-0.002114495729,-0.0067845683,-0.005073425488,0.000509791447,0.0004442677907,0.001570921736,-0.0006318682787,-0.01408032137,-0.01372573054,-0.01473156232,-0.005929462114,-0.01218063359,-0.01130779008,-0.007403588816,-0.01228192516,-0.0001382593669,0.001505978244,0.007141583924,-0.001219927428,-0.00152941414,-0.005746087022,-0.001531586427,-0.0006868223878,0.005302921285,-0.006117694048,0.01082172213,0.009693788702,-0.01250079489,-0.005619136471,-0.005781741547,0.01302723515,-0.002192038189,0.00789357858,0.0009193685973,0.003685558594,-0.012975878,-0.001135027778,-0.01243672568,0.001079396336,-0.004055491173,-0.01362837073,-0.01225049316,-0.0107701006,-0.01703012889
2025-05-31,0.002080405428,0.002056669081,0.002322955256,0.009855894095,-0.0007310033201,-0.0004499833383,0.002402773199,0.0002879183293,0.0079448417,-0.0008410625686,0.006539116166,-0.0009343484456,-0.001472197994,0.01196143176,0.01235489017,-0.001672926887,-0.003973864495,0.002167442334,0.003774104243,0.004836867067,-0.0006151461261,0.001123776359,0.003128646697,-0.002553583453,-0.002217840053,0.0002271201438,-0.005921682177,-0.004596844418,-0.006499873694,0.0007323085704,0.005707391574,0.004481306292,0.004682846711,0.01268339757,0.01198630655,0.009019545843,0.01324596247,0.001916312055,-0.001748374966,-0.001235114914,-0.001100862883,-0.001954639618,-0.0003249279534,0.008382720313,-0.001467623701,-0.01028865213,-0.01215991633,0.004403950588,0.009194710991,0.01311141764,0.01252593314,0.006182087286,0.01116955601,0.001395196379,0.003097192216,-0.002816277169,0.01008875179,0.01120792153,0.01131276998,0.01146828711,0.001989772398,-0.002210316398,-0.0003157711488,2.375769073e-05,0.00394389102,0.0043381097,0.00476881661,0.001195880693,-0.002955541133,-0.002671982236,0.0008997441618,0.01075193254,0.010967293,0.01162348235,0.002456826715,0.01201697048,0.0116798363,0.005257916558,0.009114128955,0.002018826528,0.005869821795,-0.01009328835,-0.004859897771,0.001462614868,0.000279761558,-0.003374976643,0.002194074176,0.005399804938,0.002974301096,-0.005398855833,-0.006882127106,0.01201601912,0.001104236373,0.001445981018,-0.01065250539,0.001550394003,-0.01152034836,-0.007373359331,0.001856506305,0.009777373086,0.001221736747,0.009723986457,-0.0002322370499,0.003651369372,0.01127836696,0.01115302833,0.006832508144,0.01357190506
2025-06-30,0.003170464624,0.005662760127,0.005073414539,0.007182014511,-0.0007121486474,-0.0009448187039,0.002446876952,0.0001236958967,0.00613805358,-9.450741609e-05,0.002136398828,-0.0003259314098,-0.0009023723182,0.01287934684,0.01333518881,0.001420097366,-0.001220715932,0.003884629259,0.003422418525,0.005643260105,8.699355164e-05,-0.002993875039,-0.002007700288,-0.006418879659,-0.006139766092,-0.00989196031,-0.00696937174,-0.005203973016,-0.006437594345,0.002562451581,0.009520276779,0.0001865899592,0.008017824887,0.01310502311,0.01313830127,0.00923355388,0.0134332507,0.001814736038,-0.003072577591,-0.002036771786,0.003246491188,-6.927041261e-05,0.003250005412,0.01041506546,-0.001633595872,-0.009830092204,-0.01167302249,0.008436669493,0.01255298585,0.01132293067,0.01130876368,0.003305298542,0.0119109502,0.0004488915,0.003571674555,0.005260223557,0.01302445997,0.01326572214,0.01205061826,0.01322637377,0.001279061912,-0.003032745377,-0.003832954139,0.001827466158,0.0020772935,0.002568550488,0.001338334146,-0.003270235761,-0.004594198599,-0.004939317349,0.0006022561622,0.01197738312,0.01207625357,0.01329674156,0.003513128429,0.007154749938,0.007117824309,0.0005309765648,0.01242264023,-0.008058316862,0.004981918127,-0.01385874355,-0.0134354891,-0.008624930965,0.005295568323,0.001484809916,7.930624265e-05,0.004187333883,0.001901683776,0.001825871772,0.00291667868,0.01313649411,0.003065118853,0.004111903284,0.005054396007,-0.009517879321,-0.01349417718,-0.01318387773,-0.002787117165,0.01316746464,0.002012031983,0.01194945863,0.0003648360774,0.005159490298,0.01410879128,0.01277806837,0.009478669348,0.01477553852
2025-07-31,0.00239154517,0.00337435311,0.002855098722,0.005711372561,1.200782958e-05,0.002386505059,0.0005638242272,0.001087378975,,-0.002458638854,0.003049535748,0.0005315961909,-0.003745528025,0.008642466068,0.008406913116,0.0006259053774,-0.0009748081564,0.002168440889,0.002347565611,0.003092270849,0.00377801082,0.001252516469,0.002135069029,-0.001896302708,-0.002658904974,-0.002098830754,-0.004706854132,-0.004241144431,-0.004431733712,-0.002042255985,0.009155046484,-0.0007083699228,0.002571724199,0.008473140531,0.01019069101,0.005228804913,0.009188640928,-0.001700928695,-0.000467621828,0.0005726723652,-0.003004597571,-0.002953134586,-0.003088572155,0.004654896181,-0.001951296078,-0.002049167234,-0.005669089908,0.002616267537,0.006905712166,0.008836669346,0.008541818376,0.002771195883,0.005776360325,-0.001047192519,-0.002505935214,0.002769668675,0.009290126345,0.008726133138,0.005843434921,0.01090262474,-0.0001550662585,-0.004089883398,-0.005596320374,0.005075544559,0.004512595602,0.003818449333,0.004284699486,-0.001365645076,0.001954065968,-0.002679110983,0.0008185017383,0.0110261203,0.0110322922,0.01123612892,0.002818402967,0.00654335601,0.007632331838,0.004980824954,0.006882866887,-2.178170518e-05,0.007442924829,-0.001305723339,-0.006428635168,-0.001216391739,0.00410991393,0.003455727262,-0.0001597223567,-0.0005086715776,0.005075544559,-0.004417842138,0.002190434148,0.007996092491,0.003728161804,0.004123845522,0.003718140521,0.001279958436,0.002750837716,-0.002374970525,-0.002471010278,0.007978031649,0.001559902052,0.008364330047,0.001197367271,0.004967119346,0.01078164501,0.01070861365,0.006535826002,0.01000688452
2025-08-31,-0.000251545373,-0.001356354294,-0.001522015122,-0.003798801958,-0.001277780232,0.001483542028,-0.002450662498,0.0004469285377,,-0.0002200122688,0.002259212106,0.001416462511,-0.002541304313,-0.006238469185,-0.005971646092,0.0007041314775,-0.000300165295,-0.001343632373,0.0007564320368,-0.0005229608854,0.001675271404,0.0005882917436,0.002369088745,0.002833393908,0.002920521262,0.00413467258,-0.001666053213,-0.00227005049,-0.001964839869,-0.003212589802,-0.00419317119,0.003377511252,-0.003550258876,-0.005924995069,-0.00513275821,-0.005046196446,-0.005919640956,-0.00248438513,0.0003845863334,0.0003970641921,-0.003742902955,-0.003327498463,-0.004092471351,-0.005815717058,0.002037639156,0.005694827814,0.004653778228,-0.002254992214,-0.007063776366,-0.001633114996,-0.002227604562,-0.002050957866,-0.006523413159,-0.0019115018,-0.001333038438,0.001941860102,-0.003186759874,-0.004946609511,-0.006641737934,-0.003234915491,-0.00201304312,0.001210392303,-0.001507350492,0.0009222590692,0.0004627740833,0.0003303851084,0.001154149236,-0.0002782101094,-0.000836772695,-0.0006737928696,-0.002020847367,-0.001376932159,-0.001872623227,-0.003370308946,0.0003107686142,0.002054487091,-0.000329283099,0.001367826885,-0.007030532737,0.0003871538605,-0.003484571593,-0.004947209502,0.003963335458,0.004819237232,-0.0003771229453,0.001379072306,-0.001061336326,-0.0009271011979,0.0001932764549,0.002278218163,0.002541835981,-0.006046462564,-0.0007936851231,-0.0009823384757,-0.002228219211,0.001211810421,-0.005621237598,0.004884070222,-0.001524284587,-0.006984775084,0.002693628808,-0.003100041423,0.00353056232,0.00106857233,-0.004051153031,-0.003297946556,-0.00310172894,-0.004885267503
2025-09-30,0.003444565843,0.00550976925,0.005485812599,0.00976043772,0.004513372076,0.0004935841269,0.004806055468,0.002280345999,,0.0005410452959,-0.00418068268,-0.002376146659,0.00236172135,0.01840562171,0.01885637949,-0.00133796083,0.002191130766,0.001742656241,-0.0006872008295,0.002857475716,-0.001291904594,-0.001909621838,-0.002767511031,-0.008416058216,-0.008648001189,-0.002798496508,8.456992534e-05,-0.0004141185065,0.001156936347,0.005691909329,0.01668970323,-0.007084049041,0.01132313387,0.01877300842,0.01750101109,0.01365905478,0.01864095708,0.005012599896,-0.0002287739272,-0.001823117962,0.006470131242,0.00405500202,0.007114656466,0.01599887787,-0.002560615021,0.001982623525,-0.01331797741,0.009756893929,0.0190275456,0.01085704841,0.01225259309,0.006169293291,0.01630057932,0.004612705756,-0.007112959408,-0.007071519285,0.01439198949,0.01666893151,0.01673671345,0.01762359872,0.004007445342,0.006361766497,0.002407223514,0.01150880478,-0.002467199541,0.001655037293,0.001170236903,-0.001959503136,0.001800144049,0.004812251235,0.0026759518,0.01439849591,0.01482010908,0.01697839609,0.001925667465,-0.001313396496,0.00523203118,-0.001660607966,0.01887030917,-0.003686694174,0.001341658215,0.01661602597,-0.0008419632784,-0.01030181441,0.004551526341,-0.0004927369347,-0.001391214115,-0.00988312019,0.01150880478,-0.01649146782,-0.01296072972,0.01760091991,0.004815170698,0.005984973884,-0.004484119411,-0.004513488711,0.0166779202,-0.001315188796,-0.000276325682,0.01949978569,-0.001586933765,0.01374659574,-0.003679629409,0.003517480562,0.01856774063,0.01737535536,0.01013231955,0.01953276736
2025-10-31,0.000896147198,0.0008017643761,0.0006172076831,-0.005192712162,-0.001986876339,0.002037857113,-0.003389900796,-0.0002356764172,,-0.001774169105,0.002420361871,0.001659567103,-0.00447626142,-0.005922625333,-0.005878757282,0.0006864307633,-0.0007087336592,-0.002826198709,-0.0009418231836,-0.001408218399,0.003506465973,0.0006029408757,-0.0001894240228,0.002463328285,0.002811753847,0.004928543983,-0.0006421168312,-0.001201397436,-0.0006799010546,-0.002586112932,-0.002665329791,0.003921911839,-0.003360199215,-0.005615201502,-0.004741688573,-0.005429113432,-0.005530380293,-0.003743608116,-0.002053267442,-0.001237118777,-0.003979632353,-0.002778757075,-0.00450157643,-0.00606268282,-0.0003653457132,0.004655340876,0.004378794297,-0.002697621443,-0.005986717385,-0.002503345785,-0.002231186072,-0.003617748126,-0.005923994738,-0.0003137719712,0.001321649632,0.0003047670455,-0.001906967304,-0.005007023725,-0.005882801014,-0.001530011598,0.003111925062,0.00526473166,0.002527863506,0.003774684063,-0.0005667443028,-0.0001002737028,0.0001655039833,-0.0004146879189,0.002355792739,0.002701189873,-0.001793319455,-0.0006002386204,-0.001489608646,-0.003241567208,0.0004513932768,-0.001108163616,-3.14076532e-05,0.001070676273,-0.005898135486,0.005061539784,0.004439739876,0.005078158339,-0.000182892753,0.004891964643,0.002740350409,0.004548610166,-0.001141254983,0.00165106569,0.001444587526,0.002809969789,0.0002151759893,-0.006491744869,0.0005388687601,0.0001854737558,-0.00490902942,0.003892294296,-0.001516976702,-0.003081072618,-0.004880494403,-0.005923432036,0.001126413372,-0.003482024034,0.001706191484,-0.0004116903107,-0.002461916606,-0.001906734654,-0.000438740876,-0.005364302322
2025-11-30,-0.002202364289,-0.003620076488,-0.00325828825,-0.001893616289,-0.0007789805215,-0.0005504803887,-0.001055597424,-0.0004780385621,,0.001245427085,0.001557693163,0.001767109061,0.0015840081,-0.005939283878,-0.006151981183,-0.001352776125,5.540092797e-05,-0.002864999398,-0.0001862972665,-0.003119160454,-0.0007159379787,0.001439136609,0.0008719222474,0.004053860968,0.004018758994,-5.926488978e-05,-0.0004313196873,0.0003618471205,-0.0008129948326,-0.001731966937,-0.005716079206,0.002664420735,-0.004192176602,-0.006178121287,-0.00644467349,-0.005008227962,-0.006376423972,0.0005082151568,0.0001737244023,-0.0004904382445,-0.003228597735,-0.0007235783277,-0.002244119198,-0.005170281243,0.002635825611,-0.001533479848,0.003287550783,-0.003506379285,-0.006108633297,-0.004155814941,-0.003811312937,-0.0001257908207,-0.005087722222,0.001659428654,0.001578778028,-0.0004852433644,-0.006574869991,-0.006778631704,-0.00504065811,-0.00800170713,0.0001376843271,-0.001909943401,-0.001308674394,-0.002493408551,-0.0002229630777,0.0004804588362,-7.026641658e-05,0.0001739819832,-0.001520026899,-0.001625405358,0.00018691928,-0.00795739809,-0.007994289217,-0.008181417535,-0.00212970261,-0.00403615619,-0.001370270571,5.827676803e-05,-0.00601675417,0.0006468468143,0.004246343357,-0.003738561189,-0.005131507778,-0.0002640341932,-0.006127634626,-0.004469312257,-0.001271093858,0.0003896997089,-0.003203578147,0.001524414578,-0.0004779424228,-0.005762714113,-0.001934895805,-0.002343700537,-0.003018565314,-0.0003216051433,-0.005767975655,-0.005678736595,0.00254274706,-0.006400171504,0.001035637434,-0.003948993337,0.002011085988,-5.549686781e-05,-0.007600799179,-0.007668866015,-0.005331268451,-0.006175126339
